Ref#,Prefix,Property Name,State,County,City,Street & Number,Status,Request Type,Restricted Address,Acreage of Property,Area of Significance,Category of Property,External Link,Level of Significance - International,Level of Significance - National,Level of Significance - State,Level of Significance - Local,Level of Significance - Not Indicated,Listed Date,NHL Designated Date,Other Names,Park Name,Property ID,Address,latitude,longitude,state,LHAT_member
80000681,NA,Lyric Theatre,ALABAMA,Calhoun,Anniston,1302 Noble St.,Listed,Single,FALSE,0.9,ENTERTAINMENT/RECREATION,BUILDING,https://catalog.archives.gov/id/77835877,FALSE,FALSE,TRUE,FALSE,FALSE,5/22/80,NA,Ritz Theatre,NA,80000681,"1302 Noble St., Anniston, ALABAMA",33.661140987492,-85.829895001757,AL,TRUE
79000386,NA,Alabama Theatre,ALABAMA,Jefferson,Birmingham,"1811 3rd Ave., N",Listed,Single,FALSE,0.4,ENTERTAINMENT/RECREATION; ARCHITECTURE,BUILDING,https://catalog.archives.gov/id/77836438,FALSE,FALSE,TRUE,FALSE,FALSE,11/13/79,NA,NA,NA,79000386,"1811 3rd Ave., N, Birmingham, ALABAMA",33.514943999944,-86.809352993411,AL,TRUE
89000315,NA,Downtown Birmingham Retail and Theatre Historic District,ALABAMA,Jefferson,Birmingham,"Roughly bounded by 3rd Ave. North, 20th St. North, Morris Ave., and 17th St. North",Listed,Single,FALSE,39,COMMERCE; ARCHITECTURE; ENTERTAINMENT/RECREATION,district,https://catalog.archives.gov/id/77836464,FALSE,FALSE,FALSE,TRUE,FALSE,5/5/89,NA,See Also:79000386;81000126;85000918;85002718;83002971,NA,89000315,"Roughly bounded by 3rd Ave. North, 20th St. North, Morris Ave., and 17th St. North, Birmingham, ALABAMA",33.511802420724,-86.809519206551,AL,FALSE
98000709,NA,Downtown Birmingham Retail and Theatre Historic District (Boundary Increase),ALABAMA,Jefferson,Birmingham,"1914, 1917, 1919, 1930 4th Ave.,N.",Listed,Single,FALSE,1.5,ARCHITECTURE,DISTRICT,https://catalog.archives.gov/id/77836466,FALSE,FALSE,FALSE,TRUE,FALSE,6/26/98,NA,See Also: Downtown Birmingham Retail and Theatre historic Di,NA,98000709,"1914, 1917, 1919, 1930 4th Ave.,N., Birmingham, ALABAMA",33.51731540799,-86.808038208079,AL,FALSE
73000351,NA,Auburn Players Theater,ALABAMA,Lee,Auburn,College Ave. at Thach St.,Listed,Single,FALSE,0.9,ART; RELIGION; PERFORMING ARTS,BUILDING,https://catalog.archives.gov/id/77836644,FALSE,FALSE,TRUE,FALSE,FALSE,5/22/73,NA,Presbyterian Church,NA,73000351,"College Ave. at Thach St., Auburn, ALABAMA",32.604166610448,-85.48181803221,AL,FALSE
100012405,SG,Princess Theatre,ALABAMA,Morgan,Decatur,112 2nd Avenue NE,Listed,Single,FALSE,1.22,ARCHITECTURE; ETHNIC HERITAGE-BLACK; ENTERTAINMENT/RECREATION,building,NA,FALSE,FALSE,FALSE,TRUE,FALSE,12/18/25,NA,NA,NA,100012405,"112 2nd Avenue NE, Decatur, ALABAMA",34.604601596764,-86.984658989583,AL,FALSE
84000746,NA,Bama Theatre-City Hall Building,ALABAMA,Tuscaloosa,Tuscaloosa,600 Greensboro Ave.,Listed,Single,FALSE,0.9,POLITICS/GOVERNMENT; ARCHITECTURE,BUILDING,https://catalog.archives.gov/id/77837489,FALSE,FALSE,FALSE,TRUE,FALSE,8/30/84,NA,Bama Theatre and Office Building,NA,84000746,"600 Greensboro Ave., Tuscaloosa, ALABAMA",33.208439593766,-87.568168364264,AL,FALSE
82001620,NA,Fourth Avenue Theatre (AHRS Site No. ANC-284),ALASKA,Anchorage,Anchorage,630 W. 4th Ave.,Listed,Single,FALSE,0.3,ART; ENTERTAINMENT/RECREATION; ARCHITECTURE; COMMUNICATIONS,BUILDING,https://catalog.archives.gov/id/75325368,FALSE,TRUE,FALSE,FALSE,FALSE,10/5/82,NA,The Lathrop Building;Lathrop's Showhouse,NA,82001620,"630 W. 4th Ave., Anchorage, ALASKA",61.218266012714,-149.894533040884,AK,FALSE
90000878,NA,Lacey Street Theatre,ALASKA,Fairbanks North Star,Fairbanks,504 Second Ave.,Listed,Single,FALSE,0.9,ENTERTAINMENT/RECREATION; ARCHITECTURE,BUILDING,https://catalog.archives.gov/id/75325450,FALSE,FALSE,FALSE,TRUE,FALSE,6/14/90,NA,AHRS Site No. FAI-207,NA,90000878,"504 Second Ave., Fairbanks, ALASKA",64.84367051853,-147.717877508941,AK,FALSE
76000372,NA,Grand Theatre,ARIZONA,Cochise,Douglas,1139--1149 G. Ave.,Listed,Single,FALSE,0.1,ENTERTAINMENT/RECREATION; ARCHITECTURE,BUILDING,https://catalog.archives.gov/id/75609652,FALSE,FALSE,TRUE,FALSE,FALSE,7/30/76,NA,NA,NA,76000372,"1139--1149 G. Ave., Douglas, ARIZONA",31.346331029826,-109.554163836666,AZ,FALSE
100003323,SG,Celebrity Theatre,ARIZONA,Maricopa,Phoenix,440 N 32nd St.,Listed,Single,FALSE,7,ENGINEERING,building,NA,FALSE,FALSE,FALSE,TRUE,FALSE,1/24/19,NA,HiwayHouse Convention Center; Phoenix Star Theatre,NA,100003323,"440 N 32nd St., Phoenix, ARIZONA",33.454441369257,-112.014761870734,AZ,TRUE
85002067,NA,Orpheum Theater,ARIZONA,Maricopa,Phoenix,209 W. Adams,Listed,Multiple,FALSE,0.9,COMMERCE; PERFORMING ARTS,BUILDING,https://catalog.archives.gov/id/75608603,FALSE,FALSE,FALSE,TRUE,FALSE,9/4/85,NA,37-19,NA,85002067,"209 W. Adams, Phoenix, ARIZONA",33.44924846496,-112.076560838627,AZ,FALSE
03000905,NA,Fox Theatre,ARIZONA,Pima,Tucson,17 W. Congress St.,Listed,Multiple,FALSE,0.8,ARCHITECTURE; COMMUNITY PLANNING AND DEVELOPMENT,BUILDING,https://catalog.archives.gov/id/75608944,FALSE,TRUE,FALSE,FALSE,FALSE,9/12/03,NA,NA,NA,03000905,"17 W. Congress St., Tucson, ARIZONA",32.222122606925,-110.971702835975,AZ,FALSE
03000909,NA,Rialto Theatre,ARIZONA,Pima,Tucson,318 E. Congress St.,Listed,Multiple,FALSE,0.9,COMMUNITY PLANNING AND DEVELOPMENT; ARCHITECTURE,BUILDING,https://catalog.archives.gov/id/75608946,FALSE,FALSE,FALSE,TRUE,FALSE,9/12/03,NA,NA,NA,03000909,"318 E. Congress St., Tucson, ARIZONA",32.221936528674,-110.966426427926,AZ,FALSE
99001067,NA,Paramount Theatre,ARIZONA,Pinal,Casa Grande,420 N. Florence St.,Listed,Single,FALSE,0.9,ENTERTAINMENT/RECREATION,BUILDING,https://catalog.archives.gov/id/75610604,FALSE,FALSE,FALSE,TRUE,FALSE,9/3/99,NA,Casa Grande 1982 Inventory No. CG-150,NA,99001067,"420 N. Florence St., Casa Grande, ARIZONA",32.878259663879,-111.75251156639,AZ,FALSE
78003226,NA,Elks Building and Theater,ARIZONA,Yavapai,Prescott,117 E. Gurley,Listed,Multiple,FALSE,0,ARCHITECTURE,BUILDING,https://catalog.archives.gov/id/75609263,FALSE,FALSE,FALSE,TRUE,FALSE,12/14/78,NA,NA,NA,78003226,"117 E. Gurley, Prescott, ARIZONA",34.541533391244,-112.467842126483,AZ,FALSE
82001636,NA,Gandolfo Theater,ARIZONA,Yuma,Yuma,200 S. 1st Ave.,Listed,Multiple,FALSE,0.9,ENTERTAINMENT/RECREATION,BUILDING,https://catalog.archives.gov/id/75609489,FALSE,TRUE,FALSE,FALSE,FALSE,12/7/82,NA,NA,NA,82001636,"200 S. 1st Ave., Yuma, ARIZONA",32.723983988503,-114.621283977582,AZ,FALSE
05000488,NA,Greek Amphitheatre,ARKANSAS,Columbia,Magnolia,"Jct. East Lane Dr., E. University St. & Crescent Dr.",Listed,Single,FALSE,0.9,ARCHITECTURE; POLITICS/GOVERNMENT; PERFORMING ARTS,STRUCTURE,NA,FALSE,FALSE,FALSE,TRUE,FALSE,6/1/05,NA,CO0250,NA,05000488,"Jct. East Lane Dr., E. University St. & Crescent Dr., Magnolia, ARKANSAS",33.288817115796,-93.23367764003,AR,FALSE
09001246,NA,Malco Theatre,ARKANSAS,Garland,Hot Springs,817 Central Ave.,Listed,Single,FALSE,0.9,ENTERTAINMENT/RECREATION; ARCHITECTURE,BUILDING,NA,FALSE,FALSE,FALSE,TRUE,FALSE,1/21/10,NA,Hot Springs Documentary Film Institute; Site #GA0732,NA,09001246,"817 Central Ave., Hot Springs, ARKANSAS",34.508724903925,-93.054035228237,AR,FALSE
04000507,NA,Community Theatre,ARKANSAS,Jefferson,Pine Bluff,207 w. 2nd Ave.,Listed,Single,FALSE,0.9,ARCHITECTURE,BUILDING,NA,FALSE,FALSE,FALSE,TRUE,FALSE,5/26/04,NA,Breckinridge Building; JE0585,NA,04000507,"207 w. 2nd Ave., Pine Bluff, ARKANSAS",34.228594784731,-92.004664788025,AR,FALSE
95000348,NA,Saenger Theater,ARKANSAS,Jefferson,Pine Bluff,"Jct. of W. Second Ave. and Pine St., SE corner",Listed,Single,FALSE,0.9,ARCHITECTURE,BUILDING,NA,FALSE,FALSE,FALSE,TRUE,FALSE,3/23/95,NA,JE0550,NA,95000348,"Jct. of W. Second Ave. and Pine St., SE corner, Pine Bluff, ARKANSAS",34.228345004017,-92.004380976783,AR,FALSE
03000955,NA,Royal Theatre,ARKANSAS,Saline,Benton,111 S. Market St.,Listed,Single,FALSE,0.9,ARCHITECTURE,BUILDING,NA,FALSE,FALSE,FALSE,TRUE,FALSE,9/27/03,NA,SA0129,NA,03000955,"111 S. Market St., Benton, ARKANSAS",34.563106272632,-92.588518910384,AR,FALSE
99001351,NA,New Theatre,ARKANSAS,Sebastian,Fort Smith,9 N. 10th St.,Listed,Single,FALSE,0.9,ARCHITECTURE,BUILDING,NA,FALSE,FALSE,FALSE,TRUE,FALSE,11/18/99,NA,SB0015,NA,99001351,"9 N. 10th St., Fort Smith, ARKANSAS",35.385285185364,-94.421386744092,AR,FALSE
86001888,NA,Rialto Theatre,ARKANSAS,Union,El Dorado,117 E. Cedar St.,Listed,Single,FALSE,0.9,ARCHITECTURE,BUILDING,NA,FALSE,FALSE,TRUE,FALSE,FALSE,8/21/86,NA,NA,NA,86001888,"117 E. Cedar St., El Dorado, ARKANSAS",33.211076503374,-92.663559190075,AR,FALSE
92001101,NA,"Chi Omega Greek Theatre-University of Arkansas, Fayetteville",ARKANSAS,Washington,Fayetteville,Dickson St.,Listed,Multiple,FALSE,0.9,EDUCATION; ARCHITECTURE,STRUCTURE,NA,FALSE,FALSE,FALSE,TRUE,FALSE,9/4/92,NA,WA0348,NA,92001101,"Dickson St., Fayetteville, ARKANSAS",36.148489488651,-94.141851498857,AR,FALSE
91001265,NA,Beebe Theater,ARKANSAS,White,Beebe,Center St.,Listed,Multiple,FALSE,0.9,ARCHITECTURE,BUILDING,NA,FALSE,FALSE,FALSE,TRUE,FALSE,9/5/91,NA,Resource #WH1357,NA,91001265,"Center St., Beebe, ARKANSAS",35.076949504031,-91.871017747571,AR,FALSE
91001231,NA,Rialto Theater,ARKANSAS,White,Searcy,Jct. of Race and Spring Sts.,Listed,Multiple,FALSE,0.9,ARCHITECTURE,BUILDING,NA,FALSE,FALSE,FALSE,TRUE,FALSE,9/13/91,NA,Resource #WH2018,NA,91001231,"Jct. of Race and Spring Sts., Searcy, ARKANSAS",35.250792980777,-91.737665967894,AR,FALSE
79000468,NA,Fox-Oakland Theater,CALIFORNIA,Alameda,Oakland,1807--1829 Telegraph Ave.,Listed,Single,FALSE,1.2,COMMERCE; ARCHITECTURE; PERFORMING ARTS,BUILDING,https://catalog.archives.gov/id/123858224,FALSE,FALSE,FALSE,TRUE,FALSE,2/2/79,NA,Fox-Oakland Theater &amp; Complex,NA,79000468,"1807--1829 Telegraph Ave., Oakland, CALIFORNIA",37.808071364559,-122.270559278443,CA,FALSE
82004644,NA,Hearst Greek Theatre,CALIFORNIA,Alameda,Berkeley,Oxford St.,Listed,Multiple,FALSE,2,LANDSCAPE ARCHITECTURE; ARCHITECTURE,SITE,https://catalog.archives.gov/id/123857326,FALSE,TRUE,FALSE,FALSE,FALSE,3/25/82,NA,NA,NA,82004644,"Oxford St., Berkeley, CALIFORNIA",37.890338375853,-122.268218967257,CA,FALSE
73000395,NA,Paramount Theatre,CALIFORNIA,Alameda,Oakland,2025 Broadway,Listed,Single,FALSE,0.9,ART; ENTERTAINMENT/RECREATION; ARCHITECTURE,BUILDING,https://catalog.archives.gov/id/123858314,FALSE,TRUE,FALSE,FALSE,FALSE,8/14/73,5/5/77,NA,NA,73000395,"2025 Broadway, Oakland, CALIFORNIA",37.809834916987,-122.268611827059,CA,TRUE
91001383,NA,State Theatre,CALIFORNIA,Butte,Oroville,1489 Myers St.,Listed,Single,FALSE,0.9,COMMUNITY PLANNING AND DEVELOPMENT; ENTERTAINMENT/RECREATION; ARCHITECTURE,BUILDING,https://catalog.archives.gov/id/123858460,FALSE,FALSE,FALSE,TRUE,FALSE,9/13/91,NA,State Theater,NA,91001383,"1489 Myers St., Oroville, CALIFORNIA",39.512596209307,-121.554371082016,CA,TRUE
100000779,MP,Azteca Theater,CALIFORNIA,Fresno,Fresno,836-840 F St.,Listed,Multiple,FALSE,0.9,NA,building,NA,FALSE,FALSE,FALSE,TRUE,FALSE,3/27/17,NA,Teatro Azteca; Azteca Theatre,NA,100000779,"836-840 F St., Fresno, CALIFORNIA",36.729235014286,-119.793188804664,CA,FALSE
78000663,NA,"Pantages, Alexander, Theater",CALIFORNIA,Fresno,Fresno,1400 Fulton St.,Listed,Single,FALSE,0.9,ARCHITECTURE; PERFORMING ARTS,BUILDING,https://catalog.archives.gov/id/123858679,FALSE,FALSE,FALSE,TRUE,FALSE,2/23/78,NA,Warnors Theatre,NA,78000663,"1400 Fulton St., Fresno, CALIFORNIA",36.738408713945,-119.794414406547,CA,FALSE
92001276,NA,Tower Theatre,CALIFORNIA,Fresno,Fresno,1201 N. Wishon Ave.,Listed,Single,FALSE,1.8,ARCHITECTURE,BUILDING,https://catalog.archives.gov/id/123858703,FALSE,FALSE,FALSE,TRUE,FALSE,9/24/92,NA,NA,NA,92001276,"1201 N. Wishon Ave., Fresno, CALIFORNIA",36.758006064574,-119.801288237703,CA,FALSE
09001199,NA,Eureka Theatre,CALIFORNIA,Humboldt,Eureka,612 F. St.,Listed,Single,FALSE,0.9,ENTERTAINMENT/RECREATION; ARCHITECTURE,BUILDING,https://catalog.archives.gov/id/123858742,FALSE,FALSE,FALSE,TRUE,FALSE,1/7/10,NA,NA,NA,09001199,"612 F. St., Eureka, CALIFORNIA",40.800700015761,-124.166200023222,CA,FALSE
09000372,NA,Sweasey Theater-Loew's State Theater,CALIFORNIA,Humboldt,Eureka,412 G St.,Listed,Single,FALSE,0.9,ARCHITECTURE; ENTERTAINMENT/RECREATION,BUILDING,https://catalog.archives.gov/id/123858800,FALSE,FALSE,FALSE,TRUE,FALSE,6/5/09,NA,State Theater; Arkley Center for the Performing Arts,NA,09000372,"412 G St., Eureka, CALIFORNIA",40.802587075533,-124.165329478758,CA,FALSE
96000102,NA,Alexander Theatre,CALIFORNIA,Los Angeles,Glendale,216 N. Brand Blvd.,Listed,Single,FALSE,0.5,ENTERTAINMENT/RECREATION; ARCHITECTURE,BUILDING,https://catalog.archives.gov/id/123858911,FALSE,FALSE,FALSE,TRUE,FALSE,2/16/96,NA,Alex Theatre,NA,96000102,"216 N. Brand Blvd., Glendale, CALIFORNIA",34.148870689864,-118.254122686691,CA,FALSE
79000484,NA,Broadway Theater and Commercial District,CALIFORNIA,Los Angeles,Los Angeles,300--849 S. Broadway,Listed,Single,FALSE,28.1,COMMERCE; ARCHITECTURE,DISTRICT,https://catalog.archives.gov/id/123858983,FALSE,FALSE,TRUE,FALSE,FALSE,5/9/79,NA,NA,NA,79000484,"300--849 S. Broadway, Los Angeles, CALIFORNIA",34.042758980786,-118.256220677056,CA,FALSE
02000330,NA,Broadway Theatre and Commercial District (Boundary Increase),CALIFORNIA,Los Angeles,Los Angeles,"242, 248-260, 249-259, 900-911,908-910, 921-937, 930-947 S. Broadway",Listed,Single,FALSE,0.9,ARCHITECTURE; COMMERCE; ENTERTAINMENT/RECREATION,DISTRICT,https://catalog.archives.gov/id/123858985,FALSE,FALSE,FALSE,TRUE,FALSE,4/12/02,NA,NA,NA,02000330,"242, 248-260, 249-259, 900-911,908-910, 921-937, 930-947 S. Broadway, Los Angeles, CALIFORNIA",34.041428688933,-118.257229606741,CA,FALSE
12001163,NA,Fox Theatre Inglewood,CALIFORNIA,Los Angeles,Inglewood,115 N. Market St.,Listed,Single,FALSE,0.9,ARCHITECTURE,BUILDING,https://catalog.archives.gov/id/123859121,FALSE,FALSE,FALSE,TRUE,FALSE,1/14/13,NA,NA,NA,12001163,"115 N. Market St., Inglewood, CALIFORNIA",33.963322469016,-118.352390694596,CA,FALSE
12000164,NA,Fox Wilshire Theatre,CALIFORNIA,Los Angeles,Beverly Hills,8440 Wilshire Blvd.,Listed,Single,FALSE,0.6,ARCHITECTURE; ENTERTAINMENT/RECREATION,BUILDING,https://catalog.archives.gov/id/123859123,FALSE,FALSE,FALSE,TRUE,FALSE,4/3/12,NA,Wilshire Theatre; Saban Theatre,NA,12000164,"8440 Wilshire Blvd., Beverly Hills, CALIFORNIA",34.064204876341,-118.374935164291,CA,FALSE
82002192,NA,Golden Gate Theater,CALIFORNIA,Los Angeles,Los Angeles,5170-5188 E. Whittier Blvd.,Listed,Single,FALSE,0.8,ENTERTAINMENT/RECREATION; ARCHITECTURE,BUILDING,https://catalog.archives.gov/id/123859156,FALSE,FALSE,FALSE,TRUE,FALSE,2/23/82,NA,Golden Gate Theater/Vega Building,NA,82002192,"5170-5188 E. Whittier Blvd., Los Angeles, CALIFORNIA",34.020251098098,-118.157539022228,CA,FALSE
09000149,NA,Lincoln Theater,CALIFORNIA,Los Angeles,Los Angeles,2300 S. Central Ave.,Listed,Multiple,FALSE,0.9,BLACK,BUILDING,https://catalog.archives.gov/id/123857536,FALSE,FALSE,FALSE,TRUE,FALSE,3/17/09,NA,NA,NA,09000149,"2300 S. Central Ave., Los Angeles, CALIFORNIA",34.020571580166,-118.253870642862,CA,FALSE
78000687,NA,Million Dollar Theater,CALIFORNIA,Los Angeles,Los Angeles,307 S. Broadway,Listed,Single,FALSE,0.9,ENTERTAINMENT/RECREATION; ARCHITECTURE,BUILDING,https://catalog.archives.gov/id/123859321,FALSE,FALSE,TRUE,FALSE,FALSE,7/20/78,NA,Edison Building,NA,78000687,"307 S. Broadway, Los Angeles, CALIFORNIA",34.050866921456,-118.24845945381,CA,FALSE
97001660,NA,Padua Hills Theatre,CALIFORNIA,Los Angeles,Claremont,4467 Via Padova,Listed,Single,FALSE,6.6,PERFORMING ARTS; HISPANIC; ENTERTAINMENT/RECREATION,BUILDING,https://catalog.archives.gov/id/123859380,FALSE,FALSE,FALSE,TRUE,FALSE,1/23/98,NA,NA,NA,97001660,"4467 Via Padova, Claremont, CALIFORNIA",34.150314011681,-117.701329969662,CA,FALSE
82002201,NA,Pomona Fox Theater,CALIFORNIA,Los Angeles,Pomona,102--144 3rd St.,Listed,Single,FALSE,0.5,ENTERTAINMENT/RECREATION; ARCHITECTURE,BUILDING,https://catalog.archives.gov/id/123859426,FALSE,FALSE,FALSE,TRUE,FALSE,2/19/82,NA,Fox,NA,82002201,"102--144 3rd St., Pomona, CALIFORNIA",34.05684836145,-117.750905106467,CA,FALSE
78000700,NA,Rialto Theatre,CALIFORNIA,Los Angeles,South Pasadena,1019--1023 Fair Oaks Ave.,Listed,Single,FALSE,0.3,ART; ENTERTAINMENT/RECREATION; ARCHITECTURE; PERFORMING ARTS,BUILDING,https://catalog.archives.gov/id/123859453,FALSE,FALSE,FALSE,TRUE,FALSE,5/24/78,NA,NA,NA,78000700,"1019--1023 Fair Oaks Ave., South Pasadena, CALIFORNIA",34.114534013958,-118.150513981539,CA,FALSE
98001633,NA,Warner Brothers Theatre,CALIFORNIA,Los Angeles,San Pedro,478 W. 6th St.,Listed,Single,FALSE,0.9,ARCHITECTURE; ENTERTAINMENT/RECREATION,BUILDING,https://catalog.archives.gov/id/123859605,FALSE,FALSE,FALSE,TRUE,FALSE,1/21/99,NA,Warner Bros. San Pedro Theatre; Warner Grand Theater,NA,98001633,"478 W. 6th St., San Pedro, CALIFORNIA",33.738868848299,-118.287423401274,CA,FALSE
09001200,NA,Westlake Theatre,CALIFORNIA,Los Angeles,Los Angeles,634-642 S. Alvarado St.,Listed,Single,FALSE,0.9,ARCHITECTURE,building,https://catalog.archives.gov/id/123859617,FALSE,FALSE,FALSE,TRUE,FALSE,1/7/10,NA,Westlake Theatre Building,NA,09001200,"634-642 S. Alvarado St., Los Angeles, CALIFORNIA",34.058037052889,-118.27553015122,CA,FALSE
14001234,NA,Mount Tamalpais Mountain Theater,CALIFORNIA,Marin,Mill Valley,3801 Panoramic Hwy.,Listed,Multiple,FALSE,5,LANDSCAPE ARCHITECTURE; ENTERTAINMENT/RECREATION; POLITICS/GOVERNMENT,STRUCTURE,NA,FALSE,FALSE,FALSE,TRUE,FALSE,2/2/15,NA,Sydney B. Cushing Amphitheater; Facility Number D3082001,NA,14001234,"3801 Panoramic Hwy., Mill Valley, CALIFORNIA",37.903724260583,-122.603752502521,CA,FALSE
09000248,NA,Merced Theatre,CALIFORNIA,Merced,Merced,301 W. 17th St.,Listed,Single,FALSE,0.5,ARCHITECTURE; ENTERTAINMENT/RECREATION,building,https://catalog.archives.gov/id/123859855,FALSE,FALSE,FALSE,TRUE,FALSE,5/1/09,NA,New Merced Theatre,NA,09000248,"301 W. 17th St., Merced, CALIFORNIA",39.718516902155,-121.828413946377,CA,FALSE
100007227,SG,Strand Theater,CALIFORNIA,Merced,Merced,655-661 West Main St.,Listed,Single,FALSE,0.9,ARCHITECTURE,building,NA,FALSE,FALSE,FALSE,TRUE,FALSE,12/7/21,NA,Mainzer Theater; Mainzer-Strand Theater; Old Strand Theater; Santa Fe Bus Depot (655 West Main Street),NA,100007227,"655-661 West Main St., Merced, CALIFORNIA",37.302724033269,-120.485938685241,CA,FALSE
73000417,NA,Nevada Theatre,CALIFORNIA,Nevada,Nevada City,Broad and Bridge Sts.,Listed,Single,FALSE,0.2,ARCHITECTURE; PERFORMING ARTS,BUILDING,https://catalog.archives.gov/id/123860148,FALSE,FALSE,TRUE,FALSE,FALSE,3/14/73,NA,The Cedar Theatre,NA,73000417,"Broad and Bridge Sts., Nevada City, CALIFORNIA",39.262888794422,-121.019876981629,CA,FALSE
06000948,NA,Fox Fullerton Theatre Complex,CALIFORNIA,Orange,Fullerton,500-512 N. Harbor Blvd.,Listed,Single,FALSE,0.7,ARCHITECTURE; ART,DISTRICT,https://catalog.archives.gov/id/123860214,FALSE,FALSE,FALSE,TRUE,FALSE,10/25/06,NA,Chapman's Alician Court Theatre; Chapman Theatre; Mission Court Theatre; Universial Mission Court Theatre,NA,06000948,"500-512 N. Harbor Blvd., Fullerton, CALIFORNIA",33.874383728893,-117.924020457046,CA,FALSE
100008710,SG,New Lynn Theater,CALIFORNIA,Orange,Laguna Beach,154-162 South Coast Hwy.,Listed,Single,FALSE,0.9,ARCHITECTURE; ENTERTAINMENT/RECREATION,building,NA,FALSE,FALSE,FALSE,TRUE,FALSE,3/10/23,NA,South Coast Theatre; Laguna South Coast Cinemas,NA,100008710,"154-162 South Coast Hwy., Laguna Beach, CALIFORNIA",33.542415980968,-117.784531003695,CA,FALSE
82002224,NA,Walkers Orange County Theater,CALIFORNIA,Orange,Santa Ana,308 N. Main St.,Listed,Single,FALSE,0.2,ENTERTAINMENT/RECREATION; ARCHITECTURE,BUILDING,https://catalog.archives.gov/id/123860366,FALSE,FALSE,FALSE,TRUE,FALSE,2/19/82,NA,Fox West Coast Theater,NA,82002224,"308 N. Main St., Santa Ana, CALIFORNIA",33.747451623784,-117.86779247125,CA,FALSE
86000107,NA,Yost Theater-Ritz Hotel,CALIFORNIA,Orange,Santa Ana,301--307 N. Spurgeon St.,Listed,Single,FALSE,0.4,ENTERTAINMENT/RECREATION; ARCHITECTURE,BUILDING,https://catalog.archives.gov/id/123860376,FALSE,FALSE,FALSE,TRUE,FALSE,1/23/86,NA,Yost Theater--Santa Ana Bath House and Athletic Club,NA,86000107,"301--307 N. Spurgeon St., Santa Ana, CALIFORNIA",33.747394626843,-117.865265914176,CA,FALSE
100012483,SG,Plaza Theatre,CALIFORNIA,Riverside,Palm Springs,128 S. Palm Canyon Drive,Listed,Single,FALSE,0.9,ARCHITECTURE; ENTERTAINMENT/RECREATION,building,NA,FALSE,FALSE,FALSE,TRUE,FALSE,12/31/25,NA,NA,NA,100012483,"128 S. Palm Canyon Drive, Palm Springs, CALIFORNIA",33.822578663855,-116.546151664362,CA,TRUE
82000980,NA,Imperial Theatre,CALIFORNIA,Sacramento,Walnut Grove,Market St.,Listed,Single,FALSE,0.5,ENTERTAINMENT/RECREATION; SOCIAL HISTORY,BUILDING,https://catalog.archives.gov/id/123860610,FALSE,FALSE,FALSE,TRUE,FALSE,10/29/82,NA,Grove Theatre,NA,82000980,"Market St., Walnut Grove, CALIFORNIA",38.242531933681,-121.513251724877,CA,FALSE
09001116,NA,"California Theatre, The",CALIFORNIA,San Bernardino,San Bernardino,562 W. 4th St.,Listed,Single,FALSE,0.5,ENTERTAINMENT/RECREATION,BUILDING,https://catalog.archives.gov/id/123860736,FALSE,FALSE,FALSE,TRUE,FALSE,12/22/09,NA,The California Theatre of the Performing Arts,NA,09001116,"562 W. 4th St., San Bernardino, CALIFORNIA",34.106804306669,-117.295469416909,CA,FALSE
96001177,NA,Balboa Theatre,CALIFORNIA,San Diego,San Diego,868 4th Ave.,Listed,Single,FALSE,0.3,ARCHITECTURE; PERFORMING ARTS; ENTERTAINMENT/RECREATION,BUILDING,https://catalog.archives.gov/id/123860811,FALSE,FALSE,FALSE,TRUE,FALSE,10/24/96,NA,El Teatro Balboa;City Historical Site No. 77,NA,96001177,"868 4th Ave., San Diego, CALIFORNIA",32.71430159114,-117.161376065184,CA,TRUE
75000467,NA,Spreckels Theatre Building,CALIFORNIA,San Diego,San Diego,123 W. Broadway,Listed,Single,FALSE,1.2,ART; ENTERTAINMENT/RECREATION; ARCHITECTURE,BUILDING,https://catalog.archives.gov/id/123860989,FALSE,FALSE,FALSE,TRUE,FALSE,5/28/75,NA,NA,NA,75000467,"123 W. Broadway, San Diego, CALIFORNIA",32.715231144203,-117.163336257061,CA,FALSE
75000472,NA,Geary Theatre,CALIFORNIA,San Francisco,San Francisco,415 Geary St.,Listed,Single,FALSE,0.5,ENTERTAINMENT/RECREATION; ARCHITECTURE,BUILDING,https://catalog.archives.gov/id/123861124,FALSE,FALSE,FALSE,TRUE,FALSE,5/27/75,NA,Columbia Theatre,NA,75000472,"415 Geary St., San Francisco, CALIFORNIA",37.786991841992,-122.410246125613,CA,FALSE
86000729,NA,Market Street Theatre and Loft District,CALIFORNIA,San Francisco,San Francisco,"982--1112 Market, 973--1105 Market, 1 Jones, and 1--35 Taylor Sts.",Listed,Single,FALSE,13.1,COMMERCE; ENTERTAINMENT/RECREATION; ARCHITECTURE,DISTRICT,https://catalog.archives.gov/id/123861202,FALSE,FALSE,FALSE,TRUE,FALSE,4/10/86,NA,NA,NA,86000729,"982--1112 Market, 973--1105 Market, 1 Jones, and 1--35 Taylor Sts., San Francisco, CALIFORNIA",37.782808015022,-122.41071299762,CA,FALSE
01001206,NA,New Mission Theater,CALIFORNIA,San Francisco,San Francisco,2550 Mission St.,Listed,Single,FALSE,0.9,ARCHITECTURE,BUILDING,https://catalog.archives.gov/id/123861222,FALSE,FALSE,FALSE,TRUE,FALSE,11/9/01,NA,Evermax Furniture,NA,01001206,"2550 Mission St., San Francisco, CALIFORNIA",37.756215924284,-122.419000017652,CA,FALSE
79000540,NA,Fox California Theater,CALIFORNIA,San Joaquin,Stockton,242 E. Main St.,Listed,Single,FALSE,0.7,OTHER; ARCHITECTURE,BUILDING,https://catalog.archives.gov/id/123861381,FALSE,FALSE,FALSE,TRUE,FALSE,6/27/79,NA,NA,NA,79000540,"242 E. Main St., Stockton, CALIFORNIA",37.952561293707,-121.287502181384,CA,FALSE
94000431,NA,New Sequoia Theater Building,CALIFORNIA,San Mateo,Redwood City,2211--2235 Broadway,Listed,Single,FALSE,0.6,ARCHITECTURE,BUILDING,https://catalog.archives.gov/id/123861540,FALSE,FALSE,FALSE,TRUE,FALSE,5/5/94,NA,Fox Theater Building,NA,94000431,"2211--2235 Broadway, Redwood City, CALIFORNIA",37.486422594534,-122.229501588794,CA,FALSE
100007474,AD,Royal Theater (Additional Documentation),CALIFORNIA,Santa Barbara,Guadalupe,848 Guadalupe St.,Listed,Add.Doc.,FALSE,0.61,ARCHITECTURE; ENTERTAINMENT/RECREATION; ETHNIC HERITAGE-ASIAN,building,NA,FALSE,FALSE,FALSE,TRUE,FALSE,3/10/22,NA,Royal Theatre; Guadalupe Royal Theatre; Cine Royal,NA,100007474,"848 Guadalupe St., Guadalupe, CALIFORNIA",34.969102737945,-120.573506858467,CA,FALSE
01001459,NA,Cascade Theatre,CALIFORNIA,Shasta,Redding,1731 Market St.,Listed,Single,FALSE,0.3,ARCHITECTURE,BUILDING,https://catalog.archives.gov/id/123861914,FALSE,FALSE,FALSE,TRUE,FALSE,1/17/02,NA,NA,NA,01001459,"1731 Market St., Redding, CALIFORNIA",40.581898354265,-122.389607952158,CA,TRUE
02000372,NA,State Theatre,CALIFORNIA,Tehama,Red Bluff,333 Oak St.,Listed,Single,FALSE,0.9,SOCIAL HISTORY; ENTERTAINMENT/RECREATION,BUILDING,https://catalog.archives.gov/id/123862194,FALSE,FALSE,FALSE,TRUE,FALSE,4/17/02,NA,NA,NA,02000372,"333 Oak St., Red Bluff, CALIFORNIA",40.176022001624,-122.234602254925,CA,TRUE
100012536,SG,Isis Theater,CALIFORNIA,Ventura,Ojai,145 E. Ojai Avenue,Listed,Single,FALSE,0.18,ENTERTAINMENT/RECREATION; COMMUNITY PLANNING AND DEVELOPMENT,building,NA,FALSE,FALSE,FALSE,TRUE,FALSE,1/12/26,NA,Ojai Theater; Glasgow Playhouse; Ojai Playhouse; Ojai Playhouse Theater,NA,100012536,"145 E. Ojai Avenue, Ojai, CALIFORNIA",34.447641072072,-119.246071893371,CA,FALSE
86003523,NA,Ventura Theatre,CALIFORNIA,Ventura,Ventura,26 S. Chestnut,Listed,Single,FALSE,0.7,ENTERTAINMENT/RECREATION; ARCHITECTURE,BUILDING,https://catalog.archives.gov/id/123862374,FALSE,FALSE,FALSE,TRUE,FALSE,12/29/86,NA,NA,NA,86003523,"26 S. Chestnut, Ventura, CALIFORNIA",34.280439496171,-119.29145000842,CA,FALSE
93000575,NA,Egyptian Theater,COLORADO,Delta,Delta,452 Main St.,Listed,Single,FALSE,0.9,ENTERTAINMENT/RECREATION,BUILDING,https://catalog.archives.gov/id/84128857,FALSE,TRUE,FALSE,FALSE,FALSE,7/12/93,NA,5DT431,NA,93000575,"452 Main St., Delta, COLORADO",38.740750122229,-108.070643333751,CO,FALSE
97000018,NA,Bluebird Theater,COLORADO,Denver,Denver,3315--3317 E. Colfax Ave.,Listed,Single,FALSE,0.9,ARCHITECTURE; ENTERTAINMENT/RECREATION,BUILDING,https://catalog.archives.gov/id/84129498,FALSE,FALSE,FALSE,TRUE,FALSE,1/31/97,NA,Blue Bird Theater;Thompson Theater;5DV4519,NA,97000018,"3315--3317 E. Colfax Ave., Denver, COLORADO",39.740328537179,-104.948378701205,CO,FALSE
91001417,NA,Bonfils Memorial Theater,COLORADO,Denver,Denver,1475 Elizabeth St.,Listed,Single,FALSE,0.9,PERFORMING ARTS,BUILDING,https://catalog.archives.gov/id/84129869,FALSE,FALSE,FALSE,TRUE,FALSE,12/27/06,NA,Lowenstein Theater,NA,91001417,"1475 Elizabeth St., Denver, COLORADO",39.739801259417,-104.95636522378,CO,FALSE
78000844,NA,Elitch Theatre,COLORADO,Denver,Denver,W. 38th Ave. and Tennyson St.,Listed,Single,FALSE,0.9,ARCHITECTURE; PERFORMING ARTS,BUILDING,https://catalog.archives.gov/id/84129647,FALSE,TRUE,FALSE,FALSE,FALSE,3/21/78,NA,NA,NA,78000844,"W. 38th Ave. and Tennyson St., Denver, COLORADO",39.769380004038,-105.044056030476,CO,FALSE
95001055,NA,Ogden Theatre,COLORADO,Denver,Denver,935 E. Colfax Ave.,Listed,Single,FALSE,0.9,ENTERTAINMENT/RECREATION; ARCHITECTURE,BUILDING,https://catalog.archives.gov/id/84129828,FALSE,FALSE,FALSE,TRUE,FALSE,8/31/95,NA,5DV2609,NA,95001055,"935 E. Colfax Ave., Denver, COLORADO",39.740143883852,-104.975308582641,CO,FALSE
97001167,NA,Oriental Theater,COLORADO,Denver,Denver,4329-39 W. 44th Ave.,Listed,Single,FALSE,0.9,ARCHITECTURE; ENTERTAINMENT/RECREATION,BUILDING,https://catalog.archives.gov/id/84129826,FALSE,FALSE,FALSE,TRUE,FALSE,9/26/97,NA,5DV5141,NA,97001167,"4329-39 W. 44th Ave., Denver, COLORADO",39.776728376642,-105.043435182908,CO,FALSE
80000893,NA,Paramount Theater,COLORADO,Denver,Denver,519 16th St.,Listed,Single,FALSE,0.9,ART; ARCHITECTURE,BUILDING,https://catalog.archives.gov/id/84125765,FALSE,FALSE,FALSE,TRUE,FALSE,11/21/80,NA,NA,NA,80000893,"519 16th St., Denver, COLORADO",39.744238317825,-104.990718376353,CO,FALSE
93000378,NA,Colorado Amphitheater,COLORADO,Jefferson,Golden,15001 Denver W. Pkwy.,Listed,Multiple,FALSE,0,SOCIAL HISTORY; ARCHITECTURE,STRUCTURE,https://catalog.archives.gov/id/84126679,FALSE,FALSE,FALSE,TRUE,FALSE,5/20/93,NA,Structure #41,NA,93000378,"15001 Denver W. Pkwy., Golden, COLORADO",39.740241293953,-105.180616626816,CO,FALSE
05000602,NA,Moraine Park Museum and Amphitheater,COLORADO,Larimer,Estes Park,Rocky Mountain National Park,Listed,Multiple,FALSE,17.7,POLITICS/GOVERNMENT; LANDSCAPE ARCHITECTURE; ENTERTAINMENT/RECREATION,DISTRICT,https://catalog.archives.gov/id/84126967,FALSE,FALSE,FALSE,TRUE,FALSE,6/15/05,NA,Moraine Lodge; Moraine Lodge Museum; Moraine Park Visitor Center; 5LR477,Rocky Mountain,05000602,"Rocky Mountain National Park, Estes Park, COLORADO",40.36639,-105.560389,CO,FALSE
84000862,NA,Park Theatre,COLORADO,Larimer,Estes Park,130 Moraine Ave.,Listed,Single,FALSE,0.3,ENTERTAINMENT/RECREATION; ARCHITECTURE,BUILDING,https://catalog.archives.gov/id/84131428,FALSE,FALSE,FALSE,TRUE,FALSE,6/14/84,NA,NA,NA,84000862,"130 Moraine Ave., Estes Park, COLORADO",40.375482673,-105.523332332039,CO,FALSE
87002213,NA,Rialto Theater,COLORADO,Larimer,Loveland,228--230 E. Fourth Ave.,Listed,Single,FALSE,0.2,ENTERTAINMENT/RECREATION; ARCHITECTURE,BUILDING,https://catalog.archives.gov/id/84131426,FALSE,FALSE,FALSE,TRUE,FALSE,2/17/88,NA,NA,NA,87002213,"228--230 E. Fourth Ave., Loveland, COLORADO",40.39540271248,-105.0741131835,CO,TRUE
95000794,AD,Perry-Mansfield School of Theatre and Dance,COLORADO,Routt,Steamboat Springs,40755 Routt Co. Rd. 36,Listed,Add.Doc.,FALSE,73.1,PERFORMING ARTS; EDUCATION; ENTERTAINMENT/RECREATION; SOCIAL HISTORY,district,https://catalog.archives.gov/id/84132759,FALSE,TRUE,FALSE,FALSE,FALSE,7/14/95,NA,Perry--Mansfield;Perry--Mansfield Camp;Perry--Mansfield Perf,NA,95000794,"40755 Routt Co. Rd. 36, Steamboat Springs, COLORADO",40.51021447429,-106.828711240938,CO,FALSE
13000577,NA,Cliff Theater,COLORADO,Yuma,Wray,420 Main St.,Listed,Single,FALSE,0.9,ENTERTAINMENT/RECREATION,BUILDING,NA,FALSE,FALSE,FALSE,TRUE,FALSE,8/6/13,NA,Cliff Cultural Community Center; 5YM.290,NA,13000577,"420 Main St., Wray, COLORADO",40.077362391202,-102.221703772536,CO,FALSE
79002626,NA,Palace and Majestic Theaters,CONNECTICUT,Fairfield,Bridgeport,1315-1357 Main St.,Listed,Single,FALSE,1.3,ENTERTAINMENT/RECREATION; ARCHITECTURE,BUILDING,https://catalog.archives.gov/id/132354005,FALSE,FALSE,FALSE,TRUE,FALSE,12/14/79,NA,NA,NA,79002626,"1315-1357 Main St., Bridgeport, CONNECTICUT",41.182371611326,-73.19120558593,CT,FALSE
84001098,NA,Warner Theatre,CONNECTICUT,Litchfield,Torrington,68-82 Main St.,Listed,Single,FALSE,2.5,ENTERTAINMENT/RECREATION; ARCHITECTURE; PERFORMING ARTS,BUILDING,https://catalog.archives.gov/id/132354977,FALSE,FALSE,TRUE,FALSE,FALSE,2/16/84,NA,NA,NA,84001098,"68-82 Main St., Torrington, CONNECTICUT",41.801915039216,-73.120804723874,CT,FALSE
07000558,NA,Old Saybrook Town Hall and Theater,CONNECTICUT,Middlesex,Old Saybrook,300 Main St.,Listed,Single,FALSE,1,ARCHITECTURE,BUILDING,https://catalog.archives.gov/id/132355128,FALSE,FALSE,TRUE,FALSE,FALSE,6/21/07,NA,The Katharine Hepburn Cultural Arts Center and Theatre,NA,07000558,"300 Main St., Old Saybrook, CONNECTICUT",41.290439447058,-72.375509446662,CT,FALSE
84001134,NA,Lincoln Theatre,CONNECTICUT,New Haven,New Haven,1 Lincoln St.,Listed,Single,FALSE,0.9,ARCHITECTURE; PERFORMING ARTS,BUILDING,https://catalog.archives.gov/id/132355407,FALSE,FALSE,TRUE,FALSE,FALSE,3/1/84,NA,Little Theatre on Lincoln Street,NA,84001134,"1 Lincoln St., New Haven, CONNECTICUT",41.311882450856,-72.920566253793,CT,FALSE
83001284,NA,Palace Theater,CONNECTICUT,New Haven,Waterbury,86-110 E. Main St.,Listed,Single,FALSE,1.5,ARCHITECTURE; PERFORMING ARTS,BUILDING,https://catalog.archives.gov/id/132355476,FALSE,FALSE,TRUE,FALSE,FALSE,6/30/83,NA,NA,NA,83001284,"86-110 E. Main St., Waterbury, CONNECTICUT",41.555110277401,-73.038953930623,CT,FALSE
72000294,NA,Masonic Hall and Grand Theater,DELAWARE,New Castle,Wilmington,818 N. Market St.,Listed,Single,FALSE,0.5,ENTERTAINMENT/RECREATION; ARCHITECTURE,BUILDING,https://catalog.archives.gov/id/75324472,FALSE,FALSE,FALSE,TRUE,FALSE,12/11/72,NA,Masonic Temple and Grand Opera House,NA,72000294,"818 N. Market St., Wilmington, DELAWARE",39.743743659809,-75.548487443267,DE,FALSE
83001405,NA,State Theater,DELAWARE,New Castle,Newark,39 E. Main St.,Listed,Multiple,FALSE,0.4,ENTERTAINMENT/RECREATION; ARCHITECTURE,BUILDING,https://catalog.archives.gov/id/75323738,FALSE,TRUE,FALSE,FALSE,FALSE,2/24/83,NA,NA,NA,83001405,"39 E. Main St., Newark, DELAWARE",39.664460170363,-75.657391936978,DE,FALSE
100002912,SG,Ball Theatre,DELAWARE,Sussex,Millsboro,214 Main St.,Listed,Single,FALSE,0.25,SOCIAL HISTORY; ENTERTAINMENT/RECREATION,building,NA,FALSE,FALSE,FALSE,TRUE,FALSE,9/13/18,NA,Millstone Theatre; S12983,NA,100002912,"214 Main St., Millsboro, DELAWARE",38.591016642093,-75.291293270556,DE,FALSE
10000909,NA,Atlas Theater and Shops,DISTRICT OF COLUMBIA,District of Columbia,"Washington, DC","1313-33 H Street, NE",Listed,Single,FALSE,0.6,ARCHITECTURE; ENTERTAINMENT/RECREATION; COMMERCE,BUILDING,https://catalog.archives.gov/id/117691953,FALSE,FALSE,FALSE,TRUE,FALSE,11/10/10,NA,NA,NA,10000909,"1313-33 H Street, NE, Washington, DC, DISTRICT OF COLUMBIA",38.900147422037,-76.987890556357,NA,FALSE
78003053,NA,Chase's Theater and Riggs Building,DISTRICT OF COLUMBIA,District of Columbia,Washington,1426 G St. NW. and 615--627 15th St. NW.,Listed,Single,FALSE,0.5,ARCHITECTURE; PERFORMING ARTS,BUILDING,https://catalog.archives.gov/id/117692019,FALSE,FALSE,TRUE,FALSE,FALSE,9/7/78,NA,Keith's Theater and Albee Building,NA,78003053,"1426 G St. NW. and 615--627 15th St. NW., Washington, DISTRICT OF COLUMBIA",38.898308192798,-77.03363990273,NA,FALSE
96000734,NA,Chevy Chase Theater,DISTRICT OF COLUMBIA,District of Columbia,Washington,5612 Connecticut Ave.,Listed,Single,FALSE,0.9,ARCHITECTURE; ENTERTAINMENT/RECREATION,BUILDING,https://catalog.archives.gov/id/117692029,FALSE,FALSE,TRUE,FALSE,FALSE,7/18/96,NA,Avalon Theater,NA,96000734,"5612 Connecticut Ave., Washington, DISTRICT OF COLUMBIA",38.965284544493,-77.076298257837,NA,FALSE
66000034,NA,Ford's Theatre National Historic Site,DISTRICT OF COLUMBIA,District of Columbia,Washington,"10th St., NW., between E and F Sts.",Listed,Single,FALSE,0.9,POLITICS/GOVERNMENT; PERFORMING ARTS,BUILDING,https://catalog.archives.gov/id/117692142,FALSE,TRUE,FALSE,FALSE,FALSE,10/15/66,NA,Ford's Theatre and the Petersen House where Lincoln Died,Ford's Theatre,66000034,"10th St., NW., between E and F Sts., Washington, DISTRICT OF COLUMBIA",38.896745240268,-77.026005581499,NA,FALSE
74002162,NA,Howard Theatre,DISTRICT OF COLUMBIA,District of Columbia,Washington,"620 T St., NW.",Listed,Single,FALSE,0.3,PERFORMING ARTS,BUILDING,https://catalog.archives.gov/id/117692227,FALSE,TRUE,FALSE,TRUE,FALSE,2/15/74,NA,NA,NA,74002162,"620 T St., NW., Washington, DISTRICT OF COLUMBIA",38.915287791246,-77.02109797719,NA,FALSE
93001129,NA,Lincoln Theatre,DISTRICT OF COLUMBIA,District of Columbia,Washington,1215 U St. NW,Listed,Single,FALSE,0.9,ENTERTAINMENT/RECREATION; BLACK; ARCHITECTURE,BUILDING,https://catalog.archives.gov/id/117692273,FALSE,FALSE,TRUE,FALSE,FALSE,10/27/93,NA,NA,NA,93001129,"1215 U St. NW, Washington, DISTRICT OF COLUMBIA",38.917405059988,-77.028988365563,NA,FALSE
07000592,NA,Newton Theater,DISTRICT OF COLUMBIA,District of Columbia,Washington,3601-3611 12th St. NE,Listed,Single,FALSE,0.4,ARCHITECTURE; ENTERTAINMENT/RECREATION,BUILDING,https://catalog.archives.gov/id/117692373,FALSE,FALSE,FALSE,TRUE,FALSE,6/27/07,NA,NA,NA,07000592,"3601-3611 12th St. NE, Washington, DISTRICT OF COLUMBIA",38.933820723991,-76.990833942308,NA,FALSE
04000117,NA,Plymouth Theater,DISTRICT OF COLUMBIA,District of Columbia,Washington,"1365 H St., NE",Listed,Single,FALSE,0.9,ARCHITECTURE; TRANSPORTATION; BLACK; ENTERTAINMENT/RECREATION,BUILDING,https://catalog.archives.gov/id/117692419,FALSE,FALSE,TRUE,FALSE,FALSE,3/3/04,NA,Mott Motors; H Street Playhouse,NA,04000117,"1365 H St., NE, Washington, DISTRICT OF COLUMBIA",38.899942580098,-76.986170921934,NA,FALSE
86003071,NA,Southern Aid Society-Dunbar Theater Building,DISTRICT OF COLUMBIA,District of Columbia,Washington,1901--1903 Seventh St. NW,Listed,Single,FALSE,0.1,COMMERCE; ENTERTAINMENT/RECREATION; BLACK; ARCHITECTURE; SOCIAL HISTORY,BUILDING,https://catalog.archives.gov/id/117692482,FALSE,FALSE,TRUE,FALSE,FALSE,11/6/86,NA,NA,NA,86003071,"1901--1903 Seventh St. NW, Washington, DISTRICT OF COLUMBIA",38.915781527253,-77.021733996003,NA,FALSE
08001093,NA,Strand Theater,DISTRICT OF COLUMBIA,District of Columbia,"Washington, DC.",5129-5131 Nannie Helen Burroughs Ave. NE.,Listed,Single,FALSE,0.9,SOCIAL HISTORY; BLACK; ENTERTAINMENT/RECREATION,BUILDING,https://catalog.archives.gov/id/117692510,FALSE,FALSE,FALSE,TRUE,FALSE,11/25/08,NA,Deanwood,NA,08001093,"5129-5131 Nannie Helen Burroughs Ave. NE., Washington, DC., DISTRICT OF COLUMBIA",38.898088628844,-76.926034873783,NA,FALSE
85000716,NA,Tivoli Theater,DISTRICT OF COLUMBIA,District of Columbia,Washington,3301-3325 14th St. NW,Listed,Single,FALSE,0.6,ENTERTAINMENT/RECREATION; ARCHITECTURE; PERFORMING ARTS,BUILDING,https://catalog.archives.gov/id/117692540,FALSE,FALSE,TRUE,FALSE,FALSE,4/10/85,NA,NA,NA,85000716,"3301-3325 14th St. NW, Washington, DISTRICT OF COLUMBIA",38.930869581611,-77.032441206757,NA,FALSE
100008461,SG,Uptown Theatre,DISTRICT OF COLUMBIA,District of Columbia,Washington,3426 Connecticut Ave. NW,Listed,Single,FALSE,0.34,ARCHITECTURE; ENTERTAINMENT/RECREATION,building,NA,FALSE,FALSE,FALSE,TRUE,FALSE,12/15/22,NA,Cineplex-Odeon Uptown; AMC-Loews Uptown,NA,100008461,"3426 Connecticut Ave. NW, Washington, DISTRICT OF COLUMBIA",38.934891889307,-77.058586290599,NA,FALSE
91001541,NA,Aladdin Theater,FLORIDA,Brevard,Cocoa,300 Brevard Ave.,Listed,Single,FALSE,0.9,ENTERTAINMENT/RECREATION; ARCHITECTURE; SOCIAL HISTORY; PERFORMING ARTS,BUILDING,https://catalog.archives.gov/id/77842103,FALSE,FALSE,FALSE,TRUE,FALSE,10/17/91,NA,Cocoa Village Playhouse;8BR282,NA,91001541,"300 Brevard Ave., Cocoa, FLORIDA",28.355307513082,-80.725985514338,FL,FALSE
82001034,NA,Florida Theater,FLORIDA,Duval,Jacksonville,128-134 E. Forsyth St.,Listed,Single,FALSE,0.9,COMMERCE; ENTERTAINMENT/RECREATION,BUILDING,https://catalog.archives.gov/id/77842331,FALSE,FALSE,FALSE,TRUE,FALSE,11/4/82,NA,NA,NA,82001034,"128-134 E. Forsyth St., Jacksonville, FLORIDA",30.326620792191,-81.656090692457,FL,FALSE
91000895,NA,Little Theatre,FLORIDA,Duval,Jacksonville,2032 San Marco Blvd.,Listed,Single,FALSE,0.9,ENTERTAINMENT/RECREATION; ARCHITECTURE,BUILDING,https://catalog.archives.gov/id/77842343,FALSE,FALSE,FALSE,TRUE,FALSE,7/12/91,NA,Theatre Jacksonville;8Du5809,NA,91000895,"2032 San Marco Blvd., Jacksonville, FLORIDA",30.303526637286,-81.653318880896,FL,FALSE
76000596,NA,Saenger Theatre,FLORIDA,Escambia,Pensacola,118 S. Palafox St.,Listed,Single,FALSE,0.9,ARCHITECTURE; PERFORMING ARTS,BUILDING,https://catalog.archives.gov/id/77842399,FALSE,FALSE,FALSE,TRUE,FALSE,7/19/76,NA,NA,NA,76000596,"118 S. Palafox St., Pensacola, FLORIDA",30.411175640727,-87.214954001134,FL,FALSE
03000508,AD,Port Theatre (Additional Documentation),FLORIDA,Gulf,Port St. Joe,314 Reid Ave.,Listed,Add.Doc.,FALSE,0.9,ENTERTAINMENT/RECREATION,BUILDING,https://catalog.archives.gov/id/77842495,FALSE,FALSE,FALSE,TRUE,FALSE,6/5/03,NA,FMSF #GU135,NA,03000508,"314 Reid Ave., Port St. Joe, FLORIDA",29.813401428896,-85.30342481346,FL,FALSE
98001202,NA,Dixie Crystal Theatre,FLORIDA,Hendry,Clewiston,100 E. Sugarland Hwy.,Listed,Single,FALSE,0.9,ARCHITECTURE; ENTERTAINMENT/RECREATION,BUILDING,https://catalog.archives.gov/id/77842518,FALSE,FALSE,FALSE,TRUE,FALSE,9/25/98,NA,Clewiston Theater,NA,98001202,"100 E. Sugarland Hwy., Clewiston, FLORIDA",26.753946420156,-80.933939693931,FL,FALSE
78000945,NA,Tampa Theater and Office Building,FLORIDA,Hillsborough,Tampa,711 Franklin St.,Listed,Single,FALSE,0.9,ARCHITECTURE; PERFORMING ARTS,BUILDING,https://catalog.archives.gov/id/77842631,FALSE,FALSE,FALSE,TRUE,FALSE,1/3/78,NA,NA,NA,78000945,"711 Franklin St., Tampa, FLORIDA",27.950421188935,-82.458773005036,FL,FALSE
92000421,NA,Vero Theatre,FLORIDA,Indian River,Vero Beach,2036 14th Ave.,Listed,Single,FALSE,0.9,COMMERCE; ENTERTAINMENT/RECREATION; ARCHITECTURE,BUILDING,https://catalog.archives.gov/id/77842689,FALSE,FALSE,FALSE,TRUE,FALSE,4/28/92,NA,Florida Theatre;Theatre Plaza;8IR621,NA,92000421,"2036 14th Ave., Vero Beach, FLORIDA",27.639097230341,-80.399058852531,FL,FALSE
93001204,NA,Lyric Theatre,FLORIDA,Martin,Stuart,59 SW. Flagler Ave.,Listed,Single,FALSE,0.9,ARCHITECTURE; ENTERTAINMENT/RECREATION,BUILDING,https://catalog.archives.gov/id/77843120,FALSE,FALSE,FALSE,TRUE,FALSE,11/12/93,NA,Site #8MT00086,NA,93001204,"59 SW. Flagler Ave., Stuart, FLORIDA",27.199383008852,-80.254372619211,FL,FALSE
16000359,NA,Ace Theatre,FLORIDA,Miami-Dade,Miami,3664 Grand Ave.,Listed,Single,FALSE,0.9,ENTERTAINMENT/RECREATION; SOCIAL HISTORY; BLACK,building,NA,FALSE,FALSE,FALSE,TRUE,FALSE,6/13/16,NA,Florida Master Site File #DA14112,NA,16000359,"3664 Grand Ave., Miami, FLORIDA",25.72742601192,-80.252831271036,FL,FALSE
88002965,NA,Lyric Theater,FLORIDA,Miami-Dade,Miami,819 N.W. 2nd Ave.,Listed,Multiple,FALSE,0.9,ARCHITECTURE; SOCIAL HISTORY,BUILDING,https://catalog.archives.gov/id/77841507,FALSE,FALSE,TRUE,FALSE,FALSE,1/4/89,NA,NA,NA,88002965,"819 N.W. 2nd Ave., Miami, FLORIDA",25.782089515488,-80.197766944858,FL,FALSE
84000839,NA,Olympia Theater and Office Building,FLORIDA,Miami-Dade,Miami,174 E. Flager St.,Listed,Single,FALSE,0.9,COMMERCE; ARCHITECTURE; PERFORMING ARTS,BUILDING,https://catalog.archives.gov/id/77843177,FALSE,FALSE,TRUE,FALSE,FALSE,3/8/84,NA,Maurice Gusman Cultural Center,NA,84000839,"174 E. Flager St., Miami, FLORIDA",25.773916782706,-80.190499164253,FL,FALSE
98000863,NA,"Russell, Annie, Theatre",FLORIDA,Orange,Winter Park,1000 Holt Ave.,Listed,Single,FALSE,0.9,ARCHITECTURE; EDUCATION; PERFORMING ARTS,BUILDING,https://catalog.archives.gov/id/77843433,FALSE,FALSE,FALSE,TRUE,FALSE,7/15/98,NA,8OR8148,NA,98000863,"1000 Holt Ave., Winter Park, FLORIDA",28.593449997061,-81.348880027118,FL,FALSE
73000599,NA,Paramount Theatre Building,FLORIDA,Palm Beach,Palm Beach,145 N. County Rd.,Listed,Single,FALSE,1.3,ARCHITECTURE; PERFORMING ARTS,BUILDING,https://catalog.archives.gov/id/77843555,FALSE,FALSE,FALSE,TRUE,FALSE,12/12/73,NA,NA,NA,73000599,"145 N. County Rd., Palm Beach, FLORIDA",26.719998497428,-80.037842760273,FL,FALSE
93000446,NA,Polk Theatre and Office Building,FLORIDA,Polk,Lakeland,121 S. Florida Ave.,Listed,Single,FALSE,0.9,COMMUNITY PLANNING AND DEVELOPMENT; ENTERTAINMENT/RECREATION; ARCHITECTURE,BUILDING,https://catalog.archives.gov/id/77843822,FALSE,FALSE,TRUE,FALSE,FALSE,5/27/93,NA,Polk Theatre;8PO396,NA,93000446,"121 S. Florida Ave., Lakeland, FLORIDA",28.043322809061,-81.957395133543,FL,FALSE
84003835,NA,Edwards Theatre,FLORIDA,Sarasota,Sarasota,57 N. Pineapple Ave.,Listed,Multiple,FALSE,0.9,ARCHITECTURE; PERFORMING ARTS,BUILDING,https://catalog.archives.gov/id/77841731,FALSE,FALSE,FALSE,TRUE,FALSE,3/22/84,NA,Sarasota Theater of the Arts,NA,84003835,"57 N. Pineapple Ave., Sarasota, FLORIDA",27.336957864922,-82.543449612609,FL,FALSE
00001130,NA,Ritz Theater,FLORIDA,Seminole,Sanford,201 S. Magnolia Ave.,Listed,Single,FALSE,0.9,ENTERTAINMENT/RECREATION,BUILDING,https://catalog.archives.gov/id/77844010,FALSE,FALSE,FALSE,TRUE,FALSE,1/29/01,NA,Milane Theatre; Helen Stairs Theatre,NA,00001130,"201 S. Magnolia Ave., Sanford, FLORIDA",28.81065859404,-81.266769897783007,FL,FALSE
01001339,NA,Sunrise Theatre,FLORIDA,St. Lucie,Fort Pierce,117 S. 2nd St.,Listed,Single,FALSE,0.9,ARCHITECTURE; ENTERTAINMENT/RECREATION,BUILDING,https://catalog.archives.gov/id/77844106,FALSE,FALSE,FALSE,TRUE,FALSE,12/7/01,NA,Sunrise Building; SL00799,NA,01001339,"117 S. 2nd St., Fort Pierce, FLORIDA",27.447000731457,-80.323935374768,FL,FALSE
84000893,NA,Grand Theater,GEORGIA,Bartow,Cartersville,2 Wall St.,Listed,Single,FALSE,0.9,COMMERCE; ARCHITECTURE; PERFORMING ARTS,BUILDING,https://catalog.archives.gov/id/93206948,FALSE,FALSE,FALSE,TRUE,FALSE,6/28/84,NA,NA,NA,84000893,"2 Wall St., Cartersville, GEORGIA",34.166168507266,-84.795089794693,GA,FALSE
06000733,NA,Albany Theatre,GEORGIA,Dougherty,Albany,107 N. Jackson St.,Listed,Single,FALSE,0.9,ARCHITECTURE; COMMERCE; ENTERTAINMENT/RECREATION; BLACK; SOCIAL HISTORY,BUILDING,https://catalog.archives.gov/id/93207850,FALSE,FALSE,FALSE,TRUE,FALSE,8/21/06,NA,NA,NA,06000733,"107 N. Jackson St., Albany, GEORGIA",31.577293365997,-84.153858192337,GA,FALSE
74002230,NA,Fox Theatre,GEORGIA,Fulton,Atlanta,600 Peachtree St.,Listed,Single,FALSE,2,ARCHITECTURE; PERFORMING ARTS,BUILDING,https://catalog.archives.gov/id/93208180,FALSE,TRUE,FALSE,FALSE,FALSE,5/17/74,5/11/76,See Also:Fox Theatre Historic District,NA,74002230,"600 Peachtree St., Atlanta, GEORGIA",33.928638991867,-84.23987697076,GA,TRUE
78003178,NA,Fox Theatre Historic District,GEORGIA,Fulton,Atlanta,Peachtree St. and Ponce de Leon Ave.,Listed,Single,FALSE,3,COMMERCE; ARCHITECTURE,DISTRICT,https://catalog.archives.gov/id/93208182,FALSE,FALSE,FALSE,TRUE,FALSE,10/7/78,NA,NA,NA,78003178,"Peachtree St. and Ponce de Leon Ave., Atlanta, GEORGIA",33.772231379418,-84.384913232357,GA,FALSE
02000080,NA,Holly Theatre,GEORGIA,Lumpkin,Dahlonega,69 W. Main St.,Listed,Single,FALSE,0.1,ARCHITECTURE; ENTERTAINMENT/RECREATION; SOCIAL HISTORY; BLACK,BUILDING,https://catalog.archives.gov/id/93208865,FALSE,FALSE,FALSE,TRUE,FALSE,2/21/02,NA,NA,NA,02000080,"69 W. Main St., Dahlonega, GEORGIA",34.531564919526,-83.985914859914,GA,FALSE
84001208,NA,Liberty Theater,GEORGIA,Muscogee,Columbus,821 8th Ave.,Listed,Single,FALSE,0.2,PERFORMING ARTS,BUILDING,https://catalog.archives.gov/id/93209106,FALSE,FALSE,TRUE,FALSE,FALSE,5/22/84,NA,NA,NA,84001208,"821 8th Ave., Columbus, GEORGIA",32.461789088539,-84.982540414195,GA,FALSE
01000646,NA,Royal Theater,GEORGIA,Troup,Hogansville,301 E. Main St.,Listed,Single,FALSE,0.3,ARCHITECTURE; ENTERTAINMENT/RECREATION; BLACK; SOCIAL HISTORY,BUILDING,https://catalog.archives.gov/id/93209755,FALSE,FALSE,TRUE,TRUE,FALSE,6/21/01,NA,NA,NA,01000646,"301 E. Main St., Hogansville, GEORGIA",33.17287798653,-84.912651015871,GA,TRUE
15000684,NA,Honokaa People's Theatre,HAWAII,Hawaii,Honokaa,45-3574 Mamane St.,Listed,Single,FALSE,0.4,ARCHITECTURE; ENTERTAINMENT/RECREATION; EUROPEAN; ASIAN; PACIFIC-ISLANDER; HISPANIC; SOCIAL HISTORY,BUILDING,NA,FALSE,FALSE,TRUE,FALSE,FALSE,10/6/15,NA,TMK:(3) 4-5-016:011 and 56,NA,15000684,"45-3574 Mamane St., Honokaa, HAWAII",20.079197702035,-155.467683428651,HI,FALSE
93000376,NA,Palace Theater,HAWAII,Hawaii,Hilo,38 Haili St.,Listed,Single,FALSE,0.9,ARCHITECTURE; SOCIAL HISTORY,BUILDING,https://catalog.archives.gov/id/63815660,FALSE,FALSE,FALSE,TRUE,FALSE,5/11/93,NA,10-35-7504,NA,93000376,"38 Haili St., Hilo, HAWAII",19.724556822201,-155.086497606284,HI,FALSE
78001021,NA,Hawaii Theatre,HAWAII,Honolulu,Honolulu,1130 Bethel St.,Listed,Single,FALSE,0.4,ART; ENTERTAINMENT/RECREATION; ARCHITECTURE,BUILDING,https://catalog.archives.gov/id/63815777,FALSE,FALSE,TRUE,FALSE,FALSE,11/14/78,NA,New Hawaii Theatre;The Hawaii,NA,78001021,"1130 Bethel St., Honolulu, HAWAII",21.311028344236,-157.861233948665,HI,FALSE
94001622,NA,Iao Theater,HAWAII,Maui,Wailuku,68 N. Market St.,Listed,Single,FALSE,0.9,SOCIAL HISTORY; ARCHITECTURE,BUILDING,https://catalog.archives.gov/id/63816034,FALSE,FALSE,FALSE,TRUE,FALSE,2/9/95,NA,NA,NA,94001622,"68 N. Market St., Wailuku, HAWAII",20.889152279538,-156.501920426498,HI,FALSE
74000724,NA,Ada Theater,IDAHO,Ada,Boise,700 Main St.,Listed,Single,FALSE,0.9,ARCHITECTURE,BUILDING,https://catalog.archives.gov/id/84248894,FALSE,FALSE,TRUE,FALSE,FALSE,11/21/74,NA,Egyptian Theater;Fox Theater,NA,74000724,"700 Main St., Boise, IDAHO",43.61528983508,-116.20240872549,ID,FALSE
78001049,NA,Nuart Theater,IDAHO,Bingham,Blackfoot,195 N. Broadway,Listed,Single,FALSE,0.9,ART; ENTERTAINMENT/RECREATION; ARCHITECTURE,BUILDING,https://catalog.archives.gov/id/84249031,FALSE,FALSE,TRUE,FALSE,FALSE,10/19/78,NA,NA,NA,78001049,"195 N. Broadway, Blackfoot, IDAHO",43.190702895257,-112.344794027668,ID,FALSE
82000339,NA,Gorby Opera Theater,IDAHO,Elmore,Glenns Ferry,Idaho St.,Listed,Multiple,FALSE,0.9,ARCHITECTURE,BUILDING,https://catalog.archives.gov/id/84248264,FALSE,FALSE,FALSE,TRUE,FALSE,11/17/82,NA,NA,NA,82000339,"Idaho St., Glenns Ferry, IDAHO",43.512315043331,-111.962772160569,ID,FALSE
03001367,NA,Schubert Theatre,IDAHO,Gooding,Gooding,402 Main St.,Listed,Multiple,FALSE,0.9,ENTERTAINMENT/RECREATION,BUILDING,https://catalog.archives.gov/id/84248316,FALSE,FALSE,FALSE,TRUE,FALSE,1/6/04,NA,Gooding Theatre; IHSI#47-2161,NA,03001367,"402 Main St., Gooding, IDAHO",42.941517002388,-114.712491992261,ID,FALSE
99001412,NA,Blue Fox Theatre,IDAHO,Idaho,Grangeville,116 W. Main St.,Listed,Multiple,FALSE,0.9,ENTERTAINMENT/RECREATION,BUILDING,https://catalog.archives.gov/id/84248330,FALSE,FALSE,TRUE,FALSE,FALSE,11/30/99,NA,NA,NA,99001412,"116 W. Main St., Grangeville, IDAHO",45.925627795945,-116.120410997477,ID,FALSE
01001305,NA,Kenworthy Theatre,IDAHO,Latah,Moscow,508 S. Main St.,Listed,Multiple,FALSE,0.9,ENTERTAINMENT/RECREATION,BUILDING,https://catalog.archives.gov/id/84248531,FALSE,FALSE,FALSE,TRUE,FALSE,11/29/01,NA,NA,NA,01001305,"508 S. Main St., Moscow, IDAHO",46.730762443846,-117.000981642399,ID,FALSE
01001304,NA,Nu Art Theatre,IDAHO,Latah,Moscow,516 S. Main St.,Listed,Multiple,FALSE,0.9,ENTERTAINMENT/RECREATION,BUILDING,https://catalog.archives.gov/id/84248533,FALSE,FALSE,FALSE,TRUE,FALSE,11/29/01,NA,NA,NA,01001304,"516 S. Main St., Moscow, IDAHO",46.730545017277,-117.000979546924,ID,FALSE
99001475,NA,Spud Drive-In Theater,IDAHO,Teton,Driggs,231 ID 33,Listed,Single,FALSE,4.2,ENTERTAINMENT/RECREATION,DISTRICT,https://catalog.archives.gov/id/84251121,FALSE,FALSE,FALSE,TRUE,FALSE,6/5/03,NA,NA,NA,99001475,"231 ID 33, Driggs, IDAHO",43.726315243599,-111.110953754718,ID,FALSE
76000682,NA,Ramona Theater,IDAHO,Twin Falls,Buhl,113 Broadway,Listed,Single,FALSE,0.9,ARCHITECTURE,BUILDING,https://catalog.archives.gov/id/84251171,FALSE,FALSE,TRUE,FALSE,FALSE,12/22/76,NA,NA,NA,76000682,"113 Broadway, Buhl, IDAHO",42.598428522515,-114.75944137888,ID,FALSE
99001413,NA,Star Theater,IDAHO,Washington,Weiser,342 State St.,Listed,Multiple,FALSE,NA,ENTERTAINMENT/RECREATION,BUILDING,https://catalog.archives.gov/id/84248768,FALSE,FALSE,TRUE,FALSE,FALSE,11/30/99,NA,NA,NA,99001413,"342 State St., Weiser, IDAHO",44.245248825404,-116.970000032787,ID,FALSE
91000085,NA,New Orpheum Theatre,ILLINOIS,Champaign,Champaign,346--352 N. Neil St.,Listed,Single,FALSE,0.9,ENTERTAINMENT/RECREATION; ARCHITECTURE,BUILDING,https://catalog.archives.gov/id/28891826,FALSE,FALSE,TRUE,FALSE,FALSE,2/28/91,NA,RKO Orpheum Theatre;Orpheum Theatre,NA,91000085,"346--352 N. Neil St., Champaign, ILLINOIS",40.119598382208,-88.242743596548,IL,FALSE
03001201,NA,Virginia Theater,ILLINOIS,Champaign,Champaign,203 W. Park Ave.,Listed,Single,FALSE,0.9,ENTERTAINMENT/RECREATION; ARCHITECTURE,BUILDING,https://catalog.archives.gov/id/28891824,FALSE,FALSE,FALSE,TRUE,FALSE,11/28/03,NA,NA,NA,03001201,"203 W. Park Ave., Champaign, ILLINOIS",40.117102041895,-88.245575422535,IL,FALSE
84001066,NA,Will Rogers Theatre and Commercial Block,ILLINOIS,Coles,Charleston,705-715 Monroe Ave.,Listed,Single,FALSE,0.4,ARCHITECTURE,BUILDING,https://catalog.archives.gov/id/28891886,FALSE,FALSE,FALSE,TRUE,FALSE,1/12/84,NA,NA,NA,84001066,"705-715 Monroe Ave., Charleston, ILLINOIS",39.495665351625,-88.174156410701,IL,FALSE
86003181,NA,Balaban & Katz Uptown Theatre,ILLINOIS,Cook,Chicago,4814--4816 N. Broadway,Listed,Single,FALSE,0.9,ENTERTAINMENT/RECREATION; ARCHITECTURE,BUILDING,https://catalog.archives.gov/id/28892507,FALSE,FALSE,TRUE,FALSE,FALSE,11/20/86,NA,Uptown Theatre,NA,86003181,"4814--4816 N. Broadway, Chicago, ILLINOIS",41.969371005878,-87.659835958695,IL,FALSE
79000822,NA,Balaban and Katz Chicago Theatre,ILLINOIS,Cook,Chicago,175 N. State St.,Listed,Single,FALSE,0.9,ENTERTAINMENT/RECREATION; ARCHITECTURE; SOCIAL HISTORY; PERFORMING ARTS,BUILDING,https://catalog.archives.gov/id/28892454,FALSE,TRUE,FALSE,FALSE,FALSE,6/6/79,NA,The Chicago Theatre,NA,79000822,"175 N. State St., Chicago, ILLINOIS",41.885409146494,-87.627204790538,IL,FALSE
84000934,NA,Biograph Theater Building,ILLINOIS,Cook,Chicago,2433 N. Lincoln Ave.,Listed,Single,FALSE,0.4,PERFORMING ARTS; SOCIAL HISTORY,BUILDING,https://catalog.archives.gov/id/28892669,FALSE,FALSE,TRUE,FALSE,FALSE,5/17/84,NA,NA,NA,84000934,"2433 N. Lincoln Ave., Chicago, ILLINOIS",41.926366981085,-87.649733753712,IL,FALSE
05000873,NA,Central Park Theater,ILLINOIS,Cook,Chicago,3531-39 W. Roosevelt Rd.,Listed,Single,FALSE,0.9,ENTERTAINMENT/RECREATION; INVENTION; ENGINEERING,BUILDING,https://catalog.archives.gov/id/28892609,FALSE,TRUE,FALSE,FALSE,FALSE,8/10/05,NA,House of Prayer; Church of God in Christ,NA,05000873,"3531-39 W. Roosevelt Rd., Chicago, ILLINOIS",41.865977967096,-87.714273067058,IL,FALSE
16000579,NA,Congress Theater,ILLINOIS,Cook,Chicago,2117-2139 N. Milwaukee Ave.,Listed,Single,FALSE,1,ARCHITECTURE,building,NA,FALSE,FALSE,FALSE,TRUE,FALSE,1/6/17,NA,NA,NA,16000579,"2117-2139 N. Milwaukee Ave., Chicago, ILLINOIS",41.920549898371,-87.69215565533,IL,FALSE
15000930,NA,Davis Theater,ILLINOIS,Cook,Chicago,4616-4630 N. Lincoln Ave.,Listed,Single,FALSE,0.9,ENTERTAINMENT/RECREATION,BUILDING,NA,FALSE,FALSE,FALSE,TRUE,FALSE,4/26/16,NA,Pershing Theatre,NA,15000930,"4616-4630 N. Lincoln Ave., Chicago, ILLINOIS",41.965646297655,-87.686808252561,IL,FALSE
78003401,NA,New Masonic Building and Oriental Theater,ILLINOIS,Cook,Chicago,20 W. Randolph St.,Listed,Single,FALSE,0.9,ENTERTAINMENT/RECREATION; ARCHITECTURE,BUILDING,https://catalog.archives.gov/id/28892456,FALSE,TRUE,FALSE,FALSE,FALSE,9/26/78,NA,Oriental Theatre,NA,78003401,"20 W. Randolph St., Chicago, ILLINOIS",41.884581082531,-87.628574629721,IL,FALSE
75000657,NA,Pickwick Theater Building,ILLINOIS,Cook,Park Ridge,5 S. Prospect Ave.,Listed,Single,FALSE,0.4,ART; ARCHITECTURE,BUILDING,https://catalog.archives.gov/id/28892216,FALSE,TRUE,FALSE,FALSE,FALSE,2/24/75,NA,NA,NA,75000657,"5 S. Prospect Ave., Park Ridge, ILLINOIS",42.009751997893,-87.82984802864,IL,FALSE
100007223,SG,Ramova Theater,ILLINOIS,Cook,Chicago,3508-3518 South Halsted St.,Listed,Single,FALSE,0.9,ARCHITECTURE,building,NA,FALSE,FALSE,FALSE,TRUE,FALSE,12/17/21,NA,NA,NA,100007223,"3508-3518 South Halsted St., Chicago, ILLINOIS",41.830250188629,-87.646556760951,IL,FALSE
78003100,NA,Egyptian Theatre,ILLINOIS,De Kalb,De Kalb,135 N. 2nd St.,Listed,Single,FALSE,0.9,ENTERTAINMENT/RECREATION; ARCHITECTURE,BUILDING,https://catalog.archives.gov/id/28892720,FALSE,FALSE,TRUE,FALSE,FALSE,12/1/78,NA,NA,NA,78003100,"135 N. 2nd St., De Kalb, ILLINOIS",41.931146174637,-88.752835210763,IL,TRUE
05000872,NA,Grand Theater,ILLINOIS,Du Page,Wheaton,123 N. Hale St.,Listed,Single,FALSE,0.9,ENTERTAINMENT/RECREATION; ARCHITECTURE,BUILDING,https://catalog.archives.gov/id/28892799,FALSE,FALSE,FALSE,TRUE,FALSE,8/12/05,NA,Paramount Theater;Wheaton Theater; Wheaton Grand Theater,NA,05000872,"123 N. Hale St., Wheaton, ILLINOIS",41.865570187506,-88.108062170496,IL,FALSE
100008843,SG,Heart Theater,ILLINOIS,Effingham,Effingham,133 East Jefferson Ave.,Listed,Single,FALSE,0.9,ARCHITECTURE,building,NA,FALSE,FALSE,FALSE,TRUE,FALSE,4/12/23,NA,NA,NA,100008843,"133 East Jefferson Ave., Effingham, ILLINOIS",39.121110913866,-88.541077239691,IL,FALSE
12000322,NA,Liberty Theater,ILLINOIS,Jackson,Murphysboro,1333 Walnut,Listed,Single,FALSE,0.9,ENTERTAINMENT/RECREATION,BUILDING,https://catalog.archives.gov/id/28893025,FALSE,FALSE,FALSE,TRUE,FALSE,6/13/12,NA,Tilford Theatre,NA,12000322,"1333 Walnut, Murphysboro, ILLINOIS",37.76417269733,-89.337719804299,IL,FALSE
94000977,NA,Arcada Theater Building,ILLINOIS,Kane,St. Charles,105 E. Main St. and 1st Ave.,Listed,Single,FALSE,0.9,ENTERTAINMENT/RECREATION; ARCHITECTURE,BUILDING,https://catalog.archives.gov/id/28893220,FALSE,FALSE,FALSE,TRUE,FALSE,8/16/94,NA,The Arcada,NA,94000977,"105 E. Main St. and 1st Ave., St. Charles, ILLINOIS",41.913856990595,-88.312473990169,IL,FALSE
80001371,NA,Paramount Theatre,ILLINOIS,Kane,Aurora,23 E. Galena Blvd.,Listed,Single,FALSE,0.9,ENTERTAINMENT/RECREATION; ARCHITECTURE,BUILDING,https://catalog.archives.gov/id/28893194,FALSE,TRUE,FALSE,FALSE,FALSE,3/18/80,NA,Paramount Arts Centre,NA,80001371,"23 E. Galena Blvd., Aurora, ILLINOIS",41.757745343148,-88.314623696876,IL,FALSE
89001112,NA,Catlow Theatre,ILLINOIS,Lake,Barrington,112--116 W. Main St.,Listed,Single,FALSE,0.9,ENGINEERING; ARCHITECTURE,BUILDING,https://catalog.archives.gov/id/28893348,FALSE,FALSE,FALSE,TRUE,FALSE,8/21/89,NA,NA,NA,89001112,"112--116 W. Main St., Barrington, ILLINOIS",42.154593715516,-88.136660888855,IL,TRUE
97000818,NA,Normal Theater,ILLINOIS,McLean,Normal,209 North St.,Listed,Single,FALSE,0.9,ARCHITECTURE,BUILDING,https://catalog.archives.gov/id/28893653,FALSE,FALSE,FALSE,TRUE,FALSE,7/25/97,NA,NA,NA,97000818,"209 North St., Normal, ILLINOIS",40.509217363088,-88.986470535857,IL,FALSE
80001402,NA,Madison Theatre,ILLINOIS,Peoria,Peoria,502 Main St.,Listed,Single,FALSE,0.9,ENTERTAINMENT/RECREATION; ARCHITECTURE,BUILDING,https://catalog.archives.gov/id/28893859,FALSE,FALSE,FALSE,TRUE,FALSE,11/21/80,NA,NA,NA,80001402,"502 Main St., Peoria, ILLINOIS",40.693873180198,-89.591651733257,IL,FALSE
12001116,NA,Zoe Theatre,ILLINOIS,Pike,Pittsfield,209 N. Madison St.,Listed,Single,FALSE,0.9,ARCHITECTURE,BUILDING,https://catalog.archives.gov/id/28893895,FALSE,FALSE,FALSE,TRUE,FALSE,1/2/13,NA,NA,NA,12001116,"209 N. Madison St., Pittsfield, ILLINOIS",39.608338833604,-90.806317585896,IL,FALSE
80001407,NA,Fort Armstrong Theatre,ILLINOIS,Rock Island,Rock Island,1826 3rd Ave.,Listed,Single,FALSE,0.9,ENTERTAINMENT/RECREATION; ARCHITECTURE,BUILDING,https://catalog.archives.gov/id/28893977,FALSE,FALSE,FALSE,TRUE,FALSE,5/23/80,NA,Fort Theatre,NA,80001407,"1826 3rd Ave., Rock Island, ILLINOIS",41.509879131236,-90.574255862275,IL,FALSE
85000977,NA,Majestic Theatre,ILLINOIS,St. Clair,East St. Louis,240-246 Collinsville Ave.,Listed,Single,FALSE,0.9,ARCHITECTURE; PERFORMING ARTS,BUILDING,https://catalog.archives.gov/id/28894144,FALSE,FALSE,FALSE,TRUE,FALSE,5/9/85,NA,NA,NA,85000977,"240-246 Collinsville Ave., East St. Louis, ILLINOIS",38.627445189574,-90.1576740342,IL,FALSE
01000978,NA,Fischer Theater,ILLINOIS,Vermilion,Danville,158-164 N. Vermillion St.,Listed,Single,FALSE,0.9,ENTERTAINMENT/RECREATION; ARCHITECTURE,BUILDING,https://catalog.archives.gov/id/28894231,FALSE,FALSE,FALSE,TRUE,FALSE,9/16/01,NA,Grand Opera House; Heinly's Grand Opera House,NA,01000978,"158-164 N. Vermillion St., Danville, ILLINOIS",40.128164393887,-87.630346244029,IL,FALSE
78001199,NA,Rubens Rialto Square Theater,ILLINOIS,Will,Joliet,102 N. Chicago St.,Listed,Single,FALSE,0.9,ENTERTAINMENT/RECREATION; ARCHITECTURE; SOCIAL HISTORY,BUILDING,https://catalog.archives.gov/id/28894339,FALSE,FALSE,TRUE,FALSE,FALSE,7/24/78,NA,Rialto Theater,NA,78001199,"102 N. Chicago St., Joliet, ILLINOIS",41.526123476925,-88.081433450841,IL,FALSE
75000041,NA,Embassy Theater and Indiana Hotel,INDIANA,Allen,Fort Wayne,121 W. Jefferson St.,Listed,Single,FALSE,0.9,ARCHITECTURE; PERFORMING ARTS,BUILDING,https://catalog.archives.gov/id/132002469,FALSE,FALSE,TRUE,FALSE,FALSE,9/5/75,NA,NA,NA,75000041,"121 W. Jefferson St., Fort Wayne, INDIANA",41.236024304575,-85.856960494803,IN,FALSE
100011042,SG,Fort Wayne Performing Arts Theatre,INDIANA,Allen,Fort Wayne,303 East Main Street,Listed,Single,FALSE,0.88,ARCHITECTURE,building,NA,FALSE,TRUE,FALSE,TRUE,FALSE,11/25/24,NA,"The Arts United Center of Greater Fort Wayne, Inc.",NA,100011042,"303 East Main Street, Fort Wayne, INDIANA",41.081753988323,-85.136706999101,IN,FALSE
04001315,NA,Fowler Theatre,INDIANA,Benton,Fowler,111 E. 5th St.,Listed,Single,FALSE,0.9,ARCHITECTURE; ENTERTAINMENT/RECREATION,BUILDING,https://catalog.archives.gov/id/132002584,FALSE,FALSE,FALSE,TRUE,FALSE,12/6/04,NA,NA,NA,04001315,"111 E. 5th St., Fowler, INDIANA",40.617965013077,-87.322960229275,IN,FALSE
78000028,NA,Knights of Pythias Building and Theatre,INDIANA,Decatur,Greensburg,215 N. Broadway,Listed,Single,FALSE,0.9,SOCIAL HISTORY,BUILDING,https://catalog.archives.gov/id/132002852,FALSE,FALSE,FALSE,TRUE,FALSE,3/28/78,NA,K. of P. Building,NA,78000028,"215 N. Broadway, Greensburg, INDIANA",39.33814592163,-85.484400580397,IN,FALSE
80000036,NA,Lerner Theatre,INDIANA,Elkhart,Elkhart,401 S. Main St.,Listed,Single,FALSE,0.9,ENTERTAINMENT/RECREATION; ARCHITECTURE; PERFORMING ARTS,BUILDING,https://catalog.archives.gov/id/132002983,FALSE,FALSE,FALSE,TRUE,FALSE,10/2/80,NA,Elco Theatre,NA,80000036,"401 S. Main St., Elkhart, INDIANA",41.68394079976,-85.972100024099,IN,FALSE
87000069,NA,Hoosier Theater Building,INDIANA,Lake,Whiting,1329--1335 One Hundred-nineteenth St.,Listed,Single,FALSE,0.9,ARCHITECTURE; PERFORMING ARTS,BUILDING,https://catalog.archives.gov/id/132003631,FALSE,FALSE,FALSE,TRUE,FALSE,2/18/87,NA,NA,NA,87000069,"1329--1335 One Hundred-nineteenth St., Whiting, INDIANA",41.679255,-87.499121,IN,FALSE
91001165,NA,Paramount Theater Building,INDIANA,Madison,Anderson,1124 Meridian St.,Listed,Single,FALSE,0.9,ENTERTAINMENT/RECREATION; ARCHITECTURE,BUILDING,https://catalog.archives.gov/id/132003742,FALSE,FALSE,FALSE,TRUE,FALSE,8/29/91,NA,Paramount Centre;095-015-46071,NA,91001165,"1124 Meridian St., Anderson, INDIANA",40.1044973359,-85.678861069343,IN,FALSE
80000058,NA,Circle Theater,INDIANA,Marion,Indianapolis,45 Monument Circle,Listed,Single,FALSE,0.9,ENTERTAINMENT/RECREATION; ARCHITECTURE; PERFORMING ARTS,BUILDING,https://catalog.archives.gov/id/132003811,FALSE,FALSE,FALSE,TRUE,FALSE,6/16/80,NA,NA,NA,80000058,"45 Monument Circle, Indianapolis, INDIANA",39.768011490706,-86.157351148388,IN,FALSE
79000035,NA,Indiana Theatre,INDIANA,Marion,Indianapolis,134 W. Washington St.,Listed,Single,FALSE,1,ART; ARCHITECTURE; PERFORMING ARTS,BUILDING,https://catalog.archives.gov/id/132003912,FALSE,TRUE,FALSE,FALSE,FALSE,1/29/79,NA,NA,NA,79000035,"134 W. Washington St., Indianapolis, INDIANA",39.767586528215,-86.161047735326,IN,FALSE
04000630,NA,Rivoli Theater,INDIANA,Marion,Indianapolis,3155 E. 10th St.,Listed,Single,FALSE,0.9,ARCHITECTURE; ENTERTAINMENT/RECREATION; PERFORMING ARTS,BUILDING,https://catalog.archives.gov/id/132004028,FALSE,FALSE,FALSE,TRUE,FALSE,6/22/04,NA,098-295-1041,NA,04000630,"3155 E. 10th St., Indianapolis, INDIANA",39.781068316559,-86.111135262116,IN,FALSE
83000112,NA,Princess Theatre,INDIANA,Monroe,Bloomington,206 N. Walnut St.,Listed,Single,FALSE,0.9,ARCHITECTURE,BUILDING,https://catalog.archives.gov/id/132004229,FALSE,FALSE,FALSE,TRUE,FALSE,6/16/83,NA,See Also:Princess Theatre Building (Boundary Decrease),NA,83000112,"206 N. Walnut St., Bloomington, INDIANA",39.167900122315,-86.533296018156,IN,FALSE
85001204,NA,Blackstone-State Theater,INDIANA,St. Joseph,South Bend,212 S. Michigan,Listed,Multiple,FALSE,0.9,ENTERTAINMENT/RECREATION; ARCHITECTURE,BUILDING,https://catalog.archives.gov/id/132002062,FALSE,FALSE,FALSE,TRUE,FALSE,6/5/85,NA,NA,NA,85001204,"212 S. Michigan, South Bend, INDIANA",41.67461656112,-86.249857603689,IN,FALSE
85001226,NA,Palace Theater,INDIANA,St. Joseph,South Bend,211 N. Michigan,Listed,Multiple,FALSE,0.9,ENTERTAINMENT/RECREATION; ARCHITECTURE; PERFORMING ARTS,BUILDING,https://catalog.archives.gov/id/132002136,FALSE,FALSE,FALSE,TRUE,FALSE,6/5/85,NA,NA,NA,85001226,"211 N. Michigan, South Bend, INDIANA",41.678220108933,-86.250754551147,IN,FALSE
82000077,NA,Old Hoosier Theatre,INDIANA,Switzerland,Vevay,Cheapside and Ferry Sts.,Listed,Single,FALSE,0.9,COMMERCE; POLITICS/GOVERNMENT; ARCHITECTURE; PERFORMING ARTS,BUILDING,https://catalog.archives.gov/id/132004844,FALSE,FALSE,FALSE,TRUE,FALSE,3/1/82,NA,Old Theatre Building,NA,82000077,"Cheapside and Ferry Sts., Vevay, INDIANA",38.747206995612,-85.066614004349,IN,FALSE
81000030,NA,Mars Theatre,INDIANA,Tippecanoe,Lafayette,11 N. 6th St.,Listed,Single,FALSE,0.9,ENTERTAINMENT/RECREATION; ARCHITECTURE; PERFORMING ARTS,BUILDING,https://catalog.archives.gov/id/132004905,FALSE,FALSE,FALSE,TRUE,FALSE,1/26/81,NA,Denis H. Long Center for the Performing Arts,NA,81000030,"11 N. 6th St., Lafayette, INDIANA",40.4175655871,-86.890577550678,IN,FALSE
82000124,AD,Victory Theater and Hotel Sonntag (Additional Documentation),INDIANA,Vanderburgh,Evansville,600-614 Main St.,Listed,Add.Doc.,FALSE,0.9,ENTERTAINMENT/RECREATION; ARCHITECTURE,BUILDING,https://catalog.archives.gov/id/132002286,FALSE,FALSE,FALSE,TRUE,FALSE,7/1/82,NA,NA,NA,82000124,"600-614 Main St., Evansville, INDIANA",37.973138949821,-87.568720228769,IN,FALSE
83000110,NA,Hippodrome Theatre,INDIANA,Vigo,Terre Haute,727 Ohio St.,Listed,Multiple,FALSE,0.9,ARCHITECTURE; PERFORMING ARTS,BUILDING,https://catalog.archives.gov/id/132002326,FALSE,FALSE,FALSE,TRUE,FALSE,6/30/83,NA,Wabash Theatre,NA,83000110,"727 Ohio St., Terre Haute, INDIANA",39.465159331199,-87.405997061825,IN,FALSE
83004578,NA,Indiana Theatre,INDIANA,Vigo,Terre Haute,683 Ohio St.,Listed,Multiple,FALSE,0.9,ARCHITECTURE,BUILDING,https://catalog.archives.gov/id/132002333,FALSE,FALSE,FALSE,TRUE,FALSE,11/13/97,NA,NA,NA,83004578,"683 Ohio St., Terre Haute, INDIANA",39.465282461357,-87.407334897391,IN,FALSE
100006572,SG,13-24 Drive-In Movie Theater,INDIANA,Wabash,Wabash,890 North IN 13,Listed,Single,FALSE,17,ARCHITECTURE; ENTERTAINMENT/RECREATION,building,NA,FALSE,FALSE,FALSE,TRUE,FALSE,5/26/21,NA,NA,NA,100006572,"890 North IN 13, Wabash, INDIANA",40.838801968302,-85.793292487875,IN,FALSE
82000053,NA,Murray Theater,INDIANA,Wayne,Richmond,1003 Main St.,Listed,Single,FALSE,0.9,ENTERTAINMENT/RECREATION; ARCHITECTURE,BUILDING,https://catalog.archives.gov/id/132005195,FALSE,FALSE,FALSE,TRUE,FALSE,3/25/82,NA,Richmond Civic Theater-Norbert Silbiger Theater,NA,82000053,"1003 Main St., Richmond, INDIANA",39.828780330638,-84.888858564612,IN,FALSE
93000764,NA,Cotton Theater,IOWA,Black Hawk,Cedar Falls,103 Main St.,Listed,Single,FALSE,0.9,ARCHITECTURE,BUILDING,https://catalog.archives.gov/id/75338265,FALSE,FALSE,FALSE,TRUE,FALSE,7/23/93,NA,Regent Theater,NA,93000764,"103 Main St., Cedar Falls, IOWA",42.537653270428,-92.445908203929,IA,FALSE
09000329,NA,Malek Theatre,IOWA,Buchanan,Independence,116 2nd Ave. NE.,Listed,Single,FALSE,0.9,ARCHITECTURE,BUILDING,https://catalog.archives.gov/id/75338332,FALSE,FALSE,FALSE,TRUE,FALSE,5/21/09,NA,The Malek,NA,09000329,"116 2nd Ave. NE., Independence, IOWA",42.469384932178,-91.893085814963,IA,FALSE
12000030,NA,Sioux Theatre,IOWA,Buena Vista,Sioux Rapids,218 Main St.,Listed,Multiple,FALSE,0.9,ARCHITECTURE; ENTERTAINMENT/RECREATION; COMMERCE,BUILDING,https://catalog.archives.gov/id/75336057,FALSE,FALSE,FALSE,TRUE,FALSE,2/21/12,NA,Sioux Rapids Area Historical Museum,NA,12000030,"218 Main St., Sioux Rapids, IOWA",42.893458815708,-95.149239113158,IA,FALSE
15000951,NA,Hardacre Theater,IOWA,Cedar,Tipton,112 E. 5th St.,Listed,Multiple,FALSE,0.9,ARCHITECTURE; ENTERTAINMENT/RECREATION; SOCIAL HISTORY,BUILDING,NA,FALSE,FALSE,FALSE,TRUE,FALSE,1/5/16,NA,Hardacre Opera House and Memorial Hall; Odd Fellows Hall; The Hardacre,NA,15000951,"112 E. 5th St., Tipton, IOWA",41.770119923991,-91.127853594314,IA,FALSE
96001373,NA,The Capitol Theater,IOWA,Des Moines,Burlington,211 N. Third St.,Listed,Single,FALSE,0.9,ARCHITECTURE,BUILDING,https://catalog.archives.gov/id/75338665,FALSE,FALSE,FALSE,TRUE,FALSE,11/22/96,NA,NA,NA,96001373,"211 N. Third St., Burlington, IOWA",40.8095508026,-91.103200489238,IA,FALSE
72000474,NA,Orpheum Theatre and Site,IOWA,Dubuque,Dubuque,405 Main St.,Listed,Single,FALSE,0,ARCHITECTURE; PERFORMING ARTS,BUILDING,https://catalog.archives.gov/id/75338798,FALSE,FALSE,FALSE,TRUE,FALSE,11/14/72,NA,Majestic Theatre,NA,72000474,"405 Main St., Dubuque, IOWA",42.497898197033,-90.665748459597,IA,FALSE
08001043,NA,"Avery Theater, The",IOWA,Hancock,Garner,495 State St.,Listed,Single,FALSE,0.9,ENTERTAINMENT/RECREATION; ARCHITECTURE,BUILDING,https://catalog.archives.gov/id/75338926,FALSE,FALSE,FALSE,TRUE,FALSE,11/12/08,NA,Erickson's Drug Store; Iowa State Inventory Form#41-00095,NA,08001043,"495 State St., Garner, IOWA",43.100670065312,-93.601759240777,IA,FALSE
90001688,NA,"Pilot Knob State Park, Amphitheater (Area 4)",IOWA,Hancock,Forest City,S of jct. of IA 9 and IA 332,Listed,Multiple,FALSE,1.2,LANDSCAPE ARCHITECTURE; CONSERVATION; ENTERTAINMENT/RECREATION; POLITICS/GOVERNMENT; SOCIAL HISTORY,STRUCTURE,https://catalog.archives.gov/id/75336490,FALSE,FALSE,TRUE,TRUE,FALSE,11/15/90,NA,Forest City State Park;Pilot Mound State Park,NA,90001688,"S of jct. of IA 9 and IA 332, Forest City, IOWA",43.299008416195,-93.636846722725,IA,FALSE
91001119,NA,Masonic Temple Theater,IOWA,Henry,Mount Pleasant,115 N. Main,Listed,Multiple,FALSE,0.9,ARCHITECTURE,BUILDING,https://catalog.archives.gov/id/75336559,FALSE,FALSE,FALSE,TRUE,FALSE,9/6/91,NA,NA,NA,91001119,"115 N. Main, Mount Pleasant, IOWA",40.967124924514,-91.553510609806,IA,FALSE
01000911,NA,Englert Theatre,IOWA,Johnson,Iowa City,221 E. Washington St.,Listed,Single,FALSE,0.9,ARCHITECTURE; ENTERTAINMENT/RECREATION,BUILDING,https://catalog.archives.gov/id/75339208,FALSE,FALSE,FALSE,TRUE,FALSE,8/30/01,NA,NA,NA,01000911,"221 E. Washington St., Iowa City, IOWA",41.659793165354,-91.53228385911,IA,FALSE
76000778,NA,Paramount Theater Building,IOWA,Linn,Cedar Rapids,"121--127 3rd Ave., SE",Listed,Single,FALSE,0.9,ENTERTAINMENT/RECREATION; ARCHITECTURE,BUILDING,https://catalog.archives.gov/id/75339442,FALSE,FALSE,FALSE,TRUE,FALSE,8/26/76,NA,NA,NA,76000778,"121--127 3rd Ave., SE, Cedar Rapids, IOWA",41.976689874184,-91.666849698716,IA,FALSE
95000965,NA,Sylvan Theater Historic District,IOWA,Polk,Des Moines,"In Greenwood Park on W side of 45th St., 1 block S of jct. with Grand Ave.",Listed,Single,FALSE,4,SOCIAL HISTORY; ENTERTAINMENT/RECREATION; LANDSCAPE ARCHITECTURE,DISTRICT,https://catalog.archives.gov/id/75339900,FALSE,FALSE,FALSE,TRUE,FALSE,8/15/95,NA,Greenwood Park Outdoor Theater,NA,95000965,"In Greenwood Park on W side of 45th St., 1 block S of jct. with Grand Ave., Des Moines, IOWA",41.5783149,-93.6677802,IA,FALSE
100006522,MP,Brooklyn Opera House–Broadway Theatre,IOWA,Poweshiek,Brooklyn,115 Jackson St.,Listed,Multiple,FALSE,0.9,ENTERTAINMENT/RECREATION,building,NA,FALSE,FALSE,FALSE,TRUE,FALSE,5/17/21,NA,Broadway Theatre,NA,100006522,"115 Jackson St., Brooklyn, IOWA",41.729021315337,-92.445099014996,IA,FALSE
98001273,NA,Hotel Mississippi-RKO Orpheum Theater,IOWA,Scott,Davenport,106 E. Third St.,Listed,Multiple,FALSE,0.9,ARCHITECTURE; COMMERCE; ENTERTAINMENT/RECREATION,BUILDING,https://catalog.archives.gov/id/75337773,FALSE,FALSE,FALSE,TRUE,FALSE,10/22/98,NA,Mississippi Hotel;Adler Theatre,NA,98001273,"106 E. Third St., Davenport, IOWA",41.522540967689,-90.5737524622,IA,FALSE
79000944,NA,Wieting Theater,IOWA,Tama,Toledo,101 S. Church St.,Listed,Single,FALSE,0.9,ENTERTAINMENT/RECREATION; ARCHITECTURE,BUILDING,https://catalog.archives.gov/id/75340160,FALSE,FALSE,FALSE,TRUE,FALSE,4/26/79,NA,NA,NA,79000944,"101 S. Church St., Toledo, IOWA",41.995365005916,-92.576592970908,IA,FALSE
00000919,NA,New Orpheum Theatre,IOWA,Woodbury,Sioux City,520-28 Pierce St.,Listed,Single,FALSE,0.9,ENTERTAINMENT/RECREATION,BUILDING,https://catalog.archives.gov/id/75340404,FALSE,FALSE,FALSE,TRUE,FALSE,8/25/00,NA,Orpheum Electric Building,NA,00000919,"520-28 Pierce St., Sioux City, IOWA",42.496060590491,-96.404718373159,IA,FALSE
100009703,MP,Iola Theatre,KANSAS,Allen,Iola,202 South Washington Avenue,Listed,Multiple,FALSE,0.9,ARCHITECTURE; ENTERTAINMENT/RECREATION,building,NA,FALSE,FALSE,FALSE,TRUE,FALSE,1/5/24,NA,NA,NA,100009703,"202 South Washington Avenue, Iola, KANSAS",37.920838640035,-95.405952918998,KS,FALSE
05000003,NA,Crest Theater,KANSAS,Barton,Great Bend,1905 Lakin Ave.,Listed,Multiple,FALSE,0.9,ARCHITECTURE; ENTERTAINMENT/RECREATION,BUILDING,NA,FALSE,FALSE,FALSE,TRUE,FALSE,2/9/05,NA,NA,NA,05000003,"1905 Lakin Ave., Great Bend, KANSAS",38.364113787359,-98.764078942483,KS,FALSE
90001577,NA,Augusta Theater,KANSAS,Butler,Augusta,525 State St.,Listed,Single,FALSE,0.9,ARCHITECTURE,BUILDING,NA,FALSE,FALSE,FALSE,TRUE,FALSE,10/31/90,NA,NA,NA,90001577,"525 State St., Augusta, KANSAS",37.676536581333004,-96.979034825373,KS,FALSE
05000005,NA,Plaza Theater,KANSAS,Coffey,Burlington,404 Neosho St.,Listed,Multiple,FALSE,0.9,ARCHITECTURE; ENTERTAINMENT/RECREATION,BUILDING,NA,FALSE,FALSE,FALSE,TRUE,FALSE,2/9/05,NA,Flint Hills Opry; The Music Box Theatre,NA,05000005,"404 Neosho St., Burlington, KANSAS",38.194950427019,-95.739054193599,KS,FALSE
05000010,NA,Chief Theater,KANSAS,Comanche,Coldwater,122 E. Main St.,Listed,Multiple,FALSE,0.9,ENTERTAINMENT/RECREATION; ARCHITECTURE,BUILDING,NA,FALSE,FALSE,FALSE,TRUE,FALSE,2/9/05,NA,Gossett Theater; Stark's Comanche Theatre,NA,05000010,"122 E. Main St., Coldwater, KANSAS",37.270386608909,-99.327316935792,KS,FALSE
100007282,MP,Winfield Fox Theatre,KANSAS,Cowley,Winfield,1007 Main St.,Listed,Multiple,FALSE,0.9,ARCHITECTURE; ENTERTAINMENT/RECREATION,building,NA,FALSE,FALSE,FALSE,TRUE,FALSE,1/6/22,NA,"Marquee Performing Arts Center; Zimm Theatre; Winfield Cinemas 1 &amp; 2,; KHRI # 035- 5970-00076",NA,100007282,"1007 Main St., Winfield, KANSAS",37.23888184281,-96.997661076951,KS,FALSE
08000301,NA,Colonial Fox Theatre,KANSAS,Crawford,Pittsburg,409 N. Broadway,Listed,Multiple,FALSE,0.9,ENTERTAINMENT/RECREATION; ARCHITECTURE,BUILDING,NA,FALSE,FALSE,FALSE,TRUE,FALSE,4/16/08,NA,037-4460-0078,NA,08000301,"409 N. Broadway, Pittsburg, KANSAS",37.411457014927,-94.705292030566,KS,TRUE
05000006,NA,Palace Theater,KANSAS,Edwards,Kinsley,222 E. 6th St.,Listed,Multiple,FALSE,0.9,ARCHITECTURE; ENTERTAINMENT/RECREATION,BUILDING,NA,FALSE,FALSE,FALSE,TRUE,FALSE,2/9/05,NA,NA,NA,05000006,"222 E. 6th St., Kinsley, KANSAS",37.923046894336,-99.410107508027,KS,FALSE
05000008,NA,Northup Theater,KANSAS,Hamilton,Syracuse,116 N. Main St.,Listed,Multiple,FALSE,0.9,ARCHITECTURE; ENTERTAINMENT/RECREATION,BUILDING,NA,FALSE,FALSE,FALSE,TRUE,FALSE,2/9/05,NA,NA,NA,05000008,"116 N. Main St., Syracuse, KANSAS",37.981389424755,-101.752544092831,KS,FALSE
91000464,NA,Anthony Theater,KANSAS,Harper,Anthony,220 W. Main St.,Listed,Single,FALSE,0.9,ARCHITECTURE,BUILDING,NA,FALSE,FALSE,FALSE,TRUE,FALSE,4/18/91,NA,NA,NA,91000464,"220 W. Main St., Anthony, KANSAS",37.152153618942,-98.032348084562,KS,FALSE
05000009,NA,Overland Theater,KANSAS,Johnson,Overland Park,7204 W. 80th St.,Listed,Multiple,FALSE,0.9,ARCHITECTURE; ENTERTAINMENT/RECREATION,BUILDING,NA,FALSE,FALSE,FALSE,TRUE,FALSE,2/9/05,NA,Rio Theater; Kimo South; Park Cinema; Theatre for Young America,NA,05000009,"7204 W. 80th St., Overland Park, KANSAS",38.984166751143,-94.66927859684,KS,FALSE
90001575,NA,Hollywood Theater,KANSAS,Leavenworth,Leavenworth,401 Delaware St.,Listed,Single,FALSE,0.9,ARCHITECTURE,BUILDING,NA,FALSE,FALSE,FALSE,TRUE,FALSE,10/25/90,NA,NA,NA,90001575,"401 Delaware St., Leavenworth, KANSAS",39.318010620455,-94.91393428059,KS,FALSE
85000693,NA,Granada Theater,KANSAS,Lyon,Emporia,809 Commercial,Listed,Single,FALSE,0.9,ARCHITECTURE,BUILDING,NA,FALSE,FALSE,FALSE,TRUE,FALSE,4/4/85,NA,Fox Theater,NA,85000693,"809 Commercial, Emporia, KANSAS",38.407784215365,-96.180427864278,KS,FALSE
88001903,NA,Booth Theater,KANSAS,Montgomery,Independence,119 W. Myrtle St.,Listed,Single,FALSE,0.9,ENTERTAINMENT/RECREATION; ARCHITECTURE,BUILDING,NA,FALSE,FALSE,FALSE,TRUE,FALSE,10/13/88,NA,NA,NA,88001903,"119 W. Myrtle St., Independence, KANSAS",37.224083467025,-95.707713503254,KS,FALSE
05000007,NA,Midland Theater,KANSAS,Montgomery,Coffeyville,212-214 W. 8th St.,Listed,Multiple,FALSE,0.9,ARCHITECTURE; ENTERTAINMENT/RECREATION,BUILDING,NA,FALSE,FALSE,FALSE,TRUE,FALSE,2/9/05,NA,New Tackett Theater; Fox Midland Theater,NA,05000007,"212-214 W. 8th St., Coffeyville, KANSAS",37.036403979657,-95.617995036588,KS,FALSE
89001391,NA,Fox Theater,KANSAS,Reno,Hutchinson,18 E. First,Listed,Single,FALSE,0.9,ARCHITECTURE,BUILDING,NA,FALSE,FALSE,FALSE,TRUE,FALSE,9/7/89,NA,NA,NA,89001391,"18 E. First, Hutchinson, KANSAS",38.053713346857,-97.930950540086,KS,FALSE
06000112,NA,Dream Theater,KANSAS,Russell,Russell,629 N. Main St.,Listed,Multiple,FALSE,0.9,ENTERTAINMENT/RECREATION; ARCHITECTURE,BUILDING,NA,FALSE,FALSE,FALSE,TRUE,FALSE,3/8/06,NA,167-4820-0015,NA,06000112,"629 N. Main St., Russell, KANSAS",38.891804255029,-98.859548400556,KS,FALSE
88001171,NA,Fox-Watson Theater Building,KANSAS,Saline,Salina,155 S. Santa Fe Ave.,Listed,Single,FALSE,0.9,ARCHITECTURE,BUILDING,NA,FALSE,FALSE,FALSE,TRUE,FALSE,8/4/88,NA,Watson Theater Building,NA,88001171,"155 S. Santa Fe Ave., Salina, KANSAS",38.839131935805,-97.60906294741,KS,FALSE
08000615,NA,Dunbar Theatre,KANSAS,Sedgwick,Wichita,1007 N. Cleveland,Listed,Multiple,FALSE,0.9,ARCHITECTURE; ENTERTAINMENT/RECREATION; PERFORMING ARTS; SOCIAL HISTORY; COMMERCE; BLACK,BUILDING,NA,FALSE,FALSE,FALSE,TRUE,FALSE,7/2/08,NA,Dunbar Theatre,NA,08000615,"1007 N. Cleveland, Wichita, KANSAS",37.701176492358,-97.322163859998,KS,FALSE
80001473,NA,Orpheum Theater and Office Building,KANSAS,Sedgwick,Wichita,200 N. Broadway St.,Listed,Single,FALSE,1,ENTERTAINMENT/RECREATION; ARCHITECTURE,BUILDING,NA,FALSE,FALSE,FALSE,TRUE,FALSE,11/28/80,NA,NA,NA,80001473,"200 N. Broadway St., Wichita, KANSAS",37.688289609593,-97.335381115477,KS,FALSE
82002675,NA,"Jayhawk Hotel, Theater and Walk",KANSAS,Shawnee,Topeka,700 Jackson Ave.,Listed,Single,FALSE,0.6,ENTERTAINMENT/RECREATION; ARCHITECTURE,BUILDING,NA,FALSE,FALSE,TRUE,FALSE,FALSE,3/11/82,NA,Jayhawk Theater and Jayhawk Walk;The Jayhawk Complex,NA,82002675,"700 Jackson Ave., Topeka, KANSAS",39.050306798448,-95.675049142761,KS,FALSE
05000004,NA,Granada Theater,KANSAS,Wyandotte,Kansas City,1013-1019 Minnesota Ave.,Listed,Multiple,FALSE,0.9,ARCHITECTURE; ENTERTAINMENT/RECREATION,BUILDING,NA,FALSE,FALSE,FALSE,TRUE,FALSE,2/9/05,NA,NA,NA,05000004,"1013-1019 Minnesota Ave., Kansas City, KANSAS",39.11537630908,-94.636085505893,KS,FALSE
75000736,NA,Paramount Theatre,KENTUCKY,Boyd,Ashland,1304 Winchester Ave.,Listed,Multiple,FALSE,0.9,ENTERTAINMENT/RECREATION; ARCHITECTURE; INVENTION,BUILDING,https://catalog.archives.gov/id/123845792,FALSE,FALSE,TRUE,FALSE,FALSE,6/30/75,NA,The Paramount Arts Center,NA,75000736,"1304 Winchester Ave., Ashland, KENTUCKY",38.480001980662,-82.642975972333,KY,FALSE
15000081,NA,Marianne Theater,KENTUCKY,Campbell,Bellevue,609 Fairfield Ave.,Listed,Single,FALSE,0.9,ARCHITECTURE,BUILDING,NA,FALSE,FALSE,FALSE,TRUE,FALSE,3/17/15,NA,CP-B-6,NA,15000081,"609 Fairfield Ave., Bellevue, KENTUCKY",39.108247668067,-84.481133708954,KY,FALSE
98001492,NA,State Theatre,KENTUCKY,Hardin,Elizabethtown,205 W. Dixie Ave.,Listed,Single,FALSE,0.3,ARCHITECTURE; ENTERTAINMENT/RECREATION,BUILDING,https://catalog.archives.gov/id/123850285,FALSE,FALSE,FALSE,TRUE,FALSE,12/10/98,NA,HD-E-278,NA,98001492,"205 W. Dixie Ave., Elizabethtown, KENTUCKY",37.694279108054,-85.859785455214,KY,FALSE
78001346,NA,Brown Hotel Building and Theater,KENTUCKY,Jefferson,Louisville,675 River City Mall,Listed,Single,FALSE,1.5,COMMERCE; ARCHITECTURE,BUILDING,https://catalog.archives.gov/id/123850458,FALSE,TRUE,FALSE,FALSE,FALSE,2/17/78,NA,The J. Graham Brown Education Center &amp; Macauley's Theatre,NA,78001346,"675 River City Mall, Louisville, KENTUCKY",38.246827340271,-85.758185100182,KY,FALSE
83002686,NA,Ideal Theatre,KENTUCKY,Jefferson,Louisville,2315-19 W. Market St.,Listed,Multiple,FALSE,0.9,ARCHITECTURE,BUILDING,https://catalog.archives.gov/id/123847190,FALSE,FALSE,FALSE,TRUE,FALSE,9/8/83,NA,NA,NA,83002686,"2315-19 W. Market St., Louisville, KENTUCKY",38.259349804492,-85.788763494132,KY,FALSE
78001361,NA,Loew's and United Artists State Theatre,KENTUCKY,Jefferson,Louisville,625 S. 4th St.,Listed,Single,FALSE,0.5,ENTERTAINMENT/RECREATION; ARCHITECTURE,BUILDING,https://catalog.archives.gov/id/123850644,FALSE,FALSE,TRUE,FALSE,FALSE,3/28/78,NA,Penthouse &amp; United Artists' Theatre,NA,78001361,"625 S. 4th St., Louisville, KENTUCKY",38.247966425609,-85.757892441823,KY,FALSE
82002726,NA,Theater Building,KENTUCKY,Jefferson,Louisville,625--33 S. 4th Ave.,Listed,Single,FALSE,0.2,ARCHITECTURE,BUILDING,https://catalog.archives.gov/id/123850827,FALSE,FALSE,FALSE,TRUE,FALSE,8/12/82,NA,NA,NA,82002726,"625--33 S. 4th Ave., Louisville, KENTUCKY",38.247966425609,-85.757892441823,KY,FALSE
78001370,NA,Walnut Street Theater,KENTUCKY,Jefferson,Louisville,416 W. Walnut St.,Listed,Single,FALSE,0.3,ENTERTAINMENT/RECREATION; ARCHITECTURE,BUILDING,https://catalog.archives.gov/id/123850859,FALSE,FALSE,FALSE,TRUE,FALSE,9/1/78,NA,NA,NA,78001370,"416 W. Walnut St., Louisville, KENTUCKY",38.251184640165,-85.758381710358,KY,FALSE
13000111,NA,"Ludlow Theater, The",KENTUCKY,Kenton,Ludlow,322-326 Elm St.,Listed,Single,FALSE,0.9,ENTERTAINMENT/RECREATION,BUILDING,NA,FALSE,FALSE,FALSE,TRUE,FALSE,3/27/13,NA,KE-L-115,NA,13000111,"322-326 Elm St., Ludlow, KENTUCKY",39.093636921185,-84.549395928415,KY,FALSE
06000216,NA,Russell Theatre,KENTUCKY,Mason,Maysville,9 E. Third St.,Listed,Single,FALSE,0.9,ENTERTAINMENT/RECREATION,BUILDING,https://catalog.archives.gov/id/123851301,FALSE,FALSE,FALSE,TRUE,FALSE,3/31/06,NA,MSM-97,NA,06000216,"9 E. Third St., Maysville, KENTUCKY",38.64686798707,-83.764440502862,KY,FALSE
04001255,NA,Lane Theater,KENTUCKY,Whitley,Williamsburg,510 Main St.,Listed,Single,FALSE,5,ENTERTAINMENT/RECREATION,BUILDING,https://catalog.archives.gov/id/123852090,FALSE,FALSE,FALSE,TRUE,FALSE,11/26/04,NA,WH-W-28,NA,04001255,"510 Main St., Williamsburg, KENTUCKY",36.74126162042,-84.162050915957,KY,FALSE
79001052,NA,Bailey Theatre,LOUISIANA,Avoyelles,Bunkie,Oak St.,Listed,Single,FALSE,0.9,ARCHITECTURE; SOCIAL HISTORY,BUILDING,https://catalog.archives.gov/id/73973002,FALSE,FALSE,FALSE,TRUE,FALSE,7/26/79,NA,NA,NA,79001052,"Oak St., Bunkie, LOUISIANA",30.956954596323,-92.181421649521,LA,FALSE
77000668,NA,Strand Theatre,LOUISIANA,Caddo,Shreveport,630 Crockett,Listed,Single,FALSE,0.9,ARCHITECTURE; PERFORMING ARTS,BUILDING,https://catalog.archives.gov/id/73973167,FALSE,FALSE,FALSE,TRUE,FALSE,5/26/77,NA,NA,NA,77000668,"630 Crockett, Shreveport, LOUISIANA",32.510205266303,-93.749972998048,LA,FALSE
10000980,NA,Lincoln Theater,LOUISIANA,East Baton Rouge,East Baton Rouge,1305 Myrtle Walk,Listed,Single,FALSE,0.9,BLACK; ENTERTAINMENT/RECREATION,BUILDING,https://catalog.archives.gov/id/73973533,FALSE,FALSE,FALSE,TRUE,FALSE,12/7/10,NA,NA,NA,10000980,"1305 Myrtle Walk, East Baton Rouge, LOUISIANA",30.438589062746,-91.175239594269,LA,FALSE
99000234,NA,Evangeline Theater,LOUISIANA,Iberia,New Iberia,129 E. Main St.,Listed,Single,FALSE,0.9,ARCHITECTURE,BUILDING,https://catalog.archives.gov/id/73973676,FALSE,FALSE,TRUE,FALSE,FALSE,2/18/99,NA,Sliman Theatre for the Performing Arts,NA,99000234,"129 E. Main St., New Iberia, LOUISIANA",30.005319979976,-91.817289018918,LA,FALSE
08000731,NA,Palace Theatre,LOUISIANA,Jackson,Jonesboro,125 Jimmy Davis Blvd.,Listed,Single,FALSE,0.9,ENTERTAINMENT/RECREATION; ARCHITECTURE,BUILDING,https://catalog.archives.gov/id/73973760,FALSE,FALSE,FALSE,TRUE,FALSE,7/30/08,NA,NA,NA,08000731,"125 Jimmy Davis Blvd., Jonesboro, LOUISIANA",32.240955678758,-92.714859306572,LA,FALSE
98001360,NA,Strand Theatre,LOUISIANA,Jefferson Davis,Jennings,432 N. Main St.,Listed,Single,FALSE,0.9,ENTERTAINMENT/RECREATION,BUILDING,https://catalog.archives.gov/id/73973830,FALSE,FALSE,FALSE,TRUE,FALSE,11/12/98,NA,NA,NA,98001360,"432 N. Main St., Jennings, LOUISIANA",30.223865993425,-92.657832974874,LA,FALSE
86000428,NA,Grand Theatre,LOUISIANA,Lafourche,Thibodaux,401 Green St.,Listed,Multiple,FALSE,0.3,ARCHITECTURE,BUILDING,https://catalog.archives.gov/id/73972629,FALSE,FALSE,FALSE,TRUE,FALSE,3/5/86,NA,NA,NA,86000428,"401 Green St., Thibodaux, LOUISIANA",29.796933516613,-90.819912888034,LA,FALSE
93001105,NA,Dixie Theatre,LOUISIANA,Lincoln,Ruston,206 N. Vienna St.,Listed,Single,FALSE,0.9,ENTERTAINMENT/RECREATION,BUILDING,https://catalog.archives.gov/id/73973956,FALSE,FALSE,FALSE,TRUE,FALSE,10/14/93,NA,NA,NA,93001105,"206 N. Vienna St., Ruston, LOUISIANA",32.530034041279,-92.637676593213,LA,FALSE
100011577,SG,Gem Theater,LOUISIANA,Lincoln,Dubach,120 East Hico Street,Listed,Single,FALSE,1,ENTERTAINMENT/RECREATION; ETHNIC HERITAGE-BLACK,building,NA,FALSE,FALSE,FALSE,TRUE,FALSE,3/27/25,NA,Wahoo Theater; Joy Theater,NA,100011577,"120 East Hico Street, Dubach, LOUISIANA",32.698862879862,-92.655862976171,LA,FALSE
87001474,NA,Rose Theatre,LOUISIANA,Morehouse,Bastrop,US 165,Listed,Single,FALSE,0.2,ENTERTAINMENT/RECREATION,BUILDING,https://catalog.archives.gov/id/73974026,FALSE,FALSE,FALSE,TRUE,FALSE,9/8/87,NA,NA,NA,87001474,"US 165, Bastrop, LOUISIANA",32.760901682899,-91.958525763805,LA,FALSE
98001078,NA,Carver Theater,LOUISIANA,Orleans,New Orleans,2101 Orleans Ave.,Listed,Single,FALSE,0.9,ENTERTAINMENT/RECREATION; BLACK,BUILDING,https://catalog.archives.gov/id/73974314,FALSE,FALSE,FALSE,TRUE,FALSE,8/20/98,NA,NA,NA,98001078,"2101 Orleans Ave., New Orleans, LOUISIANA",29.967108182594,-90.076666376589,LA,FALSE
15001002,NA,Gem Theater,LOUISIANA,Orleans,New Orleans,3940 Thalia St.,Listed,Single,FALSE,0.9,BLACK,BUILDING,NA,FALSE,FALSE,FALSE,TRUE,FALSE,1/26/16,NA,NA,NA,15001002,"3940 Thalia St., New Orleans, LOUISIANA",29.952206541762,-90.097472188108,LA,FALSE
02001161,NA,Iroquois Theater,LOUISIANA,Orleans,New Orleans,413-415 S. Rampart St.,Listed,Single,FALSE,0.9,ENTERTAINMENT/RECREATION; BLACK,BUILDING,https://catalog.archives.gov/id/73974316,FALSE,FALSE,FALSE,TRUE,FALSE,1/14/03,NA,NA,NA,02001161,"413-415 S. Rampart St., New Orleans, LOUISIANA",29.951531295642,-90.074961497483,LA,FALSE
82002787,NA,Orpheum Theatre,LOUISIANA,Orleans,New Orleans,125--129 University Pl.,Listed,Single,FALSE,0.3,ENTERTAINMENT/RECREATION; ARCHITECTURE,BUILDING,https://catalog.archives.gov/id/73974282,FALSE,FALSE,TRUE,FALSE,FALSE,8/11/82,NA,NA,NA,82002787,"125--129 University Pl., New Orleans, LOUISIANA",29.954399588238,-90.072607528168,LA,FALSE
77000676,NA,Saenger Theatre,LOUISIANA,Orleans,New Orleans,1111 Canal St.,Listed,Single,FALSE,1.5,ENTERTAINMENT/RECREATION; ARCHITECTURE,BUILDING,https://catalog.archives.gov/id/73974284,FALSE,TRUE,TRUE,FALSE,FALSE,11/25/77,NA,See Also:  Saenger Theatre (Boundary Increase); 85000794 &amp; 85003592 (OO),NA,77000676,"1111 Canal St., New Orleans, LOUISIANA",29.956062762046,-90.07284783296,LA,FALSE
85000794,NA,Saenger Theatre (Boundary Increase),LOUISIANA,Orleans,New Orleans,1101-1111 Canal St.,Listed,Single,FALSE,0.1,ARCHITECTURE,BUILDING,https://catalog.archives.gov/id/73974192,FALSE,FALSE,TRUE,FALSE,FALSE,4/1/85,NA,See Also:Saenger Theatre,NA,85000794,"1101-1111 Canal St., New Orleans, LOUISIANA",29.956062762046,-90.07284783296,LA,FALSE
87000177,NA,Liberty Theatre,LOUISIANA,St. Landry,Eunice,200 W. Park Ave.,Listed,Single,FALSE,0.2,ENTERTAINMENT/RECREATION,BUILDING,https://catalog.archives.gov/id/73974762,FALSE,FALSE,FALSE,TRUE,FALSE,2/19/87,NA,Liberty Center for the Performing Arts,NA,87000177,"200 W. Park Ave., Eunice, LOUISIANA",30.492907453829,-92.416921918157,LA,FALSE
97000966,NA,Arcade Theater,LOUISIANA,St. Tammany,Slidell,2247-2251 Carey St.,Listed,Single,FALSE,0.9,ENTERTAINMENT/RECREATION,BUILDING,https://catalog.archives.gov/id/73974910,FALSE,FALSE,FALSE,TRUE,FALSE,8/29/97,NA,NA,NA,97000966,"2247-2251 Carey St., Slidell, LOUISIANA",30.273428019264,-89.78385196523,LA,FALSE
13001130,NA,Fiske Theatre,LOUISIANA,West Carroll,Oak Grove,306 E. Main St.,Listed,Single,FALSE,0.9,ENTERTAINMENT/RECREATION; ARCHITECTURE,BUILDING,NA,FALSE,FALSE,FALSE,TRUE,FALSE,1/29/14,NA,NA,NA,13001130,"306 E. Main St., Oak Grove, LOUISIANA",32.861308982997,-91.387581029622,LA,FALSE
100012834,SG,Gayety Theatre,MAINE,Aroostook,Van Buren,44 Main Street,Listed,Single,FALSE,0.9,ENTERTAINMENT/RECREATION,building,NA,FALSE,FALSE,FALSE,TRUE,FALSE,3/20/26,NA,NA,NA,100012834,"44 Main Street, Van Buren, MAINE",47.155515554899,-67.932980148091,ME,FALSE
88003002,NA,Deertrees Theatre,MAINE,Cumberland,Harrison,Deertrees Rd.,Listed,Single,FALSE,6.5,ARCHITECTURE; PERFORMING ARTS,BUILDING,https://catalog.archives.gov/id/88685598,FALSE,FALSE,FALSE,TRUE,FALSE,1/5/89,NA,NA,NA,88003002,"Deertrees Rd., Harrison, MAINE",44.116321428654,-70.667655095732,ME,FALSE
80000222,NA,Criterion Theatre,MAINE,Hancock,Bar Harbor,35 Cottage St.,Listed,Single,FALSE,0.3,ART; PERFORMING ARTS,BUILDING,https://catalog.archives.gov/id/88686075,FALSE,FALSE,TRUE,FALSE,FALSE,4/23/80,NA,NA,NA,80000222,"35 Cottage St., Bar Harbor, MAINE",44.389842229146,-68.206108318738,ME,FALSE
14000834,NA,Colonial Theater,MAINE,Kennebec,Augusta,139 Water St.,Listed,Single,FALSE,0.2,ENTERTAINMENT/RECREATION; ARCHITECTURE,BUILDING,NA,FALSE,FALSE,FALSE,TRUE,FALSE,10/8/14,NA,Colonial Theatre,NA,14000834,"139 Water St., Augusta, MAINE",44.317787491864,-69.773005540377,ME,TRUE
13000285,NA,Camden Amphitheatre and Public Library,MAINE,Knox,Camden,55 Main St.,Listed,Single,FALSE,NA,NA,DISTRICT,NA,FALSE,TRUE,FALSE,FALSE,FALSE,2/27/13,2/27/13,NA,NA,13000285,"55 Main St., Camden, MAINE",44.211584336223,-69.064552415658,ME,FALSE
04001284,NA,Strand Theatre,MAINE,Knox,Rockland,345 Main St.,Listed,Single,FALSE,0.1,ENTERTAINMENT/RECREATION,BUILDING,https://catalog.archives.gov/id/88686540,FALSE,FALSE,FALSE,TRUE,FALSE,12/2/04,NA,NA,NA,04001284,"345 Main St., Rockland, MAINE",44.103104739498,-69.108841386209,ME,FALSE
86002434,NA,Waldo Theatre,MAINE,Lincoln,Waldoboro,Main St.,Listed,Single,FALSE,1,ARCHITECTURE,BUILDING,https://catalog.archives.gov/id/88686719,FALSE,FALSE,TRUE,FALSE,FALSE,9/11/86,NA,NA,NA,86002434,"Main St., Waldoboro, MAINE",44.095778506076996,-69.385388278009,ME,FALSE
75000111,NA,Lakewood Theater,MAINE,Somerset,Madison,NE of Madison in town of Lakewood on bank of Lake Wesserunsett,Listed,Single,FALSE,2,ENTERTAINMENT/RECREATION; PERFORMING ARTS,BUILDING,https://catalog.archives.gov/id/88687290,FALSE,FALSE,TRUE,FALSE,FALSE,6/18/75,NA,NA,NA,75000111,"NE of Madison in town of Lakewood on bank of Lake Wesserunsett, Madison, MAINE",44.83145,-69.77811,ME,FALSE
100008654,SG,Ambassador Theater,MARYLAND,Baltimore,Baltimore,4604 Liberty Heights Ave.,Listed,Single,FALSE,0.9,ARCHITECTURE; ENTERTAINMENT/RECREATION,building,NA,FALSE,FALSE,FALSE,TRUE,FALSE,2/27/23,NA,B-5337,NA,100008654,"4604 Liberty Heights Ave., Baltimore, MARYLAND",39.33147501635,-76.694781685572,MD,FALSE
99001670,NA,Hippodrome Theatre,MARYLAND,Baltimore,Baltimore (Independent City),12 N. Eutaw St.,Listed,Single,FALSE,0.4,ENTERTAINMENT/RECREATION; PERFORMING ARTS; ARCHITECTURE,BUILDING,https://catalog.archives.gov/id/106776594,FALSE,FALSE,FALSE,TRUE,FALSE,1/14/00,NA,B-2338,NA,99001670,"12 N. Eutaw St., Baltimore (Independent City), MARYLAND",39.289572289814,-76.621145827985,MD,FALSE
86000131,NA,Lyric Theatre,MARYLAND,Baltimore,Baltimore (Independent City),124 W. Mt. Royal Ave.,Listed,Single,FALSE,9,ARCHITECTURE; PERFORMING ARTS,BUILDING,https://catalog.archives.gov/id/106776656,FALSE,FALSE,FALSE,TRUE,FALSE,1/23/86,NA,Baltimore Music Hall,NA,86000131,"124 W. Mt. Royal Ave., Baltimore (Independent City), MARYLAND",39.305570782387,-76.618178697707,MD,FALSE
86000131,MP,Lyric Theatre (Additional Documentation),MARYLAND,Baltimore,Baltimore (Independent City),124 W. Mt. Royal Ave.,Listed,Multiple,FALSE,9,ARCHITECTURE; PERFORMING ARTS; SOCIAL HISTORY,building,https://catalog.archives.gov/id/106776656,FALSE,FALSE,FALSE,TRUE,FALSE,9/26/24,NA,Baltimore Music Hall,NA,86000131,"124 W. Mt. Royal Ave., Baltimore (Independent City), MARYLAND",39.305570782387,-76.618178697707,MD,FALSE
89001153,NA,Senator Theatre,MARYLAND,Baltimore,Baltimore (Independent City),5904--5906 York Rd.,Listed,Single,FALSE,0.9,ARCHITECTURE,BUILDING,https://catalog.archives.gov/id/106776788,FALSE,FALSE,FALSE,TRUE,FALSE,8/24/89,NA,NA,NA,89001153,"5904--5906 York Rd., Baltimore (Independent City), MARYLAND",39.363540070766,-76.610206857608,MD,FALSE
99000133,NA,Bethesda Theatre,MARYLAND,Montgomery,Bethesda,7719 Wisconsin Ave.,Listed,Single,FALSE,0.4,ARCHITECTURE; ENTERTAINMENT/RECREATION,BUILDING,https://catalog.archives.gov/id/106777779,FALSE,FALSE,FALSE,TRUE,FALSE,2/5/99,NA,Boro Theatre; M:35-14-4,NA,99000133,"7719 Wisconsin Ave., Bethesda, MARYLAND",38.987236623181,-77.094648255545,MD,FALSE
78001478,NA,Colonial Theatre,MARYLAND,Washington,Hagerstown,12--14 S. Potomac St.,Listed,Single,FALSE,0.9,ART; ARCHITECTURE; PERFORMING ARTS,BUILDING,https://catalog.archives.gov/id/106778422,FALSE,FALSE,TRUE,FALSE,FALSE,8/2/78,NA,NA,NA,78001478,"12--14 S. Potomac St., Hagerstown, MARYLAND",39.641529577617,-77.72047609916,MD,FALSE
76001015,NA,Maryland Theatre,MARYLAND,Washington,Hagerstown,21--23 S. Potomac St.,Listed,Single,FALSE,0.9,ARCHITECTURE; SOCIAL HISTORY; PERFORMING ARTS,BUILDING,https://catalog.archives.gov/id/106778504,FALSE,FALSE,TRUE,FALSE,FALSE,11/13/76,NA,NA,NA,76001015,"21--23 S. Potomac St., Hagerstown, MARYLAND",39.641506695022,-77.720944312271,MD,TRUE
96000301,NA,Mar-Va Theater,MARYLAND,Worcester,Pocomoke City,103 Market St.,Listed,Single,FALSE,0.1,ARCHITECTURE,BUILDING,https://catalog.archives.gov/id/106778659,FALSE,FALSE,FALSE,TRUE,FALSE,3/21/96,NA,WO-363,NA,96000301,"103 Market St., Pocomoke City, MARYLAND",38.076098853758,-75.56908077354,MD,FALSE
83000591,NA,Garden Theater Block,MASSACHUSETTS,Franklin,Greenfield,361 Main St. (formerly 353-367),Listed,Single,FALSE,0.6,ARCHITECTURE,BUILDING,https://catalog.archives.gov/id/63795131,FALSE,FALSE,FALSE,TRUE,FALSE,9/1/83,NA,NA,NA,83000591,"361 Main St. (formerly 353-367), Greenfield, MASSACHUSETTS",42.587328661507,-72.599781096261,MA,FALSE
79000348,NA,"Sanderson, Julia, Theater",MASSACHUSETTS,Hampden,Springfield,1676-1708 Main St.,Listed,Single,FALSE,0.8,COMMERCE; ARCHITECTURE; PERFORMING ARTS,BUILDING,https://catalog.archives.gov/id/63795339,FALSE,FALSE,FALSE,TRUE,FALSE,5/10/79,NA,Paramount Theater,NA,79000348,"1676-1708 Main St., Springfield, MASSACHUSETTS",42.104318641175,-72.594944989586,MA,FALSE
85001025,NA,Capitol Theater Building,MASSACHUSETTS,Middlesex,Arlington,202--208 Massachusetts Ave.,Listed,Multiple,FALSE,0.9,ARCHITECTURE,BUILDING,https://catalog.archives.gov/id/63790641,FALSE,FALSE,FALSE,TRUE,FALSE,4/18/85,NA,NA,NA,85001025,"202--208 Massachusetts Ave., Arlington, MASSACHUSETTS",42.405904043655,-71.14314822999,MA,FALSE
89002330,NA,Somerville Theatre,MASSACHUSETTS,Middlesex,Somerville,55 Davis Sq.,Listed,Multiple,FALSE,0.9,COMMUNITY PLANNING AND DEVELOPMENT; ENTERTAINMENT/RECREATION; COMMERCE; PERFORMING ARTS; ARCHITECTURE,BUILDING,https://catalog.archives.gov/id/63791353,FALSE,FALSE,FALSE,TRUE,FALSE,1/26/90,NA,Hobbs Building,NA,89002330,"55 Davis Sq., Somerville, MASSACHUSETTS",42.396641076727,-71.123001822793,MA,FALSE
89001315,NA,Wollaston Theatre,MASSACHUSETTS,Norfolk,Quincy,14 Beale St.,Listed,Multiple,FALSE,0.4,COMMUNITY PLANNING AND DEVELOPMENT; ARCHITECTURE,BUILDING,https://catalog.archives.gov/id/63792530,FALSE,FALSE,FALSE,TRUE,FALSE,9/20/89,NA,NA,NA,89001315,"14 Beale St., Quincy, MASSACHUSETTS",42.267109994901,-71.016704035465,MA,FALSE
80000445,NA,Metropolitan Theatre,MASSACHUSETTS,Suffolk,Boston,252-272 Tremont St.,Listed,Multiple,FALSE,0.9,ARCHITECTURE; PERFORMING ARTS,BUILDING,https://catalog.archives.gov/id/63792751,FALSE,TRUE,TRUE,TRUE,FALSE,12/9/80,NA,Music Hall,NA,80000445,"252-272 Tremont St., Boston, MASSACHUSETTS",42.350389986462,-71.064790008154,MA,FALSE
100009307,SG,Repertory Theatre of Boston,MASSACHUSETTS,Suffolk,Boston,264 Huntington Ave.,Listed,Single,FALSE,0.9,ARCHITECTURE; ENTERTAINMENT/RECREATION,building,NA,FALSE,FALSE,FALSE,TRUE,FALSE,8/29/23,NA,Huntington Theatre; Jewett Repertory Theatre,NA,100009307,"264 Huntington Ave., Boston, MASSACHUSETTS",42.341834996986,-71.085590958169007,MA,FALSE
80000444,NA,"Shubert, Sam S., Theatre",MASSACHUSETTS,Suffolk,Boston,263-265 Tremont St.,Listed,Multiple,FALSE,0.9,ARCHITECTURE; PERFORMING ARTS,BUILDING,https://catalog.archives.gov/id/63792749,FALSE,TRUE,TRUE,TRUE,FALSE,12/9/80,NA,NA,NA,80000444,"263-265 Tremont St., Boston, MASSACHUSETTS",42.350380011997,-71.065410017532,MA,FALSE
79000370,NA,Washington Street Theatre District,MASSACHUSETTS,Suffolk,Boston,511-559 Washington St.,Listed,Single,FALSE,1.7,ARCHITECTURE; PERFORMING ARTS,DISTRICT,https://catalog.archives.gov/id/63796945,FALSE,FALSE,FALSE,TRUE,FALSE,3/19/79,NA,NA,NA,79000370,"511-559 Washington St., Boston, MASSACHUSETTS",42.353612995871,-71.062695035274,MA,FALSE
80000443,NA,Wilbur Theatre,MASSACHUSETTS,Suffolk,Boston,244-250 Tremont St.,Listed,Multiple,FALSE,0.2,ARCHITECTURE; PERFORMING ARTS,BUILDING,https://catalog.archives.gov/id/63792747,FALSE,TRUE,TRUE,TRUE,FALSE,12/9/80,NA,Ye Wilbur Theatre,NA,80000443,"244-250 Tremont St., Boston, MASSACHUSETTS",42.350699991151,-71.064669979301,MA,FALSE
10001122,NA,Poli's Palace Theater,MASSACHUSETTS,Worcester,Worcester,2 Southbridge St,Listed,Single,FALSE,0.9,ARCHITECTURE; ENTERTAINMENT/RECREATION; PERFORMING ARTS,BUILDING,https://catalog.archives.gov/id/63797408,FALSE,FALSE,FALSE,TRUE,FALSE,1/10/11,NA,Showcase Cinema; Franklin Sq. Theatre; Grand Theatre; The Hanover Theatre,NA,10001122,"2 Southbridge St, Worcester, MASSACHUSETTS",42.260835008817,-71.802971983237,MA,FALSE
100010158,SG,Capri Drive-In Theater,MICHIGAN,Branch,Batavia Township,119 West Chicago Road,Listed,Single,FALSE,15.98,ENTERTAINMENT/RECREATION,district,NA,FALSE,FALSE,FALSE,TRUE,FALSE,3/26/24,NA,NA,NA,100010158,"119 West Chicago Road, Batavia Township, MICHIGAN",41.933876998692,-85.060418017702,MI,FALSE
85000165,NA,Capitol Theatre Building,MICHIGAN,Genesee,Flint,140 E. 2nd St.,Listed,Single,FALSE,1,ARCHITECTURE; PERFORMING ARTS,BUILDING,https://catalog.archives.gov/id/25339302,FALSE,FALSE,FALSE,TRUE,FALSE,1/31/85,NA,NA,NA,85000165,"140 E. 2nd St., Flint, MICHIGAN",43.015211994301,-83.68867899463,MI,FALSE
85000061,NA,Ironwood Theatre Complex,MICHIGAN,Gogebic,Ironwood,Aurora St.,Listed,Single,FALSE,0.9,ENTERTAINMENT/RECREATION; ARCHITECTURE,BUILDING,https://catalog.archives.gov/id/25339328,FALSE,FALSE,FALSE,TRUE,FALSE,1/11/85,NA,Ironwood Theatre;Vertin Building;Burchell Building,NA,85000061,"Aurora St., Ironwood, MICHIGAN",46.455164247104,-90.167464873125,MI,FALSE
71000392,NA,Calumet Theatre,MICHIGAN,Houghton,Calumet,340 6th St.,Listed,Single,FALSE,0.9,PERFORMING ARTS,BUILDING,https://catalog.archives.gov/id/25339441,FALSE,FALSE,TRUE,FALSE,FALSE,8/5/71,NA,Calumet Civic Auditorium,NA,71000392,"340 6th St., Calumet, MICHIGAN",47.247861999668,-88.4533519896,MI,FALSE
80001871,NA,Strand Theatre and Arcade,MICHIGAN,Ingham,Lansing,211-219 S. Washington Ave.,Listed,Multiple,FALSE,0.9,ARCHITECTURE; PERFORMING ARTS,BUILDING,https://catalog.archives.gov/id/25337975,FALSE,FALSE,FALSE,TRUE,FALSE,9/17/80,NA,Michigan Theater and Arcade,NA,80001871,"211-219 S. Washington Ave., Lansing, MICHIGAN",42.732338308041,-84.552178611454,MI,FALSE
80001874,NA,Michigan Theater,MICHIGAN,Jackson,Jackson,124 N. Mechanic St.,Listed,Single,FALSE,1,ARCHITECTURE; PERFORMING ARTS,BUILDING,https://catalog.archives.gov/id/25339609,FALSE,FALSE,TRUE,FALSE,FALSE,5/8/80,NA,NA,NA,80001874,"124 N. Mechanic St., Jackson, MICHIGAN",42.24813177355,-84.406286163445,MI,TRUE
83004623,AD,State Theatre (Additional Documentation),MICHIGAN,Kalamazoo,Kalamazoo,404 South Burdick St.,Listed,Add.Doc.,FALSE,0.45,ARCHITECTURE; ENTERTAINMENT/RECREATION,building,NA,FALSE,FALSE,TRUE,FALSE,FALSE,11/17/21,NA,Kalamazoo State Theatre,NA,83004623,"404 South Burdick St., Kalamazoo, MICHIGAN",42.288496295125,-85.583325310416,MI,FALSE
72000640,NA,Ramsdell Theatre,MICHIGAN,Manistee,Manistee,101 Maple St.,Listed,Single,FALSE,1,ENTERTAINMENT/RECREATION,BUILDING,https://catalog.archives.gov/id/25340037,FALSE,FALSE,FALSE,TRUE,FALSE,1/13/72,NA,NA,NA,72000640,"101 Maple St., Manistee, MICHIGAN",44.245661592225,-86.32350779433,MI,TRUE
05000714,NA,Vista Theater,MICHIGAN,Marquette,Negaunee,218 Iron St.,Listed,Single,FALSE,0.9,ARCHITECTURE; ENTERTAINMENT/RECREATION,BUILDING,https://catalog.archives.gov/id/25340065,FALSE,FALSE,FALSE,TRUE,FALSE,7/22/05,NA,NA,NA,05000714,"218 Iron St., Negaunee, MICHIGAN",46.498926775252,-87.609167346704,MI,FALSE
84001810,NA,Eagle Theater,MICHIGAN,Oakland,Pontiac,11-15 S. Saginaw St.,Listed,Single,FALSE,0.2,ARCHITECTURE; PERFORMING ARTS,BUILDING,https://catalog.archives.gov/id/25340332,FALSE,FALSE,FALSE,TRUE,FALSE,2/16/84,NA,NA,NA,84001810,"11-15 S. Saginaw St., Pontiac, MICHIGAN",42.636340499221,-83.291346190167,MI,FALSE
100010780,SG,Rogers Theater,MICHIGAN,Presque Isle,Rogers City,257 North 3rd Street,Listed,Single,FALSE,0.9,ENTERTAINMENT/RECREATION; ARCHITECTURE,building,NA,FALSE,FALSE,FALSE,TRUE,FALSE,8/28/24,NA,Rogers City Theater,NA,100010780,"257 North 3rd Street, Rogers City, MICHIGAN",45.420838908954,-83.817780252461,MI,FALSE
80001917,NA,Michigan Theater Building,MICHIGAN,Washtenaw,Ann Arbor,521-109 E. LIberty St.,Listed,Single,FALSE,0.9,ARCHITECTURE; PERFORMING ARTS,BUILDING,https://catalog.archives.gov/id/25340696,FALSE,FALSE,FALSE,TRUE,FALSE,11/28/80,NA,NA,NA,80001917,"521-109 E. LIberty St., Ann Arbor, MICHIGAN",42.279732009526,-83.7480620126,MI,FALSE
05000719,NA,Alger Theater,MICHIGAN,Wayne,Detroit,16451 E. Warren Ave.,Listed,Single,FALSE,0.9,ENTERTAINMENT/RECREATION; ARCHITECTURE,BUILDING,https://catalog.archives.gov/id/25341140,FALSE,FALSE,FALSE,TRUE,FALSE,7/22/05,NA,NA,NA,05000719,"16451 E. Warren Ave., Detroit, MICHIGAN",42.403590009736,-82.937394009408,MI,FALSE
85000993,NA,Century Building and Little Theatre,MICHIGAN,Wayne,Detroit,333 Madison,Listed,Single,FALSE,0.9,SOCIAL HISTORY; ARCHITECTURE,BUILDING,https://catalog.archives.gov/id/25341084,FALSE,FALSE,FALSE,TRUE,FALSE,5/9/85,NA,Century Club,NA,85000993,"333 Madison, Detroit, MICHIGAN",42.337659426191,-83.04622187421,MI,FALSE
85000280,NA,Fox Theater Building,MICHIGAN,Wayne,Detroit,2111 Woodward Ave.,Listed,Single,FALSE,0.9,ENTERTAINMENT/RECREATION; ARCHITECTURE,BUILDING,https://catalog.archives.gov/id/25338781,FALSE,TRUE,FALSE,FALSE,FALSE,2/14/85,6/29/89,NA,NA,85000280,"2111 Woodward Ave., Detroit, MICHIGAN",42.337755985715,-83.05175703161,MI,FALSE
08000577,NA,Majestic Theater,MICHIGAN,Wayne,Detroit,4126-4140 Woodward Avenue,Listed,Single,FALSE,0.9,ARCHITECTURE,BUILDING,https://catalog.archives.gov/id/25340740,FALSE,FALSE,FALSE,TRUE,FALSE,7/2/08,NA,NA,NA,08000577,"4126-4140 Woodward Avenue, Detroit, MICHIGAN",42.351440197021,-83.06007967473,MI,FALSE
82000551,NA,"Palms, Francis, Building & State Theater",MICHIGAN,Wayne,Detroit,2111 Woodward Ave.,Listed,Single,FALSE,0.9,ENTERTAINMENT/RECREATION; ARCHITECTURE,BUILDING,https://catalog.archives.gov/id/25341098,FALSE,FALSE,TRUE,FALSE,FALSE,11/24/82,NA,Palms Building &amp; Theater,NA,82000551,"2111 Woodward Ave., Detroit, MICHIGAN",42.337755985715,-83.05175703161,MI,FALSE
84000112,NA,"Palms, Francis, Building and State Theater",MICHIGAN,Wayne,Detroit,2111 Woodward Ave.,Listed,Single,FALSE,0.9,ARCHITECTURE; PERFORMING ARTS,BUILDING,NA,FALSE,FALSE,TRUE,FALSE,FALSE,10/25/84,NA,Palm Building and Theater,NA,84000112,"2111 Woodward Ave., Detroit, MICHIGAN",42.337755985715,-83.05175703161,MI,FALSE
85000171,NA,Redford Theatre Building,MICHIGAN,Wayne,Detroit,17354 Lahser Ave.,Listed,Single,FALSE,2,ARCHITECTURE; PERFORMING ARTS,BUILDING,https://catalog.archives.gov/id/25341106,FALSE,FALSE,FALSE,TRUE,FALSE,1/31/85,NA,NA,NA,85000171,"17354 Lahser Ave., Detroit, MICHIGAN",42.417372037851,-83.257246764031,MI,FALSE
77000725,NA,Wilson Theatre,MICHIGAN,Wayne,Detroit,350 Madison Ave.,Listed,Single,FALSE,0.9,ARCHITECTURE; PERFORMING ARTS,BUILDING,https://catalog.archives.gov/id/25341096,FALSE,FALSE,FALSE,TRUE,FALSE,8/9/77,NA,Music Hall,NA,77000725,"350 Madison Ave., Detroit, MICHIGAN",42.407405653913,-82.909696330429,MI,FALSE
80001934,NA,Windego Park Auditorium/Open Air Theater,MINNESOTA,Anoka,Anoka,Between S. Ferry St. and Rum River,Listed,Single,FALSE,0.9,ARCHITECTURE; PERFORMING ARTS,STRUCTURE,https://catalog.archives.gov/id/93201338,FALSE,FALSE,FALSE,TRUE,FALSE,1/8/80,NA,NA,NA,80001934,"Between S. Ferry St. and Rum River, Anoka, MINNESOTA",45.195289158487,-93.394143718082,MN,FALSE
95001548,NA,Hennepin Theatre,MINNESOTA,Hennepin,Minneapolis,910 Hennepin Ave.,Listed,Single,FALSE,0.9,ARCHITECTURE; PERFORMING ARTS,BUILDING,https://catalog.archives.gov/id/93201909,FALSE,FALSE,FALSE,TRUE,FALSE,1/19/96,NA,Hennepin Orpheum Theatre;RKO Orpheum Theatre;Orpheum Theatre,NA,95001548,"910 Hennepin Ave., Minneapolis, MINNESOTA",44.976721631818,-93.277914018034,MN,FALSE
13001145,NA,Hollywood Theater,MINNESOTA,Hennepin,Minneapolis,"2815 Johnson St., NE.",Listed,Single,FALSE,0.2,ARCHITECTURE; ENTERTAINMENT/RECREATION,BUILDING,NA,FALSE,FALSE,FALSE,TRUE,FALSE,2/5/14,NA,NA,NA,13001145,"2815 Johnson St., NE., Minneapolis, MINNESOTA",45.019077274492,-93.236755939776,MN,FALSE
95001230,NA,"Shubert, Sam S., Theatre",MINNESOTA,Hennepin,Minneapolis,"516 Hennepin Ave., S.",Listed,Single,FALSE,0.6,PERFORMING ARTS; ARCHITECTURE,BUILDING,https://catalog.archives.gov/id/93202017,FALSE,FALSE,FALSE,TRUE,FALSE,10/31/95,NA,Alvin Theatre;Academy Theatre,NA,95001230,"516 Hennepin Ave., S., Minneapolis, MINNESOTA",44.979405726762,-93.273524331522,MN,FALSE
86002906,NA,Paramount Theater,MINNESOTA,Mower,Austin,125 Fourth Ave. NE,Listed,Single,FALSE,0.9,ARCHITECTURE,BUILDING,https://catalog.archives.gov/id/93202350,FALSE,FALSE,FALSE,TRUE,FALSE,10/23/86,NA,The Theater Night Club,NA,86002906,"125 Fourth Ave. NE, Austin, MINNESOTA",43.670119803245,-92.973495867557,MN,FALSE
80002098,NA,Chateau Dodge Theatre,MINNESOTA,Olmsted,Rochester,"15 1st St., SW",Listed,Single,FALSE,0.9,ENTERTAINMENT/RECREATION; ARCHITECTURE,BUILDING,https://catalog.archives.gov/id/93202429,FALSE,FALSE,TRUE,FALSE,FALSE,7/17/80,NA,Chateau Theatre,NA,80002098,"15 1st St., SW, Rochester, MINNESOTA",44.022877017978,-92.463949999057,MN,FALSE
10000475,NA,"Shubert, Sam S., Theatre and Shubert Building",MINNESOTA,Ramsey,Saint Paul,10 E Exchange St and 488 N Wabasha St,Listed,Single,FALSE,0.9,ENTERTAINMENT/RECREATION; ARCHITECTURE,BUILDING,https://catalog.archives.gov/id/93202703,FALSE,FALSE,FALSE,TRUE,FALSE,7/19/10,NA,World Theater; Fitzgerald Theater;Fitzgerald Condominiums,NA,10000475,"10 E Exchange St and 488 N Wabasha St, Saint Paul, MINNESOTA",44.949049616674,-93.097704440866,MN,FALSE
74001041,NA,Odeon Theater,MINNESOTA,Redwood,Belview,Main St.,Listed,Single,FALSE,0.9,ENTERTAINMENT/RECREATION; ARCHITECTURE,BUILDING,https://catalog.archives.gov/id/93202753,FALSE,FALSE,FALSE,TRUE,FALSE,8/30/74,NA,NA,NA,74001041,"Main St., Belview, MINNESOTA",44.609874452234,-95.329517236876,MN,FALSE
80002157,NA,Palace Theater,MINNESOTA,Rock,Luverne,Main St. and Freeman Ave.,Listed,Multiple,FALSE,0.9,ENTERTAINMENT/RECREATION; ARCHITECTURE,BUILDING,https://catalog.archives.gov/id/93200931,FALSE,FALSE,FALSE,TRUE,FALSE,3/18/80,NA,NA,NA,80002157,"Main St. and Freeman Ave., Luverne, MINNESOTA",43.654250010687,-96.209523964771,MN,FALSE
15000440,NA,Ely State Theater,MINNESOTA,St. Louis,Ely,234 E. Sheridan St.,Listed,Single,FALSE,0.9,ARCHITECTURE,BUILDING,NA,FALSE,FALSE,FALSE,TRUE,FALSE,7/21/15,NA,NA,NA,15000440,"234 E. Sheridan St., Ely, MINNESOTA",47.902932962358,-91.862882967974,MN,FALSE
80002199,NA,Coliseum Theatre,MISSISSIPPI,Alcorn,Corinth,404 Taylor St.,Listed,Single,FALSE,0.3,ENTERTAINMENT/RECREATION; ARCHITECTURE,BUILDING,https://catalog.archives.gov/id/73890824,FALSE,FALSE,FALSE,TRUE,FALSE,8/21/80,NA,NA,NA,80002199,"404 Taylor St., Corinth, MISSISSIPPI",34.933994542645,-88.518826533668,MS,FALSE
08000761,NA,Beverly Drive-In Theatre,MISSISSIPPI,Forrest,Hattiesburg,5320 US Hwy 49 S.,Listed,Single,FALSE,11,ARCHITECTURE; ENTERTAINMENT/RECREATION,DISTRICT,https://catalog.archives.gov/id/73891132,FALSE,FALSE,TRUE,FALSE,FALSE,7/30/08,NA,NA,NA,08000761,"5320 US Hwy 49 S., Hattiesburg, MISSISSIPPI",31.278253772166,-89.290656826466,MS,FALSE
79001307,NA,Saenger Theatre,MISSISSIPPI,Forrest,Hattiesburg,Forrest and Front Sts.,Listed,Single,FALSE,0.9,ENTERTAINMENT/RECREATION; ARCHITECTURE,BUILDING,https://catalog.archives.gov/id/73891112,FALSE,FALSE,FALSE,TRUE,FALSE,5/29/79,NA,Saenger Center,NA,79001307,"Forrest and Front Sts., Hattiesburg, MISSISSIPPI",31.325674793369,-89.290549303075,MS,FALSE
84002200,NA,Saenger Theater,MISSISSIPPI,Harrison,Biloxi,416 Reynoir St.,Listed,Multiple,FALSE,0.9,ARCHITECTURE,BUILDING,https://catalog.archives.gov/id/73889939,FALSE,FALSE,FALSE,TRUE,FALSE,5/18/84,NA,NA,NA,84002200,"416 Reynoir St., Biloxi, MISSISSIPPI",30.408212132416,-88.890447233539,MS,TRUE
79003407,NA,Temple Theater,MISSISSIPPI,Lauderdale,Meridian,2318 8th St.,Listed,Multiple,FALSE,1,ENTERTAINMENT/RECREATION,BUILDING,https://catalog.archives.gov/id/73890146,FALSE,FALSE,TRUE,FALSE,FALSE,12/18/79,NA,NA,NA,79003407,"2318 8th St., Meridian, MISSISSIPPI",32.365103821247,-88.701977122447,MS,FALSE
100012647,SG,The Princess Theatre,MISSOURI,Adair,Kirksville,202 S. Franklin Street,Listed,Single,FALSE,0.9,ENTERTAINMENT/RECREATION,building,NA,FALSE,FALSE,FALSE,TRUE,FALSE,1/29/26,NA,The Princess Emporium; Sieren's Palace,NA,100012647,"202 S. Franklin Street, Kirksville, MISSOURI",40.193714439028,-92.583555147324,MO,FALSE
70000321,NA,Mule Barn Theatre,MISSOURI,Atchison,Tarkio,10th and Park Sts.,Listed,Single,FALSE,0.9,AGRICULTURE; ARCHITECTURE,BUILDING,NA,FALSE,FALSE,TRUE,FALSE,FALSE,10/15/70,NA,David Rankin Mule Barn,NA,70000321,"10th and Park Sts., Tarkio, MISSOURI",40.444614012001,-95.387747006206,MO,FALSE
79001349,NA,Missouri Theater,MISSOURI,Boone,Columbia,201-215 S. 9th St.,Listed,Single,FALSE,0.3,ENTERTAINMENT/RECREATION; ARCHITECTURE,BUILDING,https://catalog.archives.gov/id/63818336,FALSE,FALSE,FALSE,TRUE,FALSE,6/6/79,NA,NA,NA,79001349,"201-215 S. 9th St., Columbia, MISSOURI",38.948900396446,-92.327783467401,MO,FALSE
79001353,NA,Missouri Theater and Missouri Theater Building,MISSOURI,Buchanan,St. Joseph,112-128 S. 8th St. and 713-721 Edmond St.,Listed,Single,FALSE,0.9,ENTERTAINMENT/RECREATION; ARCHITECTURE,BUILDING,https://catalog.archives.gov/id/63818395,FALSE,FALSE,TRUE,FALSE,FALSE,10/11/79,NA,NA,NA,79001353,"112-128 S. 8th St. and 713-721 Edmond St., St. Joseph, MISSOURI",39.765837979394,-94.850702963234,MO,FALSE
01000750,NA,Rodgers Theatre Building,MISSOURI,Butler,Poplar Bluff,"204,214,216,218,220,222 and 224 N. Broadway",Listed,Single,FALSE,0.9,ARCHITECTURE,BUILDING,https://catalog.archives.gov/id/63818418,FALSE,FALSE,FALSE,TRUE,FALSE,7/19/01,NA,NA,NA,01000750,"204,214,216,218,220,222 and 224 N. Broadway, Poplar Bluff, MISSOURI",36.755212543884,-90.393966087324,MO,FALSE
15000354,NA,Broadway Theatre,MISSOURI,Cape Girardeau,Cape Girardeau,805 Broadway,Listed,Single,FALSE,0.3,ENTERTAINMENT/RECREATION,BUILDING,NA,FALSE,FALSE,FALSE,TRUE,FALSE,6/15/15,NA,"New Broadway Theatre, Fox Broadway; Kerasotes Broadway Theatre",NA,15000354,"805 Broadway, Cape Girardeau, MISSOURI",37.306567513061,-89.528509103474,MO,FALSE
05001025,NA,Esquire Theater,MISSOURI,Cape Girardeau,Cape Girardeau,824 Broadway,Listed,Multiple,FALSE,0.9,ARCHITECTURE,BUILDING,https://catalog.archives.gov/id/63817083,FALSE,FALSE,FALSE,TRUE,FALSE,9/15/05,NA,NA,NA,05001025,"824 Broadway, Cape Girardeau, MISSOURI",37.307086436687,-89.529049736228,MO,FALSE
08000560,NA,Armour Theatre Building,MISSOURI,Clay,North Kansas City,400-410 Armour Rd,Listed,Single,FALSE,0.9,COMMUNITY PLANNING AND DEVELOPMENT; ARCHITECTURE; ENTERTAINMENT/RECREATION,BUILDING,https://catalog.archives.gov/id/63818633,FALSE,FALSE,FALSE,TRUE,FALSE,6/24/08,NA,NA,NA,08000560,"400-410 Armour Rd, North Kansas City, MISSOURI",39.142565275143,-94.575803947903,MO,FALSE
69000097,NA,Lyric Theater,MISSOURI,Cooper,Boonville,NE corner of Main and Vine Sts.,Listed,Single,FALSE,0.9,POLITICS/GOVERNMENT; ARCHITECTURE; PERFORMING ARTS,BUILDING,https://catalog.archives.gov/id/63818741,FALSE,TRUE,FALSE,FALSE,FALSE,5/21/69,NA,Thespian Hall,NA,69000097,"NE corner of Main and Vine Sts., Boonville, MISSOURI",38.973540006659,-92.743212968457,MO,FALSE
91000887,NA,Gillioz Theater,MISSOURI,Greene,Springfield,325 Park Central E.,Listed,Single,FALSE,0.9,ENTERTAINMENT/RECREATION; ARCHITECTURE,BUILDING,https://catalog.archives.gov/id/63818909,FALSE,FALSE,FALSE,TRUE,FALSE,7/9/91,NA,NA,NA,91000887,"325 Park Central E., Springfield, MISSOURI",37.209098551985,-93.2903983599,MO,FALSE
77000806,NA,Landers Theater,MISSOURI,Greene,Springfield,311 E. Walnut,Listed,Single,FALSE,0.9,ENTERTAINMENT/RECREATION; ARCHITECTURE,BUILDING,https://catalog.archives.gov/id/63818893,FALSE,FALSE,FALSE,TRUE,FALSE,8/12/77,NA,NA,NA,77000806,"311 E. Walnut, Springfield, MISSOURI",37.207333993729,-93.290945195263,MO,FALSE
100012640,SG,Englewood Theatre,MISSOURI,Jackson,Independence,10917 E. Winner Rd.,Listed,Single,FALSE,0.9,ARCHITECTURE,building,NA,FALSE,FALSE,FALSE,TRUE,FALSE,1/29/26,NA,KC Opry,NA,100012640,"10917 E. Winner Rd., Independence, MISSOURI",39.087526346132,-94.44875793273,MO,FALSE
77000808,NA,Loew's Midland Theater-Midland Building,MISSOURI,Jackson,Kansas City,1232--1234 Main St. and 1221--1233 Baltimore Ave.,Listed,Single,FALSE,0.8,COMMERCE; ART; ENGINEERING; ARCHITECTURE; SOCIAL HISTORY; PERFORMING ARTS,BUILDING,https://catalog.archives.gov/id/63819164,FALSE,TRUE,FALSE,FALSE,FALSE,9/28/77,NA,Midland Theater;Midland Office Building,NA,77000808,"1232--1234 Main St. and 1221--1233 Baltimore Ave., Kansas City, MISSOURI",39.037555283419,-94.587205431698,MO,FALSE
07000043,NA,Mainstreet Theatre,MISSOURI,Jackson,Kansas City,1400 Main St.,Listed,Single,FALSE,0.9,ARCHITECTURE,BUILDING,https://catalog.archives.gov/id/63819262,FALSE,FALSE,FALSE,TRUE,FALSE,2/15/07,NA,Junior Orpheum Theatre,NA,07000043,"1400 Main St., Kansas City, MISSOURI",39.096868563954,-94.583907236617,MO,FALSE
74001074,NA,Standard Theatre,MISSOURI,Jackson,Kansas City,300 W. 12th St.,Listed,Single,FALSE,9.9,ARCHITECTURE; SOCIAL HISTORY; PERFORMING ARTS,BUILDING,https://catalog.archives.gov/id/63819124,FALSE,FALSE,TRUE,FALSE,FALSE,6/5/74,NA,"Century Theatre, Shubert's Missouri, Folly Theater",NA,74001074,"300 W. 12th St., Kansas City, MISSOURI",39.100370439282,-94.587274917675,MO,FALSE
79001374,NA,Uptown Building and Theatre,MISSOURI,Jackson,Kansas City,3700--3712 Broadway,Listed,Single,FALSE,0.6,COMMERCE; ART; SOCIAL HISTORY; INVENTION; PERFORMING ARTS,BUILDING,https://catalog.archives.gov/id/63819166,FALSE,FALSE,FALSE,TRUE,FALSE,6/27/79,NA,"The Uptown, Uptown Theatre Building",NA,79001374,"3700--3712 Broadway, Kansas City, MISSOURI",39.06068527096,-94.591070662528,MO,FALSE
90001100,NA,Fox Theater,MISSOURI,Jasper,Joplin,415 S. Main St.,Listed,Single,FALSE,0.9,ENTERTAINMENT/RECREATION; ARCHITECTURE,BUILDING,https://catalog.archives.gov/id/63819529,FALSE,FALSE,FALSE,TRUE,FALSE,7/30/90,NA,Central Assembly Christian Life Center,NA,90001100,"415 S. Main St., Joplin, MISSOURI",37.086969654582,-94.512967334368,MO,FALSE
100009101,SG,Uptown Theatre,MISSOURI,Linn,Marceline,104 North Main St. U.S.A. (North Kansas Ave.),Listed,Single,FALSE,0.9,ARCHITECTURE; ENTERTAINMENT/RECREATION,building,NA,FALSE,FALSE,FALSE,TRUE,FALSE,7/3/23,NA,Dickinson Theatre; Cantwell Theatre,NA,100009101,"104 North Main St. U.S.A. (North Kansas Ave.), Marceline, MISSOURI",38.58969758199,-93.855790083229,MO,FALSE
100004271,SG,McCutchen Theatre,MISSOURI,Mississippi,Charleston,106 E. Commercial St.,Listed,Single,FALSE,0.9,ENTERTAINMENT/RECREATION; ARCHITECTURE,building,NA,FALSE,FALSE,FALSE,TRUE,FALSE,8/6/19,NA,NA,NA,100004271,"106 E. Commercial St., Charleston, MISSOURI",36.923691228462,-89.349573659408,MO,FALSE
06001134,NA,Community Theater,MISSOURI,Phelps,Newburg,117 First St.,Listed,Single,FALSE,0.9,ENTERTAINMENT/RECREATION,BUILDING,https://catalog.archives.gov/id/63819951,FALSE,FALSE,FALSE,TRUE,FALSE,12/20/06,NA,Lyric Theater; Newburg Theater; Regional Opera Company,NA,06001134,"117 First St., Newburg, MISSOURI",37.912686820101,-91.901409463911,MO,FALSE
83001039,NA,Ambassador Theater Building,MISSOURI,St. Louis,St. Louis (Independent City),411 N. 7th St.,Listed,Single,FALSE,0.9,ARCHITECTURE,BUILDING,https://catalog.archives.gov/id/63820605,FALSE,FALSE,TRUE,FALSE,FALSE,3/29/83,NA,NA,NA,83001039,"411 N. 7th St., St. Louis (Independent City), MISSOURI",38.629349555238,-90.190953904553,MO,FALSE
85000617,NA,American Theater,MISSOURI,St. Louis,St. Louis (Independent City),416 N. 9th St.,Listed,Single,FALSE,0.9,ARCHITECTURE,BUILDING,https://catalog.archives.gov/id/63820479,FALSE,TRUE,FALSE,FALSE,FALSE,3/18/85,NA,NA,NA,85000617,"416 N. 9th St., St. Louis (Independent City), MISSOURI",38.630049153524,-90.192703264855,MO,FALSE
05000811,NA,Beverly Theater,MISSOURI,St. Louis,University City,7740 Olive Blvd.,Listed,Single,FALSE,0.9,ARCHITECTURE; ENTERTAINMENT/RECREATION,BUILDING,https://catalog.archives.gov/id/63820344,FALSE,FALSE,FALSE,TRUE,FALSE,8/4/05,NA,NA,NA,05000811,"7740 Olive Blvd., University City, MISSOURI",38.67195967523,-90.337351444334,MO,FALSE
76002261,NA,Fox Theater,MISSOURI,St. Louis,St. Louis (Independent City),527 N. Grand Blvd.,Listed,Single,FALSE,1.3,ENTERTAINMENT/RECREATION; ARCHITECTURE,BUILDING,https://catalog.archives.gov/id/63820893,FALSE,TRUE,FALSE,FALSE,FALSE,10/8/76,NA,NA,NA,76002261,"527 N. Grand Blvd., St. Louis (Independent City), MISSOURI",38.639130987525,-90.232282024916,MO,FALSE
01000545,NA,St. Louis Theatre,MISSOURI,St. Louis,St. Louis (Independent City),718 N. Grand Blvd.,Listed,Single,FALSE,0.9,ARCHITECTURE; ENTERTAINMENT/RECREATION,BUILDING,https://catalog.archives.gov/id/63820819,FALSE,FALSE,FALSE,TRUE,FALSE,5/25/01,NA,Powell Symphony Hall,NA,01000545,"718 N. Grand Blvd., St. Louis (Independent City), MISSOURI",38.640131786764,-90.22998337179,MO,FALSE
82003162,NA,Washoe Theater,MONTANA,Deer Lodge,Anaconda,305 Main St.,Listed,Single,FALSE,0.9,ENTERTAINMENT/RECREATION; ARCHITECTURE,BUILDING,https://catalog.archives.gov/id/71975844,FALSE,FALSE,TRUE,FALSE,FALSE,4/30/82,NA,NA,NA,82003162,"305 Main St., Anaconda, MONTANA",46.127801270284,-112.953065472167,MT,FALSE
82003169,NA,Ruby Theatre,MONTANA,Gallatin,Three Forks,212 Main St.,Listed,Single,FALSE,0.2,EXPLORATION/SETTLEMENT; PERFORMING ARTS,BUILDING,https://catalog.archives.gov/id/71976030,FALSE,FALSE,FALSE,TRUE,FALSE,4/30/82,NA,NA,NA,82003169,"212 Main St., Three Forks, MONTANA",45.892601527291,-111.55245015637,MT,FALSE
79001407,NA,Wilma Theatre,MONTANA,Missoula,Missoula,104 S. Higgins Ave.,Listed,Single,FALSE,0.6,ARCHITECTURE; PERFORMING ARTS,BUILDING,https://catalog.archives.gov/id/71976372,FALSE,TRUE,FALSE,FALSE,FALSE,12/31/79,NA,Smead Simons Building,NA,79001407,"104 S. Higgins Ave., Missoula, MONTANA",46.869969428055,-113.995284997352,MT,FALSE
98000124,NA,Rialto Theater,MONTANA,Powell,Dear Lodge,418 Main St.,Listed,Single,FALSE,0.9,SOCIAL HISTORY; ARCHITECTURE,BUILDING,https://catalog.archives.gov/id/71976484,FALSE,FALSE,FALSE,TRUE,FALSE,2/19/98,NA,NA,NA,98000124,"418 Main St., Dear Lodge, MONTANA",46.398222714848,-112.735759184107,MT,FALSE
93001447,NA,Yucca Theatre,MONTANA,Treasure,Hysham,520 Division St.,Listed,Single,FALSE,0.9,ARCHITECTURE; POLITICS/GOVERNMENT,BUILDING,https://catalog.archives.gov/id/71976639,FALSE,FALSE,TRUE,TRUE,FALSE,1/7/94,NA,Manning Residence/24TE,NA,93001447,"520 Division St., Hysham, MONTANA",46.2922183081,-107.232368784101,MT,FALSE
83001077,NA,Fort Peck Theatre,MONTANA,Valley,Fort Peck,Missouri Ave.,Listed,Single,FALSE,1.2,ENTERTAINMENT/RECREATION; ARCHITECTURE,BUILDING,https://catalog.archives.gov/id/71976643,FALSE,FALSE,TRUE,FALSE,FALSE,6/27/83,NA,Fort Peck Summer Theatre,NA,83001077,"Missouri Ave., Fort Peck, MONTANA",48.000871661204,-106.459071351331,MT,FALSE
13000153,NA,Babcock Theatre Building,MONTANA,Yellowstone,Billings,114-124 N. 28th & 2808-2812 2nd Aves.,Listed,Single,FALSE,0.9,ARCHITECTURE; ENTERTAINMENT/RECREATION; COMMERCE,BUILDING,NA,FALSE,FALSE,FALSE,TRUE,FALSE,4/9/13,NA,NA,NA,13000153,"114-124 N. 28th & 2808-2812 2nd Aves., Billings, MONTANA",45.782935994576,-108.506606988845,MT,FALSE
06000607,NA,Fort Theater,NEBRASKA,Buffalo,Kearney,2205 Central Ave.,Listed,Single,FALSE,0.9,ENTERTAINMENT/RECREATION,BUILDING,https://catalog.archives.gov/id/73920127,FALSE,FALSE,FALSE,TRUE,FALSE,7/12/06,NA,BF05-176,NA,06000607,"2205 Central Ave., Kearney, NEBRASKA",40.69795699357,-99.081289469768,NE,FALSE
09000903,NA,Masonic Temple and World Theater Building,NEBRASKA,Buffalo,Kearney,2318 Central Ave.,Listed,Single,FALSE,0.9,ENTERTAINMENT/RECREATION; SOCIAL HISTORY,BUILDING,https://catalog.archives.gov/id/73920129,FALSE,FALSE,FALSE,TRUE,FALSE,11/10/09,NA,BF05-471,NA,09000903,"2318 Central Ave., Kearney, NEBRASKA",40.699149989849,-99.081918028687,NE,FALSE
88000930,NA,Army Theatre,NEBRASKA,Dawes,Crawford,Fort Robinson State Park,Listed,Multiple,FALSE,0.9,ENTERTAINMENT/RECREATION; SOCIAL HISTORY; PERFORMING ARTS,BUILDING,https://catalog.archives.gov/id/73919601,FALSE,FALSE,TRUE,FALSE,FALSE,7/7/88,NA,Trailside Museum;NeHBS #DW07-147;See Also:Fort Robinson and,NA,88000930,"Fort Robinson State Park, Crawford, NEBRASKA",42.6688538,-103.4646913,NE,FALSE
74001108,NA,Astro Theater,NEBRASKA,Douglas,Omaha,2001 Farnam St.,Listed,Single,FALSE,0.3,ARCHITECTURE; SOCIAL HISTORY,BUILDING,https://catalog.archives.gov/id/73920582,FALSE,FALSE,TRUE,FALSE,FALSE,8/13/74,NA,Riviera Theater,NA,74001108,"2001 Farnam St., Omaha, NEBRASKA",41.257509128776,-95.942471165183,NE,FALSE
73001061,MP,City National Bank Building and Creighton Orpheum Theater,NEBRASKA,Douglas,Omaha,16th and Harney Sts.,Listed,Multiple,FALSE,0.9,PERFORMING ARTS,BUILDING,https://catalog.archives.gov/id/73919630,FALSE,FALSE,TRUE,FALSE,FALSE,3/26/73,NA,Creighton Theatre;Creighton Orpheum Theatre;NeHBS D009:123-2,NA,73001061,"16th and Harney Sts., Omaha, NEBRASKA",41.256546006192,-95.937195008591,NE,FALSE
100006190,MP,Zorn Theatre,NEBRASKA,Dundy,Benkelman,706 Chief St.,Listed,Multiple,FALSE,0.9,ARCHITECTURE; ENTERTAINMENT/RECREATION; SOCIAL HISTORY,building,NA,FALSE,FALSE,FALSE,TRUE,FALSE,2/25/21,NA,Benkelman Cultural Arts Center; DN01-092,NA,100006190,"706 Chief St., Benkelman, NEBRASKA",40.0505040074,-101.532662967934,NE,FALSE
85000957,NA,Fox Theatre,NEBRASKA,Lincoln,North Platte,301 E. 5th,Listed,Single,FALSE,0.9,ARCHITECTURE; SOCIAL HISTORY,BUILDING,https://catalog.archives.gov/id/73921083,FALSE,FALSE,TRUE,FALSE,FALSE,5/9/85,NA,Neville Center for the Performing Arts,NA,85000957,"301 E. 5th, North Platte, NEBRASKA",41.137364018307,-100.760230021905,NE,FALSE
13000677,NA,Grand Theater,NEBRASKA,Madison,Norfolk,120 S. 3rd St.,Listed,Single,FALSE,0.9,ENTERTAINMENT/RECREATION; ARCHITECTURE,BUILDING,NA,FALSE,FALSE,FALSE,TRUE,FALSE,9/4/13,NA,"Rialto Theater, Cinema Theater (MD06-517)",NA,13000677,"120 S. 3rd St., Norfolk, NEBRASKA",42.031818992473,-97.410631998168,NE,FALSE
88000942,NA,Gehling's Theatre,NEBRASKA,Richardson,Falls City,1592 Stone St.,Listed,Multiple,FALSE,0.9,ENTERTAINMENT/RECREATION; PERFORMING ARTS,BUILDING,https://catalog.archives.gov/id/73919850,FALSE,FALSE,TRUE,FALSE,FALSE,9/28/88,NA,NeHBS #RH03-76;OHBIN #11-29-04,NA,88000942,"1592 Stone St., Falls City, NEBRASKA",40.060652463202,-95.60290259277,NE,FALSE
97000728,NA,Midwest Theater,NEBRASKA,Scotts Bluff,Scottsbluff,1707 Broadway,Listed,Single,FALSE,0.9,ARCHITECTURE; ENTERTAINMENT/RECREATION,BUILDING,https://catalog.archives.gov/id/73921403,FALSE,FALSE,FALSE,TRUE,FALSE,7/3/97,NA,NeHBS #SF11-10,NA,97000728,"1707 Broadway, Scottsbluff, NEBRASKA",41.863611378643,-103.662527447409,NE,TRUE
93000686,NA,Huntridge Theater,NEVADA,Clark,Las Vegas,1208 E. Charleston Blvd.,Listed,Single,FALSE,2,ENTERTAINMENT/RECREATION; ARCHITECTURE,BUILDING,https://catalog.archives.gov/id/63816484,FALSE,FALSE,FALSE,TRUE,FALSE,7/22/93,NA,Huntridge Performing Arts Theater,NA,93000686,"1208 E. Charleston Blvd., Las Vegas, NEVADA",36.158134628161,-115.136232653231,NV,FALSE
100009942,SG,Gem Theater,NEVADA,Lincoln,Pioche,648 Main Street,Listed,Single,FALSE,0.16,ENTERTAINMENT/RECREATION,building,NA,FALSE,FALSE,FALSE,TRUE,FALSE,2/7/24,NA,NA,NA,100009942,"648 Main Street, Pioche, NEVADA",37.930039371331,-114.451050960669,NV,TRUE
04001528,NA,Pioneer Theater-Auditorium,NEVADA,Washoe,Reno,100 S. Virginia St.,Listed,Single,FALSE,1.1,PERFORMING ARTS; ARCHITECTURE,BUILDING,https://catalog.archives.gov/id/63816797,FALSE,FALSE,FALSE,TRUE,FALSE,1/19/05,NA,Pioneer Center for the Performing Arts,NA,04001528,"100 S. Virginia St., Reno, NEVADA",39.524249401653,-119.811499407427,NV,FALSE
93000692,NA,Capital Theater,NEVADA,White Pine,Ely,460 Aultman St.,Listed,Single,FALSE,0.9,ENTERTAINMENT/RECREATION; ARCHITECTURE,BUILDING,https://catalog.archives.gov/id/63816859,FALSE,FALSE,FALSE,TRUE,FALSE,8/5/93,NA,NA,NA,93000692,"460 Aultman St., Ely, NEVADA",39.248058942108,-114.893328944864,NV,FALSE
93000691,NA,Central Theater,NEVADA,White Pine,Ely,145 W. 15th Ave.,Listed,Single,FALSE,0.9,ENTERTAINMENT/RECREATION; ARCHITECTURE,BUILDING,https://catalog.archives.gov/id/63816853,FALSE,FALSE,FALSE,TRUE,FALSE,8/5/93,NA,NA,NA,93000691,"145 W. 15th Ave., Ely, NEVADA",39.251020019525,-114.883234964164,NV,FALSE
100005742,SG,Colonial Theatre Complex,NEW HAMPSHIRE,Belknap,Laconia,609-621 Main St. and 21-31 Canal St.,Listed,Single,FALSE,0.48,ARCHITECTURE; ART; ENTERTAINMENT/RECREATION; COMMERCE; PERFORMING ARTS; SOCIAL HISTORY,building,NA,FALSE,FALSE,FALSE,TRUE,FALSE,11/5/20,NA,NA,NA,100005742,"609-621 Main St. and 21-31 Canal St., Laconia, NEW HAMPSHIRE",43.528325913254,-71.470301035545,NH,FALSE
82003269,NA,Collingswood Theatre,NEW JERSEY,Camden,Collingswood,843 Haddon Ave.,Listed,Single,FALSE,0.5,ARCHITECTURE; PERFORMING ARTS,BUILDING,NA,FALSE,FALSE,FALSE,TRUE,FALSE,6/3/82,NA,NA,NA,82003269,"843 Haddon Ave., Collingswood, NEW JERSEY",39.915223849501,-75.065138408255,NJ,FALSE
02001625,NA,Ritz Theatre,NEW JERSEY,Camden,Haddon,915 White Horse Pike,Listed,Single,FALSE,0.9,ENTERTAINMENT/RECREATION; ARCHITECTURE; COMMUNITY PLANNING AND DEVELOPMENT,BUILDING,NA,FALSE,FALSE,FALSE,TRUE,FALSE,12/26/02,NA,NA,NA,02001625,"915 White Horse Pike, Haddon, NEW JERSEY",39.892465589681,-75.066961211879,NJ,FALSE
10000834,NA,Westmont Theatre,NEW JERSEY,Camden,Haddon Township,49 Haddon Ave,Listed,Single,FALSE,0.8,ENTERTAINMENT/RECREATION; COMMUNITY PLANNING AND DEVELOPMENT,BUILDING,NA,FALSE,FALSE,FALSE,TRUE,FALSE,10/14/10,NA,NA,NA,10000834,"49 Haddon Ave, Haddon Township, NEW JERSEY",39.912416972179,-75.053797157041,NJ,FALSE
00001405,NA,Landis Theatre-Mori Brothers Building,NEW JERSEY,Cumberland,Vineland,830-834 Landis Ave.,Listed,Single,FALSE,1,ARCHITECTURE; ENGINEERING; ENTERTAINMENT/RECREATION,BUILDING,NA,FALSE,FALSE,FALSE,TRUE,FALSE,11/22/00,NA,NA,NA,00001405,"830-834 Landis Ave., Vineland, NEW JERSEY",39.487047778663,-75.043160619075,NJ,FALSE
86001957,NA,Stanley Theater,NEW JERSEY,Essex,Newark,985 S. Orange Ave.,Listed,Single,FALSE,0.5,ENTERTAINMENT/RECREATION; ARCHITECTURE,BUILDING,NA,FALSE,FALSE,FALSE,TRUE,FALSE,8/28/86,NA,"""Casa Italiana"" Father Vincent Monella Center of Italian Cul",NA,86001957,"985 S. Orange Ave., Newark, NEW JERSEY",40.746594202121,-74.228976477975,NJ,FALSE
100007648,SG,Loew’s Jersey Theatre,NEW JERSEY,Hudson,Jersey City,54 Journal Sq.,Listed,Single,FALSE,0.85,ARCHITECTURE,building,NA,FALSE,FALSE,TRUE,FALSE,FALSE,4/25/22,NA,NA,NA,100007648,"54 Journal Sq., Jersey City, NEW JERSEY",40.732287341138,-74.064615319513,NJ,FALSE
09001100,NA,"Carlton, Theatre, The",NEW JERSEY,Monmouth,Red Bank Borough,99 Monmouth St.,Listed,Single,FALSE,0.9,ARCHITECTURE,BUILDING,NA,FALSE,FALSE,FALSE,TRUE,FALSE,12/18/09,NA,The Count Basie Theatre,NA,09001100,"99 Monmouth St., Red Bank Borough, NEW JERSEY",40.348916021338,-74.070179645936,NJ,FALSE
96000536,NA,Palace Theatre,NEW JERSEY,Morris,Netcong,7 Ledgewood Ave.,Listed,Single,FALSE,0.5,SOCIAL HISTORY; EUROPEAN; ENTERTAINMENT/RECREATION; ARCHITECTURE,building,NA,FALSE,FALSE,FALSE,TRUE,FALSE,5/24/96,NA,NA,NA,96000536,"7 Ledgewood Ave., Netcong, NEW JERSEY",40.90053984006,-74.704262574531,NJ,FALSE
82003292,NA,Strand Theatre,NEW JERSEY,Ocean,Lakewood,400 Clifton Ave.,Listed,Single,FALSE,0.9,OTHER; ART; ARCHITECTURE,BUILDING,NA,FALSE,FALSE,TRUE,FALSE,FALSE,4/22/82,NA,NA,NA,82003292,"400 Clifton Ave., Lakewood, NEW JERSEY",40.094273593321,-74.215498377669,NJ,FALSE
14000190,NA,"Brook Theater, The",NEW JERSEY,Somerset,Bound Brook Borough,10 Hamilton St.,Listed,Single,FALSE,0.5,ENTERTAINMENT/RECREATION; PERFORMING ARTS,BUILDING,NA,FALSE,FALSE,FALSE,TRUE,FALSE,5/5/14,NA,The Brook Arts Center,NA,14000190,"10 Hamilton St., Bound Brook Borough, NEW JERSEY",40.562122008094,-74.529432167546,NJ,FALSE
05000965,NA,Crescent Theatre,NEW JERSEY,Sussex,Borough of Sussex,74 Main St.,Listed,Single,FALSE,0.9,ENTERTAINMENT/RECREATION,BUILDING,NA,FALSE,FALSE,FALSE,TRUE,FALSE,9/7/05,NA,Sussex Theatre; Sussex Community Center,NA,05000965,"74 Main St., Borough of Sussex, NEW JERSEY",41.209351993729,-74.607600958369,NJ,FALSE
86001509,NA,Rahway Theatre,NEW JERSEY,Union,Rahway,1601 Irving St.,Listed,Single,FALSE,0.5,ART; ARCHITECTURE; PERFORMING ARTS,BUILDING,NA,FALSE,FALSE,FALSE,TRUE,FALSE,8/13/86,NA,NA,NA,86001509,"1601 Irving St., Rahway, NEW JERSEY",40.610553818108,-74.276825997176,NJ,TRUE
77000920,NA,Kimo Theater,NEW MEXICO,Bernalillo,Albuquerque,421 Central Ave.,Listed,Single,FALSE,0.2,ART; ENTERTAINMENT/RECREATION; ARCHITECTURE,BUILDING,https://catalog.archives.gov/id/77847083,FALSE,FALSE,TRUE,FALSE,FALSE,5/2/77,NA,NA,NA,77000920,"421 Central Ave., Albuquerque, NEW MEXICO",35.084977562112996,-106.652516176297,NM,FALSE
06001250,NA,El Raton Theater,NEW MEXICO,Colfax,Raton,115 N. Second St.,Listed,Multiple,FALSE,0.9,ENTERTAINMENT/RECREATION; ARCHITECTURE,BUILDING,https://catalog.archives.gov/id/77846015,FALSE,FALSE,FALSE,TRUE,FALSE,1/17/07,NA,NA,NA,06001250,"115 N. Second St., Raton, NEW MEXICO",36.902673857707,-104.439306494053,NM,FALSE
06001253,NA,Lyceum Theater,NEW MEXICO,Curry,Clovis,409 Main St.,Listed,Multiple,FALSE,0.9,ENTERTAINMENT/RECREATION,BUILDING,https://catalog.archives.gov/id/77846029,FALSE,FALSE,FALSE,TRUE,FALSE,1/17/07,NA,NA,NA,06001253,"409 Main St., Clovis, NEW MEXICO",34.402268782445,-103.205150208997,NM,FALSE
06001255,NA,State Theater,NEW MEXICO,Curry,Clovis,504 Main St.,Listed,Multiple,FALSE,0.9,ENTERTAINMENT/RECREATION; ARCHITECTURE,BUILDING,https://catalog.archives.gov/id/77846031,FALSE,FALSE,FALSE,TRUE,FALSE,1/17/07,NA,NA,NA,06001255,"504 Main St., Clovis, NEW MEXICO",34.403181362154,-103.205740294981,NM,FALSE
03001352,NA,Rio Grande Theatre,NEW MEXICO,Dona Ana,Las Cruces,211 N. Downtown Mall,Listed,Single,FALSE,0.9,ARCHITECTURE; ENTERTAINMENT/RECREATION,BUILDING,https://catalog.archives.gov/id/77847245,FALSE,FALSE,FALSE,TRUE,FALSE,1/2/04,NA,Fox Rio Grande Theatre,NA,03001352,"211 N. Downtown Mall, Las Cruces, NEW MEXICO",32.311645468483,-106.779207349503,NM,FALSE
06001251,NA,Lea Theater,NEW MEXICO,Lea,Lovington,106 E. Central St.,Listed,Multiple,FALSE,0.9,ENTERTAINMENT/RECREATION; ARCHITECTURE,BUILDING,https://catalog.archives.gov/id/77846203,FALSE,FALSE,FALSE,TRUE,FALSE,1/17/07,NA,NA,NA,06001251,"106 E. Central St., Lovington, NEW MEXICO",32.947887127729,-103.348237761924,NM,FALSE
87002223,NA,Chief Theater,NEW MEXICO,McKinley,Gallup,228 W. Coal Ave.,Listed,Multiple,FALSE,0.9,ENTERTAINMENT/RECREATION; ARCHITECTURE,BUILDING,https://catalog.archives.gov/id/77846273,FALSE,FALSE,FALSE,TRUE,FALSE,5/16/88,NA,City Electric Shoe Shop,NA,87002223,"228 W. Coal Ave., Gallup, NEW MEXICO",35.527079913545,-108.743739411581,NM,FALSE
87002221,NA,El Morro Theater,NEW MEXICO,McKinley,Gallup,205--209 W. Coal Ave.,Listed,Multiple,FALSE,0.9,ENTERTAINMENT/RECREATION; ARCHITECTURE,BUILDING,https://catalog.archives.gov/id/77846275,FALSE,FALSE,FALSE,TRUE,FALSE,5/16/88,NA,NA,NA,87002221,"205--209 W. Coal Ave., Gallup, NEW MEXICO",35.527057617683,-108.742648590702,NM,FALSE
06001254,NA,Odeon Theater,NEW MEXICO,Quay,Tucumcari,123 South Second St.,Listed,Multiple,FALSE,0.9,ENTERTAINMENT/RECREATION; ARCHITECTURE,BUILDING,https://catalog.archives.gov/id/77846383,FALSE,FALSE,FALSE,TRUE,FALSE,1/17/07,NA,NA,NA,06001254,"123 South Second St., Tucumcari, NEW MEXICO",35.178199035664,-103.72637123043,NM,FALSE
06001252,NA,Luna Theater,NEW MEXICO,Union,Clayton,2-6 Main St.,Listed,Multiple,FALSE,0.9,ENTERTAINMENT/RECREATION; ARCHITECTURE,BUILDING,https://catalog.archives.gov/id/77846941,FALSE,FALSE,FALSE,TRUE,FALSE,1/17/07,NA,Mission Theatre,NA,06001252,"2-6 Main St., Clayton, NEW MEXICO",36.451194252098,-103.184949570887,NM,FALSE
79003235,NA,Palace Theatre,NEW YORK,Albany,Albany,19 Clinton Ave.,Listed,Multiple,FALSE,0.9,ARCHITECTURE; PERFORMING ARTS,BUILDING,https://catalog.archives.gov/id/75312095,FALSE,FALSE,FALSE,TRUE,FALSE,10/4/79,NA,Albany Civic Auditorium,NA,79003235,"19 Clinton Ave., Albany, NEW YORK",42.655051966503,-73.750361089478,NY,TRUE
07001451,NA,Binghamton Theatre,NEW YORK,Broome,Binghamton,236 Washington St.,Listed,Single,FALSE,0.9,ARCHITECTURE,BUILDING,https://catalog.archives.gov/id/75316547,FALSE,FALSE,FALSE,TRUE,FALSE,1/23/08,NA,Capri Theatre; The Forum,NA,07001451,"236 Washington St., Binghamton, NEW YORK",42.101422148804,-75.912173276726,NY,FALSE
100008388,SG,Cameo Theatre,NEW YORK,Broome,Binghamton,234 Robinson St.,Listed,Single,FALSE,0.17,ARCHITECTURE; ENTERTAINMENT/RECREATION,building,NA,FALSE,FALSE,FALSE,TRUE,FALSE,11/21/22,NA,NA,NA,100008388,"234 Robinson St., Binghamton, NEW YORK",42.107639467394,-75.883559890037,NY,FALSE
99001655,NA,Goodwill Theatre,NEW YORK,Broome,Johnson City,36 Willow St.,Listed,Single,FALSE,0.9,SOCIAL HISTORY; ENTERTAINMENT/RECREATION; ARCHITECTURE,BUILDING,https://catalog.archives.gov/id/75316571,FALSE,FALSE,FALSE,TRUE,FALSE,1/7/00,NA,NA,NA,99001655,"36 Willow St., Johnson City, NEW YORK",42.11389261862,-75.955178894082,NY,TRUE
94001333,NA,Schine Auburn Theatre,NEW YORK,Cayuga,Auburn,12--14 South St.,Listed,Single,FALSE,0.9,ENTERTAINMENT/RECREATION; ARCHITECTURE,BUILDING,https://catalog.archives.gov/id/75316729,FALSE,FALSE,FALSE,TRUE,FALSE,3/15/00,NA,Auburn Theatre,NA,94001333,"12--14 South St., Auburn, NEW YORK",42.917624638843,-76.571650438277,NY,FALSE
08000922,NA,Strand Theater,NEW YORK,Clinton,Plattsburgh,25 Brinkerhoff St.,Listed,Single,FALSE,0.9,ARCHITECTURE; ENTERTAINMENT/RECREATION,BUILDING,https://catalog.archives.gov/id/75316946,FALSE,FALSE,FALSE,TRUE,FALSE,9/15/08,NA,NA,NA,08000922,"25 Brinkerhoff St., Plattsburgh, NEW YORK",44.696708021079,-73.454681492157,NY,FALSE
100001623,SG,Crandell Theatre,NEW YORK,Columbia,Chatham,46-48 Main St.,Listed,Single,FALSE,0.22,ARCHITECTURE; ENTERTAINMENT/RECREATION,building,NA,FALSE,FALSE,FALSE,TRUE,FALSE,9/18/17,NA,Quirino's Crandell Theatre,NA,100001623,"46-48 Main St., Chatham, NEW YORK",42.363320622762,-73.595631743593,NY,FALSE
06000254,NA,Galli-Curci Theatre,NEW YORK,Delaware,Margaretville,801 Main St.,Listed,Single,FALSE,0.9,ENTERTAINMENT/RECREATION; SOCIAL HISTORY; ARCHITECTURE,BUILDING,https://catalog.archives.gov/id/75317217,FALSE,FALSE,FALSE,TRUE,FALSE,4/12/06,NA,NA,NA,06000254,"801 Main St., Margaretville, NEW YORK",42.148938361625,-74.648187474649,NY,FALSE
14001019,NA,Maxbilt Theatre,NEW YORK,Delaware,Fleischmanns,932 Main St.,Listed,Single,FALSE,0.9,ENTERTAINMENT/RECREATION; ARCHITECTURE,BUILDING,NA,FALSE,FALSE,FALSE,TRUE,FALSE,12/10/14,NA,NA,NA,14001019,"932 Main St., Fleischmanns, NEW YORK",42.156309533006,-74.530586774708,NY,FALSE
100010985,SG,Sattler Theater,NEW YORK,Erie,Buffalo,512 Broadway,Listed,Single,FALSE,0.21,ARCHITECTURE; ENTERTAINMENT/RECREATION,building,NA,FALSE,FALSE,FALSE,TRUE,FALSE,11/18/24,NA,Broadway Theater; Basil's Broadway,NA,100010985,"512 Broadway, Buffalo, NEW YORK",42.889868301754,-78.85501824266,NY,FALSE
75001186,NA,Shea's Buffalo Theater,NEW YORK,Erie,Buffalo,646 Main St.,Listed,Single,FALSE,1,ENTERTAINMENT/RECREATION; ARCHITECTURE; PERFORMING ARTS,BUILDING,https://catalog.archives.gov/id/75317703,FALSE,FALSE,TRUE,FALSE,FALSE,5/6/75,NA,The Buffalo Theater,NA,75001186,"646 Main St., Buffalo, NEW YORK",42.891761983229,-78.873148969781,NY,FALSE
100006483,SG,Loew’s Kameo Theater,NEW YORK,Kings,Brooklyn,530 Eastern Pkwy.,Listed,Single,FALSE,0.39,ARCHITECTURE; ENTERTAINMENT/RECREATION,building,NA,FALSE,FALSE,FALSE,TRUE,FALSE,4/22/21,NA,Cameo Theater; Philadelphia Sabbath Cathedral,NA,100006483,"530 Eastern Pkwy., Brooklyn, NEW YORK",40.669509275197,-73.950969033852,NY,FALSE
12000534,NA,Loew's Kings Theatre,NEW YORK,Kings,Brooklyn,1027 Flatbush Ave.,Listed,Single,FALSE,1,ARCHITECTURE; ENTERTAINMENT/RECREATION,BUILDING,https://catalog.archives.gov/id/75318439,FALSE,FALSE,FALSE,TRUE,FALSE,8/22/12,NA,NA,NA,12000534,"1027 Flatbush Ave., Brooklyn, NEW YORK",40.645896029028,-73.957913440633,NY,FALSE
10000136,NA,Parkway Theatre,NEW YORK,Kings,Brooklyn,1768 St. John's Pl.,Listed,Single,FALSE,0.9,ARCHITECTURE; PERFORMING ARTS; EUROPEAN; SOCIAL HISTORY,BUILDING,https://catalog.archives.gov/id/75318477,FALSE,FALSE,FALSE,TRUE,FALSE,3/31/10,NA,Rolland Theatre; Holy House of Prayer for all People,NA,10000136,"1768 St. John's Pl., Brooklyn, NEW YORK",40.669760397016,-73.91848287262,NY,FALSE
97000846,NA,New Family Theater,NEW YORK,Livingston,Mount Morris,102 Main St.,Listed,Single,FALSE,0.3,ARCHITECTURE; ENTERTAINMENT/RECREATION,BUILDING,https://catalog.archives.gov/id/75318680,FALSE,FALSE,FALSE,TRUE,FALSE,8/1/97,NA,NA,NA,97000846,"102 Main St., Mount Morris, NEW YORK",42.724434092047,-77.873690667503,NY,FALSE
85002860,NA,Little Theatre,NEW YORK,Monroe,Rochester,240 East Ave.,Listed,Multiple,FALSE,0.9,ENTERTAINMENT/RECREATION; ARCHITECTURE,BUILDING,https://catalog.archives.gov/id/75313630,FALSE,FALSE,FALSE,TRUE,FALSE,10/4/85,NA,NA,NA,85002860,"240 East Ave., Rochester, NEW YORK",43.156230558248,-77.597905768826,NY,FALSE
83004059,NA,Apollo Theater,NEW YORK,New York,New York,253 W. 125th St.,Listed,Single,FALSE,0.4,ARCHITECTURE; PERFORMING ARTS,BUILDING,https://catalog.archives.gov/id/75319263,FALSE,TRUE,FALSE,FALSE,FALSE,11/17/83,NA,NA,NA,83004059,"253 W. 125th St., New York, NEW YORK",40.810126890806,-73.949872680916,NY,FALSE
82001187,NA,Beacon Theater and Hotel,NEW YORK,New York,New York,2124 Broadway,Listed,Single,FALSE,1,ENTERTAINMENT/RECREATION; ARCHITECTURE,BUILDING,https://catalog.archives.gov/id/75319287,FALSE,FALSE,FALSE,TRUE,FALSE,11/4/82,NA,NA,NA,82001187,"2124 Broadway, New York, NEW YORK",40.780481649926,-73.98117188084,NY,FALSE
04001203,NA,Biltmore Theater,NEW YORK,New York,New York,261-265 W. 47th St.,Listed,Single,FALSE,0.9,ARCHITECTURE; PERFORMING ARTS,BUILDING,https://catalog.archives.gov/id/75319297,FALSE,FALSE,FALSE,TRUE,FALSE,10/27/04,NA,NA,NA,04001203,"261-265 W. 47th St., New York, NEW YORK",40.76037501486,-73.986747439013,NY,FALSE
80002671,NA,Bouwerie Lane Theater,NEW YORK,New York,New York,330 Bowery St.,Listed,Single,FALSE,0.9,ARCHITECTURE,BUILDING,https://catalog.archives.gov/id/75319303,FALSE,FALSE,FALSE,TRUE,FALSE,4/23/80,NA,Bond Street Bank;German Exchange Bank,NA,80002671,"330 Bowery St., New York, NEW YORK",40.725852931256,-73.992233059365,NY,FALSE
16000780,NA,Hudson Theatre,NEW YORK,New York,New York,139-141 W. 44th St.,Listed,Single,FALSE,0.17,ARCHITECTURE; ENTERTAINMENT/RECREATION,building,NA,FALSE,FALSE,FALSE,TRUE,FALSE,11/15/16,NA,NA,NA,16000780,"139-141 W. 44th St., New York, NEW YORK",40.756864422353,-73.98459999542,NY,FALSE
85002427,RS,Louis N. Jaffe Art Theater Building (Additional Documentation),NEW YORK,New York,New York,189 Second Ave.,Listed,Resubmission,FALSE,0.28,ARCHITECTURE; PERFORMING ARTS; SOCIAL HISTORY; ART,building,https://catalog.archives.gov/id/75320076,FALSE,FALSE,FALSE,TRUE,FALSE,9/19/85,NA,Yiddish Art Theatre; Yiddish Folks Theater; [Ludwig] Satz Folks Theater; Molly Picon’s Folks Theater; [Misha and Lucy] Germans’ Folks Theater; New York Art Troupe at the Yiddish Folks Theater; New Jewish Folk Theater; and more,NA,85002427,"189 Second Ave., New York, NEW YORK",40.730907009324,-73.986228431569,NY,FALSE
80002664,NA,New Amsterdam Theater,NEW YORK,New York,New York,214 W. 42nd St.,Listed,Single,FALSE,0.9,ART; ENGINEERING; ENTERTAINMENT/RECREATION; ARCHITECTURE,BUILDING,https://catalog.archives.gov/id/75319758,FALSE,TRUE,FALSE,FALSE,FALSE,1/10/80,NA,"The New Amsterdam Theater,Rooftop Theater &amp; Aerial Gardens;T",NA,80002664,"214 W. 42nd St., New York, NEW YORK",40.756203048283,-73.987717476668,NY,FALSE
70000424,NA,New York Shakespeare Festival Public Theater,NEW YORK,New York,New York,425 Lafayette St.,Listed,Single,FALSE,0,ARCHITECTURE,BUILDING,https://catalog.archives.gov/id/75319786,FALSE,TRUE,FALSE,FALSE,FALSE,12/2/70,NA,Astor Library,NA,70000424,"425 Lafayette St., New York, NEW YORK",40.729216211815,-73.99177557509,NY,FALSE
97001303,NA,"Sullivan, Ed, Theater",NEW YORK,New York,New York,1697--1699 Broadway,Listed,Single,FALSE,0.9,ARCHITECTURE; ENTERTAINMENT/RECREATION,BUILDING,https://catalog.archives.gov/id/75319975,FALSE,FALSE,FALSE,TRUE,FALSE,11/17/97,NA,Hammerstein's Theater,NA,97001303,"1697--1699 Broadway, New York, NEW YORK",40.763723092587,-73.982742621544,NY,FALSE
85002427,NA,Yiddish Art Theatre,NEW YORK,New York,New York,189 Second Ave.,Listed,Single,FALSE,0.9,ARCHITECTURE; PERFORMING ARTS,BUILDING,https://catalog.archives.gov/id/75320076,FALSE,FALSE,FALSE,TRUE,FALSE,9/19/85,NA,NA,NA,85002427,"189 Second Ave., New York, NEW YORK",40.730907009324,-73.986228431569,NY,FALSE
80002731,NA,Riviera Theatre,NEW YORK,Niagara,North Tonawanda,27 Webster St.,Listed,Single,FALSE,0.5,ART; ARCHITECTURE; PERFORMING ARTS,BUILDING,https://catalog.archives.gov/id/75320139,FALSE,FALSE,FALSE,TRUE,FALSE,3/20/80,NA,NA,NA,80002731,"27 Webster St., North Tonawanda, NEW YORK",43.022656779517,-78.877659924924,NY,FALSE
76001255,NA,Stanley Theater,NEW YORK,Oneida,Utica,259 Genesee St.,Listed,Single,FALSE,0.9,ARCHITECTURE; PERFORMING ARTS,BUILDING,https://catalog.archives.gov/id/75320251,FALSE,FALSE,FALSE,TRUE,FALSE,8/13/76,NA,NA,NA,76001255,"259 Genesee St., Utica, NEW YORK",43.099088945007,-75.23527131194,NY,FALSE
100005466,SG,Uptown Theatre,NEW YORK,Oneida,Utica,2014 Genesee St.,Listed,Single,FALSE,0.32,ARCHITECTURE; ENTERTAINMENT/RECREATION,building,NA,FALSE,FALSE,FALSE,TRUE,FALSE,8/17/20,NA,NA,NA,100005466,"2014 Genesee St., Utica, NEW YORK",43.086590982548,-75.262228015467,NY,FALSE
77000970,NA,Loew's State Theater,NEW YORK,Onondaga,Syracuse,362--374 S. Salina St.,Listed,Single,FALSE,0.8,ENTERTAINMENT/RECREATION; ARCHITECTURE,BUILDING,https://catalog.archives.gov/id/75320384,FALSE,FALSE,TRUE,FALSE,FALSE,5/2/77,NA,Loew's Theater,NA,77000970,"362--374 S. Salina St., Syracuse, NEW YORK",43.047177262161,-76.152473220673,NY,FALSE
02000136,NA,Paramount Theatre,NEW YORK,Orange,Middletown,South St.,Listed,Single,FALSE,0.9,ARCHITECTURE; ENTERTAINMENT/RECREATION,BUILDING,https://catalog.archives.gov/id/75320718,FALSE,FALSE,FALSE,TRUE,FALSE,3/6/02,NA,NA,NA,02000136,"South St., Middletown, NEW YORK",41.438665497865,-74.425128461579,NY,FALSE
88001590,NA,Oswego Theater,NEW YORK,Oswego,Oswego,138 W. Second St.,Listed,Single,FALSE,0.9,ARCHITECTURE,BUILDING,https://catalog.archives.gov/id/75320859,FALSE,FALSE,FALSE,TRUE,FALSE,9/19/88,NA,NA,NA,88001590,"138 W. Second St., Oswego, NEW YORK",43.455660344779,-76.512480404467,NY,FALSE
02000555,NA,Oneonta Theatre,NEW YORK,Otsego,Oneonta,47 Chestnut St.,Listed,Single,FALSE,0.9,ARCHITECTURE; ENTERTAINMENT/RECREATION,BUILDING,https://catalog.archives.gov/id/75320972,FALSE,FALSE,FALSE,TRUE,FALSE,5/22/02,NA,NA,NA,02000555,"47 Chestnut St., Oneonta, NEW YORK",42.453354458536,-75.06396289685,NY,TRUE
82001260,NA,RKO Keith's Theater,NEW YORK,Queens,New York,129-143 Northern Blvd.,Listed,Single,FALSE,0.9,COMMERCE; ENTERTAINMENT/RECREATION; ARCHITECTURE,BUILDING,https://catalog.archives.gov/id/75321141,FALSE,FALSE,FALSE,TRUE,FALSE,10/29/82,NA,NA,NA,82001260,"129-143 Northern Blvd., New York, NEW YORK",40.611722548777,-74.108585861562,NY,FALSE
79001623,NA,Proctor's Theater,NEW YORK,Rensselaer,Troy,82 4th St.,Listed,Multiple,FALSE,0.9,ARCHITECTURE; COMMUNICATIONS; PERFORMING ARTS,BUILDING,https://catalog.archives.gov/id/75312075,FALSE,FALSE,FALSE,TRUE,FALSE,10/4/79,NA,NA,NA,79001623,"82 4th St., Troy, NEW YORK",42.73038972762,-73.688812690642,NY,FALSE
79003237,NA,"Proctor, F. F., Theatre and Arcade",NEW YORK,Schenectady,Schenectady,432 State St.,Listed,Multiple,FALSE,0.9,ARCHITECTURE; COMMUNICATIONS; PERFORMING ARTS,BUILDING,https://catalog.archives.gov/id/75314616,FALSE,FALSE,FALSE,TRUE,FALSE,10/4/79,NA,NA,NA,79003237,"432 State St., Schenectady, NEW YORK",42.812438501423,-73.941722285907,NY,FALSE
13000373,NA,Cherry Grove Community House and Theatre,NEW YORK,Suffolk,Cherry Grove,180 Bayview Walk,Listed,Single,FALSE,2.3,SOCIAL HISTORY; PERFORMING ARTS; COMMUNITY PLANNING AND DEVELOPMENT,BUILDING,NA,FALSE,TRUE,FALSE,FALSE,FALSE,6/4/13,NA,The Cherry Grove Playhouse; The Cherry Grove Theater,NA,13000373,"180 Bayview Walk, Cherry Grove, NEW YORK",40.660040993551,-73.090490397574,NY,FALSE
01000170,NA,Center Theatre,NEW YORK,Sullivan,Woodbourne,NY 52,Listed,Single,FALSE,0.9,ENTERTAINMENT/RECREATION; ARCHITECTURE,BUILDING,https://catalog.archives.gov/id/75322347,FALSE,FALSE,FALSE,TRUE,FALSE,2/23/01,NA,Woodbourne Theater,NA,01000170,"NY 52, Woodbourne, NEW YORK",41.756099334864,-74.614065096337,NY,FALSE
01000043,NA,Rialto Theatre,NEW YORK,Sullivan,Monticello,Broadway,Listed,Single,FALSE,0.9,ENTERTAINMENT/RECREATION; ARCHITECTURE,BUILDING,https://catalog.archives.gov/id/75322401,FALSE,FALSE,FALSE,TRUE,FALSE,2/2/01,NA,Miller and Washington Block,NA,01000043,"Broadway, Monticello, NEW YORK",41.655442665327,-74.688791421732,NY,FALSE
00001691,NA,Rivoli Theatre,NEW YORK,Sullivan,South Fallsburg,Jct. of NY 42 and Laurel Ave.,Listed,Single,FALSE,0.9,ENTERTAINMENT/RECREATION; ARCHITECTURE,BUILDING,https://catalog.archives.gov/id/75322403,FALSE,FALSE,FALSE,TRUE,FALSE,1/26/01,NA,NA,NA,00001691,"Jct. of NY 42 and Laurel Ave., South Fallsburg, NEW YORK",41.709208004973,-74.62878496136,NY,FALSE
96000613,NA,State Theater,NEW YORK,Tompkins,Ithaca,107--119 W. State St.,Listed,Single,FALSE,0,ENTERTAINMENT/RECREATION; ARCHITECTURE,BUILDING,https://catalog.archives.gov/id/75322528,FALSE,FALSE,FALSE,TRUE,FALSE,6/14/96,NA,NA,NA,96000613,"107--119 W. State St., Ithaca, NEW YORK",42.439427716862,-76.49871497252,NY,FALSE
79001639,NA,Community Theatre,NEW YORK,Ulster,Kingston,601 Broadway,Listed,Single,FALSE,0.5,ARCHITECTURE; PERFORMING ARTS,BUILDING,https://catalog.archives.gov/id/75322580,FALSE,FALSE,FALSE,TRUE,FALSE,7/22/79,NA,Broadway Theatre,NA,79001639,"601 Broadway, Kingston, NEW YORK",41.929337318022,-74.004464603031,NY,FALSE
84003426,NA,Capitol Theater,NEW YORK,Westchester,Port Chester,147-151 Westchester Ave.,Listed,Single,FALSE,0.9,ARCHITECTURE,BUILDING,https://catalog.archives.gov/id/75322977,FALSE,FALSE,FALSE,TRUE,FALSE,6/7/84,NA,NA,NA,84003426,"147-151 Westchester Ave., Port Chester, NEW YORK",41.001666160767,-73.66503096822,NY,FALSE
08001083,NA,Proctor's Theater,NEW YORK,Westchester,Yonkers,53 S. Broadway,Listed,Single,FALSE,0.9,ARCHITECTURE; ENTERTAINMENT/RECREATION,BUILDING,https://catalog.archives.gov/id/75323181,FALSE,FALSE,FALSE,TRUE,FALSE,11/21/08,NA,Proctor's Palace; RKO Proctor's Theater,NA,08001083,"53 S. Broadway, Yonkers, NEW YORK",40.932097202601,-73.899177170312,NY,FALSE
08001035,NA,Sampson Theatre,NEW YORK,Yates,Penn Yan,130-136 E. Elm St.,Listed,Single,FALSE,1,ARCHITECTURE; ENTERTAINMENT/RECREATION,BUILDING,https://catalog.archives.gov/id/75323378,FALSE,FALSE,FALSE,TRUE,FALSE,11/7/08,NA,NA,NA,08001035,"130-136 E. Elm St., Penn Yan, NEW YORK",42.661514623399,-77.052205147712,NY,FALSE
100004322,SG,Gem Theatre,NORTH CAROLINA,Cabarrus,Kannapolis,111 West 1st Street,Listed,Single,FALSE,0.9,ARCHITECTURE; ENTERTAINMENT/RECREATION,building,NA,FALSE,FALSE,FALSE,TRUE,FALSE,8/26/19,NA,NA,NA,100004322,"111 West 1st Street, Kannapolis, NORTH CAROLINA",35.498149900463,-80.624628942751,NC,FALSE
72000946,NA,Masonic Temple and Theater,NORTH CAROLINA,Craven,New Bern,516 Hancock St.,Listed,Single,FALSE,0.5,ART; ENTERTAINMENT/RECREATION; ARCHITECTURE,BUILDING,https://catalog.archives.gov/id/47719730,FALSE,FALSE,TRUE,FALSE,FALSE,3/16/72,NA,"St. John's Lodge No. 3,A.F. &amp; A.M.",NA,72000946,"516 Hancock St., New Bern, NORTH CAROLINA",35.1108105877,-77.040478362255,NC,FALSE
83001847,NA,Carolina Theater,NORTH CAROLINA,Cumberland,Fayetteville,443 Hay St.,Listed,Multiple,FALSE,0.9,ARCHITECTURE,BUILDING,https://catalog.archives.gov/id/47717559,FALSE,FALSE,FALSE,TRUE,FALSE,7/7/83,NA,NA,NA,83001847,"443 Hay St., Fayetteville, NORTH CAROLINA",35.054393794803,-78.883772314936,NC,FALSE
00000226,NA,Colonial Theater,NORTH CAROLINA,Haywood,Canton,55-57 Park St.,Listed,Single,FALSE,0.8,ENTERTAINMENT/RECREATION; ARCHITECTURE,BUILDING,https://catalog.archives.gov/id/47720790,FALSE,FALSE,FALSE,TRUE,FALSE,3/15/00,NA,NA,NA,00000226,"55-57 Park St., Canton, NORTH CAROLINA",35.532774070037,-82.838490159493,NC,FALSE
83001895,NA,Temple Theatre,NORTH CAROLINA,Lee,Sanford,120 Carthage St.,Listed,Single,FALSE,0.1,OTHER; ARCHITECTURE,BUILDING,https://catalog.archives.gov/id/47721034,FALSE,FALSE,FALSE,TRUE,FALSE,9/8/83,NA,NA,NA,83001895,"120 Carthage St., Sanford, NORTH CAROLINA",35.481191927326,-79.178932364648,NC,FALSE
71000605,NA,Playmakers Theatre,NORTH CAROLINA,Orange,Chapel Hill,"Cameron Ave., University of North Carolina campus",Listed,Single,FALSE,0.5,ARCHITECTURE; PERFORMING ARTS,BUILDING,https://catalog.archives.gov/id/47721662,FALSE,TRUE,FALSE,FALSE,FALSE,6/24/71,11/7/73,Smith Hall,NA,71000605,"Cameron Ave., University of North Carolina campus, Chapel Hill, NORTH CAROLINA",35.911769,-79.050969,NC,FALSE
11000210,NA,Sunset Theater,NORTH CAROLINA,Randolph,Asheboro,"232, 234, 236 Sunset Ave",Listed,Single,FALSE,0.9,ARCHITECTURE,BUILDING,https://catalog.archives.gov/id/47721882,FALSE,FALSE,FALSE,TRUE,FALSE,4/20/11,NA,NA,NA,11000210,"232, 234, 236 Sunset Ave, Asheboro, NORTH CAROLINA",35.705939375658,-79.816626468588,NC,FALSE
81000426,NA,Carolina Theatre,NORTH CAROLINA,Robeson,Lumberton,319 N. Chestnut St.,Listed,Single,FALSE,0.9,ENTERTAINMENT/RECREATION; ARCHITECTURE; SOCIAL HISTORY,BUILDING,https://catalog.archives.gov/id/47721954,FALSE,FALSE,FALSE,TRUE,FALSE,7/9/81,NA,NA,NA,81000426,"319 N. Chestnut St., Lumberton, NORTH CAROLINA",34.618950995905,-79.007967020854,NC,TRUE
10001195,NA,Amphitheater and Fieldstone WPA Features at Valley City Pioneer Park,NORTH DAKOTA,Barnes,Valley City,SW of the intersection between 5th St and 8th Ave NW,Listed,Multiple,FALSE,0.5,ARCHITECTURE; LANDSCAPE ARCHITECTURE; CONSERVATION,OBJECT,https://catalog.archives.gov/id/75325957,FALSE,FALSE,TRUE,FALSE,FALSE,2/1/11,NA,Barnes County Pioneers Memorial Park Open-Air Theater,NA,10001195,"SW of the intersection between 5th St and 8th Ave NW, Valley City, NORTH DAKOTA",46.927864992492,-98.012875010265,ND,FALSE
82001312,NA,Fargo Theatre Building,NORTH DAKOTA,Cass,Fargo,314 Broadway,Listed,Single,FALSE,0.9,ENTERTAINMENT/RECREATION; ARCHITECTURE,BUILDING,https://catalog.archives.gov/id/75326443,FALSE,FALSE,TRUE,TRUE,FALSE,10/21/82,NA,NA,NA,82001312,"314 Broadway, Fargo, NORTH DAKOTA",46.879615446962,-96.788041664654,ND,FALSE
98001341,NA,Roxy Theatre,NORTH DAKOTA,Cavalier,Langdon,714 Third St.,Listed,Single,FALSE,0.9,ARCHITECTURE; SOCIAL HISTORY,BUILDING,https://catalog.archives.gov/id/75326455,FALSE,FALSE,FALSE,TRUE,FALSE,11/18/98,NA,32CV527,NA,98001341,"714 Third St., Langdon, NORTH DAKOTA",48.759721088577,-98.368667437867,ND,FALSE
90002191,NA,Avalon Theater,NORTH DAKOTA,Grand Forks,Larimore,210 Towner Ave.,Listed,Single,FALSE,0.9,ENTERTAINMENT/RECREATION; ARCHITECTURE,BUILDING,https://catalog.archives.gov/id/75326515,FALSE,FALSE,TRUE,TRUE,FALSE,2/4/91,NA,NA,NA,90002191,"210 Towner Ave., Larimore, NORTH DAKOTA",47.905344013389,-97.623844426318,ND,FALSE
10000266,NA,Walla Theater,NORTH DAKOTA,Pembina,Walhalla,909 Central Ave,Listed,Single,FALSE,0.9,ENTERTAINMENT/RECREATION; SOCIAL HISTORY,BUILDING,https://catalog.archives.gov/id/75326635,FALSE,FALSE,FALSE,TRUE,FALSE,5/17/10,NA,NA,NA,10000266,"909 Central Ave, Walhalla, NORTH DAKOTA",48.922446309087,-97.916164443789,ND,FALSE
77001029,NA,Mystic Theatre,NORTH DAKOTA,Slope,Marmarth,Main St.,Listed,Single,FALSE,0.9,ENTERTAINMENT/RECREATION; ARCHITECTURE,BUILDING,https://catalog.archives.gov/id/75326692,FALSE,FALSE,FALSE,TRUE,FALSE,9/13/77,NA,Marmarth Theatre,NA,77001029,"Main St., Marmarth, NORTH DAKOTA",46.30054661976,-103.926135618888,ND,FALSE
85002831,NA,Delchar Theater,NORTH DAKOTA,Traill,Mayville,20 W. Main St.,Listed,Single,FALSE,0.7,ENTERTAINMENT/RECREATION,BUILDING,https://catalog.archives.gov/id/75326748,FALSE,FALSE,FALSE,TRUE,FALSE,11/14/85,NA,NA,NA,85002831,"20 W. Main St., Mayville, NORTH DAKOTA",47.500365617452,-97.326678353048,ND,FALSE
04000299,NA,Strand Theatre,NORTH DAKOTA,Walsh,Grafton,618 Hill Ave.,Listed,Single,FALSE,0.9,ARCHITECTURE; ENTERTAINMENT/RECREATION,BUILDING,https://catalog.archives.gov/id/75326761,FALSE,FALSE,FALSE,TRUE,FALSE,4/14/04,NA,"32 WA587;New Streand, Strand Twin Theatre, Deluxe Theatre; Strand Deluxe Theater",NA,04000299,"618 Hill Ave., Grafton, NORTH DAKOTA",48.418149942727,-97.410976662026,ND,FALSE
82001866,NA,Ohio Theatre,OHIO,Allen,Lima,122 W. North St.,Listed,Multiple,FALSE,0.9,ARCHITECTURE,BUILDING,https://catalog.archives.gov/id/71984437,FALSE,FALSE,FALSE,TRUE,FALSE,10/7/82,NA,Ohio Theatre 2-Fantasia Disco,NA,82001866,"122 W. North St., Lima, OHIO",40.743243494417,-84.106260968422,OH,TRUE
100006652,SG,Homestead Theatre Block,OHIO,Cuyahoga,Lakewood,11794-11816 Detroit Ave.,Listed,Single,FALSE,0.68,ENTERTAINMENT/RECREATION,building,NA,FALSE,FALSE,FALSE,TRUE,FALSE,6/18/21,NA,Highland Studio; Phantasy Theater Complex,NA,100006652,"11794-11816 Detroit Ave., Lakewood, OHIO",41.483938573619,-81.770892926385,OH,FALSE
11000365,NA,LaSalle Theater Building,OHIO,Cuyahoga,Cleveland,819-829 E. 185th St.,Listed,Single,FALSE,0.9,ARCHITECTURE,BUILDING,https://catalog.archives.gov/id/71987365,FALSE,FALSE,FALSE,TRUE,FALSE,6/15/11,NA,NA,NA,11000365,"819-829 E. 185th St., Cleveland, OHIO",41.584922988706,-81.549471040047,OH,FALSE
13000389,NA,"Mayfield Theatre Building, The",OHIO,Cuyahoga,Cleveland,12300 Mayfield Rd.,Listed,Single,FALSE,2,ENTERTAINMENT/RECREATION,BUILDING,NA,FALSE,FALSE,FALSE,TRUE,FALSE,6/14/13,NA,Matfield Art Theatre; Old Mayfield Theatre; New MayField Repertory Cinema,NA,13000389,"12300 Mayfield Rd., Cleveland, OHIO",41.508570975395,-81.59735316485,OH,FALSE
11000670,NA,Moreland Theater Building,OHIO,Cuyahoga,Cleveland,11810-11824 Buckeye Rd.,Listed,Single,FALSE,0.5,ARCHITECTURE; ENTERTAINMENT/RECREATION; EUROPEAN,BUILDING,https://catalog.archives.gov/id/71987664,FALSE,FALSE,FALSE,TRUE,FALSE,9/15/11,NA,NA,NA,11000670,"11810-11824 Buckeye Rd., Cleveland, OHIO",41.480607856754,-81.600180213153,OH,FALSE
82003559,NA,Variety Store Building and Theatre,OHIO,Cuyahoga,Cleveland,11801-11825 Lorain Ave.,Listed,Single,FALSE,0.9,COMMERCE; ARCHITECTURE,BUILDING,https://catalog.archives.gov/id/71987562,FALSE,FALSE,FALSE,TRUE,FALSE,4/1/82,NA,NA,NA,82003559,"11801-11825 Lorain Ave., Cleveland, OHIO",41.461239946663,-81.770658682238,OH,FALSE
82001435,NA,Schine State Theatre,OHIO,Erie,Sandusky,101-109 Columbus Ave.,Listed,Multiple,FALSE,0.9,ARCHITECTURE,BUILDING,https://catalog.archives.gov/id/71984902,FALSE,FALSE,FALSE,TRUE,FALSE,10/20/82,NA,State Theatre,NA,82001435,"101-109 Columbus Ave., Sandusky, OHIO",41.456997418523,-82.712325156998,OH,FALSE
75001398,AD,American Insurance Union Citadel (Palace Theatre Amendment),OHIO,Franklin,Columbus,34 W. Broad St.,Listed,Add.Doc.,FALSE,0.5,ARCHITECTURE,building,NA,FALSE,FALSE,TRUE,TRUE,FALSE,3/21/75,NA,Leveque-Lincoln Tower; Keith-Albee Palace Theatre; Palace Theatre,NA,75001398,"34 W. Broad St., Columbus, OHIO",39.962593014335,-83.00197875267,OH,FALSE
15000322,NA,Drexel Theater,OHIO,Franklin,Bexley,2254 E. Main St.,Listed,Single,FALSE,0.9,ENTERTAINMENT/RECREATION; ARCHITECTURE,BUILDING,NA,FALSE,FALSE,FALSE,TRUE,FALSE,6/8/15,NA,Drexel Theatre,NA,15000322,"2254 E. Main St., Bexley, OHIO",39.957379596288,-82.938723630709,OH,FALSE
82001458,NA,Great Southern Hotel and Theatre,OHIO,Franklin,Columbus,S. High and E. Main Sts.,Listed,Single,FALSE,0.9,ARCHITECTURE,BUILDING,https://catalog.archives.gov/id/71988316,FALSE,FALSE,FALSE,TRUE,FALSE,12/2/82,NA,NA,NA,82001458,"S. High and E. Main Sts., Columbus, OHIO",39.956151102649,-82.999495530035,OH,FALSE
92001355,NA,Lincoln Theatre,OHIO,Franklin,Columbus,77 E. Long St.,Listed,Single,FALSE,0.9,BLACK,BUILDING,https://catalog.archives.gov/id/71988593,FALSE,FALSE,FALSE,TRUE,FALSE,10/8/92,NA,Ogden Theatre and Ballroom,NA,92001355,"77 E. Long St., Columbus, OHIO",39.964985460958,-82.998874514829,OH,TRUE
73001437,NA,Ohio Theatre,OHIO,Franklin,Columbus,39 E. State St.,Listed,Single,FALSE,0.8,ARCHITECTURE; PERFORMING ARTS,BUILDING,https://catalog.archives.gov/id/71988553,FALSE,TRUE,FALSE,FALSE,FALSE,4/11/73,5/5/77,NA,NA,73001437,"39 E. State St., Columbus, OHIO",39.960155137796,-82.999050702434,OH,TRUE
83004295,NA,Pythian Temple and James Pythian Theater,OHIO,Franklin,Columbus,861-867 Mt. Vernon Ave.,Listed,Single,FALSE,0.9,ARCHITECTURE; SOCIAL HISTORY,BUILDING,https://catalog.archives.gov/id/71988549,FALSE,FALSE,FALSE,TRUE,FALSE,11/25/83,NA,York Rite Masonic Temple,NA,83004295,"861-867 Mt. Vernon Ave., Columbus, OHIO",39.971022317172,-82.978877137871,OH,FALSE
05000755,NA,Fairborn Theatre,OHIO,Greene,Fairborn,34 S. Broad St.,Listed,Single,FALSE,1.1,ARCHITECTURE,BUILDING,https://catalog.archives.gov/id/71988702,FALSE,FALSE,FALSE,TRUE,FALSE,7/27/05,NA,Fairborn Twin Cinemas; Fairborn Performing Arts Center,NA,05000755,"34 S. Broad St., Fairborn, OHIO",39.820658015004,-84.027398323653,OH,FALSE
100001934,SG,Main Theatre,OHIO,Hamilton,Mt. Healthy,7428 Hamilton Ave.,Listed,Single,FALSE,0.15,ENTERTAINMENT/RECREATION,building,NA,FALSE,FALSE,FALSE,TRUE,FALSE,12/27/17,NA,NA,NA,100001934,"7428 Hamilton Ave., Mt. Healthy, OHIO",39.231187346965,-84.548149958508,OH,FALSE
80004067,NA,Palace Theatre,OHIO,Hamilton,Cincinnati,12 E. 6th St.,Listed,Single,FALSE,0.5,PERFORMING ARTS,BUILDING,https://catalog.archives.gov/id/71989257,FALSE,FALSE,FALSE,TRUE,FALSE,3/24/80,NA,NA,NA,80004067,"12 E. 6th St., Cincinnati, OHIO",39.102573225721,-84.51273587346,OH,TRUE
100009302,SG,Regal Theater,OHIO,Hamilton,Cincinnati,1201 Linn St.,Listed,Single,FALSE,0.21,ETHNIC HERITAGE-BLACK; ARCHITECTURE; ENTERTAINMENT/RECREATION,building,NA,FALSE,FALSE,FALSE,TRUE,FALSE,9/5/23,NA,Casino Theatre,NA,100009302,"1201 Linn St., Cincinnati, OHIO",39.108079904275,-84.528195329256,OH,FALSE
93000879,NA,Twentieth Century Theatre,OHIO,Hamilton,Cincinnati,3023--3025 Madison Rd.,Listed,Single,FALSE,0.2,ARCHITECTURE,BUILDING,https://catalog.archives.gov/id/71988845,FALSE,FALSE,FALSE,TRUE,FALSE,8/26/93,NA,HAM-4389-12,NA,93000879,"3023--3025 Madison Rd., Cincinnati, OHIO",39.151042732015,-84.432847995513,OH,FALSE
100008039,SG,Norwalk Theatre,OHIO,Huron,Norwalk,57 East Main St.,Listed,Single,FALSE,0.22,ARCHITECTURE,building,NA,FALSE,FALSE,FALSE,TRUE,FALSE,8/29/22,NA,Schine’s Norwalk Theatre; Towne &amp; County Theatre; Norwalk  Main Street Theatre,NA,100008039,"57 East Main St., Norwalk, OHIO",41.243562019078,-82.613753975655,OH,FALSE
08000149,NA,Marlow Theatre,OHIO,Lawrence,Ironton,S. 3rd & Park Sts.,Listed,Single,FALSE,0.9,COMMERCE; ENTERTAINMENT/RECREATION; ARCHITECTURE,BUILDING,https://catalog.archives.gov/id/71989651,FALSE,FALSE,FALSE,TRUE,FALSE,3/6/08,NA,LAW-137-08,NA,08000149,"S. 3rd & Park Sts., Ironton, OHIO",38.534620012406,-82.685134095459,OH,FALSE
01000561,NA,Schine's Holland Theatre,OHIO,Logan,Bellefontaine,125 E. Columbus St.,Listed,Single,FALSE,0.9,ARCHITECTURE,BUILDING,https://catalog.archives.gov/id/71989742,FALSE,FALSE,TRUE,FALSE,FALSE,5/25/01,NA,Holland Theatre; LOG-240-7,NA,01000561,"125 E. Columbus St., Bellefontaine, OHIO",40.361351999622,-83.758629999942,OH,FALSE
78002109,NA,Palace Theatre Building,OHIO,Lorain,Lorain,Broadway and 6th St.,Listed,Single,FALSE,0.9,ARCHITECTURE,BUILDING,https://catalog.archives.gov/id/71989799,FALSE,FALSE,FALSE,TRUE,FALSE,3/30/78,NA,NA,NA,78002109,"Broadway and 6th St., Lorain, OHIO",41.46581899443,-82.175296033814,OH,FALSE
77001074,NA,Burt's Theater,OHIO,Lucas,Toledo,719--723 Jefferson St.,Listed,Single,FALSE,0.9,ENTERTAINMENT/RECREATION; ARCHITECTURE,BUILDING,https://catalog.archives.gov/id/71990023,FALSE,FALSE,TRUE,FALSE,FALSE,11/1/77,NA,Country Palace,NA,77001074,"719--723 Jefferson St., Toledo, OHIO",41.616566099963,-83.711771066605,OH,FALSE
98000318,NA,Maumee Theater,OHIO,Lucas,Maumee,601 Conant St.,Listed,Single,FALSE,0.7,ARCHITECTURE,BUILDING,https://catalog.archives.gov/id/71989925,FALSE,FALSE,FALSE,TRUE,FALSE,4/1/98,NA,Maumee Indoor Theater,NA,98000318,"601 Conant St., Maumee, OHIO",41.564851976728,-83.655234195131,OH,FALSE
06000198,NA,Ohio Theatre,OHIO,Lucas,Toledo,3114 Lagrange St.,Listed,Single,FALSE,0.9,ARCHITECTURE; ENTERTAINMENT/RECREATION; EUROPEAN,building,https://catalog.archives.gov/id/71989997,FALSE,FALSE,FALSE,TRUE,FALSE,3/29/06,NA,St. Hedwig Coltural Center,NA,06000198,"3114 Lagrange St., Toledo, OHIO",41.679315665587,-83.540600018362,OH,TRUE
87000686,NA,Valentine Theater Building,OHIO,Lucas,Toledo,405--419 Saint Clair and 402--412 Adams,Listed,Single,FALSE,0.9,ARCHITECTURE,BUILDING,https://catalog.archives.gov/id/71989895,FALSE,FALSE,FALSE,TRUE,FALSE,5/19/87,NA,Renaissance Building,NA,87000686,"405--419 Saint Clair and 402--412 Adams, Toledo, OHIO",41.652620016435,-83.533739011518,OH,FALSE
84003776,NA,Liberty Theatre,OHIO,Mahoning,Youngstown,142 Federal Plaza W.,Listed,Single,FALSE,0.9,ARCHITECTURE,BUILDING,https://catalog.archives.gov/id/71990074,FALSE,FALSE,FALSE,TRUE,FALSE,2/9/84,NA,Paramount Theatre,NA,84003776,"142 Federal Plaza W., Youngstown, OHIO",41.100946011658,-80.650988586145,OH,FALSE
86001942,NA,State Theater,OHIO,Mahoning,Youngstown,213 Federal Plaza W,Listed,Multiple,FALSE,0.9,COMMERCE; ARCHITECTURE,BUILDING,https://catalog.archives.gov/id/71985836,FALSE,FALSE,TRUE,TRUE,FALSE,7/23/86,NA,Agora,NA,86001942,"213 Federal Plaza W, Youngstown, OHIO",41.100980733103,-80.652315039491,OH,FALSE
80003152,NA,Warner Theater,OHIO,Mahoning,Youngstown,260 W. Federal Plaza,Listed,Single,FALSE,0.9,ENTERTAINMENT/RECREATION; ARCHITECTURE,BUILDING,https://catalog.archives.gov/id/71990136,FALSE,FALSE,FALSE,TRUE,FALSE,5/31/80,NA,Youngstown Symphony Center and Powers Auditorium,NA,80003152,"260 W. Federal Plaza, Youngstown, OHIO",41.101928265347,-80.653208885646,OH,FALSE
76001486,NA,Palace Theater,OHIO,Marion,Marion,272 W. Center St.,Listed,Single,FALSE,0.9,ART; PERFORMING ARTS,BUILDING,https://catalog.archives.gov/id/71990177,FALSE,FALSE,TRUE,FALSE,FALSE,3/26/76,NA,NA,NA,76001486,"272 W. Center St., Marion, OHIO",40.588540260088,-83.133469963686,OH,FALSE
02001210,NA,Medina Masonic Temple and Medina Theater,OHIO,Medina,Medina,120 N. Elmwood Ave. and 139 W. Liberty St.,Listed,Single,FALSE,0.9,ARCHITECTURE; ENTERTAINMENT/RECREATION; SOCIAL HISTORY,BUILDING,https://catalog.archives.gov/id/71990213,FALSE,FALSE,FALSE,TRUE,FALSE,10/22/02,NA,NA,NA,02001210,"120 N. Elmwood Ave. and 139 W. Liberty St., Medina, OHIO",41.139135994548,-81.866026018684,OH,FALSE
100010914,SG,Monroe Theatre,OHIO,Monroe,Woodsfield,104 North Main Street,Listed,Single,FALSE,0.14,ARCHITECTURE; ENTERTAINMENT/RECREATION,building,NA,FALSE,FALSE,FALSE,TRUE,FALSE,10/11/24,NA,NA,NA,100010914,"104 North Main Street, Woodsfield, OHIO",39.762722733953,-81.115638289487,OH,TRUE
75001496,NA,Classic Theater,OHIO,Montgomery,Dayton,815 W. 5th St.,Listed,Single,FALSE,0.9,ART; BLACK; PERFORMING ARTS,BUILDING,NA,FALSE,FALSE,TRUE,FALSE,FALSE,2/10/75,NA,NA,NA,75001496,"815 W. 5th St., Dayton, OHIO",39.75351478162,-84.208050248485,OH,FALSE
72001037,NA,Victory Theater Building,OHIO,Montgomery,Dayton,138 N. Main St.,Listed,Single,FALSE,0.3,ENTERTAINMENT/RECREATION,BUILDING,https://catalog.archives.gov/id/71990617,FALSE,FALSE,FALSE,TRUE,FALSE,6/22/72,NA,Turner's Opera House;Music Hall;Grand Opera House;Victoria O,NA,72001037,"138 N. Main St., Dayton, OHIO",39.7621341002,-84.192144798204,OH,FALSE
83002040,NA,Ohio Theatre,OHIO,Richland,Mansfield,"136 Park Ave., W.",Listed,Multiple,FALSE,0.9,ARCHITECTURE,BUILDING,https://catalog.archives.gov/id/71986040,FALSE,FALSE,FALSE,TRUE,FALSE,5/31/83,NA,136 Park Avenue West,NA,83002040,"136 Park Ave., W., Mansfield, OHIO",40.758907217886,-82.520625666958,OH,TRUE
80003214,NA,Soldiers and Sailors Memorial Building and Madison Theater,OHIO,Richland,Mansfield,"36 Park Ave., W.",Listed,Single,FALSE,0.9,ENTERTAINMENT/RECREATION; ARCHITECTURE,BUILDING,https://catalog.archives.gov/id/71991148,FALSE,FALSE,FALSE,TRUE,FALSE,5/27/80,NA,NA,NA,80003214,"36 Park Ave., W., Mansfield, OHIO",40.758665176459,-82.516916166217,OH,FALSE
96001624,NA,Eagles Building-Strand Theater,OHIO,Stark,Alliance,243 E. Main St.,Listed,Single,FALSE,0.9,ARCHITECTURE,BUILDING,https://catalog.archives.gov/id/71991374,FALSE,FALSE,FALSE,TRUE,FALSE,1/25/97,NA,Wallace Building,NA,96001624,"243 E. Main St., Alliance, OHIO",40.921523138379,-81.101849750197,OH,FALSE
79001949,NA,Palace Theater,OHIO,Stark,Canton,"605 Market Ave., N.",Listed,Single,FALSE,0.9,ENTERTAINMENT/RECREATION; ARCHITECTURE; SOCIAL HISTORY,BUILDING,https://catalog.archives.gov/id/71991434,FALSE,FALSE,TRUE,FALSE,FALSE,4/26/79,NA,NA,NA,79001949,"605 Market Ave., N., Canton, OHIO",40.802083951795,-81.37361058098,OH,FALSE
73001537,NA,Loew's Theatre,OHIO,Summit,Akron,182 S. Main St.,Listed,Single,FALSE,0.9,ENTERTAINMENT/RECREATION; ARCHITECTURE,BUILDING,https://catalog.archives.gov/id/71991605,FALSE,FALSE,TRUE,FALSE,FALSE,7/16/73,NA,Akron Civic Theatre,NA,73001537,"182 S. Main St., Akron, OHIO",41.080803019498,-81.520758998357,OH,FALSE
84002978,NA,Black Theater of Ardmore,OKLAHOMA,Carter,Ardmore,536 E. Main St.,Listed,Single,FALSE,0.9,BLACK; PERFORMING ARTS,BUILDING,https://catalog.archives.gov/id/86510844,FALSE,FALSE,FALSE,TRUE,FALSE,6/22/84,NA,Metropolitan A.M.E. Church,NA,84002978,"536 E. Main St., Ardmore, OKLAHOMA",34.170473368918,-97.122177098469,OK,FALSE
78002227,NA,Sooner Theater Building,OKLAHOMA,Cleveland,Norman,101 E. Main St.,Listed,Single,FALSE,0.9,ARCHITECTURE; PERFORMING ARTS,BUILDING,https://catalog.archives.gov/id/86510918,FALSE,FALSE,TRUE,FALSE,FALSE,8/31/78,NA,NA,NA,78002227,"101 E. Main St., Norman, OKLAHOMA",35.221299619983,-97.443256963716,OK,FALSE
16000619,NA,Klingensmith Park Amphitheater,OKLAHOMA,Creek,Bristow,"W. 7th, W. 5th & Country Club Dr.",Listed,Single,FALSE,0.9,ECONOMICS; ENTERTAINMENT/RECREATION,district,NA,FALSE,FALSE,FALSE,TRUE,FALSE,9/12/16,NA,"Bristow Amphitheater, Lake Massena Amphitheater",NA,16000619,"W. 7th, W. 5th & Country Club Dr., Bristow, OKLAHOMA",35.834343124635,-96.408543300591,OK,FALSE
15000327,NA,Hayes-Kennedy-Rivoli Theater Building,OKLAHOMA,Kay,Blackwell,122-124 S. Main,Listed,Single,FALSE,0.9,ARCHITECTURE; ENTERTAINMENT/RECREATION,BUILDING,NA,FALSE,FALSE,FALSE,TRUE,FALSE,6/8/15,NA,"Equity Building, Equity Plaza Apartments",NA,15000327,"122-124 S. Main, Blackwell, OKLAHOMA",36.803462089414,-97.282722982244,OK,FALSE
84000455,NA,Poncan Theatre,OKLAHOMA,Kay,Ponca City,104 E. Grand Ave.,Listed,Single,FALSE,0.9,ARCHITECTURE,BUILDING,https://catalog.archives.gov/id/86511267,FALSE,FALSE,FALSE,TRUE,FALSE,11/13/84,NA,NA,NA,84000455,"104 E. Grand Ave., Ponca City, OKLAHOMA",36.703420470796,-97.08344650319,OK,FALSE
100005557,SG,"Old City Hall, Theater and Masonic Lodge",OKLAHOMA,Le Flore,Heavener,401 East 1st St.,Listed,Single,FALSE,0.9,ARCHITECTURE,building,NA,FALSE,FALSE,FALSE,TRUE,FALSE,9/17/20,NA,NA,NA,100005557,"401 East 1st St., Heavener, OKLAHOMA",34.889394149598,-94.600579596404,OK,FALSE
09000686,NA,Jewel Theater,OKLAHOMA,Oklahoma,Oklahoma City,904 NE 4th St.,Listed,Single,FALSE,0.9,ENTERTAINMENT/RECREATION; BLACK,BUILDING,https://catalog.archives.gov/id/86511758,FALSE,FALSE,FALSE,TRUE,FALSE,9/3/09,NA,NA,NA,09000686,"904 NE 4th St., Oklahoma City, OKLAHOMA",35.342383042603,-97.474893116148,OK,FALSE
83002114,NA,Coleman Theatre,OKLAHOMA,Ottawa,Miami,1st and Main Sts.,Listed,Single,FALSE,7.5,ENTERTAINMENT/RECREATION; ARCHITECTURE,BUILDING,https://catalog.archives.gov/id/86511854,FALSE,FALSE,TRUE,FALSE,FALSE,5/19/83,NA,NA,NA,83002114,"1st and Main Sts., Miami, OKLAHOMA",36.92252798794,-94.877507032304,OK,TRUE
79002022,NA,Busby Theatre,OKLAHOMA,Pittsburg,McAlester,Washington Ave. and 2nd St.,Listed,Single,FALSE,0.9,ARCHITECTURE; PERFORMING ARTS,BUILDING,https://catalog.archives.gov/id/86511940,FALSE,FALSE,FALSE,TRUE,FALSE,12/6/79,NA,Church of Christ,NA,79002022,"Washington Ave. and 2nd St., McAlester, OKLAHOMA",34.927819014959,-95.712297985196,OK,FALSE
03000513,NA,OKLA Theater,OKLAHOMA,Pittsburg,McAlester,18 E. Choctaw,Listed,Single,FALSE,0.9,ARCHITECTURE,BUILDING,https://catalog.archives.gov/id/86511926,FALSE,FALSE,FALSE,TRUE,FALSE,6/5/03,NA,NA,NA,03000513,"18 E. Choctaw, McAlester, OKLAHOMA",34.93185469179,-95.769303560149993,OK,FALSE
84000377,NA,Ramona Theatre,OKLAHOMA,Tillman,Frederick,114 S. 9th St.,Listed,Single,FALSE,0.2,ENTERTAINMENT/RECREATION; ARCHITECTURE,BUILDING,https://catalog.archives.gov/id/86512138,FALSE,FALSE,FALSE,TRUE,FALSE,11/8/84,NA,NA,NA,84000377,"114 S. 9th St., Frederick, OKLAHOMA",34.389390916924,-99.018264690254,OK,FALSE
03000098,NA,Circle Theater,OKLAHOMA,Tulsa,Tulsa,10 S. Lewis Ave.,Listed,Single,FALSE,0.9,ENTERTAINMENT/RECREATION; ARCHITECTURE,BUILDING,https://catalog.archives.gov/id/86512281,FALSE,FALSE,FALSE,TRUE,FALSE,3/7/03,NA,Chilton Building,NA,03000098,"10 S. Lewis Ave., Tulsa, OKLAHOMA",36.159395392127,-95.958571795355,OK,FALSE
08001153,NA,"Woodward Theater, The",OKLAHOMA,Woodward,Woodward,818 Main,Listed,Single,FALSE,0.9,ARCHITECTURE; ENTERTAINMENT/RECREATION,BUILDING,https://catalog.archives.gov/id/86512345,FALSE,FALSE,FALSE,TRUE,FALSE,12/4/08,NA,NA,NA,08001153,"818 Main, Woodward, OKLAHOMA",36.43622907644,-99.390317415535,OK,FALSE
09000060,NA,Whiteside Theatre,OREGON,Benton,Corvallis,361 SW Madison Ave.,Listed,Single,FALSE,0.2,ARCHITECTURE,BUILDING,https://catalog.archives.gov/id/77848674,FALSE,FALSE,FALSE,TRUE,FALSE,2/25/09,NA,NA,NA,09000060,"361 SW Madison Ave., Corvallis, OREGON",44.563815209346,-123.262055778532,OR,TRUE
10000281,NA,Egyptian Theatre,OREGON,Coos,Coos Bay,229 S. Broadway,Listed,Single,FALSE,0.9,ARCHITECTURE; ART,BUILDING,https://catalog.archives.gov/id/77849041,FALSE,FALSE,FALSE,TRUE,FALSE,5/24/10,NA,NA,NA,10000281,"229 S. Broadway, Coos Bay, OREGON",43.366735476706,-124.213393155585,OR,FALSE
100009056,SG,Liberty Theatre,OREGON,Coos,North Bend,2100 Sherman Ave.,Listed,Single,FALSE,0.9,ARCHITECTURE; ENTERTAINMENT/RECREATION,building,NA,FALSE,FALSE,FALSE,TRUE,FALSE,6/9/23,NA,Little Theatre on the Bay,NA,100009056,"2100 Sherman Ave., North Bend, OREGON",43.405113445318,-124.224383004114,OR,TRUE
90000842,NA,Valley Theater,OREGON,Hood River,Parkdale,4945 Baseline Rd.,Listed,Single,FALSE,0.1,ENTERTAINMENT/RECREATION,BUILDING,https://catalog.archives.gov/id/77849347,FALSE,FALSE,FALSE,TRUE,FALSE,6/1/90,NA,Old Theater Mercantile,NA,90000842,"4945 Baseline Rd., Parkdale, OREGON",45.519424004256,-121.595200841127,OR,FALSE
05000640,NA,Rogue Theatre,OREGON,Josephine,Grants Pass,"143 SE ""H"" St.",Listed,Single,FALSE,0.9,ARCHITECTURE,BUILDING,https://catalog.archives.gov/id/77849618,FALSE,FALSE,FALSE,TRUE,FALSE,6/30/05,NA,NA,NA,05000640,"143 SE ""H"" St., Grants Pass, OREGON",42.437682981807,-123.326625015273,OR,FALSE
100010118,SG,Alger Theatre,OREGON,Lake,Lakeview,24 South F Street,Listed,Single,FALSE,0.9,ARCHITECTURE; ENTERTAINMENT/RECREATION,building,NA,FALSE,FALSE,FALSE,TRUE,FALSE,3/28/24,NA,"The Alger Community Theater,; The Alger Theater",NA,100010118,"24 South F Street, Lakeview, OREGON",42.189008552669,-120.3462977709,OR,FALSE
82003733,NA,McDonald Theater Building,OREGON,Lane,Eugene,1004-1044 Willamette St.,Listed,Single,FALSE,0.9,COMMERCE; ENTERTAINMENT/RECREATION; ARCHITECTURE,BUILDING,https://catalog.archives.gov/id/77849805,FALSE,FALSE,FALSE,TRUE,FALSE,8/26/82,NA,NA,NA,82003733,"1004-1044 Willamette St., Eugene, OREGON",44.048310939245,-123.092963454823,OR,FALSE
100007459,SG,Rex Theater,OREGON,Malheur,Vale,240 A St. West,Listed,Single,FALSE,0.9,ENTERTAINMENT/RECREATION,building,NA,FALSE,FALSE,FALSE,TRUE,FALSE,2/25/22,NA,NA,NA,100007459,"240 A St. West, Vale, OREGON",43.982110500327,-117.241584089231,OR,FALSE
91001575,NA,Elsinore Theater,OREGON,Marion,Salem,170 High St. SE.,Listed,Multiple,FALSE,0.3,ENTERTAINMENT/RECREATION; PERFORMING ARTS; ARCHITECTURE,BUILDING,https://catalog.archives.gov/id/77848192,FALSE,FALSE,TRUE,FALSE,FALSE,6/17/94,NA,NA,NA,91001575,"170 High St. SE., Salem, OREGON",44.938905376447,-123.037268138974,OR,FALSE
89000099,NA,Bagdad Theatre,OREGON,Multnomah,Portland,3708--26 SE Hawthorne,Listed,Multiple,FALSE,0.9,ENTERTAINMENT/RECREATION; ARCHITECTURE,BUILDING,https://catalog.archives.gov/id/77848336,FALSE,FALSE,FALSE,TRUE,FALSE,3/8/89,NA,NA,NA,89000099,"3708--26 SE Hawthorne, Portland, OREGON",45.511951663304004,-122.625470265106,OR,FALSE
93001566,NA,Frances Building and Echo Theater,OREGON,Multnomah,Portland,3628--3646 SE. Hawthorne Blvd.,Listed,Multiple,FALSE,0.9,ENTERTAINMENT/RECREATION; COMMUNITY PLANNING AND DEVELOPMENT,BUILDING,https://catalog.archives.gov/id/77848382,FALSE,FALSE,FALSE,TRUE,FALSE,1/28/94,NA,NA,NA,93001566,"3628--3646 SE. Hawthorne Blvd., Portland, OREGON",45.511946676072,-122.625898999453,OR,FALSE
83002172,NA,Hollywood Theatre,OREGON,Multnomah,Portland,4122 NE Sandy Blvd.,Listed,Single,FALSE,0.9,ENTERTAINMENT/RECREATION; ARCHITECTURE,BUILDING,https://catalog.archives.gov/id/77851031,FALSE,FALSE,FALSE,TRUE,FALSE,9/1/83,NA,NA,NA,83002172,"4122 NE Sandy Blvd., Portland, OREGON",45.53560237658,-122.620796264438,OR,TRUE
76001585,NA,Paramount Theatre,OREGON,Multnomah,Portland,1037 SW Broadway,Listed,Single,FALSE,0,ARCHITECTURE,BUILDING,https://catalog.archives.gov/id/77851197,FALSE,TRUE,FALSE,FALSE,FALSE,4/22/76,NA,Portland Public Theatre,NA,76001585,"1037 SW Broadway, Portland, OREGON",45.517136079966,-122.681539832932,OR,FALSE
99000948,NA,Liberty Theater,OREGON,Union,Lagrande,1008 and 1010 Adams Ave.,Listed,Single,FALSE,0.1,SOCIAL HISTORY; ARCHITECTURE,BUILDING,https://catalog.archives.gov/id/77851374,FALSE,FALSE,FALSE,TRUE,FALSE,8/5/99,NA,Orpheum Theater;Arcade Theater,NA,99000948,"1008 and 1010 Adams Ave., Lagrande, OREGON",45.329107402511,-118.095807897903,OR,TRUE
12000085,NA,O.K. Theatre,OREGON,Wallowa,Enterprise,208 W. Main St.,Listed,Multiple,FALSE,0.9,COMMERCE; ENTERTAINMENT/RECREATION,BUILDING,https://catalog.archives.gov/id/77848494,FALSE,FALSE,FALSE,TRUE,FALSE,3/7/12,NA,Vista Theatre,NA,12000085,"208 W. Main St., Enterprise, OREGON",45.425287310698,-117.279379850849,OR,FALSE
14000401,NA,99W Drive-in Theatre,OREGON,Yamhill,Newberg,3110 Portland Rd.,Listed,Single,FALSE,4.5,ENTERTAINMENT/RECREATION,SITE,NA,FALSE,FALSE,FALSE,TRUE,FALSE,7/11/14,NA,NA,NA,14000401,"3110 Portland Rd., Newberg, OREGON",45.304697917451,-122.947770116361,OR,FALSE
100003055,SG,Cameo Theatre,OREGON,Yamhill,Newberg,304 E 1st St.,Listed,Single,FALSE,0.9,ENTERTAINMENT/RECREATION; ARCHITECTURE,building,NA,FALSE,FALSE,FALSE,TRUE,FALSE,10/22/18,NA,NA,NA,100003055,"304 E 1st St., Newberg, OREGON",45.300056606205,-122.976720707015,OR,FALSE
10001071,NA,New Granada Theater,PENNSYLVANIA,Allegheny,Pittsburgh,2007-2013 Centre Ave,Listed,Single,FALSE,0.9,BLACK; ENTERTAINMENT/RECREATION,BUILDING,https://catalog.archives.gov/id/71997810,FALSE,FALSE,FALSE,TRUE,FALSE,12/28/10,NA,Pythian Temple,NA,10001071,"2007-2013 Centre Ave, Pittsburgh, PENNSYLVANIA",40.444131759202,-79.980223868033,PA,FALSE
86000303,NA,Stanley Theater and Clark Building,PENNSYLVANIA,Allegheny,Pittsburgh,207 Seventh St. and 701--717 Liberty Ave.,Listed,Single,FALSE,1,ENTERTAINMENT/RECREATION; ARCHITECTURE,BUILDING,https://catalog.archives.gov/id/71997780,FALSE,FALSE,FALSE,TRUE,FALSE,2/27/86,NA,NA,NA,86000303,"207 Seventh St. and 701--717 Liberty Ave., Pittsburgh, PENNSYLVANIA",40.442434214262,-79.999887561426,PA,FALSE
73001592,NA,Mishler Theatre,PENNSYLVANIA,Blair,Altoona,1208 12th Ave.,Listed,Single,FALSE,0.9,ARCHITECTURE; PERFORMING ARTS,BUILDING,https://catalog.archives.gov/id/71994515,FALSE,FALSE,FALSE,TRUE,FALSE,4/11/73,NA,NA,NA,73001592,"1208 12th Ave., Altoona, PENNSYLVANIA",40.51629927499,-78.401918121801,PA,FALSE
79002186,NA,Rowland Theater,PENNSYLVANIA,Centre,Philipsburg,Front St.,Listed,Single,FALSE,0.4,ENTERTAINMENT/RECREATION; ARCHITECTURE,BUILDING,https://catalog.archives.gov/id/71997570,FALSE,FALSE,FALSE,TRUE,FALSE,10/18/79,NA,NA,NA,79002186,"Front St., Philipsburg, PENNSYLVANIA",40.898862347027,-78.225052806471,PA,FALSE
79002207,NA,Warner Theater,PENNSYLVANIA,Chester,West Chester,120 N. High St.,Listed,Single,FALSE,0,ART; ARCHITECTURE; PERFORMING ARTS,BUILDING,https://catalog.archives.gov/id/71998640,FALSE,FALSE,TRUE,FALSE,FALSE,11/20/79,NA,NA,NA,79002207,"120 N. High St., West Chester, PENNSYLVANIA",39.96102136558,-75.605800131152,PA,FALSE
82001532,NA,Colonial Theatre,PENNSYLVANIA,Dauphin,Harrisburg,3rd and Market Sts.,Listed,Single,FALSE,0.3,COMMERCE; ENTERTAINMENT/RECREATION; ARCHITECTURE,BUILDING,https://catalog.archives.gov/id/71995801,FALSE,FALSE,FALSE,TRUE,FALSE,11/9/82,NA,NA,NA,82001532,"3rd and Market Sts., Harrisburg, PENNSYLVANIA",40.260826619463,-76.880698081516,PA,TRUE
86003575,NA,Lansdowne Theatre,PENNSYLVANIA,Delaware,Lansdowne,29 N. Lansdowne Ave.,Listed,Single,FALSE,0.7,ARCHITECTURE,BUILDING,https://catalog.archives.gov/id/71996177,FALSE,FALSE,FALSE,TRUE,FALSE,1/6/87,NA,NA,NA,86003575,"29 N. Lansdowne Ave., Lansdowne, PENNSYLVANIA",39.939384278813,-75.271855385635,PA,FALSE
82003787,NA,Warner Theater,PENNSYLVANIA,Erie,Erie,811 State St.,Listed,Single,FALSE,0.8,ARCHITECTURE,BUILDING,https://catalog.archives.gov/id/71995501,FALSE,FALSE,FALSE,TRUE,FALSE,4/13/82,NA,NA,NA,82003787,"811 State St., Erie, PENNSYLVANIA",42.127319044493,-80.082655586341,PA,FALSE
85001001,NA,Jefferson Theater,PENNSYLVANIA,Jefferson,Punxsutawney,230 N. Findley St.,Listed,Single,FALSE,0.9,ENTERTAINMENT/RECREATION; ARCHITECTURE,BUILDING,https://catalog.archives.gov/id/71997894,FALSE,FALSE,FALSE,TRUE,FALSE,5/9/85,NA,NA,NA,85001001,"230 N. Findley St., Punxsutawney, PENNSYLVANIA",40.944908312962,-78.971564499182,PA,FALSE
100009917,SG,Nineteenth Street Theater,PENNSYLVANIA,Lehigh,Allentown,527 N. Nineteenth Street,Listed,Single,FALSE,0.26,ARCHITECTURE,building,NA,FALSE,FALSE,FALSE,TRUE,FALSE,2/12/24,NA,Civic Theater of Allentown,NA,100009917,"527 N. Nineteenth Street, Allentown, PENNSYLVANIA",40.60319446521,-75.499943148112,PA,FALSE
80003564,NA,Comerford Theater,PENNSYLVANIA,Luzerne,Wilkes-Barre,71 Public Sq.,Listed,Single,FALSE,0.5,ARCHITECTURE,BUILDING,https://catalog.archives.gov/id/71998722,FALSE,FALSE,TRUE,FALSE,FALSE,12/3/80,NA,Paramount Theatre,NA,80003564,"71 Public Sq., Wilkes-Barre, PENNSYLVANIA",41.245199004768,-75.881548987646,PA,FALSE
98000899,NA,Embassy Theatre,PENNSYLVANIA,Mifflin,Lewistown,6 S. Main St.,Listed,Single,FALSE,0.1,ENTERTAINMENT/RECREATION; ARCHITECTURE,BUILDING,https://catalog.archives.gov/id/71996260,FALSE,FALSE,FALSE,TRUE,FALSE,7/23/98,NA,NA,NA,98000899,"6 S. Main St., Lewistown, PENNSYLVANIA",40.596916210184,-77.574195879313,PA,FALSE
83002263,NA,Keswick Theatre,PENNSYLVANIA,Montgomery,Glenside,291 Keswick Ave.,Listed,Single,FALSE,0.6,COMMERCE; ARCHITECTURE; SOCIAL HISTORY; PERFORMING ARTS,BUILDING,https://catalog.archives.gov/id/71995687,FALSE,FALSE,FALSE,TRUE,FALSE,6/30/83,NA,NA,NA,83002263,"291 Keswick Ave., Glenside, PENNSYLVANIA",40.106402458673,-75.146875844871,PA,FALSE
05001491,NA,Seville Theatre,PENNSYLVANIA,Montgomery,Lower Merion Township,822-826 W. Lancaster Ave.,Listed,Single,FALSE,0.9,ARCHITECTURE,BUILDING,https://catalog.archives.gov/id/71996327,FALSE,FALSE,FALSE,TRUE,FALSE,12/28/05,NA,Bryn Mawr Theatre,NA,05001491,"822-826 W. Lancaster Ave., Lower Merion Township, PENNSYLVANIA",40.021656514156,-75.318991856332,PA,FALSE
82003804,NA,State Theatre,PENNSYLVANIA,Northampton,Easton,454 Northampton St.,Listed,Single,FALSE,0.6,ENTERTAINMENT/RECREATION; ARCHITECTURE; PERFORMING ARTS,BUILDING,https://catalog.archives.gov/id/71995391,FALSE,FALSE,FALSE,TRUE,FALSE,3/4/82,NA,Neumeyers Vaudeville House,NA,82003804,"454 Northampton St., Easton, PENNSYLVANIA",40.690838117474,-75.212529867521,PA,TRUE
100006793,SG,Leader Theater,PENNSYLVANIA,Philadelphia,Philadelphia,4102-4104 Lancaster Ave.,Listed,Single,FALSE,0.9,ENTERTAINMENT/RECREATION,building,NA,FALSE,FALSE,FALSE,TRUE,FALSE,8/9/21,NA,Leader Theatre,NA,100006793,"4102-4104 Lancaster Ave., Philadelphia, PENNSYLVANIA",39.964882698825,-75.205916545915,PA,FALSE
80003619,NA,Royal Theater,PENNSYLVANIA,Philadelphia,Philadelphia,1524--1534 South St.,Listed,Single,FALSE,0.3,ARCHITECTURE; PERFORMING ARTS,BUILDING,https://catalog.archives.gov/id/71997178,FALSE,FALSE,FALSE,TRUE,FALSE,2/8/80,NA,NA,NA,80003619,"1524--1534 South St., Philadelphia, PENNSYLVANIA",39.943886576194,-75.167924480125,PA,FALSE
82003817,NA,Uptown Theater and Office Building,PENNSYLVANIA,Philadelphia,Philadelphia,2240-2248 N. Broad St.,Listed,Single,FALSE,0.4,ARCHITECTURE; PERFORMING ARTS,BUILDING,https://catalog.archives.gov/id/71997410,FALSE,FALSE,FALSE,TRUE,FALSE,7/22/82,NA,Uptown Theater,NA,82003817,"2240-2248 N. Broad St., Philadelphia, PENNSYLVANIA",39.987409901799,-75.156501371021,PA,FALSE
66000693,NA,Walnut Street Theatre,PENNSYLVANIA,Philadelphia,Philadelphia,9th and Walnut Sts.,Listed,Single,FALSE,0.9,PERFORMING ARTS,BUILDING,https://catalog.archives.gov/id/71994385,FALSE,TRUE,FALSE,FALSE,FALSE,10/15/66,12/29/62,NA,NA,66000693,"9th and Walnut Sts., Philadelphia, PENNSYLVANIA",39.948281794762,-75.155805589238,PA,TRUE
86000041,NA,Corregimiento Plaza Theater,PUERTO RICO,Arecibo,Arecibo,Llaguerry and Toribio Pagan Sts.,Listed,Single,FALSE,0.2,PERFORMING ARTS,BUILDING,https://catalog.archives.gov/id/131518419,FALSE,FALSE,TRUE,FALSE,FALSE,1/6/86,NA,Oliver Theater,NA,86000041,"Llaguerry and Toribio Pagan Sts., Arecibo, PUERTO RICO",18.4704378,-66.722277,NA,FALSE
83000181,NA,Leroy Theatre,RHODE ISLAND,Providence,Pawtucket,66 Broad St.,Listed,Single,FALSE,0.4,ENTERTAINMENT/RECREATION; ARCHITECTURE,BUILDING,https://catalog.archives.gov/id/41375552,FALSE,FALSE,TRUE,FALSE,FALSE,8/4/83,NA,NA,NA,83000181,"66 Broad St., Pawtucket, RHODE ISLAND",41.880071675124,-71.386499487214,RI,FALSE
77000027,NA,Loew's State Theatre,RHODE ISLAND,Providence,Providence,220 Weybosset St.,Listed,Single,FALSE,1,ENTERTAINMENT/RECREATION; ARCHITECTURE; SOCIAL HISTORY,BUILDING,https://catalog.archives.gov/id/41375548,FALSE,TRUE,FALSE,FALSE,FALSE,8/19/77,NA,NA,NA,77000027,"220 Weybosset St., Providence, RHODE ISLAND",41.821260304107,-71.412022500956,RI,FALSE
72000004,NA,Trinity Square Repertory Theatre,RHODE ISLAND,Providence,Providence,201 Washington St.,Listed,Single,FALSE,0.9,ENTERTAINMENT/RECREATION; ARCHITECTURE,BUILDING,https://catalog.archives.gov/id/41375582,FALSE,FALSE,FALSE,TRUE,FALSE,6/5/72,NA,Majestic Theatre,NA,72000004,"201 Washington St., Providence, RHODE ISLAND",41.822208171628,-71.41634974229,RI,FALSE
80004597,NA,Theatre-By-the-Sea,RHODE ISLAND,Washington,South Kingstown,Card Ponds Rd.,Listed,Single,FALSE,3.6,PERFORMING ARTS,BUILDING,https://catalog.archives.gov/id/41375849,FALSE,FALSE,TRUE,FALSE,FALSE,7/10/80,NA,NA,NA,80004597,"Card Ponds Rd., South Kingstown, RHODE ISLAND",41.37302,-71.56895,RI,FALSE
73001684,NA,Dock Street Theatre,SOUTH CAROLINA,Charleston,Charleston,135 Church St.,Listed,Single,FALSE,0.5,ARCHITECTURE; SOCIAL HISTORY,BUILDING,https://catalog.archives.gov/id/118997327,FALSE,TRUE,FALSE,FALSE,FALSE,6/19/73,NA,Planters' Hotel,NA,73001684,"135 Church St., Charleston, SOUTH CAROLINA",32.778088502948,-79.929498517853,SC,FALSE
80003665,NA,Republic Theater,SOUTH CAROLINA,Chester,Great Falls,806 Dearborn St.,Listed,Single,FALSE,0.9,INDUSTRY; ARCHITECTURE; PERFORMING ARTS,BUILDING,https://catalog.archives.gov/id/118997552,FALSE,FALSE,FALSE,TRUE,FALSE,11/26/80,NA,Falls Theater,NA,80003665,"806 Dearborn St., Great Falls, SOUTH CAROLINA",34.567208761439,-80.889906826568,SC,FALSE
100010415,SG,Darlington Theatre,SOUTH CAROLINA,Darlington,Darlington,108 Pearl Street,Listed,Single,FALSE,0.17,ARCHITECTURE; ENTERTAINMENT/RECREATION,building,NA,FALSE,FALSE,FALSE,TRUE,FALSE,5/30/24,NA,Darlington Cinema,NA,100010415,"108 Pearl Street, Darlington, SOUTH CAROLINA",34.302690263979,-79.871831275463,SC,FALSE
100010398,SG,State Theatre,SOUTH CAROLINA,Greenwood,Greenwood,110 Main Street,Listed,Single,FALSE,0.9,ENTERTAINMENT/RECREATION,building,NA,FALSE,FALSE,FALSE,TRUE,FALSE,5/23/24,NA,Greenwood Community Theatre,NA,100010398,"110 Main Street, Greenwood, SOUTH CAROLINA",34.191989421003,-82.161390037351,SC,FALSE
12000849,NA,Palmetto Theatre,SOUTH CAROLINA,Hampton,Hampton,109 Lee Ave.,Listed,Single,FALSE,0.9,ARCHITECTURE,BUILDING,https://catalog.archives.gov/id/118997975,FALSE,FALSE,FALSE,TRUE,FALSE,10/9/12,NA,Palmetto Theater,NA,12000849,"109 Lee Ave., Hampton, SOUTH CAROLINA",32.868113705361,-81.107009901249,SC,FALSE
03000658,NA,Carver Theatre,SOUTH CAROLINA,Richland,Columbia,1519 Harden St.,Listed,Single,FALSE,0.9,BLACK,BUILDING,https://catalog.archives.gov/id/118998346,FALSE,FALSE,FALSE,TRUE,FALSE,7/17/03,NA,NA,NA,03000658,"1519 Harden St., Columbia, SOUTH CAROLINA",34.010412168694,-81.021543154969,SC,FALSE
74001873,NA,Town Theatre,SOUTH CAROLINA,Richland,Columbia,1012 Sumter St.,Listed,Single,FALSE,0.3,EDUCATION; ARCHITECTURE; PERFORMING ARTS,BUILDING,https://catalog.archives.gov/id/118998460,FALSE,FALSE,FALSE,TRUE,FALSE,10/9/74,NA,NA,NA,74001873,"1012 Sumter St., Columbia, SOUTH CAROLINA",33.999662294052,-81.030668952051,SC,FALSE
93001406,NA,Saluda Theatre,SOUTH CAROLINA,Saluda,Salude,107 Law Range,Listed,Single,FALSE,0.9,ARCHITECTURE; ENTERTAINMENT/RECREATION,BUILDING,https://catalog.archives.gov/id/118998490,FALSE,FALSE,FALSE,TRUE,FALSE,12/13/93,NA,NA,NA,93001406,"107 Law Range, Salude, SOUTH CAROLINA",34.001309128479,-81.771054697116,SC,FALSE
96000405,NA,Palmetto Theater,SOUTH CAROLINA,Spartanburg,Spartanburg,172 E. Main St.,Listed,Single,FALSE,0.9,ARCHITECTURE,BUILDING,https://catalog.archives.gov/id/118998582,FALSE,FALSE,FALSE,TRUE,FALSE,4/12/96,NA,NA,NA,96000405,"172 E. Main St., Spartanburg, SOUTH CAROLINA",34.950335782464,-81.929600574975,SC,FALSE
13000570,NA,Inland Theater,SOUTH DAKOTA,Bennett,Martin,306 Main,Listed,Single,FALSE,0.9,ARCHITECTURE,BUILDING,NA,FALSE,FALSE,TRUE,FALSE,FALSE,7/30/13,NA,NA,NA,13000570,"306 Main, Martin, SOUTH DAKOTA",43.175379938062,-101.735904338647,SD,FALSE
96001224,NA,Scotland Royal Theater,SOUTH DAKOTA,Bon Homme,Scotland,565 Main St.,Listed,Single,FALSE,0.9,ARCHITECTURE,BUILDING,https://catalog.archives.gov/id/93204382,FALSE,FALSE,FALSE,TRUE,FALSE,10/31/96,NA,NA,NA,96001224,"565 Main St., Scotland, SOUTH DAKOTA",43.149277979112,-97.71975298306,SD,FALSE
87000224,NA,Coolidge Sylvan Theatre,SOUTH DAKOTA,Brookings,Brookings,Medary Ave.,Listed,Single,FALSE,0.9,ENTERTAINMENT/RECREATION,STRUCTURE,https://catalog.archives.gov/id/93204412,FALSE,FALSE,FALSE,TRUE,FALSE,2/26/87,NA,NA,NA,87000224,"Medary Ave., Brookings, SOUTH DAKOTA",44.320335027469,-96.788368305066,SD,FALSE
02000020,NA,Dell Rapids Amphitheater,SOUTH DAKOTA,Minnehaha,Dell Rapids,City Park,Listed,Multiple,FALSE,0.9,ARCHITECTURE; SOCIAL HISTORY,STRUCTURE,https://catalog.archives.gov/id/93203983,FALSE,FALSE,FALSE,TRUE,FALSE,2/15/02,NA,NA,NA,02000020,"City Park, Dell Rapids, SOUTH DAKOTA",43.8215498,-96.7033257,SD,FALSE
83003016,NA,Orpheum Theatre,SOUTH DAKOTA,Minnehaha,Sioux Falls,315 N. Phillips Ave.,Listed,Single,FALSE,0.9,ENTERTAINMENT/RECREATION; ARCHITECTURE,BUILDING,https://catalog.archives.gov/id/93205418,FALSE,FALSE,FALSE,TRUE,FALSE,6/23/83,NA,NA,NA,83003016,"315 N. Phillips Ave., Sioux Falls, SOUTH DAKOTA",43.550550613343,-96.727295078676,SD,FALSE
00001214,NA,Crystal Theatre,SOUTH DAKOTA,Moody,Flandreau,215 E. Second Ave.,Listed,Single,FALSE,0.9,ARCHITECTURE; ENTERTAINMENT/RECREATION,BUILDING,https://catalog.archives.gov/id/93205486,FALSE,FALSE,FALSE,TRUE,FALSE,10/12/00,NA,NA,NA,00001214,"215 E. Second Ave., Flandreau, SOUTH DAKOTA",44.049211910017,-96.592661261835,SD,FALSE
07000530,NA,Glud Theatre,SOUTH DAKOTA,Turner,Viborg,119 N. Main St.,Listed,Single,FALSE,0.9,ARCHITECTURE,BUILDING,https://catalog.archives.gov/id/93205692,FALSE,FALSE,FALSE,TRUE,FALSE,6/8/07,NA,Lund Theatre,NA,07000530,"119 N. Main St., Viborg, SOUTH DAKOTA",43.171201978424,-97.081969947127,SD,FALSE
98001446,NA,Ritz Theatre and Hoskins Rexall Drug Store No. 2,TENNESSEE,Anderson,Clinton,111-121 N. Main St.,Listed,Single,FALSE,0.4,ARCHITECTURE,BUILDING,NA,FALSE,FALSE,FALSE,TRUE,FALSE,12/4/98,NA,Red Speeks' Country Music Theatre,NA,98001446,"111-121 N. Main St., Clinton, TENNESSEE",36.100282732444,-84.133206524017,TN,FALSE
12000115,NA,Court Theatre,TENNESSEE,Carroll,Huntingdon,155 Court Sq.,Listed,Single,FALSE,0.9,ENTERTAINMENT/RECREATION,BUILDING,NA,FALSE,FALSE,FALSE,TRUE,FALSE,3/12/12,NA,NA,NA,12000115,"155 Court Sq., Huntingdon, TENNESSEE",36.001195603051,-88.428435776582,TN,FALSE
93001477,NA,Palace Theater,TENNESSEE,Cumberland,Crossville,210 N. Main St.,Listed,Single,FALSE,0.9,ARCHITECTURE; ENTERTAINMENT/RECREATION,BUILDING,NA,FALSE,FALSE,FALSE,TRUE,FALSE,1/7/94,NA,NA,NA,93001477,"210 N. Main St., Crossville, TENNESSEE",35.950526369667,-85.027775285565,TN,FALSE
73001779,AD,Tivoli Theater (Additional Documentation),TENNESSEE,Hamilton,Chattanooga,709 Broad St.,Listed,Add.Doc.,FALSE,0.76,ARCHITECTURE,building,NA,FALSE,FALSE,FALSE,TRUE,FALSE,4/11/73,NA,NA,NA,73001779,"709 Broad St., Chattanooga, TENNESSEE",35.047909684967,-85.310855622082,TN,FALSE
82003979,NA,Burwell Building Tennessee Theater,TENNESSEE,Knox,Knoxville,600 S. Gay St.,Listed,Single,FALSE,1,ENTERTAINMENT/RECREATION; ARCHITECTURE,BUILDING,NA,FALSE,FALSE,TRUE,FALSE,FALSE,4/1/82,NA,Knoxville Banking and Trust Co. Building,NA,82003979,"600 S. Gay St., Knoxville, TENNESSEE",35.964290807785,-83.917622272255,TN,FALSE
97000804,NA,Crockett Theater,TENNESSEE,Lawrence,Lawrenceburg,205 N. Military St.,Listed,Single,FALSE,0.9,ARCHITECTURE; ENTERTAINMENT/RECREATION,BUILDING,NA,FALSE,FALSE,FALSE,TRUE,FALSE,7/29/97,NA,David Crockett Theater,NA,97000804,"205 N. Military St., Lawrenceburg, TENNESSEE",35.242190069557,-87.334455400997,TN,FALSE
100007126,SG,Dixie Theatre,TENNESSEE,Marshall,Lewisburg,110 West Church St.,Listed,Single,FALSE,0.9,ENTERTAINMENT/RECREATION,building,NA,FALSE,FALSE,FALSE,TRUE,FALSE,10/28/21,NA,Marshall County Community Theatre,NA,100007126,"110 West Church St., Lewisburg, TENNESSEE",35.450268865307,-86.788337550493,TN,FALSE
99000363,NA,Capitol Theatre,TENNESSEE,Obion,Union City,118 S. First St.,Listed,Multiple,FALSE,0.9,ENTERTAINMENT/RECREATION,BUILDING,NA,FALSE,FALSE,FALSE,TRUE,FALSE,3/18/99,NA,NA,NA,99000363,"118 S. First St., Union City, TENNESSEE",36.424938988138,-89.056876929969,TN,TRUE
77001289,NA,Orpheum Theatre,TENNESSEE,Shelby,Memphis,197 S. Main St.,Listed,Single,FALSE,0.5,ENTERTAINMENT/RECREATION; ARCHITECTURE,BUILDING,NA,FALSE,FALSE,FALSE,TRUE,FALSE,8/15/77,NA,NA,NA,77001289,"197 S. Main St., Memphis, TENNESSEE",35.140204329575,-90.055427472133,TN,TRUE
85000701,NA,Paramount Theatre and Office Building,TENNESSEE,Sullivan,Bristol,516 State St.,Listed,Single,FALSE,0.9,ARCHITECTURE,BUILDING,NA,FALSE,FALSE,FALSE,TRUE,FALSE,4/4/85,NA,NA,NA,85000701,"516 State St., Bristol, TENNESSEE",36.594471152217,-82.182623242113,TN,FALSE
92000248,NA,Ruffin Theater,TENNESSEE,Tipton,Covington,113 W. Pleasant Ave.,Listed,Single,FALSE,0.5,ENTERTAINMENT/RECREATION; ARCHITECTURE,BUILDING,NA,FALSE,FALSE,FALSE,TRUE,FALSE,3/26/92,NA,NA,NA,92000248,"113 W. Pleasant Ave., Covington, TENNESSEE",35.563530924527,-89.647016222424,TN,FALSE
10000464,NA,Varsity Theatre,TENNESSEE,Weakley,Martin,104 Oxford St,Listed,Single,FALSE,0.9,ARCHITECTURE; ENTERTAINMENT/RECREATION,BUILDING,NA,FALSE,FALSE,FALSE,TRUE,FALSE,7/16/10,NA,The Sideline,NA,10000464,"104 Oxford St, Martin, TENNESSEE",36.343565628093,-88.851397758746,TN,FALSE
88002767,NA,Pines Theatre,TEXAS,Angelina,Lufkin,"113 First St., South",Listed,Multiple,FALSE,0.9,ARCHITECTURE,BUILDING,https://catalog.archives.gov/id/40967894,FALSE,FALSE,FALSE,TRUE,FALSE,12/22/88,NA,NA,NA,88002767,"113 First St., South, Lufkin, TEXAS",31.338407826302,-94.728678378616,TX,FALSE
01001265,NA,Rialto Theater,TEXAS,Bee,Beeville,112-114 N. Washington St.,Listed,Single,FALSE,0.9,ARCHITECTURE,BUILDING,https://catalog.archives.gov/id/40971038,FALSE,FALSE,FALSE,TRUE,FALSE,11/21/01,NA,Hall-Rialto Theater,NA,01001265,"112-114 N. Washington St., Beeville, TEXAS",28.402221067065,-97.749123590882,TX,FALSE
92001403,NA,Aztec Theater,TEXAS,Bexar,San Antonio,104 N. St. Mary's St.,Listed,Single,FALSE,0.9,ARCHITECTURE,BUILDING,https://catalog.archives.gov/id/40971129,FALSE,FALSE,TRUE,FALSE,FALSE,10/22/92,NA,Aztec Theater and Office Building,NA,92001403,"104 N. St. Mary's St., San Antonio, TEXAS",29.424740541458,-98.491265093205,TX,FALSE
99000283,NA,Brady Building-Empire Theater,TEXAS,Bexar,San Antonio,204 E. Houston St.--226 N. St. Mary's St.,Listed,Single,FALSE,0.9,ENTERTAINMENT/RECREATION; COMMERCE,BUILDING,https://catalog.archives.gov/id/40971261,FALSE,FALSE,FALSE,TRUE,FALSE,3/17/99,NA,NA,NA,99000283,"204 E. Houston St.--226 N. St. Mary's St., San Antonio, TEXAS",29.426337838837,-98.491060323311,TX,FALSE
75001952,NA,Majestic Theatre,TEXAS,Bexar,San Antonio,230 E. Houston St.,Listed,Single,FALSE,0.5,COMMERCE; COMMUNICATIONS; PERFORMING ARTS; ART; ARCHITECTURE,BUILDING,https://catalog.archives.gov/id/40971157,FALSE,TRUE,FALSE,FALSE,FALSE,10/1/75,4/19/93,NA,NA,75001952,"230 E. Houston St., San Antonio, TEXAS",29.426343287074,-98.490162118566,TX,FALSE
78002897,NA,Saenger Theater,TEXAS,Bowie,Texarkana,219 Main St.,Listed,Single,FALSE,0.3,ART; ENTERTAINMENT/RECREATION; ARCHITECTURE; COMMUNICATIONS,BUILDING,https://catalog.archives.gov/id/40971340,FALSE,FALSE,FALSE,TRUE,FALSE,7/12/78,NA,Paramount Theater,NA,78002897,"219 Main St., Texarkana, TEXAS",33.421095224253,-94.044218972021,TX,FALSE
08000240,NA,Brauntex Theater,TEXAS,Comal,New Braunfels,290 W. San Antonio,Listed,Single,FALSE,0.9,ENTERTAINMENT/RECREATION; ARCHITECTURE,BUILDING,https://catalog.archives.gov/id/40971563,FALSE,FALSE,FALSE,TRUE,FALSE,3/24/08,NA,NA,NA,08000240,"290 W. San Antonio, New Braunfels, TEXAS",29.701403863589,-98.126605617873,TX,FALSE
100004752,SG,Forest Theatre,TEXAS,Dallas,Dallas,1904 Martin Luther King Jr. Blvd.,Listed,Single,FALSE,1.6,SOCIAL HISTORY; ARCHITECTURE; ENTERTAINMENT/RECREATION,building,NA,FALSE,FALSE,FALSE,TRUE,FALSE,12/4/19,NA,NA,NA,100004752,"1904 Martin Luther King Jr. Blvd., Dallas, TEXAS",32.763323570957,-96.774171626556,TX,FALSE
77001437,NA,Majestic Theatre,TEXAS,Dallas,Dallas,1925 Elm St.,Listed,Single,FALSE,0.9,ENTERTAINMENT/RECREATION; ARCHITECTURE,BUILDING,https://catalog.archives.gov/id/40971699,FALSE,FALSE,TRUE,FALSE,FALSE,11/14/77,NA,NA,NA,77001437,"1925 Elm St., Dallas, TEXAS",32.782763174168,-96.795027142761,TX,FALSE
03000187,NA,Texas Theatre,TEXAS,Dallas,Dallas,231 W. Jefferson Blvd.,Listed,Single,FALSE,0.9,POLITICS/GOVERNMENT; ENTERTAINMENT/RECREATION,BUILDING,https://catalog.archives.gov/id/40971769,FALSE,TRUE,FALSE,TRUE,FALSE,4/1/03,NA,NA,NA,03000187,"231 W. Jefferson Blvd., Dallas, TEXAS",32.743498986933,-96.825872797904,TX,FALSE
80004109,NA,Palace Theatre,TEXAS,El Paso,El Paso,209 S. El Paso St.,Listed,Multiple,FALSE,0.9,ARCHITECTURE,BUILDING,https://catalog.archives.gov/id/40968892,FALSE,FALSE,TRUE,FALSE,FALSE,9/24/80,NA,NA,NA,80004109,"209 S. El Paso St., El Paso, TEXAS",31.757122195213,-106.489095802647,TX,TRUE
87000902,NA,Plaza Theatre,TEXAS,El Paso,El Paso,125 Pioneer Plaza,Listed,Single,FALSE,1,ENTERTAINMENT/RECREATION; ARCHITECTURE,BUILDING,https://catalog.archives.gov/id/40971885,FALSE,TRUE,FALSE,FALSE,FALSE,6/4/87,NA,NA,NA,87000902,"125 Pioneer Plaza, El Paso, TEXAS",31.759047015458,-106.48972402629,TX,FALSE
03001414,NA,Gonzales Memorial Museum and Amphitheater Historic District,TEXAS,Gonzales,Gonzales,414 Smith St.,Listed,Single,FALSE,3.9,POLITICS/GOVERNMENT; COMMUNITY PLANNING AND DEVELOPMENT; ARCHITECTURE,BUILDING,https://catalog.archives.gov/id/40972153,FALSE,FALSE,TRUE,TRUE,FALSE,1/13/04,NA,NA,NA,03001414,"414 Smith St., Gonzales, TEXAS",29.504033010222,-97.443398031147,TX,FALSE
100001375,MP,Heights Theater,TEXAS,Harris,Houston,339 W. 19th St.,Listed,Multiple,FALSE,0.19,ARCHITECTURE; ENTERTAINMENT/RECREATION,building,NA,FALSE,FALSE,FALSE,TRUE,FALSE,7/24/17,NA,NA,NA,100001375,"339 W. 19th St., Houston, TEXAS",29.803173411546,-95.402885980626,TX,FALSE
100010951,SG,River Oaks Theatre,TEXAS,Harris,Houston,2050 West Gray Street,Listed,Single,FALSE,0.23,ARCHITECTURE; ENTERTAINMENT/RECREATION,building,NA,FALSE,FALSE,FALSE,TRUE,FALSE,10/25/24,NA,2009 West Gray Street,NA,100010951,"2050 West Gray Street, Houston, TEXAS",29.753241115135,-95.410342270234,TX,FALSE
98001124,NA,Border Theater,TEXAS,Hidalgo,Mission,905 North Conway Blvd.,Listed,Multiple,FALSE,0.9,COMMUNITY PLANNING AND DEVELOPMENT; ENTERTAINMENT/RECREATION,BUILDING,https://catalog.archives.gov/id/40969595,FALSE,FALSE,FALSE,TRUE,FALSE,8/28/98,NA,NA,NA,98001124,"905 North Conway Blvd., Mission, TEXAS",26.215013770375,-98.325965079953,TX,FALSE
11000652,NA,Edna Theatre,TEXAS,Jackson,Edna,201 W. Main St.,Listed,Single,FALSE,0.2,ARCHITECTURE; ENTERTAINMENT/RECREATION,BUILDING,https://catalog.archives.gov/id/40972655,FALSE,FALSE,FALSE,TRUE,FALSE,9/8/11,NA,NA,NA,11000652,"201 W. Main St., Edna, TEXAS",28.977477745608,-96.64785307676,TX,FALSE
78002962,NA,Jefferson Theater,TEXAS,Jefferson,Beaumont,345 Fannin St.,Listed,Single,FALSE,0.5,ENTERTAINMENT/RECREATION; PERFORMING ARTS,BUILDING,https://catalog.archives.gov/id/40972712,FALSE,FALSE,FALSE,TRUE,FALSE,1/30/78,NA,NA,NA,78002962,"345 Fannin St., Beaumont, TEXAS",30.081958989651,-94.097777974837,TX,FALSE
98000447,NA,Cactus Theater,TEXAS,Lubbock,Lubbock,1812 Buddy Holly Ave.,Listed,Single,FALSE,0.9,ENTERTAINMENT/RECREATION,BUILDING,https://catalog.archives.gov/id/40972890,FALSE,FALSE,FALSE,TRUE,FALSE,5/8/98,NA,NA,NA,98000447,"1812 Buddy Holly Ave., Lubbock, TEXAS",33.57833889014,-101.844577473516,TX,TRUE
100011087,SG,Rainbow Theater,TEXAS,Medina,Castroville,410 Paris Street,Listed,Single,FALSE,0.13,ENTERTAINMENT/RECREATION,building,NA,FALSE,FALSE,FALSE,TRUE,FALSE,12/3/24,NA,Rainbow Theatre,NA,100011087,"410 Paris Street, Castroville, TEXAS",29.356769341676,-98.877647946997,TX,FALSE
100009892,SG,Ritz Theatre,TEXAS,Nueces,Corpus Christi,715 North Chaparral Street,Listed,Single,FALSE,0.4,ENTERTAINMENT/RECREATION,building,NA,FALSE,FALSE,FALSE,TRUE,FALSE,1/26/24,NA,R. and R. Ritz Theatre,NA,100009892,"715 North Chaparral Street, Corpus Christi, TEXAS",27.798382014874,-97.39424797585,TX,FALSE
11000982,NA,Ridglea Theatre,TEXAS,Tarrant,Fort Worth,6025-6033 Camp Bowie Blvd. & 3309 Winthrop Ave.,Listed,Single,FALSE,3,ARCHITECTURE; ENTERTAINMENT/RECREATION; ART,BUILDING,https://catalog.archives.gov/id/40973548,FALSE,FALSE,FALSE,TRUE,FALSE,12/30/11,NA,NA,NA,11000982,"6025-6033 Camp Bowie Blvd. & 3309 Winthrop Ave., Fort Worth, TEXAS",32.728820011359,-97.415043980542,TX,FALSE
82001739,NA,Paramount Theater,TEXAS,Taylor,Abilene,352 Cypress St.,Listed,Single,FALSE,0.9,ARCHITECTURE,BUILDING,https://catalog.archives.gov/id/40973570,FALSE,FALSE,FALSE,TRUE,FALSE,12/27/82,NA,See Also:Abilene Commercial Historic District,NA,82001739,"352 Cypress St., Abilene, TEXAS",32.452097010078,-99.734548013534,TX,FALSE
76002072,NA,Paramount Theatre,TEXAS,Travis,Austin,713 Congress Ave.,Listed,Single,FALSE,0.3,ARCHITECTURE; PERFORMING ARTS,BUILDING,https://catalog.archives.gov/id/40973777,FALSE,FALSE,FALSE,TRUE,FALSE,6/23/76,NA,NA,NA,76002072,"713 Congress Ave., Austin, TEXAS",30.269323149821,-97.741902329839,TX,TRUE
100009409,SG,Plaza Theater,TEXAS,Wilbarger,Vernon,1701-1717 Cumberland St.,Listed,Single,FALSE,0.3,ARCHITECTURE; ENTERTAINMENT/RECREATION,building,NA,FALSE,FALSE,FALSE,TRUE,FALSE,10/6/23,NA,Vernon Plaza Theater,NA,100009409,"1701-1717 Cumberland St., Vernon, TEXAS",34.153300483782,-99.28290693056,TX,FALSE
03000770,NA,Rig Theater,TEXAS,Winkler,Wink,213-215 E. Hendricks Blvd.,Listed,Single,FALSE,0.9,ENTERTAINMENT/RECREATION; ARCHITECTURE,BUILDING,https://catalog.archives.gov/id/40974019,FALSE,FALSE,FALSE,TRUE,FALSE,8/14/03,NA,NA,NA,03000770,"213-215 E. Hendricks Blvd., Wink, TEXAS",31.750791909066,-103.160512765672,TX,FALSE
93000565,NA,National Theater,TEXAS,Young,Graham,522 Oak St.,Listed,Single,FALSE,0.9,ARCHITECTURE,BUILDING,https://catalog.archives.gov/id/40974041,FALSE,FALSE,FALSE,TRUE,FALSE,6/24/93,NA,NA,NA,93000565,"522 Oak St., Graham, TEXAS",33.106097855189,-98.591655901909,TX,FALSE
91001544,NA,Elberta Theatre,UTAH,Box Elder,Brigham City,53 S. Main St.,Listed,Multiple,FALSE,0.2,COMMERCE; ENTERTAINMENT/RECREATION,BUILDING,https://catalog.archives.gov/id/71999209,FALSE,FALSE,FALSE,TRUE,FALSE,10/17/91,NA,Capitol Theatre,NA,91001544,"53 S. Main St., Brigham City, UTAH",41.509256531256,-112.015300994746,UT,FALSE
82004116,NA,Star Theatre,UTAH,Carbon,Price,20 E. Main St.,Listed,Single,FALSE,0.9,ENTERTAINMENT/RECREATION; EUROPEAN; ARCHITECTURE; PERFORMING ARTS,BUILDING,https://catalog.archives.gov/id/72000928,FALSE,FALSE,FALSE,TRUE,FALSE,8/9/82,NA,NA,NA,82004116,"20 E. Main St., Price, UTAH",39.59939152915,-110.810751351905,UT,FALSE
85000962,NA,Empress Theatre,UTAH,Salt Lake,Magna,9104 W. 2700 South,Listed,Single,FALSE,0.9,COMMERCE; ARCHITECTURE,BUILDING,https://catalog.archives.gov/id/72001353,FALSE,FALSE,FALSE,TRUE,FALSE,5/9/85,NA,NA,NA,85000962,"9104 W. 2700 South, Magna, UTAH",40.711005254907,-112.108743240449,UT,FALSE
01000959,NA,"Iris Theater, Apartments and Commercial Building",UTAH,Salt Lake,Murray,4861 S. State St.,Listed,Multiple,FALSE,1.3,ENTERTAINMENT/RECREATION; COMMERCE; SOCIAL HISTORY; ARCHITECTURE,BUILDING,https://catalog.archives.gov/id/71999923,FALSE,FALSE,FALSE,TRUE,FALSE,9/7/01,NA,Vista Theatre; Desert Star Playhouse,NA,01000959,"4861 S. State St., Murray, UTAH",40.665768683267,-111.887763213314,UT,FALSE
01000476,NA,Murray Theater,UTAH,Salt Lake,Murray,4961 S. State St.,Listed,Multiple,FALSE,0.2,ARCHITECTURE; ENTERTAINMENT/RECREATION; SOCIAL HISTORY,BUILDING,https://catalog.archives.gov/id/71999823,FALSE,FALSE,FALSE,TRUE,FALSE,5/8/01,NA,NA,NA,01000476,"4961 S. State St., Murray, UTAH",40.663833176095,-111.888038977928,UT,FALSE
76002257,NA,Orpheum Theatre,UTAH,Salt Lake,Salt Lake City,46 W. 2nd South,Listed,Single,FALSE,0.9,ARCHITECTURE; PERFORMING ARTS,BUILDING,https://catalog.archives.gov/id/72001501,FALSE,FALSE,TRUE,FALSE,FALSE,9/30/76,NA,Capitol Theatre,NA,76002257,"46 W. 2nd South, Salt Lake City, UTAH",40.771479491548,-111.887928974191,UT,FALSE
89001416,NA,Casino Theatre,UTAH,Sanpete,Gunnison,78 S. Main St.,Listed,Single,FALSE,0.2,ENTERTAINMENT/RECREATION; ARCHITECTURE,BUILDING,https://catalog.archives.gov/id/72001692,FALSE,FALSE,FALSE,TRUE,FALSE,9/22/89,NA,Star Theater,NA,89001416,"78 S. Main St., Gunnison, UTAH",39.153971788079,-111.818515449678,UT,FALSE
94001206,NA,Utah State Training School Amphitheater and Wall,UTAH,Utah,American Fork,Roughly 845 E. 700 N,Listed,Multiple,FALSE,0.9,SOCIAL HISTORY,STRUCTURE,https://catalog.archives.gov/id/72000488,FALSE,FALSE,FALSE,TRUE,FALSE,10/7/94,NA,NA,NA,94001206,"Roughly 845 E. 700 N, American Fork, UTAH",40.391912014527,-111.775373000418,UT,FALSE
86003717,NA,South Campground Amphitheater,UTAH,Washington,Springdale,South Campground,Listed,Multiple,FALSE,0.4,ARCHITECTURE,STRUCTURE,https://catalog.archives.gov/id/72000577,FALSE,FALSE,TRUE,TRUE,FALSE,2/14/87,NA,NA,Zion,86003717,"South Campground, Springdale, UTAH",37.188902,-112.998596,UT,FALSE
78002714,NA,Peery's Egyptian Theatre,UTAH,Weber,Ogden,2439 Washington Blvd.,Listed,Single,FALSE,0.9,ENTERTAINMENT/RECREATION; ARCHITECTURE; SOCIAL HISTORY,BUILDING,https://catalog.archives.gov/id/72002202,FALSE,FALSE,TRUE,FALSE,FALSE,12/12/78,NA,Egyptian Theatre,NA,78002714,"2439 Washington Blvd., Ogden, UTAH",41.222340442291,-111.970607208508,UT,FALSE
100003611,SG,Buchanan Theatre,VIRGINIA,Botetourt,Buchanan,19778 Main St.,Listed,Single,FALSE,0.25,ARCHITECTURE; ENTERTAINMENT/RECREATION,building,NA,FALSE,FALSE,FALSE,TRUE,FALSE,4/15/19,NA,Star Theatre; DHR ID# 180-0028-0117,NA,100003611,"19778 Main St., Buchanan, VIRGINIA",37.528046563979,-79.679281189888,VA,FALSE
08000420,NA,Pitts Theatre,VIRGINIA,Culpeper,Culpeper,303-307 S. Main St.,Listed,Single,FALSE,0.9,ARCHITECTURE,BUILDING,https://catalog.archives.gov/id/41680297,FALSE,FALSE,FALSE,TRUE,FALSE,5/15/08,NA,State Theatre (DHR No. 204-5053),NA,08000420,"303-307 S. Main St., Culpeper, VIRGINIA",38.47176349185,-77.996511197647,VA,FALSE
100010926,SG,DAW Theatre,VIRGINIA,Essex,Tappahannock,152 Prince Street,Listed,Single,FALSE,0.14,ENTERTAINMENT/RECREATION,building,NA,FALSE,FALSE,FALSE,TRUE,FALSE,10/15/24,NA,310-0024-0024,NA,100010926,"152 Prince Street, Tappahannock, VIRGINIA",37.928961165216,-76.858087143329,VA,FALSE
05001226,NA,Henrico Theatre,VIRGINIA,Henrico,Highland Springs,305 E. Nine Mile Rd.,Listed,Single,FALSE,1.6,ARCHITECTURE,BUILDING,https://catalog.archives.gov/id/41681219,FALSE,FALSE,FALSE,TRUE,FALSE,11/9/05,NA,043-0287,NA,05001226,"305 E. Nine Mile Rd., Highland Springs, VIRGINIA",37.54348066521,-77.325490479043,VA,FALSE
00001434,NA,Beacon Theatre,VIRGINIA,Hopewell,Hopewell (Independent City),401 N. Main St.,Listed,Single,FALSE,0.9,ARCHITECTURE; ENTERTAINMENT/RECREATION,BUILDING,https://catalog.archives.gov/id/41681310,FALSE,FALSE,FALSE,TRUE,FALSE,11/22/00,NA,Broadway Theatre; DHR File no. 116-0010,NA,00001434,"401 N. Main St., Hopewell (Independent City), VIRGINIA",37.304955170166,-77.287169339735,VA,FALSE
03000448,NA,Colonial Theatre,VIRGINIA,Mecklenburg,South Hill,220 S. Mecklenburg Ave.,Listed,Single,FALSE,0.9,ENTERTAINMENT/RECREATION; ARCHITECTURE,BUILDING,https://catalog.archives.gov/id/41681940,FALSE,FALSE,FALSE,TRUE,FALSE,5/19/03,NA,301-5054,NA,03000448,"220 S. Mecklenburg Ave., South Hill, VIRGINIA",36.724837281147,-78.130445377031,VA,FALSE
82004575,NA,Attucks Theatre,VIRGINIA,Norfolk,Norfolk (Independent City),1008--1012 Church St.,Listed,Single,FALSE,0.5,BLACK; ARCHITECTURE; PERFORMING ARTS,BUILDING,https://catalog.archives.gov/id/41682193,FALSE,FALSE,TRUE,FALSE,FALSE,9/16/82,NA,NA,NA,82004575,"1008--1012 Church St., Norfolk (Independent City), VIRGINIA",36.856725948209,-76.278889288044,VA,FALSE
80004312,NA,Wells Theatre,VIRGINIA,Norfolk,Norfolk (Independent City),Tazewell St. and Monticello Ave.,Listed,Single,FALSE,0.5,ARCHITECTURE; PERFORMING ARTS,BUILDING,https://catalog.archives.gov/id/41682191,FALSE,FALSE,TRUE,FALSE,FALSE,5/19/80,NA,NA,NA,80004312,"Tazewell St. and Monticello Ave., Norfolk (Independent City), VIRGINIA",36.848848502547,-76.290050594271,VA,FALSE
97000203,NA,Commodore Theatre,VIRGINIA,Portsmouth,Portsmouth (Independent City),421 High St.,Listed,Single,FALSE,0.9,ARCHITECTURE; ENTERTAINMENT/RECREATION,BUILDING,https://catalog.archives.gov/id/41682594,FALSE,FALSE,FALSE,TRUE,FALSE,2/27/97,NA,VDHR File No.124-0101,NA,97000203,"421 High St., Portsmouth (Independent City), VIRGINIA",36.835011824423,-76.301812332264,VA,TRUE
79003074,NA,Dalton Theatre Building,VIRGINIA,Pulaski,Pulaski,Washington Ave.,Listed,Single,FALSE,0.9,ARCHITECTURE; PERFORMING ARTS,BUILDING,https://catalog.archives.gov/id/41682769,FALSE,FALSE,TRUE,FALSE,FALSE,5/7/79,NA,NA,NA,79003074,"Washington Ave., Pulaski, VIRGINIA",37.050298575279,-80.779861819062,VA,FALSE
79003289,NA,Byrd Theatre,VIRGINIA,Richmond,Richmond (Independent City),2908 W. Cary St.,Listed,Single,FALSE,0.9,ENTERTAINMENT/RECREATION; EXPLORATION/SETTLEMENT; ARCHITECTURE,BUILDING,https://catalog.archives.gov/id/41682923,FALSE,FALSE,TRUE,FALSE,FALSE,9/24/79,NA,NA,NA,79003289,"2908 W. Cary St., Richmond (Independent City), VIRGINIA",37.552417869471,-77.477847327235,VA,FALSE
79003292,NA,Loews Theatre,VIRGINIA,Richmond,Richmond (Independent City),6th and Grace Sts.,Listed,Single,FALSE,1,ENTERTAINMENT/RECREATION; ARCHITECTURE,BUILDING,https://catalog.archives.gov/id/41683169,FALSE,FALSE,TRUE,FALSE,FALSE,11/20/79,NA,NA,NA,79003292,"6th and Grace Sts., Richmond (Independent City), VIRGINIA",37.541540003168,-77.437376984133,VA,FALSE
03000188,NA,National Theater,VIRGINIA,Richmond,Richmond (Independent City),700-710 E. Broad St.,Listed,Single,FALSE,0.9,ARCHITECTURE; ENTERTAINMENT/RECREATION,BUILDING,https://catalog.archives.gov/id/41683065,FALSE,FALSE,FALSE,TRUE,FALSE,4/2/03,NA,Towne Theater; 127-178-1,NA,03000188,"700-710 E. Broad St., Richmond (Independent City), VIRGINIA",37.541878925423,-77.43516893938,VA,FALSE
92001710,NA,Lincoln Theatre,VIRGINIA,Smyth,Marion,117 E. Main St.,Listed,Single,FALSE,0.2,ART; ARCHITECTURE,BUILDING,https://catalog.archives.gov/id/41683652,FALSE,FALSE,FALSE,TRUE,FALSE,12/17/92,NA,DHR File No. 119-09,NA,92001710,"117 E. Main St., Marion, VIRGINIA",36.833559533969,-81.519116648249,VA,FALSE
07000802,NA,Moonlite Theatre,VIRGINIA,Washington,Abingdon,17555 Lee Highway,Listed,Single,FALSE,13.3,ENTERTAINMENT/RECREATION,BUILDING,https://catalog.archives.gov/id/41684069,FALSE,FALSE,FALSE,TRUE,FALSE,8/8/07,NA,Moonlite Drive-in; 095-5256,NA,07000802,"17555 Lee Highway, Abingdon, VIRGINIA",36.676247472258,-82.048566770762,VA,FALSE
91001495,NA,Ruby Theater,WASHINGTON,Chelan,Chelan,135 E. Woodin Ave.,Listed,Multiple,FALSE,0.9,ENTERTAINMENT/RECREATION,BUILDING,https://catalog.archives.gov/id/75610846,FALSE,FALSE,FALSE,TRUE,FALSE,10/7/91,NA,NA,NA,91001495,"135 E. Woodin Ave., Chelan, WASHINGTON",47.840206780396,-120.017423238613,WA,FALSE
12000421,NA,Kiggins Theater,WASHINGTON,Clark,Vancouver,1011 Main St.,Listed,Multiple,FALSE,0.9,ARCHITECTURE; COMMERCE; ENTERTAINMENT/RECREATION,BUILDING,https://catalog.archives.gov/id/75610910,FALSE,FALSE,FALSE,TRUE,FALSE,7/17/12,NA,NA,NA,12000421,"1011 Main St., Vancouver, WASHINGTON",45.629276263355,-122.671265547476,WA,FALSE
85003014,NA,Columbia Theater,WASHINGTON,Cowlitz,Longview,1225 Vandercook Way,Listed,Multiple,FALSE,0.9,COMMUNITY PLANNING AND DEVELOPMENT; COMMERCE; ENTERTAINMENT/RECREATION; ARCHITECTURE; SOCIAL HISTORY,BUILDING,https://catalog.archives.gov/id/75610963,FALSE,FALSE,FALSE,TRUE,FALSE,12/5/85,NA,NA,NA,85003014,"1225 Vandercook Way, Longview, WASHINGTON",46.14099073061,-122.932297439606,WA,FALSE
99000402,NA,Nifty Theatre,WASHINGTON,Douglas,Waterville,201 Locust,Listed,Multiple,FALSE,0.9,ENTERTAINMENT/RECREATION; ARCHITECTURE,BUILDING,https://catalog.archives.gov/id/75611009,FALSE,FALSE,FALSE,TRUE,FALSE,7/27/99,NA,NA,NA,99000402,"201 Locust, Waterville, WASHINGTON",47.647431679477,-120.06993568731,WA,FALSE
87001334,NA,Seventh Street Theater,WASHINGTON,Grays Harbor,Hoquiam,313 Seventh St.,Listed,Single,FALSE,0.9,ENTERTAINMENT/RECREATION; ARCHITECTURE,BUILDING,https://catalog.archives.gov/id/75612228,FALSE,FALSE,TRUE,FALSE,FALSE,8/6/87,NA,NA,NA,87001334,"313 Seventh St., Hoquiam, WASHINGTON",46.977416415223,-123.885460162482,WA,FALSE
75001854,NA,Coliseum Theater,WASHINGTON,King,Seattle,5th Ave. and Pike St.,Listed,Single,FALSE,0.9,ARCHITECTURE,BUILDING,https://catalog.archives.gov/id/75612546,FALSE,TRUE,FALSE,FALSE,FALSE,7/7/75,NA,NA,NA,75001854,"5th Ave. and Pike St., Seattle, WASHINGTON",47.610689484333,-122.335561524302,WA,FALSE
74001958,NA,Moore Theatre and Hotel,WASHINGTON,King,Seattle,1932 2nd Ave.,Listed,Single,FALSE,0.9,ENGINEERING; ARCHITECTURE,BUILDING,https://catalog.archives.gov/id/75612460,FALSE,FALSE,FALSE,TRUE,FALSE,8/30/74,NA,NA,NA,74001958,"1932 2nd Ave., Seattle, WASHINGTON",47.611724314099,-122.341115289527,WA,FALSE
74001959,NA,Paramount Theatre,WASHINGTON,King,Seattle,911 Pine St.,Listed,Single,FALSE,1,ARCHITECTURE; PERFORMING ARTS,BUILDING,https://catalog.archives.gov/id/75612498,FALSE,FALSE,FALSE,TRUE,FALSE,10/9/74,NA,NA,NA,74001959,"911 Pine St., Seattle, WASHINGTON",47.613533757447,-122.331455313755,WA,FALSE
86000970,NA,Showboat Theatre,WASHINGTON,King,Seattle,"University of Washington, 1705 N.E. Pacific St.",Listed,Single,FALSE,0.9,EDUCATION; PERFORMING ARTS,BUILDING,https://catalog.archives.gov/id/75612622,FALSE,FALSE,TRUE,FALSE,FALSE,4/25/86,NA,NA,NA,86000970,"University of Washington, 1705 N.E. Pacific St., Seattle, WASHINGTON",47.650344016798996,-122.309072028058,WA,FALSE
91000540,NA,Raymond Theater,WASHINGTON,Pacific,Raymond,325 N. Third St.,Listed,Single,FALSE,0.9,ENTERTAINMENT/RECREATION; ARCHITECTURE,BUILDING,https://catalog.archives.gov/id/75612889,FALSE,FALSE,FALSE,TRUE,FALSE,5/1/91,NA,NA,NA,91000540,"325 N. Third St., Raymond, WASHINGTON",46.686146624489,-123.733268961195,WA,FALSE
09001235,NA,Blue Mouse Theatre,WASHINGTON,Pierce,Tacoma,2611 N. Proctor St.,Listed,Multiple,FALSE,0.9,ENTERTAINMENT/RECREATION; ARCHITECTURE,BUILDING,https://catalog.archives.gov/id/75611356,FALSE,FALSE,FALSE,TRUE,FALSE,1/13/10,NA,Blue Mouse Junior; Proctor Street Theatre; The Bijou; Proctor Theatre; Proctor Street Blue Mouse Theatre,NA,09001235,"2611 N. Proctor St., Tacoma, WASHINGTON",47.271629221398,-122.48851600219,WA,FALSE
93000357,NA,Masonic Temple Building-Temple Theater,WASHINGTON,Pierce,Tacoma,47 St. Helens Ave.,Listed,Multiple,FALSE,0.9,ENTERTAINMENT/RECREATION; ARCHITECTURE; SOCIAL HISTORY,BUILDING,https://catalog.archives.gov/id/75611366,FALSE,FALSE,FALSE,TRUE,FALSE,4/29/93,NA,Heilig's Theater;John Hamrick's Temple Theater,NA,93000357,"47 St. Helens Ave., Tacoma, WASHINGTON",47.262787528924,-122.445566627404,WA,FALSE
76001902,NA,Pantages Theatre,WASHINGTON,Pierce,Tacoma,901 and 909 Broadway,Listed,Single,FALSE,0.9,COMMERCE; ENTERTAINMENT/RECREATION; ARCHITECTURE; INVENTION,BUILDING,https://catalog.archives.gov/id/75612966,FALSE,TRUE,FALSE,FALSE,FALSE,11/7/76,NA,Jones Building;The Roxy,NA,76001902,"901 and 909 Broadway, Tacoma, WASHINGTON",47.255052289579,-122.440174968187,WA,FALSE
92001041,NA,Rialto Theater,WASHINGTON,Pierce,Tacoma,310 Ninth St.,Listed,Multiple,FALSE,0.9,ENTERTAINMENT/RECREATION,BUILDING,https://catalog.archives.gov/id/75611504,FALSE,FALSE,FALSE,TRUE,FALSE,8/21/92,NA,NA,NA,92001041,"310 Ninth St., Tacoma, WASHINGTON",47.254946048956,-122.441565693562,WA,FALSE
87001987,NA,Lincoln Theater and Commercial Block,WASHINGTON,Skagit,Mt. Vernon,301--329 Kincaid St. & 710--740 First St.,Listed,Single,FALSE,0.9,ENTERTAINMENT/RECREATION,BUILDING,https://catalog.archives.gov/id/75613163,FALSE,FALSE,FALSE,TRUE,FALSE,11/5/87,NA,NA,NA,87001987,"301--329 Kincaid St. & 710--740 First St., Mt. Vernon, WASHINGTON",48.41763110292,-122.339242269443,WA,FALSE
88002758,NA,Clemmer Theater,WASHINGTON,Spokane,Spokane,W. 901 Sprague Ave.,Listed,Single,FALSE,0.9,ENTERTAINMENT/RECREATION; PERFORMING ARTS,BUILDING,https://catalog.archives.gov/id/75613443,FALSE,FALSE,FALSE,TRUE,FALSE,12/1/88,NA,State Theater,NA,88002758,"W. 901 Sprague Ave., Spokane, WASHINGTON",47.657049916525,-117.42523812569,WA,FALSE
01001287,NA,Fox Theater,WASHINGTON,Spokane,Spokane,1005 W. Sprague Ave.,Listed,Multiple,FALSE,1,ARCHITECTURE; ENTERTAINMENT/RECREATION,BUILDING,https://catalog.archives.gov/id/75611591,FALSE,FALSE,FALSE,TRUE,FALSE,11/30/01,NA,NA,NA,01001287,"1005 W. Sprague Ave., Spokane, WASHINGTON",47.657115613939,-117.426759920782,WA,FALSE
13000999,NA,Garland Theater,WASHINGTON,Spokane,Spokane,924 W. Garland Ave.,Listed,Multiple,FALSE,0.9,ENTERTAINMENT/RECREATION; ARCHITECTURE,BUILDING,NA,FALSE,FALSE,FALSE,TRUE,FALSE,12/24/13,NA,NA,NA,13000999,"924 W. Garland Ave., Spokane, WASHINGTON",47.693715546138,-117.425631823682,WA,FALSE
93000358,NA,Liberty Theater,WASHINGTON,Walla Walla,Walla Walla,50 E. Main St.,Listed,Multiple,FALSE,0.9,ENTERTAINMENT/RECREATION; ARCHITECTURE,BUILDING,https://catalog.archives.gov/id/75611749,FALSE,FALSE,FALSE,TRUE,FALSE,4/29/93,NA,American Theater,NA,93000358,"50 E. Main St., Walla Walla, WASHINGTON",46.067491884375,-118.337406533927,WA,FALSE
78002786,NA,Mount Baker Theatre,WASHINGTON,Whatcom,Bellingham,106 N. Commercial St.,Listed,Single,FALSE,0.9,ENTERTAINMENT/RECREATION; ARCHITECTURE,BUILDING,https://catalog.archives.gov/id/75613648,FALSE,TRUE,FALSE,FALSE,FALSE,12/14/78,NA,NA,NA,78002786,"106 N. Commercial St., Bellingham, WASHINGTON",48.752255830333,-122.477923455871,WA,TRUE
04000200,NA,Cordova Theater,WASHINGTON,Whitman,Pullman,135 N. Grand Ave.,Listed,Multiple,FALSE,0.9,ENTERTAINMENT/RECREATION; ARCHITECTURE,BUILDING,https://catalog.archives.gov/id/75611825,FALSE,FALSE,FALSE,TRUE,FALSE,3/18/04,NA,NA,NA,04000200,"135 N. Grand Ave., Pullman, WASHINGTON",46.730397118596,-117.181709388821,WA,FALSE
73001895,NA,Capitol Theatre,WASHINGTON,Yakima,Yakima,19 S. 3rd St.,Listed,Single,FALSE,0.9,ENTERTAINMENT/RECREATION; ARCHITECTURE,BUILDING,https://catalog.archives.gov/id/75613772,FALSE,FALSE,TRUE,FALSE,FALSE,4/11/73,NA,Mercy Theatre;Lowe State Theatre,NA,73001895,"19 S. 3rd St., Yakima, WASHINGTON",46.602399631684,-120.502280798043,WA,FALSE
79002569,NA,Apollo Theatre,WEST VIRGINIA,Berkeley,Martinsburg,128 E. Martin St,Listed,Single,FALSE,0.9,ARCHITECTURE; SOCIAL HISTORY; PERFORMING ARTS,BUILDING,https://catalog.archives.gov/id/86534787,FALSE,FALSE,FALSE,TRUE,FALSE,10/11/79,NA,Martinsburg/Berkeley County Civic Center,NA,79002569,"128 E. Martin St, Martinsburg, WEST VIRGINIA",39.458407121458,-77.96210717315,WV,FALSE
80004026,NA,Kearse Theater,WEST VIRGINIA,Kanawha,Charleston,"161, 165, 167 Summers St.",Listed,Single,FALSE,0.9,ARCHITECTURE; PERFORMING ARTS,BUILDING,https://catalog.archives.gov/id/86535463,FALSE,FALSE,FALSE,TRUE,FALSE,11/28/80,NA,NA,NA,80004026,"161, 165, 167 Summers St., Charleston, WEST VIRGINIA",38.351171552241,-81.6350881377,WV,FALSE
85003408,NA,Plaza Theatre,WEST VIRGINIA,Kanawha,Charleston,123 Summers St.,Listed,Single,FALSE,0.2,ARCHITECTURE; PERFORMING ARTS,BUILDING,https://catalog.archives.gov/id/86535461,FALSE,FALSE,FALSE,TRUE,FALSE,10/30/85,NA,Capitol Theater,NA,85003408,"123 Summers St., Charleston, WEST VIRGINIA",38.350611966267,-81.63630881423,WV,FALSE
84003631,NA,Metropolitan Theatre,WEST VIRGINIA,Monongalia,Morgantown,371 S. High St.,Listed,Single,FALSE,0.3,ENTERTAINMENT/RECREATION; ARCHITECTURE,BUILDING,https://catalog.archives.gov/id/86535747,FALSE,FALSE,FALSE,TRUE,FALSE,1/12/84,NA,NA,NA,84003631,"371 S. High St., Morgantown, WEST VIRGINIA",39.622180359478,-79.962600801027,WV,FALSE
89000182,NA,Robey Theatre,WEST VIRGINIA,Roane,Spencer,318 Main St.,Listed,Single,FALSE,0.1,ENTERTAINMENT/RECREATION,BUILDING,https://catalog.archives.gov/id/86536131,FALSE,FALSE,TRUE,FALSE,FALSE,3/29/89,NA,NA,NA,89000182,"318 Main St., Spencer, WEST VIRGINIA",38.802391476371,-81.351307510096,WV,FALSE
82001787,NA,Smoot Theater,WEST VIRGINIA,Wood,Parkersburg,213 5th St.,Listed,Multiple,FALSE,0.9,ARCHITECTURE,BUILDING,https://catalog.archives.gov/id/86534580,FALSE,FALSE,FALSE,TRUE,FALSE,10/8/82,NA,NA,NA,82001787,"213 5th St., Parkersburg, WEST VIRGINIA",39.266500430771,-81.560687786695,WV,FALSE
00000256,NA,Fox Theatre,WISCONSIN,Brown,Green Bay,117 S. Washington St.,Listed,Single,FALSE,0.9,ARCHITECTURE,BUILDING,https://catalog.archives.gov/id/106780029,FALSE,FALSE,FALSE,TRUE,FALSE,3/24/00,NA,Bay Theater,NA,00000256,"117 S. Washington St., Green Bay, WISCONSIN",44.51376904478,-88.016272535555,WI,FALSE
07001460,NA,Orpheum Theater,WISCONSIN,Dane,Madison,216 State St.,Listed,Single,FALSE,0.9,ARCHITECTURE; ENTERTAINMENT/RECREATION,BUILDING,https://catalog.archives.gov/id/106780575,FALSE,FALSE,FALSE,TRUE,FALSE,1/23/08,NA,NA,NA,07001460,"216 State St., Madison, WISCONSIN",43.075233629474,-89.38871773397,WI,FALSE
80000154,NA,Star Theatre,WISCONSIN,Lafayette,Argyle,200 S. North St.,Listed,Single,FALSE,0.2,ARCHITECTURE; SOCIAL HISTORY,BUILDING,https://catalog.archives.gov/id/106781454,FALSE,FALSE,FALSE,TRUE,FALSE,11/7/80,NA,Partridge Hall,NA,80000154,"200 S. North St., Argyle, WISCONSIN",42.704144179791,-89.864144930394,WI,FALSE
93000159,NA,Bijou Theatre Building,WISCONSIN,Marinette,Marinette,1722--1726 Main St.,Listed,Single,FALSE,0.9,ARCHITECTURE,BUILDING,https://catalog.archives.gov/id/106781534,FALSE,FALSE,FALSE,TRUE,FALSE,3/11/93,NA,NA,NA,93000159,"1722--1726 Main St., Marinette, WISCONSIN",45.09948520693,-87.629897309295,WI,FALSE
100008594,SG,Oriental Theatre,WISCONSIN,Milwaukee,Milwaukee,2216-2230 North Farwell Ave.,Listed,Single,FALSE,0.9,ARCHITECTURE,building,NA,FALSE,FALSE,FALSE,TRUE,FALSE,2/1/23,NA,NA,NA,100008594,"2216-2230 North Farwell Ave., Milwaukee, WISCONSIN",43.059470748091,-87.885474109969,WI,FALSE
72000063,NA,Pabst Theater,WISCONSIN,Milwaukee,Milwaukee,144 E. Wells St.,Listed,Single,FALSE,0.3,EUROPEAN; ARCHITECTURE; PERFORMING ARTS,BUILDING,https://catalog.archives.gov/id/106781767,FALSE,TRUE,FALSE,TRUE,FALSE,4/11/72,12/4/91,NA,NA,72000063,"144 E. Wells St., Milwaukee, WISCONSIN",43.041120959931,-87.910429634112,WI,FALSE
82000698,NA,Fox Theater,WISCONSIN,Portage,Stevens Point,1116-1128 Main St.,Listed,Single,FALSE,0.9,ARCHITECTURE,BUILDING,https://catalog.archives.gov/id/106782129,FALSE,FALSE,FALSE,TRUE,FALSE,7/26/82,NA,Grand Opera House,NA,82000698,"1116-1128 Main St., Stevens Point, WISCONSIN",44.523447041644,-89.58290002755,WI,FALSE
82000702,NA,Uptown Theater,WISCONSIN,Racine,Racine,1426-1430 Washington Ave.,Listed,Single,FALSE,0.9,ARCHITECTURE,BUILDING,https://catalog.archives.gov/id/106782265,FALSE,FALSE,FALSE,TRUE,FALSE,3/1/82,NA,Majestic Theater;See Also:Historic Sixth Street Business Dis,NA,82000702,"1426-1430 Washington Ave., Racine, WISCONSIN",42.715352593323,-87.797684151585,WI,FALSE
76000202,NA,"Ringling, Al, Theatre",WISCONSIN,Sauk,Baraboo,136 4th Ave.,Listed,Single,FALSE,0.9,ENTERTAINMENT/RECREATION; ARCHITECTURE,BUILDING,https://catalog.archives.gov/id/106782485,FALSE,TRUE,FALSE,FALSE,FALSE,5/17/76,NA,NA,NA,76000202,"136 4th Ave., Baraboo, WISCONSIN",43.471029150985,-89.743652944334,WI,FALSE
99001606,NA,Sheboygan Theater,WISCONSIN,Sheboygan,Sheboygan,826 N. Eighth St.,Listed,Single,FALSE,0.9,ARCHITECTURE,BUILDING,https://catalog.archives.gov/id/106782570,FALSE,FALSE,FALSE,TRUE,FALSE,12/22/99,NA,NA,NA,99001606,"826 N. Eighth St., Sheboygan, WISCONSIN",43.75367300294,-87.713406965003,WI,FALSE
100005005,RS,West Bend Theater,WISCONSIN,Washington,West Bend,125 North Main St.,Listed,Resubmission,FALSE,0.9,ARCHITECTURE,building,NA,FALSE,FALSE,FALSE,TRUE,FALSE,NA,NA,NA,NA,100005005,"125 North Main St., West Bend, WISCONSIN",43.424064802669,-88.182405795987,WI,FALSE
08001304,NA,"Hyart Theater, The",WYOMING,Big Horn,Lovell,251 E. Main St.,Listed,Single,FALSE,0.9,ENTERTAINMENT/RECREATION; ARCHITECTURE,BUILDING,https://catalog.archives.gov/id/73730196,FALSE,FALSE,FALSE,TRUE,FALSE,1/8/09,NA,NA,NA,08001304,"251 E. Main St., Lovell, WYOMING",44.837923685479,-108.388135241525,WY,FALSE
73001933,NA,Atlas Theatre,WYOMING,Laramie,Cheyenne,213 W. 16th St.,Listed,Single,FALSE,0.9,PERFORMING ARTS,BUILDING,https://catalog.archives.gov/id/73730420,FALSE,FALSE,TRUE,FALSE,FALSE,4/3/73,NA,NA,NA,73001933,"213 W. 16th St., Cheyenne, WYOMING",41.132428624436,-104.815890678342,WY,TRUE
93000037,NA,Rialto Theater,WYOMING,Natrona,Casper,102 E. Second St.,Listed,Single,FALSE,0.9,ENTERTAINMENT/RECREATION,BUILDING,https://catalog.archives.gov/id/73730558,FALSE,FALSE,FALSE,TRUE,FALSE,2/11/93,NA,New Lyric Theater,NA,93000037,"102 E. Second St., Casper, WYOMING",42.848830671445,-106.324865569512,WY,FALSE
