series_id,year,period,value,area_type_code,area_code,measure_code,seasonal,srd_code,area_text,measure_text
LAUCN010010000000003,2025,M13,0.024,F,CN0100100000000,03,U,01,"Autauga County, AL",unemployment rate
LAUCN010030000000003,2025,M13,0.025,F,CN0100300000000,03,U,01,"Baldwin County, AL",unemployment rate
LAUCN010050000000003,2025,M13,0.036000000000000004,F,CN0100500000000,03,U,01,"Barbour County, AL",unemployment rate
LAUCN010070000000003,2025,M13,0.027000000000000003,F,CN0100700000000,03,U,01,"Bibb County, AL",unemployment rate
LAUCN010090000000003,2025,M13,0.024,F,CN0100900000000,03,U,01,"Blount County, AL",unemployment rate
LAUCN010110000000003,2025,M13,0.034,F,CN0101100000000,03,U,01,"Bullock County, AL",unemployment rate
LAUCN010130000000003,2025,M13,0.035,F,CN0101300000000,03,U,01,"Butler County, AL",unemployment rate
LAUCN010150000000003,2025,M13,0.032,F,CN0101500000000,03,U,01,"Calhoun County, AL",unemployment rate
LAUCN010170000000003,2025,M13,0.026000000000000002,F,CN0101700000000,03,U,01,"Chambers County, AL",unemployment rate
LAUCN010190000000003,2025,M13,0.027999999999999997,F,CN0101900000000,03,U,01,"Cherokee County, AL",unemployment rate
LAUCN010210000000003,2025,M13,0.026000000000000002,F,CN0102100000000,03,U,01,"Chilton County, AL",unemployment rate
LAUCN010230000000003,2025,M13,0.042,F,CN0102300000000,03,U,01,"Choctaw County, AL",unemployment rate
LAUCN010250000000003,2025,M13,0.049,F,CN0102500000000,03,U,01,"Clarke County, AL",unemployment rate
LAUCN010270000000003,2025,M13,0.027999999999999997,F,CN0102700000000,03,U,01,"Clay County, AL",unemployment rate
LAUCN010290000000003,2025,M13,0.026000000000000002,F,CN0102900000000,03,U,01,"Cleburne County, AL",unemployment rate
LAUCN010310000000003,2025,M13,0.027000000000000003,F,CN0103100000000,03,U,01,"Coffee County, AL",unemployment rate
LAUCN010330000000003,2025,M13,0.032,F,CN0103300000000,03,U,01,"Colbert County, AL",unemployment rate
LAUCN010350000000003,2025,M13,0.040999999999999995,F,CN0103500000000,03,U,01,"Conecuh County, AL",unemployment rate
LAUCN010370000000003,2025,M13,0.03,F,CN0103700000000,03,U,01,"Coosa County, AL",unemployment rate
LAUCN010390000000003,2025,M13,0.028999999999999998,F,CN0103900000000,03,U,01,"Covington County, AL",unemployment rate
LAUCN010410000000003,2025,M13,0.03,F,CN0104100000000,03,U,01,"Crenshaw County, AL",unemployment rate
LAUCN010430000000003,2025,M13,0.025,F,CN0104300000000,03,U,01,"Cullman County, AL",unemployment rate
LAUCN010450000000003,2025,M13,0.032,F,CN0104500000000,03,U,01,"Dale County, AL",unemployment rate
LAUCN010470000000003,2025,M13,0.046,F,CN0104700000000,03,U,01,"Dallas County, AL",unemployment rate
LAUCN010490000000003,2025,M13,0.025,F,CN0104900000000,03,U,01,"DeKalb County, AL",unemployment rate
LAUCN010510000000003,2025,M13,0.023,F,CN0105100000000,03,U,01,"Elmore County, AL",unemployment rate
LAUCN010530000000003,2025,M13,0.035,F,CN0105300000000,03,U,01,"Escambia County, AL",unemployment rate
LAUCN010550000000003,2025,M13,0.03,F,CN0105500000000,03,U,01,"Etowah County, AL",unemployment rate
LAUCN010570000000003,2025,M13,0.027999999999999997,F,CN0105700000000,03,U,01,"Fayette County, AL",unemployment rate
LAUCN010590000000003,2025,M13,0.027000000000000003,F,CN0105900000000,03,U,01,"Franklin County, AL",unemployment rate
LAUCN010610000000003,2025,M13,0.027000000000000003,F,CN0106100000000,03,U,01,"Geneva County, AL",unemployment rate
LAUCN010630000000003,2025,M13,0.065,F,CN0106300000000,03,U,01,"Greene County, AL",unemployment rate
LAUCN010650000000003,2025,M13,0.042,F,CN0106500000000,03,U,01,"Hale County, AL",unemployment rate
LAUCN010670000000003,2025,M13,0.027999999999999997,F,CN0106700000000,03,U,01,"Henry County, AL",unemployment rate
LAUCN010690000000003,2025,M13,0.027999999999999997,F,CN0106900000000,03,U,01,"Houston County, AL",unemployment rate
LAUCN010710000000003,2025,M13,0.033,F,CN0107100000000,03,U,01,"Jackson County, AL",unemployment rate
LAUCN010730000000003,2025,M13,0.028999999999999998,F,CN0107300000000,03,U,01,"Jefferson County, AL",unemployment rate
LAUCN010750000000003,2025,M13,0.032,F,CN0107500000000,03,U,01,"Lamar County, AL",unemployment rate
LAUCN010770000000003,2025,M13,0.031,F,CN0107700000000,03,U,01,"Lauderdale County, AL",unemployment rate
LAUCN010790000000003,2025,M13,0.025,F,CN0107900000000,03,U,01,"Lawrence County, AL",unemployment rate
LAUCN010810000000003,2025,M13,0.025,F,CN0108100000000,03,U,01,"Lee County, AL",unemployment rate
LAUCN010830000000003,2025,M13,0.024,F,CN0108300000000,03,U,01,"Limestone County, AL",unemployment rate
LAUCN010850000000003,2025,M13,0.049,F,CN0108500000000,03,U,01,"Lowndes County, AL",unemployment rate
LAUCN010870000000003,2025,M13,0.04,F,CN0108700000000,03,U,01,"Macon County, AL",unemployment rate
LAUCN010890000000003,2025,M13,0.024,F,CN0108900000000,03,U,01,"Madison County, AL",unemployment rate
LAUCN010910000000003,2025,M13,0.037000000000000005,F,CN0109100000000,03,U,01,"Marengo County, AL",unemployment rate
LAUCN010930000000003,2025,M13,0.031,F,CN0109300000000,03,U,01,"Marion County, AL",unemployment rate
LAUCN010950000000003,2025,M13,0.024,F,CN0109500000000,03,U,01,"Marshall County, AL",unemployment rate
LAUCN010970000000003,2025,M13,0.035,F,CN0109700000000,03,U,01,"Mobile County, AL",unemployment rate
LAUCN010990000000003,2025,M13,0.052000000000000005,F,CN0109900000000,03,U,01,"Monroe County, AL",unemployment rate
LAUCN011010000000003,2025,M13,0.031,F,CN0110100000000,03,U,01,"Montgomery County, AL",unemployment rate
LAUCN011030000000003,2025,M13,0.023,F,CN0110300000000,03,U,01,"Morgan County, AL",unemployment rate
LAUCN011050000000003,2025,M13,0.061,F,CN0110500000000,03,U,01,"Perry County, AL",unemployment rate
LAUCN011070000000003,2025,M13,0.039,F,CN0110700000000,03,U,01,"Pickens County, AL",unemployment rate
LAUCN011090000000003,2025,M13,0.032,F,CN0110900000000,03,U,01,"Pike County, AL",unemployment rate
LAUCN011110000000003,2025,M13,0.034,F,CN0111100000000,03,U,01,"Randolph County, AL",unemployment rate
LAUCN011130000000003,2025,M13,0.034,F,CN0111300000000,03,U,01,"Russell County, AL",unemployment rate
LAUCN011150000000003,2025,M13,0.023,F,CN0111500000000,03,U,01,"St. Clair County, AL",unemployment rate
LAUCN011170000000003,2025,M13,0.022000000000000002,F,CN0111700000000,03,U,01,"Shelby County, AL",unemployment rate
LAUCN011190000000003,2025,M13,0.042,F,CN0111900000000,03,U,01,"Sumter County, AL",unemployment rate
LAUCN011210000000003,2025,M13,0.032,F,CN0112100000000,03,U,01,"Talladega County, AL",unemployment rate
LAUCN011230000000003,2025,M13,0.031,F,CN0112300000000,03,U,01,"Tallapoosa County, AL",unemployment rate
LAUCN011250000000003,2025,M13,0.03,F,CN0112500000000,03,U,01,"Tuscaloosa County, AL",unemployment rate
LAUCN011270000000003,2025,M13,0.027999999999999997,F,CN0112700000000,03,U,01,"Walker County, AL",unemployment rate
LAUCN011290000000003,2025,M13,0.032,F,CN0112900000000,03,U,01,"Washington County, AL",unemployment rate
LAUCN011310000000003,2025,M13,0.055999999999999994,F,CN0113100000000,03,U,01,"Wilcox County, AL",unemployment rate
LAUCN011330000000003,2025,M13,0.03,F,CN0113300000000,03,U,01,"Winston County, AL",unemployment rate
LAUCN020130000000003,2025,M13,0.03,F,CN0201300000000,03,U,02,"Aleutians East Borough, AK",unemployment rate
LAUCN020160000000003,2025,M13,0.031,F,CN0201600000000,03,U,02,"Aleutians West Census Area, AK",unemployment rate
LAUCN020200000000003,2025,M13,0.039,F,CN0202000000000,03,U,02,"Anchorage Borough/municipality, AK",unemployment rate
LAUCN020500000000003,2025,M13,0.12,F,CN0205000000000,03,U,02,"Bethel Census Area, AK",unemployment rate
LAUCN020600000000003,2025,M13,0.037000000000000005,F,CN0206000000000,03,U,02,"Bristol Bay Borough, AK",unemployment rate
LAUCN020630000000003,2025,M13,0.059000000000000004,F,CN0206300000000,03,U,02,"Chugach Census Area, AK",unemployment rate
LAUCN020660000000003,2025,M13,0.079,F,CN0206600000000,03,U,02,"Copper River Census Area, AK",unemployment rate
LAUCN020680000000003,2025,M13,0.049,F,CN0206800000000,03,U,02,"Denali Borough, AK",unemployment rate
LAUCN020700000000003,2025,M13,0.077,F,CN0207000000000,03,U,02,"Dillingham Census Area, AK",unemployment rate
LAUCN020900000000003,2025,M13,0.040999999999999995,F,CN0209000000000,03,U,02,"Fairbanks North Star Borough, AK",unemployment rate
LAUCN021000000000003,2025,M13,0.09,F,CN0210000000000,03,U,02,"Haines Borough, AK",unemployment rate
LAUCN021050000000003,2025,M13,0.069,F,CN0210500000000,03,U,02,"Hoonah-Angoon Census Area, AK",unemployment rate
LAUCN021100000000003,2025,M13,0.034,F,CN0211000000000,03,U,02,"Juneau Borough/city, AK",unemployment rate
LAUCN021220000000003,2025,M13,0.053,F,CN0212200000000,03,U,02,"Kenai Peninsula Borough, AK",unemployment rate
LAUCN021300000000003,2025,M13,0.042,F,CN0213000000000,03,U,02,"Ketchikan Gateway Borough, AK",unemployment rate
LAUCN021500000000003,2025,M13,0.043,F,CN0215000000000,03,U,02,"Kodiak Island Borough, AK",unemployment rate
LAUCN021580000000003,2025,M13,0.174,F,CN0215800000000,03,U,02,"Kusilvak Census Area, AK",unemployment rate
LAUCN021640000000003,2025,M13,0.057999999999999996,F,CN0216400000000,03,U,02,"Lake and Peninsula Borough, AK",unemployment rate
LAUCN021700000000003,2025,M13,0.051,F,CN0217000000000,03,U,02,"Matanuska-Susitna Borough, AK",unemployment rate
LAUCN021800000000003,2025,M13,0.096,F,CN0218000000000,03,U,02,"Nome Census Area, AK",unemployment rate
LAUCN021850000000003,2025,M13,0.032,F,CN0218500000000,03,U,02,"North Slope Borough, AK",unemployment rate
LAUCN021880000000003,2025,M13,0.1,F,CN0218800000000,03,U,02,"Northwest Arctic Borough, AK",unemployment rate
LAUCN021950000000003,2025,M13,0.054000000000000006,F,CN0219500000000,03,U,02,"Petersburg Borough, AK",unemployment rate
LAUCN021980000000003,2025,M13,0.083,F,CN0219800000000,03,U,02,"Prince of Wales-Hyder Census Area, AK",unemployment rate
LAUCN022200000000003,2025,M13,0.03,F,CN0222000000000,03,U,02,"Sitka Borough/city, AK",unemployment rate
LAUCN022300000000003,2025,M13,0.067,F,CN0223000000000,03,U,02,"Skagway Municipality, AK",unemployment rate
LAUCN022400000000003,2025,M13,0.069,F,CN0224000000000,03,U,02,"Southeast Fairbanks Census Area, AK",unemployment rate
LAUCN022750000000003,2025,M13,0.052000000000000005,F,CN0227500000000,03,U,02,"Wrangell Borough/city, AK",unemployment rate
LAUCN022820000000003,2025,M13,0.054000000000000006,F,CN0228200000000,03,U,02,"Yakutat Borough/city, AK",unemployment rate
LAUCN022900000000003,2025,M13,0.1,F,CN0229000000000,03,U,02,"Yukon-Koyukuk Census Area, AK",unemployment rate
LAUCN040010000000003,2025,M13,0.079,F,CN0400100000000,03,U,04,"Apache County, AZ",unemployment rate
LAUCN040030000000003,2025,M13,0.052000000000000005,F,CN0400300000000,03,U,04,"Cochise County, AZ",unemployment rate
LAUCN040050000000003,2025,M13,0.047,F,CN0400500000000,03,U,04,"Coconino County, AZ",unemployment rate
LAUCN040070000000003,2025,M13,0.040999999999999995,F,CN0400700000000,03,U,04,"Gila County, AZ",unemployment rate
LAUCN040090000000003,2025,M13,0.04,F,CN0400900000000,03,U,04,"Graham County, AZ",unemployment rate
LAUCN040110000000003,2025,M13,0.028999999999999998,F,CN0401100000000,03,U,04,"Greenlee County, AZ",unemployment rate
LAUCN040120000000003,2025,M13,0.063,F,CN0401200000000,03,U,04,"La Paz County, AZ",unemployment rate
LAUCN040130000000003,2025,M13,0.038,F,CN0401300000000,03,U,04,"Maricopa County, AZ",unemployment rate
LAUCN040150000000003,2025,M13,0.051,F,CN0401500000000,03,U,04,"Mohave County, AZ",unemployment rate
LAUCN040170000000003,2025,M13,0.064,F,CN0401700000000,03,U,04,"Navajo County, AZ",unemployment rate
LAUCN040190000000003,2025,M13,0.043,F,CN0401900000000,03,U,04,"Pima County, AZ",unemployment rate
LAUCN040210000000003,2025,M13,0.044000000000000004,F,CN0402100000000,03,U,04,"Pinal County, AZ",unemployment rate
LAUCN040230000000003,2025,M13,0.068,F,CN0402300000000,03,U,04,"Santa Cruz County, AZ",unemployment rate
LAUCN040250000000003,2025,M13,0.040999999999999995,F,CN0402500000000,03,U,04,"Yavapai County, AZ",unemployment rate
LAUCN040270000000003,2025,M13,0.14,F,CN0402700000000,03,U,04,"Yuma County, AZ",unemployment rate
LAUCN050010000000003,2025,M13,0.047,F,CN0500100000000,03,U,05,"Arkansas County, AR",unemployment rate
LAUCN050030000000003,2025,M13,0.061,F,CN0500300000000,03,U,05,"Ashley County, AR",unemployment rate
LAUCN050050000000003,2025,M13,0.044000000000000004,F,CN0500500000000,03,U,05,"Baxter County, AR",unemployment rate
LAUCN050070000000003,2025,M13,0.032,F,CN0500700000000,03,U,05,"Benton County, AR",unemployment rate
LAUCN050090000000003,2025,M13,0.04,F,CN0500900000000,03,U,05,"Boone County, AR",unemployment rate
LAUCN050110000000003,2025,M13,0.064,F,CN0501100000000,03,U,05,"Bradley County, AR",unemployment rate
LAUCN050130000000003,2025,M13,0.044000000000000004,F,CN0501300000000,03,U,05,"Calhoun County, AR",unemployment rate
LAUCN050150000000003,2025,M13,0.040999999999999995,F,CN0501500000000,03,U,05,"Carroll County, AR",unemployment rate
LAUCN050170000000003,2025,M13,0.063,F,CN0501700000000,03,U,05,"Chicot County, AR",unemployment rate
LAUCN050190000000003,2025,M13,0.047,F,CN0501900000000,03,U,05,"Clark County, AR",unemployment rate
LAUCN050210000000003,2025,M13,0.044000000000000004,F,CN0502100000000,03,U,05,"Clay County, AR",unemployment rate
LAUCN050230000000003,2025,M13,0.047,F,CN0502300000000,03,U,05,"Cleburne County, AR",unemployment rate
LAUCN050250000000003,2025,M13,0.045,F,CN0502500000000,03,U,05,"Cleveland County, AR",unemployment rate
LAUCN050270000000003,2025,M13,0.048,F,CN0502700000000,03,U,05,"Columbia County, AR",unemployment rate
LAUCN050290000000003,2025,M13,0.043,F,CN0502900000000,03,U,05,"Conway County, AR",unemployment rate
LAUCN050310000000003,2025,M13,0.04,F,CN0503100000000,03,U,05,"Craighead County, AR",unemployment rate
LAUCN050330000000003,2025,M13,0.043,F,CN0503300000000,03,U,05,"Crawford County, AR",unemployment rate
LAUCN050350000000003,2025,M13,0.055999999999999994,F,CN0503500000000,03,U,05,"Crittenden County, AR",unemployment rate
LAUCN050370000000003,2025,M13,0.044000000000000004,F,CN0503700000000,03,U,05,"Cross County, AR",unemployment rate
LAUCN050390000000003,2025,M13,0.042,F,CN0503900000000,03,U,05,"Dallas County, AR",unemployment rate
LAUCN050410000000003,2025,M13,0.07200000000000001,F,CN0504100000000,03,U,05,"Desha County, AR",unemployment rate
LAUCN050430000000003,2025,M13,0.05,F,CN0504300000000,03,U,05,"Drew County, AR",unemployment rate
LAUCN050450000000003,2025,M13,0.037000000000000005,F,CN0504500000000,03,U,05,"Faulkner County, AR",unemployment rate
LAUCN050470000000003,2025,M13,0.043,F,CN0504700000000,03,U,05,"Franklin County, AR",unemployment rate
LAUCN050490000000003,2025,M13,0.052000000000000005,F,CN0504900000000,03,U,05,"Fulton County, AR",unemployment rate
LAUCN050510000000003,2025,M13,0.042,F,CN0505100000000,03,U,05,"Garland County, AR",unemployment rate
LAUCN050530000000003,2025,M13,0.035,F,CN0505300000000,03,U,05,"Grant County, AR",unemployment rate
LAUCN050550000000003,2025,M13,0.044000000000000004,F,CN0505500000000,03,U,05,"Greene County, AR",unemployment rate
LAUCN050570000000003,2025,M13,0.043,F,CN0505700000000,03,U,05,"Hempstead County, AR",unemployment rate
LAUCN050590000000003,2025,M13,0.044000000000000004,F,CN0505900000000,03,U,05,"Hot Spring County, AR",unemployment rate
LAUCN050610000000003,2025,M13,0.049,F,CN0506100000000,03,U,05,"Howard County, AR",unemployment rate
LAUCN050630000000003,2025,M13,0.037000000000000005,F,CN0506300000000,03,U,05,"Independence County, AR",unemployment rate
LAUCN050650000000003,2025,M13,0.062,F,CN0506500000000,03,U,05,"Izard County, AR",unemployment rate
LAUCN050670000000003,2025,M13,0.047,F,CN0506700000000,03,U,05,"Jackson County, AR",unemployment rate
LAUCN050690000000003,2025,M13,0.06,F,CN0506900000000,03,U,05,"Jefferson County, AR",unemployment rate
LAUCN050710000000003,2025,M13,0.053,F,CN0507100000000,03,U,05,"Johnson County, AR",unemployment rate
LAUCN050730000000003,2025,M13,0.055999999999999994,F,CN0507300000000,03,U,05,"Lafayette County, AR",unemployment rate
LAUCN050750000000003,2025,M13,0.042,F,CN0507500000000,03,U,05,"Lawrence County, AR",unemployment rate
LAUCN050770000000003,2025,M13,0.062,F,CN0507700000000,03,U,05,"Lee County, AR",unemployment rate
LAUCN050790000000003,2025,M13,0.057,F,CN0507900000000,03,U,05,"Lincoln County, AR",unemployment rate
LAUCN050810000000003,2025,M13,0.042,F,CN0508100000000,03,U,05,"Little River County, AR",unemployment rate
LAUCN050830000000003,2025,M13,0.045,F,CN0508300000000,03,U,05,"Logan County, AR",unemployment rate
LAUCN050850000000003,2025,M13,0.035,F,CN0508500000000,03,U,05,"Lonoke County, AR",unemployment rate
LAUCN050870000000003,2025,M13,0.034,F,CN0508700000000,03,U,05,"Madison County, AR",unemployment rate
LAUCN050890000000003,2025,M13,0.062,F,CN0508900000000,03,U,05,"Marion County, AR",unemployment rate
LAUCN050910000000003,2025,M13,0.049,F,CN0509100000000,03,U,05,"Miller County, AR",unemployment rate
LAUCN050930000000003,2025,M13,0.048,F,CN0509300000000,03,U,05,"Mississippi County, AR",unemployment rate
LAUCN050950000000003,2025,M13,0.055,F,CN0509500000000,03,U,05,"Monroe County, AR",unemployment rate
LAUCN050970000000003,2025,M13,0.051,F,CN0509700000000,03,U,05,"Montgomery County, AR",unemployment rate
LAUCN050990000000003,2025,M13,0.055,F,CN0509900000000,03,U,05,"Nevada County, AR",unemployment rate
LAUCN051010000000003,2025,M13,0.049,F,CN0510100000000,03,U,05,"Newton County, AR",unemployment rate
LAUCN051030000000003,2025,M13,0.05,F,CN0510300000000,03,U,05,"Ouachita County, AR",unemployment rate
LAUCN051050000000003,2025,M13,0.046,F,CN0510500000000,03,U,05,"Perry County, AR",unemployment rate
LAUCN051070000000003,2025,M13,0.071,F,CN0510700000000,03,U,05,"Phillips County, AR",unemployment rate
LAUCN051090000000003,2025,M13,0.043,F,CN0510900000000,03,U,05,"Pike County, AR",unemployment rate
LAUCN051110000000003,2025,M13,0.043,F,CN0511100000000,03,U,05,"Poinsett County, AR",unemployment rate
LAUCN051130000000003,2025,M13,0.045,F,CN0511300000000,03,U,05,"Polk County, AR",unemployment rate
LAUCN051150000000003,2025,M13,0.048,F,CN0511500000000,03,U,05,"Pope County, AR",unemployment rate
LAUCN051170000000003,2025,M13,0.04,F,CN0511700000000,03,U,05,"Prairie County, AR",unemployment rate
LAUCN051190000000003,2025,M13,0.042,F,CN0511900000000,03,U,05,"Pulaski County, AR",unemployment rate
LAUCN051210000000003,2025,M13,0.04,F,CN0512100000000,03,U,05,"Randolph County, AR",unemployment rate
LAUCN051230000000003,2025,M13,0.059000000000000004,F,CN0512300000000,03,U,05,"St. Francis County, AR",unemployment rate
LAUCN051250000000003,2025,M13,0.034,F,CN0512500000000,03,U,05,"Saline County, AR",unemployment rate
LAUCN051270000000003,2025,M13,0.039,F,CN0512700000000,03,U,05,"Scott County, AR",unemployment rate
LAUCN051290000000003,2025,M13,0.043,F,CN0512900000000,03,U,05,"Searcy County, AR",unemployment rate
LAUCN051310000000003,2025,M13,0.04,F,CN0513100000000,03,U,05,"Sebastian County, AR",unemployment rate
LAUCN051330000000003,2025,M13,0.034,F,CN0513300000000,03,U,05,"Sevier County, AR",unemployment rate
LAUCN051350000000003,2025,M13,0.046,F,CN0513500000000,03,U,05,"Sharp County, AR",unemployment rate
LAUCN051370000000003,2025,M13,0.057,F,CN0513700000000,03,U,05,"Stone County, AR",unemployment rate
LAUCN051390000000003,2025,M13,0.054000000000000006,F,CN0513900000000,03,U,05,"Union County, AR",unemployment rate
LAUCN051410000000003,2025,M13,0.052000000000000005,F,CN0514100000000,03,U,05,"Van Buren County, AR",unemployment rate
LAUCN051430000000003,2025,M13,0.034,F,CN0514300000000,03,U,05,"Washington County, AR",unemployment rate
LAUCN051450000000003,2025,M13,0.040999999999999995,F,CN0514500000000,03,U,05,"White County, AR",unemployment rate
LAUCN051470000000003,2025,M13,0.038,F,CN0514700000000,03,U,05,"Woodruff County, AR",unemployment rate
LAUCN051490000000003,2025,M13,0.04,F,CN0514900000000,03,U,05,"Yell County, AR",unemployment rate
LAUCN060010000000003,2025,M13,0.047,F,CN0600100000000,03,U,06,"Alameda County, CA",unemployment rate
LAUCN060030000000003,2025,M13,0.07400000000000001,F,CN0600300000000,03,U,06,"Alpine County, CA",unemployment rate
LAUCN060050000000003,2025,M13,0.06,F,CN0600500000000,03,U,06,"Amador County, CA",unemployment rate
LAUCN060070000000003,2025,M13,0.062,F,CN0600700000000,03,U,06,"Butte County, CA",unemployment rate
LAUCN060090000000003,2025,M13,0.064,F,CN0600900000000,03,U,06,"Calaveras County, CA",unemployment rate
LAUCN060110000000003,2025,M13,0.139,F,CN0601100000000,03,U,06,"Colusa County, CA",unemployment rate
LAUCN060130000000003,2025,M13,0.048,F,CN0601300000000,03,U,06,"Contra Costa County, CA",unemployment rate
LAUCN060150000000003,2025,M13,0.064,F,CN0601500000000,03,U,06,"Del Norte County, CA",unemployment rate
LAUCN060170000000003,2025,M13,0.05,F,CN0601700000000,03,U,06,"El Dorado County, CA",unemployment rate
LAUCN060190000000003,2025,M13,0.085,F,CN0601900000000,03,U,06,"Fresno County, CA",unemployment rate
LAUCN060210000000003,2025,M13,0.073,F,CN0602100000000,03,U,06,"Glenn County, CA",unemployment rate
LAUCN060230000000003,2025,M13,0.053,F,CN0602300000000,03,U,06,"Humboldt County, CA",unemployment rate
LAUCN060250000000003,2025,M13,0.18899999999999997,F,CN0602500000000,03,U,06,"Imperial County, CA",unemployment rate
LAUCN060270000000003,2025,M13,0.046,F,CN0602700000000,03,U,06,"Inyo County, CA",unemployment rate
LAUCN060290000000003,2025,M13,0.09,F,CN0602900000000,03,U,06,"Kern County, CA",unemployment rate
LAUCN060310000000003,2025,M13,0.09300000000000001,F,CN0603100000000,03,U,06,"Kings County, CA",unemployment rate
LAUCN060330000000003,2025,M13,0.073,F,CN0603300000000,03,U,06,"Lake County, CA",unemployment rate
LAUCN060350000000003,2025,M13,0.067,F,CN0603500000000,03,U,06,"Lassen County, CA",unemployment rate
LAUCN060370000000003,2025,M13,0.057,F,CN0603700000000,03,U,06,"Los Angeles County, CA",unemployment rate
LAUCN060390000000003,2025,M13,0.08,F,CN0603900000000,03,U,06,"Madera County, CA",unemployment rate
LAUCN060410000000003,2025,M13,0.042,F,CN0604100000000,03,U,06,"Marin County, CA",unemployment rate
LAUCN060430000000003,2025,M13,0.059000000000000004,F,CN0604300000000,03,U,06,"Mariposa County, CA",unemployment rate
LAUCN060450000000003,2025,M13,0.059000000000000004,F,CN0604500000000,03,U,06,"Mendocino County, CA",unemployment rate
LAUCN060470000000003,2025,M13,0.102,F,CN0604700000000,03,U,06,"Merced County, CA",unemployment rate
LAUCN060490000000003,2025,M13,0.073,F,CN0604900000000,03,U,06,"Modoc County, CA",unemployment rate
LAUCN060510000000003,2025,M13,0.042,F,CN0605100000000,03,U,06,"Mono County, CA",unemployment rate
LAUCN060530000000003,2025,M13,0.079,F,CN0605300000000,03,U,06,"Monterey County, CA",unemployment rate
LAUCN060550000000003,2025,M13,0.043,F,CN0605500000000,03,U,06,"Napa County, CA",unemployment rate
LAUCN060570000000003,2025,M13,0.048,F,CN0605700000000,03,U,06,"Nevada County, CA",unemployment rate
LAUCN060590000000003,2025,M13,0.040999999999999995,F,CN0605900000000,03,U,06,"Orange County, CA",unemployment rate
LAUCN060610000000003,2025,M13,0.043,F,CN0606100000000,03,U,06,"Placer County, CA",unemployment rate
LAUCN060630000000003,2025,M13,0.075,F,CN0606300000000,03,U,06,"Plumas County, CA",unemployment rate
LAUCN060650000000003,2025,M13,0.055999999999999994,F,CN0606500000000,03,U,06,"Riverside County, CA",unemployment rate
LAUCN060670000000003,2025,M13,0.05,F,CN0606700000000,03,U,06,"Sacramento County, CA",unemployment rate
LAUCN060690000000003,2025,M13,0.068,F,CN0606900000000,03,U,06,"San Benito County, CA",unemployment rate
LAUCN060710000000003,2025,M13,0.054000000000000006,F,CN0607100000000,03,U,06,"San Bernardino County, CA",unemployment rate
LAUCN060730000000003,2025,M13,0.046,F,CN0607300000000,03,U,06,"San Diego County, CA",unemployment rate
LAUCN060750000000003,2025,M13,0.040999999999999995,F,CN0607500000000,03,U,06,"San Francisco County/city, CA",unemployment rate
LAUCN060770000000003,2025,M13,0.067,F,CN0607700000000,03,U,06,"San Joaquin County, CA",unemployment rate
LAUCN060790000000003,2025,M13,0.044000000000000004,F,CN0607900000000,03,U,06,"San Luis Obispo County, CA",unemployment rate
LAUCN060810000000003,2025,M13,0.039,F,CN0608100000000,03,U,06,"San Mateo County, CA",unemployment rate
LAUCN060830000000003,2025,M13,0.048,F,CN0608300000000,03,U,06,"Santa Barbara County, CA",unemployment rate
LAUCN060850000000003,2025,M13,0.043,F,CN0608500000000,03,U,06,"Santa Clara County, CA",unemployment rate
LAUCN060870000000003,2025,M13,0.063,F,CN0608700000000,03,U,06,"Santa Cruz County, CA",unemployment rate
LAUCN060890000000003,2025,M13,0.055,F,CN0608900000000,03,U,06,"Shasta County, CA",unemployment rate
LAUCN060910000000003,2025,M13,0.057,F,CN0609100000000,03,U,06,"Sierra County, CA",unemployment rate
LAUCN060930000000003,2025,M13,0.076,F,CN0609300000000,03,U,06,"Siskiyou County, CA",unemployment rate
LAUCN060950000000003,2025,M13,0.053,F,CN0609500000000,03,U,06,"Solano County, CA",unemployment rate
LAUCN060970000000003,2025,M13,0.044000000000000004,F,CN0609700000000,03,U,06,"Sonoma County, CA",unemployment rate
LAUCN060990000000003,2025,M13,0.07200000000000001,F,CN0609900000000,03,U,06,"Stanislaus County, CA",unemployment rate
LAUCN061010000000003,2025,M13,0.08900000000000001,F,CN0610100000000,03,U,06,"Sutter County, CA",unemployment rate
LAUCN061030000000003,2025,M13,0.065,F,CN0610300000000,03,U,06,"Tehama County, CA",unemployment rate
LAUCN061050000000003,2025,M13,0.059000000000000004,F,CN0610500000000,03,U,06,"Trinity County, CA",unemployment rate
LAUCN061070000000003,2025,M13,0.10800000000000001,F,CN0610700000000,03,U,06,"Tulare County, CA",unemployment rate
LAUCN061090000000003,2025,M13,0.055,F,CN0610900000000,03,U,06,"Tuolumne County, CA",unemployment rate
LAUCN061110000000003,2025,M13,0.048,F,CN0611100000000,03,U,06,"Ventura County, CA",unemployment rate
LAUCN061130000000003,2025,M13,0.057999999999999996,F,CN0611300000000,03,U,06,"Yolo County, CA",unemployment rate
LAUCN061150000000003,2025,M13,0.071,F,CN0611500000000,03,U,06,"Yuba County, CA",unemployment rate
LAUCN080010000000003,2025,M13,0.042,F,CN0800100000000,03,U,08,"Adams County, CO",unemployment rate
LAUCN080030000000003,2025,M13,0.046,F,CN0800300000000,03,U,08,"Alamosa County, CO",unemployment rate
LAUCN080050000000003,2025,M13,0.039,F,CN0800500000000,03,U,08,"Arapahoe County, CO",unemployment rate
LAUCN080070000000003,2025,M13,0.037000000000000005,F,CN0800700000000,03,U,08,"Archuleta County, CO",unemployment rate
LAUCN080090000000003,2025,M13,0.032,F,CN0800900000000,03,U,08,"Baca County, CO",unemployment rate
LAUCN080110000000003,2025,M13,0.046,F,CN0801100000000,03,U,08,"Bent County, CO",unemployment rate
LAUCN080130000000003,2025,M13,0.04,F,CN0801300000000,03,U,08,"Boulder County, CO",unemployment rate
LAUCN080140000000003,2025,M13,0.038,F,CN0801400000000,03,U,08,"Broomfield County/city, CO",unemployment rate
LAUCN080150000000003,2025,M13,0.036000000000000004,F,CN0801500000000,03,U,08,"Chaffee County, CO",unemployment rate
LAUCN080170000000003,2025,M13,0.026000000000000002,F,CN0801700000000,03,U,08,"Cheyenne County, CO",unemployment rate
LAUCN080190000000003,2025,M13,0.036000000000000004,F,CN0801900000000,03,U,08,"Clear Creek County, CO",unemployment rate
LAUCN080210000000003,2025,M13,0.040999999999999995,F,CN0802100000000,03,U,08,"Conejos County, CO",unemployment rate
LAUCN080230000000003,2025,M13,0.069,F,CN0802300000000,03,U,08,"Costilla County, CO",unemployment rate
LAUCN080250000000003,2025,M13,0.039,F,CN0802500000000,03,U,08,"Crowley County, CO",unemployment rate
LAUCN080270000000003,2025,M13,0.037000000000000005,F,CN0802700000000,03,U,08,"Custer County, CO",unemployment rate
LAUCN080290000000003,2025,M13,0.054000000000000006,F,CN0802900000000,03,U,08,"Delta County, CO",unemployment rate
LAUCN080310000000003,2025,M13,0.040999999999999995,F,CN0803100000000,03,U,08,"Denver County/city, CO",unemployment rate
LAUCN080330000000003,2025,M13,0.042,F,CN0803300000000,03,U,08,"Dolores County, CO",unemployment rate
LAUCN080350000000003,2025,M13,0.037000000000000005,F,CN0803500000000,03,U,08,"Douglas County, CO",unemployment rate
LAUCN080370000000003,2025,M13,0.033,F,CN0803700000000,03,U,08,"Eagle County, CO",unemployment rate
LAUCN080390000000003,2025,M13,0.034,F,CN0803900000000,03,U,08,"Elbert County, CO",unemployment rate
LAUCN080410000000003,2025,M13,0.040999999999999995,F,CN0804100000000,03,U,08,"El Paso County, CO",unemployment rate
LAUCN080430000000003,2025,M13,0.053,F,CN0804300000000,03,U,08,"Fremont County, CO",unemployment rate
LAUCN080450000000003,2025,M13,0.032,F,CN0804500000000,03,U,08,"Garfield County, CO",unemployment rate
LAUCN080470000000003,2025,M13,0.036000000000000004,F,CN0804700000000,03,U,08,"Gilpin County, CO",unemployment rate
LAUCN080490000000003,2025,M13,0.033,F,CN0804900000000,03,U,08,"Grand County, CO",unemployment rate
LAUCN080510000000003,2025,M13,0.035,F,CN0805100000000,03,U,08,"Gunnison County, CO",unemployment rate
LAUCN080530000000003,2025,M13,0.035,F,CN0805300000000,03,U,08,"Hinsdale County, CO",unemployment rate
LAUCN080550000000003,2025,M13,0.066,F,CN0805500000000,03,U,08,"Huerfano County, CO",unemployment rate
LAUCN080570000000003,2025,M13,0.033,F,CN0805700000000,03,U,08,"Jackson County, CO",unemployment rate
LAUCN080590000000003,2025,M13,0.038,F,CN0805900000000,03,U,08,"Jefferson County, CO",unemployment rate
LAUCN080610000000003,2025,M13,0.028999999999999998,F,CN0806100000000,03,U,08,"Kiowa County, CO",unemployment rate
LAUCN080630000000003,2025,M13,0.028999999999999998,F,CN0806300000000,03,U,08,"Kit Carson County, CO",unemployment rate
LAUCN080650000000003,2025,M13,0.035,F,CN0806500000000,03,U,08,"Lake County, CO",unemployment rate
LAUCN080670000000003,2025,M13,0.038,F,CN0806700000000,03,U,08,"La Plata County, CO",unemployment rate
LAUCN080690000000003,2025,M13,0.039,F,CN0806900000000,03,U,08,"Larimer County, CO",unemployment rate
LAUCN080710000000003,2025,M13,0.062,F,CN0807100000000,03,U,08,"Las Animas County, CO",unemployment rate
LAUCN080730000000003,2025,M13,0.048,F,CN0807300000000,03,U,08,"Lincoln County, CO",unemployment rate
LAUCN080750000000003,2025,M13,0.035,F,CN0807500000000,03,U,08,"Logan County, CO",unemployment rate
LAUCN080770000000003,2025,M13,0.042,F,CN0807700000000,03,U,08,"Mesa County, CO",unemployment rate
LAUCN080790000000003,2025,M13,0.049,F,CN0807900000000,03,U,08,"Mineral County, CO",unemployment rate
LAUCN080810000000003,2025,M13,0.040999999999999995,F,CN0808100000000,03,U,08,"Moffat County, CO",unemployment rate
LAUCN080830000000003,2025,M13,0.05,F,CN0808300000000,03,U,08,"Montezuma County, CO",unemployment rate
LAUCN080850000000003,2025,M13,0.042,F,CN0808500000000,03,U,08,"Montrose County, CO",unemployment rate
LAUCN080870000000003,2025,M13,0.040999999999999995,F,CN0808700000000,03,U,08,"Morgan County, CO",unemployment rate
LAUCN080890000000003,2025,M13,0.054000000000000006,F,CN0808900000000,03,U,08,"Otero County, CO",unemployment rate
LAUCN080910000000003,2025,M13,0.043,F,CN0809100000000,03,U,08,"Ouray County, CO",unemployment rate
LAUCN080930000000003,2025,M13,0.04,F,CN0809300000000,03,U,08,"Park County, CO",unemployment rate
LAUCN080950000000003,2025,M13,0.028999999999999998,F,CN0809500000000,03,U,08,"Phillips County, CO",unemployment rate
LAUCN080970000000003,2025,M13,0.033,F,CN0809700000000,03,U,08,"Pitkin County, CO",unemployment rate
LAUCN080990000000003,2025,M13,0.038,F,CN0809900000000,03,U,08,"Prowers County, CO",unemployment rate
LAUCN081010000000003,2025,M13,0.055,F,CN0810100000000,03,U,08,"Pueblo County, CO",unemployment rate
LAUCN081030000000003,2025,M13,0.037000000000000005,F,CN0810300000000,03,U,08,"Rio Blanco County, CO",unemployment rate
LAUCN081050000000003,2025,M13,0.045,F,CN0810500000000,03,U,08,"Rio Grande County, CO",unemployment rate
LAUCN081070000000003,2025,M13,0.033,F,CN0810700000000,03,U,08,"Routt County, CO",unemployment rate
LAUCN081090000000003,2025,M13,0.047,F,CN0810900000000,03,U,08,"Saguache County, CO",unemployment rate
LAUCN081110000000003,2025,M13,0.038,F,CN0811100000000,03,U,08,"San Juan County, CO",unemployment rate
LAUCN081130000000003,2025,M13,0.038,F,CN0811300000000,03,U,08,"San Miguel County, CO",unemployment rate
LAUCN081150000000003,2025,M13,0.035,F,CN0811500000000,03,U,08,"Sedgwick County, CO",unemployment rate
LAUCN081170000000003,2025,M13,0.03,F,CN0811700000000,03,U,08,"Summit County, CO",unemployment rate
LAUCN081190000000003,2025,M13,0.039,F,CN0811900000000,03,U,08,"Teller County, CO",unemployment rate
LAUCN081210000000003,2025,M13,0.034,F,CN0812100000000,03,U,08,"Washington County, CO",unemployment rate
LAUCN081230000000003,2025,M13,0.043,F,CN0812300000000,03,U,08,"Weld County, CO",unemployment rate
LAUCN081250000000003,2025,M13,0.025,F,CN0812500000000,03,U,08,"Yuma County, CO",unemployment rate
LAUCN091100000000003,2025,M13,0.040999999999999995,F,CN0911000000000,03,U,09,"Capitol Planning Region, CT",unemployment rate
LAUCN091200000000003,2025,M13,0.046,F,CN0912000000000,03,U,09,"Greater Bridgeport Planning Region, CT",unemployment rate
LAUCN091300000000003,2025,M13,0.034,F,CN0913000000000,03,U,09,"Lower Connecticut River Valley Planning Region, CT",unemployment rate
LAUCN091400000000003,2025,M13,0.045,F,CN0914000000000,03,U,09,"Naugatuck Valley Planning Region, CT",unemployment rate
LAUCN091500000000003,2025,M13,0.040999999999999995,F,CN0915000000000,03,U,09,"Northeastern Connecticut Planning Region, CT",unemployment rate
LAUCN091600000000003,2025,M13,0.037000000000000005,F,CN0916000000000,03,U,09,"Northwest Hills Planning Region, CT",unemployment rate
LAUCN091700000000003,2025,M13,0.040999999999999995,F,CN0917000000000,03,U,09,"South Central Connecticut Planning Region, CT",unemployment rate
LAUCN091800000000003,2025,M13,0.039,F,CN0918000000000,03,U,09,"Southeastern Connecticut Planning Region, CT",unemployment rate
LAUCN091900000000003,2025,M13,0.035,F,CN0919000000000,03,U,09,"Western Connecticut Planning Region, CT",unemployment rate
LAUCN100010000000003,2025,M13,0.053,F,CN1000100000000,03,U,10,"Kent County, DE",unemployment rate
LAUCN100030000000003,2025,M13,0.047,F,CN1000300000000,03,U,10,"New Castle County, DE",unemployment rate
LAUCN100050000000003,2025,M13,0.047,F,CN1000500000000,03,U,10,"Sussex County, DE",unemployment rate
LAUCN110010000000003,2025,M13,0.063,F,CN1100100000000,03,U,11,District of Columbia,unemployment rate
LAUCN120010000000003,2025,M13,0.045,F,CN1200100000000,03,U,12,"Alachua County, FL",unemployment rate
LAUCN120030000000003,2025,M13,0.042,F,CN1200300000000,03,U,12,"Baker County, FL",unemployment rate
LAUCN120050000000003,2025,M13,0.04,F,CN1200500000000,03,U,12,"Bay County, FL",unemployment rate
LAUCN120070000000003,2025,M13,0.045,F,CN1200700000000,03,U,12,"Bradford County, FL",unemployment rate
LAUCN120090000000003,2025,M13,0.042,F,CN1200900000000,03,U,12,"Brevard County, FL",unemployment rate
LAUCN120110000000003,2025,M13,0.037000000000000005,F,CN1201100000000,03,U,12,"Broward County, FL",unemployment rate
LAUCN120130000000003,2025,M13,0.044000000000000004,F,CN1201300000000,03,U,12,"Calhoun County, FL",unemployment rate
LAUCN120150000000003,2025,M13,0.049,F,CN1201500000000,03,U,12,"Charlotte County, FL",unemployment rate
LAUCN120170000000003,2025,M13,0.057999999999999996,F,CN1201700000000,03,U,12,"Citrus County, FL",unemployment rate
LAUCN120190000000003,2025,M13,0.040999999999999995,F,CN1201900000000,03,U,12,"Clay County, FL",unemployment rate
LAUCN120210000000003,2025,M13,0.040999999999999995,F,CN1202100000000,03,U,12,"Collier County, FL",unemployment rate
LAUCN120230000000003,2025,M13,0.047,F,CN1202300000000,03,U,12,"Columbia County, FL",unemployment rate
LAUCN120270000000003,2025,M13,0.049,F,CN1202700000000,03,U,12,"DeSoto County, FL",unemployment rate
LAUCN120290000000003,2025,M13,0.051,F,CN1202900000000,03,U,12,"Dixie County, FL",unemployment rate
LAUCN120310000000003,2025,M13,0.040999999999999995,F,CN1203100000000,03,U,12,"Duval County, FL",unemployment rate
LAUCN120330000000003,2025,M13,0.043,F,CN1203300000000,03,U,12,"Escambia County, FL",unemployment rate
LAUCN120350000000003,2025,M13,0.048,F,CN1203500000000,03,U,12,"Flagler County, FL",unemployment rate
LAUCN120370000000003,2025,M13,0.046,F,CN1203700000000,03,U,12,"Franklin County, FL",unemployment rate
LAUCN120390000000003,2025,M13,0.048,F,CN1203900000000,03,U,12,"Gadsden County, FL",unemployment rate
LAUCN120410000000003,2025,M13,0.040999999999999995,F,CN1204100000000,03,U,12,"Gilchrist County, FL",unemployment rate
LAUCN120430000000003,2025,M13,0.049,F,CN1204300000000,03,U,12,"Glades County, FL",unemployment rate
LAUCN120450000000003,2025,M13,0.040999999999999995,F,CN1204500000000,03,U,12,"Gulf County, FL",unemployment rate
LAUCN120470000000003,2025,M13,0.057999999999999996,F,CN1204700000000,03,U,12,"Hamilton County, FL",unemployment rate
LAUCN120490000000003,2025,M13,0.047,F,CN1204900000000,03,U,12,"Hardee County, FL",unemployment rate
LAUCN120510000000003,2025,M13,0.045,F,CN1205100000000,03,U,12,"Hendry County, FL",unemployment rate
LAUCN120530000000003,2025,M13,0.046,F,CN1205300000000,03,U,12,"Hernando County, FL",unemployment rate
LAUCN120550000000003,2025,M13,0.055999999999999994,F,CN1205500000000,03,U,12,"Highlands County, FL",unemployment rate
LAUCN120570000000003,2025,M13,0.04,F,CN1205700000000,03,U,12,"Hillsborough County, FL",unemployment rate
LAUCN120590000000003,2025,M13,0.042,F,CN1205900000000,03,U,12,"Holmes County, FL",unemployment rate
LAUCN120610000000003,2025,M13,0.047,F,CN1206100000000,03,U,12,"Indian River County, FL",unemployment rate
LAUCN120630000000003,2025,M13,0.045,F,CN1206300000000,03,U,12,"Jackson County, FL",unemployment rate
LAUCN120650000000003,2025,M13,0.037000000000000005,F,CN1206500000000,03,U,12,"Jefferson County, FL",unemployment rate
LAUCN120670000000003,2025,M13,0.053,F,CN1206700000000,03,U,12,"Lafayette County, FL",unemployment rate
LAUCN120690000000003,2025,M13,0.042,F,CN1206900000000,03,U,12,"Lake County, FL",unemployment rate
LAUCN120710000000003,2025,M13,0.043,F,CN1207100000000,03,U,12,"Lee County, FL",unemployment rate
LAUCN120730000000003,2025,M13,0.040999999999999995,F,CN1207300000000,03,U,12,"Leon County, FL",unemployment rate
LAUCN120750000000003,2025,M13,0.046,F,CN1207500000000,03,U,12,"Levy County, FL",unemployment rate
LAUCN120770000000003,2025,M13,0.045,F,CN1207700000000,03,U,12,"Liberty County, FL",unemployment rate
LAUCN120790000000003,2025,M13,0.048,F,CN1207900000000,03,U,12,"Madison County, FL",unemployment rate
LAUCN120810000000003,2025,M13,0.042,F,CN1208100000000,03,U,12,"Manatee County, FL",unemployment rate
LAUCN120830000000003,2025,M13,0.049,F,CN1208300000000,03,U,12,"Marion County, FL",unemployment rate
LAUCN120850000000003,2025,M13,0.042,F,CN1208500000000,03,U,12,"Martin County, FL",unemployment rate
LAUCN120860000000003,2025,M13,0.027000000000000003,F,CN1208600000000,03,U,12,"Miami-Dade County, FL",unemployment rate
LAUCN120870000000003,2025,M13,0.027999999999999997,F,CN1208700000000,03,U,12,"Monroe County, FL",unemployment rate
LAUCN120890000000003,2025,M13,0.039,F,CN1208900000000,03,U,12,"Nassau County, FL",unemployment rate
LAUCN120910000000003,2025,M13,0.038,F,CN1209100000000,03,U,12,"Okaloosa County, FL",unemployment rate
LAUCN120930000000003,2025,M13,0.046,F,CN1209300000000,03,U,12,"Okeechobee County, FL",unemployment rate
LAUCN120950000000003,2025,M13,0.038,F,CN1209500000000,03,U,12,"Orange County, FL",unemployment rate
LAUCN120970000000003,2025,M13,0.040999999999999995,F,CN1209700000000,03,U,12,"Osceola County, FL",unemployment rate
LAUCN120990000000003,2025,M13,0.039,F,CN1209900000000,03,U,12,"Palm Beach County, FL",unemployment rate
LAUCN121010000000003,2025,M13,0.043,F,CN1210100000000,03,U,12,"Pasco County, FL",unemployment rate
LAUCN121030000000003,2025,M13,0.037000000000000005,F,CN1210300000000,03,U,12,"Pinellas County, FL",unemployment rate
LAUCN121050000000003,2025,M13,0.048,F,CN1210500000000,03,U,12,"Polk County, FL",unemployment rate
LAUCN121070000000003,2025,M13,0.049,F,CN1210700000000,03,U,12,"Putnam County, FL",unemployment rate
LAUCN121090000000003,2025,M13,0.04,F,CN1210900000000,03,U,12,"St. Johns County, FL",unemployment rate
LAUCN121110000000003,2025,M13,0.046,F,CN1211100000000,03,U,12,"St. Lucie County, FL",unemployment rate
LAUCN121130000000003,2025,M13,0.040999999999999995,F,CN1211300000000,03,U,12,"Santa Rosa County, FL",unemployment rate
LAUCN121150000000003,2025,M13,0.043,F,CN1211500000000,03,U,12,"Sarasota County, FL",unemployment rate
LAUCN121170000000003,2025,M13,0.037000000000000005,F,CN1211700000000,03,U,12,"Seminole County, FL",unemployment rate
LAUCN121190000000003,2025,M13,0.068,F,CN1211900000000,03,U,12,"Sumter County, FL",unemployment rate
LAUCN121210000000003,2025,M13,0.048,F,CN1212100000000,03,U,12,"Suwannee County, FL",unemployment rate
LAUCN121230000000003,2025,M13,0.073,F,CN1212300000000,03,U,12,"Taylor County, FL",unemployment rate
LAUCN121250000000003,2025,M13,0.053,F,CN1212500000000,03,U,12,"Union County, FL",unemployment rate
LAUCN121270000000003,2025,M13,0.045,F,CN1212700000000,03,U,12,"Volusia County, FL",unemployment rate
LAUCN121290000000003,2025,M13,0.034,F,CN1212900000000,03,U,12,"Wakulla County, FL",unemployment rate
LAUCN121310000000003,2025,M13,0.037000000000000005,F,CN1213100000000,03,U,12,"Walton County, FL",unemployment rate
LAUCN121330000000003,2025,M13,0.048,F,CN1213300000000,03,U,12,"Washington County, FL",unemployment rate
LAUCN130010000000003,2025,M13,0.038,F,CN1300100000000,03,U,13,"Appling County, GA",unemployment rate
LAUCN130030000000003,2025,M13,0.034,F,CN1300300000000,03,U,13,"Atkinson County, GA",unemployment rate
LAUCN130050000000003,2025,M13,0.033,F,CN1300500000000,03,U,13,"Bacon County, GA",unemployment rate
LAUCN130070000000003,2025,M13,0.044000000000000004,F,CN1300700000000,03,U,13,"Baker County, GA",unemployment rate
LAUCN130090000000003,2025,M13,0.038,F,CN1300900000000,03,U,13,"Baldwin County, GA",unemployment rate
LAUCN130110000000003,2025,M13,0.028999999999999998,F,CN1301100000000,03,U,13,"Banks County, GA",unemployment rate
LAUCN130130000000003,2025,M13,0.028999999999999998,F,CN1301300000000,03,U,13,"Barrow County, GA",unemployment rate
LAUCN130150000000003,2025,M13,0.032,F,CN1301500000000,03,U,13,"Bartow County, GA",unemployment rate
LAUCN130170000000003,2025,M13,0.04,F,CN1301700000000,03,U,13,"Ben Hill County, GA",unemployment rate
LAUCN130190000000003,2025,M13,0.035,F,CN1301900000000,03,U,13,"Berrien County, GA",unemployment rate
LAUCN130210000000003,2025,M13,0.043,F,CN1302100000000,03,U,13,"Bibb County, GA",unemployment rate
LAUCN130230000000003,2025,M13,0.036000000000000004,F,CN1302300000000,03,U,13,"Bleckley County, GA",unemployment rate
LAUCN130250000000003,2025,M13,0.031,F,CN1302500000000,03,U,13,"Brantley County, GA",unemployment rate
LAUCN130270000000003,2025,M13,0.037000000000000005,F,CN1302700000000,03,U,13,"Brooks County, GA",unemployment rate
LAUCN130290000000003,2025,M13,0.027999999999999997,F,CN1302900000000,03,U,13,"Bryan County, GA",unemployment rate
LAUCN130310000000003,2025,M13,0.035,F,CN1303100000000,03,U,13,"Bulloch County, GA",unemployment rate
LAUCN130330000000003,2025,M13,0.046,F,CN1303300000000,03,U,13,"Burke County, GA",unemployment rate
LAUCN130350000000003,2025,M13,0.033,F,CN1303500000000,03,U,13,"Butts County, GA",unemployment rate
LAUCN130370000000003,2025,M13,0.031,F,CN1303700000000,03,U,13,"Calhoun County, GA",unemployment rate
LAUCN130390000000003,2025,M13,0.031,F,CN1303900000000,03,U,13,"Camden County, GA",unemployment rate
LAUCN130430000000003,2025,M13,0.033,F,CN1304300000000,03,U,13,"Candler County, GA",unemployment rate
LAUCN130450000000003,2025,M13,0.033,F,CN1304500000000,03,U,13,"Carroll County, GA",unemployment rate
LAUCN130470000000003,2025,M13,0.031,F,CN1304700000000,03,U,13,"Catoosa County, GA",unemployment rate
LAUCN130490000000003,2025,M13,0.035,F,CN1304900000000,03,U,13,"Charlton County, GA",unemployment rate
LAUCN130510000000003,2025,M13,0.028999999999999998,F,CN1305100000000,03,U,13,"Chatham County, GA",unemployment rate
LAUCN130530000000003,2025,M13,0.073,F,CN1305300000000,03,U,13,"Chattahoochee County, GA",unemployment rate
LAUCN130550000000003,2025,M13,0.040999999999999995,F,CN1305500000000,03,U,13,"Chattooga County, GA",unemployment rate
LAUCN130570000000003,2025,M13,0.027999999999999997,F,CN1305700000000,03,U,13,"Cherokee County, GA",unemployment rate
LAUCN130590000000003,2025,M13,0.033,F,CN1305900000000,03,U,13,"Clarke County, GA",unemployment rate
LAUCN130610000000003,2025,M13,0.061,F,CN1306100000000,03,U,13,"Clay County, GA",unemployment rate
LAUCN130630000000003,2025,M13,0.044000000000000004,F,CN1306300000000,03,U,13,"Clayton County, GA",unemployment rate
LAUCN130650000000003,2025,M13,0.038,F,CN1306500000000,03,U,13,"Clinch County, GA",unemployment rate
LAUCN130670000000003,2025,M13,0.032,F,CN1306700000000,03,U,13,"Cobb County, GA",unemployment rate
LAUCN130690000000003,2025,M13,0.039,F,CN1306900000000,03,U,13,"Coffee County, GA",unemployment rate
LAUCN130710000000003,2025,M13,0.031,F,CN1307100000000,03,U,13,"Colquitt County, GA",unemployment rate
LAUCN130730000000003,2025,M13,0.032,F,CN1307300000000,03,U,13,"Columbia County, GA",unemployment rate
LAUCN130750000000003,2025,M13,0.034,F,CN1307500000000,03,U,13,"Cook County, GA",unemployment rate
LAUCN130770000000003,2025,M13,0.031,F,CN1307700000000,03,U,13,"Coweta County, GA",unemployment rate
LAUCN130790000000003,2025,M13,0.035,F,CN1307900000000,03,U,13,"Crawford County, GA",unemployment rate
LAUCN130810000000003,2025,M13,0.033,F,CN1308100000000,03,U,13,"Crisp County, GA",unemployment rate
LAUCN130830000000003,2025,M13,0.033,F,CN1308300000000,03,U,13,"Dade County, GA",unemployment rate
LAUCN130850000000003,2025,M13,0.027000000000000003,F,CN1308500000000,03,U,13,"Dawson County, GA",unemployment rate
LAUCN130870000000003,2025,M13,0.036000000000000004,F,CN1308700000000,03,U,13,"Decatur County, GA",unemployment rate
LAUCN130890000000003,2025,M13,0.036000000000000004,F,CN1308900000000,03,U,13,"DeKalb County, GA",unemployment rate
LAUCN130910000000003,2025,M13,0.034,F,CN1309100000000,03,U,13,"Dodge County, GA",unemployment rate
LAUCN130930000000003,2025,M13,0.037000000000000005,F,CN1309300000000,03,U,13,"Dooly County, GA",unemployment rate
LAUCN130950000000003,2025,M13,0.049,F,CN1309500000000,03,U,13,"Dougherty County, GA",unemployment rate
LAUCN130970000000003,2025,M13,0.037000000000000005,F,CN1309700000000,03,U,13,"Douglas County, GA",unemployment rate
LAUCN130990000000003,2025,M13,0.045,F,CN1309900000000,03,U,13,"Early County, GA",unemployment rate
LAUCN131010000000003,2025,M13,0.027999999999999997,F,CN1310100000000,03,U,13,"Echols County, GA",unemployment rate
LAUCN131030000000003,2025,M13,0.026000000000000002,F,CN1310300000000,03,U,13,"Effingham County, GA",unemployment rate
LAUCN131050000000003,2025,M13,0.036000000000000004,F,CN1310500000000,03,U,13,"Elbert County, GA",unemployment rate
LAUCN131070000000003,2025,M13,0.040999999999999995,F,CN1310700000000,03,U,13,"Emanuel County, GA",unemployment rate
LAUCN131090000000003,2025,M13,0.031,F,CN1310900000000,03,U,13,"Evans County, GA",unemployment rate
LAUCN131110000000003,2025,M13,0.032,F,CN1311100000000,03,U,13,"Fannin County, GA",unemployment rate
LAUCN131130000000003,2025,M13,0.033,F,CN1311300000000,03,U,13,"Fayette County, GA",unemployment rate
LAUCN131150000000003,2025,M13,0.035,F,CN1311500000000,03,U,13,"Floyd County, GA",unemployment rate
LAUCN131170000000003,2025,M13,0.027000000000000003,F,CN1311700000000,03,U,13,"Forsyth County, GA",unemployment rate
LAUCN131190000000003,2025,M13,0.034,F,CN1311900000000,03,U,13,"Franklin County, GA",unemployment rate
LAUCN131210000000003,2025,M13,0.035,F,CN1312100000000,03,U,13,"Fulton County, GA",unemployment rate
LAUCN131230000000003,2025,M13,0.03,F,CN1312300000000,03,U,13,"Gilmer County, GA",unemployment rate
LAUCN131250000000003,2025,M13,0.03,F,CN1312500000000,03,U,13,"Glascock County, GA",unemployment rate
LAUCN131270000000003,2025,M13,0.028999999999999998,F,CN1312700000000,03,U,13,"Glynn County, GA",unemployment rate
LAUCN131290000000003,2025,M13,0.032,F,CN1312900000000,03,U,13,"Gordon County, GA",unemployment rate
LAUCN131310000000003,2025,M13,0.032,F,CN1313100000000,03,U,13,"Grady County, GA",unemployment rate
LAUCN131330000000003,2025,M13,0.039,F,CN1313300000000,03,U,13,"Greene County, GA",unemployment rate
LAUCN131350000000003,2025,M13,0.032,F,CN1313500000000,03,U,13,"Gwinnett County, GA",unemployment rate
LAUCN131370000000003,2025,M13,0.028999999999999998,F,CN1313700000000,03,U,13,"Habersham County, GA",unemployment rate
LAUCN131390000000003,2025,M13,0.027999999999999997,F,CN1313900000000,03,U,13,"Hall County, GA",unemployment rate
LAUCN131410000000003,2025,M13,0.05,F,CN1314100000000,03,U,13,"Hancock County, GA",unemployment rate
LAUCN131430000000003,2025,M13,0.032,F,CN1314300000000,03,U,13,"Haralson County, GA",unemployment rate
LAUCN131450000000003,2025,M13,0.032,F,CN1314500000000,03,U,13,"Harris County, GA",unemployment rate
LAUCN131470000000003,2025,M13,0.034,F,CN1314700000000,03,U,13,"Hart County, GA",unemployment rate
LAUCN131490000000003,2025,M13,0.035,F,CN1314900000000,03,U,13,"Heard County, GA",unemployment rate
LAUCN131510000000003,2025,M13,0.037000000000000005,F,CN1315100000000,03,U,13,"Henry County, GA",unemployment rate
LAUCN131530000000003,2025,M13,0.03,F,CN1315300000000,03,U,13,"Houston County, GA",unemployment rate
LAUCN131550000000003,2025,M13,0.035,F,CN1315500000000,03,U,13,"Irwin County, GA",unemployment rate
LAUCN131570000000003,2025,M13,0.03,F,CN1315700000000,03,U,13,"Jackson County, GA",unemployment rate
LAUCN131590000000003,2025,M13,0.034,F,CN1315900000000,03,U,13,"Jasper County, GA",unemployment rate
LAUCN131610000000003,2025,M13,0.044000000000000004,F,CN1316100000000,03,U,13,"Jeff Davis County, GA",unemployment rate
LAUCN131630000000003,2025,M13,0.042,F,CN1316300000000,03,U,13,"Jefferson County, GA",unemployment rate
LAUCN131650000000003,2025,M13,0.032,F,CN1316500000000,03,U,13,"Jenkins County, GA",unemployment rate
LAUCN131670000000003,2025,M13,0.034,F,CN1316700000000,03,U,13,"Johnson County, GA",unemployment rate
LAUCN131690000000003,2025,M13,0.034,F,CN1316900000000,03,U,13,"Jones County, GA",unemployment rate
LAUCN131710000000003,2025,M13,0.042,F,CN1317100000000,03,U,13,"Lamar County, GA",unemployment rate
LAUCN131730000000003,2025,M13,0.039,F,CN1317300000000,03,U,13,"Lanier County, GA",unemployment rate
LAUCN131750000000003,2025,M13,0.038,F,CN1317500000000,03,U,13,"Laurens County, GA",unemployment rate
LAUCN131770000000003,2025,M13,0.027999999999999997,F,CN1317700000000,03,U,13,"Lee County, GA",unemployment rate
LAUCN131790000000003,2025,M13,0.039,F,CN1317900000000,03,U,13,"Liberty County, GA",unemployment rate
LAUCN131810000000003,2025,M13,0.039,F,CN1318100000000,03,U,13,"Lincoln County, GA",unemployment rate
LAUCN131830000000003,2025,M13,0.036000000000000004,F,CN1318300000000,03,U,13,"Long County, GA",unemployment rate
LAUCN131850000000003,2025,M13,0.039,F,CN1318500000000,03,U,13,"Lowndes County, GA",unemployment rate
LAUCN131870000000003,2025,M13,0.034,F,CN1318700000000,03,U,13,"Lumpkin County, GA",unemployment rate
LAUCN131890000000003,2025,M13,0.042,F,CN1318900000000,03,U,13,"McDuffie County, GA",unemployment rate
LAUCN131910000000003,2025,M13,0.035,F,CN1319100000000,03,U,13,"McIntosh County, GA",unemployment rate
LAUCN131930000000003,2025,M13,0.046,F,CN1319300000000,03,U,13,"Macon County, GA",unemployment rate
LAUCN131950000000003,2025,M13,0.031,F,CN1319500000000,03,U,13,"Madison County, GA",unemployment rate
LAUCN131970000000003,2025,M13,0.035,F,CN1319700000000,03,U,13,"Marion County, GA",unemployment rate
LAUCN131990000000003,2025,M13,0.043,F,CN1319900000000,03,U,13,"Meriwether County, GA",unemployment rate
LAUCN132010000000003,2025,M13,0.03,F,CN1320100000000,03,U,13,"Miller County, GA",unemployment rate
LAUCN132050000000003,2025,M13,0.039,F,CN1320500000000,03,U,13,"Mitchell County, GA",unemployment rate
LAUCN132070000000003,2025,M13,0.028999999999999998,F,CN1320700000000,03,U,13,"Monroe County, GA",unemployment rate
LAUCN132090000000003,2025,M13,0.042,F,CN1320900000000,03,U,13,"Montgomery County, GA",unemployment rate
LAUCN132110000000003,2025,M13,0.028999999999999998,F,CN1321100000000,03,U,13,"Morgan County, GA",unemployment rate
LAUCN132130000000003,2025,M13,0.038,F,CN1321300000000,03,U,13,"Murray County, GA",unemployment rate
LAUCN132150000000003,2025,M13,0.040999999999999995,F,CN1321500000000,03,U,13,"Muscogee County, GA",unemployment rate
LAUCN132170000000003,2025,M13,0.040999999999999995,F,CN1321700000000,03,U,13,"Newton County, GA",unemployment rate
LAUCN132190000000003,2025,M13,0.027000000000000003,F,CN1321900000000,03,U,13,"Oconee County, GA",unemployment rate
LAUCN132210000000003,2025,M13,0.028999999999999998,F,CN1322100000000,03,U,13,"Oglethorpe County, GA",unemployment rate
LAUCN132230000000003,2025,M13,0.033,F,CN1322300000000,03,U,13,"Paulding County, GA",unemployment rate
LAUCN132250000000003,2025,M13,0.039,F,CN1322500000000,03,U,13,"Peach County, GA",unemployment rate
LAUCN132270000000003,2025,M13,0.028999999999999998,F,CN1322700000000,03,U,13,"Pickens County, GA",unemployment rate
LAUCN132290000000003,2025,M13,0.037000000000000005,F,CN1322900000000,03,U,13,"Pierce County, GA",unemployment rate
LAUCN132310000000003,2025,M13,0.03,F,CN1323100000000,03,U,13,"Pike County, GA",unemployment rate
LAUCN132330000000003,2025,M13,0.034,F,CN1323300000000,03,U,13,"Polk County, GA",unemployment rate
LAUCN132350000000003,2025,M13,0.034,F,CN1323500000000,03,U,13,"Pulaski County, GA",unemployment rate
LAUCN132370000000003,2025,M13,0.038,F,CN1323700000000,03,U,13,"Putnam County, GA",unemployment rate
LAUCN132390000000003,2025,M13,0.068,F,CN1323900000000,03,U,13,"Quitman County, GA",unemployment rate
LAUCN132410000000003,2025,M13,0.033,F,CN1324100000000,03,U,13,"Rabun County, GA",unemployment rate
LAUCN132430000000003,2025,M13,0.040999999999999995,F,CN1324300000000,03,U,13,"Randolph County, GA",unemployment rate
LAUCN132450000000003,2025,M13,0.047,F,CN1324500000000,03,U,13,"Richmond County, GA",unemployment rate
LAUCN132470000000003,2025,M13,0.04,F,CN1324700000000,03,U,13,"Rockdale County, GA",unemployment rate
LAUCN132490000000003,2025,M13,0.034,F,CN1324900000000,03,U,13,"Schley County, GA",unemployment rate
LAUCN132510000000003,2025,M13,0.038,F,CN1325100000000,03,U,13,"Screven County, GA",unemployment rate
LAUCN132530000000003,2025,M13,0.044000000000000004,F,CN1325300000000,03,U,13,"Seminole County, GA",unemployment rate
LAUCN132550000000003,2025,M13,0.039,F,CN1325500000000,03,U,13,"Spalding County, GA",unemployment rate
LAUCN132570000000003,2025,M13,0.040999999999999995,F,CN1325700000000,03,U,13,"Stephens County, GA",unemployment rate
LAUCN132590000000003,2025,M13,0.054000000000000006,F,CN1325900000000,03,U,13,"Stewart County, GA",unemployment rate
LAUCN132610000000003,2025,M13,0.047,F,CN1326100000000,03,U,13,"Sumter County, GA",unemployment rate
LAUCN132630000000003,2025,M13,0.045,F,CN1326300000000,03,U,13,"Talbot County, GA",unemployment rate
LAUCN132650000000003,2025,M13,0.038,F,CN1326500000000,03,U,13,"Taliaferro County, GA",unemployment rate
LAUCN132670000000003,2025,M13,0.035,F,CN1326700000000,03,U,13,"Tattnall County, GA",unemployment rate
LAUCN132690000000003,2025,M13,0.042,F,CN1326900000000,03,U,13,"Taylor County, GA",unemployment rate
LAUCN132710000000003,2025,M13,0.054000000000000006,F,CN1327100000000,03,U,13,"Telfair County, GA",unemployment rate
LAUCN132730000000003,2025,M13,0.053,F,CN1327300000000,03,U,13,"Terrell County, GA",unemployment rate
LAUCN132750000000003,2025,M13,0.032,F,CN1327500000000,03,U,13,"Thomas County, GA",unemployment rate
LAUCN132770000000003,2025,M13,0.031,F,CN1327700000000,03,U,13,"Tift County, GA",unemployment rate
LAUCN132790000000003,2025,M13,0.045,F,CN1327900000000,03,U,13,"Toombs County, GA",unemployment rate
LAUCN132810000000003,2025,M13,0.036000000000000004,F,CN1328100000000,03,U,13,"Towns County, GA",unemployment rate
LAUCN132830000000003,2025,M13,0.044000000000000004,F,CN1328300000000,03,U,13,"Treutlen County, GA",unemployment rate
LAUCN132850000000003,2025,M13,0.03,F,CN1328500000000,03,U,13,"Troup County, GA",unemployment rate
LAUCN132870000000003,2025,M13,0.04,F,CN1328700000000,03,U,13,"Turner County, GA",unemployment rate
LAUCN132890000000003,2025,M13,0.047,F,CN1328900000000,03,U,13,"Twiggs County, GA",unemployment rate
LAUCN132910000000003,2025,M13,0.037000000000000005,F,CN1329100000000,03,U,13,"Union County, GA",unemployment rate
LAUCN132930000000003,2025,M13,0.034,F,CN1329300000000,03,U,13,"Upson County, GA",unemployment rate
LAUCN132950000000003,2025,M13,0.032,F,CN1329500000000,03,U,13,"Walker County, GA",unemployment rate
LAUCN132970000000003,2025,M13,0.032,F,CN1329700000000,03,U,13,"Walton County, GA",unemployment rate
LAUCN132990000000003,2025,M13,0.043,F,CN1329900000000,03,U,13,"Ware County, GA",unemployment rate
LAUCN133010000000003,2025,M13,0.040999999999999995,F,CN1330100000000,03,U,13,"Warren County, GA",unemployment rate
LAUCN133030000000003,2025,M13,0.037000000000000005,F,CN1330300000000,03,U,13,"Washington County, GA",unemployment rate
LAUCN133050000000003,2025,M13,0.035,F,CN1330500000000,03,U,13,"Wayne County, GA",unemployment rate
LAUCN133070000000003,2025,M13,0.039,F,CN1330700000000,03,U,13,"Webster County, GA",unemployment rate
LAUCN133090000000003,2025,M13,0.028999999999999998,F,CN1330900000000,03,U,13,"Wheeler County, GA",unemployment rate
LAUCN133110000000003,2025,M13,0.03,F,CN1331100000000,03,U,13,"White County, GA",unemployment rate
LAUCN133130000000003,2025,M13,0.039,F,CN1331300000000,03,U,13,"Whitfield County, GA",unemployment rate
LAUCN133150000000003,2025,M13,0.034,F,CN1331500000000,03,U,13,"Wilcox County, GA",unemployment rate
LAUCN133170000000003,2025,M13,0.037000000000000005,F,CN1331700000000,03,U,13,"Wilkes County, GA",unemployment rate
LAUCN133190000000003,2025,M13,0.042,F,CN1331900000000,03,U,13,"Wilkinson County, GA",unemployment rate
LAUCN133210000000003,2025,M13,0.034,F,CN1332100000000,03,U,13,"Worth County, GA",unemployment rate
LAUCN150010000000003,2025,M13,0.027000000000000003,F,CN1500100000000,03,U,15,"Hawaii County, HI",unemployment rate
LAUCN150030000000003,2025,M13,0.023,F,CN1500300000000,03,U,15,"Honolulu County/city, HI",unemployment rate
LAUCN150070000000003,2025,M13,0.022000000000000002,F,CN1500700000000,03,U,15,"Kauai County, HI",unemployment rate
LAUCN150090000000003,2025,M13,0.027000000000000003,F,CN1500900000000,03,U,15,"Maui County, HI",unemployment rate
LAUCN160010000000003,2025,M13,0.033,F,CN1600100000000,03,U,16,"Ada County, ID",unemployment rate
LAUCN160030000000003,2025,M13,0.07200000000000001,F,CN1600300000000,03,U,16,"Adams County, ID",unemployment rate
LAUCN160050000000003,2025,M13,0.04,F,CN1600500000000,03,U,16,"Bannock County, ID",unemployment rate
LAUCN160070000000003,2025,M13,0.03,F,CN1600700000000,03,U,16,"Bear Lake County, ID",unemployment rate
LAUCN160090000000003,2025,M13,0.055999999999999994,F,CN1600900000000,03,U,16,"Benewah County, ID",unemployment rate
LAUCN160110000000003,2025,M13,0.035,F,CN1601100000000,03,U,16,"Bingham County, ID",unemployment rate
LAUCN160130000000003,2025,M13,0.032,F,CN1601300000000,03,U,16,"Blaine County, ID",unemployment rate
LAUCN160150000000003,2025,M13,0.042,F,CN1601500000000,03,U,16,"Boise County, ID",unemployment rate
LAUCN160170000000003,2025,M13,0.054000000000000006,F,CN1601700000000,03,U,16,"Bonner County, ID",unemployment rate
LAUCN160190000000003,2025,M13,0.031,F,CN1601900000000,03,U,16,"Bonneville County, ID",unemployment rate
LAUCN160210000000003,2025,M13,0.054000000000000006,F,CN1602100000000,03,U,16,"Boundary County, ID",unemployment rate
LAUCN160230000000003,2025,M13,0.04,F,CN1602300000000,03,U,16,"Butte County, ID",unemployment rate
LAUCN160250000000003,2025,M13,0.038,F,CN1602500000000,03,U,16,"Camas County, ID",unemployment rate
LAUCN160270000000003,2025,M13,0.037000000000000005,F,CN1602700000000,03,U,16,"Canyon County, ID",unemployment rate
LAUCN160290000000003,2025,M13,0.039,F,CN1602900000000,03,U,16,"Caribou County, ID",unemployment rate
LAUCN160310000000003,2025,M13,0.032,F,CN1603100000000,03,U,16,"Cassia County, ID",unemployment rate
LAUCN160330000000003,2025,M13,0.040999999999999995,F,CN1603300000000,03,U,16,"Clark County, ID",unemployment rate
LAUCN160350000000003,2025,M13,0.064,F,CN1603500000000,03,U,16,"Clearwater County, ID",unemployment rate
LAUCN160370000000003,2025,M13,0.048,F,CN1603700000000,03,U,16,"Custer County, ID",unemployment rate
LAUCN160390000000003,2025,M13,0.043,F,CN1603900000000,03,U,16,"Elmore County, ID",unemployment rate
LAUCN160410000000003,2025,M13,0.032,F,CN1604100000000,03,U,16,"Franklin County, ID",unemployment rate
LAUCN160430000000003,2025,M13,0.036000000000000004,F,CN1604300000000,03,U,16,"Fremont County, ID",unemployment rate
LAUCN160450000000003,2025,M13,0.037000000000000005,F,CN1604500000000,03,U,16,"Gem County, ID",unemployment rate
LAUCN160470000000003,2025,M13,0.034,F,CN1604700000000,03,U,16,"Gooding County, ID",unemployment rate
LAUCN160490000000003,2025,M13,0.05,F,CN1604900000000,03,U,16,"Idaho County, ID",unemployment rate
LAUCN160510000000003,2025,M13,0.028999999999999998,F,CN1605100000000,03,U,16,"Jefferson County, ID",unemployment rate
LAUCN160530000000003,2025,M13,0.033,F,CN1605300000000,03,U,16,"Jerome County, ID",unemployment rate
LAUCN160550000000003,2025,M13,0.045,F,CN1605500000000,03,U,16,"Kootenai County, ID",unemployment rate
LAUCN160570000000003,2025,M13,0.033,F,CN1605700000000,03,U,16,"Latah County, ID",unemployment rate
LAUCN160590000000003,2025,M13,0.042,F,CN1605900000000,03,U,16,"Lemhi County, ID",unemployment rate
LAUCN160610000000003,2025,M13,0.044000000000000004,F,CN1606100000000,03,U,16,"Lewis County, ID",unemployment rate
LAUCN160630000000003,2025,M13,0.042,F,CN1606300000000,03,U,16,"Lincoln County, ID",unemployment rate
LAUCN160650000000003,2025,M13,0.037000000000000005,F,CN1606500000000,03,U,16,"Madison County, ID",unemployment rate
LAUCN160670000000003,2025,M13,0.034,F,CN1606700000000,03,U,16,"Minidoka County, ID",unemployment rate
LAUCN160690000000003,2025,M13,0.037000000000000005,F,CN1606900000000,03,U,16,"Nez Perce County, ID",unemployment rate
LAUCN160710000000003,2025,M13,0.028999999999999998,F,CN1607100000000,03,U,16,"Oneida County, ID",unemployment rate
LAUCN160730000000003,2025,M13,0.04,F,CN1607300000000,03,U,16,"Owyhee County, ID",unemployment rate
LAUCN160750000000003,2025,M13,0.043,F,CN1607500000000,03,U,16,"Payette County, ID",unemployment rate
LAUCN160770000000003,2025,M13,0.033,F,CN1607700000000,03,U,16,"Power County, ID",unemployment rate
LAUCN160790000000003,2025,M13,0.055999999999999994,F,CN1607900000000,03,U,16,"Shoshone County, ID",unemployment rate
LAUCN160810000000003,2025,M13,0.026000000000000002,F,CN1608100000000,03,U,16,"Teton County, ID",unemployment rate
LAUCN160830000000003,2025,M13,0.034,F,CN1608300000000,03,U,16,"Twin Falls County, ID",unemployment rate
LAUCN160850000000003,2025,M13,0.045,F,CN1608500000000,03,U,16,"Valley County, ID",unemployment rate
LAUCN160870000000003,2025,M13,0.046,F,CN1608700000000,03,U,16,"Washington County, ID",unemployment rate
LAUCN170010000000003,2025,M13,0.035,F,CN1700100000000,03,U,17,"Adams County, IL",unemployment rate
LAUCN170030000000003,2025,M13,0.068,F,CN1700300000000,03,U,17,"Alexander County, IL",unemployment rate
LAUCN170050000000003,2025,M13,0.042,F,CN1700500000000,03,U,17,"Bond County, IL",unemployment rate
LAUCN170070000000003,2025,M13,0.055,F,CN1700700000000,03,U,17,"Boone County, IL",unemployment rate
LAUCN170090000000003,2025,M13,0.031,F,CN1700900000000,03,U,17,"Brown County, IL",unemployment rate
LAUCN170110000000003,2025,M13,0.052000000000000005,F,CN1701100000000,03,U,17,"Bureau County, IL",unemployment rate
LAUCN170130000000003,2025,M13,0.047,F,CN1701300000000,03,U,17,"Calhoun County, IL",unemployment rate
LAUCN170150000000003,2025,M13,0.048,F,CN1701500000000,03,U,17,"Carroll County, IL",unemployment rate
LAUCN170170000000003,2025,M13,0.046,F,CN1701700000000,03,U,17,"Cass County, IL",unemployment rate
LAUCN170190000000003,2025,M13,0.040999999999999995,F,CN1701900000000,03,U,17,"Champaign County, IL",unemployment rate
LAUCN170210000000003,2025,M13,0.043,F,CN1702100000000,03,U,17,"Christian County, IL",unemployment rate
LAUCN170230000000003,2025,M13,0.047,F,CN1702300000000,03,U,17,"Clark County, IL",unemployment rate
LAUCN170250000000003,2025,M13,0.05,F,CN1702500000000,03,U,17,"Clay County, IL",unemployment rate
LAUCN170270000000003,2025,M13,0.033,F,CN1702700000000,03,U,17,"Clinton County, IL",unemployment rate
LAUCN170290000000003,2025,M13,0.038,F,CN1702900000000,03,U,17,"Coles County, IL",unemployment rate
LAUCN170310000000003,2025,M13,0.048,F,CN1703100000000,03,U,17,"Cook County, IL",unemployment rate
LAUCN170330000000003,2025,M13,0.039,F,CN1703300000000,03,U,17,"Crawford County, IL",unemployment rate
LAUCN170350000000003,2025,M13,0.035,F,CN1703500000000,03,U,17,"Cumberland County, IL",unemployment rate
LAUCN170370000000003,2025,M13,0.045,F,CN1703700000000,03,U,17,"DeKalb County, IL",unemployment rate
LAUCN170390000000003,2025,M13,0.039,F,CN1703900000000,03,U,17,"De Witt County, IL",unemployment rate
LAUCN170410000000003,2025,M13,0.037000000000000005,F,CN1704100000000,03,U,17,"Douglas County, IL",unemployment rate
LAUCN170430000000003,2025,M13,0.039,F,CN1704300000000,03,U,17,"DuPage County, IL",unemployment rate
LAUCN170450000000003,2025,M13,0.040999999999999995,F,CN1704500000000,03,U,17,"Edgar County, IL",unemployment rate
LAUCN170470000000003,2025,M13,0.043,F,CN1704700000000,03,U,17,"Edwards County, IL",unemployment rate
LAUCN170490000000003,2025,M13,0.036000000000000004,F,CN1704900000000,03,U,17,"Effingham County, IL",unemployment rate
LAUCN170510000000003,2025,M13,0.049,F,CN1705100000000,03,U,17,"Fayette County, IL",unemployment rate
LAUCN170530000000003,2025,M13,0.043,F,CN1705300000000,03,U,17,"Ford County, IL",unemployment rate
LAUCN170550000000003,2025,M13,0.05,F,CN1705500000000,03,U,17,"Franklin County, IL",unemployment rate
LAUCN170570000000003,2025,M13,0.048,F,CN1705700000000,03,U,17,"Fulton County, IL",unemployment rate
LAUCN170590000000003,2025,M13,0.047,F,CN1705900000000,03,U,17,"Gallatin County, IL",unemployment rate
LAUCN170610000000003,2025,M13,0.039,F,CN1706100000000,03,U,17,"Greene County, IL",unemployment rate
LAUCN170630000000003,2025,M13,0.047,F,CN1706300000000,03,U,17,"Grundy County, IL",unemployment rate
LAUCN170650000000003,2025,M13,0.046,F,CN1706500000000,03,U,17,"Hamilton County, IL",unemployment rate
LAUCN170670000000003,2025,M13,0.037000000000000005,F,CN1706700000000,03,U,17,"Hancock County, IL",unemployment rate
LAUCN170690000000003,2025,M13,0.053,F,CN1706900000000,03,U,17,"Hardin County, IL",unemployment rate
LAUCN170710000000003,2025,M13,0.040999999999999995,F,CN1707100000000,03,U,17,"Henderson County, IL",unemployment rate
LAUCN170730000000003,2025,M13,0.051,F,CN1707300000000,03,U,17,"Henry County, IL",unemployment rate
LAUCN170750000000003,2025,M13,0.049,F,CN1707500000000,03,U,17,"Iroquois County, IL",unemployment rate
LAUCN170770000000003,2025,M13,0.048,F,CN1707700000000,03,U,17,"Jackson County, IL",unemployment rate
LAUCN170790000000003,2025,M13,0.036000000000000004,F,CN1707900000000,03,U,17,"Jasper County, IL",unemployment rate
LAUCN170810000000003,2025,M13,0.049,F,CN1708100000000,03,U,17,"Jefferson County, IL",unemployment rate
LAUCN170830000000003,2025,M13,0.038,F,CN1708300000000,03,U,17,"Jersey County, IL",unemployment rate
LAUCN170850000000003,2025,M13,0.038,F,CN1708500000000,03,U,17,"Jo Daviess County, IL",unemployment rate
LAUCN170870000000003,2025,M13,0.05,F,CN1708700000000,03,U,17,"Johnson County, IL",unemployment rate
LAUCN170890000000003,2025,M13,0.047,F,CN1708900000000,03,U,17,"Kane County, IL",unemployment rate
LAUCN170910000000003,2025,M13,0.055,F,CN1709100000000,03,U,17,"Kankakee County, IL",unemployment rate
LAUCN170930000000003,2025,M13,0.043,F,CN1709300000000,03,U,17,"Kendall County, IL",unemployment rate
LAUCN170950000000003,2025,M13,0.051,F,CN1709500000000,03,U,17,"Knox County, IL",unemployment rate
LAUCN170970000000003,2025,M13,0.047,F,CN1709700000000,03,U,17,"Lake County, IL",unemployment rate
LAUCN170990000000003,2025,M13,0.054000000000000006,F,CN1709900000000,03,U,17,"LaSalle County, IL",unemployment rate
LAUCN171010000000003,2025,M13,0.045,F,CN1710100000000,03,U,17,"Lawrence County, IL",unemployment rate
LAUCN171030000000003,2025,M13,0.046,F,CN1710300000000,03,U,17,"Lee County, IL",unemployment rate
LAUCN171050000000003,2025,M13,0.04,F,CN1710500000000,03,U,17,"Livingston County, IL",unemployment rate
LAUCN171070000000003,2025,M13,0.048,F,CN1710700000000,03,U,17,"Logan County, IL",unemployment rate
LAUCN171090000000003,2025,M13,0.044000000000000004,F,CN1710900000000,03,U,17,"McDonough County, IL",unemployment rate
LAUCN171110000000003,2025,M13,0.040999999999999995,F,CN1711100000000,03,U,17,"McHenry County, IL",unemployment rate
LAUCN171130000000003,2025,M13,0.039,F,CN1711300000000,03,U,17,"McLean County, IL",unemployment rate
LAUCN171150000000003,2025,M13,0.057999999999999996,F,CN1711500000000,03,U,17,"Macon County, IL",unemployment rate
LAUCN171170000000003,2025,M13,0.045,F,CN1711700000000,03,U,17,"Macoupin County, IL",unemployment rate
LAUCN171190000000003,2025,M13,0.04,F,CN1711900000000,03,U,17,"Madison County, IL",unemployment rate
LAUCN171210000000003,2025,M13,0.048,F,CN1712100000000,03,U,17,"Marion County, IL",unemployment rate
LAUCN171230000000003,2025,M13,0.051,F,CN1712300000000,03,U,17,"Marshall County, IL",unemployment rate
LAUCN171250000000003,2025,M13,0.047,F,CN1712500000000,03,U,17,"Mason County, IL",unemployment rate
LAUCN171270000000003,2025,M13,0.040999999999999995,F,CN1712700000000,03,U,17,"Massac County, IL",unemployment rate
LAUCN171290000000003,2025,M13,0.040999999999999995,F,CN1712900000000,03,U,17,"Menard County, IL",unemployment rate
LAUCN171310000000003,2025,M13,0.051,F,CN1713100000000,03,U,17,"Mercer County, IL",unemployment rate
LAUCN171330000000003,2025,M13,0.03,F,CN1713300000000,03,U,17,"Monroe County, IL",unemployment rate
LAUCN171350000000003,2025,M13,0.046,F,CN1713500000000,03,U,17,"Montgomery County, IL",unemployment rate
LAUCN171370000000003,2025,M13,0.040999999999999995,F,CN1713700000000,03,U,17,"Morgan County, IL",unemployment rate
LAUCN171390000000003,2025,M13,0.038,F,CN1713900000000,03,U,17,"Moultrie County, IL",unemployment rate
LAUCN171410000000003,2025,M13,0.047,F,CN1714100000000,03,U,17,"Ogle County, IL",unemployment rate
LAUCN171430000000003,2025,M13,0.053,F,CN1714300000000,03,U,17,"Peoria County, IL",unemployment rate
LAUCN171450000000003,2025,M13,0.05,F,CN1714500000000,03,U,17,"Perry County, IL",unemployment rate
LAUCN171470000000003,2025,M13,0.036000000000000004,F,CN1714700000000,03,U,17,"Piatt County, IL",unemployment rate
LAUCN171490000000003,2025,M13,0.047,F,CN1714900000000,03,U,17,"Pike County, IL",unemployment rate
LAUCN171510000000003,2025,M13,0.053,F,CN1715100000000,03,U,17,"Pope County, IL",unemployment rate
LAUCN171530000000003,2025,M13,0.06,F,CN1715300000000,03,U,17,"Pulaski County, IL",unemployment rate
LAUCN171550000000003,2025,M13,0.05,F,CN1715500000000,03,U,17,"Putnam County, IL",unemployment rate
LAUCN171570000000003,2025,M13,0.039,F,CN1715700000000,03,U,17,"Randolph County, IL",unemployment rate
LAUCN171590000000003,2025,M13,0.037000000000000005,F,CN1715900000000,03,U,17,"Richland County, IL",unemployment rate
LAUCN171610000000003,2025,M13,0.052000000000000005,F,CN1716100000000,03,U,17,"Rock Island County, IL",unemployment rate
LAUCN171630000000003,2025,M13,0.045,F,CN1716300000000,03,U,17,"St. Clair County, IL",unemployment rate
LAUCN171650000000003,2025,M13,0.046,F,CN1716500000000,03,U,17,"Saline County, IL",unemployment rate
LAUCN171670000000003,2025,M13,0.044000000000000004,F,CN1716700000000,03,U,17,"Sangamon County, IL",unemployment rate
LAUCN171690000000003,2025,M13,0.051,F,CN1716900000000,03,U,17,"Schuyler County, IL",unemployment rate
LAUCN171710000000003,2025,M13,0.049,F,CN1717100000000,03,U,17,"Scott County, IL",unemployment rate
LAUCN171730000000003,2025,M13,0.039,F,CN1717300000000,03,U,17,"Shelby County, IL",unemployment rate
LAUCN171750000000003,2025,M13,0.052000000000000005,F,CN1717500000000,03,U,17,"Stark County, IL",unemployment rate
LAUCN171770000000003,2025,M13,0.045,F,CN1717700000000,03,U,17,"Stephenson County, IL",unemployment rate
LAUCN171790000000003,2025,M13,0.045,F,CN1717900000000,03,U,17,"Tazewell County, IL",unemployment rate
LAUCN171810000000003,2025,M13,0.046,F,CN1718100000000,03,U,17,"Union County, IL",unemployment rate
LAUCN171830000000003,2025,M13,0.055999999999999994,F,CN1718300000000,03,U,17,"Vermilion County, IL",unemployment rate
LAUCN171850000000003,2025,M13,0.038,F,CN1718500000000,03,U,17,"Wabash County, IL",unemployment rate
LAUCN171870000000003,2025,M13,0.044000000000000004,F,CN1718700000000,03,U,17,"Warren County, IL",unemployment rate
LAUCN171890000000003,2025,M13,0.034,F,CN1718900000000,03,U,17,"Washington County, IL",unemployment rate
LAUCN171910000000003,2025,M13,0.042,F,CN1719100000000,03,U,17,"Wayne County, IL",unemployment rate
LAUCN171930000000003,2025,M13,0.046,F,CN1719300000000,03,U,17,"White County, IL",unemployment rate
LAUCN171950000000003,2025,M13,0.046,F,CN1719500000000,03,U,17,"Whiteside County, IL",unemployment rate
LAUCN171970000000003,2025,M13,0.046,F,CN1719700000000,03,U,17,"Will County, IL",unemployment rate
LAUCN171990000000003,2025,M13,0.042,F,CN1719900000000,03,U,17,"Williamson County, IL",unemployment rate
LAUCN172010000000003,2025,M13,0.054000000000000006,F,CN1720100000000,03,U,17,"Winnebago County, IL",unemployment rate
LAUCN172030000000003,2025,M13,0.037000000000000005,F,CN1720300000000,03,U,17,"Woodford County, IL",unemployment rate
LAUCN180010000000003,2025,M13,0.034,F,CN1800100000000,03,U,18,"Adams County, IN",unemployment rate
LAUCN180030000000003,2025,M13,0.034,F,CN1800300000000,03,U,18,"Allen County, IN",unemployment rate
LAUCN180050000000003,2025,M13,0.036000000000000004,F,CN1800500000000,03,U,18,"Bartholomew County, IN",unemployment rate
LAUCN180070000000003,2025,M13,0.032,F,CN1800700000000,03,U,18,"Benton County, IN",unemployment rate
LAUCN180090000000003,2025,M13,0.040999999999999995,F,CN1800900000000,03,U,18,"Blackford County, IN",unemployment rate
LAUCN180110000000003,2025,M13,0.027999999999999997,F,CN1801100000000,03,U,18,"Boone County, IN",unemployment rate
LAUCN180130000000003,2025,M13,0.034,F,CN1801300000000,03,U,18,"Brown County, IN",unemployment rate
LAUCN180150000000003,2025,M13,0.034,F,CN1801500000000,03,U,18,"Carroll County, IN",unemployment rate
LAUCN180170000000003,2025,M13,0.042,F,CN1801700000000,03,U,18,"Cass County, IN",unemployment rate
LAUCN180190000000003,2025,M13,0.035,F,CN1801900000000,03,U,18,"Clark County, IN",unemployment rate
LAUCN180210000000003,2025,M13,0.036000000000000004,F,CN1802100000000,03,U,18,"Clay County, IN",unemployment rate
LAUCN180230000000003,2025,M13,0.032,F,CN1802300000000,03,U,18,"Clinton County, IN",unemployment rate
LAUCN180250000000003,2025,M13,0.044000000000000004,F,CN1802500000000,03,U,18,"Crawford County, IN",unemployment rate
LAUCN180270000000003,2025,M13,0.028999999999999998,F,CN1802700000000,03,U,18,"Daviess County, IN",unemployment rate
LAUCN180290000000003,2025,M13,0.035,F,CN1802900000000,03,U,18,"Dearborn County, IN",unemployment rate
LAUCN180310000000003,2025,M13,0.035,F,CN1803100000000,03,U,18,"Decatur County, IN",unemployment rate
LAUCN180330000000003,2025,M13,0.033,F,CN1803300000000,03,U,18,"DeKalb County, IN",unemployment rate
LAUCN180350000000003,2025,M13,0.040999999999999995,F,CN1803500000000,03,U,18,"Delaware County, IN",unemployment rate
LAUCN180370000000003,2025,M13,0.028999999999999998,F,CN1803700000000,03,U,18,"Dubois County, IN",unemployment rate
LAUCN180390000000003,2025,M13,0.039,F,CN1803900000000,03,U,18,"Elkhart County, IN",unemployment rate
LAUCN180410000000003,2025,M13,0.042,F,CN1804100000000,03,U,18,"Fayette County, IN",unemployment rate
LAUCN180430000000003,2025,M13,0.035,F,CN1804300000000,03,U,18,"Floyd County, IN",unemployment rate
LAUCN180450000000003,2025,M13,0.037000000000000005,F,CN1804500000000,03,U,18,"Fountain County, IN",unemployment rate
LAUCN180470000000003,2025,M13,0.033,F,CN1804700000000,03,U,18,"Franklin County, IN",unemployment rate
LAUCN180490000000003,2025,M13,0.039,F,CN1804900000000,03,U,18,"Fulton County, IN",unemployment rate
LAUCN180510000000003,2025,M13,0.03,F,CN1805100000000,03,U,18,"Gibson County, IN",unemployment rate
LAUCN180530000000003,2025,M13,0.042,F,CN1805300000000,03,U,18,"Grant County, IN",unemployment rate
LAUCN180550000000003,2025,M13,0.038,F,CN1805500000000,03,U,18,"Greene County, IN",unemployment rate
LAUCN180570000000003,2025,M13,0.028999999999999998,F,CN1805700000000,03,U,18,"Hamilton County, IN",unemployment rate
LAUCN180590000000003,2025,M13,0.031,F,CN1805900000000,03,U,18,"Hancock County, IN",unemployment rate
LAUCN180610000000003,2025,M13,0.036000000000000004,F,CN1806100000000,03,U,18,"Harrison County, IN",unemployment rate
LAUCN180630000000003,2025,M13,0.03,F,CN1806300000000,03,U,18,"Hendricks County, IN",unemployment rate
LAUCN180650000000003,2025,M13,0.037000000000000005,F,CN1806500000000,03,U,18,"Henry County, IN",unemployment rate
LAUCN180670000000003,2025,M13,0.062,F,CN1806700000000,03,U,18,"Howard County, IN",unemployment rate
LAUCN180690000000003,2025,M13,0.033,F,CN1806900000000,03,U,18,"Huntington County, IN",unemployment rate
LAUCN180710000000003,2025,M13,0.032,F,CN1807100000000,03,U,18,"Jackson County, IN",unemployment rate
LAUCN180730000000003,2025,M13,0.039,F,CN1807300000000,03,U,18,"Jasper County, IN",unemployment rate
LAUCN180750000000003,2025,M13,0.034,F,CN1807500000000,03,U,18,"Jay County, IN",unemployment rate
LAUCN180770000000003,2025,M13,0.037000000000000005,F,CN1807700000000,03,U,18,"Jefferson County, IN",unemployment rate
LAUCN180790000000003,2025,M13,0.036000000000000004,F,CN1807900000000,03,U,18,"Jennings County, IN",unemployment rate
LAUCN180810000000003,2025,M13,0.031,F,CN1808100000000,03,U,18,"Johnson County, IN",unemployment rate
LAUCN180830000000003,2025,M13,0.035,F,CN1808300000000,03,U,18,"Knox County, IN",unemployment rate
LAUCN180850000000003,2025,M13,0.035,F,CN1808500000000,03,U,18,"Kosciusko County, IN",unemployment rate
LAUCN180870000000003,2025,M13,0.033,F,CN1808700000000,03,U,18,"LaGrange County, IN",unemployment rate
LAUCN180890000000003,2025,M13,0.051,F,CN1808900000000,03,U,18,"Lake County, IN",unemployment rate
LAUCN180910000000003,2025,M13,0.040999999999999995,F,CN1809100000000,03,U,18,"LaPorte County, IN",unemployment rate
LAUCN180930000000003,2025,M13,0.036000000000000004,F,CN1809300000000,03,U,18,"Lawrence County, IN",unemployment rate
LAUCN180950000000003,2025,M13,0.037000000000000005,F,CN1809500000000,03,U,18,"Madison County, IN",unemployment rate
LAUCN180970000000003,2025,M13,0.037000000000000005,F,CN1809700000000,03,U,18,"Marion County, IN",unemployment rate
LAUCN180990000000003,2025,M13,0.035,F,CN1809900000000,03,U,18,"Marshall County, IN",unemployment rate
LAUCN181010000000003,2025,M13,0.03,F,CN1810100000000,03,U,18,"Martin County, IN",unemployment rate
LAUCN181030000000003,2025,M13,0.044000000000000004,F,CN1810300000000,03,U,18,"Miami County, IN",unemployment rate
LAUCN181050000000003,2025,M13,0.033,F,CN1810500000000,03,U,18,"Monroe County, IN",unemployment rate
LAUCN181070000000003,2025,M13,0.03,F,CN1810700000000,03,U,18,"Montgomery County, IN",unemployment rate
LAUCN181090000000003,2025,M13,0.034,F,CN1810900000000,03,U,18,"Morgan County, IN",unemployment rate
LAUCN181110000000003,2025,M13,0.040999999999999995,F,CN1811100000000,03,U,18,"Newton County, IN",unemployment rate
LAUCN181130000000003,2025,M13,0.034,F,CN1811300000000,03,U,18,"Noble County, IN",unemployment rate
LAUCN181150000000003,2025,M13,0.035,F,CN1811500000000,03,U,18,"Ohio County, IN",unemployment rate
LAUCN181170000000003,2025,M13,0.037000000000000005,F,CN1811700000000,03,U,18,"Orange County, IN",unemployment rate
LAUCN181190000000003,2025,M13,0.037000000000000005,F,CN1811900000000,03,U,18,"Owen County, IN",unemployment rate
LAUCN181210000000003,2025,M13,0.039,F,CN1812100000000,03,U,18,"Parke County, IN",unemployment rate
LAUCN181230000000003,2025,M13,0.034,F,CN1812300000000,03,U,18,"Perry County, IN",unemployment rate
LAUCN181250000000003,2025,M13,0.037000000000000005,F,CN1812500000000,03,U,18,"Pike County, IN",unemployment rate
LAUCN181270000000003,2025,M13,0.04,F,CN1812700000000,03,U,18,"Porter County, IN",unemployment rate
LAUCN181290000000003,2025,M13,0.033,F,CN1812900000000,03,U,18,"Posey County, IN",unemployment rate
LAUCN181310000000003,2025,M13,0.028999999999999998,F,CN1813100000000,03,U,18,"Pulaski County, IN",unemployment rate
LAUCN181330000000003,2025,M13,0.036000000000000004,F,CN1813300000000,03,U,18,"Putnam County, IN",unemployment rate
LAUCN181350000000003,2025,M13,0.038,F,CN1813500000000,03,U,18,"Randolph County, IN",unemployment rate
LAUCN181370000000003,2025,M13,0.034,F,CN1813700000000,03,U,18,"Ripley County, IN",unemployment rate
LAUCN181390000000003,2025,M13,0.034,F,CN1813900000000,03,U,18,"Rush County, IN",unemployment rate
LAUCN181410000000003,2025,M13,0.040999999999999995,F,CN1814100000000,03,U,18,"St. Joseph County, IN",unemployment rate
LAUCN181430000000003,2025,M13,0.043,F,CN1814300000000,03,U,18,"Scott County, IN",unemployment rate
LAUCN181450000000003,2025,M13,0.033,F,CN1814500000000,03,U,18,"Shelby County, IN",unemployment rate
LAUCN181470000000003,2025,M13,0.033,F,CN1814700000000,03,U,18,"Spencer County, IN",unemployment rate
LAUCN181490000000003,2025,M13,0.048,F,CN1814900000000,03,U,18,"Starke County, IN",unemployment rate
LAUCN181510000000003,2025,M13,0.036000000000000004,F,CN1815100000000,03,U,18,"Steuben County, IN",unemployment rate
LAUCN181530000000003,2025,M13,0.035,F,CN1815300000000,03,U,18,"Sullivan County, IN",unemployment rate
LAUCN181550000000003,2025,M13,0.042,F,CN1815500000000,03,U,18,"Switzerland County, IN",unemployment rate
LAUCN181570000000003,2025,M13,0.035,F,CN1815700000000,03,U,18,"Tippecanoe County, IN",unemployment rate
LAUCN181590000000003,2025,M13,0.037000000000000005,F,CN1815900000000,03,U,18,"Tipton County, IN",unemployment rate
LAUCN181610000000003,2025,M13,0.027000000000000003,F,CN1816100000000,03,U,18,"Union County, IN",unemployment rate
LAUCN181630000000003,2025,M13,0.035,F,CN1816300000000,03,U,18,"Vanderburgh County, IN",unemployment rate
LAUCN181650000000003,2025,M13,0.042,F,CN1816500000000,03,U,18,"Vermillion County, IN",unemployment rate
LAUCN181670000000003,2025,M13,0.039,F,CN1816700000000,03,U,18,"Vigo County, IN",unemployment rate
LAUCN181690000000003,2025,M13,0.035,F,CN1816900000000,03,U,18,"Wabash County, IN",unemployment rate
LAUCN181710000000003,2025,M13,0.032,F,CN1817100000000,03,U,18,"Warren County, IN",unemployment rate
LAUCN181730000000003,2025,M13,0.032,F,CN1817300000000,03,U,18,"Warrick County, IN",unemployment rate
LAUCN181750000000003,2025,M13,0.036000000000000004,F,CN1817500000000,03,U,18,"Washington County, IN",unemployment rate
LAUCN181770000000003,2025,M13,0.038,F,CN1817700000000,03,U,18,"Wayne County, IN",unemployment rate
LAUCN181790000000003,2025,M13,0.028999999999999998,F,CN1817900000000,03,U,18,"Wells County, IN",unemployment rate
LAUCN181810000000003,2025,M13,0.036000000000000004,F,CN1818100000000,03,U,18,"White County, IN",unemployment rate
LAUCN181830000000003,2025,M13,0.032,F,CN1818300000000,03,U,18,"Whitley County, IN",unemployment rate
LAUCN190010000000003,2025,M13,0.025,F,CN1900100000000,03,U,19,"Adair County, IA",unemployment rate
LAUCN190030000000003,2025,M13,0.027000000000000003,F,CN1900300000000,03,U,19,"Adams County, IA",unemployment rate
LAUCN190050000000003,2025,M13,0.042,F,CN1900500000000,03,U,19,"Allamakee County, IA",unemployment rate
LAUCN190070000000003,2025,M13,0.04,F,CN1900700000000,03,U,19,"Appanoose County, IA",unemployment rate
LAUCN190090000000003,2025,M13,0.027999999999999997,F,CN1900900000000,03,U,19,"Audubon County, IA",unemployment rate
LAUCN190110000000003,2025,M13,0.033,F,CN1901100000000,03,U,19,"Benton County, IA",unemployment rate
LAUCN190130000000003,2025,M13,0.040999999999999995,F,CN1901300000000,03,U,19,"Black Hawk County, IA",unemployment rate
LAUCN190150000000003,2025,M13,0.031,F,CN1901500000000,03,U,19,"Boone County, IA",unemployment rate
LAUCN190170000000003,2025,M13,0.033,F,CN1901700000000,03,U,19,"Bremer County, IA",unemployment rate
LAUCN190190000000003,2025,M13,0.035,F,CN1901900000000,03,U,19,"Buchanan County, IA",unemployment rate
LAUCN190210000000003,2025,M13,0.03,F,CN1902100000000,03,U,19,"Buena Vista County, IA",unemployment rate
LAUCN190230000000003,2025,M13,0.039,F,CN1902300000000,03,U,19,"Butler County, IA",unemployment rate
LAUCN190250000000003,2025,M13,0.031,F,CN1902500000000,03,U,19,"Calhoun County, IA",unemployment rate
LAUCN190270000000003,2025,M13,0.024,F,CN1902700000000,03,U,19,"Carroll County, IA",unemployment rate
LAUCN190290000000003,2025,M13,0.032,F,CN1902900000000,03,U,19,"Cass County, IA",unemployment rate
LAUCN190310000000003,2025,M13,0.033,F,CN1903100000000,03,U,19,"Cedar County, IA",unemployment rate
LAUCN190330000000003,2025,M13,0.034,F,CN1903300000000,03,U,19,"Cerro Gordo County, IA",unemployment rate
LAUCN190350000000003,2025,M13,0.026000000000000002,F,CN1903500000000,03,U,19,"Cherokee County, IA",unemployment rate
LAUCN190370000000003,2025,M13,0.028999999999999998,F,CN1903700000000,03,U,19,"Chickasaw County, IA",unemployment rate
LAUCN190390000000003,2025,M13,0.032,F,CN1903900000000,03,U,19,"Clarke County, IA",unemployment rate
LAUCN190410000000003,2025,M13,0.032,F,CN1904100000000,03,U,19,"Clay County, IA",unemployment rate
LAUCN190430000000003,2025,M13,0.043,F,CN1904300000000,03,U,19,"Clayton County, IA",unemployment rate
LAUCN190450000000003,2025,M13,0.045,F,CN1904500000000,03,U,19,"Clinton County, IA",unemployment rate
LAUCN190470000000003,2025,M13,0.046,F,CN1904700000000,03,U,19,"Crawford County, IA",unemployment rate
LAUCN190490000000003,2025,M13,0.031,F,CN1904900000000,03,U,19,"Dallas County, IA",unemployment rate
LAUCN190510000000003,2025,M13,0.033,F,CN1905100000000,03,U,19,"Davis County, IA",unemployment rate
LAUCN190530000000003,2025,M13,0.033,F,CN1905300000000,03,U,19,"Decatur County, IA",unemployment rate
LAUCN190550000000003,2025,M13,0.031,F,CN1905500000000,03,U,19,"Delaware County, IA",unemployment rate
LAUCN190570000000003,2025,M13,0.042,F,CN1905700000000,03,U,19,"Des Moines County, IA",unemployment rate
LAUCN190590000000003,2025,M13,0.034,F,CN1905900000000,03,U,19,"Dickinson County, IA",unemployment rate
LAUCN190610000000003,2025,M13,0.035,F,CN1906100000000,03,U,19,"Dubuque County, IA",unemployment rate
LAUCN190630000000003,2025,M13,0.038,F,CN1906300000000,03,U,19,"Emmet County, IA",unemployment rate
LAUCN190650000000003,2025,M13,0.038,F,CN1906500000000,03,U,19,"Fayette County, IA",unemployment rate
LAUCN190670000000003,2025,M13,0.039,F,CN1906700000000,03,U,19,"Floyd County, IA",unemployment rate
LAUCN190690000000003,2025,M13,0.035,F,CN1906900000000,03,U,19,"Franklin County, IA",unemployment rate
LAUCN190710000000003,2025,M13,0.035,F,CN1907100000000,03,U,19,"Fremont County, IA",unemployment rate
LAUCN190730000000003,2025,M13,0.034,F,CN1907300000000,03,U,19,"Greene County, IA",unemployment rate
LAUCN190750000000003,2025,M13,0.032,F,CN1907500000000,03,U,19,"Grundy County, IA",unemployment rate
LAUCN190770000000003,2025,M13,0.035,F,CN1907700000000,03,U,19,"Guthrie County, IA",unemployment rate
LAUCN190790000000003,2025,M13,0.027999999999999997,F,CN1907900000000,03,U,19,"Hamilton County, IA",unemployment rate
LAUCN190810000000003,2025,M13,0.031,F,CN1908100000000,03,U,19,"Hancock County, IA",unemployment rate
LAUCN190830000000003,2025,M13,0.031,F,CN1908300000000,03,U,19,"Hardin County, IA",unemployment rate
LAUCN190850000000003,2025,M13,0.027999999999999997,F,CN1908500000000,03,U,19,"Harrison County, IA",unemployment rate
LAUCN190870000000003,2025,M13,0.035,F,CN1908700000000,03,U,19,"Henry County, IA",unemployment rate
LAUCN190890000000003,2025,M13,0.032,F,CN1908900000000,03,U,19,"Howard County, IA",unemployment rate
LAUCN190910000000003,2025,M13,0.032,F,CN1909100000000,03,U,19,"Humboldt County, IA",unemployment rate
LAUCN190930000000003,2025,M13,0.03,F,CN1909300000000,03,U,19,"Ida County, IA",unemployment rate
LAUCN190950000000003,2025,M13,0.038,F,CN1909500000000,03,U,19,"Iowa County, IA",unemployment rate
LAUCN190970000000003,2025,M13,0.040999999999999995,F,CN1909700000000,03,U,19,"Jackson County, IA",unemployment rate
LAUCN190990000000003,2025,M13,0.036000000000000004,F,CN1909900000000,03,U,19,"Jasper County, IA",unemployment rate
LAUCN191010000000003,2025,M13,0.036000000000000004,F,CN1910100000000,03,U,19,"Jefferson County, IA",unemployment rate
LAUCN191030000000003,2025,M13,0.027000000000000003,F,CN1910300000000,03,U,19,"Johnson County, IA",unemployment rate
LAUCN191050000000003,2025,M13,0.042,F,CN1910500000000,03,U,19,"Jones County, IA",unemployment rate
LAUCN191070000000003,2025,M13,0.035,F,CN1910700000000,03,U,19,"Keokuk County, IA",unemployment rate
LAUCN191090000000003,2025,M13,0.028999999999999998,F,CN1910900000000,03,U,19,"Kossuth County, IA",unemployment rate
LAUCN191110000000003,2025,M13,0.04,F,CN1911100000000,03,U,19,"Lee County, IA",unemployment rate
LAUCN191130000000003,2025,M13,0.038,F,CN1911300000000,03,U,19,"Linn County, IA",unemployment rate
LAUCN191150000000003,2025,M13,0.038,F,CN1911500000000,03,U,19,"Louisa County, IA",unemployment rate
LAUCN191170000000003,2025,M13,0.038,F,CN1911700000000,03,U,19,"Lucas County, IA",unemployment rate
LAUCN191190000000003,2025,M13,0.026000000000000002,F,CN1911900000000,03,U,19,"Lyon County, IA",unemployment rate
LAUCN191210000000003,2025,M13,0.033,F,CN1912100000000,03,U,19,"Madison County, IA",unemployment rate
LAUCN191230000000003,2025,M13,0.027999999999999997,F,CN1912300000000,03,U,19,"Mahaska County, IA",unemployment rate
LAUCN191250000000003,2025,M13,0.027999999999999997,F,CN1912500000000,03,U,19,"Marion County, IA",unemployment rate
LAUCN191270000000003,2025,M13,0.064,F,CN1912700000000,03,U,19,"Marshall County, IA",unemployment rate
LAUCN191290000000003,2025,M13,0.036000000000000004,F,CN1912900000000,03,U,19,"Mills County, IA",unemployment rate
LAUCN191310000000003,2025,M13,0.027999999999999997,F,CN1913100000000,03,U,19,"Mitchell County, IA",unemployment rate
LAUCN191330000000003,2025,M13,0.03,F,CN1913300000000,03,U,19,"Monona County, IA",unemployment rate
LAUCN191350000000003,2025,M13,0.04,F,CN1913500000000,03,U,19,"Monroe County, IA",unemployment rate
LAUCN191370000000003,2025,M13,0.028999999999999998,F,CN1913700000000,03,U,19,"Montgomery County, IA",unemployment rate
LAUCN191390000000003,2025,M13,0.038,F,CN1913900000000,03,U,19,"Muscatine County, IA",unemployment rate
LAUCN191410000000003,2025,M13,0.027000000000000003,F,CN1914100000000,03,U,19,"O'Brien County, IA",unemployment rate
LAUCN191430000000003,2025,M13,0.023,F,CN1914300000000,03,U,19,"Osceola County, IA",unemployment rate
LAUCN191450000000003,2025,M13,0.028999999999999998,F,CN1914500000000,03,U,19,"Page County, IA",unemployment rate
LAUCN191470000000003,2025,M13,0.027000000000000003,F,CN1914700000000,03,U,19,"Palo Alto County, IA",unemployment rate
LAUCN191490000000003,2025,M13,0.026000000000000002,F,CN1914900000000,03,U,19,"Plymouth County, IA",unemployment rate
LAUCN191510000000003,2025,M13,0.035,F,CN1915100000000,03,U,19,"Pocahontas County, IA",unemployment rate
LAUCN191530000000003,2025,M13,0.037000000000000005,F,CN1915300000000,03,U,19,"Polk County, IA",unemployment rate
LAUCN191550000000003,2025,M13,0.038,F,CN1915500000000,03,U,19,"Pottawattamie County, IA",unemployment rate
LAUCN191570000000003,2025,M13,0.033,F,CN1915700000000,03,U,19,"Poweshiek County, IA",unemployment rate
LAUCN191590000000003,2025,M13,0.028999999999999998,F,CN1915900000000,03,U,19,"Ringgold County, IA",unemployment rate
LAUCN191610000000003,2025,M13,0.032,F,CN1916100000000,03,U,19,"Sac County, IA",unemployment rate
LAUCN191630000000003,2025,M13,0.043,F,CN1916300000000,03,U,19,"Scott County, IA",unemployment rate
LAUCN191650000000003,2025,M13,0.027999999999999997,F,CN1916500000000,03,U,19,"Shelby County, IA",unemployment rate
LAUCN191670000000003,2025,M13,0.023,F,CN1916700000000,03,U,19,"Sioux County, IA",unemployment rate
LAUCN191690000000003,2025,M13,0.028999999999999998,F,CN1916900000000,03,U,19,"Story County, IA",unemployment rate
LAUCN191710000000003,2025,M13,0.048,F,CN1917100000000,03,U,19,"Tama County, IA",unemployment rate
LAUCN191730000000003,2025,M13,0.024,F,CN1917300000000,03,U,19,"Taylor County, IA",unemployment rate
LAUCN191750000000003,2025,M13,0.035,F,CN1917500000000,03,U,19,"Union County, IA",unemployment rate
LAUCN191770000000003,2025,M13,0.035,F,CN1917700000000,03,U,19,"Van Buren County, IA",unemployment rate
LAUCN191790000000003,2025,M13,0.043,F,CN1917900000000,03,U,19,"Wapello County, IA",unemployment rate
LAUCN191810000000003,2025,M13,0.032,F,CN1918100000000,03,U,19,"Warren County, IA",unemployment rate
LAUCN191830000000003,2025,M13,0.027000000000000003,F,CN1918300000000,03,U,19,"Washington County, IA",unemployment rate
LAUCN191850000000003,2025,M13,0.031,F,CN1918500000000,03,U,19,"Wayne County, IA",unemployment rate
LAUCN191870000000003,2025,M13,0.036000000000000004,F,CN1918700000000,03,U,19,"Webster County, IA",unemployment rate
LAUCN191890000000003,2025,M13,0.035,F,CN1918900000000,03,U,19,"Winnebago County, IA",unemployment rate
LAUCN191910000000003,2025,M13,0.032,F,CN1919100000000,03,U,19,"Winneshiek County, IA",unemployment rate
LAUCN191930000000003,2025,M13,0.035,F,CN1919300000000,03,U,19,"Woodbury County, IA",unemployment rate
LAUCN191950000000003,2025,M13,0.03,F,CN1919500000000,03,U,19,"Worth County, IA",unemployment rate
LAUCN191970000000003,2025,M13,0.028999999999999998,F,CN1919700000000,03,U,19,"Wright County, IA",unemployment rate
LAUCN200010000000003,2025,M13,0.040999999999999995,F,CN2000100000000,03,U,20,"Allen County, KS",unemployment rate
LAUCN200030000000003,2025,M13,0.037000000000000005,F,CN2000300000000,03,U,20,"Anderson County, KS",unemployment rate
LAUCN200050000000003,2025,M13,0.040999999999999995,F,CN2000500000000,03,U,20,"Atchison County, KS",unemployment rate
LAUCN200070000000003,2025,M13,0.032,F,CN2000700000000,03,U,20,"Barber County, KS",unemployment rate
LAUCN200090000000003,2025,M13,0.037000000000000005,F,CN2000900000000,03,U,20,"Barton County, KS",unemployment rate
LAUCN200110000000003,2025,M13,0.054000000000000006,F,CN2001100000000,03,U,20,"Bourbon County, KS",unemployment rate
LAUCN200130000000003,2025,M13,0.044000000000000004,F,CN2001300000000,03,U,20,"Brown County, KS",unemployment rate
LAUCN200150000000003,2025,M13,0.038,F,CN2001500000000,03,U,20,"Butler County, KS",unemployment rate
LAUCN200170000000003,2025,M13,0.04,F,CN2001700000000,03,U,20,"Chase County, KS",unemployment rate
LAUCN200190000000003,2025,M13,0.045,F,CN2001900000000,03,U,20,"Chautauqua County, KS",unemployment rate
LAUCN200210000000003,2025,M13,0.04,F,CN2002100000000,03,U,20,"Cherokee County, KS",unemployment rate
LAUCN200230000000003,2025,M13,0.033,F,CN2002300000000,03,U,20,"Cheyenne County, KS",unemployment rate
LAUCN200250000000003,2025,M13,0.03,F,CN2002500000000,03,U,20,"Clark County, KS",unemployment rate
LAUCN200270000000003,2025,M13,0.035,F,CN2002700000000,03,U,20,"Clay County, KS",unemployment rate
LAUCN200290000000003,2025,M13,0.033,F,CN2002900000000,03,U,20,"Cloud County, KS",unemployment rate
LAUCN200310000000003,2025,M13,0.044000000000000004,F,CN2003100000000,03,U,20,"Coffey County, KS",unemployment rate
LAUCN200330000000003,2025,M13,0.031,F,CN2003300000000,03,U,20,"Comanche County, KS",unemployment rate
LAUCN200350000000003,2025,M13,0.042,F,CN2003500000000,03,U,20,"Cowley County, KS",unemployment rate
LAUCN200370000000003,2025,M13,0.046,F,CN2003700000000,03,U,20,"Crawford County, KS",unemployment rate
LAUCN200390000000003,2025,M13,0.032,F,CN2003900000000,03,U,20,"Decatur County, KS",unemployment rate
LAUCN200410000000003,2025,M13,0.037000000000000005,F,CN2004100000000,03,U,20,"Dickinson County, KS",unemployment rate
LAUCN200430000000003,2025,M13,0.04,F,CN2004300000000,03,U,20,"Doniphan County, KS",unemployment rate
LAUCN200450000000003,2025,M13,0.035,F,CN2004500000000,03,U,20,"Douglas County, KS",unemployment rate
LAUCN200470000000003,2025,M13,0.033,F,CN2004700000000,03,U,20,"Edwards County, KS",unemployment rate
LAUCN200490000000003,2025,M13,0.044000000000000004,F,CN2004900000000,03,U,20,"Elk County, KS",unemployment rate
LAUCN200510000000003,2025,M13,0.03,F,CN2005100000000,03,U,20,"Ellis County, KS",unemployment rate
LAUCN200530000000003,2025,M13,0.032,F,CN2005300000000,03,U,20,"Ellsworth County, KS",unemployment rate
LAUCN200550000000003,2025,M13,0.028999999999999998,F,CN2005500000000,03,U,20,"Finney County, KS",unemployment rate
LAUCN200570000000003,2025,M13,0.03,F,CN2005700000000,03,U,20,"Ford County, KS",unemployment rate
LAUCN200590000000003,2025,M13,0.039,F,CN2005900000000,03,U,20,"Franklin County, KS",unemployment rate
LAUCN200610000000003,2025,M13,0.047,F,CN2006100000000,03,U,20,"Geary County, KS",unemployment rate
LAUCN200630000000003,2025,M13,0.036000000000000004,F,CN2006300000000,03,U,20,"Gove County, KS",unemployment rate
LAUCN200650000000003,2025,M13,0.043,F,CN2006500000000,03,U,20,"Graham County, KS",unemployment rate
LAUCN200670000000003,2025,M13,0.037000000000000005,F,CN2006700000000,03,U,20,"Grant County, KS",unemployment rate
LAUCN200690000000003,2025,M13,0.026000000000000002,F,CN2006900000000,03,U,20,"Gray County, KS",unemployment rate
LAUCN200710000000003,2025,M13,0.034,F,CN2007100000000,03,U,20,"Greeley County, KS",unemployment rate
LAUCN200730000000003,2025,M13,0.043,F,CN2007300000000,03,U,20,"Greenwood County, KS",unemployment rate
LAUCN200750000000003,2025,M13,0.027999999999999997,F,CN2007500000000,03,U,20,"Hamilton County, KS",unemployment rate
LAUCN200770000000003,2025,M13,0.035,F,CN2007700000000,03,U,20,"Harper County, KS",unemployment rate
LAUCN200790000000003,2025,M13,0.039,F,CN2007900000000,03,U,20,"Harvey County, KS",unemployment rate
LAUCN200810000000003,2025,M13,0.031,F,CN2008100000000,03,U,20,"Haskell County, KS",unemployment rate
LAUCN200830000000003,2025,M13,0.034,F,CN2008300000000,03,U,20,"Hodgeman County, KS",unemployment rate
LAUCN200850000000003,2025,M13,0.033,F,CN2008500000000,03,U,20,"Jackson County, KS",unemployment rate
LAUCN200870000000003,2025,M13,0.035,F,CN2008700000000,03,U,20,"Jefferson County, KS",unemployment rate
LAUCN200890000000003,2025,M13,0.046,F,CN2008900000000,03,U,20,"Jewell County, KS",unemployment rate
LAUCN200910000000003,2025,M13,0.035,F,CN2009100000000,03,U,20,"Johnson County, KS",unemployment rate
LAUCN200930000000003,2025,M13,0.033,F,CN2009300000000,03,U,20,"Kearny County, KS",unemployment rate
LAUCN200950000000003,2025,M13,0.03,F,CN2009500000000,03,U,20,"Kingman County, KS",unemployment rate
LAUCN200970000000003,2025,M13,0.033,F,CN2009700000000,03,U,20,"Kiowa County, KS",unemployment rate
LAUCN200990000000003,2025,M13,0.039,F,CN2009900000000,03,U,20,"Labette County, KS",unemployment rate
LAUCN201010000000003,2025,M13,0.040999999999999995,F,CN2010100000000,03,U,20,"Lane County, KS",unemployment rate
LAUCN201030000000003,2025,M13,0.040999999999999995,F,CN2010300000000,03,U,20,"Leavenworth County, KS",unemployment rate
LAUCN201050000000003,2025,M13,0.040999999999999995,F,CN2010500000000,03,U,20,"Lincoln County, KS",unemployment rate
LAUCN201070000000003,2025,M13,0.052000000000000005,F,CN2010700000000,03,U,20,"Linn County, KS",unemployment rate
LAUCN201090000000003,2025,M13,0.027999999999999997,F,CN2010900000000,03,U,20,"Logan County, KS",unemployment rate
LAUCN201110000000003,2025,M13,0.048,F,CN2011100000000,03,U,20,"Lyon County, KS",unemployment rate
LAUCN201130000000003,2025,M13,0.031,F,CN2011300000000,03,U,20,"McPherson County, KS",unemployment rate
LAUCN201150000000003,2025,M13,0.037000000000000005,F,CN2011500000000,03,U,20,"Marion County, KS",unemployment rate
LAUCN201170000000003,2025,M13,0.033,F,CN2011700000000,03,U,20,"Marshall County, KS",unemployment rate
LAUCN201190000000003,2025,M13,0.032,F,CN2011900000000,03,U,20,"Meade County, KS",unemployment rate
LAUCN201210000000003,2025,M13,0.037000000000000005,F,CN2012100000000,03,U,20,"Miami County, KS",unemployment rate
LAUCN201230000000003,2025,M13,0.042,F,CN2012300000000,03,U,20,"Mitchell County, KS",unemployment rate
LAUCN201250000000003,2025,M13,0.042,F,CN2012500000000,03,U,20,"Montgomery County, KS",unemployment rate
LAUCN201270000000003,2025,M13,0.031,F,CN2012700000000,03,U,20,"Morris County, KS",unemployment rate
LAUCN201290000000003,2025,M13,0.035,F,CN2012900000000,03,U,20,"Morton County, KS",unemployment rate
LAUCN201310000000003,2025,M13,0.027000000000000003,F,CN2013100000000,03,U,20,"Nemaha County, KS",unemployment rate
LAUCN201330000000003,2025,M13,0.038,F,CN2013300000000,03,U,20,"Neosho County, KS",unemployment rate
LAUCN201350000000003,2025,M13,0.028999999999999998,F,CN2013500000000,03,U,20,"Ness County, KS",unemployment rate
LAUCN201370000000003,2025,M13,0.03,F,CN2013700000000,03,U,20,"Norton County, KS",unemployment rate
LAUCN201390000000003,2025,M13,0.037000000000000005,F,CN2013900000000,03,U,20,"Osage County, KS",unemployment rate
LAUCN201410000000003,2025,M13,0.036000000000000004,F,CN2014100000000,03,U,20,"Osborne County, KS",unemployment rate
LAUCN201430000000003,2025,M13,0.032,F,CN2014300000000,03,U,20,"Ottawa County, KS",unemployment rate
LAUCN201450000000003,2025,M13,0.031,F,CN2014500000000,03,U,20,"Pawnee County, KS",unemployment rate
LAUCN201470000000003,2025,M13,0.032,F,CN2014700000000,03,U,20,"Phillips County, KS",unemployment rate
LAUCN201490000000003,2025,M13,0.034,F,CN2014900000000,03,U,20,"Pottawatomie County, KS",unemployment rate
LAUCN201510000000003,2025,M13,0.034,F,CN2015100000000,03,U,20,"Pratt County, KS",unemployment rate
LAUCN201530000000003,2025,M13,0.027999999999999997,F,CN2015300000000,03,U,20,"Rawlins County, KS",unemployment rate
LAUCN201550000000003,2025,M13,0.039,F,CN2015500000000,03,U,20,"Reno County, KS",unemployment rate
LAUCN201570000000003,2025,M13,0.031,F,CN2015700000000,03,U,20,"Republic County, KS",unemployment rate
LAUCN201590000000003,2025,M13,0.035,F,CN2015900000000,03,U,20,"Rice County, KS",unemployment rate
LAUCN201610000000003,2025,M13,0.034,F,CN2016100000000,03,U,20,"Riley County, KS",unemployment rate
LAUCN201630000000003,2025,M13,0.032,F,CN2016300000000,03,U,20,"Rooks County, KS",unemployment rate
LAUCN201650000000003,2025,M13,0.035,F,CN2016500000000,03,U,20,"Rush County, KS",unemployment rate
LAUCN201670000000003,2025,M13,0.038,F,CN2016700000000,03,U,20,"Russell County, KS",unemployment rate
LAUCN201690000000003,2025,M13,0.033,F,CN2016900000000,03,U,20,"Saline County, KS",unemployment rate
LAUCN201710000000003,2025,M13,0.03,F,CN2017100000000,03,U,20,"Scott County, KS",unemployment rate
LAUCN201730000000003,2025,M13,0.040999999999999995,F,CN2017300000000,03,U,20,"Sedgwick County, KS",unemployment rate
LAUCN201750000000003,2025,M13,0.032,F,CN2017500000000,03,U,20,"Seward County, KS",unemployment rate
LAUCN201770000000003,2025,M13,0.038,F,CN2017700000000,03,U,20,"Shawnee County, KS",unemployment rate
LAUCN201790000000003,2025,M13,0.025,F,CN2017900000000,03,U,20,"Sheridan County, KS",unemployment rate
LAUCN201810000000003,2025,M13,0.034,F,CN2018100000000,03,U,20,"Sherman County, KS",unemployment rate
LAUCN201830000000003,2025,M13,0.032,F,CN2018300000000,03,U,20,"Smith County, KS",unemployment rate
LAUCN201850000000003,2025,M13,0.032,F,CN2018500000000,03,U,20,"Stafford County, KS",unemployment rate
LAUCN201870000000003,2025,M13,0.039,F,CN2018700000000,03,U,20,"Stanton County, KS",unemployment rate
LAUCN201890000000003,2025,M13,0.03,F,CN2018900000000,03,U,20,"Stevens County, KS",unemployment rate
LAUCN201910000000003,2025,M13,0.04,F,CN2019100000000,03,U,20,"Sumner County, KS",unemployment rate
LAUCN201930000000003,2025,M13,0.027000000000000003,F,CN2019300000000,03,U,20,"Thomas County, KS",unemployment rate
LAUCN201950000000003,2025,M13,0.037000000000000005,F,CN2019500000000,03,U,20,"Trego County, KS",unemployment rate
LAUCN201970000000003,2025,M13,0.036000000000000004,F,CN2019700000000,03,U,20,"Wabaunsee County, KS",unemployment rate
LAUCN201990000000003,2025,M13,0.033,F,CN2019900000000,03,U,20,"Wallace County, KS",unemployment rate
LAUCN202010000000003,2025,M13,0.034,F,CN2020100000000,03,U,20,"Washington County, KS",unemployment rate
LAUCN202030000000003,2025,M13,0.027000000000000003,F,CN2020300000000,03,U,20,"Wichita County, KS",unemployment rate
LAUCN202050000000003,2025,M13,0.048,F,CN2020500000000,03,U,20,"Wilson County, KS",unemployment rate
LAUCN202070000000003,2025,M13,0.053,F,CN2020700000000,03,U,20,"Woodson County, KS",unemployment rate
LAUCN202090000000003,2025,M13,0.048,F,CN2020900000000,03,U,20,"Wyandotte County, KS",unemployment rate
LAUCN210010000000003,2025,M13,0.047,F,CN2100100000000,03,U,21,"Adair County, KY",unemployment rate
LAUCN210030000000003,2025,M13,0.044000000000000004,F,CN2100300000000,03,U,21,"Allen County, KY",unemployment rate
LAUCN210050000000003,2025,M13,0.044000000000000004,F,CN2100500000000,03,U,21,"Anderson County, KY",unemployment rate
LAUCN210070000000003,2025,M13,0.05,F,CN2100700000000,03,U,21,"Ballard County, KY",unemployment rate
LAUCN210090000000003,2025,M13,0.049,F,CN2100900000000,03,U,21,"Barren County, KY",unemployment rate
LAUCN210110000000003,2025,M13,0.062,F,CN2101100000000,03,U,21,"Bath County, KY",unemployment rate
LAUCN210130000000003,2025,M13,0.062,F,CN2101300000000,03,U,21,"Bell County, KY",unemployment rate
LAUCN210150000000003,2025,M13,0.039,F,CN2101500000000,03,U,21,"Boone County, KY",unemployment rate
LAUCN210170000000003,2025,M13,0.04,F,CN2101700000000,03,U,21,"Bourbon County, KY",unemployment rate
LAUCN210190000000003,2025,M13,0.055,F,CN2101900000000,03,U,21,"Boyd County, KY",unemployment rate
LAUCN210210000000003,2025,M13,0.049,F,CN2102100000000,03,U,21,"Boyle County, KY",unemployment rate
LAUCN210230000000003,2025,M13,0.055,F,CN2102300000000,03,U,21,"Bracken County, KY",unemployment rate
LAUCN210250000000003,2025,M13,0.065,F,CN2102500000000,03,U,21,"Breathitt County, KY",unemployment rate
LAUCN210270000000003,2025,M13,0.053,F,CN2102700000000,03,U,21,"Breckinridge County, KY",unemployment rate
LAUCN210290000000003,2025,M13,0.045,F,CN2102900000000,03,U,21,"Bullitt County, KY",unemployment rate
LAUCN210310000000003,2025,M13,0.051,F,CN2103100000000,03,U,21,"Butler County, KY",unemployment rate
LAUCN210330000000003,2025,M13,0.042,F,CN2103300000000,03,U,21,"Caldwell County, KY",unemployment rate
LAUCN210350000000003,2025,M13,0.05,F,CN2103500000000,03,U,21,"Calloway County, KY",unemployment rate
LAUCN210370000000003,2025,M13,0.04,F,CN2103700000000,03,U,21,"Campbell County, KY",unemployment rate
LAUCN210390000000003,2025,M13,0.046,F,CN2103900000000,03,U,21,"Carlisle County, KY",unemployment rate
LAUCN210410000000003,2025,M13,0.043,F,CN2104100000000,03,U,21,"Carroll County, KY",unemployment rate
LAUCN210430000000003,2025,M13,0.073,F,CN2104300000000,03,U,21,"Carter County, KY",unemployment rate
LAUCN210450000000003,2025,M13,0.051,F,CN2104500000000,03,U,21,"Casey County, KY",unemployment rate
LAUCN210470000000003,2025,M13,0.055,F,CN2104700000000,03,U,21,"Christian County, KY",unemployment rate
LAUCN210490000000003,2025,M13,0.043,F,CN2104900000000,03,U,21,"Clark County, KY",unemployment rate
LAUCN210510000000003,2025,M13,0.064,F,CN2105100000000,03,U,21,"Clay County, KY",unemployment rate
LAUCN210530000000003,2025,M13,0.054000000000000006,F,CN2105300000000,03,U,21,"Clinton County, KY",unemployment rate
LAUCN210550000000003,2025,M13,0.049,F,CN2105500000000,03,U,21,"Crittenden County, KY",unemployment rate
LAUCN210570000000003,2025,M13,0.043,F,CN2105700000000,03,U,21,"Cumberland County, KY",unemployment rate
LAUCN210590000000003,2025,M13,0.042,F,CN2105900000000,03,U,21,"Daviess County, KY",unemployment rate
LAUCN210610000000003,2025,M13,0.055999999999999994,F,CN2106100000000,03,U,21,"Edmonson County, KY",unemployment rate
LAUCN210630000000003,2025,M13,0.079,F,CN2106300000000,03,U,21,"Elliott County, KY",unemployment rate
LAUCN210650000000003,2025,M13,0.059000000000000004,F,CN2106500000000,03,U,21,"Estill County, KY",unemployment rate
LAUCN210670000000003,2025,M13,0.038,F,CN2106700000000,03,U,21,"Fayette County, KY",unemployment rate
LAUCN210690000000003,2025,M13,0.055,F,CN2106900000000,03,U,21,"Fleming County, KY",unemployment rate
LAUCN210710000000003,2025,M13,0.062,F,CN2107100000000,03,U,21,"Floyd County, KY",unemployment rate
LAUCN210730000000003,2025,M13,0.040999999999999995,F,CN2107300000000,03,U,21,"Franklin County, KY",unemployment rate
LAUCN210750000000003,2025,M13,0.048,F,CN2107500000000,03,U,21,"Fulton County, KY",unemployment rate
LAUCN210770000000003,2025,M13,0.045,F,CN2107700000000,03,U,21,"Gallatin County, KY",unemployment rate
LAUCN210790000000003,2025,M13,0.044000000000000004,F,CN2107900000000,03,U,21,"Garrard County, KY",unemployment rate
LAUCN210810000000003,2025,M13,0.044000000000000004,F,CN2108100000000,03,U,21,"Grant County, KY",unemployment rate
LAUCN210830000000003,2025,M13,0.040999999999999995,F,CN2108300000000,03,U,21,"Graves County, KY",unemployment rate
LAUCN210850000000003,2025,M13,0.059000000000000004,F,CN2108500000000,03,U,21,"Grayson County, KY",unemployment rate
LAUCN210870000000003,2025,M13,0.051,F,CN2108700000000,03,U,21,"Green County, KY",unemployment rate
LAUCN210890000000003,2025,M13,0.06,F,CN2108900000000,03,U,21,"Greenup County, KY",unemployment rate
LAUCN210910000000003,2025,M13,0.048,F,CN2109100000000,03,U,21,"Hancock County, KY",unemployment rate
LAUCN210930000000003,2025,M13,0.049,F,CN2109300000000,03,U,21,"Hardin County, KY",unemployment rate
LAUCN210950000000003,2025,M13,0.068,F,CN2109500000000,03,U,21,"Harlan County, KY",unemployment rate
LAUCN210970000000003,2025,M13,0.04,F,CN2109700000000,03,U,21,"Harrison County, KY",unemployment rate
LAUCN210990000000003,2025,M13,0.046,F,CN2109900000000,03,U,21,"Hart County, KY",unemployment rate
LAUCN211010000000003,2025,M13,0.045,F,CN2110100000000,03,U,21,"Henderson County, KY",unemployment rate
LAUCN211030000000003,2025,M13,0.044000000000000004,F,CN2110300000000,03,U,21,"Henry County, KY",unemployment rate
LAUCN211050000000003,2025,M13,0.045,F,CN2110500000000,03,U,21,"Hickman County, KY",unemployment rate
LAUCN211070000000003,2025,M13,0.048,F,CN2110700000000,03,U,21,"Hopkins County, KY",unemployment rate
LAUCN211090000000003,2025,M13,0.071,F,CN2110900000000,03,U,21,"Jackson County, KY",unemployment rate
LAUCN211110000000003,2025,M13,0.045,F,CN2111100000000,03,U,21,"Jefferson County, KY",unemployment rate
LAUCN211130000000003,2025,M13,0.04,F,CN2111300000000,03,U,21,"Jessamine County, KY",unemployment rate
LAUCN211150000000003,2025,M13,0.064,F,CN2111500000000,03,U,21,"Johnson County, KY",unemployment rate
LAUCN211170000000003,2025,M13,0.04,F,CN2111700000000,03,U,21,"Kenton County, KY",unemployment rate
LAUCN211190000000003,2025,M13,0.064,F,CN2111900000000,03,U,21,"Knott County, KY",unemployment rate
LAUCN211210000000003,2025,M13,0.062,F,CN2112100000000,03,U,21,"Knox County, KY",unemployment rate
LAUCN211230000000003,2025,M13,0.045,F,CN2112300000000,03,U,21,"Larue County, KY",unemployment rate
LAUCN211250000000003,2025,M13,0.055999999999999994,F,CN2112500000000,03,U,21,"Laurel County, KY",unemployment rate
LAUCN211270000000003,2025,M13,0.07,F,CN2112700000000,03,U,21,"Lawrence County, KY",unemployment rate
LAUCN211290000000003,2025,M13,0.049,F,CN2112900000000,03,U,21,"Lee County, KY",unemployment rate
LAUCN211310000000003,2025,M13,0.055,F,CN2113100000000,03,U,21,"Leslie County, KY",unemployment rate
LAUCN211330000000003,2025,M13,0.057,F,CN2113300000000,03,U,21,"Letcher County, KY",unemployment rate
LAUCN211350000000003,2025,M13,0.08199999999999999,F,CN2113500000000,03,U,21,"Lewis County, KY",unemployment rate
LAUCN211370000000003,2025,M13,0.054000000000000006,F,CN2113700000000,03,U,21,"Lincoln County, KY",unemployment rate
LAUCN211390000000003,2025,M13,0.052000000000000005,F,CN2113900000000,03,U,21,"Livingston County, KY",unemployment rate
LAUCN211410000000003,2025,M13,0.047,F,CN2114100000000,03,U,21,"Logan County, KY",unemployment rate
LAUCN211430000000003,2025,M13,0.05,F,CN2114300000000,03,U,21,"Lyon County, KY",unemployment rate
LAUCN211450000000003,2025,M13,0.045,F,CN2114500000000,03,U,21,"McCracken County, KY",unemployment rate
LAUCN211470000000003,2025,M13,0.059000000000000004,F,CN2114700000000,03,U,21,"McCreary County, KY",unemployment rate
LAUCN211490000000003,2025,M13,0.047,F,CN2114900000000,03,U,21,"McLean County, KY",unemployment rate
LAUCN211510000000003,2025,M13,0.047,F,CN2115100000000,03,U,21,"Madison County, KY",unemployment rate
LAUCN211530000000003,2025,M13,0.08800000000000001,F,CN2115300000000,03,U,21,"Magoffin County, KY",unemployment rate
LAUCN211550000000003,2025,M13,0.052000000000000005,F,CN2115500000000,03,U,21,"Marion County, KY",unemployment rate
LAUCN211570000000003,2025,M13,0.051,F,CN2115700000000,03,U,21,"Marshall County, KY",unemployment rate
LAUCN211590000000003,2025,M13,0.091,F,CN2115900000000,03,U,21,"Martin County, KY",unemployment rate
LAUCN211610000000003,2025,M13,0.06,F,CN2116100000000,03,U,21,"Mason County, KY",unemployment rate
LAUCN211630000000003,2025,M13,0.047,F,CN2116300000000,03,U,21,"Meade County, KY",unemployment rate
LAUCN211650000000003,2025,M13,0.069,F,CN2116500000000,03,U,21,"Menifee County, KY",unemployment rate
LAUCN211670000000003,2025,M13,0.046,F,CN2116700000000,03,U,21,"Mercer County, KY",unemployment rate
LAUCN211690000000003,2025,M13,0.047,F,CN2116900000000,03,U,21,"Metcalfe County, KY",unemployment rate
LAUCN211710000000003,2025,M13,0.046,F,CN2117100000000,03,U,21,"Monroe County, KY",unemployment rate
LAUCN211730000000003,2025,M13,0.051,F,CN2117300000000,03,U,21,"Montgomery County, KY",unemployment rate
LAUCN211750000000003,2025,M13,0.06,F,CN2117500000000,03,U,21,"Morgan County, KY",unemployment rate
LAUCN211770000000003,2025,M13,0.057999999999999996,F,CN2117700000000,03,U,21,"Muhlenberg County, KY",unemployment rate
LAUCN211790000000003,2025,M13,0.044000000000000004,F,CN2117900000000,03,U,21,"Nelson County, KY",unemployment rate
LAUCN211810000000003,2025,M13,0.043,F,CN2118100000000,03,U,21,"Nicholas County, KY",unemployment rate
LAUCN211830000000003,2025,M13,0.055999999999999994,F,CN2118300000000,03,U,21,"Ohio County, KY",unemployment rate
LAUCN211850000000003,2025,M13,0.039,F,CN2118500000000,03,U,21,"Oldham County, KY",unemployment rate
LAUCN211870000000003,2025,M13,0.044000000000000004,F,CN2118700000000,03,U,21,"Owen County, KY",unemployment rate
LAUCN211890000000003,2025,M13,0.057,F,CN2118900000000,03,U,21,"Owsley County, KY",unemployment rate
LAUCN211910000000003,2025,M13,0.047,F,CN2119100000000,03,U,21,"Pendleton County, KY",unemployment rate
LAUCN211930000000003,2025,M13,0.049,F,CN2119300000000,03,U,21,"Perry County, KY",unemployment rate
LAUCN211950000000003,2025,M13,0.062,F,CN2119500000000,03,U,21,"Pike County, KY",unemployment rate
LAUCN211970000000003,2025,M13,0.046,F,CN2119700000000,03,U,21,"Powell County, KY",unemployment rate
LAUCN211990000000003,2025,M13,0.048,F,CN2119900000000,03,U,21,"Pulaski County, KY",unemployment rate
LAUCN212010000000003,2025,M13,0.057999999999999996,F,CN2120100000000,03,U,21,"Robertson County, KY",unemployment rate
LAUCN212030000000003,2025,M13,0.051,F,CN2120300000000,03,U,21,"Rockcastle County, KY",unemployment rate
LAUCN212050000000003,2025,M13,0.055999999999999994,F,CN2120500000000,03,U,21,"Rowan County, KY",unemployment rate
LAUCN212070000000003,2025,M13,0.05,F,CN2120700000000,03,U,21,"Russell County, KY",unemployment rate
LAUCN212090000000003,2025,M13,0.038,F,CN2120900000000,03,U,21,"Scott County, KY",unemployment rate
LAUCN212110000000003,2025,M13,0.039,F,CN2121100000000,03,U,21,"Shelby County, KY",unemployment rate
LAUCN212130000000003,2025,M13,0.045,F,CN2121300000000,03,U,21,"Simpson County, KY",unemployment rate
LAUCN212150000000003,2025,M13,0.043,F,CN2121500000000,03,U,21,"Spencer County, KY",unemployment rate
LAUCN212170000000003,2025,M13,0.05,F,CN2121700000000,03,U,21,"Taylor County, KY",unemployment rate
LAUCN212190000000003,2025,M13,0.039,F,CN2121900000000,03,U,21,"Todd County, KY",unemployment rate
LAUCN212210000000003,2025,M13,0.048,F,CN2122100000000,03,U,21,"Trigg County, KY",unemployment rate
LAUCN212230000000003,2025,M13,0.043,F,CN2122300000000,03,U,21,"Trimble County, KY",unemployment rate
LAUCN212250000000003,2025,M13,0.042,F,CN2122500000000,03,U,21,"Union County, KY",unemployment rate
LAUCN212270000000003,2025,M13,0.042,F,CN2122700000000,03,U,21,"Warren County, KY",unemployment rate
LAUCN212290000000003,2025,M13,0.04,F,CN2122900000000,03,U,21,"Washington County, KY",unemployment rate
LAUCN212310000000003,2025,M13,0.059000000000000004,F,CN2123100000000,03,U,21,"Wayne County, KY",unemployment rate
LAUCN212330000000003,2025,M13,0.047,F,CN2123300000000,03,U,21,"Webster County, KY",unemployment rate
LAUCN212350000000003,2025,M13,0.047,F,CN2123500000000,03,U,21,"Whitley County, KY",unemployment rate
LAUCN212370000000003,2025,M13,0.085,F,CN2123700000000,03,U,21,"Wolfe County, KY",unemployment rate
LAUCN212390000000003,2025,M13,0.035,F,CN2123900000000,03,U,21,"Woodford County, KY",unemployment rate
LAUCN220010000000003,2025,M13,0.040999999999999995,F,CN2200100000000,03,U,22,"Acadia Parish, LA",unemployment rate
LAUCN220030000000003,2025,M13,0.048,F,CN2200300000000,03,U,22,"Allen Parish, LA",unemployment rate
LAUCN220050000000003,2025,M13,0.036000000000000004,F,CN2200500000000,03,U,22,"Ascension Parish, LA",unemployment rate
LAUCN220070000000003,2025,M13,0.047,F,CN2200700000000,03,U,22,"Assumption Parish, LA",unemployment rate
LAUCN220090000000003,2025,M13,0.046,F,CN2200900000000,03,U,22,"Avoyelles Parish, LA",unemployment rate
LAUCN220110000000003,2025,M13,0.043,F,CN2201100000000,03,U,22,"Beauregard Parish, LA",unemployment rate
LAUCN220130000000003,2025,M13,0.053,F,CN2201300000000,03,U,22,"Bienville Parish, LA",unemployment rate
LAUCN220150000000003,2025,M13,0.038,F,CN2201500000000,03,U,22,"Bossier Parish, LA",unemployment rate
LAUCN220170000000003,2025,M13,0.044000000000000004,F,CN2201700000000,03,U,22,"Caddo Parish, LA",unemployment rate
LAUCN220190000000003,2025,M13,0.045,F,CN2201900000000,03,U,22,"Calcasieu Parish, LA",unemployment rate
LAUCN220210000000003,2025,M13,0.052000000000000005,F,CN2202100000000,03,U,22,"Caldwell Parish, LA",unemployment rate
LAUCN220230000000003,2025,M13,0.045,F,CN2202300000000,03,U,22,"Cameron Parish, LA",unemployment rate
LAUCN220250000000003,2025,M13,0.054000000000000006,F,CN2202500000000,03,U,22,"Catahoula Parish, LA",unemployment rate
LAUCN220270000000003,2025,M13,0.061,F,CN2202700000000,03,U,22,"Claiborne Parish, LA",unemployment rate
LAUCN220290000000003,2025,M13,0.063,F,CN2202900000000,03,U,22,"Concordia Parish, LA",unemployment rate
LAUCN220310000000003,2025,M13,0.047,F,CN2203100000000,03,U,22,"De Soto Parish, LA",unemployment rate
LAUCN220330000000003,2025,M13,0.042,F,CN2203300000000,03,U,22,"East Baton Rouge Parish, LA",unemployment rate
LAUCN220350000000003,2025,M13,0.13,F,CN2203500000000,03,U,22,"East Carroll Parish, LA",unemployment rate
LAUCN220370000000003,2025,M13,0.043,F,CN2203700000000,03,U,22,"East Feliciana Parish, LA",unemployment rate
LAUCN220390000000003,2025,M13,0.048,F,CN2203900000000,03,U,22,"Evangeline Parish, LA",unemployment rate
LAUCN220410000000003,2025,M13,0.055,F,CN2204100000000,03,U,22,"Franklin Parish, LA",unemployment rate
LAUCN220430000000003,2025,M13,0.042,F,CN2204300000000,03,U,22,"Grant Parish, LA",unemployment rate
LAUCN220450000000003,2025,M13,0.045,F,CN2204500000000,03,U,22,"Iberia Parish, LA",unemployment rate
LAUCN220470000000003,2025,M13,0.05,F,CN2204700000000,03,U,22,"Iberville Parish, LA",unemployment rate
LAUCN220490000000003,2025,M13,0.048,F,CN2204900000000,03,U,22,"Jackson Parish, LA",unemployment rate
LAUCN220510000000003,2025,M13,0.04,F,CN2205100000000,03,U,22,"Jefferson Parish, LA",unemployment rate
LAUCN220530000000003,2025,M13,0.046,F,CN2205300000000,03,U,22,"Jefferson Davis Parish, LA",unemployment rate
LAUCN220550000000003,2025,M13,0.036000000000000004,F,CN2205500000000,03,U,22,"Lafayette Parish, LA",unemployment rate
LAUCN220570000000003,2025,M13,0.038,F,CN2205700000000,03,U,22,"Lafourche Parish, LA",unemployment rate
LAUCN220590000000003,2025,M13,0.036000000000000004,F,CN2205900000000,03,U,22,"LaSalle Parish, LA",unemployment rate
LAUCN220610000000003,2025,M13,0.045,F,CN2206100000000,03,U,22,"Lincoln Parish, LA",unemployment rate
LAUCN220630000000003,2025,M13,0.038,F,CN2206300000000,03,U,22,"Livingston Parish, LA",unemployment rate
LAUCN220650000000003,2025,M13,0.071,F,CN2206500000000,03,U,22,"Madison Parish, LA",unemployment rate
LAUCN220670000000003,2025,M13,0.062,F,CN2206700000000,03,U,22,"Morehouse Parish, LA",unemployment rate
LAUCN220690000000003,2025,M13,0.057999999999999996,F,CN2206900000000,03,U,22,"Natchitoches Parish, LA",unemployment rate
LAUCN220710000000003,2025,M13,0.048,F,CN2207100000000,03,U,22,"Orleans Parish, LA",unemployment rate
LAUCN220730000000003,2025,M13,0.045,F,CN2207300000000,03,U,22,"Ouachita Parish, LA",unemployment rate
LAUCN220750000000003,2025,M13,0.039,F,CN2207500000000,03,U,22,"Plaquemines Parish, LA",unemployment rate
LAUCN220770000000003,2025,M13,0.049,F,CN2207700000000,03,U,22,"Pointe Coupee Parish, LA",unemployment rate
LAUCN220790000000003,2025,M13,0.039,F,CN2207900000000,03,U,22,"Rapides Parish, LA",unemployment rate
LAUCN220810000000003,2025,M13,0.053,F,CN2208100000000,03,U,22,"Red River Parish, LA",unemployment rate
LAUCN220830000000003,2025,M13,0.052000000000000005,F,CN2208300000000,03,U,22,"Richland Parish, LA",unemployment rate
LAUCN220850000000003,2025,M13,0.048,F,CN2208500000000,03,U,22,"Sabine Parish, LA",unemployment rate
LAUCN220870000000003,2025,M13,0.047,F,CN2208700000000,03,U,22,"St. Bernard Parish, LA",unemployment rate
LAUCN220890000000003,2025,M13,0.038,F,CN2208900000000,03,U,22,"St. Charles Parish, LA",unemployment rate
LAUCN220910000000003,2025,M13,0.069,F,CN2209100000000,03,U,22,"St. Helena Parish, LA",unemployment rate
LAUCN220930000000003,2025,M13,0.05,F,CN2209300000000,03,U,22,"St. James Parish, LA",unemployment rate
LAUCN220950000000003,2025,M13,0.052000000000000005,F,CN2209500000000,03,U,22,"St. John the Baptist Parish, LA",unemployment rate
LAUCN220970000000003,2025,M13,0.05,F,CN2209700000000,03,U,22,"St. Landry Parish, LA",unemployment rate
LAUCN220990000000003,2025,M13,0.039,F,CN2209900000000,03,U,22,"St. Martin Parish, LA",unemployment rate
LAUCN221010000000003,2025,M13,0.05,F,CN2210100000000,03,U,22,"St. Mary Parish, LA",unemployment rate
LAUCN221030000000003,2025,M13,0.039,F,CN2210300000000,03,U,22,"St. Tammany Parish, LA",unemployment rate
LAUCN221050000000003,2025,M13,0.05,F,CN2210500000000,03,U,22,"Tangipahoa Parish, LA",unemployment rate
LAUCN221070000000003,2025,M13,0.07200000000000001,F,CN2210700000000,03,U,22,"Tensas Parish, LA",unemployment rate
LAUCN221090000000003,2025,M13,0.038,F,CN2210900000000,03,U,22,"Terrebonne Parish, LA",unemployment rate
LAUCN221110000000003,2025,M13,0.051,F,CN2211100000000,03,U,22,"Union Parish, LA",unemployment rate
LAUCN221130000000003,2025,M13,0.04,F,CN2211300000000,03,U,22,"Vermilion Parish, LA",unemployment rate
LAUCN221150000000003,2025,M13,0.051,F,CN2211500000000,03,U,22,"Vernon Parish, LA",unemployment rate
LAUCN221170000000003,2025,M13,0.047,F,CN2211700000000,03,U,22,"Washington Parish, LA",unemployment rate
LAUCN221190000000003,2025,M13,0.05,F,CN2211900000000,03,U,22,"Webster Parish, LA",unemployment rate
LAUCN221210000000003,2025,M13,0.040999999999999995,F,CN2212100000000,03,U,22,"West Baton Rouge Parish, LA",unemployment rate
LAUCN221230000000003,2025,M13,0.065,F,CN2212300000000,03,U,22,"West Carroll Parish, LA",unemployment rate
LAUCN221250000000003,2025,M13,0.03,F,CN2212500000000,03,U,22,"West Feliciana Parish, LA",unemployment rate
LAUCN221270000000003,2025,M13,0.048,F,CN2212700000000,03,U,22,"Winn Parish, LA",unemployment rate
LAUCN230010000000003,2025,M13,0.035,F,CN2300100000000,03,U,23,"Androscoggin County, ME",unemployment rate
LAUCN230030000000003,2025,M13,0.048,F,CN2300300000000,03,U,23,"Aroostook County, ME",unemployment rate
LAUCN230050000000003,2025,M13,0.027000000000000003,F,CN2300500000000,03,U,23,"Cumberland County, ME",unemployment rate
LAUCN230070000000003,2025,M13,0.04,F,CN2300700000000,03,U,23,"Franklin County, ME",unemployment rate
LAUCN230090000000003,2025,M13,0.039,F,CN2300900000000,03,U,23,"Hancock County, ME",unemployment rate
LAUCN230110000000003,2025,M13,0.031,F,CN2301100000000,03,U,23,"Kennebec County, ME",unemployment rate
LAUCN230130000000003,2025,M13,0.033,F,CN2301300000000,03,U,23,"Knox County, ME",unemployment rate
LAUCN230150000000003,2025,M13,0.033,F,CN2301500000000,03,U,23,"Lincoln County, ME",unemployment rate
LAUCN230170000000003,2025,M13,0.038,F,CN2301700000000,03,U,23,"Oxford County, ME",unemployment rate
LAUCN230190000000003,2025,M13,0.037000000000000005,F,CN2301900000000,03,U,23,"Penobscot County, ME",unemployment rate
LAUCN230210000000003,2025,M13,0.052000000000000005,F,CN2302100000000,03,U,23,"Piscataquis County, ME",unemployment rate
LAUCN230230000000003,2025,M13,0.027000000000000003,F,CN2302300000000,03,U,23,"Sagadahoc County, ME",unemployment rate
LAUCN230250000000003,2025,M13,0.046,F,CN2302500000000,03,U,23,"Somerset County, ME",unemployment rate
LAUCN230270000000003,2025,M13,0.037000000000000005,F,CN2302700000000,03,U,23,"Waldo County, ME",unemployment rate
LAUCN230290000000003,2025,M13,0.053,F,CN2302900000000,03,U,23,"Washington County, ME",unemployment rate
LAUCN230310000000003,2025,M13,0.03,F,CN2303100000000,03,U,23,"York County, ME",unemployment rate
LAUCN240010000000003,2025,M13,0.055999999999999994,F,CN2400100000000,03,U,24,"Allegany County, MD",unemployment rate
LAUCN240030000000003,2025,M13,0.034,F,CN2400300000000,03,U,24,"Anne Arundel County, MD",unemployment rate
LAUCN240050000000003,2025,M13,0.04,F,CN2400500000000,03,U,24,"Baltimore County, MD",unemployment rate
LAUCN240090000000003,2025,M13,0.035,F,CN2400900000000,03,U,24,"Calvert County, MD",unemployment rate
LAUCN240110000000003,2025,M13,0.039,F,CN2401100000000,03,U,24,"Caroline County, MD",unemployment rate
LAUCN240130000000003,2025,M13,0.031,F,CN2401300000000,03,U,24,"Carroll County, MD",unemployment rate
LAUCN240150000000003,2025,M13,0.042,F,CN2401500000000,03,U,24,"Cecil County, MD",unemployment rate
LAUCN240170000000003,2025,M13,0.042,F,CN2401700000000,03,U,24,"Charles County, MD",unemployment rate
LAUCN240190000000003,2025,M13,0.044000000000000004,F,CN2401900000000,03,U,24,"Dorchester County, MD",unemployment rate
LAUCN240210000000003,2025,M13,0.035,F,CN2402100000000,03,U,24,"Frederick County, MD",unemployment rate
LAUCN240230000000003,2025,M13,0.043,F,CN2402300000000,03,U,24,"Garrett County, MD",unemployment rate
LAUCN240250000000003,2025,M13,0.036000000000000004,F,CN2402500000000,03,U,24,"Harford County, MD",unemployment rate
LAUCN240270000000003,2025,M13,0.035,F,CN2402700000000,03,U,24,"Howard County, MD",unemployment rate
LAUCN240290000000003,2025,M13,0.043,F,CN2402900000000,03,U,24,"Kent County, MD",unemployment rate
LAUCN240310000000003,2025,M13,0.037000000000000005,F,CN2403100000000,03,U,24,"Montgomery County, MD",unemployment rate
LAUCN240330000000003,2025,M13,0.044000000000000004,F,CN2403300000000,03,U,24,"Prince George's County, MD",unemployment rate
LAUCN240350000000003,2025,M13,0.031,F,CN2403500000000,03,U,24,"Queen Anne's County, MD",unemployment rate
LAUCN240370000000003,2025,M13,0.034,F,CN2403700000000,03,U,24,"St. Mary's County, MD",unemployment rate
LAUCN240390000000003,2025,M13,0.048,F,CN2403900000000,03,U,24,"Somerset County, MD",unemployment rate
LAUCN240410000000003,2025,M13,0.04,F,CN2404100000000,03,U,24,"Talbot County, MD",unemployment rate
LAUCN240430000000003,2025,M13,0.043,F,CN2404300000000,03,U,24,"Washington County, MD",unemployment rate
LAUCN240450000000003,2025,M13,0.043,F,CN2404500000000,03,U,24,"Wicomico County, MD",unemployment rate
LAUCN240470000000003,2025,M13,0.053,F,CN2404700000000,03,U,24,"Worcester County, MD",unemployment rate
LAUCN245100000000003,2025,M13,0.052000000000000005,F,CN2451000000000,03,U,24,"Baltimore city, MD",unemployment rate
LAUCN250010000000003,2025,M13,0.052000000000000005,F,CN2500100000000,03,U,25,"Barnstable County, MA",unemployment rate
LAUCN250030000000003,2025,M13,0.044000000000000004,F,CN2500300000000,03,U,25,"Berkshire County, MA",unemployment rate
LAUCN250050000000003,2025,M13,0.051,F,CN2500500000000,03,U,25,"Bristol County, MA",unemployment rate
LAUCN250070000000003,2025,M13,0.053,F,CN2500700000000,03,U,25,"Dukes County, MA",unemployment rate
LAUCN250090000000003,2025,M13,0.046,F,CN2500900000000,03,U,25,"Essex County, MA",unemployment rate
LAUCN250110000000003,2025,M13,0.040999999999999995,F,CN2501100000000,03,U,25,"Franklin County, MA",unemployment rate
LAUCN250130000000003,2025,M13,0.055,F,CN2501300000000,03,U,25,"Hampden County, MA",unemployment rate
LAUCN250150000000003,2025,M13,0.042,F,CN2501500000000,03,U,25,"Hampshire County, MA",unemployment rate
LAUCN250170000000003,2025,M13,0.040999999999999995,F,CN2501700000000,03,U,25,"Middlesex County, MA",unemployment rate
LAUCN250190000000003,2025,M13,0.07200000000000001,F,CN2501900000000,03,U,25,"Nantucket County/town, MA",unemployment rate
LAUCN250210000000003,2025,M13,0.040999999999999995,F,CN2502100000000,03,U,25,"Norfolk County, MA",unemployment rate
LAUCN250230000000003,2025,M13,0.046,F,CN2502300000000,03,U,25,"Plymouth County, MA",unemployment rate
LAUCN250250000000003,2025,M13,0.044000000000000004,F,CN2502500000000,03,U,25,"Suffolk County, MA",unemployment rate
LAUCN250270000000003,2025,M13,0.046,F,CN2502700000000,03,U,25,"Worcester County, MA",unemployment rate
LAUCN260010000000003,2025,M13,0.095,F,CN2600100000000,03,U,26,"Alcona County, MI",unemployment rate
LAUCN260030000000003,2025,M13,0.085,F,CN2600300000000,03,U,26,"Alger County, MI",unemployment rate
LAUCN260050000000003,2025,M13,0.045,F,CN2600500000000,03,U,26,"Allegan County, MI",unemployment rate
LAUCN260070000000003,2025,M13,0.057,F,CN2600700000000,03,U,26,"Alpena County, MI",unemployment rate
LAUCN260090000000003,2025,M13,0.062,F,CN2600900000000,03,U,26,"Antrim County, MI",unemployment rate
LAUCN260110000000003,2025,M13,0.078,F,CN2601100000000,03,U,26,"Arenac County, MI",unemployment rate
LAUCN260130000000003,2025,M13,0.076,F,CN2601300000000,03,U,26,"Baraga County, MI",unemployment rate
LAUCN260150000000003,2025,M13,0.05,F,CN2601500000000,03,U,26,"Barry County, MI",unemployment rate
LAUCN260170000000003,2025,M13,0.061,F,CN2601700000000,03,U,26,"Bay County, MI",unemployment rate
LAUCN260190000000003,2025,M13,0.057,F,CN2601900000000,03,U,26,"Benzie County, MI",unemployment rate
LAUCN260210000000003,2025,M13,0.053,F,CN2602100000000,03,U,26,"Berrien County, MI",unemployment rate
LAUCN260230000000003,2025,M13,0.045,F,CN2602300000000,03,U,26,"Branch County, MI",unemployment rate
LAUCN260250000000003,2025,M13,0.057,F,CN2602500000000,03,U,26,"Calhoun County, MI",unemployment rate
LAUCN260270000000003,2025,M13,0.052000000000000005,F,CN2602700000000,03,U,26,"Cass County, MI",unemployment rate
LAUCN260290000000003,2025,M13,0.052000000000000005,F,CN2602900000000,03,U,26,"Charlevoix County, MI",unemployment rate
LAUCN260310000000003,2025,M13,0.091,F,CN2603100000000,03,U,26,"Cheboygan County, MI",unemployment rate
LAUCN260330000000003,2025,M13,0.071,F,CN2603300000000,03,U,26,"Chippewa County, MI",unemployment rate
LAUCN260350000000003,2025,M13,0.077,F,CN2603500000000,03,U,26,"Clare County, MI",unemployment rate
LAUCN260370000000003,2025,M13,0.042,F,CN2603700000000,03,U,26,"Clinton County, MI",unemployment rate
LAUCN260390000000003,2025,M13,0.07200000000000001,F,CN2603900000000,03,U,26,"Crawford County, MI",unemployment rate
LAUCN260410000000003,2025,M13,0.065,F,CN2604100000000,03,U,26,"Delta County, MI",unemployment rate
LAUCN260430000000003,2025,M13,0.051,F,CN2604300000000,03,U,26,"Dickinson County, MI",unemployment rate
LAUCN260450000000003,2025,M13,0.047,F,CN2604500000000,03,U,26,"Eaton County, MI",unemployment rate
LAUCN260470000000003,2025,M13,0.062,F,CN2604700000000,03,U,26,"Emmet County, MI",unemployment rate
LAUCN260490000000003,2025,M13,0.064,F,CN2604900000000,03,U,26,"Genesee County, MI",unemployment rate
LAUCN260510000000003,2025,M13,0.07,F,CN2605100000000,03,U,26,"Gladwin County, MI",unemployment rate
LAUCN260530000000003,2025,M13,0.064,F,CN2605300000000,03,U,26,"Gogebic County, MI",unemployment rate
LAUCN260550000000003,2025,M13,0.040999999999999995,F,CN2605500000000,03,U,26,"Grand Traverse County, MI",unemployment rate
LAUCN260570000000003,2025,M13,0.055999999999999994,F,CN2605700000000,03,U,26,"Gratiot County, MI",unemployment rate
LAUCN260590000000003,2025,M13,0.054000000000000006,F,CN2605900000000,03,U,26,"Hillsdale County, MI",unemployment rate
LAUCN260610000000003,2025,M13,0.057,F,CN2606100000000,03,U,26,"Houghton County, MI",unemployment rate
LAUCN260630000000003,2025,M13,0.062,F,CN2606300000000,03,U,26,"Huron County, MI",unemployment rate
LAUCN260650000000003,2025,M13,0.05,F,CN2606500000000,03,U,26,"Ingham County, MI",unemployment rate
LAUCN260670000000003,2025,M13,0.048,F,CN2606700000000,03,U,26,"Ionia County, MI",unemployment rate
LAUCN260690000000003,2025,M13,0.08199999999999999,F,CN2606900000000,03,U,26,"Iosco County, MI",unemployment rate
LAUCN260710000000003,2025,M13,0.081,F,CN2607100000000,03,U,26,"Iron County, MI",unemployment rate
LAUCN260730000000003,2025,M13,0.055999999999999994,F,CN2607300000000,03,U,26,"Isabella County, MI",unemployment rate
LAUCN260750000000003,2025,M13,0.054000000000000006,F,CN2607500000000,03,U,26,"Jackson County, MI",unemployment rate
LAUCN260770000000003,2025,M13,0.046,F,CN2607700000000,03,U,26,"Kalamazoo County, MI",unemployment rate
LAUCN260790000000003,2025,M13,0.061,F,CN2607900000000,03,U,26,"Kalkaska County, MI",unemployment rate
LAUCN260810000000003,2025,M13,0.044000000000000004,F,CN2608100000000,03,U,26,"Kent County, MI",unemployment rate
LAUCN260830000000003,2025,M13,0.067,F,CN2608300000000,03,U,26,"Keweenaw County, MI",unemployment rate
LAUCN260850000000003,2025,M13,0.076,F,CN2608500000000,03,U,26,"Lake County, MI",unemployment rate
LAUCN260870000000003,2025,M13,0.052000000000000005,F,CN2608700000000,03,U,26,"Lapeer County, MI",unemployment rate
LAUCN260890000000003,2025,M13,0.047,F,CN2608900000000,03,U,26,"Leelanau County, MI",unemployment rate
LAUCN260910000000003,2025,M13,0.052000000000000005,F,CN2609100000000,03,U,26,"Lenawee County, MI",unemployment rate
LAUCN260930000000003,2025,M13,0.036000000000000004,F,CN2609300000000,03,U,26,"Livingston County, MI",unemployment rate
LAUCN260950000000003,2025,M13,0.078,F,CN2609500000000,03,U,26,"Luce County, MI",unemployment rate
LAUCN260970000000003,2025,M13,0.10800000000000001,F,CN2609700000000,03,U,26,"Mackinac County, MI",unemployment rate
LAUCN260990000000003,2025,M13,0.049,F,CN2609900000000,03,U,26,"Macomb County, MI",unemployment rate
LAUCN261010000000003,2025,M13,0.066,F,CN2610100000000,03,U,26,"Manistee County, MI",unemployment rate
LAUCN261030000000003,2025,M13,0.057999999999999996,F,CN2610300000000,03,U,26,"Marquette County, MI",unemployment rate
LAUCN261050000000003,2025,M13,0.064,F,CN2610500000000,03,U,26,"Mason County, MI",unemployment rate
LAUCN261070000000003,2025,M13,0.068,F,CN2610700000000,03,U,26,"Mecosta County, MI",unemployment rate
LAUCN261090000000003,2025,M13,0.047,F,CN2610900000000,03,U,26,"Menominee County, MI",unemployment rate
LAUCN261110000000003,2025,M13,0.049,F,CN2611100000000,03,U,26,"Midland County, MI",unemployment rate
LAUCN261130000000003,2025,M13,0.057,F,CN2611300000000,03,U,26,"Missaukee County, MI",unemployment rate
LAUCN261150000000003,2025,M13,0.055,F,CN2611500000000,03,U,26,"Monroe County, MI",unemployment rate
LAUCN261170000000003,2025,M13,0.051,F,CN2611700000000,03,U,26,"Montcalm County, MI",unemployment rate
LAUCN261190000000003,2025,M13,0.08199999999999999,F,CN2611900000000,03,U,26,"Montmorency County, MI",unemployment rate
LAUCN261210000000003,2025,M13,0.057,F,CN2612100000000,03,U,26,"Muskegon County, MI",unemployment rate
LAUCN261230000000003,2025,M13,0.057,F,CN2612300000000,03,U,26,"Newaygo County, MI",unemployment rate
LAUCN261250000000003,2025,M13,0.039,F,CN2612500000000,03,U,26,"Oakland County, MI",unemployment rate
LAUCN261270000000003,2025,M13,0.07400000000000001,F,CN2612700000000,03,U,26,"Oceana County, MI",unemployment rate
LAUCN261290000000003,2025,M13,0.08900000000000001,F,CN2612900000000,03,U,26,"Ogemaw County, MI",unemployment rate
LAUCN261310000000003,2025,M13,0.076,F,CN2613100000000,03,U,26,"Ontonagon County, MI",unemployment rate
LAUCN261330000000003,2025,M13,0.071,F,CN2613300000000,03,U,26,"Osceola County, MI",unemployment rate
LAUCN261350000000003,2025,M13,0.11,F,CN2613500000000,03,U,26,"Oscoda County, MI",unemployment rate
LAUCN261370000000003,2025,M13,0.059000000000000004,F,CN2613700000000,03,U,26,"Otsego County, MI",unemployment rate
LAUCN261390000000003,2025,M13,0.042,F,CN2613900000000,03,U,26,"Ottawa County, MI",unemployment rate
LAUCN261410000000003,2025,M13,0.09699999999999999,F,CN2614100000000,03,U,26,"Presque Isle County, MI",unemployment rate
LAUCN261430000000003,2025,M13,0.08900000000000001,F,CN2614300000000,03,U,26,"Roscommon County, MI",unemployment rate
LAUCN261450000000003,2025,M13,0.065,F,CN2614500000000,03,U,26,"Saginaw County, MI",unemployment rate
LAUCN261470000000003,2025,M13,0.05,F,CN2614700000000,03,U,26,"St. Clair County, MI",unemployment rate
LAUCN261490000000003,2025,M13,0.052000000000000005,F,CN2614900000000,03,U,26,"St. Joseph County, MI",unemployment rate
LAUCN261510000000003,2025,M13,0.069,F,CN2615100000000,03,U,26,"Sanilac County, MI",unemployment rate
LAUCN261530000000003,2025,M13,0.085,F,CN2615300000000,03,U,26,"Schoolcraft County, MI",unemployment rate
LAUCN261550000000003,2025,M13,0.055,F,CN2615500000000,03,U,26,"Shiawassee County, MI",unemployment rate
LAUCN261570000000003,2025,M13,0.064,F,CN2615700000000,03,U,26,"Tuscola County, MI",unemployment rate
LAUCN261590000000003,2025,M13,0.055999999999999994,F,CN2615900000000,03,U,26,"Van Buren County, MI",unemployment rate
LAUCN261610000000003,2025,M13,0.043,F,CN2616100000000,03,U,26,"Washtenaw County, MI",unemployment rate
LAUCN261630000000003,2025,M13,0.06,F,CN2616300000000,03,U,26,"Wayne County, MI",unemployment rate
LAUCN261650000000003,2025,M13,0.061,F,CN2616500000000,03,U,26,"Wexford County, MI",unemployment rate
LAUCN270010000000003,2025,M13,0.067,F,CN2700100000000,03,U,27,"Aitkin County, MN",unemployment rate
LAUCN270030000000003,2025,M13,0.039,F,CN2700300000000,03,U,27,"Anoka County, MN",unemployment rate
LAUCN270050000000003,2025,M13,0.045,F,CN2700500000000,03,U,27,"Becker County, MN",unemployment rate
LAUCN270070000000003,2025,M13,0.051,F,CN2700700000000,03,U,27,"Beltrami County, MN",unemployment rate
LAUCN270090000000003,2025,M13,0.047,F,CN2700900000000,03,U,27,"Benton County, MN",unemployment rate
LAUCN270110000000003,2025,M13,0.042,F,CN2701100000000,03,U,27,"Big Stone County, MN",unemployment rate
LAUCN270130000000003,2025,M13,0.034,F,CN2701300000000,03,U,27,"Blue Earth County, MN",unemployment rate
LAUCN270150000000003,2025,M13,0.039,F,CN2701500000000,03,U,27,"Brown County, MN",unemployment rate
LAUCN270170000000003,2025,M13,0.051,F,CN2701700000000,03,U,27,"Carlton County, MN",unemployment rate
LAUCN270190000000003,2025,M13,0.034,F,CN2701900000000,03,U,27,"Carver County, MN",unemployment rate
LAUCN270210000000003,2025,M13,0.063,F,CN2702100000000,03,U,27,"Cass County, MN",unemployment rate
LAUCN270230000000003,2025,M13,0.044000000000000004,F,CN2702300000000,03,U,27,"Chippewa County, MN",unemployment rate
LAUCN270250000000003,2025,M13,0.044000000000000004,F,CN2702500000000,03,U,27,"Chisago County, MN",unemployment rate
LAUCN270270000000003,2025,M13,0.034,F,CN2702700000000,03,U,27,"Clay County, MN",unemployment rate
LAUCN270290000000003,2025,M13,0.086,F,CN2702900000000,03,U,27,"Clearwater County, MN",unemployment rate
LAUCN270310000000003,2025,M13,0.049,F,CN2703100000000,03,U,27,"Cook County, MN",unemployment rate
LAUCN270330000000003,2025,M13,0.047,F,CN2703300000000,03,U,27,"Cottonwood County, MN",unemployment rate
LAUCN270350000000003,2025,M13,0.048,F,CN2703500000000,03,U,27,"Crow Wing County, MN",unemployment rate
LAUCN270370000000003,2025,M13,0.036000000000000004,F,CN2703700000000,03,U,27,"Dakota County, MN",unemployment rate
LAUCN270390000000003,2025,M13,0.038,F,CN2703900000000,03,U,27,"Dodge County, MN",unemployment rate
LAUCN270410000000003,2025,M13,0.036000000000000004,F,CN2704100000000,03,U,27,"Douglas County, MN",unemployment rate
LAUCN270430000000003,2025,M13,0.045,F,CN2704300000000,03,U,27,"Faribault County, MN",unemployment rate
LAUCN270450000000003,2025,M13,0.037000000000000005,F,CN2704500000000,03,U,27,"Fillmore County, MN",unemployment rate
LAUCN270470000000003,2025,M13,0.039,F,CN2704700000000,03,U,27,"Freeborn County, MN",unemployment rate
LAUCN270490000000003,2025,M13,0.039,F,CN2704900000000,03,U,27,"Goodhue County, MN",unemployment rate
LAUCN270510000000003,2025,M13,0.05,F,CN2705100000000,03,U,27,"Grant County, MN",unemployment rate
LAUCN270530000000003,2025,M13,0.036000000000000004,F,CN2705300000000,03,U,27,"Hennepin County, MN",unemployment rate
LAUCN270550000000003,2025,M13,0.033,F,CN2705500000000,03,U,27,"Houston County, MN",unemployment rate
LAUCN270570000000003,2025,M13,0.059000000000000004,F,CN2705700000000,03,U,27,"Hubbard County, MN",unemployment rate
LAUCN270590000000003,2025,M13,0.051,F,CN2705900000000,03,U,27,"Isanti County, MN",unemployment rate
LAUCN270610000000003,2025,M13,0.062,F,CN2706100000000,03,U,27,"Itasca County, MN",unemployment rate
LAUCN270630000000003,2025,M13,0.040999999999999995,F,CN2706300000000,03,U,27,"Jackson County, MN",unemployment rate
LAUCN270650000000003,2025,M13,0.076,F,CN2706500000000,03,U,27,"Kanabec County, MN",unemployment rate
LAUCN270670000000003,2025,M13,0.042,F,CN2706700000000,03,U,27,"Kandiyohi County, MN",unemployment rate
LAUCN270690000000003,2025,M13,0.039,F,CN2706900000000,03,U,27,"Kittson County, MN",unemployment rate
LAUCN270710000000003,2025,M13,0.053,F,CN2707100000000,03,U,27,"Koochiching County, MN",unemployment rate
LAUCN270730000000003,2025,M13,0.034,F,CN2707300000000,03,U,27,"Lac qui Parle County, MN",unemployment rate
LAUCN270750000000003,2025,M13,0.042,F,CN2707500000000,03,U,27,"Lake County, MN",unemployment rate
LAUCN270770000000003,2025,M13,0.05,F,CN2707700000000,03,U,27,"Lake of the Woods County, MN",unemployment rate
LAUCN270790000000003,2025,M13,0.052000000000000005,F,CN2707900000000,03,U,27,"Le Sueur County, MN",unemployment rate
LAUCN270810000000003,2025,M13,0.045,F,CN2708100000000,03,U,27,"Lincoln County, MN",unemployment rate
LAUCN270830000000003,2025,M13,0.039,F,CN2708300000000,03,U,27,"Lyon County, MN",unemployment rate
LAUCN270850000000003,2025,M13,0.043,F,CN2708500000000,03,U,27,"McLeod County, MN",unemployment rate
LAUCN270870000000003,2025,M13,0.06,F,CN2708700000000,03,U,27,"Mahnomen County, MN",unemployment rate
LAUCN270890000000003,2025,M13,0.06,F,CN2708900000000,03,U,27,"Marshall County, MN",unemployment rate
LAUCN270910000000003,2025,M13,0.04,F,CN2709100000000,03,U,27,"Martin County, MN",unemployment rate
LAUCN270930000000003,2025,M13,0.047,F,CN2709300000000,03,U,27,"Meeker County, MN",unemployment rate
LAUCN270950000000003,2025,M13,0.062,F,CN2709500000000,03,U,27,"Mille Lacs County, MN",unemployment rate
LAUCN270970000000003,2025,M13,0.057,F,CN2709700000000,03,U,27,"Morrison County, MN",unemployment rate
LAUCN270990000000003,2025,M13,0.037000000000000005,F,CN2709900000000,03,U,27,"Mower County, MN",unemployment rate
LAUCN271010000000003,2025,M13,0.05,F,CN2710100000000,03,U,27,"Murray County, MN",unemployment rate
LAUCN271030000000003,2025,M13,0.032,F,CN2710300000000,03,U,27,"Nicollet County, MN",unemployment rate
LAUCN271050000000003,2025,M13,0.035,F,CN2710500000000,03,U,27,"Nobles County, MN",unemployment rate
LAUCN271070000000003,2025,M13,0.039,F,CN2710700000000,03,U,27,"Norman County, MN",unemployment rate
LAUCN271090000000003,2025,M13,0.031,F,CN2710900000000,03,U,27,"Olmsted County, MN",unemployment rate
LAUCN271110000000003,2025,M13,0.046,F,CN2711100000000,03,U,27,"Otter Tail County, MN",unemployment rate
LAUCN271130000000003,2025,M13,0.057,F,CN2711300000000,03,U,27,"Pennington County, MN",unemployment rate
LAUCN271150000000003,2025,M13,0.07200000000000001,F,CN2711500000000,03,U,27,"Pine County, MN",unemployment rate
LAUCN271170000000003,2025,M13,0.040999999999999995,F,CN2711700000000,03,U,27,"Pipestone County, MN",unemployment rate
LAUCN271190000000003,2025,M13,0.042,F,CN2711900000000,03,U,27,"Polk County, MN",unemployment rate
LAUCN271210000000003,2025,M13,0.04,F,CN2712100000000,03,U,27,"Pope County, MN",unemployment rate
LAUCN271230000000003,2025,M13,0.038,F,CN2712300000000,03,U,27,"Ramsey County, MN",unemployment rate
LAUCN271250000000003,2025,M13,0.064,F,CN2712500000000,03,U,27,"Red Lake County, MN",unemployment rate
LAUCN271270000000003,2025,M13,0.039,F,CN2712700000000,03,U,27,"Redwood County, MN",unemployment rate
LAUCN271290000000003,2025,M13,0.055999999999999994,F,CN2712900000000,03,U,27,"Renville County, MN",unemployment rate
LAUCN271310000000003,2025,M13,0.039,F,CN2713100000000,03,U,27,"Rice County, MN",unemployment rate
LAUCN271330000000003,2025,M13,0.028999999999999998,F,CN2713300000000,03,U,27,"Rock County, MN",unemployment rate
LAUCN271350000000003,2025,M13,0.044000000000000004,F,CN2713500000000,03,U,27,"Roseau County, MN",unemployment rate
LAUCN271370000000003,2025,M13,0.046,F,CN2713700000000,03,U,27,"St. Louis County, MN",unemployment rate
LAUCN271390000000003,2025,M13,0.034,F,CN2713900000000,03,U,27,"Scott County, MN",unemployment rate
LAUCN271410000000003,2025,M13,0.040999999999999995,F,CN2714100000000,03,U,27,"Sherburne County, MN",unemployment rate
LAUCN271430000000003,2025,M13,0.046,F,CN2714300000000,03,U,27,"Sibley County, MN",unemployment rate
LAUCN271450000000003,2025,M13,0.04,F,CN2714500000000,03,U,27,"Stearns County, MN",unemployment rate
LAUCN271470000000003,2025,M13,0.046,F,CN2714700000000,03,U,27,"Steele County, MN",unemployment rate
LAUCN271490000000003,2025,M13,0.031,F,CN2714900000000,03,U,27,"Stevens County, MN",unemployment rate
LAUCN271510000000003,2025,M13,0.051,F,CN2715100000000,03,U,27,"Swift County, MN",unemployment rate
LAUCN271530000000003,2025,M13,0.053,F,CN2715300000000,03,U,27,"Todd County, MN",unemployment rate
LAUCN271550000000003,2025,M13,0.034,F,CN2715500000000,03,U,27,"Traverse County, MN",unemployment rate
LAUCN271570000000003,2025,M13,0.037000000000000005,F,CN2715700000000,03,U,27,"Wabasha County, MN",unemployment rate
LAUCN271590000000003,2025,M13,0.06,F,CN2715900000000,03,U,27,"Wadena County, MN",unemployment rate
LAUCN271610000000003,2025,M13,0.046,F,CN2716100000000,03,U,27,"Waseca County, MN",unemployment rate
LAUCN271630000000003,2025,M13,0.034,F,CN2716300000000,03,U,27,"Washington County, MN",unemployment rate
LAUCN271650000000003,2025,M13,0.04,F,CN2716500000000,03,U,27,"Watonwan County, MN",unemployment rate
LAUCN271670000000003,2025,M13,0.036000000000000004,F,CN2716700000000,03,U,27,"Wilkin County, MN",unemployment rate
LAUCN271690000000003,2025,M13,0.032,F,CN2716900000000,03,U,27,"Winona County, MN",unemployment rate
LAUCN271710000000003,2025,M13,0.038,F,CN2717100000000,03,U,27,"Wright County, MN",unemployment rate
LAUCN271730000000003,2025,M13,0.042,F,CN2717300000000,03,U,27,"Yellow Medicine County, MN",unemployment rate
LAUCN280010000000003,2025,M13,0.057,F,CN2800100000000,03,U,28,"Adams County, MS",unemployment rate
LAUCN280030000000003,2025,M13,0.035,F,CN2800300000000,03,U,28,"Alcorn County, MS",unemployment rate
LAUCN280050000000003,2025,M13,0.048,F,CN2800500000000,03,U,28,"Amite County, MS",unemployment rate
LAUCN280070000000003,2025,M13,0.04,F,CN2800700000000,03,U,28,"Attala County, MS",unemployment rate
LAUCN280090000000003,2025,M13,0.04,F,CN2800900000000,03,U,28,"Benton County, MS",unemployment rate
LAUCN280110000000003,2025,M13,0.048,F,CN2801100000000,03,U,28,"Bolivar County, MS",unemployment rate
LAUCN280130000000003,2025,M13,0.035,F,CN2801300000000,03,U,28,"Calhoun County, MS",unemployment rate
LAUCN280150000000003,2025,M13,0.042,F,CN2801500000000,03,U,28,"Carroll County, MS",unemployment rate
LAUCN280170000000003,2025,M13,0.049,F,CN2801700000000,03,U,28,"Chickasaw County, MS",unemployment rate
LAUCN280190000000003,2025,M13,0.044000000000000004,F,CN2801900000000,03,U,28,"Choctaw County, MS",unemployment rate
LAUCN280210000000003,2025,M13,0.09,F,CN2802100000000,03,U,28,"Claiborne County, MS",unemployment rate
LAUCN280230000000003,2025,M13,0.040999999999999995,F,CN2802300000000,03,U,28,"Clarke County, MS",unemployment rate
LAUCN280250000000003,2025,M13,0.046,F,CN2802500000000,03,U,28,"Clay County, MS",unemployment rate
LAUCN280270000000003,2025,M13,0.068,F,CN2802700000000,03,U,28,"Coahoma County, MS",unemployment rate
LAUCN280290000000003,2025,M13,0.04,F,CN2802900000000,03,U,28,"Copiah County, MS",unemployment rate
LAUCN280310000000003,2025,M13,0.038,F,CN2803100000000,03,U,28,"Covington County, MS",unemployment rate
LAUCN280330000000003,2025,M13,0.036000000000000004,F,CN2803300000000,03,U,28,"DeSoto County, MS",unemployment rate
LAUCN280350000000003,2025,M13,0.036000000000000004,F,CN2803500000000,03,U,28,"Forrest County, MS",unemployment rate
LAUCN280370000000003,2025,M13,0.051,F,CN2803700000000,03,U,28,"Franklin County, MS",unemployment rate
LAUCN280390000000003,2025,M13,0.051,F,CN2803900000000,03,U,28,"George County, MS",unemployment rate
LAUCN280410000000003,2025,M13,0.069,F,CN2804100000000,03,U,28,"Greene County, MS",unemployment rate
LAUCN280430000000003,2025,M13,0.042,F,CN2804300000000,03,U,28,"Grenada County, MS",unemployment rate
LAUCN280450000000003,2025,M13,0.032,F,CN2804500000000,03,U,28,"Hancock County, MS",unemployment rate
LAUCN280470000000003,2025,M13,0.035,F,CN2804700000000,03,U,28,"Harrison County, MS",unemployment rate
LAUCN280490000000003,2025,M13,0.039,F,CN2804900000000,03,U,28,"Hinds County, MS",unemployment rate
LAUCN280510000000003,2025,M13,0.066,F,CN2805100000000,03,U,28,"Holmes County, MS",unemployment rate
LAUCN280530000000003,2025,M13,0.063,F,CN2805300000000,03,U,28,"Humphreys County, MS",unemployment rate
LAUCN280550000000003,2025,M13,0.09300000000000001,F,CN2805500000000,03,U,28,"Issaquena County, MS",unemployment rate
LAUCN280570000000003,2025,M13,0.034,F,CN2805700000000,03,U,28,"Itawamba County, MS",unemployment rate
LAUCN280590000000003,2025,M13,0.037000000000000005,F,CN2805900000000,03,U,28,"Jackson County, MS",unemployment rate
LAUCN280610000000003,2025,M13,0.04,F,CN2806100000000,03,U,28,"Jasper County, MS",unemployment rate
LAUCN280630000000003,2025,M13,0.10400000000000001,F,CN2806300000000,03,U,28,"Jefferson County, MS",unemployment rate
LAUCN280650000000003,2025,M13,0.038,F,CN2806500000000,03,U,28,"Jefferson Davis County, MS",unemployment rate
LAUCN280670000000003,2025,M13,0.031,F,CN2806700000000,03,U,28,"Jones County, MS",unemployment rate
LAUCN280690000000003,2025,M13,0.05,F,CN2806900000000,03,U,28,"Kemper County, MS",unemployment rate
LAUCN280710000000003,2025,M13,0.032,F,CN2807100000000,03,U,28,"Lafayette County, MS",unemployment rate
LAUCN280730000000003,2025,M13,0.033,F,CN2807300000000,03,U,28,"Lamar County, MS",unemployment rate
LAUCN280750000000003,2025,M13,0.038,F,CN2807500000000,03,U,28,"Lauderdale County, MS",unemployment rate
LAUCN280770000000003,2025,M13,0.040999999999999995,F,CN2807700000000,03,U,28,"Lawrence County, MS",unemployment rate
LAUCN280790000000003,2025,M13,0.034,F,CN2807900000000,03,U,28,"Leake County, MS",unemployment rate
LAUCN280810000000003,2025,M13,0.035,F,CN2808100000000,03,U,28,"Lee County, MS",unemployment rate
LAUCN280830000000003,2025,M13,0.062,F,CN2808300000000,03,U,28,"Leflore County, MS",unemployment rate
LAUCN280850000000003,2025,M13,0.04,F,CN2808500000000,03,U,28,"Lincoln County, MS",unemployment rate
LAUCN280870000000003,2025,M13,0.039,F,CN2808700000000,03,U,28,"Lowndes County, MS",unemployment rate
LAUCN280890000000003,2025,M13,0.031,F,CN2808900000000,03,U,28,"Madison County, MS",unemployment rate
LAUCN280910000000003,2025,M13,0.040999999999999995,F,CN2809100000000,03,U,28,"Marion County, MS",unemployment rate
LAUCN280930000000003,2025,M13,0.044000000000000004,F,CN2809300000000,03,U,28,"Marshall County, MS",unemployment rate
LAUCN280950000000003,2025,M13,0.047,F,CN2809500000000,03,U,28,"Monroe County, MS",unemployment rate
LAUCN280970000000003,2025,M13,0.04,F,CN2809700000000,03,U,28,"Montgomery County, MS",unemployment rate
LAUCN280990000000003,2025,M13,0.036000000000000004,F,CN2809900000000,03,U,28,"Neshoba County, MS",unemployment rate
LAUCN281010000000003,2025,M13,0.037000000000000005,F,CN2810100000000,03,U,28,"Newton County, MS",unemployment rate
LAUCN281030000000003,2025,M13,0.048,F,CN2810300000000,03,U,28,"Noxubee County, MS",unemployment rate
LAUCN281050000000003,2025,M13,0.040999999999999995,F,CN2810500000000,03,U,28,"Oktibbeha County, MS",unemployment rate
LAUCN281070000000003,2025,M13,0.046,F,CN2810700000000,03,U,28,"Panola County, MS",unemployment rate
LAUCN281090000000003,2025,M13,0.037000000000000005,F,CN2810900000000,03,U,28,"Pearl River County, MS",unemployment rate
LAUCN281110000000003,2025,M13,0.044000000000000004,F,CN2811100000000,03,U,28,"Perry County, MS",unemployment rate
LAUCN281130000000003,2025,M13,0.05,F,CN2811300000000,03,U,28,"Pike County, MS",unemployment rate
LAUCN281150000000003,2025,M13,0.038,F,CN2811500000000,03,U,28,"Pontotoc County, MS",unemployment rate
LAUCN281170000000003,2025,M13,0.036000000000000004,F,CN2811700000000,03,U,28,"Prentiss County, MS",unemployment rate
LAUCN281190000000003,2025,M13,0.05,F,CN2811900000000,03,U,28,"Quitman County, MS",unemployment rate
LAUCN281210000000003,2025,M13,0.027999999999999997,F,CN2812100000000,03,U,28,"Rankin County, MS",unemployment rate
LAUCN281230000000003,2025,M13,0.033,F,CN2812300000000,03,U,28,"Scott County, MS",unemployment rate
LAUCN281250000000003,2025,M13,0.057999999999999996,F,CN2812500000000,03,U,28,"Sharkey County, MS",unemployment rate
LAUCN281270000000003,2025,M13,0.036000000000000004,F,CN2812700000000,03,U,28,"Simpson County, MS",unemployment rate
LAUCN281290000000003,2025,M13,0.035,F,CN2812900000000,03,U,28,"Smith County, MS",unemployment rate
LAUCN281310000000003,2025,M13,0.04,F,CN2813100000000,03,U,28,"Stone County, MS",unemployment rate
LAUCN281330000000003,2025,M13,0.048,F,CN2813300000000,03,U,28,"Sunflower County, MS",unemployment rate
LAUCN281350000000003,2025,M13,0.036000000000000004,F,CN2813500000000,03,U,28,"Tallahatchie County, MS",unemployment rate
LAUCN281370000000003,2025,M13,0.037000000000000005,F,CN2813700000000,03,U,28,"Tate County, MS",unemployment rate
LAUCN281390000000003,2025,M13,0.036000000000000004,F,CN2813900000000,03,U,28,"Tippah County, MS",unemployment rate
LAUCN281410000000003,2025,M13,0.038,F,CN2814100000000,03,U,28,"Tishomingo County, MS",unemployment rate
LAUCN281430000000003,2025,M13,0.052000000000000005,F,CN2814300000000,03,U,28,"Tunica County, MS",unemployment rate
LAUCN281450000000003,2025,M13,0.032,F,CN2814500000000,03,U,28,"Union County, MS",unemployment rate
LAUCN281470000000003,2025,M13,0.047,F,CN2814700000000,03,U,28,"Walthall County, MS",unemployment rate
LAUCN281490000000003,2025,M13,0.043,F,CN2814900000000,03,U,28,"Warren County, MS",unemployment rate
LAUCN281510000000003,2025,M13,0.052000000000000005,F,CN2815100000000,03,U,28,"Washington County, MS",unemployment rate
LAUCN281530000000003,2025,M13,0.042,F,CN2815300000000,03,U,28,"Wayne County, MS",unemployment rate
LAUCN281550000000003,2025,M13,0.033,F,CN2815500000000,03,U,28,"Webster County, MS",unemployment rate
LAUCN281570000000003,2025,M13,0.06,F,CN2815700000000,03,U,28,"Wilkinson County, MS",unemployment rate
LAUCN281590000000003,2025,M13,0.04,F,CN2815900000000,03,U,28,"Winston County, MS",unemployment rate
LAUCN281610000000003,2025,M13,0.038,F,CN2816100000000,03,U,28,"Yalobusha County, MS",unemployment rate
LAUCN281630000000003,2025,M13,0.048,F,CN2816300000000,03,U,28,"Yazoo County, MS",unemployment rate
LAUCN290010000000003,2025,M13,0.047,F,CN2900100000000,03,U,29,"Adair County, MO",unemployment rate
LAUCN290030000000003,2025,M13,0.037000000000000005,F,CN2900300000000,03,U,29,"Andrew County, MO",unemployment rate
LAUCN290050000000003,2025,M13,0.032,F,CN2900500000000,03,U,29,"Atchison County, MO",unemployment rate
LAUCN290070000000003,2025,M13,0.039,F,CN2900700000000,03,U,29,"Audrain County, MO",unemployment rate
LAUCN290090000000003,2025,M13,0.044000000000000004,F,CN2900900000000,03,U,29,"Barry County, MO",unemployment rate
LAUCN290110000000003,2025,M13,0.040999999999999995,F,CN2901100000000,03,U,29,"Barton County, MO",unemployment rate
LAUCN290130000000003,2025,M13,0.04,F,CN2901300000000,03,U,29,"Bates County, MO",unemployment rate
LAUCN290150000000003,2025,M13,0.054000000000000006,F,CN2901500000000,03,U,29,"Benton County, MO",unemployment rate
LAUCN290170000000003,2025,M13,0.039,F,CN2901700000000,03,U,29,"Bollinger County, MO",unemployment rate
LAUCN290190000000003,2025,M13,0.034,F,CN2901900000000,03,U,29,"Boone County, MO",unemployment rate
LAUCN290210000000003,2025,M13,0.042,F,CN2902100000000,03,U,29,"Buchanan County, MO",unemployment rate
LAUCN290230000000003,2025,M13,0.052000000000000005,F,CN2902300000000,03,U,29,"Butler County, MO",unemployment rate
LAUCN290250000000003,2025,M13,0.042,F,CN2902500000000,03,U,29,"Caldwell County, MO",unemployment rate
LAUCN290270000000003,2025,M13,0.034,F,CN2902700000000,03,U,29,"Callaway County, MO",unemployment rate
LAUCN290290000000003,2025,M13,0.046,F,CN2902900000000,03,U,29,"Camden County, MO",unemployment rate
LAUCN290310000000003,2025,M13,0.036000000000000004,F,CN2903100000000,03,U,29,"Cape Girardeau County, MO",unemployment rate
LAUCN290330000000003,2025,M13,0.043,F,CN2903300000000,03,U,29,"Carroll County, MO",unemployment rate
LAUCN290350000000003,2025,M13,0.047,F,CN2903500000000,03,U,29,"Carter County, MO",unemployment rate
LAUCN290370000000003,2025,M13,0.036000000000000004,F,CN2903700000000,03,U,29,"Cass County, MO",unemployment rate
LAUCN290390000000003,2025,M13,0.046,F,CN2903900000000,03,U,29,"Cedar County, MO",unemployment rate
LAUCN290410000000003,2025,M13,0.039,F,CN2904100000000,03,U,29,"Chariton County, MO",unemployment rate
LAUCN290430000000003,2025,M13,0.035,F,CN2904300000000,03,U,29,"Christian County, MO",unemployment rate
LAUCN290450000000003,2025,M13,0.048,F,CN2904500000000,03,U,29,"Clark County, MO",unemployment rate
LAUCN290470000000003,2025,M13,0.038,F,CN2904700000000,03,U,29,"Clay County, MO",unemployment rate
LAUCN290490000000003,2025,M13,0.040999999999999995,F,CN2904900000000,03,U,29,"Clinton County, MO",unemployment rate
LAUCN290510000000003,2025,M13,0.032,F,CN2905100000000,03,U,29,"Cole County, MO",unemployment rate
LAUCN290530000000003,2025,M13,0.037000000000000005,F,CN2905300000000,03,U,29,"Cooper County, MO",unemployment rate
LAUCN290550000000003,2025,M13,0.046,F,CN2905500000000,03,U,29,"Crawford County, MO",unemployment rate
LAUCN290570000000003,2025,M13,0.038,F,CN2905700000000,03,U,29,"Dade County, MO",unemployment rate
LAUCN290590000000003,2025,M13,0.048,F,CN2905900000000,03,U,29,"Dallas County, MO",unemployment rate
LAUCN290610000000003,2025,M13,0.033,F,CN2906100000000,03,U,29,"Daviess County, MO",unemployment rate
LAUCN290630000000003,2025,M13,0.043,F,CN2906300000000,03,U,29,"DeKalb County, MO",unemployment rate
LAUCN290650000000003,2025,M13,0.04,F,CN2906500000000,03,U,29,"Dent County, MO",unemployment rate
LAUCN290670000000003,2025,M13,0.047,F,CN2906700000000,03,U,29,"Douglas County, MO",unemployment rate
LAUCN290690000000003,2025,M13,0.055,F,CN2906900000000,03,U,29,"Dunklin County, MO",unemployment rate
LAUCN290710000000003,2025,M13,0.037000000000000005,F,CN2907100000000,03,U,29,"Franklin County, MO",unemployment rate
LAUCN290730000000003,2025,M13,0.037000000000000005,F,CN2907300000000,03,U,29,"Gasconade County, MO",unemployment rate
LAUCN290750000000003,2025,M13,0.036000000000000004,F,CN2907500000000,03,U,29,"Gentry County, MO",unemployment rate
LAUCN290770000000003,2025,M13,0.037000000000000005,F,CN2907700000000,03,U,29,"Greene County, MO",unemployment rate
LAUCN290790000000003,2025,M13,0.043,F,CN2907900000000,03,U,29,"Grundy County, MO",unemployment rate
LAUCN290810000000003,2025,M13,0.039,F,CN2908100000000,03,U,29,"Harrison County, MO",unemployment rate
LAUCN290830000000003,2025,M13,0.039,F,CN2908300000000,03,U,29,"Henry County, MO",unemployment rate
LAUCN290850000000003,2025,M13,0.067,F,CN2908500000000,03,U,29,"Hickory County, MO",unemployment rate
LAUCN290870000000003,2025,M13,0.039,F,CN2908700000000,03,U,29,"Holt County, MO",unemployment rate
LAUCN290890000000003,2025,M13,0.04,F,CN2908900000000,03,U,29,"Howard County, MO",unemployment rate
LAUCN290910000000003,2025,M13,0.046,F,CN2909100000000,03,U,29,"Howell County, MO",unemployment rate
LAUCN290930000000003,2025,M13,0.052000000000000005,F,CN2909300000000,03,U,29,"Iron County, MO",unemployment rate
LAUCN290950000000003,2025,M13,0.042,F,CN2909500000000,03,U,29,"Jackson County, MO",unemployment rate
LAUCN290970000000003,2025,M13,0.038,F,CN2909700000000,03,U,29,"Jasper County, MO",unemployment rate
LAUCN290990000000003,2025,M13,0.037000000000000005,F,CN2909900000000,03,U,29,"Jefferson County, MO",unemployment rate
LAUCN291010000000003,2025,M13,0.04,F,CN2910100000000,03,U,29,"Johnson County, MO",unemployment rate
LAUCN291030000000003,2025,M13,0.047,F,CN2910300000000,03,U,29,"Knox County, MO",unemployment rate
LAUCN291050000000003,2025,M13,0.05,F,CN2910500000000,03,U,29,"Laclede County, MO",unemployment rate
LAUCN291070000000003,2025,M13,0.039,F,CN2910700000000,03,U,29,"Lafayette County, MO",unemployment rate
LAUCN291090000000003,2025,M13,0.042,F,CN2910900000000,03,U,29,"Lawrence County, MO",unemployment rate
LAUCN291110000000003,2025,M13,0.046,F,CN2911100000000,03,U,29,"Lewis County, MO",unemployment rate
LAUCN291130000000003,2025,M13,0.039,F,CN2911300000000,03,U,29,"Lincoln County, MO",unemployment rate
LAUCN291150000000003,2025,M13,0.04,F,CN2911500000000,03,U,29,"Linn County, MO",unemployment rate
LAUCN291170000000003,2025,M13,0.036000000000000004,F,CN2911700000000,03,U,29,"Livingston County, MO",unemployment rate
LAUCN291190000000003,2025,M13,0.049,F,CN2911900000000,03,U,29,"McDonald County, MO",unemployment rate
LAUCN291210000000003,2025,M13,0.045,F,CN2912100000000,03,U,29,"Macon County, MO",unemployment rate
LAUCN291230000000003,2025,M13,0.048,F,CN2912300000000,03,U,29,"Madison County, MO",unemployment rate
LAUCN291250000000003,2025,M13,0.038,F,CN2912500000000,03,U,29,"Maries County, MO",unemployment rate
LAUCN291270000000003,2025,M13,0.042,F,CN2912700000000,03,U,29,"Marion County, MO",unemployment rate
LAUCN291290000000003,2025,M13,0.040999999999999995,F,CN2912900000000,03,U,29,"Mercer County, MO",unemployment rate
LAUCN291310000000003,2025,M13,0.038,F,CN2913100000000,03,U,29,"Miller County, MO",unemployment rate
LAUCN291330000000003,2025,M13,0.061,F,CN2913300000000,03,U,29,"Mississippi County, MO",unemployment rate
LAUCN291350000000003,2025,M13,0.033,F,CN2913500000000,03,U,29,"Moniteau County, MO",unemployment rate
LAUCN291370000000003,2025,M13,0.042,F,CN2913700000000,03,U,29,"Monroe County, MO",unemployment rate
LAUCN291390000000003,2025,M13,0.036000000000000004,F,CN2913900000000,03,U,29,"Montgomery County, MO",unemployment rate
LAUCN291410000000003,2025,M13,0.051,F,CN2914100000000,03,U,29,"Morgan County, MO",unemployment rate
LAUCN291430000000003,2025,M13,0.051,F,CN2914300000000,03,U,29,"New Madrid County, MO",unemployment rate
LAUCN291450000000003,2025,M13,0.039,F,CN2914500000000,03,U,29,"Newton County, MO",unemployment rate
LAUCN291470000000003,2025,M13,0.031,F,CN2914700000000,03,U,29,"Nodaway County, MO",unemployment rate
LAUCN291490000000003,2025,M13,0.046,F,CN2914900000000,03,U,29,"Oregon County, MO",unemployment rate
LAUCN291510000000003,2025,M13,0.031,F,CN2915100000000,03,U,29,"Osage County, MO",unemployment rate
LAUCN291530000000003,2025,M13,0.063,F,CN2915300000000,03,U,29,"Ozark County, MO",unemployment rate
LAUCN291550000000003,2025,M13,0.057999999999999996,F,CN2915500000000,03,U,29,"Pemiscot County, MO",unemployment rate
LAUCN291570000000003,2025,M13,0.032,F,CN2915700000000,03,U,29,"Perry County, MO",unemployment rate
LAUCN291590000000003,2025,M13,0.04,F,CN2915900000000,03,U,29,"Pettis County, MO",unemployment rate
LAUCN291610000000003,2025,M13,0.04,F,CN2916100000000,03,U,29,"Phelps County, MO",unemployment rate
LAUCN291630000000003,2025,M13,0.044000000000000004,F,CN2916300000000,03,U,29,"Pike County, MO",unemployment rate
LAUCN291650000000003,2025,M13,0.034,F,CN2916500000000,03,U,29,"Platte County, MO",unemployment rate
LAUCN291670000000003,2025,M13,0.042,F,CN2916700000000,03,U,29,"Polk County, MO",unemployment rate
LAUCN291690000000003,2025,M13,0.040999999999999995,F,CN2916900000000,03,U,29,"Pulaski County, MO",unemployment rate
LAUCN291710000000003,2025,M13,0.039,F,CN2917100000000,03,U,29,"Putnam County, MO",unemployment rate
LAUCN291730000000003,2025,M13,0.038,F,CN2917300000000,03,U,29,"Ralls County, MO",unemployment rate
LAUCN291750000000003,2025,M13,0.038,F,CN2917500000000,03,U,29,"Randolph County, MO",unemployment rate
LAUCN291770000000003,2025,M13,0.042,F,CN2917700000000,03,U,29,"Ray County, MO",unemployment rate
LAUCN291790000000003,2025,M13,0.047,F,CN2917900000000,03,U,29,"Reynolds County, MO",unemployment rate
LAUCN291810000000003,2025,M13,0.049,F,CN2918100000000,03,U,29,"Ripley County, MO",unemployment rate
LAUCN291830000000003,2025,M13,0.034,F,CN2918300000000,03,U,29,"St. Charles County, MO",unemployment rate
LAUCN291850000000003,2025,M13,0.043,F,CN2918500000000,03,U,29,"St. Clair County, MO",unemployment rate
LAUCN291860000000003,2025,M13,0.034,F,CN2918600000000,03,U,29,"Ste. Genevieve County, MO",unemployment rate
LAUCN291870000000003,2025,M13,0.047,F,CN2918700000000,03,U,29,"St. Francois County, MO",unemployment rate
LAUCN291890000000003,2025,M13,0.040999999999999995,F,CN2918900000000,03,U,29,"St. Louis County, MO",unemployment rate
LAUCN291950000000003,2025,M13,0.036000000000000004,F,CN2919500000000,03,U,29,"Saline County, MO",unemployment rate
LAUCN291970000000003,2025,M13,0.039,F,CN2919700000000,03,U,29,"Schuyler County, MO",unemployment rate
LAUCN291990000000003,2025,M13,0.036000000000000004,F,CN2919900000000,03,U,29,"Scotland County, MO",unemployment rate
LAUCN292010000000003,2025,M13,0.04,F,CN2920100000000,03,U,29,"Scott County, MO",unemployment rate
LAUCN292030000000003,2025,M13,0.057999999999999996,F,CN2920300000000,03,U,29,"Shannon County, MO",unemployment rate
LAUCN292050000000003,2025,M13,0.036000000000000004,F,CN2920500000000,03,U,29,"Shelby County, MO",unemployment rate
LAUCN292070000000003,2025,M13,0.045,F,CN2920700000000,03,U,29,"Stoddard County, MO",unemployment rate
LAUCN292090000000003,2025,M13,0.057,F,CN2920900000000,03,U,29,"Stone County, MO",unemployment rate
LAUCN292110000000003,2025,M13,0.037000000000000005,F,CN2921100000000,03,U,29,"Sullivan County, MO",unemployment rate
LAUCN292130000000003,2025,M13,0.06,F,CN2921300000000,03,U,29,"Taney County, MO",unemployment rate
LAUCN292150000000003,2025,M13,0.044000000000000004,F,CN2921500000000,03,U,29,"Texas County, MO",unemployment rate
LAUCN292170000000003,2025,M13,0.038,F,CN2921700000000,03,U,29,"Vernon County, MO",unemployment rate
LAUCN292190000000003,2025,M13,0.037000000000000005,F,CN2921900000000,03,U,29,"Warren County, MO",unemployment rate
LAUCN292210000000003,2025,M13,0.049,F,CN2922100000000,03,U,29,"Washington County, MO",unemployment rate
LAUCN292230000000003,2025,M13,0.057999999999999996,F,CN2922300000000,03,U,29,"Wayne County, MO",unemployment rate
LAUCN292250000000003,2025,M13,0.039,F,CN2922500000000,03,U,29,"Webster County, MO",unemployment rate
LAUCN292270000000003,2025,M13,0.034,F,CN2922700000000,03,U,29,"Worth County, MO",unemployment rate
LAUCN292290000000003,2025,M13,0.052000000000000005,F,CN2922900000000,03,U,29,"Wright County, MO",unemployment rate
LAUCN295100000000003,2025,M13,0.046,F,CN2951000000000,03,U,29,"St. Louis city, MO",unemployment rate
LAUCN300010000000003,2025,M13,0.027999999999999997,F,CN3000100000000,03,U,30,"Beaverhead County, MT",unemployment rate
LAUCN300030000000003,2025,M13,0.057999999999999996,F,CN3000300000000,03,U,30,"Big Horn County, MT",unemployment rate
LAUCN300050000000003,2025,M13,0.03,F,CN3000500000000,03,U,30,"Blaine County, MT",unemployment rate
LAUCN300070000000003,2025,M13,0.027000000000000003,F,CN3000700000000,03,U,30,"Broadwater County, MT",unemployment rate
LAUCN300090000000003,2025,M13,0.032,F,CN3000900000000,03,U,30,"Carbon County, MT",unemployment rate
LAUCN300110000000003,2025,M13,0.019,F,CN3001100000000,03,U,30,"Carter County, MT",unemployment rate
LAUCN300130000000003,2025,M13,0.033,F,CN3001300000000,03,U,30,"Cascade County, MT",unemployment rate
LAUCN300150000000003,2025,M13,0.026000000000000002,F,CN3001500000000,03,U,30,"Chouteau County, MT",unemployment rate
LAUCN300170000000003,2025,M13,0.027999999999999997,F,CN3001700000000,03,U,30,"Custer County, MT",unemployment rate
LAUCN300190000000003,2025,M13,0.024,F,CN3001900000000,03,U,30,"Daniels County, MT",unemployment rate
LAUCN300210000000003,2025,M13,0.027000000000000003,F,CN3002100000000,03,U,30,"Dawson County, MT",unemployment rate
LAUCN300230000000003,2025,M13,0.04,F,CN3002300000000,03,U,30,"Deer Lodge County, MT",unemployment rate
LAUCN300250000000003,2025,M13,0.022000000000000002,F,CN3002500000000,03,U,30,"Fallon County, MT",unemployment rate
LAUCN300270000000003,2025,M13,0.035,F,CN3002700000000,03,U,30,"Fergus County, MT",unemployment rate
LAUCN300290000000003,2025,M13,0.035,F,CN3002900000000,03,U,30,"Flathead County, MT",unemployment rate
LAUCN300310000000003,2025,M13,0.025,F,CN3003100000000,03,U,30,"Gallatin County, MT",unemployment rate
LAUCN300330000000003,2025,M13,0.028999999999999998,F,CN3003300000000,03,U,30,"Garfield County, MT",unemployment rate
LAUCN300350000000003,2025,M13,0.05,F,CN3003500000000,03,U,30,"Glacier County, MT",unemployment rate
LAUCN300370000000003,2025,M13,0.028999999999999998,F,CN3003700000000,03,U,30,"Golden Valley County, MT",unemployment rate
LAUCN300390000000003,2025,M13,0.054000000000000006,F,CN3003900000000,03,U,30,"Granite County, MT",unemployment rate
LAUCN300410000000003,2025,M13,0.032,F,CN3004100000000,03,U,30,"Hill County, MT",unemployment rate
LAUCN300430000000003,2025,M13,0.03,F,CN3004300000000,03,U,30,"Jefferson County, MT",unemployment rate
LAUCN300450000000003,2025,M13,0.033,F,CN3004500000000,03,U,30,"Judith Basin County, MT",unemployment rate
LAUCN300470000000003,2025,M13,0.04,F,CN3004700000000,03,U,30,"Lake County, MT",unemployment rate
LAUCN300490000000003,2025,M13,0.031,F,CN3004900000000,03,U,30,"Lewis and Clark County, MT",unemployment rate
LAUCN300510000000003,2025,M13,0.022000000000000002,F,CN3005100000000,03,U,30,"Liberty County, MT",unemployment rate
LAUCN300530000000003,2025,M13,0.063,F,CN3005300000000,03,U,30,"Lincoln County, MT",unemployment rate
LAUCN300550000000003,2025,M13,0.028999999999999998,F,CN3005500000000,03,U,30,"McCone County, MT",unemployment rate
LAUCN300570000000003,2025,M13,0.054000000000000006,F,CN3005700000000,03,U,30,"Madison County, MT",unemployment rate
LAUCN300590000000003,2025,M13,0.027999999999999997,F,CN3005900000000,03,U,30,"Meagher County, MT",unemployment rate
LAUCN300610000000003,2025,M13,0.047,F,CN3006100000000,03,U,30,"Mineral County, MT",unemployment rate
LAUCN300630000000003,2025,M13,0.032,F,CN3006300000000,03,U,30,"Missoula County, MT",unemployment rate
LAUCN300650000000003,2025,M13,0.05,F,CN3006500000000,03,U,30,"Musselshell County, MT",unemployment rate
LAUCN300670000000003,2025,M13,0.03,F,CN3006700000000,03,U,30,"Park County, MT",unemployment rate
LAUCN300690000000003,2025,M13,0.045,F,CN3006900000000,03,U,30,"Petroleum County, MT",unemployment rate
LAUCN300710000000003,2025,M13,0.039,F,CN3007100000000,03,U,30,"Phillips County, MT",unemployment rate
LAUCN300730000000003,2025,M13,0.034,F,CN3007300000000,03,U,30,"Pondera County, MT",unemployment rate
LAUCN300750000000003,2025,M13,0.023,F,CN3007500000000,03,U,30,"Powder River County, MT",unemployment rate
LAUCN300770000000003,2025,M13,0.04,F,CN3007700000000,03,U,30,"Powell County, MT",unemployment rate
LAUCN300790000000003,2025,M13,0.019,F,CN3007900000000,03,U,30,"Prairie County, MT",unemployment rate
LAUCN300810000000003,2025,M13,0.038,F,CN3008100000000,03,U,30,"Ravalli County, MT",unemployment rate
LAUCN300830000000003,2025,M13,0.025,F,CN3008300000000,03,U,30,"Richland County, MT",unemployment rate
LAUCN300850000000003,2025,M13,0.045,F,CN3008500000000,03,U,30,"Roosevelt County, MT",unemployment rate
LAUCN300870000000003,2025,M13,0.034,F,CN3008700000000,03,U,30,"Rosebud County, MT",unemployment rate
LAUCN300890000000003,2025,M13,0.06,F,CN3008900000000,03,U,30,"Sanders County, MT",unemployment rate
LAUCN300910000000003,2025,M13,0.028999999999999998,F,CN3009100000000,03,U,30,"Sheridan County, MT",unemployment rate
LAUCN300930000000003,2025,M13,0.037000000000000005,F,CN3009300000000,03,U,30,"Silver Bow County, MT",unemployment rate
LAUCN300950000000003,2025,M13,0.037000000000000005,F,CN3009500000000,03,U,30,"Stillwater County, MT",unemployment rate
LAUCN300970000000003,2025,M13,0.033,F,CN3009700000000,03,U,30,"Sweet Grass County, MT",unemployment rate
LAUCN300990000000003,2025,M13,0.027999999999999997,F,CN3009900000000,03,U,30,"Teton County, MT",unemployment rate
LAUCN301010000000003,2025,M13,0.027999999999999997,F,CN3010100000000,03,U,30,"Toole County, MT",unemployment rate
LAUCN301030000000003,2025,M13,0.023,F,CN3010300000000,03,U,30,"Treasure County, MT",unemployment rate
LAUCN301050000000003,2025,M13,0.031,F,CN3010500000000,03,U,30,"Valley County, MT",unemployment rate
LAUCN301070000000003,2025,M13,0.048,F,CN3010700000000,03,U,30,"Wheatland County, MT",unemployment rate
LAUCN301090000000003,2025,M13,0.031,F,CN3010900000000,03,U,30,"Wibaux County, MT",unemployment rate
LAUCN301110000000003,2025,M13,0.032,F,CN3011100000000,03,U,30,"Yellowstone County, MT",unemployment rate
LAUCN310010000000003,2025,M13,0.028999999999999998,F,CN3100100000000,03,U,31,"Adams County, NE",unemployment rate
LAUCN310030000000003,2025,M13,0.026000000000000002,F,CN3100300000000,03,U,31,"Antelope County, NE",unemployment rate
LAUCN310050000000003,2025,M13,0.033,F,CN3100500000000,03,U,31,"Arthur County, NE",unemployment rate
LAUCN310070000000003,2025,M13,0.033,F,CN3100700000000,03,U,31,"Banner County, NE",unemployment rate
LAUCN310090000000003,2025,M13,0.027999999999999997,F,CN3100900000000,03,U,31,"Blaine County, NE",unemployment rate
LAUCN310110000000003,2025,M13,0.022000000000000002,F,CN3101100000000,03,U,31,"Boone County, NE",unemployment rate
LAUCN310130000000003,2025,M13,0.031,F,CN3101300000000,03,U,31,"Box Butte County, NE",unemployment rate
LAUCN310150000000003,2025,M13,0.032,F,CN3101500000000,03,U,31,"Boyd County, NE",unemployment rate
LAUCN310170000000003,2025,M13,0.022000000000000002,F,CN3101700000000,03,U,31,"Brown County, NE",unemployment rate
LAUCN310190000000003,2025,M13,0.025,F,CN3101900000000,03,U,31,"Buffalo County, NE",unemployment rate
LAUCN310210000000003,2025,M13,0.034,F,CN3102100000000,03,U,31,"Burt County, NE",unemployment rate
LAUCN310230000000003,2025,M13,0.024,F,CN3102300000000,03,U,31,"Butler County, NE",unemployment rate
LAUCN310250000000003,2025,M13,0.031,F,CN3102500000000,03,U,31,"Cass County, NE",unemployment rate
LAUCN310270000000003,2025,M13,0.025,F,CN3102700000000,03,U,31,"Cedar County, NE",unemployment rate
LAUCN310290000000003,2025,M13,0.027999999999999997,F,CN3102900000000,03,U,31,"Chase County, NE",unemployment rate
LAUCN310310000000003,2025,M13,0.021,F,CN3103100000000,03,U,31,"Cherry County, NE",unemployment rate
LAUCN310330000000003,2025,M13,0.027999999999999997,F,CN3103300000000,03,U,31,"Cheyenne County, NE",unemployment rate
LAUCN310350000000003,2025,M13,0.028999999999999998,F,CN3103500000000,03,U,31,"Clay County, NE",unemployment rate
LAUCN310370000000003,2025,M13,0.027999999999999997,F,CN3103700000000,03,U,31,"Colfax County, NE",unemployment rate
LAUCN310390000000003,2025,M13,0.022000000000000002,F,CN3103900000000,03,U,31,"Cuming County, NE",unemployment rate
LAUCN310410000000003,2025,M13,0.024,F,CN3104100000000,03,U,31,"Custer County, NE",unemployment rate
LAUCN310430000000003,2025,M13,0.034,F,CN3104300000000,03,U,31,"Dakota County, NE",unemployment rate
LAUCN310450000000003,2025,M13,0.028999999999999998,F,CN3104500000000,03,U,31,"Dawes County, NE",unemployment rate
LAUCN310470000000003,2025,M13,0.028999999999999998,F,CN3104700000000,03,U,31,"Dawson County, NE",unemployment rate
LAUCN310490000000003,2025,M13,0.031,F,CN3104900000000,03,U,31,"Deuel County, NE",unemployment rate
LAUCN310510000000003,2025,M13,0.027000000000000003,F,CN3105100000000,03,U,31,"Dixon County, NE",unemployment rate
LAUCN310530000000003,2025,M13,0.03,F,CN3105300000000,03,U,31,"Dodge County, NE",unemployment rate
LAUCN310550000000003,2025,M13,0.033,F,CN3105500000000,03,U,31,"Douglas County, NE",unemployment rate
LAUCN310570000000003,2025,M13,0.02,F,CN3105700000000,03,U,31,"Dundy County, NE",unemployment rate
LAUCN310590000000003,2025,M13,0.022000000000000002,F,CN3105900000000,03,U,31,"Fillmore County, NE",unemployment rate
LAUCN310610000000003,2025,M13,0.027000000000000003,F,CN3106100000000,03,U,31,"Franklin County, NE",unemployment rate
LAUCN310630000000003,2025,M13,0.032,F,CN3106300000000,03,U,31,"Frontier County, NE",unemployment rate
LAUCN310650000000003,2025,M13,0.027000000000000003,F,CN3106500000000,03,U,31,"Furnas County, NE",unemployment rate
LAUCN310670000000003,2025,M13,0.032,F,CN3106700000000,03,U,31,"Gage County, NE",unemployment rate
LAUCN310690000000003,2025,M13,0.033,F,CN3106900000000,03,U,31,"Garden County, NE",unemployment rate
LAUCN310710000000003,2025,M13,0.03,F,CN3107100000000,03,U,31,"Garfield County, NE",unemployment rate
LAUCN310730000000003,2025,M13,0.027999999999999997,F,CN3107300000000,03,U,31,"Gosper County, NE",unemployment rate
LAUCN310750000000003,2025,M13,0.03,F,CN3107500000000,03,U,31,"Grant County, NE",unemployment rate
LAUCN310770000000003,2025,M13,0.032,F,CN3107700000000,03,U,31,"Greeley County, NE",unemployment rate
LAUCN310790000000003,2025,M13,0.037000000000000005,F,CN3107900000000,03,U,31,"Hall County, NE",unemployment rate
LAUCN310810000000003,2025,M13,0.023,F,CN3108100000000,03,U,31,"Hamilton County, NE",unemployment rate
LAUCN310830000000003,2025,M13,0.023,F,CN3108300000000,03,U,31,"Harlan County, NE",unemployment rate
LAUCN310850000000003,2025,M13,0.031,F,CN3108500000000,03,U,31,"Hayes County, NE",unemployment rate
LAUCN310870000000003,2025,M13,0.027999999999999997,F,CN3108700000000,03,U,31,"Hitchcock County, NE",unemployment rate
LAUCN310890000000003,2025,M13,0.023,F,CN3108900000000,03,U,31,"Holt County, NE",unemployment rate
LAUCN310910000000003,2025,M13,0.046,F,CN3109100000000,03,U,31,"Hooker County, NE",unemployment rate
LAUCN310930000000003,2025,M13,0.025,F,CN3109300000000,03,U,31,"Howard County, NE",unemployment rate
LAUCN310950000000003,2025,M13,0.031,F,CN3109500000000,03,U,31,"Jefferson County, NE",unemployment rate
LAUCN310970000000003,2025,M13,0.039,F,CN3109700000000,03,U,31,"Johnson County, NE",unemployment rate
LAUCN310990000000003,2025,M13,0.025,F,CN3109900000000,03,U,31,"Kearney County, NE",unemployment rate
LAUCN311010000000003,2025,M13,0.025,F,CN3110100000000,03,U,31,"Keith County, NE",unemployment rate
LAUCN311030000000003,2025,M13,0.035,F,CN3110300000000,03,U,31,"Keya Paha County, NE",unemployment rate
LAUCN311050000000003,2025,M13,0.025,F,CN3110500000000,03,U,31,"Kimball County, NE",unemployment rate
LAUCN311070000000003,2025,M13,0.028999999999999998,F,CN3110700000000,03,U,31,"Knox County, NE",unemployment rate
LAUCN311090000000003,2025,M13,0.028999999999999998,F,CN3110900000000,03,U,31,"Lancaster County, NE",unemployment rate
LAUCN311110000000003,2025,M13,0.027000000000000003,F,CN3111100000000,03,U,31,"Lincoln County, NE",unemployment rate
LAUCN311130000000003,2025,M13,0.027999999999999997,F,CN3111300000000,03,U,31,"Logan County, NE",unemployment rate
LAUCN311150000000003,2025,M13,0.04,F,CN3111500000000,03,U,31,"Loup County, NE",unemployment rate
LAUCN311170000000003,2025,M13,0.039,F,CN3111700000000,03,U,31,"McPherson County, NE",unemployment rate
LAUCN311190000000003,2025,M13,0.028999999999999998,F,CN3111900000000,03,U,31,"Madison County, NE",unemployment rate
LAUCN311210000000003,2025,M13,0.023,F,CN3112100000000,03,U,31,"Merrick County, NE",unemployment rate
LAUCN311230000000003,2025,M13,0.028999999999999998,F,CN3112300000000,03,U,31,"Morrill County, NE",unemployment rate
LAUCN311250000000003,2025,M13,0.024,F,CN3112500000000,03,U,31,"Nance County, NE",unemployment rate
LAUCN311270000000003,2025,M13,0.034,F,CN3112700000000,03,U,31,"Nemaha County, NE",unemployment rate
LAUCN311290000000003,2025,M13,0.024,F,CN3112900000000,03,U,31,"Nuckolls County, NE",unemployment rate
LAUCN311310000000003,2025,M13,0.027999999999999997,F,CN3113100000000,03,U,31,"Otoe County, NE",unemployment rate
LAUCN311330000000003,2025,M13,0.031,F,CN3113300000000,03,U,31,"Pawnee County, NE",unemployment rate
LAUCN311350000000003,2025,M13,0.024,F,CN3113500000000,03,U,31,"Perkins County, NE",unemployment rate
LAUCN311370000000003,2025,M13,0.023,F,CN3113700000000,03,U,31,"Phelps County, NE",unemployment rate
LAUCN311390000000003,2025,M13,0.025,F,CN3113900000000,03,U,31,"Pierce County, NE",unemployment rate
LAUCN311410000000003,2025,M13,0.027000000000000003,F,CN3114100000000,03,U,31,"Platte County, NE",unemployment rate
LAUCN311430000000003,2025,M13,0.025,F,CN3114300000000,03,U,31,"Polk County, NE",unemployment rate
LAUCN311450000000003,2025,M13,0.025,F,CN3114500000000,03,U,31,"Red Willow County, NE",unemployment rate
LAUCN311470000000003,2025,M13,0.027999999999999997,F,CN3114700000000,03,U,31,"Richardson County, NE",unemployment rate
LAUCN311490000000003,2025,M13,0.023,F,CN3114900000000,03,U,31,"Rock County, NE",unemployment rate
LAUCN311510000000003,2025,M13,0.034,F,CN3115100000000,03,U,31,"Saline County, NE",unemployment rate
LAUCN311530000000003,2025,M13,0.027999999999999997,F,CN3115300000000,03,U,31,"Sarpy County, NE",unemployment rate
LAUCN311550000000003,2025,M13,0.025,F,CN3115500000000,03,U,31,"Saunders County, NE",unemployment rate
LAUCN311570000000003,2025,M13,0.034,F,CN3115700000000,03,U,31,"Scotts Bluff County, NE",unemployment rate
LAUCN311590000000003,2025,M13,0.026000000000000002,F,CN3115900000000,03,U,31,"Seward County, NE",unemployment rate
LAUCN311610000000003,2025,M13,0.024,F,CN3116100000000,03,U,31,"Sheridan County, NE",unemployment rate
LAUCN311630000000003,2025,M13,0.028999999999999998,F,CN3116300000000,03,U,31,"Sherman County, NE",unemployment rate
LAUCN311650000000003,2025,M13,0.03,F,CN3116500000000,03,U,31,"Sioux County, NE",unemployment rate
LAUCN311670000000003,2025,M13,0.027000000000000003,F,CN3116700000000,03,U,31,"Stanton County, NE",unemployment rate
LAUCN311690000000003,2025,M13,0.025,F,CN3116900000000,03,U,31,"Thayer County, NE",unemployment rate
LAUCN311710000000003,2025,M13,0.043,F,CN3117100000000,03,U,31,"Thomas County, NE",unemployment rate
LAUCN311730000000003,2025,M13,0.032,F,CN3117300000000,03,U,31,"Thurston County, NE",unemployment rate
LAUCN311750000000003,2025,M13,0.026000000000000002,F,CN3117500000000,03,U,31,"Valley County, NE",unemployment rate
LAUCN311770000000003,2025,M13,0.027000000000000003,F,CN3117700000000,03,U,31,"Washington County, NE",unemployment rate
LAUCN311790000000003,2025,M13,0.03,F,CN3117900000000,03,U,31,"Wayne County, NE",unemployment rate
LAUCN311810000000003,2025,M13,0.027000000000000003,F,CN3118100000000,03,U,31,"Webster County, NE",unemployment rate
LAUCN311830000000003,2025,M13,0.025,F,CN3118300000000,03,U,31,"Wheeler County, NE",unemployment rate
LAUCN311850000000003,2025,M13,0.026000000000000002,F,CN3118500000000,03,U,31,"York County, NE",unemployment rate
LAUCN320010000000003,2025,M13,0.045,F,CN3200100000000,03,U,32,"Churchill County, NV",unemployment rate
LAUCN320030000000003,2025,M13,0.055999999999999994,F,CN3200300000000,03,U,32,"Clark County, NV",unemployment rate
LAUCN320050000000003,2025,M13,0.043,F,CN3200500000000,03,U,32,"Douglas County, NV",unemployment rate
LAUCN320070000000003,2025,M13,0.038,F,CN3200700000000,03,U,32,"Elko County, NV",unemployment rate
LAUCN320090000000003,2025,M13,0.073,F,CN3200900000000,03,U,32,"Esmeralda County, NV",unemployment rate
LAUCN320110000000003,2025,M13,0.057,F,CN3201100000000,03,U,32,"Eureka County, NV",unemployment rate
LAUCN320130000000003,2025,M13,0.038,F,CN3201300000000,03,U,32,"Humboldt County, NV",unemployment rate
LAUCN320150000000003,2025,M13,0.048,F,CN3201500000000,03,U,32,"Lander County, NV",unemployment rate
LAUCN320170000000003,2025,M13,0.05,F,CN3201700000000,03,U,32,"Lincoln County, NV",unemployment rate
LAUCN320190000000003,2025,M13,0.048,F,CN3201900000000,03,U,32,"Lyon County, NV",unemployment rate
LAUCN320210000000003,2025,M13,0.105,F,CN3202100000000,03,U,32,"Mineral County, NV",unemployment rate
LAUCN320230000000003,2025,M13,0.066,F,CN3202300000000,03,U,32,"Nye County, NV",unemployment rate
LAUCN320270000000003,2025,M13,0.042,F,CN3202700000000,03,U,32,"Pershing County, NV",unemployment rate
LAUCN320290000000003,2025,M13,0.057999999999999996,F,CN3202900000000,03,U,32,"Storey County, NV",unemployment rate
LAUCN320310000000003,2025,M13,0.043,F,CN3203100000000,03,U,32,"Washoe County, NV",unemployment rate
LAUCN320330000000003,2025,M13,0.040999999999999995,F,CN3203300000000,03,U,32,"White Pine County, NV",unemployment rate
LAUCN325100000000003,2025,M13,0.042,F,CN3251000000000,03,U,32,"Carson City, NV",unemployment rate
LAUCN330010000000003,2025,M13,0.03,F,CN3300100000000,03,U,33,"Belknap County, NH",unemployment rate
LAUCN330030000000003,2025,M13,0.028999999999999998,F,CN3300300000000,03,U,33,"Carroll County, NH",unemployment rate
LAUCN330050000000003,2025,M13,0.03,F,CN3300500000000,03,U,33,"Cheshire County, NH",unemployment rate
LAUCN330070000000003,2025,M13,0.032,F,CN3300700000000,03,U,33,"Coos County, NH",unemployment rate
LAUCN330090000000003,2025,M13,0.027000000000000003,F,CN3300900000000,03,U,33,"Grafton County, NH",unemployment rate
LAUCN330110000000003,2025,M13,0.035,F,CN3301100000000,03,U,33,"Hillsborough County, NH",unemployment rate
LAUCN330130000000003,2025,M13,0.027999999999999997,F,CN3301300000000,03,U,33,"Merrimack County, NH",unemployment rate
LAUCN330150000000003,2025,M13,0.034,F,CN3301500000000,03,U,33,"Rockingham County, NH",unemployment rate
LAUCN330170000000003,2025,M13,0.027999999999999997,F,CN3301700000000,03,U,33,"Strafford County, NH",unemployment rate
LAUCN330190000000003,2025,M13,0.027000000000000003,F,CN3301900000000,03,U,33,"Sullivan County, NH",unemployment rate
LAUCN340010000000003,2025,M13,0.067,F,CN3400100000000,03,U,34,"Atlantic County, NJ",unemployment rate
LAUCN340030000000003,2025,M13,0.043,F,CN3400300000000,03,U,34,"Bergen County, NJ",unemployment rate
LAUCN340050000000003,2025,M13,0.048,F,CN3400500000000,03,U,34,"Burlington County, NJ",unemployment rate
LAUCN340070000000003,2025,M13,0.057,F,CN3400700000000,03,U,34,"Camden County, NJ",unemployment rate
LAUCN340090000000003,2025,M13,0.092,F,CN3400900000000,03,U,34,"Cape May County, NJ",unemployment rate
LAUCN340110000000003,2025,M13,0.081,F,CN3401100000000,03,U,34,"Cumberland County, NJ",unemployment rate
LAUCN340130000000003,2025,M13,0.063,F,CN3401300000000,03,U,34,"Essex County, NJ",unemployment rate
LAUCN340150000000003,2025,M13,0.051,F,CN3401500000000,03,U,34,"Gloucester County, NJ",unemployment rate
LAUCN340170000000003,2025,M13,0.047,F,CN3401700000000,03,U,34,"Hudson County, NJ",unemployment rate
LAUCN340190000000003,2025,M13,0.042,F,CN3401900000000,03,U,34,"Hunterdon County, NJ",unemployment rate
LAUCN340210000000003,2025,M13,0.053,F,CN3402100000000,03,U,34,"Mercer County, NJ",unemployment rate
LAUCN340230000000003,2025,M13,0.052000000000000005,F,CN3402300000000,03,U,34,"Middlesex County, NJ",unemployment rate
LAUCN340250000000003,2025,M13,0.047,F,CN3402500000000,03,U,34,"Monmouth County, NJ",unemployment rate
LAUCN340270000000003,2025,M13,0.044000000000000004,F,CN3402700000000,03,U,34,"Morris County, NJ",unemployment rate
LAUCN340290000000003,2025,M13,0.053,F,CN3402900000000,03,U,34,"Ocean County, NJ",unemployment rate
LAUCN340310000000003,2025,M13,0.06,F,CN3403100000000,03,U,34,"Passaic County, NJ",unemployment rate
LAUCN340330000000003,2025,M13,0.068,F,CN3403300000000,03,U,34,"Salem County, NJ",unemployment rate
LAUCN340350000000003,2025,M13,0.045,F,CN3403500000000,03,U,34,"Somerset County, NJ",unemployment rate
LAUCN340370000000003,2025,M13,0.05,F,CN3403700000000,03,U,34,"Sussex County, NJ",unemployment rate
LAUCN340390000000003,2025,M13,0.055,F,CN3403900000000,03,U,34,"Union County, NJ",unemployment rate
LAUCN340410000000003,2025,M13,0.05,F,CN3404100000000,03,U,34,"Warren County, NJ",unemployment rate
LAUCN350010000000003,2025,M13,0.039,F,CN3500100000000,03,U,35,"Bernalillo County, NM",unemployment rate
LAUCN350030000000003,2025,M13,0.055,F,CN3500300000000,03,U,35,"Catron County, NM",unemployment rate
LAUCN350050000000003,2025,M13,0.040999999999999995,F,CN3500500000000,03,U,35,"Chaves County, NM",unemployment rate
LAUCN350060000000003,2025,M13,0.055,F,CN3500600000000,03,U,35,"Cibola County, NM",unemployment rate
LAUCN350070000000003,2025,M13,0.045,F,CN3500700000000,03,U,35,"Colfax County, NM",unemployment rate
LAUCN350090000000003,2025,M13,0.034,F,CN3500900000000,03,U,35,"Curry County, NM",unemployment rate
LAUCN350110000000003,2025,M13,0.044000000000000004,F,CN3501100000000,03,U,35,"De Baca County, NM",unemployment rate
LAUCN350130000000003,2025,M13,0.049,F,CN3501300000000,03,U,35,"Dona Ana County, NM",unemployment rate
LAUCN350150000000003,2025,M13,0.032,F,CN3501500000000,03,U,35,"Eddy County, NM",unemployment rate
LAUCN350170000000003,2025,M13,0.040999999999999995,F,CN3501700000000,03,U,35,"Grant County, NM",unemployment rate
LAUCN350190000000003,2025,M13,0.042,F,CN3501900000000,03,U,35,"Guadalupe County, NM",unemployment rate
LAUCN350210000000003,2025,M13,0.034,F,CN3502100000000,03,U,35,"Harding County, NM",unemployment rate
LAUCN350230000000003,2025,M13,0.059000000000000004,F,CN3502300000000,03,U,35,"Hidalgo County, NM",unemployment rate
LAUCN350250000000003,2025,M13,0.035,F,CN3502500000000,03,U,35,"Lea County, NM",unemployment rate
LAUCN350270000000003,2025,M13,0.043,F,CN3502700000000,03,U,35,"Lincoln County, NM",unemployment rate
LAUCN350280000000003,2025,M13,0.018000000000000002,F,CN3502800000000,03,U,35,"Los Alamos County, NM",unemployment rate
LAUCN350290000000003,2025,M13,0.13,F,CN3502900000000,03,U,35,"Luna County, NM",unemployment rate
LAUCN350310000000003,2025,M13,0.055999999999999994,F,CN3503100000000,03,U,35,"McKinley County, NM",unemployment rate
LAUCN350330000000003,2025,M13,0.061,F,CN3503300000000,03,U,35,"Mora County, NM",unemployment rate
LAUCN350350000000003,2025,M13,0.044000000000000004,F,CN3503500000000,03,U,35,"Otero County, NM",unemployment rate
LAUCN350370000000003,2025,M13,0.039,F,CN3503700000000,03,U,35,"Quay County, NM",unemployment rate
LAUCN350390000000003,2025,M13,0.040999999999999995,F,CN3503900000000,03,U,35,"Rio Arriba County, NM",unemployment rate
LAUCN350410000000003,2025,M13,0.038,F,CN3504100000000,03,U,35,"Roosevelt County, NM",unemployment rate
LAUCN350430000000003,2025,M13,0.040999999999999995,F,CN3504300000000,03,U,35,"Sandoval County, NM",unemployment rate
LAUCN350450000000003,2025,M13,0.045,F,CN3504500000000,03,U,35,"San Juan County, NM",unemployment rate
LAUCN350470000000003,2025,M13,0.044000000000000004,F,CN3504700000000,03,U,35,"San Miguel County, NM",unemployment rate
LAUCN350490000000003,2025,M13,0.037000000000000005,F,CN3504900000000,03,U,35,"Santa Fe County, NM",unemployment rate
LAUCN350510000000003,2025,M13,0.061,F,CN3505100000000,03,U,35,"Sierra County, NM",unemployment rate
LAUCN350530000000003,2025,M13,0.047,F,CN3505300000000,03,U,35,"Socorro County, NM",unemployment rate
LAUCN350550000000003,2025,M13,0.045,F,CN3505500000000,03,U,35,"Taos County, NM",unemployment rate
LAUCN350570000000003,2025,M13,0.053,F,CN3505700000000,03,U,35,"Torrance County, NM",unemployment rate
LAUCN350590000000003,2025,M13,0.036000000000000004,F,CN3505900000000,03,U,35,"Union County, NM",unemployment rate
LAUCN350610000000003,2025,M13,0.045,F,CN3506100000000,03,U,35,"Valencia County, NM",unemployment rate
LAUCN360010000000003,2025,M13,0.034,F,CN3600100000000,03,U,36,"Albany County, NY",unemployment rate
LAUCN360030000000003,2025,M13,0.045,F,CN3600300000000,03,U,36,"Allegany County, NY",unemployment rate
LAUCN360050000000003,2025,M13,0.07,F,CN3600500000000,03,U,36,"Bronx County, NY",unemployment rate
LAUCN360070000000003,2025,M13,0.042,F,CN3600700000000,03,U,36,"Broome County, NY",unemployment rate
LAUCN360090000000003,2025,M13,0.042,F,CN3600900000000,03,U,36,"Cattaraugus County, NY",unemployment rate
LAUCN360110000000003,2025,M13,0.037000000000000005,F,CN3601100000000,03,U,36,"Cayuga County, NY",unemployment rate
LAUCN360130000000003,2025,M13,0.043,F,CN3601300000000,03,U,36,"Chautauqua County, NY",unemployment rate
LAUCN360150000000003,2025,M13,0.039,F,CN3601500000000,03,U,36,"Chemung County, NY",unemployment rate
LAUCN360170000000003,2025,M13,0.036000000000000004,F,CN3601700000000,03,U,36,"Chenango County, NY",unemployment rate
LAUCN360190000000003,2025,M13,0.040999999999999995,F,CN3601900000000,03,U,36,"Clinton County, NY",unemployment rate
LAUCN360210000000003,2025,M13,0.033,F,CN3602100000000,03,U,36,"Columbia County, NY",unemployment rate
LAUCN360230000000003,2025,M13,0.043,F,CN3602300000000,03,U,36,"Cortland County, NY",unemployment rate
LAUCN360250000000003,2025,M13,0.042,F,CN3602500000000,03,U,36,"Delaware County, NY",unemployment rate
LAUCN360270000000003,2025,M13,0.033,F,CN3602700000000,03,U,36,"Dutchess County, NY",unemployment rate
LAUCN360290000000003,2025,M13,0.04,F,CN3602900000000,03,U,36,"Erie County, NY",unemployment rate
LAUCN360310000000003,2025,M13,0.036000000000000004,F,CN3603100000000,03,U,36,"Essex County, NY",unemployment rate
LAUCN360330000000003,2025,M13,0.042,F,CN3603300000000,03,U,36,"Franklin County, NY",unemployment rate
LAUCN360350000000003,2025,M13,0.040999999999999995,F,CN3603500000000,03,U,36,"Fulton County, NY",unemployment rate
LAUCN360370000000003,2025,M13,0.034,F,CN3603700000000,03,U,36,"Genesee County, NY",unemployment rate
LAUCN360390000000003,2025,M13,0.037000000000000005,F,CN3603900000000,03,U,36,"Greene County, NY",unemployment rate
LAUCN360410000000003,2025,M13,0.051,F,CN3604100000000,03,U,36,"Hamilton County, NY",unemployment rate
LAUCN360430000000003,2025,M13,0.040999999999999995,F,CN3604300000000,03,U,36,"Herkimer County, NY",unemployment rate
LAUCN360450000000003,2025,M13,0.045,F,CN3604500000000,03,U,36,"Jefferson County, NY",unemployment rate
LAUCN360470000000003,2025,M13,0.054000000000000006,F,CN3604700000000,03,U,36,"Kings County, NY",unemployment rate
LAUCN360490000000003,2025,M13,0.043,F,CN3604900000000,03,U,36,"Lewis County, NY",unemployment rate
LAUCN360510000000003,2025,M13,0.038,F,CN3605100000000,03,U,36,"Livingston County, NY",unemployment rate
LAUCN360530000000003,2025,M13,0.039,F,CN3605300000000,03,U,36,"Madison County, NY",unemployment rate
LAUCN360550000000003,2025,M13,0.038,F,CN3605500000000,03,U,36,"Monroe County, NY",unemployment rate
LAUCN360570000000003,2025,M13,0.042,F,CN3605700000000,03,U,36,"Montgomery County, NY",unemployment rate
LAUCN360590000000003,2025,M13,0.033,F,CN3605900000000,03,U,36,"Nassau County, NY",unemployment rate
LAUCN360610000000003,2025,M13,0.047,F,CN3606100000000,03,U,36,"New York County, NY",unemployment rate
LAUCN360630000000003,2025,M13,0.044000000000000004,F,CN3606300000000,03,U,36,"Niagara County, NY",unemployment rate
LAUCN360650000000003,2025,M13,0.039,F,CN3606500000000,03,U,36,"Oneida County, NY",unemployment rate
LAUCN360670000000003,2025,M13,0.036000000000000004,F,CN3606700000000,03,U,36,"Onondaga County, NY",unemployment rate
LAUCN360690000000003,2025,M13,0.034,F,CN3606900000000,03,U,36,"Ontario County, NY",unemployment rate
LAUCN360710000000003,2025,M13,0.039,F,CN3607100000000,03,U,36,"Orange County, NY",unemployment rate
LAUCN360730000000003,2025,M13,0.040999999999999995,F,CN3607300000000,03,U,36,"Orleans County, NY",unemployment rate
LAUCN360750000000003,2025,M13,0.043,F,CN3607500000000,03,U,36,"Oswego County, NY",unemployment rate
LAUCN360770000000003,2025,M13,0.043,F,CN3607700000000,03,U,36,"Otsego County, NY",unemployment rate
LAUCN360790000000003,2025,M13,0.031,F,CN3607900000000,03,U,36,"Putnam County, NY",unemployment rate
LAUCN360810000000003,2025,M13,0.047,F,CN3608100000000,03,U,36,"Queens County, NY",unemployment rate
LAUCN360830000000003,2025,M13,0.035,F,CN3608300000000,03,U,36,"Rensselaer County, NY",unemployment rate
LAUCN360850000000003,2025,M13,0.047,F,CN3608500000000,03,U,36,"Richmond County, NY",unemployment rate
LAUCN360870000000003,2025,M13,0.032,F,CN3608700000000,03,U,36,"Rockland County, NY",unemployment rate
LAUCN360890000000003,2025,M13,0.046,F,CN3608900000000,03,U,36,"St. Lawrence County, NY",unemployment rate
LAUCN360910000000003,2025,M13,0.03,F,CN3609100000000,03,U,36,"Saratoga County, NY",unemployment rate
LAUCN360930000000003,2025,M13,0.037000000000000005,F,CN3609300000000,03,U,36,"Schenectady County, NY",unemployment rate
LAUCN360950000000003,2025,M13,0.04,F,CN3609500000000,03,U,36,"Schoharie County, NY",unemployment rate
LAUCN360970000000003,2025,M13,0.043,F,CN3609700000000,03,U,36,"Schuyler County, NY",unemployment rate
LAUCN360990000000003,2025,M13,0.038,F,CN3609900000000,03,U,36,"Seneca County, NY",unemployment rate
LAUCN361010000000003,2025,M13,0.04,F,CN3610100000000,03,U,36,"Steuben County, NY",unemployment rate
LAUCN361030000000003,2025,M13,0.035,F,CN3610300000000,03,U,36,"Suffolk County, NY",unemployment rate
LAUCN361050000000003,2025,M13,0.036000000000000004,F,CN3610500000000,03,U,36,"Sullivan County, NY",unemployment rate
LAUCN361070000000003,2025,M13,0.036000000000000004,F,CN3610700000000,03,U,36,"Tioga County, NY",unemployment rate
LAUCN361090000000003,2025,M13,0.035,F,CN3610900000000,03,U,36,"Tompkins County, NY",unemployment rate
LAUCN361110000000003,2025,M13,0.036000000000000004,F,CN3611100000000,03,U,36,"Ulster County, NY",unemployment rate
LAUCN361130000000003,2025,M13,0.038,F,CN3611300000000,03,U,36,"Warren County, NY",unemployment rate
LAUCN361150000000003,2025,M13,0.035,F,CN3611500000000,03,U,36,"Washington County, NY",unemployment rate
LAUCN361170000000003,2025,M13,0.036000000000000004,F,CN3611700000000,03,U,36,"Wayne County, NY",unemployment rate
LAUCN361190000000003,2025,M13,0.034,F,CN3611900000000,03,U,36,"Westchester County, NY",unemployment rate
LAUCN361210000000003,2025,M13,0.038,F,CN3612100000000,03,U,36,"Wyoming County, NY",unemployment rate
LAUCN361230000000003,2025,M13,0.034,F,CN3612300000000,03,U,36,"Yates County, NY",unemployment rate
LAUCN370010000000003,2025,M13,0.039,F,CN3700100000000,03,U,37,"Alamance County, NC",unemployment rate
LAUCN370030000000003,2025,M13,0.037000000000000005,F,CN3700300000000,03,U,37,"Alexander County, NC",unemployment rate
LAUCN370050000000003,2025,M13,0.038,F,CN3700500000000,03,U,37,"Alleghany County, NC",unemployment rate
LAUCN370070000000003,2025,M13,0.045,F,CN3700700000000,03,U,37,"Anson County, NC",unemployment rate
LAUCN370090000000003,2025,M13,0.034,F,CN3700900000000,03,U,37,"Ashe County, NC",unemployment rate
LAUCN370110000000003,2025,M13,0.04,F,CN3701100000000,03,U,37,"Avery County, NC",unemployment rate
LAUCN370130000000003,2025,M13,0.035,F,CN3701300000000,03,U,37,"Beaufort County, NC",unemployment rate
LAUCN370150000000003,2025,M13,0.048,F,CN3701500000000,03,U,37,"Bertie County, NC",unemployment rate
LAUCN370170000000003,2025,M13,0.053,F,CN3701700000000,03,U,37,"Bladen County, NC",unemployment rate
LAUCN370190000000003,2025,M13,0.043,F,CN3701900000000,03,U,37,"Brunswick County, NC",unemployment rate
LAUCN370210000000003,2025,M13,0.048,F,CN3702100000000,03,U,37,"Buncombe County, NC",unemployment rate
LAUCN370230000000003,2025,M13,0.039,F,CN3702300000000,03,U,37,"Burke County, NC",unemployment rate
LAUCN370250000000003,2025,M13,0.036000000000000004,F,CN3702500000000,03,U,37,"Cabarrus County, NC",unemployment rate
LAUCN370270000000003,2025,M13,0.039,F,CN3702700000000,03,U,37,"Caldwell County, NC",unemployment rate
LAUCN370290000000003,2025,M13,0.03,F,CN3702900000000,03,U,37,"Camden County, NC",unemployment rate
LAUCN370310000000003,2025,M13,0.035,F,CN3703100000000,03,U,37,"Carteret County, NC",unemployment rate
LAUCN370330000000003,2025,M13,0.037000000000000005,F,CN3703300000000,03,U,37,"Caswell County, NC",unemployment rate
LAUCN370350000000003,2025,M13,0.037000000000000005,F,CN3703500000000,03,U,37,"Catawba County, NC",unemployment rate
LAUCN370370000000003,2025,M13,0.033,F,CN3703700000000,03,U,37,"Chatham County, NC",unemployment rate
LAUCN370390000000003,2025,M13,0.04,F,CN3703900000000,03,U,37,"Cherokee County, NC",unemployment rate
LAUCN370410000000003,2025,M13,0.035,F,CN3704100000000,03,U,37,"Chowan County, NC",unemployment rate
LAUCN370430000000003,2025,M13,0.037000000000000005,F,CN3704300000000,03,U,37,"Clay County, NC",unemployment rate
LAUCN370450000000003,2025,M13,0.044000000000000004,F,CN3704500000000,03,U,37,"Cleveland County, NC",unemployment rate
LAUCN370470000000003,2025,M13,0.043,F,CN3704700000000,03,U,37,"Columbus County, NC",unemployment rate
LAUCN370490000000003,2025,M13,0.039,F,CN3704900000000,03,U,37,"Craven County, NC",unemployment rate
LAUCN370510000000003,2025,M13,0.048,F,CN3705100000000,03,U,37,"Cumberland County, NC",unemployment rate
LAUCN370530000000003,2025,M13,0.028999999999999998,F,CN3705300000000,03,U,37,"Currituck County, NC",unemployment rate
LAUCN370550000000003,2025,M13,0.043,F,CN3705500000000,03,U,37,"Dare County, NC",unemployment rate
LAUCN370570000000003,2025,M13,0.038,F,CN3705700000000,03,U,37,"Davidson County, NC",unemployment rate
LAUCN370590000000003,2025,M13,0.036000000000000004,F,CN3705900000000,03,U,37,"Davie County, NC",unemployment rate
LAUCN370610000000003,2025,M13,0.033,F,CN3706100000000,03,U,37,"Duplin County, NC",unemployment rate
LAUCN370630000000003,2025,M13,0.034,F,CN3706300000000,03,U,37,"Durham County, NC",unemployment rate
LAUCN370650000000003,2025,M13,0.055999999999999994,F,CN3706500000000,03,U,37,"Edgecombe County, NC",unemployment rate
LAUCN370670000000003,2025,M13,0.04,F,CN3706700000000,03,U,37,"Forsyth County, NC",unemployment rate
LAUCN370690000000003,2025,M13,0.034,F,CN3706900000000,03,U,37,"Franklin County, NC",unemployment rate
LAUCN370710000000003,2025,M13,0.04,F,CN3707100000000,03,U,37,"Gaston County, NC",unemployment rate
LAUCN370730000000003,2025,M13,0.036000000000000004,F,CN3707300000000,03,U,37,"Gates County, NC",unemployment rate
LAUCN370750000000003,2025,M13,0.038,F,CN3707500000000,03,U,37,"Graham County, NC",unemployment rate
LAUCN370770000000003,2025,M13,0.036000000000000004,F,CN3707700000000,03,U,37,"Granville County, NC",unemployment rate
LAUCN370790000000003,2025,M13,0.034,F,CN3707900000000,03,U,37,"Greene County, NC",unemployment rate
LAUCN370810000000003,2025,M13,0.043,F,CN3708100000000,03,U,37,"Guilford County, NC",unemployment rate
LAUCN370830000000003,2025,M13,0.054000000000000006,F,CN3708300000000,03,U,37,"Halifax County, NC",unemployment rate
LAUCN370850000000003,2025,M13,0.04,F,CN3708500000000,03,U,37,"Harnett County, NC",unemployment rate
LAUCN370870000000003,2025,M13,0.039,F,CN3708700000000,03,U,37,"Haywood County, NC",unemployment rate
LAUCN370890000000003,2025,M13,0.035,F,CN3708900000000,03,U,37,"Henderson County, NC",unemployment rate
LAUCN370910000000003,2025,M13,0.043,F,CN3709100000000,03,U,37,"Hertford County, NC",unemployment rate
LAUCN370930000000003,2025,M13,0.045,F,CN3709300000000,03,U,37,"Hoke County, NC",unemployment rate
LAUCN370950000000003,2025,M13,0.059000000000000004,F,CN3709500000000,03,U,37,"Hyde County, NC",unemployment rate
LAUCN370970000000003,2025,M13,0.036000000000000004,F,CN3709700000000,03,U,37,"Iredell County, NC",unemployment rate
LAUCN370990000000003,2025,M13,0.035,F,CN3709900000000,03,U,37,"Jackson County, NC",unemployment rate
LAUCN371010000000003,2025,M13,0.032,F,CN3710100000000,03,U,37,"Johnston County, NC",unemployment rate
LAUCN371030000000003,2025,M13,0.040999999999999995,F,CN3710300000000,03,U,37,"Jones County, NC",unemployment rate
LAUCN371050000000003,2025,M13,0.038,F,CN3710500000000,03,U,37,"Lee County, NC",unemployment rate
LAUCN371070000000003,2025,M13,0.04,F,CN3710700000000,03,U,37,"Lenoir County, NC",unemployment rate
LAUCN371090000000003,2025,M13,0.034,F,CN3710900000000,03,U,37,"Lincoln County, NC",unemployment rate
LAUCN371110000000003,2025,M13,0.044000000000000004,F,CN3711100000000,03,U,37,"McDowell County, NC",unemployment rate
LAUCN371130000000003,2025,M13,0.036000000000000004,F,CN3711300000000,03,U,37,"Macon County, NC",unemployment rate
LAUCN371150000000003,2025,M13,0.047,F,CN3711500000000,03,U,37,"Madison County, NC",unemployment rate
LAUCN371170000000003,2025,M13,0.04,F,CN3711700000000,03,U,37,"Martin County, NC",unemployment rate
LAUCN371190000000003,2025,M13,0.039,F,CN3711900000000,03,U,37,"Mecklenburg County, NC",unemployment rate
LAUCN371210000000003,2025,M13,0.053,F,CN3712100000000,03,U,37,"Mitchell County, NC",unemployment rate
LAUCN371230000000003,2025,M13,0.040999999999999995,F,CN3712300000000,03,U,37,"Montgomery County, NC",unemployment rate
LAUCN371250000000003,2025,M13,0.034,F,CN3712500000000,03,U,37,"Moore County, NC",unemployment rate
LAUCN371270000000003,2025,M13,0.048,F,CN3712700000000,03,U,37,"Nash County, NC",unemployment rate
LAUCN371290000000003,2025,M13,0.035,F,CN3712900000000,03,U,37,"New Hanover County, NC",unemployment rate
LAUCN371310000000003,2025,M13,0.05,F,CN3713100000000,03,U,37,"Northampton County, NC",unemployment rate
LAUCN371330000000003,2025,M13,0.04,F,CN3713300000000,03,U,37,"Onslow County, NC",unemployment rate
LAUCN371350000000003,2025,M13,0.033,F,CN3713500000000,03,U,37,"Orange County, NC",unemployment rate
LAUCN371370000000003,2025,M13,0.037000000000000005,F,CN3713700000000,03,U,37,"Pamlico County, NC",unemployment rate
LAUCN371390000000003,2025,M13,0.04,F,CN3713900000000,03,U,37,"Pasquotank County, NC",unemployment rate
LAUCN371410000000003,2025,M13,0.036000000000000004,F,CN3714100000000,03,U,37,"Pender County, NC",unemployment rate
LAUCN371430000000003,2025,M13,0.039,F,CN3714300000000,03,U,37,"Perquimans County, NC",unemployment rate
LAUCN371450000000003,2025,M13,0.035,F,CN3714500000000,03,U,37,"Person County, NC",unemployment rate
LAUCN371470000000003,2025,M13,0.040999999999999995,F,CN3714700000000,03,U,37,"Pitt County, NC",unemployment rate
LAUCN371490000000003,2025,M13,0.037000000000000005,F,CN3714900000000,03,U,37,"Polk County, NC",unemployment rate
LAUCN371510000000003,2025,M13,0.036000000000000004,F,CN3715100000000,03,U,37,"Randolph County, NC",unemployment rate
LAUCN371530000000003,2025,M13,0.042,F,CN3715300000000,03,U,37,"Richmond County, NC",unemployment rate
LAUCN371550000000003,2025,M13,0.053,F,CN3715500000000,03,U,37,"Robeson County, NC",unemployment rate
LAUCN371570000000003,2025,M13,0.042,F,CN3715700000000,03,U,37,"Rockingham County, NC",unemployment rate
LAUCN371590000000003,2025,M13,0.038,F,CN3715900000000,03,U,37,"Rowan County, NC",unemployment rate
LAUCN371610000000003,2025,M13,0.048,F,CN3716100000000,03,U,37,"Rutherford County, NC",unemployment rate
LAUCN371630000000003,2025,M13,0.04,F,CN3716300000000,03,U,37,"Sampson County, NC",unemployment rate
LAUCN371650000000003,2025,M13,0.053,F,CN3716500000000,03,U,37,"Scotland County, NC",unemployment rate
LAUCN371670000000003,2025,M13,0.032,F,CN3716700000000,03,U,37,"Stanly County, NC",unemployment rate
LAUCN371690000000003,2025,M13,0.037000000000000005,F,CN3716900000000,03,U,37,"Stokes County, NC",unemployment rate
LAUCN371710000000003,2025,M13,0.035,F,CN3717100000000,03,U,37,"Surry County, NC",unemployment rate
LAUCN371730000000003,2025,M13,0.037000000000000005,F,CN3717300000000,03,U,37,"Swain County, NC",unemployment rate
LAUCN371750000000003,2025,M13,0.037000000000000005,F,CN3717500000000,03,U,37,"Transylvania County, NC",unemployment rate
LAUCN371770000000003,2025,M13,0.054000000000000006,F,CN3717700000000,03,U,37,"Tyrrell County, NC",unemployment rate
LAUCN371790000000003,2025,M13,0.034,F,CN3717900000000,03,U,37,"Union County, NC",unemployment rate
LAUCN371810000000003,2025,M13,0.046,F,CN3718100000000,03,U,37,"Vance County, NC",unemployment rate
LAUCN371830000000003,2025,M13,0.032,F,CN3718300000000,03,U,37,"Wake County, NC",unemployment rate
LAUCN371850000000003,2025,M13,0.049,F,CN3718500000000,03,U,37,"Warren County, NC",unemployment rate
LAUCN371870000000003,2025,M13,0.048,F,CN3718700000000,03,U,37,"Washington County, NC",unemployment rate
LAUCN371890000000003,2025,M13,0.035,F,CN3718900000000,03,U,37,"Watauga County, NC",unemployment rate
LAUCN371910000000003,2025,M13,0.039,F,CN3719100000000,03,U,37,"Wayne County, NC",unemployment rate
LAUCN371930000000003,2025,M13,0.04,F,CN3719300000000,03,U,37,"Wilkes County, NC",unemployment rate
LAUCN371950000000003,2025,M13,0.051,F,CN3719500000000,03,U,37,"Wilson County, NC",unemployment rate
LAUCN371970000000003,2025,M13,0.033,F,CN3719700000000,03,U,37,"Yadkin County, NC",unemployment rate
LAUCN371990000000003,2025,M13,0.044000000000000004,F,CN3719900000000,03,U,37,"Yancey County, NC",unemployment rate
LAUCN380010000000003,2025,M13,0.021,F,CN3800100000000,03,U,38,"Adams County, ND",unemployment rate
LAUCN380030000000003,2025,M13,0.03,F,CN3800300000000,03,U,38,"Barnes County, ND",unemployment rate
LAUCN380050000000003,2025,M13,0.035,F,CN3800500000000,03,U,38,"Benson County, ND",unemployment rate
LAUCN380070000000003,2025,M13,0.022000000000000002,F,CN3800700000000,03,U,38,"Billings County, ND",unemployment rate
LAUCN380090000000003,2025,M13,0.03,F,CN3800900000000,03,U,38,"Bottineau County, ND",unemployment rate
LAUCN380110000000003,2025,M13,0.018000000000000002,F,CN3801100000000,03,U,38,"Bowman County, ND",unemployment rate
LAUCN380130000000003,2025,M13,0.022000000000000002,F,CN3801300000000,03,U,38,"Burke County, ND",unemployment rate
LAUCN380150000000003,2025,M13,0.024,F,CN3801500000000,03,U,38,"Burleigh County, ND",unemployment rate
LAUCN380170000000003,2025,M13,0.025,F,CN3801700000000,03,U,38,"Cass County, ND",unemployment rate
LAUCN380190000000003,2025,M13,0.032,F,CN3801900000000,03,U,38,"Cavalier County, ND",unemployment rate
LAUCN380210000000003,2025,M13,0.019,F,CN3802100000000,03,U,38,"Dickey County, ND",unemployment rate
LAUCN380230000000003,2025,M13,0.021,F,CN3802300000000,03,U,38,"Divide County, ND",unemployment rate
LAUCN380250000000003,2025,M13,0.026000000000000002,F,CN3802500000000,03,U,38,"Dunn County, ND",unemployment rate
LAUCN380270000000003,2025,M13,0.026000000000000002,F,CN3802700000000,03,U,38,"Eddy County, ND",unemployment rate
LAUCN380290000000003,2025,M13,0.045,F,CN3802900000000,03,U,38,"Emmons County, ND",unemployment rate
LAUCN380310000000003,2025,M13,0.02,F,CN3803100000000,03,U,38,"Foster County, ND",unemployment rate
LAUCN380330000000003,2025,M13,0.024,F,CN3803300000000,03,U,38,"Golden Valley County, ND",unemployment rate
LAUCN380350000000003,2025,M13,0.023,F,CN3803500000000,03,U,38,"Grand Forks County, ND",unemployment rate
LAUCN380370000000003,2025,M13,0.024,F,CN3803700000000,03,U,38,"Grant County, ND",unemployment rate
LAUCN380390000000003,2025,M13,0.023,F,CN3803900000000,03,U,38,"Griggs County, ND",unemployment rate
LAUCN380410000000003,2025,M13,0.022000000000000002,F,CN3804100000000,03,U,38,"Hettinger County, ND",unemployment rate
LAUCN380430000000003,2025,M13,0.04,F,CN3804300000000,03,U,38,"Kidder County, ND",unemployment rate
LAUCN380450000000003,2025,M13,0.024,F,CN3804500000000,03,U,38,"LaMoure County, ND",unemployment rate
LAUCN380470000000003,2025,M13,0.03,F,CN3804700000000,03,U,38,"Logan County, ND",unemployment rate
LAUCN380490000000003,2025,M13,0.038,F,CN3804900000000,03,U,38,"McHenry County, ND",unemployment rate
LAUCN380510000000003,2025,M13,0.025,F,CN3805100000000,03,U,38,"McIntosh County, ND",unemployment rate
LAUCN380530000000003,2025,M13,0.025,F,CN3805300000000,03,U,38,"McKenzie County, ND",unemployment rate
LAUCN380550000000003,2025,M13,0.028999999999999998,F,CN3805500000000,03,U,38,"McLean County, ND",unemployment rate
LAUCN380570000000003,2025,M13,0.033,F,CN3805700000000,03,U,38,"Mercer County, ND",unemployment rate
LAUCN380590000000003,2025,M13,0.027000000000000003,F,CN3805900000000,03,U,38,"Morton County, ND",unemployment rate
LAUCN380610000000003,2025,M13,0.027000000000000003,F,CN3806100000000,03,U,38,"Mountrail County, ND",unemployment rate
LAUCN380630000000003,2025,M13,0.026000000000000002,F,CN3806300000000,03,U,38,"Nelson County, ND",unemployment rate
LAUCN380650000000003,2025,M13,0.037000000000000005,F,CN3806500000000,03,U,38,"Oliver County, ND",unemployment rate
LAUCN380670000000003,2025,M13,0.035,F,CN3806700000000,03,U,38,"Pembina County, ND",unemployment rate
LAUCN380690000000003,2025,M13,0.03,F,CN3806900000000,03,U,38,"Pierce County, ND",unemployment rate
LAUCN380710000000003,2025,M13,0.025,F,CN3807100000000,03,U,38,"Ramsey County, ND",unemployment rate
LAUCN380730000000003,2025,M13,0.033,F,CN3807300000000,03,U,38,"Ransom County, ND",unemployment rate
LAUCN380750000000003,2025,M13,0.022000000000000002,F,CN3807500000000,03,U,38,"Renville County, ND",unemployment rate
LAUCN380770000000003,2025,M13,0.027999999999999997,F,CN3807700000000,03,U,38,"Richland County, ND",unemployment rate
LAUCN380790000000003,2025,M13,0.055999999999999994,F,CN3807900000000,03,U,38,"Rolette County, ND",unemployment rate
LAUCN380810000000003,2025,M13,0.044000000000000004,F,CN3808100000000,03,U,38,"Sargent County, ND",unemployment rate
LAUCN380830000000003,2025,M13,0.038,F,CN3808300000000,03,U,38,"Sheridan County, ND",unemployment rate
LAUCN380850000000003,2025,M13,0.03,F,CN3808500000000,03,U,38,"Sioux County, ND",unemployment rate
LAUCN380870000000003,2025,M13,0.027999999999999997,F,CN3808700000000,03,U,38,"Slope County, ND",unemployment rate
LAUCN380890000000003,2025,M13,0.025,F,CN3808900000000,03,U,38,"Stark County, ND",unemployment rate
LAUCN380910000000003,2025,M13,0.031,F,CN3809100000000,03,U,38,"Steele County, ND",unemployment rate
LAUCN380930000000003,2025,M13,0.025,F,CN3809300000000,03,U,38,"Stutsman County, ND",unemployment rate
LAUCN380950000000003,2025,M13,0.03,F,CN3809500000000,03,U,38,"Towner County, ND",unemployment rate
LAUCN380970000000003,2025,M13,0.026000000000000002,F,CN3809700000000,03,U,38,"Traill County, ND",unemployment rate
LAUCN380990000000003,2025,M13,0.034,F,CN3809900000000,03,U,38,"Walsh County, ND",unemployment rate
LAUCN381010000000003,2025,M13,0.026000000000000002,F,CN3810100000000,03,U,38,"Ward County, ND",unemployment rate
LAUCN381030000000003,2025,M13,0.026000000000000002,F,CN3810300000000,03,U,38,"Wells County, ND",unemployment rate
LAUCN381050000000003,2025,M13,0.027999999999999997,F,CN3810500000000,03,U,38,"Williams County, ND",unemployment rate
LAUCN390010000000003,2025,M13,0.065,F,CN3900100000000,03,U,39,"Adams County, OH",unemployment rate
LAUCN390030000000003,2025,M13,0.048,F,CN3900300000000,03,U,39,"Allen County, OH",unemployment rate
LAUCN390050000000003,2025,M13,0.047,F,CN3900500000000,03,U,39,"Ashland County, OH",unemployment rate
LAUCN390070000000003,2025,M13,0.045,F,CN3900700000000,03,U,39,"Ashtabula County, OH",unemployment rate
LAUCN390090000000003,2025,M13,0.055999999999999994,F,CN3900900000000,03,U,39,"Athens County, OH",unemployment rate
LAUCN390110000000003,2025,M13,0.038,F,CN3901100000000,03,U,39,"Auglaize County, OH",unemployment rate
LAUCN390130000000003,2025,M13,0.055999999999999994,F,CN3901300000000,03,U,39,"Belmont County, OH",unemployment rate
LAUCN390150000000003,2025,M13,0.053,F,CN3901500000000,03,U,39,"Brown County, OH",unemployment rate
LAUCN390170000000003,2025,M13,0.046,F,CN3901700000000,03,U,39,"Butler County, OH",unemployment rate
LAUCN390190000000003,2025,M13,0.051,F,CN3901900000000,03,U,39,"Carroll County, OH",unemployment rate
LAUCN390210000000003,2025,M13,0.046,F,CN3902100000000,03,U,39,"Champaign County, OH",unemployment rate
LAUCN390230000000003,2025,M13,0.053,F,CN3902300000000,03,U,39,"Clark County, OH",unemployment rate
LAUCN390250000000003,2025,M13,0.044000000000000004,F,CN3902500000000,03,U,39,"Clermont County, OH",unemployment rate
LAUCN390270000000003,2025,M13,0.043,F,CN3902700000000,03,U,39,"Clinton County, OH",unemployment rate
LAUCN390290000000003,2025,M13,0.053,F,CN3902900000000,03,U,39,"Columbiana County, OH",unemployment rate
LAUCN390310000000003,2025,M13,0.052000000000000005,F,CN3903100000000,03,U,39,"Coshocton County, OH",unemployment rate
LAUCN390330000000003,2025,M13,0.053,F,CN3903300000000,03,U,39,"Crawford County, OH",unemployment rate
LAUCN390350000000003,2025,M13,0.040999999999999995,F,CN3903500000000,03,U,39,"Cuyahoga County, OH",unemployment rate
LAUCN390370000000003,2025,M13,0.044000000000000004,F,CN3903700000000,03,U,39,"Darke County, OH",unemployment rate
LAUCN390390000000003,2025,M13,0.045,F,CN3903900000000,03,U,39,"Defiance County, OH",unemployment rate
LAUCN390410000000003,2025,M13,0.038,F,CN3904100000000,03,U,39,"Delaware County, OH",unemployment rate
LAUCN390430000000003,2025,M13,0.054000000000000006,F,CN3904300000000,03,U,39,"Erie County, OH",unemployment rate
LAUCN390450000000003,2025,M13,0.043,F,CN3904500000000,03,U,39,"Fairfield County, OH",unemployment rate
LAUCN390470000000003,2025,M13,0.05,F,CN3904700000000,03,U,39,"Fayette County, OH",unemployment rate
LAUCN390490000000003,2025,M13,0.044000000000000004,F,CN3904900000000,03,U,39,"Franklin County, OH",unemployment rate
LAUCN390510000000003,2025,M13,0.053,F,CN3905100000000,03,U,39,"Fulton County, OH",unemployment rate
LAUCN390530000000003,2025,M13,0.055,F,CN3905300000000,03,U,39,"Gallia County, OH",unemployment rate
LAUCN390550000000003,2025,M13,0.035,F,CN3905500000000,03,U,39,"Geauga County, OH",unemployment rate
LAUCN390570000000003,2025,M13,0.044000000000000004,F,CN3905700000000,03,U,39,"Greene County, OH",unemployment rate
LAUCN390590000000003,2025,M13,0.059000000000000004,F,CN3905900000000,03,U,39,"Guernsey County, OH",unemployment rate
LAUCN390610000000003,2025,M13,0.046,F,CN3906100000000,03,U,39,"Hamilton County, OH",unemployment rate
LAUCN390630000000003,2025,M13,0.044000000000000004,F,CN3906300000000,03,U,39,"Hancock County, OH",unemployment rate
LAUCN390650000000003,2025,M13,0.051,F,CN3906500000000,03,U,39,"Hardin County, OH",unemployment rate
LAUCN390670000000003,2025,M13,0.054000000000000006,F,CN3906700000000,03,U,39,"Harrison County, OH",unemployment rate
LAUCN390690000000003,2025,M13,0.055,F,CN3906900000000,03,U,39,"Henry County, OH",unemployment rate
LAUCN390710000000003,2025,M13,0.053,F,CN3907100000000,03,U,39,"Highland County, OH",unemployment rate
LAUCN390730000000003,2025,M13,0.049,F,CN3907300000000,03,U,39,"Hocking County, OH",unemployment rate
LAUCN390750000000003,2025,M13,0.033,F,CN3907500000000,03,U,39,"Holmes County, OH",unemployment rate
LAUCN390770000000003,2025,M13,0.057,F,CN3907700000000,03,U,39,"Huron County, OH",unemployment rate
LAUCN390790000000003,2025,M13,0.059000000000000004,F,CN3907900000000,03,U,39,"Jackson County, OH",unemployment rate
LAUCN390810000000003,2025,M13,0.057999999999999996,F,CN3908100000000,03,U,39,"Jefferson County, OH",unemployment rate
LAUCN390830000000003,2025,M13,0.045,F,CN3908300000000,03,U,39,"Knox County, OH",unemployment rate
LAUCN390850000000003,2025,M13,0.038,F,CN3908500000000,03,U,39,"Lake County, OH",unemployment rate
LAUCN390870000000003,2025,M13,0.053,F,CN3908700000000,03,U,39,"Lawrence County, OH",unemployment rate
LAUCN390890000000003,2025,M13,0.044000000000000004,F,CN3908900000000,03,U,39,"Licking County, OH",unemployment rate
LAUCN390910000000003,2025,M13,0.043,F,CN3909100000000,03,U,39,"Logan County, OH",unemployment rate
LAUCN390930000000003,2025,M13,0.043,F,CN3909300000000,03,U,39,"Lorain County, OH",unemployment rate
LAUCN390950000000003,2025,M13,0.06,F,CN3909500000000,03,U,39,"Lucas County, OH",unemployment rate
LAUCN390970000000003,2025,M13,0.040999999999999995,F,CN3909700000000,03,U,39,"Madison County, OH",unemployment rate
LAUCN390990000000003,2025,M13,0.054000000000000006,F,CN3909900000000,03,U,39,"Mahoning County, OH",unemployment rate
LAUCN391010000000003,2025,M13,0.048,F,CN3910100000000,03,U,39,"Marion County, OH",unemployment rate
LAUCN391030000000003,2025,M13,0.035,F,CN3910300000000,03,U,39,"Medina County, OH",unemployment rate
LAUCN391050000000003,2025,M13,0.071,F,CN3910500000000,03,U,39,"Meigs County, OH",unemployment rate
LAUCN391070000000003,2025,M13,0.034,F,CN3910700000000,03,U,39,"Mercer County, OH",unemployment rate
LAUCN391090000000003,2025,M13,0.044000000000000004,F,CN3910900000000,03,U,39,"Miami County, OH",unemployment rate
LAUCN391110000000003,2025,M13,0.067,F,CN3911100000000,03,U,39,"Monroe County, OH",unemployment rate
LAUCN391130000000003,2025,M13,0.05,F,CN3911300000000,03,U,39,"Montgomery County, OH",unemployment rate
LAUCN391150000000003,2025,M13,0.06,F,CN3911500000000,03,U,39,"Morgan County, OH",unemployment rate
LAUCN391170000000003,2025,M13,0.045,F,CN3911700000000,03,U,39,"Morrow County, OH",unemployment rate
LAUCN391190000000003,2025,M13,0.05,F,CN3911900000000,03,U,39,"Muskingum County, OH",unemployment rate
LAUCN391210000000003,2025,M13,0.07,F,CN3912100000000,03,U,39,"Noble County, OH",unemployment rate
LAUCN391230000000003,2025,M13,0.065,F,CN3912300000000,03,U,39,"Ottawa County, OH",unemployment rate
LAUCN391250000000003,2025,M13,0.044000000000000004,F,CN3912500000000,03,U,39,"Paulding County, OH",unemployment rate
LAUCN391270000000003,2025,M13,0.055999999999999994,F,CN3912700000000,03,U,39,"Perry County, OH",unemployment rate
LAUCN391290000000003,2025,M13,0.046,F,CN3912900000000,03,U,39,"Pickaway County, OH",unemployment rate
LAUCN391310000000003,2025,M13,0.068,F,CN3913100000000,03,U,39,"Pike County, OH",unemployment rate
LAUCN391330000000003,2025,M13,0.048,F,CN3913300000000,03,U,39,"Portage County, OH",unemployment rate
LAUCN391350000000003,2025,M13,0.043,F,CN3913500000000,03,U,39,"Preble County, OH",unemployment rate
LAUCN391370000000003,2025,M13,0.038,F,CN3913700000000,03,U,39,"Putnam County, OH",unemployment rate
LAUCN391390000000003,2025,M13,0.053,F,CN3913900000000,03,U,39,"Richland County, OH",unemployment rate
LAUCN391410000000003,2025,M13,0.057,F,CN3914100000000,03,U,39,"Ross County, OH",unemployment rate
LAUCN391430000000003,2025,M13,0.055999999999999994,F,CN3914300000000,03,U,39,"Sandusky County, OH",unemployment rate
LAUCN391450000000003,2025,M13,0.067,F,CN3914500000000,03,U,39,"Scioto County, OH",unemployment rate
LAUCN391470000000003,2025,M13,0.05,F,CN3914700000000,03,U,39,"Seneca County, OH",unemployment rate
LAUCN391490000000003,2025,M13,0.042,F,CN3914900000000,03,U,39,"Shelby County, OH",unemployment rate
LAUCN391510000000003,2025,M13,0.049,F,CN3915100000000,03,U,39,"Stark County, OH",unemployment rate
LAUCN391530000000003,2025,M13,0.049,F,CN3915300000000,03,U,39,"Summit County, OH",unemployment rate
LAUCN391550000000003,2025,M13,0.059000000000000004,F,CN3915500000000,03,U,39,"Trumbull County, OH",unemployment rate
LAUCN391570000000003,2025,M13,0.045,F,CN3915700000000,03,U,39,"Tuscarawas County, OH",unemployment rate
LAUCN391590000000003,2025,M13,0.036000000000000004,F,CN3915900000000,03,U,39,"Union County, OH",unemployment rate
LAUCN391610000000003,2025,M13,0.043,F,CN3916100000000,03,U,39,"Van Wert County, OH",unemployment rate
LAUCN391630000000003,2025,M13,0.059000000000000004,F,CN3916300000000,03,U,39,"Vinton County, OH",unemployment rate
LAUCN391650000000003,2025,M13,0.040999999999999995,F,CN3916500000000,03,U,39,"Warren County, OH",unemployment rate
LAUCN391670000000003,2025,M13,0.049,F,CN3916700000000,03,U,39,"Washington County, OH",unemployment rate
LAUCN391690000000003,2025,M13,0.042,F,CN3916900000000,03,U,39,"Wayne County, OH",unemployment rate
LAUCN391710000000003,2025,M13,0.049,F,CN3917100000000,03,U,39,"Williams County, OH",unemployment rate
LAUCN391730000000003,2025,M13,0.045,F,CN3917300000000,03,U,39,"Wood County, OH",unemployment rate
LAUCN391750000000003,2025,M13,0.04,F,CN3917500000000,03,U,39,"Wyandot County, OH",unemployment rate
LAUCN400010000000003,2025,M13,0.042,F,CN4000100000000,03,U,40,"Adair County, OK",unemployment rate
LAUCN400030000000003,2025,M13,0.025,F,CN4000300000000,03,U,40,"Alfalfa County, OK",unemployment rate
LAUCN400050000000003,2025,M13,0.036000000000000004,F,CN4000500000000,03,U,40,"Atoka County, OK",unemployment rate
LAUCN400070000000003,2025,M13,0.026000000000000002,F,CN4000700000000,03,U,40,"Beaver County, OK",unemployment rate
LAUCN400090000000003,2025,M13,0.033,F,CN4000900000000,03,U,40,"Beckham County, OK",unemployment rate
LAUCN400110000000003,2025,M13,0.031,F,CN4001100000000,03,U,40,"Blaine County, OK",unemployment rate
LAUCN400130000000003,2025,M13,0.036000000000000004,F,CN4001300000000,03,U,40,"Bryan County, OK",unemployment rate
LAUCN400150000000003,2025,M13,0.032,F,CN4001500000000,03,U,40,"Caddo County, OK",unemployment rate
LAUCN400170000000003,2025,M13,0.028999999999999998,F,CN4001700000000,03,U,40,"Canadian County, OK",unemployment rate
LAUCN400190000000003,2025,M13,0.044000000000000004,F,CN4001900000000,03,U,40,"Carter County, OK",unemployment rate
LAUCN400210000000003,2025,M13,0.034,F,CN4002100000000,03,U,40,"Cherokee County, OK",unemployment rate
LAUCN400230000000003,2025,M13,0.035,F,CN4002300000000,03,U,40,"Choctaw County, OK",unemployment rate
LAUCN400250000000003,2025,M13,0.025,F,CN4002500000000,03,U,40,"Cimarron County, OK",unemployment rate
LAUCN400270000000003,2025,M13,0.03,F,CN4002700000000,03,U,40,"Cleveland County, OK",unemployment rate
LAUCN400290000000003,2025,M13,0.043,F,CN4002900000000,03,U,40,"Coal County, OK",unemployment rate
LAUCN400310000000003,2025,M13,0.038,F,CN4003100000000,03,U,40,"Comanche County, OK",unemployment rate
LAUCN400330000000003,2025,M13,0.03,F,CN4003300000000,03,U,40,"Cotton County, OK",unemployment rate
LAUCN400350000000003,2025,M13,0.035,F,CN4003500000000,03,U,40,"Craig County, OK",unemployment rate
LAUCN400370000000003,2025,M13,0.035,F,CN4003700000000,03,U,40,"Creek County, OK",unemployment rate
LAUCN400390000000003,2025,M13,0.027000000000000003,F,CN4003900000000,03,U,40,"Custer County, OK",unemployment rate
LAUCN400410000000003,2025,M13,0.036000000000000004,F,CN4004100000000,03,U,40,"Delaware County, OK",unemployment rate
LAUCN400430000000003,2025,M13,0.02,F,CN4004300000000,03,U,40,"Dewey County, OK",unemployment rate
LAUCN400450000000003,2025,M13,0.026000000000000002,F,CN4004500000000,03,U,40,"Ellis County, OK",unemployment rate
LAUCN400470000000003,2025,M13,0.031,F,CN4004700000000,03,U,40,"Garfield County, OK",unemployment rate
LAUCN400490000000003,2025,M13,0.038,F,CN4004900000000,03,U,40,"Garvin County, OK",unemployment rate
LAUCN400510000000003,2025,M13,0.032,F,CN4005100000000,03,U,40,"Grady County, OK",unemployment rate
LAUCN400530000000003,2025,M13,0.027999999999999997,F,CN4005300000000,03,U,40,"Grant County, OK",unemployment rate
LAUCN400550000000003,2025,M13,0.037000000000000005,F,CN4005500000000,03,U,40,"Greer County, OK",unemployment rate
LAUCN400570000000003,2025,M13,0.022000000000000002,F,CN4005700000000,03,U,40,"Harmon County, OK",unemployment rate
LAUCN400590000000003,2025,M13,0.023,F,CN4005900000000,03,U,40,"Harper County, OK",unemployment rate
LAUCN400610000000003,2025,M13,0.046,F,CN4006100000000,03,U,40,"Haskell County, OK",unemployment rate
LAUCN400630000000003,2025,M13,0.049,F,CN4006300000000,03,U,40,"Hughes County, OK",unemployment rate
LAUCN400650000000003,2025,M13,0.027000000000000003,F,CN4006500000000,03,U,40,"Jackson County, OK",unemployment rate
LAUCN400670000000003,2025,M13,0.049,F,CN4006700000000,03,U,40,"Jefferson County, OK",unemployment rate
LAUCN400690000000003,2025,M13,0.044000000000000004,F,CN4006900000000,03,U,40,"Johnston County, OK",unemployment rate
LAUCN400710000000003,2025,M13,0.035,F,CN4007100000000,03,U,40,"Kay County, OK",unemployment rate
LAUCN400730000000003,2025,M13,0.025,F,CN4007300000000,03,U,40,"Kingfisher County, OK",unemployment rate
LAUCN400750000000003,2025,M13,0.033,F,CN4007500000000,03,U,40,"Kiowa County, OK",unemployment rate
LAUCN400770000000003,2025,M13,0.040999999999999995,F,CN4007700000000,03,U,40,"Latimer County, OK",unemployment rate
LAUCN400790000000003,2025,M13,0.04,F,CN4007900000000,03,U,40,"Le Flore County, OK",unemployment rate
LAUCN400810000000003,2025,M13,0.036000000000000004,F,CN4008100000000,03,U,40,"Lincoln County, OK",unemployment rate
LAUCN400830000000003,2025,M13,0.033,F,CN4008300000000,03,U,40,"Logan County, OK",unemployment rate
LAUCN400850000000003,2025,M13,0.055,F,CN4008500000000,03,U,40,"Love County, OK",unemployment rate
LAUCN400870000000003,2025,M13,0.027999999999999997,F,CN4008700000000,03,U,40,"McClain County, OK",unemployment rate
LAUCN400890000000003,2025,M13,0.04,F,CN4008900000000,03,U,40,"McCurtain County, OK",unemployment rate
LAUCN400910000000003,2025,M13,0.051,F,CN4009100000000,03,U,40,"McIntosh County, OK",unemployment rate
LAUCN400930000000003,2025,M13,0.03,F,CN4009300000000,03,U,40,"Major County, OK",unemployment rate
LAUCN400950000000003,2025,M13,0.037000000000000005,F,CN4009500000000,03,U,40,"Marshall County, OK",unemployment rate
LAUCN400970000000003,2025,M13,0.034,F,CN4009700000000,03,U,40,"Mayes County, OK",unemployment rate
LAUCN400990000000003,2025,M13,0.037000000000000005,F,CN4009900000000,03,U,40,"Murray County, OK",unemployment rate
LAUCN401010000000003,2025,M13,0.047,F,CN4010100000000,03,U,40,"Muskogee County, OK",unemployment rate
LAUCN401030000000003,2025,M13,0.027999999999999997,F,CN4010300000000,03,U,40,"Noble County, OK",unemployment rate
LAUCN401050000000003,2025,M13,0.034,F,CN4010500000000,03,U,40,"Nowata County, OK",unemployment rate
LAUCN401070000000003,2025,M13,0.040999999999999995,F,CN4010700000000,03,U,40,"Okfuskee County, OK",unemployment rate
LAUCN401090000000003,2025,M13,0.034,F,CN4010900000000,03,U,40,"Oklahoma County, OK",unemployment rate
LAUCN401110000000003,2025,M13,0.042,F,CN4011100000000,03,U,40,"Okmulgee County, OK",unemployment rate
LAUCN401130000000003,2025,M13,0.038,F,CN4011300000000,03,U,40,"Osage County, OK",unemployment rate
LAUCN401150000000003,2025,M13,0.037000000000000005,F,CN4011500000000,03,U,40,"Ottawa County, OK",unemployment rate
LAUCN401170000000003,2025,M13,0.039,F,CN4011700000000,03,U,40,"Pawnee County, OK",unemployment rate
LAUCN401190000000003,2025,M13,0.033,F,CN4011900000000,03,U,40,"Payne County, OK",unemployment rate
LAUCN401210000000003,2025,M13,0.043,F,CN4012100000000,03,U,40,"Pittsburg County, OK",unemployment rate
LAUCN401230000000003,2025,M13,0.03,F,CN4012300000000,03,U,40,"Pontotoc County, OK",unemployment rate
LAUCN401250000000003,2025,M13,0.038,F,CN4012500000000,03,U,40,"Pottawatomie County, OK",unemployment rate
LAUCN401270000000003,2025,M13,0.05,F,CN4012700000000,03,U,40,"Pushmataha County, OK",unemployment rate
LAUCN401290000000003,2025,M13,0.026000000000000002,F,CN4012900000000,03,U,40,"Roger Mills County, OK",unemployment rate
LAUCN401310000000003,2025,M13,0.03,F,CN4013100000000,03,U,40,"Rogers County, OK",unemployment rate
LAUCN401330000000003,2025,M13,0.05,F,CN4013300000000,03,U,40,"Seminole County, OK",unemployment rate
LAUCN401350000000003,2025,M13,0.04,F,CN4013500000000,03,U,40,"Sequoyah County, OK",unemployment rate
LAUCN401370000000003,2025,M13,0.038,F,CN4013700000000,03,U,40,"Stephens County, OK",unemployment rate
LAUCN401390000000003,2025,M13,0.019,F,CN4013900000000,03,U,40,"Texas County, OK",unemployment rate
LAUCN401410000000003,2025,M13,0.039,F,CN4014100000000,03,U,40,"Tillman County, OK",unemployment rate
LAUCN401430000000003,2025,M13,0.033,F,CN4014300000000,03,U,40,"Tulsa County, OK",unemployment rate
LAUCN401450000000003,2025,M13,0.031,F,CN4014500000000,03,U,40,"Wagoner County, OK",unemployment rate
LAUCN401470000000003,2025,M13,0.036000000000000004,F,CN4014700000000,03,U,40,"Washington County, OK",unemployment rate
LAUCN401490000000003,2025,M13,0.028999999999999998,F,CN4014900000000,03,U,40,"Washita County, OK",unemployment rate
LAUCN401510000000003,2025,M13,0.027000000000000003,F,CN4015100000000,03,U,40,"Woods County, OK",unemployment rate
LAUCN401530000000003,2025,M13,0.027999999999999997,F,CN4015300000000,03,U,40,"Woodward County, OK",unemployment rate
LAUCN410010000000003,2025,M13,0.055,F,CN4100100000000,03,U,41,"Baker County, OR",unemployment rate
LAUCN410030000000003,2025,M13,0.043,F,CN4100300000000,03,U,41,"Benton County, OR",unemployment rate
LAUCN410050000000003,2025,M13,0.049,F,CN4100500000000,03,U,41,"Clackamas County, OR",unemployment rate
LAUCN410070000000003,2025,M13,0.051,F,CN4100700000000,03,U,41,"Clatsop County, OR",unemployment rate
LAUCN410090000000003,2025,M13,0.06,F,CN4100900000000,03,U,41,"Columbia County, OR",unemployment rate
LAUCN410110000000003,2025,M13,0.057999999999999996,F,CN4101100000000,03,U,41,"Coos County, OR",unemployment rate
LAUCN410130000000003,2025,M13,0.057999999999999996,F,CN4101300000000,03,U,41,"Crook County, OR",unemployment rate
LAUCN410150000000003,2025,M13,0.064,F,CN4101500000000,03,U,41,"Curry County, OR",unemployment rate
LAUCN410170000000003,2025,M13,0.048,F,CN4101700000000,03,U,41,"Deschutes County, OR",unemployment rate
LAUCN410190000000003,2025,M13,0.062,F,CN4101900000000,03,U,41,"Douglas County, OR",unemployment rate
LAUCN410210000000003,2025,M13,0.052000000000000005,F,CN4102100000000,03,U,41,"Gilliam County, OR",unemployment rate
LAUCN410230000000003,2025,M13,0.075,F,CN4102300000000,03,U,41,"Grant County, OR",unemployment rate
LAUCN410250000000003,2025,M13,0.049,F,CN4102500000000,03,U,41,"Harney County, OR",unemployment rate
LAUCN410270000000003,2025,M13,0.040999999999999995,F,CN4102700000000,03,U,41,"Hood River County, OR",unemployment rate
LAUCN410290000000003,2025,M13,0.057,F,CN4102900000000,03,U,41,"Jackson County, OR",unemployment rate
LAUCN410310000000003,2025,M13,0.055999999999999994,F,CN4103100000000,03,U,41,"Jefferson County, OR",unemployment rate
LAUCN410330000000003,2025,M13,0.071,F,CN4103300000000,03,U,41,"Josephine County, OR",unemployment rate
LAUCN410350000000003,2025,M13,0.07200000000000001,F,CN4103500000000,03,U,41,"Klamath County, OR",unemployment rate
LAUCN410370000000003,2025,M13,0.062,F,CN4103700000000,03,U,41,"Lake County, OR",unemployment rate
LAUCN410390000000003,2025,M13,0.051,F,CN4103900000000,03,U,41,"Lane County, OR",unemployment rate
LAUCN410410000000003,2025,M13,0.06,F,CN4104100000000,03,U,41,"Lincoln County, OR",unemployment rate
LAUCN410430000000003,2025,M13,0.055,F,CN4104300000000,03,U,41,"Linn County, OR",unemployment rate
LAUCN410450000000003,2025,M13,0.047,F,CN4104500000000,03,U,41,"Malheur County, OR",unemployment rate
LAUCN410470000000003,2025,M13,0.05,F,CN4104700000000,03,U,41,"Marion County, OR",unemployment rate
LAUCN410490000000003,2025,M13,0.053,F,CN4104900000000,03,U,41,"Morrow County, OR",unemployment rate
LAUCN410510000000003,2025,M13,0.051,F,CN4105100000000,03,U,41,"Multnomah County, OR",unemployment rate
LAUCN410530000000003,2025,M13,0.049,F,CN4105300000000,03,U,41,"Polk County, OR",unemployment rate
LAUCN410550000000003,2025,M13,0.049,F,CN4105500000000,03,U,41,"Sherman County, OR",unemployment rate
LAUCN410570000000003,2025,M13,0.053,F,CN4105700000000,03,U,41,"Tillamook County, OR",unemployment rate
LAUCN410590000000003,2025,M13,0.055999999999999994,F,CN4105900000000,03,U,41,"Umatilla County, OR",unemployment rate
LAUCN410610000000003,2025,M13,0.057,F,CN4106100000000,03,U,41,"Union County, OR",unemployment rate
LAUCN410630000000003,2025,M13,0.057999999999999996,F,CN4106300000000,03,U,41,"Wallowa County, OR",unemployment rate
LAUCN410650000000003,2025,M13,0.051,F,CN4106500000000,03,U,41,"Wasco County, OR",unemployment rate
LAUCN410670000000003,2025,M13,0.049,F,CN4106700000000,03,U,41,"Washington County, OR",unemployment rate
LAUCN410690000000003,2025,M13,0.046,F,CN4106900000000,03,U,41,"Wheeler County, OR",unemployment rate
LAUCN410710000000003,2025,M13,0.049,F,CN4107100000000,03,U,41,"Yamhill County, OR",unemployment rate
LAUCN420010000000003,2025,M13,0.037000000000000005,F,CN4200100000000,03,U,42,"Adams County, PA",unemployment rate
LAUCN420030000000003,2025,M13,0.04,F,CN4200300000000,03,U,42,"Allegheny County, PA",unemployment rate
LAUCN420050000000003,2025,M13,0.049,F,CN4200500000000,03,U,42,"Armstrong County, PA",unemployment rate
LAUCN420070000000003,2025,M13,0.045,F,CN4200700000000,03,U,42,"Beaver County, PA",unemployment rate
LAUCN420090000000003,2025,M13,0.044000000000000004,F,CN4200900000000,03,U,42,"Bedford County, PA",unemployment rate
LAUCN420110000000003,2025,M13,0.044000000000000004,F,CN4201100000000,03,U,42,"Berks County, PA",unemployment rate
LAUCN420130000000003,2025,M13,0.040999999999999995,F,CN4201300000000,03,U,42,"Blair County, PA",unemployment rate
LAUCN420150000000003,2025,M13,0.042,F,CN4201500000000,03,U,42,"Bradford County, PA",unemployment rate
LAUCN420170000000003,2025,M13,0.038,F,CN4201700000000,03,U,42,"Bucks County, PA",unemployment rate
LAUCN420190000000003,2025,M13,0.038,F,CN4201900000000,03,U,42,"Butler County, PA",unemployment rate
LAUCN420210000000003,2025,M13,0.05,F,CN4202100000000,03,U,42,"Cambria County, PA",unemployment rate
LAUCN420230000000003,2025,M13,0.064,F,CN4202300000000,03,U,42,"Cameron County, PA",unemployment rate
LAUCN420250000000003,2025,M13,0.046,F,CN4202500000000,03,U,42,"Carbon County, PA",unemployment rate
LAUCN420270000000003,2025,M13,0.033,F,CN4202700000000,03,U,42,"Centre County, PA",unemployment rate
LAUCN420290000000003,2025,M13,0.032,F,CN4202900000000,03,U,42,"Chester County, PA",unemployment rate
LAUCN420310000000003,2025,M13,0.044000000000000004,F,CN4203100000000,03,U,42,"Clarion County, PA",unemployment rate
LAUCN420330000000003,2025,M13,0.046,F,CN4203300000000,03,U,42,"Clearfield County, PA",unemployment rate
LAUCN420350000000003,2025,M13,0.048,F,CN4203500000000,03,U,42,"Clinton County, PA",unemployment rate
LAUCN420370000000003,2025,M13,0.05,F,CN4203700000000,03,U,42,"Columbia County, PA",unemployment rate
LAUCN420390000000003,2025,M13,0.044000000000000004,F,CN4203900000000,03,U,42,"Crawford County, PA",unemployment rate
LAUCN420410000000003,2025,M13,0.035,F,CN4204100000000,03,U,42,"Cumberland County, PA",unemployment rate
LAUCN420430000000003,2025,M13,0.044000000000000004,F,CN4204300000000,03,U,42,"Dauphin County, PA",unemployment rate
LAUCN420450000000003,2025,M13,0.042,F,CN4204500000000,03,U,42,"Delaware County, PA",unemployment rate
LAUCN420470000000003,2025,M13,0.045,F,CN4204700000000,03,U,42,"Elk County, PA",unemployment rate
LAUCN420490000000003,2025,M13,0.045,F,CN4204900000000,03,U,42,"Erie County, PA",unemployment rate
LAUCN420510000000003,2025,M13,0.055,F,CN4205100000000,03,U,42,"Fayette County, PA",unemployment rate
LAUCN420530000000003,2025,M13,0.063,F,CN4205300000000,03,U,42,"Forest County, PA",unemployment rate
LAUCN420550000000003,2025,M13,0.038,F,CN4205500000000,03,U,42,"Franklin County, PA",unemployment rate
LAUCN420570000000003,2025,M13,0.040999999999999995,F,CN4205700000000,03,U,42,"Fulton County, PA",unemployment rate
LAUCN420590000000003,2025,M13,0.049,F,CN4205900000000,03,U,42,"Greene County, PA",unemployment rate
LAUCN420610000000003,2025,M13,0.05,F,CN4206100000000,03,U,42,"Huntingdon County, PA",unemployment rate
LAUCN420630000000003,2025,M13,0.049,F,CN4206300000000,03,U,42,"Indiana County, PA",unemployment rate
LAUCN420650000000003,2025,M13,0.046,F,CN4206500000000,03,U,42,"Jefferson County, PA",unemployment rate
LAUCN420670000000003,2025,M13,0.052000000000000005,F,CN4206700000000,03,U,42,"Juniata County, PA",unemployment rate
LAUCN420690000000003,2025,M13,0.047,F,CN4206900000000,03,U,42,"Lackawanna County, PA",unemployment rate
LAUCN420710000000003,2025,M13,0.034,F,CN4207100000000,03,U,42,"Lancaster County, PA",unemployment rate
LAUCN420730000000003,2025,M13,0.05,F,CN4207300000000,03,U,42,"Lawrence County, PA",unemployment rate
LAUCN420750000000003,2025,M13,0.039,F,CN4207500000000,03,U,42,"Lebanon County, PA",unemployment rate
LAUCN420770000000003,2025,M13,0.046,F,CN4207700000000,03,U,42,"Lehigh County, PA",unemployment rate
LAUCN420790000000003,2025,M13,0.053,F,CN4207900000000,03,U,42,"Luzerne County, PA",unemployment rate
LAUCN420810000000003,2025,M13,0.047,F,CN4208100000000,03,U,42,"Lycoming County, PA",unemployment rate
LAUCN420830000000003,2025,M13,0.047,F,CN4208300000000,03,U,42,"McKean County, PA",unemployment rate
LAUCN420850000000003,2025,M13,0.048,F,CN4208500000000,03,U,42,"Mercer County, PA",unemployment rate
LAUCN420870000000003,2025,M13,0.039,F,CN4208700000000,03,U,42,"Mifflin County, PA",unemployment rate
LAUCN420890000000003,2025,M13,0.049,F,CN4208900000000,03,U,42,"Monroe County, PA",unemployment rate
LAUCN420910000000003,2025,M13,0.035,F,CN4209100000000,03,U,42,"Montgomery County, PA",unemployment rate
LAUCN420930000000003,2025,M13,0.033,F,CN4209300000000,03,U,42,"Montour County, PA",unemployment rate
LAUCN420950000000003,2025,M13,0.043,F,CN4209500000000,03,U,42,"Northampton County, PA",unemployment rate
LAUCN420970000000003,2025,M13,0.048,F,CN4209700000000,03,U,42,"Northumberland County, PA",unemployment rate
LAUCN420990000000003,2025,M13,0.038,F,CN4209900000000,03,U,42,"Perry County, PA",unemployment rate
LAUCN421010000000003,2025,M13,0.053,F,CN4210100000000,03,U,42,"Philadelphia County/city, PA",unemployment rate
LAUCN421030000000003,2025,M13,0.05,F,CN4210300000000,03,U,42,"Pike County, PA",unemployment rate
LAUCN421050000000003,2025,M13,0.055,F,CN4210500000000,03,U,42,"Potter County, PA",unemployment rate
LAUCN421070000000003,2025,M13,0.049,F,CN4210700000000,03,U,42,"Schuylkill County, PA",unemployment rate
LAUCN421090000000003,2025,M13,0.040999999999999995,F,CN4210900000000,03,U,42,"Snyder County, PA",unemployment rate
LAUCN421110000000003,2025,M13,0.047,F,CN4211100000000,03,U,42,"Somerset County, PA",unemployment rate
LAUCN421130000000003,2025,M13,0.044000000000000004,F,CN4211300000000,03,U,42,"Sullivan County, PA",unemployment rate
LAUCN421150000000003,2025,M13,0.046,F,CN4211500000000,03,U,42,"Susquehanna County, PA",unemployment rate
LAUCN421170000000003,2025,M13,0.046,F,CN4211700000000,03,U,42,"Tioga County, PA",unemployment rate
LAUCN421190000000003,2025,M13,0.040999999999999995,F,CN4211900000000,03,U,42,"Union County, PA",unemployment rate
LAUCN421210000000003,2025,M13,0.046,F,CN4212100000000,03,U,42,"Venango County, PA",unemployment rate
LAUCN421230000000003,2025,M13,0.046,F,CN4212300000000,03,U,42,"Warren County, PA",unemployment rate
LAUCN421250000000003,2025,M13,0.042,F,CN4212500000000,03,U,42,"Washington County, PA",unemployment rate
LAUCN421270000000003,2025,M13,0.045,F,CN4212700000000,03,U,42,"Wayne County, PA",unemployment rate
LAUCN421290000000003,2025,M13,0.042,F,CN4212900000000,03,U,42,"Westmoreland County, PA",unemployment rate
LAUCN421310000000003,2025,M13,0.045,F,CN4213100000000,03,U,42,"Wyoming County, PA",unemployment rate
LAUCN421330000000003,2025,M13,0.040999999999999995,F,CN4213300000000,03,U,42,"York County, PA",unemployment rate
LAUCN440010000000003,2025,M13,0.036000000000000004,F,CN4400100000000,03,U,44,"Bristol County, RI",unemployment rate
LAUCN440030000000003,2025,M13,0.040999999999999995,F,CN4400300000000,03,U,44,"Kent County, RI",unemployment rate
LAUCN440050000000003,2025,M13,0.04,F,CN4400500000000,03,U,44,"Newport County, RI",unemployment rate
LAUCN440070000000003,2025,M13,0.049,F,CN4400700000000,03,U,44,"Providence County, RI",unemployment rate
LAUCN440090000000003,2025,M13,0.036000000000000004,F,CN4400900000000,03,U,44,"Washington County, RI",unemployment rate
LAUCN450010000000003,2025,M13,0.048,F,CN4500100000000,03,U,45,"Abbeville County, SC",unemployment rate
LAUCN450030000000003,2025,M13,0.043,F,CN4500300000000,03,U,45,"Aiken County, SC",unemployment rate
LAUCN450050000000003,2025,M13,0.06,F,CN4500500000000,03,U,45,"Allendale County, SC",unemployment rate
LAUCN450070000000003,2025,M13,0.040999999999999995,F,CN4500700000000,03,U,45,"Anderson County, SC",unemployment rate
LAUCN450090000000003,2025,M13,0.059000000000000004,F,CN4500900000000,03,U,45,"Bamberg County, SC",unemployment rate
LAUCN450110000000003,2025,M13,0.057999999999999996,F,CN4501100000000,03,U,45,"Barnwell County, SC",unemployment rate
LAUCN450130000000003,2025,M13,0.042,F,CN4501300000000,03,U,45,"Beaufort County, SC",unemployment rate
LAUCN450150000000003,2025,M13,0.04,F,CN4501500000000,03,U,45,"Berkeley County, SC",unemployment rate
LAUCN450170000000003,2025,M13,0.046,F,CN4501700000000,03,U,45,"Calhoun County, SC",unemployment rate
LAUCN450190000000003,2025,M13,0.036000000000000004,F,CN4501900000000,03,U,45,"Charleston County, SC",unemployment rate
LAUCN450210000000003,2025,M13,0.057999999999999996,F,CN4502100000000,03,U,45,"Cherokee County, SC",unemployment rate
LAUCN450230000000003,2025,M13,0.057,F,CN4502300000000,03,U,45,"Chester County, SC",unemployment rate
LAUCN450250000000003,2025,M13,0.051,F,CN4502500000000,03,U,45,"Chesterfield County, SC",unemployment rate
LAUCN450270000000003,2025,M13,0.061,F,CN4502700000000,03,U,45,"Clarendon County, SC",unemployment rate
LAUCN450290000000003,2025,M13,0.052000000000000005,F,CN4502900000000,03,U,45,"Colleton County, SC",unemployment rate
LAUCN450310000000003,2025,M13,0.05,F,CN4503100000000,03,U,45,"Darlington County, SC",unemployment rate
LAUCN450330000000003,2025,M13,0.06,F,CN4503300000000,03,U,45,"Dillon County, SC",unemployment rate
LAUCN450350000000003,2025,M13,0.039,F,CN4503500000000,03,U,45,"Dorchester County, SC",unemployment rate
LAUCN450370000000003,2025,M13,0.039,F,CN4503700000000,03,U,45,"Edgefield County, SC",unemployment rate
LAUCN450390000000003,2025,M13,0.053,F,CN4503900000000,03,U,45,"Fairfield County, SC",unemployment rate
LAUCN450410000000003,2025,M13,0.048,F,CN4504100000000,03,U,45,"Florence County, SC",unemployment rate
LAUCN450430000000003,2025,M13,0.055,F,CN4504300000000,03,U,45,"Georgetown County, SC",unemployment rate
LAUCN450450000000003,2025,M13,0.039,F,CN4504500000000,03,U,45,"Greenville County, SC",unemployment rate
LAUCN450470000000003,2025,M13,0.054000000000000006,F,CN4504700000000,03,U,45,"Greenwood County, SC",unemployment rate
LAUCN450490000000003,2025,M13,0.044000000000000004,F,CN4504900000000,03,U,45,"Hampton County, SC",unemployment rate
LAUCN450510000000003,2025,M13,0.052000000000000005,F,CN4505100000000,03,U,45,"Horry County, SC",unemployment rate
LAUCN450530000000003,2025,M13,0.044000000000000004,F,CN4505300000000,03,U,45,"Jasper County, SC",unemployment rate
LAUCN450550000000003,2025,M13,0.044000000000000004,F,CN4505500000000,03,U,45,"Kershaw County, SC",unemployment rate
LAUCN450570000000003,2025,M13,0.047,F,CN4505700000000,03,U,45,"Lancaster County, SC",unemployment rate
LAUCN450590000000003,2025,M13,0.048,F,CN4505900000000,03,U,45,"Laurens County, SC",unemployment rate
LAUCN450610000000003,2025,M13,0.06,F,CN4506100000000,03,U,45,"Lee County, SC",unemployment rate
LAUCN450630000000003,2025,M13,0.038,F,CN4506300000000,03,U,45,"Lexington County, SC",unemployment rate
LAUCN450650000000003,2025,M13,0.053,F,CN4506500000000,03,U,45,"McCormick County, SC",unemployment rate
LAUCN450670000000003,2025,M13,0.062,F,CN4506700000000,03,U,45,"Marion County, SC",unemployment rate
LAUCN450690000000003,2025,M13,0.073,F,CN4506900000000,03,U,45,"Marlboro County, SC",unemployment rate
LAUCN450710000000003,2025,M13,0.044000000000000004,F,CN4507100000000,03,U,45,"Newberry County, SC",unemployment rate
LAUCN450730000000003,2025,M13,0.042,F,CN4507300000000,03,U,45,"Oconee County, SC",unemployment rate
LAUCN450750000000003,2025,M13,0.064,F,CN4507500000000,03,U,45,"Orangeburg County, SC",unemployment rate
LAUCN450770000000003,2025,M13,0.043,F,CN4507700000000,03,U,45,"Pickens County, SC",unemployment rate
LAUCN450790000000003,2025,M13,0.046,F,CN4507900000000,03,U,45,"Richland County, SC",unemployment rate
LAUCN450810000000003,2025,M13,0.039,F,CN4508100000000,03,U,45,"Saluda County, SC",unemployment rate
LAUCN450830000000003,2025,M13,0.046,F,CN4508300000000,03,U,45,"Spartanburg County, SC",unemployment rate
LAUCN450850000000003,2025,M13,0.054000000000000006,F,CN4508500000000,03,U,45,"Sumter County, SC",unemployment rate
LAUCN450870000000003,2025,M13,0.059000000000000004,F,CN4508700000000,03,U,45,"Union County, SC",unemployment rate
LAUCN450890000000003,2025,M13,0.077,F,CN4508900000000,03,U,45,"Williamsburg County, SC",unemployment rate
LAUCN450910000000003,2025,M13,0.045,F,CN4509100000000,03,U,45,"York County, SC",unemployment rate
LAUCN460030000000003,2025,M13,0.017,F,CN4600300000000,03,U,46,"Aurora County, SD",unemployment rate
LAUCN460050000000003,2025,M13,0.02,F,CN4600500000000,03,U,46,"Beadle County, SD",unemployment rate
LAUCN460070000000003,2025,M13,0.026000000000000002,F,CN4600700000000,03,U,46,"Bennett County, SD",unemployment rate
LAUCN460090000000003,2025,M13,0.021,F,CN4600900000000,03,U,46,"Bon Homme County, SD",unemployment rate
LAUCN460110000000003,2025,M13,0.021,F,CN4601100000000,03,U,46,"Brookings County, SD",unemployment rate
LAUCN460130000000003,2025,M13,0.021,F,CN4601300000000,03,U,46,"Brown County, SD",unemployment rate
LAUCN460150000000003,2025,M13,0.013999999999999999,F,CN4601500000000,03,U,46,"Brule County, SD",unemployment rate
LAUCN460170000000003,2025,M13,0.044000000000000004,F,CN4601700000000,03,U,46,"Buffalo County, SD",unemployment rate
LAUCN460190000000003,2025,M13,0.019,F,CN4601900000000,03,U,46,"Butte County, SD",unemployment rate
LAUCN460210000000003,2025,M13,0.036000000000000004,F,CN4602100000000,03,U,46,"Campbell County, SD",unemployment rate
LAUCN460230000000003,2025,M13,0.021,F,CN4602300000000,03,U,46,"Charles Mix County, SD",unemployment rate
LAUCN460250000000003,2025,M13,0.022000000000000002,F,CN4602500000000,03,U,46,"Clark County, SD",unemployment rate
LAUCN460270000000003,2025,M13,0.021,F,CN4602700000000,03,U,46,"Clay County, SD",unemployment rate
LAUCN460290000000003,2025,M13,0.02,F,CN4602900000000,03,U,46,"Codington County, SD",unemployment rate
LAUCN460310000000003,2025,M13,0.040999999999999995,F,CN4603100000000,03,U,46,"Corson County, SD",unemployment rate
LAUCN460330000000003,2025,M13,0.024,F,CN4603300000000,03,U,46,"Custer County, SD",unemployment rate
LAUCN460350000000003,2025,M13,0.018000000000000002,F,CN4603500000000,03,U,46,"Davison County, SD",unemployment rate
LAUCN460370000000003,2025,M13,0.024,F,CN4603700000000,03,U,46,"Day County, SD",unemployment rate
LAUCN460390000000003,2025,M13,0.025,F,CN4603900000000,03,U,46,"Deuel County, SD",unemployment rate
LAUCN460410000000003,2025,M13,0.051,F,CN4604100000000,03,U,46,"Dewey County, SD",unemployment rate
LAUCN460430000000003,2025,M13,0.019,F,CN4604300000000,03,U,46,"Douglas County, SD",unemployment rate
LAUCN460450000000003,2025,M13,0.02,F,CN4604500000000,03,U,46,"Edmunds County, SD",unemployment rate
LAUCN460470000000003,2025,M13,0.027000000000000003,F,CN4604700000000,03,U,46,"Fall River County, SD",unemployment rate
LAUCN460490000000003,2025,M13,0.016,F,CN4604900000000,03,U,46,"Faulk County, SD",unemployment rate
LAUCN460510000000003,2025,M13,0.032,F,CN4605100000000,03,U,46,"Grant County, SD",unemployment rate
LAUCN460530000000003,2025,M13,0.02,F,CN4605300000000,03,U,46,"Gregory County, SD",unemployment rate
LAUCN460550000000003,2025,M13,0.017,F,CN4605500000000,03,U,46,"Haakon County, SD",unemployment rate
LAUCN460570000000003,2025,M13,0.018000000000000002,F,CN4605700000000,03,U,46,"Hamlin County, SD",unemployment rate
LAUCN460590000000003,2025,M13,0.017,F,CN4605900000000,03,U,46,"Hand County, SD",unemployment rate
LAUCN460610000000003,2025,M13,0.024,F,CN4606100000000,03,U,46,"Hanson County, SD",unemployment rate
LAUCN460630000000003,2025,M13,0.016,F,CN4606300000000,03,U,46,"Harding County, SD",unemployment rate
LAUCN460650000000003,2025,M13,0.017,F,CN4606500000000,03,U,46,"Hughes County, SD",unemployment rate
LAUCN460670000000003,2025,M13,0.019,F,CN4606700000000,03,U,46,"Hutchinson County, SD",unemployment rate
LAUCN460690000000003,2025,M13,0.013999999999999999,F,CN4606900000000,03,U,46,"Hyde County, SD",unemployment rate
LAUCN460710000000003,2025,M13,0.033,F,CN4607100000000,03,U,46,"Jackson County, SD",unemployment rate
LAUCN460730000000003,2025,M13,0.017,F,CN4607300000000,03,U,46,"Jerauld County, SD",unemployment rate
LAUCN460750000000003,2025,M13,0.026000000000000002,F,CN4607500000000,03,U,46,"Jones County, SD",unemployment rate
LAUCN460770000000003,2025,M13,0.023,F,CN4607700000000,03,U,46,"Kingsbury County, SD",unemployment rate
LAUCN460790000000003,2025,M13,0.018000000000000002,F,CN4607900000000,03,U,46,"Lake County, SD",unemployment rate
LAUCN460810000000003,2025,M13,0.019,F,CN4608100000000,03,U,46,"Lawrence County, SD",unemployment rate
LAUCN460830000000003,2025,M13,0.018000000000000002,F,CN4608300000000,03,U,46,"Lincoln County, SD",unemployment rate
LAUCN460850000000003,2025,M13,0.023,F,CN4608500000000,03,U,46,"Lyman County, SD",unemployment rate
LAUCN460870000000003,2025,M13,0.019,F,CN4608700000000,03,U,46,"McCook County, SD",unemployment rate
LAUCN460890000000003,2025,M13,0.023,F,CN4608900000000,03,U,46,"McPherson County, SD",unemployment rate
LAUCN460910000000003,2025,M13,0.024,F,CN4609100000000,03,U,46,"Marshall County, SD",unemployment rate
LAUCN460930000000003,2025,M13,0.02,F,CN4609300000000,03,U,46,"Meade County, SD",unemployment rate
LAUCN460950000000003,2025,M13,0.03,F,CN4609500000000,03,U,46,"Mellette County, SD",unemployment rate
LAUCN460970000000003,2025,M13,0.023,F,CN4609700000000,03,U,46,"Miner County, SD",unemployment rate
LAUCN460990000000003,2025,M13,0.02,F,CN4609900000000,03,U,46,"Minnehaha County, SD",unemployment rate
LAUCN461010000000003,2025,M13,0.024,F,CN4610100000000,03,U,46,"Moody County, SD",unemployment rate
LAUCN461020000000003,2025,M13,0.052000000000000005,F,CN4610200000000,03,U,46,"Oglala Lakota County, SD",unemployment rate
LAUCN461030000000003,2025,M13,0.02,F,CN4610300000000,03,U,46,"Pennington County, SD",unemployment rate
LAUCN461050000000003,2025,M13,0.018000000000000002,F,CN4610500000000,03,U,46,"Perkins County, SD",unemployment rate
LAUCN461070000000003,2025,M13,0.022000000000000002,F,CN4610700000000,03,U,46,"Potter County, SD",unemployment rate
LAUCN461090000000003,2025,M13,0.035,F,CN4610900000000,03,U,46,"Roberts County, SD",unemployment rate
LAUCN461110000000003,2025,M13,0.017,F,CN4611100000000,03,U,46,"Sanborn County, SD",unemployment rate
LAUCN461150000000003,2025,M13,0.022000000000000002,F,CN4611500000000,03,U,46,"Spink County, SD",unemployment rate
LAUCN461170000000003,2025,M13,0.016,F,CN4611700000000,03,U,46,"Stanley County, SD",unemployment rate
LAUCN461190000000003,2025,M13,0.017,F,CN4611900000000,03,U,46,"Sully County, SD",unemployment rate
LAUCN461210000000003,2025,M13,0.055999999999999994,F,CN4612100000000,03,U,46,"Todd County, SD",unemployment rate
LAUCN461230000000003,2025,M13,0.016,F,CN4612300000000,03,U,46,"Tripp County, SD",unemployment rate
LAUCN461250000000003,2025,M13,0.02,F,CN4612500000000,03,U,46,"Turner County, SD",unemployment rate
LAUCN461270000000003,2025,M13,0.021,F,CN4612700000000,03,U,46,"Union County, SD",unemployment rate
LAUCN461290000000003,2025,M13,0.027999999999999997,F,CN4612900000000,03,U,46,"Walworth County, SD",unemployment rate
LAUCN461350000000003,2025,M13,0.019,F,CN4613500000000,03,U,46,"Yankton County, SD",unemployment rate
LAUCN461370000000003,2025,M13,0.028999999999999998,F,CN4613700000000,03,U,46,"Ziebach County, SD",unemployment rate
LAUCN470010000000003,2025,M13,0.034,F,CN4700100000000,03,U,47,"Anderson County, TN",unemployment rate
LAUCN470030000000003,2025,M13,0.034,F,CN4700300000000,03,U,47,"Bedford County, TN",unemployment rate
LAUCN470050000000003,2025,M13,0.046,F,CN4700500000000,03,U,47,"Benton County, TN",unemployment rate
LAUCN470070000000003,2025,M13,0.033,F,CN4700700000000,03,U,47,"Bledsoe County, TN",unemployment rate
LAUCN470090000000003,2025,M13,0.03,F,CN4700900000000,03,U,47,"Blount County, TN",unemployment rate
LAUCN470110000000003,2025,M13,0.038,F,CN4701100000000,03,U,47,"Bradley County, TN",unemployment rate
LAUCN470130000000003,2025,M13,0.036000000000000004,F,CN4701300000000,03,U,47,"Campbell County, TN",unemployment rate
LAUCN470150000000003,2025,M13,0.031,F,CN4701500000000,03,U,47,"Cannon County, TN",unemployment rate
LAUCN470170000000003,2025,M13,0.042,F,CN4701700000000,03,U,47,"Carroll County, TN",unemployment rate
LAUCN470190000000003,2025,M13,0.039,F,CN4701900000000,03,U,47,"Carter County, TN",unemployment rate
LAUCN470210000000003,2025,M13,0.028999999999999998,F,CN4702100000000,03,U,47,"Cheatham County, TN",unemployment rate
LAUCN470230000000003,2025,M13,0.040999999999999995,F,CN4702300000000,03,U,47,"Chester County, TN",unemployment rate
LAUCN470250000000003,2025,M13,0.040999999999999995,F,CN4702500000000,03,U,47,"Claiborne County, TN",unemployment rate
LAUCN470270000000003,2025,M13,0.046,F,CN4702700000000,03,U,47,"Clay County, TN",unemployment rate
LAUCN470290000000003,2025,M13,0.051,F,CN4702900000000,03,U,47,"Cocke County, TN",unemployment rate
LAUCN470310000000003,2025,M13,0.036000000000000004,F,CN4703100000000,03,U,47,"Coffee County, TN",unemployment rate
LAUCN470330000000003,2025,M13,0.036000000000000004,F,CN4703300000000,03,U,47,"Crockett County, TN",unemployment rate
LAUCN470350000000003,2025,M13,0.045,F,CN4703500000000,03,U,47,"Cumberland County, TN",unemployment rate
LAUCN470370000000003,2025,M13,0.03,F,CN4703700000000,03,U,47,"Davidson County, TN",unemployment rate
LAUCN470390000000003,2025,M13,0.046,F,CN4703900000000,03,U,47,"Decatur County, TN",unemployment rate
LAUCN470410000000003,2025,M13,0.040999999999999995,F,CN4704100000000,03,U,47,"DeKalb County, TN",unemployment rate
LAUCN470430000000003,2025,M13,0.03,F,CN4704300000000,03,U,47,"Dickson County, TN",unemployment rate
LAUCN470450000000003,2025,M13,0.035,F,CN4704500000000,03,U,47,"Dyer County, TN",unemployment rate
LAUCN470470000000003,2025,M13,0.036000000000000004,F,CN4704700000000,03,U,47,"Fayette County, TN",unemployment rate
LAUCN470490000000003,2025,M13,0.037000000000000005,F,CN4704900000000,03,U,47,"Fentress County, TN",unemployment rate
LAUCN470510000000003,2025,M13,0.039,F,CN4705100000000,03,U,47,"Franklin County, TN",unemployment rate
LAUCN470530000000003,2025,M13,0.038,F,CN4705300000000,03,U,47,"Gibson County, TN",unemployment rate
LAUCN470550000000003,2025,M13,0.043,F,CN4705500000000,03,U,47,"Giles County, TN",unemployment rate
LAUCN470570000000003,2025,M13,0.036000000000000004,F,CN4705700000000,03,U,47,"Grainger County, TN",unemployment rate
LAUCN470590000000003,2025,M13,0.047,F,CN4705900000000,03,U,47,"Greene County, TN",unemployment rate
LAUCN470610000000003,2025,M13,0.043,F,CN4706100000000,03,U,47,"Grundy County, TN",unemployment rate
LAUCN470630000000003,2025,M13,0.038,F,CN4706300000000,03,U,47,"Hamblen County, TN",unemployment rate
LAUCN470650000000003,2025,M13,0.033,F,CN4706500000000,03,U,47,"Hamilton County, TN",unemployment rate
LAUCN470670000000003,2025,M13,0.046,F,CN4706700000000,03,U,47,"Hancock County, TN",unemployment rate
LAUCN470690000000003,2025,M13,0.052000000000000005,F,CN4706900000000,03,U,47,"Hardeman County, TN",unemployment rate
LAUCN470710000000003,2025,M13,0.039,F,CN4707100000000,03,U,47,"Hardin County, TN",unemployment rate
LAUCN470730000000003,2025,M13,0.04,F,CN4707300000000,03,U,47,"Hawkins County, TN",unemployment rate
LAUCN470750000000003,2025,M13,0.036000000000000004,F,CN4707500000000,03,U,47,"Haywood County, TN",unemployment rate
LAUCN470770000000003,2025,M13,0.040999999999999995,F,CN4707700000000,03,U,47,"Henderson County, TN",unemployment rate
LAUCN470790000000003,2025,M13,0.040999999999999995,F,CN4707900000000,03,U,47,"Henry County, TN",unemployment rate
LAUCN470810000000003,2025,M13,0.033,F,CN4708100000000,03,U,47,"Hickman County, TN",unemployment rate
LAUCN470830000000003,2025,M13,0.040999999999999995,F,CN4708300000000,03,U,47,"Houston County, TN",unemployment rate
LAUCN470850000000003,2025,M13,0.038,F,CN4708500000000,03,U,47,"Humphreys County, TN",unemployment rate
LAUCN470870000000003,2025,M13,0.042,F,CN4708700000000,03,U,47,"Jackson County, TN",unemployment rate
LAUCN470890000000003,2025,M13,0.037000000000000005,F,CN4708900000000,03,U,47,"Jefferson County, TN",unemployment rate
LAUCN470910000000003,2025,M13,0.053,F,CN4709100000000,03,U,47,"Johnson County, TN",unemployment rate
LAUCN470930000000003,2025,M13,0.03,F,CN4709300000000,03,U,47,"Knox County, TN",unemployment rate
LAUCN470950000000003,2025,M13,0.051,F,CN4709500000000,03,U,47,"Lake County, TN",unemployment rate
LAUCN470970000000003,2025,M13,0.048,F,CN4709700000000,03,U,47,"Lauderdale County, TN",unemployment rate
LAUCN470990000000003,2025,M13,0.042,F,CN4709900000000,03,U,47,"Lawrence County, TN",unemployment rate
LAUCN471010000000003,2025,M13,0.042,F,CN4710100000000,03,U,47,"Lewis County, TN",unemployment rate
LAUCN471030000000003,2025,M13,0.037000000000000005,F,CN4710300000000,03,U,47,"Lincoln County, TN",unemployment rate
LAUCN471050000000003,2025,M13,0.033,F,CN4710500000000,03,U,47,"Loudon County, TN",unemployment rate
LAUCN471070000000003,2025,M13,0.044000000000000004,F,CN4710700000000,03,U,47,"McMinn County, TN",unemployment rate
LAUCN471090000000003,2025,M13,0.042,F,CN4710900000000,03,U,47,"McNairy County, TN",unemployment rate
LAUCN471110000000003,2025,M13,0.03,F,CN4711100000000,03,U,47,"Macon County, TN",unemployment rate
LAUCN471130000000003,2025,M13,0.039,F,CN4711300000000,03,U,47,"Madison County, TN",unemployment rate
LAUCN471150000000003,2025,M13,0.040999999999999995,F,CN4711500000000,03,U,47,"Marion County, TN",unemployment rate
LAUCN471170000000003,2025,M13,0.038,F,CN4711700000000,03,U,47,"Marshall County, TN",unemployment rate
LAUCN471190000000003,2025,M13,0.036000000000000004,F,CN4711900000000,03,U,47,"Maury County, TN",unemployment rate
LAUCN471210000000003,2025,M13,0.051,F,CN4712100000000,03,U,47,"Meigs County, TN",unemployment rate
LAUCN471230000000003,2025,M13,0.04,F,CN4712300000000,03,U,47,"Monroe County, TN",unemployment rate
LAUCN471250000000003,2025,M13,0.037000000000000005,F,CN4712500000000,03,U,47,"Montgomery County, TN",unemployment rate
LAUCN471270000000003,2025,M13,0.034,F,CN4712700000000,03,U,47,"Moore County, TN",unemployment rate
LAUCN471290000000003,2025,M13,0.04,F,CN4712900000000,03,U,47,"Morgan County, TN",unemployment rate
LAUCN471310000000003,2025,M13,0.037000000000000005,F,CN4713100000000,03,U,47,"Obion County, TN",unemployment rate
LAUCN471330000000003,2025,M13,0.035,F,CN4713300000000,03,U,47,"Overton County, TN",unemployment rate
LAUCN471350000000003,2025,M13,0.055,F,CN4713500000000,03,U,47,"Perry County, TN",unemployment rate
LAUCN471370000000003,2025,M13,0.053,F,CN4713700000000,03,U,47,"Pickett County, TN",unemployment rate
LAUCN471390000000003,2025,M13,0.038,F,CN4713900000000,03,U,47,"Polk County, TN",unemployment rate
LAUCN471410000000003,2025,M13,0.035,F,CN4714100000000,03,U,47,"Putnam County, TN",unemployment rate
LAUCN471430000000003,2025,M13,0.042,F,CN4714300000000,03,U,47,"Rhea County, TN",unemployment rate
LAUCN471450000000003,2025,M13,0.037000000000000005,F,CN4714500000000,03,U,47,"Roane County, TN",unemployment rate
LAUCN471470000000003,2025,M13,0.03,F,CN4714700000000,03,U,47,"Robertson County, TN",unemployment rate
LAUCN471490000000003,2025,M13,0.028999999999999998,F,CN4714900000000,03,U,47,"Rutherford County, TN",unemployment rate
LAUCN471510000000003,2025,M13,0.040999999999999995,F,CN4715100000000,03,U,47,"Scott County, TN",unemployment rate
LAUCN471530000000003,2025,M13,0.040999999999999995,F,CN4715300000000,03,U,47,"Sequatchie County, TN",unemployment rate
LAUCN471550000000003,2025,M13,0.033,F,CN4715500000000,03,U,47,"Sevier County, TN",unemployment rate
LAUCN471570000000003,2025,M13,0.046,F,CN4715700000000,03,U,47,"Shelby County, TN",unemployment rate
LAUCN471590000000003,2025,M13,0.033,F,CN4715900000000,03,U,47,"Smith County, TN",unemployment rate
LAUCN471610000000003,2025,M13,0.039,F,CN4716100000000,03,U,47,"Stewart County, TN",unemployment rate
LAUCN471630000000003,2025,M13,0.035,F,CN4716300000000,03,U,47,"Sullivan County, TN",unemployment rate
LAUCN471650000000003,2025,M13,0.03,F,CN4716500000000,03,U,47,"Sumner County, TN",unemployment rate
LAUCN471670000000003,2025,M13,0.038,F,CN4716700000000,03,U,47,"Tipton County, TN",unemployment rate
LAUCN471690000000003,2025,M13,0.032,F,CN4716900000000,03,U,47,"Trousdale County, TN",unemployment rate
LAUCN471710000000003,2025,M13,0.046,F,CN4717100000000,03,U,47,"Unicoi County, TN",unemployment rate
LAUCN471730000000003,2025,M13,0.037000000000000005,F,CN4717300000000,03,U,47,"Union County, TN",unemployment rate
LAUCN471750000000003,2025,M13,0.036000000000000004,F,CN4717500000000,03,U,47,"Van Buren County, TN",unemployment rate
LAUCN471770000000003,2025,M13,0.039,F,CN4717700000000,03,U,47,"Warren County, TN",unemployment rate
LAUCN471790000000003,2025,M13,0.033,F,CN4717900000000,03,U,47,"Washington County, TN",unemployment rate
LAUCN471810000000003,2025,M13,0.038,F,CN4718100000000,03,U,47,"Wayne County, TN",unemployment rate
LAUCN471830000000003,2025,M13,0.043,F,CN4718300000000,03,U,47,"Weakley County, TN",unemployment rate
LAUCN471850000000003,2025,M13,0.043,F,CN4718500000000,03,U,47,"White County, TN",unemployment rate
LAUCN471870000000003,2025,M13,0.027999999999999997,F,CN4718700000000,03,U,47,"Williamson County, TN",unemployment rate
LAUCN471890000000003,2025,M13,0.028999999999999998,F,CN4718900000000,03,U,47,"Wilson County, TN",unemployment rate
LAUCN480010000000003,2025,M13,0.042,F,CN4800100000000,03,U,48,"Anderson County, TX",unemployment rate
LAUCN480030000000003,2025,M13,0.031,F,CN4800300000000,03,U,48,"Andrews County, TX",unemployment rate
LAUCN480050000000003,2025,M13,0.044000000000000004,F,CN4800500000000,03,U,48,"Angelina County, TX",unemployment rate
LAUCN480070000000003,2025,M13,0.048,F,CN4800700000000,03,U,48,"Aransas County, TX",unemployment rate
LAUCN480090000000003,2025,M13,0.036000000000000004,F,CN4800900000000,03,U,48,"Archer County, TX",unemployment rate
LAUCN480110000000003,2025,M13,0.032,F,CN4801100000000,03,U,48,"Armstrong County, TX",unemployment rate
LAUCN480130000000003,2025,M13,0.044000000000000004,F,CN4801300000000,03,U,48,"Atascosa County, TX",unemployment rate
LAUCN480150000000003,2025,M13,0.039,F,CN4801500000000,03,U,48,"Austin County, TX",unemployment rate
LAUCN480170000000003,2025,M13,0.040999999999999995,F,CN4801700000000,03,U,48,"Bailey County, TX",unemployment rate
LAUCN480190000000003,2025,M13,0.04,F,CN4801900000000,03,U,48,"Bandera County, TX",unemployment rate
LAUCN480210000000003,2025,M13,0.037000000000000005,F,CN4802100000000,03,U,48,"Bastrop County, TX",unemployment rate
LAUCN480230000000003,2025,M13,0.03,F,CN4802300000000,03,U,48,"Baylor County, TX",unemployment rate
LAUCN480250000000003,2025,M13,0.048,F,CN4802500000000,03,U,48,"Bee County, TX",unemployment rate
LAUCN480270000000003,2025,M13,0.046,F,CN4802700000000,03,U,48,"Bell County, TX",unemployment rate
LAUCN480290000000003,2025,M13,0.04,F,CN4802900000000,03,U,48,"Bexar County, TX",unemployment rate
LAUCN480310000000003,2025,M13,0.035,F,CN4803100000000,03,U,48,"Blanco County, TX",unemployment rate
LAUCN480330000000003,2025,M13,0.033,F,CN4803300000000,03,U,48,"Borden County, TX",unemployment rate
LAUCN480350000000003,2025,M13,0.04,F,CN4803500000000,03,U,48,"Bosque County, TX",unemployment rate
LAUCN480370000000003,2025,M13,0.042,F,CN4803700000000,03,U,48,"Bowie County, TX",unemployment rate
LAUCN480390000000003,2025,M13,0.046,F,CN4803900000000,03,U,48,"Brazoria County, TX",unemployment rate
LAUCN480410000000003,2025,M13,0.036000000000000004,F,CN4804100000000,03,U,48,"Brazos County, TX",unemployment rate
LAUCN480430000000003,2025,M13,0.03,F,CN4804300000000,03,U,48,"Brewster County, TX",unemployment rate
LAUCN480450000000003,2025,M13,0.034,F,CN4804500000000,03,U,48,"Briscoe County, TX",unemployment rate
LAUCN480470000000003,2025,M13,0.042,F,CN4804700000000,03,U,48,"Brooks County, TX",unemployment rate
LAUCN480490000000003,2025,M13,0.039,F,CN4804900000000,03,U,48,"Brown County, TX",unemployment rate
LAUCN480510000000003,2025,M13,0.036000000000000004,F,CN4805100000000,03,U,48,"Burleson County, TX",unemployment rate
LAUCN480530000000003,2025,M13,0.036000000000000004,F,CN4805300000000,03,U,48,"Burnet County, TX",unemployment rate
LAUCN480550000000003,2025,M13,0.036000000000000004,F,CN4805500000000,03,U,48,"Caldwell County, TX",unemployment rate
LAUCN480570000000003,2025,M13,0.037000000000000005,F,CN4805700000000,03,U,48,"Calhoun County, TX",unemployment rate
LAUCN480590000000003,2025,M13,0.034,F,CN4805900000000,03,U,48,"Callahan County, TX",unemployment rate
LAUCN480610000000003,2025,M13,0.069,F,CN4806100000000,03,U,48,"Cameron County, TX",unemployment rate
LAUCN480630000000003,2025,M13,0.045,F,CN4806300000000,03,U,48,"Camp County, TX",unemployment rate
LAUCN480650000000003,2025,M13,0.028999999999999998,F,CN4806500000000,03,U,48,"Carson County, TX",unemployment rate
LAUCN480670000000003,2025,M13,0.049,F,CN4806700000000,03,U,48,"Cass County, TX",unemployment rate
LAUCN480690000000003,2025,M13,0.027999999999999997,F,CN4806900000000,03,U,48,"Castro County, TX",unemployment rate
LAUCN480710000000003,2025,M13,0.048,F,CN4807100000000,03,U,48,"Chambers County, TX",unemployment rate
LAUCN480730000000003,2025,M13,0.043,F,CN4807300000000,03,U,48,"Cherokee County, TX",unemployment rate
LAUCN480750000000003,2025,M13,0.025,F,CN4807500000000,03,U,48,"Childress County, TX",unemployment rate
LAUCN480770000000003,2025,M13,0.038,F,CN4807700000000,03,U,48,"Clay County, TX",unemployment rate
LAUCN480790000000003,2025,M13,0.039,F,CN4807900000000,03,U,48,"Cochran County, TX",unemployment rate
LAUCN480810000000003,2025,M13,0.033,F,CN4808100000000,03,U,48,"Coke County, TX",unemployment rate
LAUCN480830000000003,2025,M13,0.035,F,CN4808300000000,03,U,48,"Coleman County, TX",unemployment rate
LAUCN480850000000003,2025,M13,0.039,F,CN4808500000000,03,U,48,"Collin County, TX",unemployment rate
LAUCN480870000000003,2025,M13,0.032,F,CN4808700000000,03,U,48,"Collingsworth County, TX",unemployment rate
LAUCN480890000000003,2025,M13,0.037000000000000005,F,CN4808900000000,03,U,48,"Colorado County, TX",unemployment rate
LAUCN480910000000003,2025,M13,0.037000000000000005,F,CN4809100000000,03,U,48,"Comal County, TX",unemployment rate
LAUCN480930000000003,2025,M13,0.032,F,CN4809300000000,03,U,48,"Comanche County, TX",unemployment rate
LAUCN480950000000003,2025,M13,0.034,F,CN4809500000000,03,U,48,"Concho County, TX",unemployment rate
LAUCN480970000000003,2025,M13,0.037000000000000005,F,CN4809700000000,03,U,48,"Cooke County, TX",unemployment rate
LAUCN480990000000003,2025,M13,0.047,F,CN4809900000000,03,U,48,"Coryell County, TX",unemployment rate
LAUCN481010000000003,2025,M13,0.024,F,CN4810100000000,03,U,48,"Cottle County, TX",unemployment rate
LAUCN481030000000003,2025,M13,0.026000000000000002,F,CN4810300000000,03,U,48,"Crane County, TX",unemployment rate
LAUCN481050000000003,2025,M13,0.033,F,CN4810500000000,03,U,48,"Crockett County, TX",unemployment rate
LAUCN481070000000003,2025,M13,0.042,F,CN4810700000000,03,U,48,"Crosby County, TX",unemployment rate
LAUCN481090000000003,2025,M13,0.038,F,CN4810900000000,03,U,48,"Culberson County, TX",unemployment rate
LAUCN481110000000003,2025,M13,0.027999999999999997,F,CN4811100000000,03,U,48,"Dallam County, TX",unemployment rate
LAUCN481130000000003,2025,M13,0.040999999999999995,F,CN4811300000000,03,U,48,"Dallas County, TX",unemployment rate
LAUCN481150000000003,2025,M13,0.042,F,CN4811500000000,03,U,48,"Dawson County, TX",unemployment rate
LAUCN481170000000003,2025,M13,0.034,F,CN4811700000000,03,U,48,"Deaf Smith County, TX",unemployment rate
LAUCN481190000000003,2025,M13,0.040999999999999995,F,CN4811900000000,03,U,48,"Delta County, TX",unemployment rate
LAUCN481210000000003,2025,M13,0.038,F,CN4812100000000,03,U,48,"Denton County, TX",unemployment rate
LAUCN481230000000003,2025,M13,0.048,F,CN4812300000000,03,U,48,"DeWitt County, TX",unemployment rate
LAUCN481250000000003,2025,M13,0.039,F,CN4812500000000,03,U,48,"Dickens County, TX",unemployment rate
LAUCN481270000000003,2025,M13,0.07,F,CN4812700000000,03,U,48,"Dimmit County, TX",unemployment rate
LAUCN481290000000003,2025,M13,0.042,F,CN4812900000000,03,U,48,"Donley County, TX",unemployment rate
LAUCN481310000000003,2025,M13,0.046,F,CN4813100000000,03,U,48,"Duval County, TX",unemployment rate
LAUCN481330000000003,2025,M13,0.053,F,CN4813300000000,03,U,48,"Eastland County, TX",unemployment rate
LAUCN481350000000003,2025,M13,0.037000000000000005,F,CN4813500000000,03,U,48,"Ector County, TX",unemployment rate
LAUCN481370000000003,2025,M13,0.031,F,CN4813700000000,03,U,48,"Edwards County, TX",unemployment rate
LAUCN481390000000003,2025,M13,0.038,F,CN4813900000000,03,U,48,"Ellis County, TX",unemployment rate
LAUCN481410000000003,2025,M13,0.044000000000000004,F,CN4814100000000,03,U,48,"El Paso County, TX",unemployment rate
LAUCN481430000000003,2025,M13,0.036000000000000004,F,CN4814300000000,03,U,48,"Erath County, TX",unemployment rate
LAUCN481450000000003,2025,M13,0.040999999999999995,F,CN4814500000000,03,U,48,"Falls County, TX",unemployment rate
LAUCN481470000000003,2025,M13,0.039,F,CN4814700000000,03,U,48,"Fannin County, TX",unemployment rate
LAUCN481490000000003,2025,M13,0.038,F,CN4814900000000,03,U,48,"Fayette County, TX",unemployment rate
LAUCN481510000000003,2025,M13,0.028999999999999998,F,CN4815100000000,03,U,48,"Fisher County, TX",unemployment rate
LAUCN481530000000003,2025,M13,0.040999999999999995,F,CN4815300000000,03,U,48,"Floyd County, TX",unemployment rate
LAUCN481550000000003,2025,M13,0.031,F,CN4815500000000,03,U,48,"Foard County, TX",unemployment rate
LAUCN481570000000003,2025,M13,0.043,F,CN4815700000000,03,U,48,"Fort Bend County, TX",unemployment rate
LAUCN481590000000003,2025,M13,0.036000000000000004,F,CN4815900000000,03,U,48,"Franklin County, TX",unemployment rate
LAUCN481610000000003,2025,M13,0.047,F,CN4816100000000,03,U,48,"Freestone County, TX",unemployment rate
LAUCN481630000000003,2025,M13,0.064,F,CN4816300000000,03,U,48,"Frio County, TX",unemployment rate
LAUCN481650000000003,2025,M13,0.032,F,CN4816500000000,03,U,48,"Gaines County, TX",unemployment rate
LAUCN481670000000003,2025,M13,0.044000000000000004,F,CN4816700000000,03,U,48,"Galveston County, TX",unemployment rate
LAUCN481690000000003,2025,M13,0.053,F,CN4816900000000,03,U,48,"Garza County, TX",unemployment rate
LAUCN481710000000003,2025,M13,0.031,F,CN4817100000000,03,U,48,"Gillespie County, TX",unemployment rate
LAUCN481730000000003,2025,M13,0.027999999999999997,F,CN4817300000000,03,U,48,"Glasscock County, TX",unemployment rate
LAUCN481750000000003,2025,M13,0.046,F,CN4817500000000,03,U,48,"Goliad County, TX",unemployment rate
LAUCN481770000000003,2025,M13,0.036000000000000004,F,CN4817700000000,03,U,48,"Gonzales County, TX",unemployment rate
LAUCN481790000000003,2025,M13,0.039,F,CN4817900000000,03,U,48,"Gray County, TX",unemployment rate
LAUCN481810000000003,2025,M13,0.039,F,CN4818100000000,03,U,48,"Grayson County, TX",unemployment rate
LAUCN481830000000003,2025,M13,0.046,F,CN4818300000000,03,U,48,"Gregg County, TX",unemployment rate
LAUCN481850000000003,2025,M13,0.045,F,CN4818500000000,03,U,48,"Grimes County, TX",unemployment rate
LAUCN481870000000003,2025,M13,0.038,F,CN4818700000000,03,U,48,"Guadalupe County, TX",unemployment rate
LAUCN481890000000003,2025,M13,0.042,F,CN4818900000000,03,U,48,"Hale County, TX",unemployment rate
LAUCN481910000000003,2025,M13,0.043,F,CN4819100000000,03,U,48,"Hall County, TX",unemployment rate
LAUCN481930000000003,2025,M13,0.042,F,CN4819300000000,03,U,48,"Hamilton County, TX",unemployment rate
LAUCN481950000000003,2025,M13,0.034,F,CN4819500000000,03,U,48,"Hansford County, TX",unemployment rate
LAUCN481970000000003,2025,M13,0.031,F,CN4819700000000,03,U,48,"Hardeman County, TX",unemployment rate
LAUCN481990000000003,2025,M13,0.045,F,CN4819900000000,03,U,48,"Hardin County, TX",unemployment rate
LAUCN482010000000003,2025,M13,0.045,F,CN4820100000000,03,U,48,"Harris County, TX",unemployment rate
LAUCN482030000000003,2025,M13,0.048,F,CN4820300000000,03,U,48,"Harrison County, TX",unemployment rate
LAUCN482050000000003,2025,M13,0.031,F,CN4820500000000,03,U,48,"Hartley County, TX",unemployment rate
LAUCN482070000000003,2025,M13,0.04,F,CN4820700000000,03,U,48,"Haskell County, TX",unemployment rate
LAUCN482090000000003,2025,M13,0.034,F,CN4820900000000,03,U,48,"Hays County, TX",unemployment rate
LAUCN482110000000003,2025,M13,0.048,F,CN4821100000000,03,U,48,"Hemphill County, TX",unemployment rate
LAUCN482130000000003,2025,M13,0.045,F,CN4821300000000,03,U,48,"Henderson County, TX",unemployment rate
LAUCN482150000000003,2025,M13,0.063,F,CN4821500000000,03,U,48,"Hidalgo County, TX",unemployment rate
LAUCN482170000000003,2025,M13,0.038,F,CN4821700000000,03,U,48,"Hill County, TX",unemployment rate
LAUCN482190000000003,2025,M13,0.038,F,CN4821900000000,03,U,48,"Hockley County, TX",unemployment rate
LAUCN482210000000003,2025,M13,0.043,F,CN4822100000000,03,U,48,"Hood County, TX",unemployment rate
LAUCN482230000000003,2025,M13,0.033,F,CN4822300000000,03,U,48,"Hopkins County, TX",unemployment rate
LAUCN482250000000003,2025,M13,0.045,F,CN4822500000000,03,U,48,"Houston County, TX",unemployment rate
LAUCN482270000000003,2025,M13,0.038,F,CN4822700000000,03,U,48,"Howard County, TX",unemployment rate
LAUCN482290000000003,2025,M13,0.04,F,CN4822900000000,03,U,48,"Hudspeth County, TX",unemployment rate
LAUCN482310000000003,2025,M13,0.042,F,CN4823100000000,03,U,48,"Hunt County, TX",unemployment rate
LAUCN482330000000003,2025,M13,0.040999999999999995,F,CN4823300000000,03,U,48,"Hutchinson County, TX",unemployment rate
LAUCN482350000000003,2025,M13,0.033,F,CN4823500000000,03,U,48,"Irion County, TX",unemployment rate
LAUCN482370000000003,2025,M13,0.054000000000000006,F,CN4823700000000,03,U,48,"Jack County, TX",unemployment rate
LAUCN482390000000003,2025,M13,0.043,F,CN4823900000000,03,U,48,"Jackson County, TX",unemployment rate
LAUCN482410000000003,2025,M13,0.061,F,CN4824100000000,03,U,48,"Jasper County, TX",unemployment rate
LAUCN482430000000003,2025,M13,0.044000000000000004,F,CN4824300000000,03,U,48,"Jeff Davis County, TX",unemployment rate
LAUCN482450000000003,2025,M13,0.057,F,CN4824500000000,03,U,48,"Jefferson County, TX",unemployment rate
LAUCN482470000000003,2025,M13,0.049,F,CN4824700000000,03,U,48,"Jim Hogg County, TX",unemployment rate
LAUCN482490000000003,2025,M13,0.051,F,CN4824900000000,03,U,48,"Jim Wells County, TX",unemployment rate
LAUCN482510000000003,2025,M13,0.037000000000000005,F,CN4825100000000,03,U,48,"Johnson County, TX",unemployment rate
LAUCN482530000000003,2025,M13,0.035,F,CN4825300000000,03,U,48,"Jones County, TX",unemployment rate
LAUCN482550000000003,2025,M13,0.040999999999999995,F,CN4825500000000,03,U,48,"Karnes County, TX",unemployment rate
LAUCN482570000000003,2025,M13,0.040999999999999995,F,CN4825700000000,03,U,48,"Kaufman County, TX",unemployment rate
LAUCN482590000000003,2025,M13,0.035,F,CN4825900000000,03,U,48,"Kendall County, TX",unemployment rate
LAUCN482610000000003,2025,M13,0.08199999999999999,F,CN4826100000000,03,U,48,"Kenedy County, TX",unemployment rate
LAUCN482630000000003,2025,M13,0.046,F,CN4826300000000,03,U,48,"Kent County, TX",unemployment rate
LAUCN482650000000003,2025,M13,0.034,F,CN4826500000000,03,U,48,"Kerr County, TX",unemployment rate
LAUCN482670000000003,2025,M13,0.037000000000000005,F,CN4826700000000,03,U,48,"Kimble County, TX",unemployment rate
LAUCN482690000000003,2025,M13,0.027000000000000003,F,CN4826900000000,03,U,48,"King County, TX",unemployment rate
LAUCN482710000000003,2025,M13,0.042,F,CN4827100000000,03,U,48,"Kinney County, TX",unemployment rate
LAUCN482730000000003,2025,M13,0.044000000000000004,F,CN4827300000000,03,U,48,"Kleberg County, TX",unemployment rate
LAUCN482750000000003,2025,M13,0.035,F,CN4827500000000,03,U,48,"Knox County, TX",unemployment rate
LAUCN482770000000003,2025,M13,0.040999999999999995,F,CN4827700000000,03,U,48,"Lamar County, TX",unemployment rate
LAUCN482790000000003,2025,M13,0.036000000000000004,F,CN4827900000000,03,U,48,"Lamb County, TX",unemployment rate
LAUCN482810000000003,2025,M13,0.042,F,CN4828100000000,03,U,48,"Lampasas County, TX",unemployment rate
LAUCN482830000000003,2025,M13,0.048,F,CN4828300000000,03,U,48,"La Salle County, TX",unemployment rate
LAUCN482850000000003,2025,M13,0.033,F,CN4828500000000,03,U,48,"Lavaca County, TX",unemployment rate
LAUCN482870000000003,2025,M13,0.036000000000000004,F,CN4828700000000,03,U,48,"Lee County, TX",unemployment rate
LAUCN482890000000003,2025,M13,0.038,F,CN4828900000000,03,U,48,"Leon County, TX",unemployment rate
LAUCN482910000000003,2025,M13,0.054000000000000006,F,CN4829100000000,03,U,48,"Liberty County, TX",unemployment rate
LAUCN482930000000003,2025,M13,0.044000000000000004,F,CN4829300000000,03,U,48,"Limestone County, TX",unemployment rate
LAUCN482950000000003,2025,M13,0.032,F,CN4829500000000,03,U,48,"Lipscomb County, TX",unemployment rate
LAUCN482970000000003,2025,M13,0.049,F,CN4829700000000,03,U,48,"Live Oak County, TX",unemployment rate
LAUCN482990000000003,2025,M13,0.04,F,CN4829900000000,03,U,48,"Llano County, TX",unemployment rate
LAUCN483010000000003,2025,M13,0.006999999999999999,F,CN4830100000000,03,U,48,"Loving County, TX",unemployment rate
LAUCN483030000000003,2025,M13,0.035,F,CN4830300000000,03,U,48,"Lubbock County, TX",unemployment rate
LAUCN483050000000003,2025,M13,0.034,F,CN4830500000000,03,U,48,"Lynn County, TX",unemployment rate
LAUCN483070000000003,2025,M13,0.044000000000000004,F,CN4830700000000,03,U,48,"McCulloch County, TX",unemployment rate
LAUCN483090000000003,2025,M13,0.04,F,CN4830900000000,03,U,48,"McLennan County, TX",unemployment rate
LAUCN483110000000003,2025,M13,0.052000000000000005,F,CN4831100000000,03,U,48,"McMullen County, TX",unemployment rate
LAUCN483130000000003,2025,M13,0.045,F,CN4831300000000,03,U,48,"Madison County, TX",unemployment rate
LAUCN483150000000003,2025,M13,0.057999999999999996,F,CN4831500000000,03,U,48,"Marion County, TX",unemployment rate
LAUCN483170000000003,2025,M13,0.033,F,CN4831700000000,03,U,48,"Martin County, TX",unemployment rate
LAUCN483190000000003,2025,M13,0.036000000000000004,F,CN4831900000000,03,U,48,"Mason County, TX",unemployment rate
LAUCN483210000000003,2025,M13,0.057999999999999996,F,CN4832100000000,03,U,48,"Matagorda County, TX",unemployment rate
LAUCN483230000000003,2025,M13,0.094,F,CN4832300000000,03,U,48,"Maverick County, TX",unemployment rate
LAUCN483250000000003,2025,M13,0.042,F,CN4832500000000,03,U,48,"Medina County, TX",unemployment rate
LAUCN483270000000003,2025,M13,0.035,F,CN4832700000000,03,U,48,"Menard County, TX",unemployment rate
LAUCN483290000000003,2025,M13,0.031,F,CN4832900000000,03,U,48,"Midland County, TX",unemployment rate
LAUCN483310000000003,2025,M13,0.043,F,CN4833100000000,03,U,48,"Milam County, TX",unemployment rate
LAUCN483330000000003,2025,M13,0.033,F,CN4833300000000,03,U,48,"Mills County, TX",unemployment rate
LAUCN483350000000003,2025,M13,0.032,F,CN4833500000000,03,U,48,"Mitchell County, TX",unemployment rate
LAUCN483370000000003,2025,M13,0.043,F,CN4833700000000,03,U,48,"Montague County, TX",unemployment rate
LAUCN483390000000003,2025,M13,0.040999999999999995,F,CN4833900000000,03,U,48,"Montgomery County, TX",unemployment rate
LAUCN483410000000003,2025,M13,0.03,F,CN4834100000000,03,U,48,"Moore County, TX",unemployment rate
LAUCN483430000000003,2025,M13,0.055,F,CN4834300000000,03,U,48,"Morris County, TX",unemployment rate
LAUCN483450000000003,2025,M13,0.042,F,CN4834500000000,03,U,48,"Motley County, TX",unemployment rate
LAUCN483470000000003,2025,M13,0.045,F,CN4834700000000,03,U,48,"Nacogdoches County, TX",unemployment rate
LAUCN483490000000003,2025,M13,0.046,F,CN4834900000000,03,U,48,"Navarro County, TX",unemployment rate
LAUCN483510000000003,2025,M13,0.062,F,CN4835100000000,03,U,48,"Newton County, TX",unemployment rate
LAUCN483530000000003,2025,M13,0.037000000000000005,F,CN4835300000000,03,U,48,"Nolan County, TX",unemployment rate
LAUCN483550000000003,2025,M13,0.042,F,CN4835500000000,03,U,48,"Nueces County, TX",unemployment rate
LAUCN483570000000003,2025,M13,0.032,F,CN4835700000000,03,U,48,"Ochiltree County, TX",unemployment rate
LAUCN483590000000003,2025,M13,0.033,F,CN4835900000000,03,U,48,"Oldham County, TX",unemployment rate
LAUCN483610000000003,2025,M13,0.046,F,CN4836100000000,03,U,48,"Orange County, TX",unemployment rate
LAUCN483630000000003,2025,M13,0.04,F,CN4836300000000,03,U,48,"Palo Pinto County, TX",unemployment rate
LAUCN483650000000003,2025,M13,0.05,F,CN4836500000000,03,U,48,"Panola County, TX",unemployment rate
LAUCN483670000000003,2025,M13,0.035,F,CN4836700000000,03,U,48,"Parker County, TX",unemployment rate
LAUCN483690000000003,2025,M13,0.028999999999999998,F,CN4836900000000,03,U,48,"Parmer County, TX",unemployment rate
LAUCN483710000000003,2025,M13,0.040999999999999995,F,CN4837100000000,03,U,48,"Pecos County, TX",unemployment rate
LAUCN483730000000003,2025,M13,0.049,F,CN4837300000000,03,U,48,"Polk County, TX",unemployment rate
LAUCN483750000000003,2025,M13,0.035,F,CN4837500000000,03,U,48,"Potter County, TX",unemployment rate
LAUCN483770000000003,2025,M13,0.065,F,CN4837700000000,03,U,48,"Presidio County, TX",unemployment rate
LAUCN483790000000003,2025,M13,0.039,F,CN4837900000000,03,U,48,"Rains County, TX",unemployment rate
LAUCN483810000000003,2025,M13,0.028999999999999998,F,CN4838100000000,03,U,48,"Randall County, TX",unemployment rate
LAUCN483830000000003,2025,M13,0.042,F,CN4838300000000,03,U,48,"Reagan County, TX",unemployment rate
LAUCN483850000000003,2025,M13,0.043,F,CN4838500000000,03,U,48,"Real County, TX",unemployment rate
LAUCN483870000000003,2025,M13,0.046,F,CN4838700000000,03,U,48,"Red River County, TX",unemployment rate
LAUCN483890000000003,2025,M13,0.037000000000000005,F,CN4838900000000,03,U,48,"Reeves County, TX",unemployment rate
LAUCN483910000000003,2025,M13,0.049,F,CN4839100000000,03,U,48,"Refugio County, TX",unemployment rate
LAUCN483930000000003,2025,M13,0.046,F,CN4839300000000,03,U,48,"Roberts County, TX",unemployment rate
LAUCN483950000000003,2025,M13,0.043,F,CN4839500000000,03,U,48,"Robertson County, TX",unemployment rate
LAUCN483970000000003,2025,M13,0.037000000000000005,F,CN4839700000000,03,U,48,"Rockwall County, TX",unemployment rate
LAUCN483990000000003,2025,M13,0.035,F,CN4839900000000,03,U,48,"Runnels County, TX",unemployment rate
LAUCN484010000000003,2025,M13,0.044000000000000004,F,CN4840100000000,03,U,48,"Rusk County, TX",unemployment rate
LAUCN484030000000003,2025,M13,0.063,F,CN4840300000000,03,U,48,"Sabine County, TX",unemployment rate
LAUCN484050000000003,2025,M13,0.055999999999999994,F,CN4840500000000,03,U,48,"San Augustine County, TX",unemployment rate
LAUCN484070000000003,2025,M13,0.052000000000000005,F,CN4840700000000,03,U,48,"San Jacinto County, TX",unemployment rate
LAUCN484090000000003,2025,M13,0.05,F,CN4840900000000,03,U,48,"San Patricio County, TX",unemployment rate
LAUCN484110000000003,2025,M13,0.037000000000000005,F,CN4841100000000,03,U,48,"San Saba County, TX",unemployment rate
LAUCN484130000000003,2025,M13,0.046,F,CN4841300000000,03,U,48,"Schleicher County, TX",unemployment rate
LAUCN484150000000003,2025,M13,0.038,F,CN4841500000000,03,U,48,"Scurry County, TX",unemployment rate
LAUCN484170000000003,2025,M13,0.033,F,CN4841700000000,03,U,48,"Shackelford County, TX",unemployment rate
LAUCN484190000000003,2025,M13,0.049,F,CN4841900000000,03,U,48,"Shelby County, TX",unemployment rate
LAUCN484210000000003,2025,M13,0.028999999999999998,F,CN4842100000000,03,U,48,"Sherman County, TX",unemployment rate
LAUCN484230000000003,2025,M13,0.04,F,CN4842300000000,03,U,48,"Smith County, TX",unemployment rate
LAUCN484250000000003,2025,M13,0.042,F,CN4842500000000,03,U,48,"Somervell County, TX",unemployment rate
LAUCN484270000000003,2025,M13,0.095,F,CN4842700000000,03,U,48,"Starr County, TX",unemployment rate
LAUCN484290000000003,2025,M13,0.042,F,CN4842900000000,03,U,48,"Stephens County, TX",unemployment rate
LAUCN484310000000003,2025,M13,0.036000000000000004,F,CN4843100000000,03,U,48,"Sterling County, TX",unemployment rate
LAUCN484330000000003,2025,M13,0.022000000000000002,F,CN4843300000000,03,U,48,"Stonewall County, TX",unemployment rate
LAUCN484350000000003,2025,M13,0.059000000000000004,F,CN4843500000000,03,U,48,"Sutton County, TX",unemployment rate
LAUCN484370000000003,2025,M13,0.044000000000000004,F,CN4843700000000,03,U,48,"Swisher County, TX",unemployment rate
LAUCN484390000000003,2025,M13,0.039,F,CN4843900000000,03,U,48,"Tarrant County, TX",unemployment rate
LAUCN484410000000003,2025,M13,0.034,F,CN4844100000000,03,U,48,"Taylor County, TX",unemployment rate
LAUCN484430000000003,2025,M13,0.034,F,CN4844300000000,03,U,48,"Terrell County, TX",unemployment rate
LAUCN484450000000003,2025,M13,0.043,F,CN4844500000000,03,U,48,"Terry County, TX",unemployment rate
LAUCN484470000000003,2025,M13,0.045,F,CN4844700000000,03,U,48,"Throckmorton County, TX",unemployment rate
LAUCN484490000000003,2025,M13,0.04,F,CN4844900000000,03,U,48,"Titus County, TX",unemployment rate
LAUCN484510000000003,2025,M13,0.033,F,CN4845100000000,03,U,48,"Tom Green County, TX",unemployment rate
LAUCN484530000000003,2025,M13,0.034,F,CN4845300000000,03,U,48,"Travis County, TX",unemployment rate
LAUCN484550000000003,2025,M13,0.051,F,CN4845500000000,03,U,48,"Trinity County, TX",unemployment rate
LAUCN484570000000003,2025,M13,0.059000000000000004,F,CN4845700000000,03,U,48,"Tyler County, TX",unemployment rate
LAUCN484590000000003,2025,M13,0.044000000000000004,F,CN4845900000000,03,U,48,"Upshur County, TX",unemployment rate
LAUCN484610000000003,2025,M13,0.018000000000000002,F,CN4846100000000,03,U,48,"Upton County, TX",unemployment rate
LAUCN484630000000003,2025,M13,0.043,F,CN4846300000000,03,U,48,"Uvalde County, TX",unemployment rate
LAUCN484650000000003,2025,M13,0.052000000000000005,F,CN4846500000000,03,U,48,"Val Verde County, TX",unemployment rate
LAUCN484670000000003,2025,M13,0.040999999999999995,F,CN4846700000000,03,U,48,"Van Zandt County, TX",unemployment rate
LAUCN484690000000003,2025,M13,0.040999999999999995,F,CN4846900000000,03,U,48,"Victoria County, TX",unemployment rate
LAUCN484710000000003,2025,M13,0.043,F,CN4847100000000,03,U,48,"Walker County, TX",unemployment rate
LAUCN484730000000003,2025,M13,0.052000000000000005,F,CN4847300000000,03,U,48,"Waller County, TX",unemployment rate
LAUCN484750000000003,2025,M13,0.035,F,CN4847500000000,03,U,48,"Ward County, TX",unemployment rate
LAUCN484770000000003,2025,M13,0.039,F,CN4847700000000,03,U,48,"Washington County, TX",unemployment rate
LAUCN484790000000003,2025,M13,0.046,F,CN4847900000000,03,U,48,"Webb County, TX",unemployment rate
LAUCN484810000000003,2025,M13,0.044000000000000004,F,CN4848100000000,03,U,48,"Wharton County, TX",unemployment rate
LAUCN484830000000003,2025,M13,0.033,F,CN4848300000000,03,U,48,"Wheeler County, TX",unemployment rate
LAUCN484850000000003,2025,M13,0.038,F,CN4848500000000,03,U,48,"Wichita County, TX",unemployment rate
LAUCN484870000000003,2025,M13,0.038,F,CN4848700000000,03,U,48,"Wilbarger County, TX",unemployment rate
LAUCN484890000000003,2025,M13,0.055999999999999994,F,CN4848900000000,03,U,48,"Willacy County, TX",unemployment rate
LAUCN484910000000003,2025,M13,0.035,F,CN4849100000000,03,U,48,"Williamson County, TX",unemployment rate
LAUCN484930000000003,2025,M13,0.037000000000000005,F,CN4849300000000,03,U,48,"Wilson County, TX",unemployment rate
LAUCN484950000000003,2025,M13,0.032,F,CN4849500000000,03,U,48,"Winkler County, TX",unemployment rate
LAUCN484970000000003,2025,M13,0.037000000000000005,F,CN4849700000000,03,U,48,"Wise County, TX",unemployment rate
LAUCN484990000000003,2025,M13,0.047,F,CN4849900000000,03,U,48,"Wood County, TX",unemployment rate
LAUCN485010000000003,2025,M13,0.039,F,CN4850100000000,03,U,48,"Yoakum County, TX",unemployment rate
LAUCN485030000000003,2025,M13,0.035,F,CN4850300000000,03,U,48,"Young County, TX",unemployment rate
LAUCN485050000000003,2025,M13,0.069,F,CN4850500000000,03,U,48,"Zapata County, TX",unemployment rate
LAUCN485070000000003,2025,M13,0.068,F,CN4850700000000,03,U,48,"Zavala County, TX",unemployment rate
LAUCN490010000000003,2025,M13,0.03,F,CN4900100000000,03,U,49,"Beaver County, UT",unemployment rate
LAUCN490030000000003,2025,M13,0.034,F,CN4900300000000,03,U,49,"Box Elder County, UT",unemployment rate
LAUCN490050000000003,2025,M13,0.031,F,CN4900500000000,03,U,49,"Cache County, UT",unemployment rate
LAUCN490070000000003,2025,M13,0.045,F,CN4900700000000,03,U,49,"Carbon County, UT",unemployment rate
LAUCN490090000000003,2025,M13,0.038,F,CN4900900000000,03,U,49,"Daggett County, UT",unemployment rate
LAUCN490110000000003,2025,M13,0.033,F,CN4901100000000,03,U,49,"Davis County, UT",unemployment rate
LAUCN490130000000003,2025,M13,0.038,F,CN4901300000000,03,U,49,"Duchesne County, UT",unemployment rate
LAUCN490150000000003,2025,M13,0.043,F,CN4901500000000,03,U,49,"Emery County, UT",unemployment rate
LAUCN490170000000003,2025,M13,0.08,F,CN4901700000000,03,U,49,"Garfield County, UT",unemployment rate
LAUCN490190000000003,2025,M13,0.044000000000000004,F,CN4901900000000,03,U,49,"Grand County, UT",unemployment rate
LAUCN490210000000003,2025,M13,0.032,F,CN4902100000000,03,U,49,"Iron County, UT",unemployment rate
LAUCN490230000000003,2025,M13,0.035,F,CN4902300000000,03,U,49,"Juab County, UT",unemployment rate
LAUCN490250000000003,2025,M13,0.038,F,CN4902500000000,03,U,49,"Kane County, UT",unemployment rate
LAUCN490270000000003,2025,M13,0.036000000000000004,F,CN4902700000000,03,U,49,"Millard County, UT",unemployment rate
LAUCN490290000000003,2025,M13,0.032,F,CN4902900000000,03,U,49,"Morgan County, UT",unemployment rate
LAUCN490310000000003,2025,M13,0.06,F,CN4903100000000,03,U,49,"Piute County, UT",unemployment rate
LAUCN490330000000003,2025,M13,0.034,F,CN4903300000000,03,U,49,"Rich County, UT",unemployment rate
LAUCN490350000000003,2025,M13,0.036000000000000004,F,CN4903500000000,03,U,49,"Salt Lake County, UT",unemployment rate
LAUCN490370000000003,2025,M13,0.047,F,CN4903700000000,03,U,49,"San Juan County, UT",unemployment rate
LAUCN490390000000003,2025,M13,0.037000000000000005,F,CN4903900000000,03,U,49,"Sanpete County, UT",unemployment rate
LAUCN490410000000003,2025,M13,0.04,F,CN4904100000000,03,U,49,"Sevier County, UT",unemployment rate
LAUCN490430000000003,2025,M13,0.028999999999999998,F,CN4904300000000,03,U,49,"Summit County, UT",unemployment rate
LAUCN490450000000003,2025,M13,0.038,F,CN4904500000000,03,U,49,"Tooele County, UT",unemployment rate
LAUCN490470000000003,2025,M13,0.037000000000000005,F,CN4904700000000,03,U,49,"Uintah County, UT",unemployment rate
LAUCN490490000000003,2025,M13,0.036000000000000004,F,CN4904900000000,03,U,49,"Utah County, UT",unemployment rate
LAUCN490510000000003,2025,M13,0.031,F,CN4905100000000,03,U,49,"Wasatch County, UT",unemployment rate
LAUCN490530000000003,2025,M13,0.035,F,CN4905300000000,03,U,49,"Washington County, UT",unemployment rate
LAUCN490550000000003,2025,M13,0.055,F,CN4905500000000,03,U,49,"Wayne County, UT",unemployment rate
LAUCN490570000000003,2025,M13,0.036000000000000004,F,CN4905700000000,03,U,49,"Weber County, UT",unemployment rate
LAUCN500010000000003,2025,M13,0.025,F,CN5000100000000,03,U,50,"Addison County, VT",unemployment rate
LAUCN500030000000003,2025,M13,0.031,F,CN5000300000000,03,U,50,"Bennington County, VT",unemployment rate
LAUCN500050000000003,2025,M13,0.027999999999999997,F,CN5000500000000,03,U,50,"Caledonia County, VT",unemployment rate
LAUCN500070000000003,2025,M13,0.022000000000000002,F,CN5000700000000,03,U,50,"Chittenden County, VT",unemployment rate
LAUCN500090000000003,2025,M13,0.036000000000000004,F,CN5000900000000,03,U,50,"Essex County, VT",unemployment rate
LAUCN500110000000003,2025,M13,0.027000000000000003,F,CN5001100000000,03,U,50,"Franklin County, VT",unemployment rate
LAUCN500130000000003,2025,M13,0.033,F,CN5001300000000,03,U,50,"Grand Isle County, VT",unemployment rate
LAUCN500150000000003,2025,M13,0.03,F,CN5001500000000,03,U,50,"Lamoille County, VT",unemployment rate
LAUCN500170000000003,2025,M13,0.028999999999999998,F,CN5001700000000,03,U,50,"Orange County, VT",unemployment rate
LAUCN500190000000003,2025,M13,0.043,F,CN5001900000000,03,U,50,"Orleans County, VT",unemployment rate
LAUCN500210000000003,2025,M13,0.03,F,CN5002100000000,03,U,50,"Rutland County, VT",unemployment rate
LAUCN500230000000003,2025,M13,0.026000000000000002,F,CN5002300000000,03,U,50,"Washington County, VT",unemployment rate
LAUCN500250000000003,2025,M13,0.027999999999999997,F,CN5002500000000,03,U,50,"Windham County, VT",unemployment rate
LAUCN500270000000003,2025,M13,0.024,F,CN5002700000000,03,U,50,"Windsor County, VT",unemployment rate
LAUCN510010000000003,2025,M13,0.043,F,CN5100100000000,03,U,51,"Accomack County, VA",unemployment rate
LAUCN510030000000003,2025,M13,0.031,F,CN5100300000000,03,U,51,"Albemarle County, VA",unemployment rate
LAUCN510050000000003,2025,M13,0.039,F,CN5100500000000,03,U,51,"Alleghany County, VA",unemployment rate
LAUCN510070000000003,2025,M13,0.034,F,CN5100700000000,03,U,51,"Amelia County, VA",unemployment rate
LAUCN510090000000003,2025,M13,0.035,F,CN5100900000000,03,U,51,"Amherst County, VA",unemployment rate
LAUCN510110000000003,2025,M13,0.033,F,CN5101100000000,03,U,51,"Appomattox County, VA",unemployment rate
LAUCN510130000000003,2025,M13,0.028999999999999998,F,CN5101300000000,03,U,51,"Arlington County, VA",unemployment rate
LAUCN510150000000003,2025,M13,0.027999999999999997,F,CN5101500000000,03,U,51,"Augusta County, VA",unemployment rate
LAUCN510170000000003,2025,M13,0.027000000000000003,F,CN5101700000000,03,U,51,"Bath County, VA",unemployment rate
LAUCN510190000000003,2025,M13,0.033,F,CN5101900000000,03,U,51,"Bedford County, VA",unemployment rate
LAUCN510210000000003,2025,M13,0.038,F,CN5102100000000,03,U,51,"Bland County, VA",unemployment rate
LAUCN510230000000003,2025,M13,0.028999999999999998,F,CN5102300000000,03,U,51,"Botetourt County, VA",unemployment rate
LAUCN510250000000003,2025,M13,0.049,F,CN5102500000000,03,U,51,"Brunswick County, VA",unemployment rate
LAUCN510270000000003,2025,M13,0.055999999999999994,F,CN5102700000000,03,U,51,"Buchanan County, VA",unemployment rate
LAUCN510290000000003,2025,M13,0.038,F,CN5102900000000,03,U,51,"Buckingham County, VA",unemployment rate
LAUCN510310000000003,2025,M13,0.034,F,CN5103100000000,03,U,51,"Campbell County, VA",unemployment rate
LAUCN510330000000003,2025,M13,0.034,F,CN5103300000000,03,U,51,"Caroline County, VA",unemployment rate
LAUCN510350000000003,2025,M13,0.046,F,CN5103500000000,03,U,51,"Carroll County, VA",unemployment rate
LAUCN510360000000003,2025,M13,0.036000000000000004,F,CN5103600000000,03,U,51,"Charles City County, VA",unemployment rate
LAUCN510370000000003,2025,M13,0.039,F,CN5103700000000,03,U,51,"Charlotte County, VA",unemployment rate
LAUCN510410000000003,2025,M13,0.032,F,CN5104100000000,03,U,51,"Chesterfield County, VA",unemployment rate
LAUCN510430000000003,2025,M13,0.031,F,CN5104300000000,03,U,51,"Clarke County, VA",unemployment rate
LAUCN510450000000003,2025,M13,0.036000000000000004,F,CN5104500000000,03,U,51,"Craig County, VA",unemployment rate
LAUCN510470000000003,2025,M13,0.031,F,CN5104700000000,03,U,51,"Culpeper County, VA",unemployment rate
LAUCN510490000000003,2025,M13,0.03,F,CN5104900000000,03,U,51,"Cumberland County, VA",unemployment rate
LAUCN510510000000003,2025,M13,0.048,F,CN5105100000000,03,U,51,"Dickenson County, VA",unemployment rate
LAUCN510530000000003,2025,M13,0.034,F,CN5105300000000,03,U,51,"Dinwiddie County, VA",unemployment rate
LAUCN510570000000003,2025,M13,0.042,F,CN5105700000000,03,U,51,"Essex County, VA",unemployment rate
LAUCN510590000000003,2025,M13,0.032,F,CN5105900000000,03,U,51,"Fairfax County, VA",unemployment rate
LAUCN510610000000003,2025,M13,0.027999999999999997,F,CN5106100000000,03,U,51,"Fauquier County, VA",unemployment rate
LAUCN510630000000003,2025,M13,0.031,F,CN5106300000000,03,U,51,"Floyd County, VA",unemployment rate
LAUCN510650000000003,2025,M13,0.03,F,CN5106500000000,03,U,51,"Fluvanna County, VA",unemployment rate
LAUCN510670000000003,2025,M13,0.035,F,CN5106700000000,03,U,51,"Franklin County, VA",unemployment rate
LAUCN510690000000003,2025,M13,0.031,F,CN5106900000000,03,U,51,"Frederick County, VA",unemployment rate
LAUCN510710000000003,2025,M13,0.043,F,CN5107100000000,03,U,51,"Giles County, VA",unemployment rate
LAUCN510730000000003,2025,M13,0.028999999999999998,F,CN5107300000000,03,U,51,"Gloucester County, VA",unemployment rate
LAUCN510750000000003,2025,M13,0.03,F,CN5107500000000,03,U,51,"Goochland County, VA",unemployment rate
LAUCN510770000000003,2025,M13,0.037000000000000005,F,CN5107700000000,03,U,51,"Grayson County, VA",unemployment rate
LAUCN510790000000003,2025,M13,0.027999999999999997,F,CN5107900000000,03,U,51,"Greene County, VA",unemployment rate
LAUCN510810000000003,2025,M13,0.066,F,CN5108100000000,03,U,51,"Greensville County, VA",unemployment rate
LAUCN510830000000003,2025,M13,0.047,F,CN5108300000000,03,U,51,"Halifax County, VA",unemployment rate
LAUCN510850000000003,2025,M13,0.03,F,CN5108500000000,03,U,51,"Hanover County, VA",unemployment rate
LAUCN510870000000003,2025,M13,0.033,F,CN5108700000000,03,U,51,"Henrico County, VA",unemployment rate
LAUCN510890000000003,2025,M13,0.048,F,CN5108900000000,03,U,51,"Henry County, VA",unemployment rate
LAUCN510910000000003,2025,M13,0.03,F,CN5109100000000,03,U,51,"Highland County, VA",unemployment rate
LAUCN510930000000003,2025,M13,0.033,F,CN5109300000000,03,U,51,"Isle of Wight County, VA",unemployment rate
LAUCN510950000000003,2025,M13,0.034,F,CN5109500000000,03,U,51,"James City County, VA",unemployment rate
LAUCN510970000000003,2025,M13,0.032,F,CN5109700000000,03,U,51,"King and Queen County, VA",unemployment rate
LAUCN510990000000003,2025,M13,0.032,F,CN5109900000000,03,U,51,"King George County, VA",unemployment rate
LAUCN511010000000003,2025,M13,0.028999999999999998,F,CN5110100000000,03,U,51,"King William County, VA",unemployment rate
LAUCN511030000000003,2025,M13,0.049,F,CN5110300000000,03,U,51,"Lancaster County, VA",unemployment rate
LAUCN511050000000003,2025,M13,0.044000000000000004,F,CN5110500000000,03,U,51,"Lee County, VA",unemployment rate
LAUCN511070000000003,2025,M13,0.031,F,CN5110700000000,03,U,51,"Loudoun County, VA",unemployment rate
LAUCN511090000000003,2025,M13,0.036000000000000004,F,CN5110900000000,03,U,51,"Louisa County, VA",unemployment rate
LAUCN511110000000003,2025,M13,0.043,F,CN5111100000000,03,U,51,"Lunenburg County, VA",unemployment rate
LAUCN511130000000003,2025,M13,0.028999999999999998,F,CN5111300000000,03,U,51,"Madison County, VA",unemployment rate
LAUCN511150000000003,2025,M13,0.036000000000000004,F,CN5111500000000,03,U,51,"Mathews County, VA",unemployment rate
LAUCN511170000000003,2025,M13,0.037000000000000005,F,CN5111700000000,03,U,51,"Mecklenburg County, VA",unemployment rate
LAUCN511190000000003,2025,M13,0.033,F,CN5111900000000,03,U,51,"Middlesex County, VA",unemployment rate
LAUCN511210000000003,2025,M13,0.037000000000000005,F,CN5112100000000,03,U,51,"Montgomery County, VA",unemployment rate
LAUCN511250000000003,2025,M13,0.032,F,CN5112500000000,03,U,51,"Nelson County, VA",unemployment rate
LAUCN511270000000003,2025,M13,0.028999999999999998,F,CN5112700000000,03,U,51,"New Kent County, VA",unemployment rate
LAUCN511310000000003,2025,M13,0.042,F,CN5113100000000,03,U,51,"Northampton County, VA",unemployment rate
LAUCN511330000000003,2025,M13,0.059000000000000004,F,CN5113300000000,03,U,51,"Northumberland County, VA",unemployment rate
LAUCN511350000000003,2025,M13,0.04,F,CN5113500000000,03,U,51,"Nottoway County, VA",unemployment rate
LAUCN511370000000003,2025,M13,0.034,F,CN5113700000000,03,U,51,"Orange County, VA",unemployment rate
LAUCN511390000000003,2025,M13,0.040999999999999995,F,CN5113900000000,03,U,51,"Page County, VA",unemployment rate
LAUCN511410000000003,2025,M13,0.037000000000000005,F,CN5114100000000,03,U,51,"Patrick County, VA",unemployment rate
LAUCN511430000000003,2025,M13,0.039,F,CN5114300000000,03,U,51,"Pittsylvania County, VA",unemployment rate
LAUCN511450000000003,2025,M13,0.027000000000000003,F,CN5114500000000,03,U,51,"Powhatan County, VA",unemployment rate
LAUCN511470000000003,2025,M13,0.049,F,CN5114700000000,03,U,51,"Prince Edward County, VA",unemployment rate
LAUCN511490000000003,2025,M13,0.032,F,CN5114900000000,03,U,51,"Prince George County, VA",unemployment rate
LAUCN511530000000003,2025,M13,0.032,F,CN5115300000000,03,U,51,"Prince William County, VA",unemployment rate
LAUCN511550000000003,2025,M13,0.052000000000000005,F,CN5115500000000,03,U,51,"Pulaski County, VA",unemployment rate
LAUCN511570000000003,2025,M13,0.03,F,CN5115700000000,03,U,51,"Rappahannock County, VA",unemployment rate
LAUCN511590000000003,2025,M13,0.04,F,CN5115900000000,03,U,51,"Richmond County, VA",unemployment rate
LAUCN511610000000003,2025,M13,0.031,F,CN5116100000000,03,U,51,"Roanoke County, VA",unemployment rate
LAUCN511630000000003,2025,M13,0.031,F,CN5116300000000,03,U,51,"Rockbridge County, VA",unemployment rate
LAUCN511650000000003,2025,M13,0.028999999999999998,F,CN5116500000000,03,U,51,"Rockingham County, VA",unemployment rate
LAUCN511670000000003,2025,M13,0.046,F,CN5116700000000,03,U,51,"Russell County, VA",unemployment rate
LAUCN511690000000003,2025,M13,0.039,F,CN5116900000000,03,U,51,"Scott County, VA",unemployment rate
LAUCN511710000000003,2025,M13,0.035,F,CN5117100000000,03,U,51,"Shenandoah County, VA",unemployment rate
LAUCN511730000000003,2025,M13,0.043,F,CN5117300000000,03,U,51,"Smyth County, VA",unemployment rate
LAUCN511750000000003,2025,M13,0.035,F,CN5117500000000,03,U,51,"Southampton County, VA",unemployment rate
LAUCN511770000000003,2025,M13,0.033,F,CN5117700000000,03,U,51,"Spotsylvania County, VA",unemployment rate
LAUCN511790000000003,2025,M13,0.033,F,CN5117900000000,03,U,51,"Stafford County, VA",unemployment rate
LAUCN511810000000003,2025,M13,0.035,F,CN5118100000000,03,U,51,"Surry County, VA",unemployment rate
LAUCN511830000000003,2025,M13,0.037000000000000005,F,CN5118300000000,03,U,51,"Sussex County, VA",unemployment rate
LAUCN511850000000003,2025,M13,0.051,F,CN5118500000000,03,U,51,"Tazewell County, VA",unemployment rate
LAUCN511870000000003,2025,M13,0.033,F,CN5118700000000,03,U,51,"Warren County, VA",unemployment rate
LAUCN511910000000003,2025,M13,0.035,F,CN5119100000000,03,U,51,"Washington County, VA",unemployment rate
LAUCN511930000000003,2025,M13,0.048,F,CN5119300000000,03,U,51,"Westmoreland County, VA",unemployment rate
LAUCN511950000000003,2025,M13,0.044000000000000004,F,CN5119500000000,03,U,51,"Wise County, VA",unemployment rate
LAUCN511970000000003,2025,M13,0.040999999999999995,F,CN5119700000000,03,U,51,"Wythe County, VA",unemployment rate
LAUCN511990000000003,2025,M13,0.031,F,CN5119900000000,03,U,51,"York County, VA",unemployment rate
LAUCN515100000000003,2025,M13,0.031,F,CN5151000000000,03,U,51,"Alexandria city, VA",unemployment rate
LAUCN515200000000003,2025,M13,0.038,F,CN5152000000000,03,U,51,"Bristol city, VA",unemployment rate
LAUCN515300000000003,2025,M13,0.035,F,CN5153000000000,03,U,51,"Buena Vista city, VA",unemployment rate
LAUCN515400000000003,2025,M13,0.028999999999999998,F,CN5154000000000,03,U,51,"Charlottesville city, VA",unemployment rate
LAUCN515500000000003,2025,M13,0.033,F,CN5155000000000,03,U,51,"Chesapeake city, VA",unemployment rate
LAUCN515700000000003,2025,M13,0.034,F,CN5157000000000,03,U,51,"Colonial Heights city, VA",unemployment rate
LAUCN515800000000003,2025,M13,0.047,F,CN5158000000000,03,U,51,"Covington city, VA",unemployment rate
LAUCN515900000000003,2025,M13,0.055,F,CN5159000000000,03,U,51,"Danville city, VA",unemployment rate
LAUCN515950000000003,2025,M13,0.079,F,CN5159500000000,03,U,51,"Emporia city, VA",unemployment rate
LAUCN516000000000003,2025,M13,0.028999999999999998,F,CN5160000000000,03,U,51,"Fairfax city, VA",unemployment rate
LAUCN516100000000003,2025,M13,0.034,F,CN5161000000000,03,U,51,"Falls Church city, VA",unemployment rate
LAUCN516200000000003,2025,M13,0.047,F,CN5162000000000,03,U,51,"Franklin city, VA",unemployment rate
LAUCN516300000000003,2025,M13,0.035,F,CN5163000000000,03,U,51,"Fredericksburg city, VA",unemployment rate
LAUCN516400000000003,2025,M13,0.037000000000000005,F,CN5164000000000,03,U,51,"Galax city, VA",unemployment rate
LAUCN516500000000003,2025,M13,0.042,F,CN5165000000000,03,U,51,"Hampton city, VA",unemployment rate
LAUCN516600000000003,2025,M13,0.038,F,CN5166000000000,03,U,51,"Harrisonburg city, VA",unemployment rate
LAUCN516700000000003,2025,M13,0.046,F,CN5167000000000,03,U,51,"Hopewell city, VA",unemployment rate
LAUCN516780000000003,2025,M13,0.05,F,CN5167800000000,03,U,51,"Lexington city, VA",unemployment rate
LAUCN516800000000003,2025,M13,0.043,F,CN5168000000000,03,U,51,"Lynchburg city, VA",unemployment rate
LAUCN516830000000003,2025,M13,0.028999999999999998,F,CN5168300000000,03,U,51,"Manassas city, VA",unemployment rate
LAUCN516850000000003,2025,M13,0.03,F,CN5168500000000,03,U,51,"Manassas Park city, VA",unemployment rate
LAUCN516900000000003,2025,M13,0.053,F,CN5169000000000,03,U,51,"Martinsville city, VA",unemployment rate
LAUCN517000000000003,2025,M13,0.04,F,CN5170000000000,03,U,51,"Newport News city, VA",unemployment rate
LAUCN517100000000003,2025,M13,0.04,F,CN5171000000000,03,U,51,"Norfolk city, VA",unemployment rate
LAUCN517200000000003,2025,M13,0.04,F,CN5172000000000,03,U,51,"Norton city, VA",unemployment rate
LAUCN517300000000003,2025,M13,0.05,F,CN5173000000000,03,U,51,"Petersburg city, VA",unemployment rate
LAUCN517350000000003,2025,M13,0.028999999999999998,F,CN5173500000000,03,U,51,"Poquoson city, VA",unemployment rate
LAUCN517400000000003,2025,M13,0.043,F,CN5174000000000,03,U,51,"Portsmouth city, VA",unemployment rate
LAUCN517500000000003,2025,M13,0.045,F,CN5175000000000,03,U,51,"Radford city, VA",unemployment rate
LAUCN517600000000003,2025,M13,0.037000000000000005,F,CN5176000000000,03,U,51,"Richmond city, VA",unemployment rate
LAUCN517700000000003,2025,M13,0.036000000000000004,F,CN5177000000000,03,U,51,"Roanoke city, VA",unemployment rate
LAUCN517750000000003,2025,M13,0.033,F,CN5177500000000,03,U,51,"Salem city, VA",unemployment rate
LAUCN517900000000003,2025,M13,0.031,F,CN5179000000000,03,U,51,"Staunton city, VA",unemployment rate
LAUCN518000000000003,2025,M13,0.036000000000000004,F,CN5180000000000,03,U,51,"Suffolk city, VA",unemployment rate
LAUCN518100000000003,2025,M13,0.032,F,CN5181000000000,03,U,51,"Virginia Beach city, VA",unemployment rate
LAUCN518200000000003,2025,M13,0.031,F,CN5182000000000,03,U,51,"Waynesboro city, VA",unemployment rate
LAUCN518300000000003,2025,M13,0.049,F,CN5183000000000,03,U,51,"Williamsburg city, VA",unemployment rate
LAUCN518400000000003,2025,M13,0.033,F,CN5184000000000,03,U,51,"Winchester city, VA",unemployment rate
LAUCN530010000000003,2025,M13,0.05,F,CN5300100000000,03,U,53,"Adams County, WA",unemployment rate
LAUCN530030000000003,2025,M13,0.034,F,CN5300300000000,03,U,53,"Asotin County, WA",unemployment rate
LAUCN530050000000003,2025,M13,0.047,F,CN5300500000000,03,U,53,"Benton County, WA",unemployment rate
LAUCN530070000000003,2025,M13,0.045,F,CN5300700000000,03,U,53,"Chelan County, WA",unemployment rate
LAUCN530090000000003,2025,M13,0.05,F,CN5300900000000,03,U,53,"Clallam County, WA",unemployment rate
LAUCN530110000000003,2025,M13,0.045,F,CN5301100000000,03,U,53,"Clark County, WA",unemployment rate
LAUCN530130000000003,2025,M13,0.042,F,CN5301300000000,03,U,53,"Columbia County, WA",unemployment rate
LAUCN530150000000003,2025,M13,0.053,F,CN5301500000000,03,U,53,"Cowlitz County, WA",unemployment rate
LAUCN530170000000003,2025,M13,0.052000000000000005,F,CN5301700000000,03,U,53,"Douglas County, WA",unemployment rate
LAUCN530190000000003,2025,M13,0.07400000000000001,F,CN5301900000000,03,U,53,"Ferry County, WA",unemployment rate
LAUCN530210000000003,2025,M13,0.054000000000000006,F,CN5302100000000,03,U,53,"Franklin County, WA",unemployment rate
LAUCN530230000000003,2025,M13,0.045,F,CN5302300000000,03,U,53,"Garfield County, WA",unemployment rate
LAUCN530250000000003,2025,M13,0.062,F,CN5302500000000,03,U,53,"Grant County, WA",unemployment rate
LAUCN530270000000003,2025,M13,0.059000000000000004,F,CN5302700000000,03,U,53,"Grays Harbor County, WA",unemployment rate
LAUCN530290000000003,2025,M13,0.046,F,CN5302900000000,03,U,53,"Island County, WA",unemployment rate
LAUCN530310000000003,2025,M13,0.051,F,CN5303100000000,03,U,53,"Jefferson County, WA",unemployment rate
LAUCN530330000000003,2025,M13,0.045,F,CN5303300000000,03,U,53,"King County, WA",unemployment rate
LAUCN530350000000003,2025,M13,0.042,F,CN5303500000000,03,U,53,"Kitsap County, WA",unemployment rate
LAUCN530370000000003,2025,M13,0.047,F,CN5303700000000,03,U,53,"Kittitas County, WA",unemployment rate
LAUCN530390000000003,2025,M13,0.051,F,CN5303900000000,03,U,53,"Klickitat County, WA",unemployment rate
LAUCN530410000000003,2025,M13,0.055999999999999994,F,CN5304100000000,03,U,53,"Lewis County, WA",unemployment rate
LAUCN530430000000003,2025,M13,0.057999999999999996,F,CN5304300000000,03,U,53,"Lincoln County, WA",unemployment rate
LAUCN530450000000003,2025,M13,0.054000000000000006,F,CN5304500000000,03,U,53,"Mason County, WA",unemployment rate
LAUCN530470000000003,2025,M13,0.052000000000000005,F,CN5304700000000,03,U,53,"Okanogan County, WA",unemployment rate
LAUCN530490000000003,2025,M13,0.061,F,CN5304900000000,03,U,53,"Pacific County, WA",unemployment rate
LAUCN530510000000003,2025,M13,0.059000000000000004,F,CN5305100000000,03,U,53,"Pend Oreille County, WA",unemployment rate
LAUCN530530000000003,2025,M13,0.05,F,CN5305300000000,03,U,53,"Pierce County, WA",unemployment rate
LAUCN530550000000003,2025,M13,0.038,F,CN5305500000000,03,U,53,"San Juan County, WA",unemployment rate
LAUCN530570000000003,2025,M13,0.047,F,CN5305700000000,03,U,53,"Skagit County, WA",unemployment rate
LAUCN530590000000003,2025,M13,0.047,F,CN5305900000000,03,U,53,"Skamania County, WA",unemployment rate
LAUCN530610000000003,2025,M13,0.047,F,CN5306100000000,03,U,53,"Snohomish County, WA",unemployment rate
LAUCN530630000000003,2025,M13,0.043,F,CN5306300000000,03,U,53,"Spokane County, WA",unemployment rate
LAUCN530650000000003,2025,M13,0.059000000000000004,F,CN5306500000000,03,U,53,"Stevens County, WA",unemployment rate
LAUCN530670000000003,2025,M13,0.044000000000000004,F,CN5306700000000,03,U,53,"Thurston County, WA",unemployment rate
LAUCN530690000000003,2025,M13,0.069,F,CN5306900000000,03,U,53,"Wahkiakum County, WA",unemployment rate
LAUCN530710000000003,2025,M13,0.040999999999999995,F,CN5307100000000,03,U,53,"Walla Walla County, WA",unemployment rate
LAUCN530730000000003,2025,M13,0.044000000000000004,F,CN5307300000000,03,U,53,"Whatcom County, WA",unemployment rate
LAUCN530750000000003,2025,M13,0.039,F,CN5307500000000,03,U,53,"Whitman County, WA",unemployment rate
LAUCN530770000000003,2025,M13,0.059000000000000004,F,CN5307700000000,03,U,53,"Yakima County, WA",unemployment rate
LAUCN540010000000003,2025,M13,0.052000000000000005,F,CN5400100000000,03,U,54,"Barbour County, WV",unemployment rate
LAUCN540030000000003,2025,M13,0.036000000000000004,F,CN5400300000000,03,U,54,"Berkeley County, WV",unemployment rate
LAUCN540050000000003,2025,M13,0.052000000000000005,F,CN5400500000000,03,U,54,"Boone County, WV",unemployment rate
LAUCN540070000000003,2025,M13,0.046,F,CN5400700000000,03,U,54,"Braxton County, WV",unemployment rate
LAUCN540090000000003,2025,M13,0.049,F,CN5400900000000,03,U,54,"Brooke County, WV",unemployment rate
LAUCN540110000000003,2025,M13,0.039,F,CN5401100000000,03,U,54,"Cabell County, WV",unemployment rate
LAUCN540130000000003,2025,M13,0.071,F,CN5401300000000,03,U,54,"Calhoun County, WV",unemployment rate
LAUCN540150000000003,2025,M13,0.077,F,CN5401500000000,03,U,54,"Clay County, WV",unemployment rate
LAUCN540170000000003,2025,M13,0.037000000000000005,F,CN5401700000000,03,U,54,"Doddridge County, WV",unemployment rate
LAUCN540190000000003,2025,M13,0.048,F,CN5401900000000,03,U,54,"Fayette County, WV",unemployment rate
LAUCN540210000000003,2025,M13,0.044000000000000004,F,CN5402100000000,03,U,54,"Gilmer County, WV",unemployment rate
LAUCN540230000000003,2025,M13,0.039,F,CN5402300000000,03,U,54,"Grant County, WV",unemployment rate
LAUCN540250000000003,2025,M13,0.043,F,CN5402500000000,03,U,54,"Greenbrier County, WV",unemployment rate
LAUCN540270000000003,2025,M13,0.037000000000000005,F,CN5402700000000,03,U,54,"Hampshire County, WV",unemployment rate
LAUCN540290000000003,2025,M13,0.054000000000000006,F,CN5402900000000,03,U,54,"Hancock County, WV",unemployment rate
LAUCN540310000000003,2025,M13,0.036000000000000004,F,CN5403100000000,03,U,54,"Hardy County, WV",unemployment rate
LAUCN540330000000003,2025,M13,0.038,F,CN5403300000000,03,U,54,"Harrison County, WV",unemployment rate
LAUCN540350000000003,2025,M13,0.055999999999999994,F,CN5403500000000,03,U,54,"Jackson County, WV",unemployment rate
LAUCN540370000000003,2025,M13,0.031,F,CN5403700000000,03,U,54,"Jefferson County, WV",unemployment rate
LAUCN540390000000003,2025,M13,0.040999999999999995,F,CN5403900000000,03,U,54,"Kanawha County, WV",unemployment rate
LAUCN540410000000003,2025,M13,0.048,F,CN5404100000000,03,U,54,"Lewis County, WV",unemployment rate
LAUCN540430000000003,2025,M13,0.051,F,CN5404300000000,03,U,54,"Lincoln County, WV",unemployment rate
LAUCN540450000000003,2025,M13,0.049,F,CN5404500000000,03,U,54,"Logan County, WV",unemployment rate
LAUCN540470000000003,2025,M13,0.099,F,CN5404700000000,03,U,54,"McDowell County, WV",unemployment rate
LAUCN540490000000003,2025,M13,0.042,F,CN5404900000000,03,U,54,"Marion County, WV",unemployment rate
LAUCN540510000000003,2025,M13,0.045,F,CN5405100000000,03,U,54,"Marshall County, WV",unemployment rate
LAUCN540530000000003,2025,M13,0.038,F,CN5405300000000,03,U,54,"Mason County, WV",unemployment rate
LAUCN540550000000003,2025,M13,0.044000000000000004,F,CN5405500000000,03,U,54,"Mercer County, WV",unemployment rate
LAUCN540570000000003,2025,M13,0.043,F,CN5405700000000,03,U,54,"Mineral County, WV",unemployment rate
LAUCN540590000000003,2025,M13,0.065,F,CN5405900000000,03,U,54,"Mingo County, WV",unemployment rate
LAUCN540610000000003,2025,M13,0.034,F,CN5406100000000,03,U,54,"Monongalia County, WV",unemployment rate
LAUCN540630000000003,2025,M13,0.049,F,CN5406300000000,03,U,54,"Monroe County, WV",unemployment rate
LAUCN540650000000003,2025,M13,0.034,F,CN5406500000000,03,U,54,"Morgan County, WV",unemployment rate
LAUCN540670000000003,2025,M13,0.053,F,CN5406700000000,03,U,54,"Nicholas County, WV",unemployment rate
LAUCN540690000000003,2025,M13,0.042,F,CN5406900000000,03,U,54,"Ohio County, WV",unemployment rate
LAUCN540710000000003,2025,M13,0.031,F,CN5407100000000,03,U,54,"Pendleton County, WV",unemployment rate
LAUCN540730000000003,2025,M13,0.046,F,CN5407300000000,03,U,54,"Pleasants County, WV",unemployment rate
LAUCN540750000000003,2025,M13,0.049,F,CN5407500000000,03,U,54,"Pocahontas County, WV",unemployment rate
LAUCN540770000000003,2025,M13,0.042,F,CN5407700000000,03,U,54,"Preston County, WV",unemployment rate
LAUCN540790000000003,2025,M13,0.035,F,CN5407900000000,03,U,54,"Putnam County, WV",unemployment rate
LAUCN540810000000003,2025,M13,0.043,F,CN5408100000000,03,U,54,"Raleigh County, WV",unemployment rate
LAUCN540830000000003,2025,M13,0.055,F,CN5408300000000,03,U,54,"Randolph County, WV",unemployment rate
LAUCN540850000000003,2025,M13,0.054000000000000006,F,CN5408500000000,03,U,54,"Ritchie County, WV",unemployment rate
LAUCN540870000000003,2025,M13,0.07,F,CN5408700000000,03,U,54,"Roane County, WV",unemployment rate
LAUCN540890000000003,2025,M13,0.046,F,CN5408900000000,03,U,54,"Summers County, WV",unemployment rate
LAUCN540910000000003,2025,M13,0.040999999999999995,F,CN5409100000000,03,U,54,"Taylor County, WV",unemployment rate
LAUCN540930000000003,2025,M13,0.038,F,CN5409300000000,03,U,54,"Tucker County, WV",unemployment rate
LAUCN540950000000003,2025,M13,0.053,F,CN5409500000000,03,U,54,"Tyler County, WV",unemployment rate
LAUCN540970000000003,2025,M13,0.049,F,CN5409700000000,03,U,54,"Upshur County, WV",unemployment rate
LAUCN540990000000003,2025,M13,0.045,F,CN5409900000000,03,U,54,"Wayne County, WV",unemployment rate
LAUCN541010000000003,2025,M13,0.06,F,CN5410100000000,03,U,54,"Webster County, WV",unemployment rate
LAUCN541030000000003,2025,M13,0.06,F,CN5410300000000,03,U,54,"Wetzel County, WV",unemployment rate
LAUCN541050000000003,2025,M13,0.062,F,CN5410500000000,03,U,54,"Wirt County, WV",unemployment rate
LAUCN541070000000003,2025,M13,0.043,F,CN5410700000000,03,U,54,"Wood County, WV",unemployment rate
LAUCN541090000000003,2025,M13,0.052000000000000005,F,CN5410900000000,03,U,54,"Wyoming County, WV",unemployment rate
LAUCN550010000000003,2025,M13,0.049,F,CN5500100000000,03,U,55,"Adams County, WI",unemployment rate
LAUCN550030000000003,2025,M13,0.039,F,CN5500300000000,03,U,55,"Ashland County, WI",unemployment rate
LAUCN550050000000003,2025,M13,0.04,F,CN5500500000000,03,U,55,"Barron County, WI",unemployment rate
LAUCN550070000000003,2025,M13,0.046,F,CN5500700000000,03,U,55,"Bayfield County, WI",unemployment rate
LAUCN550090000000003,2025,M13,0.028999999999999998,F,CN5500900000000,03,U,55,"Brown County, WI",unemployment rate
LAUCN550110000000003,2025,M13,0.04,F,CN5501100000000,03,U,55,"Buffalo County, WI",unemployment rate
LAUCN550130000000003,2025,M13,0.05,F,CN5501300000000,03,U,55,"Burnett County, WI",unemployment rate
LAUCN550150000000003,2025,M13,0.025,F,CN5501500000000,03,U,55,"Calumet County, WI",unemployment rate
LAUCN550170000000003,2025,M13,0.037000000000000005,F,CN5501700000000,03,U,55,"Chippewa County, WI",unemployment rate
LAUCN550190000000003,2025,M13,0.03,F,CN5501900000000,03,U,55,"Clark County, WI",unemployment rate
LAUCN550210000000003,2025,M13,0.03,F,CN5502100000000,03,U,55,"Columbia County, WI",unemployment rate
LAUCN550230000000003,2025,M13,0.040999999999999995,F,CN5502300000000,03,U,55,"Crawford County, WI",unemployment rate
LAUCN550250000000003,2025,M13,0.026000000000000002,F,CN5502500000000,03,U,55,"Dane County, WI",unemployment rate
LAUCN550270000000003,2025,M13,0.027000000000000003,F,CN5502700000000,03,U,55,"Dodge County, WI",unemployment rate
LAUCN550290000000003,2025,M13,0.034,F,CN5502900000000,03,U,55,"Door County, WI",unemployment rate
LAUCN550310000000003,2025,M13,0.046,F,CN5503100000000,03,U,55,"Douglas County, WI",unemployment rate
LAUCN550330000000003,2025,M13,0.034,F,CN5503300000000,03,U,55,"Dunn County, WI",unemployment rate
LAUCN550350000000003,2025,M13,0.028999999999999998,F,CN5503500000000,03,U,55,"Eau Claire County, WI",unemployment rate
LAUCN550370000000003,2025,M13,0.038,F,CN5503700000000,03,U,55,"Florence County, WI",unemployment rate
LAUCN550390000000003,2025,M13,0.03,F,CN5503900000000,03,U,55,"Fond du Lac County, WI",unemployment rate
LAUCN550410000000003,2025,M13,0.045,F,CN5504100000000,03,U,55,"Forest County, WI",unemployment rate
LAUCN550430000000003,2025,M13,0.032,F,CN5504300000000,03,U,55,"Grant County, WI",unemployment rate
LAUCN550450000000003,2025,M13,0.026000000000000002,F,CN5504500000000,03,U,55,"Green County, WI",unemployment rate
LAUCN550470000000003,2025,M13,0.035,F,CN5504700000000,03,U,55,"Green Lake County, WI",unemployment rate
LAUCN550490000000003,2025,M13,0.027999999999999997,F,CN5504900000000,03,U,55,"Iowa County, WI",unemployment rate
LAUCN550510000000003,2025,M13,0.055,F,CN5505100000000,03,U,55,"Iron County, WI",unemployment rate
LAUCN550530000000003,2025,M13,0.040999999999999995,F,CN5505300000000,03,U,55,"Jackson County, WI",unemployment rate
LAUCN550550000000003,2025,M13,0.028999999999999998,F,CN5505500000000,03,U,55,"Jefferson County, WI",unemployment rate
LAUCN550570000000003,2025,M13,0.036000000000000004,F,CN5505700000000,03,U,55,"Juneau County, WI",unemployment rate
LAUCN550590000000003,2025,M13,0.034,F,CN5505900000000,03,U,55,"Kenosha County, WI",unemployment rate
LAUCN550610000000003,2025,M13,0.027999999999999997,F,CN5506100000000,03,U,55,"Kewaunee County, WI",unemployment rate
LAUCN550630000000003,2025,M13,0.027999999999999997,F,CN5506300000000,03,U,55,"La Crosse County, WI",unemployment rate
LAUCN550650000000003,2025,M13,0.027000000000000003,F,CN5506500000000,03,U,55,"Lafayette County, WI",unemployment rate
LAUCN550670000000003,2025,M13,0.04,F,CN5506700000000,03,U,55,"Langlade County, WI",unemployment rate
LAUCN550690000000003,2025,M13,0.036000000000000004,F,CN5506900000000,03,U,55,"Lincoln County, WI",unemployment rate
LAUCN550710000000003,2025,M13,0.03,F,CN5507100000000,03,U,55,"Manitowoc County, WI",unemployment rate
LAUCN550730000000003,2025,M13,0.027999999999999997,F,CN5507300000000,03,U,55,"Marathon County, WI",unemployment rate
LAUCN550750000000003,2025,M13,0.040999999999999995,F,CN5507500000000,03,U,55,"Marinette County, WI",unemployment rate
LAUCN550770000000003,2025,M13,0.039,F,CN5507700000000,03,U,55,"Marquette County, WI",unemployment rate
LAUCN550780000000003,2025,M13,0.051,F,CN5507800000000,03,U,55,"Menominee County, WI",unemployment rate
LAUCN550790000000003,2025,M13,0.04,F,CN5507900000000,03,U,55,"Milwaukee County, WI",unemployment rate
LAUCN550810000000003,2025,M13,0.028999999999999998,F,CN5508100000000,03,U,55,"Monroe County, WI",unemployment rate
LAUCN550830000000003,2025,M13,0.034,F,CN5508300000000,03,U,55,"Oconto County, WI",unemployment rate
LAUCN550850000000003,2025,M13,0.034,F,CN5508500000000,03,U,55,"Oneida County, WI",unemployment rate
LAUCN550870000000003,2025,M13,0.028999999999999998,F,CN5508700000000,03,U,55,"Outagamie County, WI",unemployment rate
LAUCN550890000000003,2025,M13,0.027999999999999997,F,CN5508900000000,03,U,55,"Ozaukee County, WI",unemployment rate
LAUCN550910000000003,2025,M13,0.035,F,CN5509100000000,03,U,55,"Pepin County, WI",unemployment rate
LAUCN550930000000003,2025,M13,0.037000000000000005,F,CN5509300000000,03,U,55,"Pierce County, WI",unemployment rate
LAUCN550950000000003,2025,M13,0.048,F,CN5509500000000,03,U,55,"Polk County, WI",unemployment rate
LAUCN550970000000003,2025,M13,0.031,F,CN5509700000000,03,U,55,"Portage County, WI",unemployment rate
LAUCN550990000000003,2025,M13,0.043,F,CN5509900000000,03,U,55,"Price County, WI",unemployment rate
LAUCN551010000000003,2025,M13,0.038,F,CN5510100000000,03,U,55,"Racine County, WI",unemployment rate
LAUCN551030000000003,2025,M13,0.032,F,CN5510300000000,03,U,55,"Richland County, WI",unemployment rate
LAUCN551050000000003,2025,M13,0.035,F,CN5510500000000,03,U,55,"Rock County, WI",unemployment rate
LAUCN551070000000003,2025,M13,0.047,F,CN5510700000000,03,U,55,"Rusk County, WI",unemployment rate
LAUCN551090000000003,2025,M13,0.037000000000000005,F,CN5510900000000,03,U,55,"St. Croix County, WI",unemployment rate
LAUCN551110000000003,2025,M13,0.028999999999999998,F,CN5511100000000,03,U,55,"Sauk County, WI",unemployment rate
LAUCN551130000000003,2025,M13,0.04,F,CN5511300000000,03,U,55,"Sawyer County, WI",unemployment rate
LAUCN551150000000003,2025,M13,0.031,F,CN5511500000000,03,U,55,"Shawano County, WI",unemployment rate
LAUCN551170000000003,2025,M13,0.027999999999999997,F,CN5511700000000,03,U,55,"Sheboygan County, WI",unemployment rate
LAUCN551190000000003,2025,M13,0.039,F,CN5511900000000,03,U,55,"Taylor County, WI",unemployment rate
LAUCN551210000000003,2025,M13,0.035,F,CN5512100000000,03,U,55,"Trempealeau County, WI",unemployment rate
LAUCN551230000000003,2025,M13,0.031,F,CN5512300000000,03,U,55,"Vernon County, WI",unemployment rate
LAUCN551250000000003,2025,M13,0.04,F,CN5512500000000,03,U,55,"Vilas County, WI",unemployment rate
LAUCN551270000000003,2025,M13,0.028999999999999998,F,CN5512700000000,03,U,55,"Walworth County, WI",unemployment rate
LAUCN551290000000003,2025,M13,0.043,F,CN5512900000000,03,U,55,"Washburn County, WI",unemployment rate
LAUCN551310000000003,2025,M13,0.027999999999999997,F,CN5513100000000,03,U,55,"Washington County, WI",unemployment rate
LAUCN551330000000003,2025,M13,0.028999999999999998,F,CN5513300000000,03,U,55,"Waukesha County, WI",unemployment rate
LAUCN551350000000003,2025,M13,0.031,F,CN5513500000000,03,U,55,"Waupaca County, WI",unemployment rate
LAUCN551370000000003,2025,M13,0.038,F,CN5513700000000,03,U,55,"Waushara County, WI",unemployment rate
LAUCN551390000000003,2025,M13,0.028999999999999998,F,CN5513900000000,03,U,55,"Winnebago County, WI",unemployment rate
LAUCN551410000000003,2025,M13,0.035,F,CN5514100000000,03,U,55,"Wood County, WI",unemployment rate
LAUCN560010000000003,2025,M13,0.027999999999999997,F,CN5600100000000,03,U,56,"Albany County, WY",unemployment rate
LAUCN560030000000003,2025,M13,0.042,F,CN5600300000000,03,U,56,"Big Horn County, WY",unemployment rate
LAUCN560050000000003,2025,M13,0.033,F,CN5600500000000,03,U,56,"Campbell County, WY",unemployment rate
LAUCN560070000000003,2025,M13,0.039,F,CN5600700000000,03,U,56,"Carbon County, WY",unemployment rate
LAUCN560090000000003,2025,M13,0.031,F,CN5600900000000,03,U,56,"Converse County, WY",unemployment rate
LAUCN560110000000003,2025,M13,0.028999999999999998,F,CN5601100000000,03,U,56,"Crook County, WY",unemployment rate
LAUCN560130000000003,2025,M13,0.040999999999999995,F,CN5601300000000,03,U,56,"Fremont County, WY",unemployment rate
LAUCN560150000000003,2025,M13,0.034,F,CN5601500000000,03,U,56,"Goshen County, WY",unemployment rate
LAUCN560170000000003,2025,M13,0.034,F,CN5601700000000,03,U,56,"Hot Springs County, WY",unemployment rate
LAUCN560190000000003,2025,M13,0.027999999999999997,F,CN5601900000000,03,U,56,"Johnson County, WY",unemployment rate
LAUCN560210000000003,2025,M13,0.034,F,CN5602100000000,03,U,56,"Laramie County, WY",unemployment rate
LAUCN560230000000003,2025,M13,0.03,F,CN5602300000000,03,U,56,"Lincoln County, WY",unemployment rate
LAUCN560250000000003,2025,M13,0.034,F,CN5602500000000,03,U,56,"Natrona County, WY",unemployment rate
LAUCN560270000000003,2025,M13,0.040999999999999995,F,CN5602700000000,03,U,56,"Niobrara County, WY",unemployment rate
LAUCN560290000000003,2025,M13,0.037000000000000005,F,CN5602900000000,03,U,56,"Park County, WY",unemployment rate
LAUCN560310000000003,2025,M13,0.040999999999999995,F,CN5603100000000,03,U,56,"Platte County, WY",unemployment rate
LAUCN560330000000003,2025,M13,0.033,F,CN5603300000000,03,U,56,"Sheridan County, WY",unemployment rate
LAUCN560350000000003,2025,M13,0.034,F,CN5603500000000,03,U,56,"Sublette County, WY",unemployment rate
LAUCN560370000000003,2025,M13,0.038,F,CN5603700000000,03,U,56,"Sweetwater County, WY",unemployment rate
LAUCN560390000000003,2025,M13,0.024,F,CN5603900000000,03,U,56,"Teton County, WY",unemployment rate
LAUCN560410000000003,2025,M13,0.036000000000000004,F,CN5604100000000,03,U,56,"Uinta County, WY",unemployment rate
LAUCN560430000000003,2025,M13,0.035,F,CN5604300000000,03,U,56,"Washakie County, WY",unemployment rate
LAUCN560450000000003,2025,M13,0.033,F,CN5604500000000,03,U,56,"Weston County, WY",unemployment rate
LAUCN720010000000003,2025,M13,0.147,F,CN7200100000000,03,U,72,"Adjuntas Municipio, PR",unemployment rate
LAUCN720030000000003,2025,M13,0.07200000000000001,F,CN7200300000000,03,U,72,"Aguada Municipio, PR",unemployment rate
LAUCN720050000000003,2025,M13,0.081,F,CN7200500000000,03,U,72,"Aguadilla Municipio, PR",unemployment rate
LAUCN720070000000003,2025,M13,0.052000000000000005,F,CN7200700000000,03,U,72,"Aguas Buenas Municipio, PR",unemployment rate
LAUCN720090000000003,2025,M13,0.057999999999999996,F,CN7200900000000,03,U,72,"Aibonito Municipio, PR",unemployment rate
LAUCN720110000000003,2025,M13,0.064,F,CN7201100000000,03,U,72,"Anasco Municipio, PR",unemployment rate
LAUCN720130000000003,2025,M13,0.061,F,CN7201300000000,03,U,72,"Arecibo Municipio, PR",unemployment rate
LAUCN720150000000003,2025,M13,0.105,F,CN7201500000000,03,U,72,"Arroyo Municipio, PR",unemployment rate
LAUCN720170000000003,2025,M13,0.061,F,CN7201700000000,03,U,72,"Barceloneta Municipio, PR",unemployment rate
LAUCN720190000000003,2025,M13,0.042,F,CN7201900000000,03,U,72,"Barranquitas Municipio, PR",unemployment rate
LAUCN720210000000003,2025,M13,0.036000000000000004,F,CN7202100000000,03,U,72,"Bayamon Municipio, PR",unemployment rate
LAUCN720230000000003,2025,M13,0.077,F,CN7202300000000,03,U,72,"Cabo Rojo Municipio, PR",unemployment rate
LAUCN720250000000003,2025,M13,0.048,F,CN7202500000000,03,U,72,"Caguas Municipio, PR",unemployment rate
LAUCN720270000000003,2025,M13,0.05,F,CN7202700000000,03,U,72,"Camuy Municipio, PR",unemployment rate
LAUCN720290000000003,2025,M13,0.051,F,CN7202900000000,03,U,72,"Canovanas Municipio, PR",unemployment rate
LAUCN720310000000003,2025,M13,0.035,F,CN7203100000000,03,U,72,"Carolina Municipio, PR",unemployment rate
LAUCN720330000000003,2025,M13,0.038,F,CN7203300000000,03,U,72,"Catano Municipio, PR",unemployment rate
LAUCN720350000000003,2025,M13,0.052000000000000005,F,CN7203500000000,03,U,72,"Cayey Municipio, PR",unemployment rate
LAUCN720370000000003,2025,M13,0.07200000000000001,F,CN7203700000000,03,U,72,"Ceiba Municipio, PR",unemployment rate
LAUCN720390000000003,2025,M13,0.098,F,CN7203900000000,03,U,72,"Ciales Municipio, PR",unemployment rate
LAUCN720410000000003,2025,M13,0.040999999999999995,F,CN7204100000000,03,U,72,"Cidra Municipio, PR",unemployment rate
LAUCN720430000000003,2025,M13,0.066,F,CN7204300000000,03,U,72,"Coamo Municipio, PR",unemployment rate
LAUCN720450000000003,2025,M13,0.069,F,CN7204500000000,03,U,72,"Comerio Municipio, PR",unemployment rate
LAUCN720470000000003,2025,M13,0.042,F,CN7204700000000,03,U,72,"Corozal Municipio, PR",unemployment rate
LAUCN720490000000003,2025,M13,0.016,F,CN7204900000000,03,U,72,"Culebra Municipio, PR",unemployment rate
LAUCN720510000000003,2025,M13,0.051,F,CN7205100000000,03,U,72,"Dorado Municipio, PR",unemployment rate
LAUCN720530000000003,2025,M13,0.069,F,CN7205300000000,03,U,72,"Fajardo Municipio, PR",unemployment rate
LAUCN720540000000003,2025,M13,0.059000000000000004,F,CN7205400000000,03,U,72,"Florida Municipio, PR",unemployment rate
LAUCN720550000000003,2025,M13,0.17300000000000001,F,CN7205500000000,03,U,72,"Guanica Municipio, PR",unemployment rate
LAUCN720570000000003,2025,M13,0.085,F,CN7205700000000,03,U,72,"Guayama Municipio, PR",unemployment rate
LAUCN720590000000003,2025,M13,0.114,F,CN7205900000000,03,U,72,"Guayanilla Municipio, PR",unemployment rate
LAUCN720610000000003,2025,M13,0.027000000000000003,F,CN7206100000000,03,U,72,"Guaynabo Municipio, PR",unemployment rate
LAUCN720630000000003,2025,M13,0.034,F,CN7206300000000,03,U,72,"Gurabo Municipio, PR",unemployment rate
LAUCN720650000000003,2025,M13,0.052000000000000005,F,CN7206500000000,03,U,72,"Hatillo Municipio, PR",unemployment rate
LAUCN720670000000003,2025,M13,0.062,F,CN7206700000000,03,U,72,"Hormigueros Municipio, PR",unemployment rate
LAUCN720690000000003,2025,M13,0.07200000000000001,F,CN7206900000000,03,U,72,"Humacao Municipio, PR",unemployment rate
LAUCN720710000000003,2025,M13,0.05,F,CN7207100000000,03,U,72,"Isabela Municipio, PR",unemployment rate
LAUCN720730000000003,2025,M13,0.084,F,CN7207300000000,03,U,72,"Jayuya Municipio, PR",unemployment rate
LAUCN720750000000003,2025,M13,0.051,F,CN7207500000000,03,U,72,"Juana Diaz Municipio, PR",unemployment rate
LAUCN720770000000003,2025,M13,0.038,F,CN7207700000000,03,U,72,"Juncos Municipio, PR",unemployment rate
LAUCN720790000000003,2025,M13,0.09300000000000001,F,CN7207900000000,03,U,72,"Lajas Municipio, PR",unemployment rate
LAUCN720810000000003,2025,M13,0.081,F,CN7208100000000,03,U,72,"Lares Municipio, PR",unemployment rate
LAUCN720830000000003,2025,M13,0.151,F,CN7208300000000,03,U,72,"Las Marias Municipio, PR",unemployment rate
LAUCN720850000000003,2025,M13,0.062,F,CN7208500000000,03,U,72,"Las Piedras Municipio, PR",unemployment rate
LAUCN720870000000003,2025,M13,0.053,F,CN7208700000000,03,U,72,"Loiza Municipio, PR",unemployment rate
LAUCN720890000000003,2025,M13,0.06,F,CN7208900000000,03,U,72,"Luquillo Municipio, PR",unemployment rate
LAUCN720910000000003,2025,M13,0.057,F,CN7209100000000,03,U,72,"Manati Municipio, PR",unemployment rate
LAUCN720930000000003,2025,M13,0.265,F,CN7209300000000,03,U,72,"Maricao Municipio, PR",unemployment rate
LAUCN720950000000003,2025,M13,0.11599999999999999,F,CN7209500000000,03,U,72,"Maunabo Municipio, PR",unemployment rate
LAUCN720970000000003,2025,M13,0.092,F,CN7209700000000,03,U,72,"Mayaguez Municipio, PR",unemployment rate
LAUCN720990000000003,2025,M13,0.065,F,CN7209900000000,03,U,72,"Moca Municipio, PR",unemployment rate
LAUCN721010000000003,2025,M13,0.063,F,CN7210100000000,03,U,72,"Morovis Municipio, PR",unemployment rate
LAUCN721030000000003,2025,M13,0.075,F,CN7210300000000,03,U,72,"Naguabo Municipio, PR",unemployment rate
LAUCN721050000000003,2025,M13,0.068,F,CN7210500000000,03,U,72,"Naranjito Municipio, PR",unemployment rate
LAUCN721070000000003,2025,M13,0.083,F,CN7210700000000,03,U,72,"Orocovis Municipio, PR",unemployment rate
LAUCN721090000000003,2025,M13,0.073,F,CN7210900000000,03,U,72,"Patillas Municipio, PR",unemployment rate
LAUCN721110000000003,2025,M13,0.11900000000000001,F,CN7211100000000,03,U,72,"Penuelas Municipio, PR",unemployment rate
LAUCN721130000000003,2025,M13,0.084,F,CN7211300000000,03,U,72,"Ponce Municipio, PR",unemployment rate
LAUCN721150000000003,2025,M13,0.096,F,CN7211500000000,03,U,72,"Quebradillas Municipio, PR",unemployment rate
LAUCN721170000000003,2025,M13,0.099,F,CN7211700000000,03,U,72,"Rincon Municipio, PR",unemployment rate
LAUCN721190000000003,2025,M13,0.037000000000000005,F,CN7211900000000,03,U,72,"Rio Grande Municipio, PR",unemployment rate
LAUCN721210000000003,2025,M13,0.086,F,CN7212100000000,03,U,72,"Sabana Grande Municipio, PR",unemployment rate
LAUCN721230000000003,2025,M13,0.068,F,CN7212300000000,03,U,72,"Salinas Municipio, PR",unemployment rate
LAUCN721250000000003,2025,M13,0.09,F,CN7212500000000,03,U,72,"San German Municipio, PR",unemployment rate
LAUCN721270000000003,2025,M13,0.035,F,CN7212700000000,03,U,72,"San Juan Municipio, PR",unemployment rate
LAUCN721290000000003,2025,M13,0.08800000000000001,F,CN7212900000000,03,U,72,"San Lorenzo Municipio, PR",unemployment rate
LAUCN721310000000003,2025,M13,0.07200000000000001,F,CN7213100000000,03,U,72,"San Sebastian Municipio, PR",unemployment rate
LAUCN721330000000003,2025,M13,0.067,F,CN7213300000000,03,U,72,"Santa Isabel Municipio, PR",unemployment rate
LAUCN721350000000003,2025,M13,0.037000000000000005,F,CN7213500000000,03,U,72,"Toa Alta Municipio, PR",unemployment rate
LAUCN721370000000003,2025,M13,0.035,F,CN7213700000000,03,U,72,"Toa Baja Municipio, PR",unemployment rate
LAUCN721390000000003,2025,M13,0.022000000000000002,F,CN7213900000000,03,U,72,"Trujillo Alto Municipio, PR",unemployment rate
LAUCN721410000000003,2025,M13,0.07400000000000001,F,CN7214100000000,03,U,72,"Utuado Municipio, PR",unemployment rate
LAUCN721430000000003,2025,M13,0.042,F,CN7214300000000,03,U,72,"Vega Alta Municipio, PR",unemployment rate
LAUCN721450000000003,2025,M13,0.054000000000000006,F,CN7214500000000,03,U,72,"Vega Baja Municipio, PR",unemployment rate
LAUCN721470000000003,2025,M13,0.047,F,CN7214700000000,03,U,72,"Vieques Municipio, PR",unemployment rate
LAUCN721490000000003,2025,M13,0.083,F,CN7214900000000,03,U,72,"Villalba Municipio, PR",unemployment rate
LAUCN721510000000003,2025,M13,0.08800000000000001,F,CN7215100000000,03,U,72,"Yabucoa Municipio, PR",unemployment rate
LAUCN721530000000003,2025,M13,0.099,F,CN7215300000000,03,U,72,"Yauco Municipio, PR",unemployment rate
