Name,Street Address,City,State,PostalCode,Latitude,Longitude
Hancock Historical Society & Museum,306 Walnut St,Carthage,IL,62321,40.415146,-91.13942
The Gwynn's Island Museum,1775 Old Ferry Rd,Gwynn,VA,23066,37.50038,-76.28104
Siuslaw Pioneer Museum,278 Maple St,Florence,OR,97439,43.968193,-124.105965
Jacobus Vanderveer House & Museum,3055 E River Rd,Bedminster,NJ,07921,40.66149,-74.6486
Spurlock Museum,600 S Gregory St,Urbana,IL,61801,40.107513,-88.221375
National Motor Museum Mint,22 S Smith St,Norwalk,CT,06855,41.104187,-73.41098
La Casita House Museum,1804 E 9th Ave,Tampa,FL,33605,27.961832,-82.43862
New York Transit Museum,89 E 42nd St,New York,NY,10017,40.752304,-73.977715
Edventure Children's Museum,211 Gervais St,Columbia,SC,29201,33.997086,-81.04765
Canyon Life Museum,143 NE Wall St,Mill City,OR,97360,44.755245,-122.475235
Crockett Historical Museum,900 Loring Ave,Crockett,CA,94525,38.05597,-122.22024
Coates Heritage Museum,111 E Main St,Elkland,PA,16920,41.986496,-77.311874
Clermont Historic Village Museum,490 West Ave,Clermont,FL,34711,28.557339,-81.77051
Newcomerstown Museums,221 W Canal St,Newcomerstown,OH,43832,40.274696,-81.60802
Yorba Linda Heritage Museum,5700 Susanna Bryant Dr,Yorba Linda,CA,92887,33.875473,-117.70869
Josh Uncle Museum Inc,4700 SW 75th Ave,Miami,FL,33155,25.726067,-80.316986
Kansas Museum of Military Hist,135 S US Highway 77,Augusta,KS,67010,37.67936,-96.98025
Museum of Vertebrate Zoology,3101 Valley Life Sciences Bldg,Berkeley,CA,94720,37.870827,-122.262596
Ozark Heritage Museum,701 S Main St,Salem,MO,65560,37.63862,-91.53558
National Watch and Clock Museum,514 Poplar St,Columbia,PA,17512,40.037075,-76.50259
Pettigrew Home and Museum,131 N Duluth Ave,Sioux Falls,SD,57104,43.547764,-96.7344
International Cinema Museum,319 W Erie St,Chicago,IL,60654,41.893837,-87.63675
Hi Desert Nature Museum,58116 29 Palms Hwy,Yucca Valley,CA,92284,34.1286,-116.39568
Wheeler/Stallard Museum,620 W Bleeker St,Aspen,CO,81611,39.19369,-106.82875
Birks Museum,184 W Main St,Decatur,IL,62523,39.84154,-88.95693
Postermuseum.Com,122 Chambers St,New York,NY,10007,40.7152,-74.008865
Erie Canal Museum,318 Erie Blvd E,Syracuse,NY,13202,43.05075,-76.149574
Museum of Shadows,1110 Douglas St,Omaha,NE,68102,41.258743,-95.93078
Kempf House Museum,312 S Division St,Ann Arbor,MI,48104,42.278996,-83.74424
Winters Heritage House Museum,41 E High St,Middletown,PA,17057,40.20139,-76.73122
Wilheim Reich Museum,19 Orgonon Cir,Rangeley,ME,04970,44.98267,-70.714966
Old Cowtown Museum,1865 W Museum Blvd,Wichita,KS,67203,37.69441,-97.36164
Martha's Vineyard Museum,151 Lagoon Pond Rd,Vineyard Haven,MA,02568,41.44978,-70.59905
Hardin County Historical Museum,223 N Main St,Kenton,OH,43326,40.650005,-83.608025
Monmouth Museum,765 Newman Springs Rd,Lincroft,NJ,07738,40.331814,-74.13127
Tri-State Warbird Museum,4021 Borman Dr,Batavia,OH,45103,39.0785,-84.213165
Door County Maritime Museum,12724 W Wisconsin Bay Rd,Ellison Bay,WI,54210,45.29198,-87.02136
Morrill Hall-Unl State Museum,645 N 14th St,Lincoln,NE,68588,40.820133,-96.701454
Kearney County Historical Museum,2036 Q Rd,Heartwell,NE,68945,40.568035,-98.81233
Museums Boston,268 Newbury St,Boston,MA,02116,42.349304,-71.08308
Kittson County Historical Museum,PO Box 100,Lake Bronson,MN,56734,48.7357,-96.6633
African Bead Museum,6559 Grand River Ave,Detroit,MI,48208,42.356365,-83.10876
Saint Marianne Cope Shrine & Museum,601 N Townsend St,Syracuse,NY,13203,43.056442,-76.14847
Cook-Hayman Pharmacy Museum,1132 Health Sciences N,Morgantown,WV,26506,39.6492,-79.9573
Flagler Museum,1 Whitehall Way,Palm Beach,FL,33480,26.71438,-80.04162
Western Sky Aviation Warbird Museum,4196 S Airport Pkwy,Saint George,UT,84790,37.03401,-113.50371
Tina Turner Museum,121 Sunny Hill Cv,Brownsville,TN,38012,35.540474,-89.246
Gordon Browning Museum,640 Main St N,Mc Kenzie,TN,38201,36.13135,-88.51736
Gullah Museum of Hilton Head Island,3 Farmers Club Rd,Hilton Head Island,SC,29926,32.22243,-80.74657
Museum of Carousel Art & History,301 Jackson St,Sandusky,OH,44870,41.454205,-82.71269
Norton Air Force Base Museum,1601 E 3rd St,San Bernardino,CA,92408,34.10441,-117.25106
American Museum of Magic,107 E Michigan Ave,Marshall,MI,49068,42.27218,-84.95849
Heritage Center Museum II,133 N Main St,Hay Springs,NE,69347,42.683464,-102.68974
Whale Museum,62 1st St,Friday Harbor,WA,98250,48.53512,-123.01636
Owen's Arts Place Museum,1202 E Harrison Ave,Guthrie,OK,73044,35.87715,-97.41054
Doak House Museum,1305 Centerpoint Blvd,Knoxville,TN,37932,35.93263,-84.14622
W Mi Snowmobile Museum Ltd,2525 Indian Lakes Rd,Cedar Springs,MI,49319,43.1974,-85.60839
Southwest Virginia Museum,10 W 1st St S,Big Stone Gap,VA,24219,36.86324,-82.77939
Delta Music Museum,218 Louisiana Ave,Ferriday,LA,71334,31.629677,-91.55338
Dinosaur Journey Museum,550 Jurassic Ct,Fruita,CO,81521,39.151752,-108.73964
Hall Charles Museum,229 Cherohala Skwy,Tellico Plains,TN,37385,35.366592,-84.29715
The Kernersville Museum,127 W Mountain St,Kernersville,NC,27284,36.119785,-80.07379
Butte Valley Museum,500 W 3rd St,Dorris,CA,96023,41.964355,-121.92284
Arab American National Museum,6450 Maple St,Dearborn,MI,48126,42.33775,-83.17882
Roselle History Museum,102 S Prospect St,Roselle,IL,60172,41.981873,-88.07789
Heritage Square Museum,7147 Ontario Center Rd,Ontario,NY,14519,43.256138,-77.30567
Jim Gatchell Memorial Museum,100 Fort St,Buffalo,WY,82834,44.34839,-106.69952
Chase Home Museum,600 E 1100 S,Salt Lake City,UT,84105,40.7374,-111.861
Honolulu Museum Of Art,900 S Beretania St,Honolulu,HI,96814,21.303715,-157.8487
Art Deco Museum,1001 Ocean Dr,Miami Beach,FL,33139,25.78062,-80.13043
Downey Museum of Art,10217 Chaney Ave,Downey,CA,90241,33.944305,-118.11316
National Comedy Hall of Fame Museum,2435 Us Highway 19 Ste 350,Holiday,FL,34691,28.193897,-82.74018
Historical Society Museum,115 Westview Ave,Valparaiso,FL,32580,30.504446,-86.4901
USS Silversides Submarines Museum,1346 Bluff St,Muskegon,MI,49441,43.229664,-86.33283
Communal Kitchen Museum,1003 26th Ave,Middle Amana,IA,52307,41.7951,-91.9026
Belskie Museum of Art & Science,280 High St,Closter,NJ,07624,40.974537,-73.96759
Castle Air Museum Foundation,3040 A St,Atwater,CA,95301,37.362904,-120.56593
High Museum of Art,1280 Peachtree St NE,Atlanta,GA,30309,33.789696,-84.384705
Atka Lakota Museum,1301 N Main St,Chamberlain,SD,57325,43.822674,-99.32533
Grundy County Museum,204 4th St,Morrison,IA,50657,42.34163,-92.67479
Fennville Childrens Museum At,202 E Main St,Fennville,MI,49408,42.59414,-86.10358
Sephardic Heritage Museum,25 W 39th St,New York,NY,10018,40.75248,-73.984024
Children's Toy and Doll Museum,206 Gilman Ave,Marietta,OH,45750,39.409767,-81.459526
Eaton House Museum,1520 West St,Redding,CA,96001,40.582516,-122.39726
History Museum-Western VA,1 Market Sq SE,Roanoke,VA,24011,37.271652,-79.93862
Dakota Sunset Museum,205 W Commercial Ave Ste 104,Gettysburg,SD,57442,45.011284,-99.957375
Grant County Museum,105 E Harrison St,Hyannis,NE,69350,42.000137,-101.7615
Corning Museum of Glass,1 Museum Way,Corning,NY,14830,42.149185,-77.05769
New Orleans Fire Museum,1135 Washington Ave,New Orleans,LA,70130,29.92682,-90.08274
Griffin Museum of Photography,67 Shore Rd,Winchester,MA,01890,42.454758,-71.135895
The Bellarmine Museum Of Art,1073 N Benson Road Bellarmine,Fairfield,CT,06824,41.1643,-73.2664
South Dakota Art Museum,1036 Medary Ave,Brookings,SD,57006,44.317856,-96.78823
Anna Palmer Museum,211 E 7th St,York,NE,68467,40.868073,-97.59101
The Children's Museum of Oswego,7 W Bridge St,Oswego,NY,13126,43.45678,-76.51096
Warren Icbm and Heritage Museum,7405 Marne Loop Bldg 210,Cheyenne,WY,82005,41.15472,-104.86758
The National Apple Museum,154 Hanover St,New Oxford,PA,17350,39.861416,-77.05372
Museum Of Southwestern Biology,325 9th Ave,Seattle,WA,98104,47.603596,-122.32319
Paulding John Historical Museum,600 Fairground Dr,Paulding,OH,45879,41.132324,-84.585655
Lyon County Museum,215 S Main St,Yerington,NV,89447,38.984074,-119.16341
1876 Banwarth House & Museum,408 E Sycamore St,Elizabeth,IL,61028,42.317844,-90.21965
East Hampton TWN Marine Museum,301 Bluff Rd,Amagansett,NY,11930,40.97088,-72.1302
KidsPlay Children's Museum,61 E Main St,Torrington,CT,06790,41.80141,-73.12024
Patuxent Rural Life Museums,16000 Croom Airport Rd,Upper Marlboro,MD,20772,38.753674,-76.71002
Hancock County Museum,110 River St,Hawesville,KY,42348,37.9018,-86.74713
Sing Sing Prison Museum,354 Hunter St,Ossining,NY,10562,41.15314,-73.86874
Museum of Modern Art,5 Brick Plant Rd,South River,NJ,08882,40.46102,-74.39328
Wyandott Popcorn Museum,3453 Mautz Yeager Rd,Marion,OH,43302,40.520844,-83.043816
Jaketown Museum,110 Magnolia,Belzoni,MS,39038,33.176056,-90.48928
Museum Bluffs Parkview Condo,129 Walnut St,Chattanooga,TN,37403,35.055298,-85.30779
Shaker Historical Museum,16740 S Park Blvd,Cleveland,OH,44120,41.482574,-81.562126
The Lace Museum,133 W Main St,Northville,MI,48167,42.430897,-83.48411
Madison Childrens Museum,100 State St Ste 100,Madison,WI,53703,43.074863,-89.38655
Hoboken Historical Museum,1301 Hudson St,Hoboken,NJ,07030,40.752277,-74.02505
Elgin History Museum,360 Park St,Elgin,IL,60120,42.040924,-88.27748
Elwood House Museum & Park,1403 Sycamore Rd,Dekalb,IL,60115,41.943962,-88.73671
Madeline Island Museum,PO Box 9,La Pointe,WI,54850,46.7929,-90.7357
Kelch Aviation Museum Inc,N2463 Airport Rd,Brodhead,WI,53520,42.595062,-89.37692
Traer Historical Museum,514 2nd St,Traer,IA,50675,42.193523,-92.46727
Ursulas Museum CafÃƒÂ©,901 S College St,Auburn,AL,36830,32.588028,-85.48509
Phillips County Museum,431 Highway 2 E,Malta,MT,59538,48.2703,-107.8855
New England Air Museum,36 Perimeter Rd,Windsor Locks,CT,06096,41.946617,-72.690735
Mclean County Museum,610 E Avenue A,Bismarck,ND,58501,46.809753,-100.78372
Hemet Museum,100 W Florida Ave,Hemet,CA,92543,33.747673,-116.97236
Waco Air Museum,1865 S County Road 25a,Troy,OH,45373,40.01266,-84.20057
Washington's Western Lands Museum,220 Riverfront Park,Ravenswood,WV,26164,38.94311,-81.75876
Museum - Oren Dunn/ Ballard Park,Hwy 6 West,Tupelo,MS,38801,34.2327,-88.7504
Museum at FIT,Seventh Avenue at 27th Street,New York,NY,10001,40.7509,-73.9974
Liberty Aviation Museum,3515 East State Road,Port Clinton,OH,43452,41.50843,-82.86429
Rooks County Historical Museum,921 N Cedar St,Stockton,KS,67669,39.446133,-99.27525
Revolving Museum,122 Western Ave,Lowell,MA,01851,42.63992,-71.32096
Bliss House Museum,1809 NW Johnson St,Portland,OR,97209,45.52867,-122.68966
Harland Sanders Cafe And Museum,688 Us Highway 25 W,Corbin,KY,40701,36.95993,-84.09335
Providence Children's Museum,100 South St,Providence,RI,02903,41.816532,-71.4095
Museums Richard W,2 Lewis St,Haledon,NJ,07508,40.941383,-74.1889
Museum Walk Apt,2365 Pine Tree Dr,Miami Beach,FL,33140,25.800182,-80.1296
"Museum of Impressionism, Durango",445 Albrecht Ln,Durango,CO,81301,37.41012,-107.82811
Grand River Museum,114 10th St W,Lemmon,SD,57638,45.935074,-102.161255
Tremont Museum & Historical Society,Sampson & Madison St,Tremont,IL,61568,40.5112,-89.4815
Tennessee State Museum,505 Deaderick St,Nashville,TN,37243,36.16508,-86.781654
Historic Pools Museum,401 Little White House Rd,Warm Springs,GA,31830,32.88297,-84.6836
Michelson-Reves Museum of Art,216 S Wellington St,Marshall,TX,75670,32.543858,-94.368195
Datsun Heritage Museum,41610 Date St Ste 103,Murrieta,CA,92562,33.527775,-117.17708
Pender County Museum,100 W Bridgers St,Burgaw,NC,28425,34.552753,-77.92754
Hesston Steam Museum,1201 E 1000 N,La Porte,IN,46350,41.752884,-86.68011
Chazen Museum of Art,750 University Ave,Madison,WI,53706,43.073376,-89.398865
Children's Discovery Museum,2727 S Us Highway 169,Grand Rapids,MN,55744,47.206814,-93.52896
Franconia Heritage Museum,553 Main St,Franconia,NH,03580,44.22518,-71.740875
The Fort Museum & Frontier Village,1 Museum Rd,Fort Dodge,IA,50501,42.48729,-94.198586
Tri-State Museum,415 5th Ave,Belle Fourche,SD,57717,44.67475,-103.85346
Stone County Museum,985 Us Highway 12,Ortonville,MN,56278,45.29843,-96.438774
McClain Museum,2330 Crystal St,Anderson,IN,46012,40.140358,-85.67414
Coastal Childrens Museum,75 Mechanic St,Rockland,ME,04841,44.094147,-69.10509
National Great Rivers Museum,2 Lock And Dam Way,East Alton,IL,62024,38.869255,-90.146095
Little Nature Museum,216 Tucker Dr,Contoocook,NH,03229,43.190605,-71.72291
Bucks County Children's Museum,9 Market Pl,New Hope,PA,18938,40.35846,-74.976456
Genesee Warbirds Aviation Museum,16 W Main St,Rochester,NY,14614,43.155735,-77.61306
Noyes Museum,"733 Lily Lake Rd,",Oceanville,NJ,08231,39.4711,-74.4608
Ronald Reagan Museum,300 E College Ave,Eureka,IL,61530,40.71429,-89.269905
Huber Machinery Museum,220 E Fairground St,Marion,OH,43302,40.600418,-83.12564
Shelby County Museum,1805 Morse Ave,Harlan,IA,51537,41.651115,-95.3274
Maneuvers & Military Museum,623 G St,Pineville,LA,71360,31.370705,-92.40044
City of Melbourne History Museum,915 Main St,Melbourne,AR,72556,36.058765,-91.89096
Serbian American Museum St Sava,448 W Barry Ave,Chicago,IL,60657,41.937843,-87.6413
Audrain Historical Museum,501 S Muldrow St,Mexico,MO,65265,39.169296,-91.88876
Loln County Museum of History,403 E Main St,Lincolnton,NC,28092,35.473053,-81.25219
Fort Smith Air Museum,3 Glen Haven Dr,Fort Smith,AR,72901,35.35495,-94.40798
Liberty Bell Memorial Museum,1601 Oak St,Melbourne,FL,32901,28.084005,-80.61467
Wausau Museum of Contemporary Art,309 Mcclellan St,Wausau,WI,54403,44.961357,-89.62748
Aviation Museum at Garner Field,201 Sul Ross Dr,Uvalde,TX,78801,29.219156,-99.74234
Hagley Museum,201 Hagley Creek Rd,Wilmington,DE,19807,39.784428,-75.577545
Norwalk Museum,41 N Main St,Norwalk,CT,06854,41.10002,-73.418686
The Childrens Museum of Nwa,100 NW 2nd St,Bentonville,AR,72712,36.373077,-94.209
Rea Power Plant Museum,1008 Central Ave W,Hampton,IA,50441,42.741585,-93.2198
Hudson Museum Umo,5746 Maine Center For Arts,Orono,ME,04469,44.9019,-68.6616
Vanderbilt Museum,180 Little Neck Rd,Centerport,NY,11721,40.903355,-73.36822
EverWonder Children's Museum,31 Pecks Ln,Newtown,CT,06470,41.38526,-73.280304
Herschell Carrousel Factory Museum,180 Thompson St,North Tonawanda,NY,14120,43.02954,-78.872856
Sgt Floyd River Museum,1000 Larsen Park Rd,Sioux City,IA,51103,42.490936,-96.41558
Mcdowell House Museum,125 S 2nd St,Danville,KY,40422,37.64542,-84.77103
Heritage Square Museum Business,251 S Lake Ave,Pasadena,CA,91101,34.14153,-118.13254
Glazer Children's Museum,1107 E Jackson St Ste 101,Tampa,FL,33602,27.949198,-82.45065
Amstel House Museum and Gardens,2 E 4th St,Historic New Castle,DE,19720,39.660675,-75.56484
Mount Holyoke College Art Museum,Lower Lake Road,South Hadley,MA,01075,42.25293,-72.574844
Kittson County Museum,332 E Main St,Lake Bronson,MN,56734,48.73514,-96.65905
Venice Museum and Archives,351 Nassau St S,Venice,FL,34285,27.094976,-82.44758
Limon Heritage Museum,48299 State Road 71,Limon,CO,80828,39.204952,-103.69586
Henderson County Hstrcl Museum,310 E Main St,Raritan,IL,61471,40.695942,-90.82237
Mehmke Steam Tractor Museum,8244 Us Highway 89,Great Falls,MT,59405,47.45472,-111.06556
Lake Shore Railway Museum,31 Wall St,North East,PA,16428,42.209892,-79.83875
Childrens Museum of North Bay,227 Keller St,Petaluma,CA,94952,38.23601,-122.64372
Compass Inn Museum,Us Route 30,Laughlintown,PA,15655,40.207443,-79.183914
High Springs Museum,23760 NW 187th Ave,High Springs,FL,32643,29.828724,-82.597984
Downing House Museum,311 S Main St,Memphis,MO,63555,40.456207,-92.17069
Hall House Museum,226 S Jackson St,Salisbury,NC,28144,35.66794,-80.47391
Bulls Gap Railroad Museum,153 S Main St,Bulls Gap,TN,37711,36.253292,-83.085945
Indian House Children's Museum,107 Old Main St,Deerfield,MA,01342,42.54962,-72.603806
Greenville Cy Hall Memorial Museum,132 Main St,Greenville,CA,95947,40.13853,-120.95267
Bellamy Mansion Museum,503 Market St,Wilmington,NC,28401,34.235996,-77.94303
Reedley Museum,1752 10th St,Reedley,CA,93654,36.597088,-119.45208
Freedom Rides Museum,210 S Court St,Montgomery,AL,36104,32.374485,-86.30909
Greater Cinti Police Museum,959 W 8th St,Cincinnati,OH,45203,39.1034,-84.53239
Little Congress Bicycle Museum,807 Lewellyn St,Cumberland Gap,TN,37724,36.600166,-83.668304
Columbia Museum,2029 E 7th Ave,Tampa,FL,33605,27.960115,-82.43561
Battlefield Military Museum,900 Baltimore Pike,Gettysburg,PA,17325,39.819157,-77.22743
Childrens Museum of St Tammany,21404 Koop Dr,Mandeville,LA,70471,30.418627,-90.04734
Nebraska UFO Museum,539 S Baltimore Ave,Hastings,NE,68901,40.578297,-98.40186
Round Barn Farm Museum,24115 S US Highway 52,Manhattan,IL,60442,41.449184,-88.002495
Rosenbach Museum & Library,2008 Delancey St,Philadelphia,PA,19103,39.94739,-75.17537
Museum of Special Art,8001 14th Ave NE,Seattle,WA,98115,47.687847,-122.31347
Lillie Carroll Jackson Museum,1320 Eutaw Pl,Baltimore,MD,21217,39.303844,-76.626526
Elbert Hubbard Roycroft Museum,363 Oakwood Ave,East Aurora,NY,14052,42.765633,-78.62131
Vermilion News Print Shop Museum,727 Grand St,Vermilion,OH,44089,41.420635,-82.365875
Greenbelt Museum,10 Crescent Rd,Greenbelt,MD,20770,39.000294,-76.87971
Union Depot Railroad Museum,683 Main St,Mendota,IL,61342,41.547905,-89.11824
SBPG Islenos Museum,1345 Bayou Rd,Saint Bernard,LA,70085,29.867485,-89.859406
Busch-Reisinger Museum,32 Quincy St,Cambridge,MA,02138,42.374313,-71.11441
Cayton Children's Museum,395 Santa Monica Pl Ste 374,Santa Monica,CA,90401,34.015076,-118.493866
Neal John Deere Tractor Museum,5507 Snyder Country Rd,Trinity,NC,27370,35.79647,-79.9895
McCoy-McMechen Museum Inc,121 N Main St,Moorefield,WV,26836,39.063576,-78.96972
Commodore Museum,208 E Martin Luther King Hwy,Tuskegee,AL,36083,32.42431,-85.6891
Pennsylvania Trolley Museum,8548 W Lake Mead Blvd,Las Vegas,NV,89128,36.19907,-115.28073
Hank Williams Museum,400 W Railroad Ave N,Georgiana,AL,36033,31.645857,-86.73724
Versailles Area Museum,552 Sw Street Marker Rd,Versailles,OH,45380,40.2348,-84.5001
Anderson Store Museum,3081 Anderson Ln,Ephraim,WI,54211,45.161922,-87.1721
Whipple House Museum,14 Pleasant St,Ashland,NH,03217,43.69449,-71.63183
Williamsport Museum,14 Springfield Ln,Williamsport,MD,21795,39.599194,-77.81418
Tobacco Museum,135 Lang Rd,Windsor,CT,06095,41.901455,-72.70299
USF Contemporary Art Museum,3821 Usf Holly Dr,Tampa,FL,33620,28.065098,-82.41773
Billy The Kid Museum,1435 E Sumner Ave,Fort Sumner,NM,88119,34.46645,-104.22942
Wayne County Museum,419 S Main St,Waynesboro,TN,38485,35.312603,-87.7631
Elvis Museum,3152 Parkway Ste 7A,Pigeon Forge,TN,37863,35.793304,-83.56114
Long Island Maritime Museum,86 West Ave,Patchogue,NY,11772,40.762157,-73.018265
Mullin Automotive Museum,1421 Emerson Ave,Oxnard,CA,93033,34.18274,-119.16377
Parrish Art Museum,25 Jobs Ln,Southampton,NY,11968,40.883984,-72.39045
University Museum-Contemporary,151 Presidents Dr,Amherst,MA,01003,42.3874,-72.52598
White River Museum,565 Madison Ave,Meeker,CO,81641,39.94976,-107.67822
The Children's Museum of Nwa,209 NE 2nd St,Bentonville,AR,72712,36.37306,-94.20785
Johnson County Museum of History,6305 S Lackman Rd,Olathe,KS,66062,38.90712,-94.76094
Three Notch Museum,100 Pisdale St,Andalusia,AL,36420,31.2561,-86.5072
City of Courtland Museum,262 College St,Town Creek,AL,35672,34.680843,-87.407295
Stepping Stones Museum For Children,303 West Ave,Norwalk,CT,06850,41.11013,-73.41769
Nana Museum of The Arctic,100 Shore Ave,Kotzebue,AK,99752,66.894516,-162.6049
Museum of Disability History,1219 N Forest Rd,Buffalo,NY,14221,42.989006,-78.760475
Duncan & Miller Glass Museum,100 Ridge Ave,Washington,PA,15301,40.17781,-80.24155
Children's Museum of Tacoma,936 Broadway,Tacoma,WA,98402,47.25418,-122.440506
Adirondack History Centre Museum,Route 9n And Hand Avenue,Elizabethtown,NY,12932,44.21616,-73.590965
Pineville Old Town Hall Museum,731 Main St,Pineville,LA,71360,31.321642,-92.43514
Philadelphia History Museum,3500 Scotts Ln,Philadelphia,PA,19129,40.00838,-75.185455
Schneider Museum of Art,1250 Siskiyou Blvd,Ashland,OR,97520,42.186436,-122.69426
Wyandotte Museum Quilters,2610 Biddle Ave,Wyandotte,MI,48192,42.2074,-83.148674
Boulder Museum of Contemporary Art,1750 13th St,Boulder,CO,80302,40.01513,-105.27742
Museum of Pop Culture,325 5th Ave N,Seattle,WA,98109,47.62149,-122.3478
Lehigh Valley Heritage Museum,245 S 2nd St,Coplay,PA,18037,40.66882,-75.4887
Amory Regional Museum,801 3rd St S,Amory,MS,38821,33.9821,-88.4649
Metamora Museum of Oddities,S Main St,Metamora,IN,47030,39.44581,-85.12816
Hostetlers Hudson Auto Museum,760 S Van Buren St,Shipshewana,IN,46565,41.66728,-85.58061
Wo Hing Temple Museum,858 Front St,Lahaina,HI,96761,20.876333,-156.6805
Pavek Museum of Broadcasting,3515 Raleigh Ave,Minneapolis,MN,55416,44.93954,-93.344086
Field Museum of Natural History,1400 S Lake Shore Dr,Chicago,IL,60605,41.865055,-87.61736
Peary-Mac Millan Arctic Museum,9500 College Sta,Brunswick,ME,04011,43.906605,-69.96254
Museum of Indian Arts and Culture,710 Camino Lejo,Santa Fe,NM,87505,35.66466,-105.92696
Riverside Metropolitan Museum,3580 Mission Inn Ave,Riverside,CA,92501,33.98228,-117.37239
Cassia Historical Society Museum,1142 Hiland Ave,Burley,ID,83318,42.537853,-113.783585
Great Plains Wing Museum,16803 Mccandless Ln,Council Bluffs,IA,51503,41.264317,-95.7657
Northern Drylanders Museum,755 3rd St,Nunn,CO,80648,40.70478,-104.78241
American Clock & Watch Museum,100 Maple St,Bristol,CT,06010,41.6795,-72.94098
Garibaldi Meucci Museum,420 Tompkins Ave,Staten Island,NY,10305,40.615433,-74.07367
The Museum Company,239 W 42nd St,New York,NY,10036,40.7569,-73.9886
Barnwell County Museum,Marlboro Ave,Barnwell,SC,29812,33.20485,-81.355896
Lake Winnipesaukee Museum,503 Endicott St N,Laconia,NH,03246,43.610397,-71.47333
Bowers Science Museum,356 Bowers Hall,Cortland,NY,13045,42.60896,-76.1772
Museum of the Free People of Color,2336 Esplanade Ave,New Orleans,LA,70119,29.973703,-90.0752
Museums at the Cross Roads,600 N Route 47,Mahomet,IL,61853,40.2012,-88.3939
4-H Schoolhouse Museum,119 9th St SW,Clarion,IA,50525,42.731388,-93.74415
The Children's Museum of Cleveland,3813 Euclid Ave,Cleveland,OH,44115,41.503513,-81.66019
Discovery Museum,101 I St,Sacramento,CA,95814,38.584595,-121.50444
African Roots Museum,12704 Highway 19 W,Ripley,TN,38063,35.767857,-89.74174
Mid America Air Museum,514 Nebraska St,Sioux City,IA,51101,42.495533,-96.40329
Morgan Town Glass Museum,1628 Mileground Rd,Morgantown,WV,26505,39.641796,-79.93275
Dorfman Museum Figures,6224 Holabird Ave,Baltimore,MD,21224,39.27236,-76.539856
Altamont Living Museum,102 S Main St,Altamont,IL,62411,39.058636,-88.74814
Patsy Cline Museum,119 3rd Ave S  2nd Level,Nashville,TN,37201,36.1629,-86.776
The Museum of Newport Irish History,20 Lincoln St,Newport,RI,02840,41.495495,-71.30671
Western Pa Sports Museum,1212 Smallman St,Pittsburgh,PA,15222,40.446396,-79.99275
Children's Museum of Manhattan,212 W 38th St,New York,NY,10018,40.753597,-73.98931
R E Powell Museum,313 Division St,Grandview,WA,98930,46.25296,-119.90175
Heritage Village Museum,268 Us Highway 190,Woodville,TX,75979,30.7669,-94.399
Railroad Depot Museum,125 N Main St,Hebron,IN,46341,41.31959,-87.19983
REACH Museum,1943 Columbia Park Trl,Richland,WA,99352,46.23751,-119.21855
Ogunquit Heritage Museum,86 Obeds Ln,Ogunquit,ME,03907,43.244434,-70.60058
Museum Services Incorporated,2921 Como Ave SE,Minneapolis,MN,55414,44.988148,-93.21188
Moody Mansion Museum,2618 Broadway St,Galveston,TX,77550,29.29931,-94.7959
Yager Museum of Art & Culture,1 Hartwick Dr,Oneonta,NY,13820,42.46089,-75.070206
Deland Memorial Museum,230 N Stone St,Deland,FL,32720,29.030708,-81.31615
Healdsburg Museum,221 Matheson St,Healdsburg,CA,95448,38.610935,-122.86791
Museum of Anthropology,1834 Reynolda Rd,Winston Salem,NC,27106,36.11854,-80.279205
Mill House Museum,163 Cross St,Cooleemee,NC,27014,35.813248,-80.55614
Fryxell Geology Museum,820 38th Ave,Rock Island,IL,61201,41.47314,-90.5878
Nordica Homestead Museum,Nordica Lane,Farmington,ME,04938,44.69793,-70.146996
CCC Museum of South Dakota,23935 Highway 385,Hill City,SD,57745,43.93948,-103.554985
St Marys Square Museums,409 Saint Michaels Rd,Saint Michaels,MD,21663,38.770184,-76.207146
The Discovery Museums,177 Main St,Acton,MA,01720,42.464752,-71.45633
Withers Collection Museum,333 Beale St,Memphis,TN,38103,35.139256,-90.05038
Lake of the Red Cedars Museum,7408 Constitution Ave,Cedar Lake,IN,46303,41.36802,-87.42441
Louisiana Swamp Pop Museum,205 Railroad St,Ville Platte,LA,70586,30.680515,-92.277985
Dowagiac Area History Museum,201 E Division St,Dowagiac,MI,49047,41.98385,-86.10572
Agricultural & Industrial Museum,217 E Princess St,York,PA,17403,39.96112,-76.72205
Andrew Volstead House Museum,163 9th Ave,Granite Falls,MN,56241,44.809296,-95.54004
Family Museum,2900 Learning Campus Dr,Bettendorf,IA,52722,41.55204,-90.50257
Port O'Plymouth Museum,302 E Water St,Plymouth,NC,27962,35.868946,-76.74671
Heritage Park Museum,111 N 4th St,Kremmling,CO,80459,40.059216,-106.39138
Hood River County Museum,300 E Port Marina Dr,Hood River,OR,97031,45.710766,-121.50663
Flaten Art Museum,1520 Saint Olaf Ave,Northfield,MN,55057,44.46047,-93.180916
Tennessee State Museum,1000 Rosa L Parks Blvd,Nashville,TN,37208,36.171524,-86.79011
Mason County Museum,215 Sutton St,Maysville,KY,41056,38.64842,-83.76666
Buena Vista Heritage Museum,506 E Main St,Buena Vista,CO,81211,38.84342,-106.127556
Museum of World War Ii,46 Eliot St,Natick,MA,01760,42.2734,-71.31535
Novato History Museum,815 De Long Ave,Novato,CA,94945,38.10557,-122.56746
Liberty Bell Museum,1068 Tolland St,East Hartford,CT,06108,41.788,-72.58811
Fort Recovery State Museum,1 Fort Site St,Fort Recovery,OH,45846,40.41324,-84.78052
Shenandoah Valley Civil War Museum,20 N Loudoun St,Winchester,VA,22601,39.18424,-78.16538
Wright Museum of Art,700 College St,Beloit,WI,53511,42.503555,-89.02984
Victorian Vandergrift Museum,184 Sherman Ave,Vandergrift,PA,15690,40.60413,-79.56016
Museum of Western Colorado,248 S 4th St,Grand Junction,CO,81501,39.066135,-108.565926
Reynolds County Museum,233 S 2nd St,Ellington,MO,63638,37.23998,-90.96914
Victorian Cottage Museum,23 W Maple St,Lombard,IL,60148,41.88381,-88.01977
Towanda Area Historical Museum,401 Main St,Towanda,KS,67144,37.795742,-97.00281
Shaftsbury Historical Museum,3542 Vt Route 7A,Shaftsbury,VT,05262,42.98328,-73.2066
Walter Elwood Museum,366 W Main St,Amsterdam,NY,12010,42.947144,-74.208725
Manassas Museum System,9101 Prince William St,Manassas,VA,20110,38.749535,-77.471436
Museum of Making Music,5790 Armada Dr,Carlsbad,CA,92008,33.12614,-117.31649
Collectors' Corner Museum,900 John Adams Pkwy,Idaho Falls,ID,83401,43.493637,-112.014145
Vietnam War National Museum,380 S Elm St,Nelson,NE,68961,40.201836,-98.06142
Great Lakes Shipwreck Museum,18335 N Whitefish Point Rd,Paradise,MI,49768,46.770138,-84.95828
Oxford Museum Association,6924 Brown Rd,Oxford,OH,45056,39.55408,-84.75556
Casteel-Linn House & Museum,902 Oak St,Princeton,MO,64673,40.39584,-93.58537
Childrens Museum of Idaho,790 S Progress Ave,Meridian,ID,83642,43.597363,-116.39144
Oklahoma Territorial Museum,406 E Oklahoma Ave,Guthrie,OK,73044,35.878174,-97.420906
Children's Museum of Pittsburgh,10 Childrens Way,Pittsburgh,PA,15212,40.45244,-80.007164
Van Wyck Homestead Museum,504 Route 9,Fishkill,NY,12524,41.522266,-73.88929
Maritime and Mossing Museum,301 Driftway,Scituate,MA,02066,42.17761,-70.74202
D & H Canal Museum,23 Mohonk Rd,High Falls,NY,12440,41.82577,-74.12663
Kauai Veterans Museum,3215 Kapule Hwy,Lihue,HI,96766,21.977453,-159.3525
Mariposa Museum and History Center,5119 Jessie St,Mariposa,CA,95338,37.489548,-119.9711
Museum Of Cheyenne County,W Hwy 36,Saint Francis,KS,67756,39.756092,-102.03978
Richland County Museum,51 Church St W,Mansfield,OH,44904,40.677734,-82.585014
Stevens County Historical Museum,116 W 6th St,Morris,MN,56267,45.5861,-95.91676
Hunting Tavern Museum,288 Main St,Andes,NY,13731,42.190483,-74.781944
Henry L Ferguson Museum,643 Equestrian Ave,Fishers Island,NY,06390,41.263325,-72.01781
Jacobs Hall Museum,303 S 2nd St,Danville,KY,40422,37.642334,-84.771324
Judy Garland Museum,2727 S Pokegama Ave,Grand Rapids,MN,55744,47.206814,-93.52896
Bradford Ohio Railroad Museum,200 N Miami Ave,Bradford,OH,45308,40.13236,-84.43076
Museum-Maderian Heritage,27 Hope St,New Bedford,MA,02746,41.66664,-70.92292
Armstrong Air & Space Museum,500 Apollo Dr,Wapakoneta,OH,45895,40.562332,-84.17292
Rifle Creek Museum,337 East Ave,Rifle,CO,81650,39.532696,-107.78219
House of Yesteryear Museum,N6944 Harry Peterson Rd,Foster City,MI,49834,45.972637,-87.742004
Robert A Bogan Fire Museum,427 Laurel St,Baton Rouge,LA,70801,30.45056,-91.18672
Henry F Hauser Museum,2950 E Tacoma St,Sierra Vista,AZ,85635,31.565868,-110.26825
Hope Yellow Trail Museum,640 Main St,Hope,IN,47246,39.303406,-85.77168
Washington Historical Museum,308 E Robert Toombs Ave,Washington,GA,30673,33.735996,-82.73208
Hardin County History Museum,201 W Dixie Ave,Elizabethtown,KY,42701,37.694084,-85.85952
Marion Public Library & Museum,600 S Washington St,Marion,IN,46953,40.555943,-85.65998
Attleboro Arts Museum,86 Park St,Attleboro,MA,02703,41.94415,-71.28043
Spertus Museum,618 S Michigan Ave,Chicago,IL,60605,41.87419,-87.62447
Moulton Historical Museum,712 N Main St,Moulton,IA,52572,40.691685,-92.67623
New England Civil War Museum,14 Park Pl,Vernon Rockville,CT,06066,41.867607,-72.44843
Grant County Museum,521 Shackleford Rd,Sheridan,AR,72150,34.302216,-92.4134
New York State Museum Lab,51 Fish Hatchery Rd,Cambridge,NY,12816,43.05707,-73.35789
Clarke Studio & Museum,860 Park St,Phillipsburg,KS,67661,39.74843,-99.316696
American Saddle Horse Museum,4083 Iron Works Parkway,Lexington,KY,40511,38.1481,-84.52105
Worcester Art Museum,55 Salisbury St,Worcester,MA,01609,42.273872,-71.80231
Chief John T Brennan Fire Museum,10 W 47th St,Bayonne,NJ,07002,40.681076,-74.10439
Old Jail Museum,121 N Indiana St,Warsaw,IN,46580,41.238377,-85.855515
Heritage Hall Museum & Archives,880 S Cedar St,Freeman,SD,57029,43.346085,-97.44011
Mc Chord Air Museum,8th Saint Francis St SW,Lakewood,WA,98499,47.160786,-122.50907
Hudson River Museum,511 Warburton Ave,Yonkers,NY,10701,40.95365,-73.89579
Eureka Museum,410 E 6th St,Hattiesburg,MS,39401,31.334648,-89.290955
Keystone Foundry Museum,Po Box 12,Hopewell,PA,16650,40.119225,-78.3129
Childrens Museum 3100,3100 N Meridian St,Indianapolis,IN,46208,39.812202,-86.1569
Range School Museum,202 N Washington St,Marquette,KS,67464,38.55449,-97.83361
Museum of Mourning Art,2900 State Rd,Drexel Hill,PA,19026,39.955288,-75.29824
Lebanon Museum,2345 S Santiam Hwy,Lebanon,OR,97355,44.523376,-122.90681
Miller-Kite House Museum,310 E Rockingham St,Elkton,VA,22827,38.408962,-78.61586
Fairhope Museum of History,24 N Section St,Fairhope,AL,36532,30.523657,-87.902824
Du Museum of Anthropology,2000 W Asbury Ave,Denver,CO,80223,39.68038,-105.011185
Crawford Family Historical Museum,1701 N State Highway 123,San Marcos,TX,78666,29.85264,-97.93977
Fasny Museum of Firefighting,107 Washington Ave,Albany,NY,12210,42.6551,-73.76015
Tifton Museum of Arts and Heritage,255 Love Ave,Tifton,GA,31794,31.455324,-83.50869
Rockhill Trolley Museum,430 Meadow St,Rockhill Furnace,PA,17249,40.241055,-77.89959
Fulton County Museum,237 Kingsboro Ave,Gloversville,NY,12078,43.06604,-74.3361
Miami County Museum,51 N Broadway,Peru,IN,46970,40.75479,-86.069664
Platen Press Printing Museum,3051 Sheridan Rd,Zion,IL,60099,42.439953,-87.82542
Frist Art Museum Cafe,919 Broadway,Nashville,TN,37203,36.158096,-86.78361
Biloxi Fire Museum,1046 Howard Ave,Biloxi,MS,39530,30.398449,-88.90061
Museum of International Folk Art,706 Camino Lejo,Santa Fe,NM,87505,35.66326,-105.92834
Philbrook Museum of Art,124 E Mathew Brady St,Tulsa,OK,74103,36.15872,-95.99201
Kline Museum,112 6th Ave,Prescott,IA,50859,41.022892,-94.609436
Gone With Wind Museum,408 Taylor St,Jefferson,TX,75657,32.755116,-94.35126
Edgar Allan Poe House and Museum,203 n amity st,Baltimore,MD,21223,39.29128,-76.63303
Gilbert Stuart Birthplace & Museum,815 Gilbert Stuart Rd,Saunderstown,RI,02874,41.520107,-71.44456
National Womens History Museum,205 S Whiting St Ste 254,Alexandria,VA,22304,38.812435,-77.137314
Delta Air TRNSPT Heritg Museum,Po Box 20585,Atlanta,GA,30320,33.6377,-84.4431
Ridgway Railroad Museum,Us Highway Hwy,Ridgway,CO,81432,38.1372,-107.7866
Simpler Times Museum,111 Simpler Times Ln,Tidioute,PA,16351,41.70591,-79.34883
Museum of Spiritual Art,318 S River St,Franklin,OH,45005,39.561176,-84.304955
Cedar County Attic Museum,400 Cedar St,Tipton,IA,52772,41.7691,-91.12821
Dr Michael J Clarke Museum,1616 S Eastgate Ave,Springfield,MO,65809,37.1831,-93.223404
Solvang Vintage Motorcycle Museum,320 Alisal Rd,Solvang,CA,93463,34.59183,-120.13975
Bridgeport Depot Museum,116 Soulard Sq,Bridgeport,AL,35740,34.948742,-85.71252
Lake Waccamaw Depot Museum,201 Flemington Dr,Lake Waccamaw,NC,28450,34.320076,-78.52246
State House Museum,50 W Capitol St,Fillmore,UT,84631,38.967594,-112.32472
Minter Field Air Museum,401 Vultee Ave,Shafter,CA,93263,35.50277,-119.18176
Providence Jewelry Museum,1 E Spectacle St,Cranston,RI,02910,41.791817,-71.438416
National Museum of American Indian,1 Bowling Grn,New York,NY,10004,40.704414,-74.01405
Amberg Museum,N15065 Grant St,Amberg,WI,54102,45.50248,-87.994514
Oak Orchard Lighthouse Museum,14357 Ontario St,Kent,NY,14477,43.371307,-78.19086
Santa Cruz Museum of Art & History,705 Front St,Santa Cruz,CA,95060,36.974495,-122.02534
Real County Historical Museum,Evergreen St,Leakey,TX,78873,29.728497,-99.7613
Custer Battlefield Museum,PO Box 200,Garryowen,MT,59031,45.495,-107.3616
Richmond Museum of History,PO Box 1267,Richmond,CA,94802,37.9517,-122.3601
World Kite Museum & Hall-Fame,303 Sid Snyder Dr,Long Beach,WA,98631,46.346058,-124.0522
Veterans Memorial Museum,PO Box 2010,Branson,MO,65615,36.6386,-93.2632
Mt Pleasant Discovery Museum,5093 E Remus Rd,Mount Pleasant,MI,48858,43.59736,-84.74698
Stearns History Museum,235 33rd Ave S,Saint Cloud,MN,56301,45.54745,-94.19857
Princeton University Art Museum,101 College Rd W,Princeton,NJ,08540,40.350952,-74.61713
Bill and Janet's Nature Museum,301 E Central Ave,Hardtner,KS,67057,37.013683,-98.64653
Memory Lane Classic Car Museum,170 Scott Rd,Eatonton,GA,31024,33.4423,-83.27701
Rose Art Museum,415 South St,Waltham,MA,02453,42.365135,-71.256966
H Lee White Marine Museum,11 Lake St,Oswego,NY,13126,43.46183,-76.517075
Moss Mansion Museum,914 Division St,Billings,MT,59101,45.7793,-108.515465
Mission Mill Museum,260 12th St SE,Salem,OR,97301,44.93658,-123.02716
Bob Jones Museum,300 W Main St,Superior,AZ,85173,33.293587,-111.09844
Klemme Homestead Museum,112 S 2nd St,Klemme,IA,50449,43.00668,-93.60179
Vermilion County Museum,1031 N Logan Ave,Danville,IL,61832,40.14009,-87.64474
Trego County Historical Museum,128 N 13th St,Wakeeney,KS,67672,39.023724,-99.87133
Bloomingdale Park District Museum,108 S Bloomingdale Rd,Bloomingdale,IL,60108,41.95683,-88.08127
Super Museum & Souvenir Store,517 Market St,Metropolis,IL,62960,37.152508,-88.73257
Barnegat Light Museum,501 Central Ave,Barnegat Light,NJ,08006,39.760014,-74.10517
Dr Samuel A Mudd House Museum,3725 Doctor Samuel Mudd Rd,Waldorf,MD,20601,38.609375,-76.823944
Old Sacramento Schoolhouse Museum,1200 Front St,Sacramento,CA,95814,38.581215,-121.506584
American Space Museum,308 Pine St,Titusville,FL,32796,28.610413,-80.80867
Miracle of America Museum,36094 Memory Ln,Polson,MT,59860,47.679752,-114.11637
Wounded Knee: The Museum,207 10th Ave,Wall,SD,57790,43.98728,-102.23962
Elsing Museum,7777 S Lewis Ave,Tulsa,OK,74171,36.051083,-95.957565
Columbus Museum of Art,480 E Broad St,Columbus,OH,43215,39.96386,-82.98785
Bay Of Pigs Museum And Library,1821 SW 9th St,Miami,FL,33135,25.7649,-80.225075
Rochester Museum & Science Center,6472 Gulick Rd,Naples,NY,14512,42.70902,-77.4553
Auto & Buggy Museum,5846 Highway 115,Clarkesville,GA,30523,34.615643,-83.54882
Red Barn Museum,891 Mountain Ranch Rd,San Andreas,CA,95249,38.191475,-120.66935
Bellevue Arts Museum ARTSfair,575 Bellevue Sq,Bellevue,WA,98004,47.61608,-122.20518
Kings Mountain Historical Museum,100 E Mountain St,Kings Mountain,NC,28086,35.239094,-81.34218
Loyola University Museum of Art,820 N Michigan Ave,Chicago,IL,60611,41.89743,-87.6244
Peabody Essex Museum,6161 Busch Blvd,Columbus,OH,43229,40.092373,-82.99355
Depot Museum,101 E Railroad Ave,Morrilton,AR,72110,35.15217,-92.745056
Archives & Museum of Optometry,243 N Lindbergh Blvd,Saint Louis,MO,63141,38.65882,-90.40551
Museum of Archaeology,203 SE 2nd St,Fort Lauderdale,FL,33301,26.120747,-80.141235
Museum of Choteague,7125 Maddox Blvd,Chincoteague Island,VA,23336,37.922646,-75.35274
Spartanburg Art Museum,200 E Saint John St,Spartanburg,SC,29306,34.9528,-81.92958
Cape Verdean Museum Exhibit,1003 Waterman Ave,East Providence,RI,02914,41.80965,-71.343765
National Sporting Library & Museum,102 The Plains Rd,Middleburg,VA,20117,38.966915,-77.73861
Museum of Osteopathic Medicine,800 W Jefferson St,Kirksville,MO,63501,40.193153,-92.588905
Rose Valley Museum,41 Rose Valley Rd,Media,PA,19063,39.89906,-75.38787
Fostoria Glass Museum,511 Tomlinson Ave,Moundsville,WV,26041,39.919678,-80.74529
Noank Historical Society Museum,17 Sylvan St,Groton,CT,06340,41.32512,-71.988914
Old Schoolhouse Museum,4630 Old Walkertown Rd,Winston Salem,NC,27105,36.15216,-80.21559
Cavalcade of Cars Museum,2344 118th St,Chippewa Falls,WI,54729,44.87754,-91.43324
Childrens Museum of The Shoals,2810 Darby Dr,Florence,AL,35630,34.840595,-87.6486
Tallahassee Automobile Museum,6800 Mahan Dr,Tallahassee,FL,32308,30.48388,-84.16285
Johnny Appleseed Museum,579 College Way,Urbana,OH,43078,40.10375,-83.76164
Fort Smith Museum of History,320 Rogers Ave,Fort Smith,AR,72901,35.387882,-94.428635
Iowa Transportation Museum,927 4th Ave,Grinnell,IA,50112,41.743324,-92.72316
Cape Fear Museum,814 Market St,Wilmington,NC,28401,34.235966,-77.93904
Associate-Art Museum Curators,205 Lexington Ave,New York,NY,10016,40.745274,-73.98033
Museum of Prints & Printmaking,150 Barrett St,Schenectady,NY,12305,42.812553,-73.93956
Bayard Depot Museum,100 Main St,Bayard,NE,69334,41.74769,-103.32396
Coast Guard Museum Northwest,1519 Alaskan Way S,Seattle,WA,98134,47.589245,-122.338165
Ramona Guy B Woodward Museum,645 Main St,Ramona,CA,92065,33.045223,-116.86307
Morristown Gateway Museum,309 Main St,Ogdensburg,NY,13669,44.69317,-75.50086
Carnegie Museum,105 Huron St,Houghton,MI,49931,47.121708,-88.56793
Benjamin Patterson Inn Museum,59 W Pulteney St,Corning,NY,14830,42.151394,-77.063644
Pettengill Morron House Museum,1212 W Moss Ave,Peoria,IL,61606,40.694473,-89.61216
Estey Organ Museum,108 Birge St,Brattleboro,VT,05301,42.847332,-72.56632
Provetown Art Museum,460 Commercial St,Provincetown,MA,02657,42.0563,-70.17938
Nevada Museum of Art,448 Hill St,Reno,NV,89501,39.52065,-119.813484
Grifton Museum,437 Creekshore Dr,Grifton,NC,28530,35.36767,-77.43141
Gov Trumbull House Museum,169 W Town St,Lebanon,CT,06249,41.63674,-72.21479
National Canal Museum,30 Centre Sq,Easton,PA,18042,40.691006,-75.20963
Our Savior's Historical Museum,304 Walnut St,Manistee,MI,49660,44.243866,-86.320694
Walter Anderson Museum of Art,510 Washington Ave,Ocean Springs,MS,39564,30.410664,-88.82763
Clendening Medical Museum,3901 Rainbow Blvd,Kansas City,KS,66160,39.057236,-94.61159
San Jacinto Museum,150 1/2 S Dillon Ave,San Jacinto,CA,92583,33.781372,-116.967545
Morbid Anatomy Museum,424A 3rd Ave,Brooklyn,NY,11215,40.672894,-73.99004
Museum of the New Llano Colony,211 Stanton St,New Llano,LA,71461,31.115936,-93.27141
McChord Air Museum,100 Col Joe Jackson Blvd,Joint Base Lewis Mcchord,WA,98438,47.133015,-122.493706
Hager House and Museum,110 Key St,Hagerstown,MD,21740,39.63949,-77.73055
Quilcene Historical Museum,151 Columbia St,Quilcene,WA,98376,47.828068,-122.87655
Discoversea Shipwreck Museum,708 Coastal Hwy,Fenwick Island,DE,19944,38.456974,-75.052345
National Hansen's Disease Museum,5445 Point Clair Rd,Carville,LA,70721,30.200888,-91.11844
Military Heritage Museum,900 W Marion Ave,Punta Gorda,FL,33950,26.929022,-82.05915
New Britain Industrial Museum,450 W Main St,New Britain,CT,06052,41.66504,-72.79722
Hungarian Settlement Museum,27455 Louisiana HW 43,Hammond,LA,70403,30.46651,-90.57726
Belleview Schoolhouse Museum,1172 S Springdale Rd,Caldwell,KS,67022,37.11689,-97.619316
Rocky Mount Railroad Museum,Po Box 94,Rocky Mount,NC,27802,35.938057,-77.79083
Lewis Antique Auto & Toy Museum,905 Route 66,Moriarty,NM,87035,35.00551,-106.02683
National Lighthouse Museum,134 Sullivan St,New York,NY,10012,40.726788,-74.0023
Camp Van Dorn World War II Museum,138 E Main St,Centreville,MS,39631,31.088541,-91.06621
Museum of Anthropology,730 Old Main Hl,Logan,UT,84322,41.740673,-111.81454
Women's Museum of California,2730 Historic Decatur Rd,San Diego,CA,92106,32.739307,-117.211784
Bayard Depot Museum,103 Main St,Mcgrew,NE,69353,41.74429,-103.41865
Living Civil War History Museum,343 Campground Rd,Harpers Ferry,WV,25425,39.315125,-77.76379
Broomfield Depot Museum,2201 W 10th Ave,Broomfield,CO,80020,39.92983,-105.09446
Lindsey Railroad Museum,202 E Broad St,Texarkana,AR,71854,33.42183,-94.0416
B & O Railroad Museum,651 S Fulton Ave,Baltimore,MD,21223,39.280655,-76.64455
Brattleboro Museum & Art Center,10 Vernon St,Brattleboro,VT,05301,42.850685,-72.55665
Plains Art Museum,1776 45th St S,Fargo,ND,58103,46.853176,-96.86164
Mississippi Museum of Arts,429 S West St,Jackson,MS,39201,32.29604,-90.185
West Overton Museum,109 W Overton Rd,Scottdale,PA,15683,40.11506,-79.56649
Walt Disney Hometown Museum,120 E Santa Fe Ave,Marceline,MO,64658,39.716763,-92.948616
National Naval Aviation Museum,1750 Radford Blvd,Pensacola,FL,32508,30.348213,-87.30568
Car & Carriage Museum,7227 Reynolds St,Pittsburgh,PA,15208,40.44634,-79.90239
Greenville Museum of Art,802 S Evans St,Greenville,NC,27834,35.60796,-77.37416
Ohio Museums Association,1982 Velma Ave,Columbus,OH,43211,40.003445,-82.98892
Museum of Anthropology,2580 NE Grimes Way,Pullman,WA,99164,46.730026,-117.15788
Vestal Museum,328 Vestal Pkwy E,Vestal,NY,13850,42.087715,-76.04667
City Garage Car Museum,210 S Main St,Greeneville,TN,37743,36.162746,-82.83134
Marble Museum,1985 Kennesaw Ave,Nelson,GA,30151,34.382088,-84.37264
American Dime Museum,1808 Maryland Ave,Baltimore,MD,21201,39.309956,-76.61802
Fort Hill Museum,601 Noel Dr,Mundelein,IL,60060,42.263577,-87.994514
Sullivan Roadhouse Museum,Mile 1422 Alaska Hwy,Delta Junction,AK,99737,63.9856,-145.5801
Dexter Area Museum,3443 Inverness St,Dexter,MI,48130,42.333843,-83.88003
Il Museum of Arts & Play Inc,14914 W 101st Ave,Dyer,IN,46311,41.43576,-87.51474
Friendship Firehouse Museum,107 S Alfred St,Alexandria,VA,22314,38.804867,-77.04948
The Seaford Museum,203 High St,Seaford,DE,19973,38.64041,-75.61315
Explorations V Children's Museum,109 N Kentucky Ave,Lakeland,FL,33801,28.04461,-81.95502
Sharpsteen Museum,1311 Washington St,Calistoga,CA,94515,38.578808,-122.58027
Powers Museum,1617 Oak St,Carthage,MO,64836,37.176655,-94.33423
Coos County Logging Museum,705 Maple St,Myrtle Point,OR,97458,43.064198,-124.13946
Eartha M.M. White Historical Museum,613 W Ashley St,Jacksonville,FL,32202,30.332556,-81.66445
Vermont Granite Museum,7 Jones Brothers Way,Barre,VT,05641,44.21134,-72.5206
Allen Memorial Art Museum,87 N Main St,Oberlin,OH,44074,41.29345,-82.21713
Tee Joe Gonzalez Museum,217 W Main St,Gonzales,LA,70737,30.239763,-90.922134
Russell Military Museum,43363 N US Highway 41,Zion,IL,60099,42.492577,-87.95192
Coos Historical and Maritime Museum,1220 Sherman Ave,North Bend,OR,97459,43.415787,-124.22421
City of Melbourne History Museum,451 College Dr,Melbourne,AR,72556,36.05232,-91.89698
Lutheran Heritage Center & Museum,75 Church St,Perryville,MO,63775,37.72461,-89.86765
Stavig House Museum,112 1st Ave W,Sisseton,SD,57262,45.661423,-97.052376
Dawson Springs Museum & Art,127 S Main St,Dawson Springs,KY,42408,37.166935,-87.69187
Olde Yakima Letterpress Museum,2002 Landon Ave,Yakima,WA,98903,46.5687,-120.50575
Landmarks  House Museum,321 S 4th St,Philadelphia,PA,19106,39.944263,-75.14841
Huddleston Farmhouse Museum,838 National Rd,Cambridge City,IN,47327,39.81222,-85.18671
Pomeroy Tornado Museum,114 S Ontario St,Pomeroy,IA,50575,42.550823,-94.68422
Oren Dunn City Museum,689 Rutherford Rd,Tupelo,MS,38801,34.244423,-88.76407
Lester L. Williams Fire Museum,375 Printers Pkwy,Colorado Springs,CO,80910,38.826378,-104.78581
Museum Surplus Ltd,1 Court St,Plymouth,MA,02360,41.95728,-70.66514
Litsch Store Museum,15346 Highway 299w,Shasta,CA,96087,40.598858,-122.49151
Brooklyn Museum of Art,200 Eastern Pkwy,Brooklyn,NY,11238,40.671455,-73.96268
Phelps Historical Museum Inc,4534 County Rd E,Phelps,WI,54554,46.06867,-89.085915
South Carolina State Museum,301 Gervais St,Columbia,SC,29201,33.99722,-81.04724
Lied Discovery Children's Museum,833 Las Vegas Blvd N,Las Vegas,NV,89101,36.17811,-115.13522
Florida Railroad Museum,12210 83rd St E,Parrish,FL,34219,27.589851,-82.42538
American Maple Museum,9756 State Route 812,Croghan,NY,13327,43.892406,-75.39161
North Creek Depot Museum,5 Railroad Pl,North Creek,NY,12853,43.702766,-73.98882
Willard House and Clock Museum,11 Willard St,North Grafton,MA,01536,42.23877,-71.67293
Ohio Valley River Museum,112 Ferry St,Clarington,OH,43915,39.766907,-80.87031
Southern Allegheny Museum of Art,1210 11th Ave,Altoona,PA,16601,40.515446,-78.40162
Nora Eccles Harrison Museum of Art,650 E 1100 N,Logan,UT,84341,41.7633,-111.8132
Museum of Scott County,400 Scott High Dr,Huntsville,TN,37756,36.40723,-84.531265
Greenpoint Moniter Museum,1101 Lorimer St,Brooklyn,NY,11222,40.727997,-73.95439
McDuffie Museum,121 Main St,Thomson,GA,30824,33.4663,-82.50279
Provo Pioneer Museum,560 W 500 S,Provo,UT,84601,40.227207,-111.66867
Bradley County Historical Museum,200 W Ash St,Warren,AR,71671,33.61651,-92.06621
Aircraft Museums,124 E Foster Pkwy,Fort Wayne,IN,46806,41.048843,-85.136894
Museum of Anthropology,400 W 1st St,Chico,CA,95929,39.729218,-121.844185
Walsh County Historical Museum,323 3rd St,Minto,ND,58261,48.293423,-97.373215
West Kern Oil Museum,1168 Wood St,Taft,CA,93268,35.1324,-119.447945
Rochester Auto Museum,140 E Main St,Rochester,NY,14604,43.15681,-77.60858
Deming Luna Mimbres Museum,301 S Silver Ave,Deming,NM,88030,32.26666,-107.75695
Colonel Eli Slifer House Museum,1 Fairview Rd,Lewisburg,PA,17837,40.933453,-76.87193
Town of Abita Springs Museum,22049 Main St,Abita Springs,LA,70420,30.479452,-90.03896
Sam Wilhite Transportation Museum,5 Depot Dr,West Point,MS,39773,33.606197,-88.653114
Alaska Museum of Natural History,201 N Bragaw St,Anchorage,AK,99508,61.225197,-149.8081
King House Museum,232 S Main St,Suffield,CT,06078,41.97557,-72.65315
Sioux City Railroad Museum,3400 Sioux River Rd,Sioux City,IA,51109,42.527657,-96.47529
Kodiak Maritime Museum,500 Alimaq Dr,Kodiak,AK,99615,57.779892,-152.40805
Gone With Wind Museum,18 Whitlock Ave NW,Marietta,GA,30064,33.952396,-84.55076
Railroad Museum,19 1st St NE,Minot,ND,58703,48.237003,-101.29171
San Diego Aircraft Carrier Museum,910 N Harbor Dr,San Diego,CA,92101,32.714596,-117.17326
Great Plains Art Museum,1155 Q St,Lincoln,NE,68508,40.815685,-96.70438
Elverhoj Museum of History & Art,1624 Elverhoy Way,Solvang,CA,93463,34.5923,-120.14281
Dewey Hotel Museum,801 N Delaware St,Dewey,OK,74029,36.799347,-95.93837
Appomattox Co Historical Museum,337 Court St,Appomattox,VA,24522,37.355736,-78.82957
USS Bowfin Submarine Museum,11 Arizona Memorial Dr,Honolulu,HI,96818,21.366634,-157.93753
ProNyne Motorsports Museum,8 Cleveland St,Pawtucket,RI,02860,41.868847,-71.38609
Skillman Museum Speed Shop,1280 US Highway 31 S,Greenwood,IN,46143,39.59899,-86.10502
Ben Johnson Cowboy Museum,201 E 6th St,Pawhuska,OK,74056,36.664406,-96.33754
Koshare Indian Museum Inc,115 W 18th St,La Junta,CO,81050,37.97155,-103.54442
Crawford Auto-Aviation Museum,10825 East Blvd,Cleveland,OH,44106,41.512978,-81.61123
Dr Oldsmobile Museum,500 S Howard St,Robinson,IL,62454,39.001663,-87.74138
Museum Associates,12414 Highway 99,Everett,WA,98204,47.885704,-122.26212
Minnesota Air National Guard Museum,670 General Miller Dr Bldg 670,Saint Paul,MN,55111,44.890297,-93.20492
Oakland B & O Railroad Museum,117 E Liberty St,Oakland,MD,21550,39.40966,-79.40845
Museum-Etta C Ross,324 E 6th St,Blue Earth,MN,56013,43.638535,-94.099075
Red River Historical Museum,4541 Main St,Clay City,KY,40312,37.859135,-83.91878
Ramona Museum of California History,339 S Mission Dr,San Gabriel,CA,91776,34.09819,-118.10919
Iowa Gold Star Museum,7105 NW 70th Ave,Johnston,IA,50131,41.6886,-93.71394
Elgin Public Museum,225 Grand Blvd,Elgin,IL,60120,42.041397,-88.26376
Orem Heritage Museum,745 S State St,Orem,UT,84058,40.28384,-111.68896
Larsen Tractor Test & Power Museum,35 Fair St,Lincoln,NE,68503,40.83167,-96.68582
Carter Toy Museum,91 S Main St,Zionsville,IN,46077,39.95093,-86.261635
Cambodian Amrcn Heritage Museum,2831 W Lawrence Ave,Chicago,IL,60625,41.968395,-87.69999
Powell County Museum & Arts,1106 Main St,Deer Lodge,MT,59722,46.39151,-112.73594
Dahlgren Heritage Museum,17267 Dahlgren Rd,Dahlgren,VA,22448,38.327682,-77.029015
Delaware Art Museum,155 S Warren St,Mobile,AL,36602,30.686508,-88.04803
Cashmere Museum,600 Cotlets Way,Cashmere,WA,98815,47.520668,-120.45602
History Museum-Monroe County,PO Box 28,Waterloo,IL,62298,38.3361,-90.1454
Morris Museum of Art,1 Broad Street Ext,Augusta,GA,30901,33.468678,-81.94615
Bay Area Museum,5000 Nasa Pkwy,Seabrook,TX,77586,29.565216,-95.06892
SW VA Museum Historic St Park,10 W 1st St,Big Stone Gap,VA,24219,36.8556,-82.7625
Blowing Rock Art and History Museum,159 Ginny Stevens Ln,Blowing Rock,NC,28605,36.1403,-81.6636
Wilbraham Children's Museum,678 Main St,Wilbraham,MA,01095,42.108227,-72.435745
Transportation-West Museum,916 1st Ave,Monte Vista,CO,81144,37.580406,-106.145966
New Market Museum,610 Lafayette St,New Market,IA,51646,40.732285,-94.90204
Living Rock Studio Museum,911 W Bishop Way,Brownsville,OR,97327,44.38835,-122.99228
Dubuque Museum of Art,701 Locust St,Dubuque,IA,52001,42.499977,-90.668205
Museum Quality Shipping,2250 Kalakaua Ave Ste 207,Honolulu,HI,96815,21.279041,-157.82869
Buffalo Museum of Science,1200 Fuhrmann Blvd,Buffalo,NY,14203,42.84587,-78.860565
St Stanislaus Museum,3030 Charbonier Rd,Florissant,MO,63031,38.814587,-90.368576
Debence Antique Music World Museum,1261 Liberty St,Franklin,PA,16323,41.397614,-79.83046
Museum of Flight Restoration,2909 100th St SW,Everett,WA,98204,47.907776,-122.27298
Seattle Pinball Museum,508 Maynard Ave S,Seattle,WA,98104,47.598186,-122.324875
390th Memorial Museum,6000 E Valencia Rd,Tucson,AZ,85756,32.141357,-110.86423
Upcountry History Museum,540 Buncombe St,Greenville,SC,29601,34.8564,-82.40275
State of Wisconsin Museum,30 N Carroll St,Madison,WI,53703,43.074272,-89.386
Steamboat Era Museum,156 King Carter Dr,Irvington,VA,22480,37.66247,-76.42215
Richard C Berrien Fire Museum,125 Bremer St,Weaverville,CA,96093,40.727917,-122.939735
Chrysler Museum Of Art,1270 W 37th St,Norfolk,VA,23508,36.87879,-76.30526
New England Museum,22 Mill St Ste 409,Arlington,MA,02476,42.417755,-71.15789
Kingman Tavern Museum,41 Main St,Cummington,MA,01026,42.46146,-72.89444
Nelson Museum of the West,1714 Carey Ave,Cheyenne,WY,82001,41.13366,-104.8175
Witch History Museum,197 Essex St,Salem,MA,01970,42.52148,-70.89395
Harvey Pitts Waterfowl Museum,522 E Orchard Ln,Du Quoin,IL,62832,37.995773,-89.23317
Bernice Depot Museum,4th St & Louisiana Ave,Bernice,LA,71222,32.8245,-92.6493
African American Museum,830 E Pratt St,Baltimore,MD,21202,39.287216,-76.603874
West Texas Trail Museum,100 E Weston St,Moorcroft,WY,82721,44.264626,-104.95151
Chester History Museum,19 Winkler Pl,Chester,NY,10918,41.362766,-74.27048
Delaware Valley Fire Museum,46 N Sugan Rd,New Hope,PA,18938,40.36458,-74.96833
Central Nevada Museum,1900 Logan Field Rd,Tonopah,NV,89049,38.059338,-117.22158
Arvon Township Museum,13510 Roland Lake Rd,Skanee,MI,49962,46.86542,-88.18242
Alpine County Museum,135 School St,Markleeville,CA,96120,38.6943,-119.782135
Children's Museum of Fond Du Lac,116 N Main St,Fond Du Lac,WI,54935,43.78211,-88.44721
Museum of Biblical Art,7500 Park Ln,Dallas,TX,75225,32.871693,-96.77718
Irish Museum and Cultural Center,30 W Pershing Rd,Kansas City,MO,64108,39.084198,-94.58463
Circus World Museum Foundation,1000 Log Lodge Ct,Baraboo,WI,53913,43.47982,-89.76928
Polk county history museum,60 Walker St,Columbus,NC,28722,35.25065,-82.1995
Asian Art Museum Of San Francisco,200 Larkin St,San Francisco,CA,94102,37.780033,-122.4167
Skokie Heritage Museum,8031 Floral Ave,Skokie,IL,60077,42.02718,-87.75582
Randolph Co Heritage Museum,106 E Everett St,Pocahontas,AR,72455,36.261814,-90.97
Mount Pleasant Pioneer Museum,146 S State St,Mount Pleasant,UT,84647,39.54463,-111.45515
Mid-America Science Museum,500 Mid America Blvd,Hot Springs National Park,AR,71913,34.51728,-93.115654
Pilgrim Hall Museum,75 Court St,Plymouth,MA,02360,41.959,-70.66813
Las Vegas Natural History Museum,900 Las Vegas Blvd N,Las Vegas,NV,89101,36.179207,-115.13458
Silt Historical Park & Museum,707 Orchard Ave,Silt,CO,81652,39.55026,-107.65552
Plains Art Museum,3234 43rd St S,Fargo,ND,58104,46.831917,-96.856514
Poeh Cultural Center-Museum,78 Cities Of Gold Rd,Santa Fe,NM,87506,35.88209,-106.01272
Porter House Museum,401 W Broadway St,Decorah,IA,52101,43.302235,-91.789894
St Mary Parish Museum,407 Sterling Rd,Franklin,LA,70538,29.80088,-91.49918
Herington Historical Museum,800 S Broadway,Herington,KS,67449,38.663353,-96.94345
Mount Gilead Museum Foundation,202 W Allenton St,Mount Gilead,NC,27306,35.214363,-80.003876
Esther Allen Greer Museum,W College Ave,Rio Grande,OH,45674,38.8824,-82.3787
Besser Museum,491 Johnson St,Alpena,MI,49707,45.080044,-83.44762
World Wars Aircraft Museum,5986 W 900 N,Mccordsville,IN,46055,39.913467,-85.918655
Tech Museum Box Mounts,249 E 57th St,Brooklyn,NY,11203,40.64964,-73.92319
Model Train Museum,PO Box 1253,Friday Harbor,WA,98250,48.5431,-123.0716
Mexic-Arte Museum,419 Congress Ave,Austin,TX,78701,30.266275,-97.74328
Baltimore Museum of Industry,1415 Key Hwy,Baltimore,MD,21230,39.273384,-76.60175
Holland Land Office Museum,131 W Main St,Batavia,NY,14020,42.9993,-78.190865
Kimbell Art Museum,3333 Camp Bowie Blvd,Fort Worth,TX,76107,32.749607,-97.36494
Telfair Museum of Art,124 Abercorn St,Savannah,GA,31401,32.077274,-81.089455
St Charles Area Museum,603 Chesaning St,Saint Charles,MI,48655,43.294006,-84.13711
Slovak Catholic Sokol Museum,205 Madison St,Passaic,NJ,07055,40.863358,-74.12596
North Carolina Museum of Forestry,415 S Madison St,Whiteville,NC,28472,34.325947,-78.702896
Fort Crook Museum,43030 Fort Crook Ave,Fall River Mills,CA,96028,41.00406,-121.44662
Central Carver Legacy Museum,1030 Tuscaloosa Ave,Gadsden,AL,35901,34.024204,-86.01409
Dover Museum,213 W Main St,New London,IA,52645,40.925774,-91.4039
Railroad Museum,15033 Wood Farm Rd,Plainfield,IL,60544,41.60956,-88.21171
Crawford's Museum,16528 Lincoln Hwy,Breezewood,PA,15533,39.999203,-78.23483
Anderson Museum of Contemporary Art,409 E College Blvd,Roswell,NM,88201,33.408817,-104.51729
Museum Of The Rockies,900 Technology Blvd,Bozeman,MT,59718,45.670357,-111.067085
Heritage House Museum,819 Luzerne St,Mount Ida,AR,71957,34.54717,-93.64384
Florida Surf Museum,4275 N Atlantic Ave,Cocoa Beach,FL,32931,28.357544,-80.60785
Cheraw Lyceum Museum,200 Market St,Cheraw,SC,29520,34.697533,-79.8836
Living Torah Museum,461 Riverside Dr,Fallsburg,NY,12733,41.731323,-74.600784
Marquette County History Museum,213 N Front St,Marquette,MI,49855,46.544388,-87.39229
Cinti Museum Cntr,250 W Court St,Cincinnati,OH,45202,39.105724,-84.518845
Gates Museum,220 Alexander Ave,Durham,NC,27705,36.004044,-78.92675
City of Elkhart Nycrr Museum,721 S Main St,Elkhart,IN,46516,41.680656,-85.96965
Mount Gilead Museum Foundation,202 E Allenton St,Mount Gilead,NC,27306,35.21472,-79.99643
Home Textile Tool Museum,1819 Orwell Hill Rd,Rome,PA,18837,41.883324,-76.27402
Tampa Firefighters Museum,720 E Zack St,Tampa,FL,33602,27.951424,-82.454926
All Museum Services,19 Circuit Rd,Bellport,NY,11713,40.758343,-72.945915
Tabor Home Museum,116 E 5th St,Leadville,CO,80461,39.248276,-106.291245
Pinole History Museum,1517 Buckeye Ct,Pinole,CA,94564,37.99926,-122.29352
Gopher State Railroad Museum,115 Main St W,New Prague,MN,56071,44.543736,-93.57808
Central Ohio Fire Museum,260 N 4th St,Columbus,OH,43215,39.968075,-82.997116
DEA Museum and Visitors Center,700 Army Navy Dr,Arlington,VA,22202,38.86509,-77.05776
Alexandria Museum,23 W Main St,Alexandria,OH,43001,40.089027,-82.61283
Explore and More Children's Museum,300 Gleed Ave,East Aurora,NY,14052,42.75919,-78.61299
Seal Cove Auto Museum,1414 Tremont Rd,Seal Cove,ME,04674,44.306145,-68.402664
Leffingwell House Museum,348 Washington St,Norwich,CT,06360,41.544987,-72.08821
Keokuk River Museum,117 S 25th St,Keokuk,IA,52632,40.410465,-91.401184
Wolf Museum of Music and Art,423 W Chestnut St,Lancaster,PA,17603,40.040474,-76.31395
Linden Railroad Museum,520 N Main St,Linden,IN,47955,40.193207,-86.90463
Ah-Tah-Thi-Ki Museum,34725 W Boundary Rd,Clewiston,FL,33440,26.325596,-80.99934
Miami Military Museum,12450 SW 152nd St,Miami,FL,33177,25.626513,-80.397644
Miami Childrens Museum,980 Macarthur Cswy,Miami,FL,33132,25.786509,-80.17819
Cherryvale Museum,215 E 4th St,Cherryvale,KS,67335,37.26727,-95.55022
Museum of the African Diaspora,685 Mission St,San Francisco,CA,94105,37.78639,-122.401634
Twin Falls County Museum,21337 Highway 30,Filer,ID,83328,42.56421,-114.54993
A E Bean Backus Museum,500 N Indian River Dr,Fort Pierce,FL,34950,27.452562,-80.32392
Frost Place Museum,760 Main St,Franconia,NH,03580,44.22186,-71.73576
Sun Prairie Historical Museum,115 E Main St,Sun Prairie,WI,53590,43.183136,-89.21314
Trading Post Museum,15710 N 4th St,Pleasanton,KS,66075,38.249966,-94.680244
Days of '76 Museum,40 Crescent St,Deadwood,SD,57732,44.38536,-103.71834
Museum Retail Partners,53 Bonad Rd,West Newton,MA,02465,42.339584,-71.21937
W H Over Museum,414 E Clark St,Vermillion,SD,57069,42.78264,-96.92728
Mississippi Children's Museum,3010 Lakeland Cv,Flowood,MS,39232,32.329834,-90.12378
Aberdeen Museum of History,111 E 3rd St,Aberdeen,WA,98520,46.97749,-123.821014
Impression Five Science Museum,200 Museum Dr,Lansing,MI,48933,42.732452,-84.54807
North Dakota State Railroad Museum,3102 37th St NW,Mandan,ND,58554,46.859028,-100.93328
Depot Museum,201 Main St,Hornick,IA,51026,42.22932,-96.097466
Norman Historical Museum,508 N Peters Ave,Norman,OK,73069,35.225346,-97.44448
Blue Ridge Institute & Museum,20 Museum Dr,Ferrum,VA,24088,36.924595,-80.024605
Harry Jackson Museum,5920 Yellowstone Rd Ste 1,Cheyenne,WY,82009,41.17376,-104.82879
Jackson Homestead and Museum,527 Washington St,Newton,MA,02458,42.355217,-71.194244
Old Castle Museum,8001 College Blvd,Overland Park,KS,66210,38.927265,-94.67921
Museum Services Corporation,385 Bridgepoint Dr,South Saint Paul,MN,55075,44.888348,-93.02909
Abbeville County Museum,309 Poplar St,Abbeville,SC,29620,34.177578,-82.37643
Crazy Mountain Museum,2 Featherbed Rd,Big Timber,MT,59011,45.855083,-109.93964
Weston Historical Museum,601 Main St,Weston,MO,64098,39.412556,-94.900764
"Trails, Trains and Pioneers Museum",603 2nd Ave,Edgemont,SD,57735,43.298737,-103.82502
Watkins Academy Museum,965 Copley Rd,Akron,OH,44320,41.08409,-81.55662
Jones House Museum,314 E Madison St,Pontiac,IL,61764,40.880226,-88.62611
Spooner Railroad Memories Museum,1101 Huron St,Spooner,WI,54801,45.83133,-91.9012
Cardinal Spellman Philatelic Museum,235 Wellesley St,Weston,MA,02493,42.352173,-71.30518
African American Museum,1051 Chenault Park Rd,Monroe,LA,71203,32.50282,-92.02079
Minnesota Marine Art Museum,800 Riverview Dr,Winona,MN,55987,44.05848,-91.65768
Sidney Lanier Cottage House Museum,935 High Street Ln,Macon,GA,31201,32.836506,-83.63677
Champaign County Historical Museum,102 E University Ave,Champaign,IL,61820,40.11651,-88.23858
Choctaw County Historical Museum,40 Melvin Rd,Gilbertown,AL,36908,31.878647,-88.32201
Chik-Wauk Museum and Nature Center,28 Moose Pond Dr,Grand Marais,MN,55604,48.166164,-90.88011
Holocaust Museum & Study Center,145 College Rd,Suffern,NY,10901,41.13238,-74.08403
Salida Museum Association,406 W Rainbow Blvd,Salida,CO,81201,38.524315,-106.00882
Clarke Co Historical Museum,116 W Cobb St,Grove Hill,AL,36451,31.709963,-87.77749
Main Street Museum,58 Bridge St,White River Junction,VT,05001,43.649914,-72.31897
Seton Heritage Museum-Theater,339 S Seton Ave,Emmitsburg,MD,21727,39.698326,-77.3294
Baltimore Maritime Museum,5 Inner Cir,Brooklyn,MD,21225,39.230324,-76.59434
Sugar Hill Historical Museum,1401 Route 117,Sugar Hill,NH,03586,44.214397,-71.79924
The Jimmy Stewart Museum,835 Philadelphia St,Indiana,PA,15701,40.623123,-79.15559
Traveling Children's Museum,26 Brown St,Dayton,OH,45402,39.75643,-84.18539
Josephine School Comm Museum,303 Josephine St,Berryville,VA,22611,39.141766,-77.97909
Sacramento Children's Museum,2701 Prospect Park Dr,Rancho Cordova,CA,95670,38.588882,-121.283356
Rural Life Museum,4560 Essen Ln,Baton Rouge,LA,70809,30.40594,-91.10296
Tower Museum and Antiques,30121 Frontage Rd,Genoa,CO,80818,39.271717,-103.51214
Northside Military Museum,220 N Lincoln Ave,Jerome,ID,83338,42.725403,-114.51828
Hofstra Museum,112 Hofstra University,Hempstead,NY,11549,40.715973,-73.59956
Big Timbers Museum,7515 Us Highway 50,Lamar,CO,81052,38.113766,-102.61821
Heritage Museum Foundation,135 N Front St,Senatobia,MS,38668,34.61939,-89.96455
Museum of Florida Art,142 E New York Ave,Deland,FL,32724,29.02794,-81.3025
T T Wentworth Jr FL State Museum,120 Church St,Pensacola,FL,32502,30.409094,-87.212524
Fitzgerald Blue & Gray Museum,116 N Johnston St Ste 4,Fitzgerald,GA,31750,31.715252,-83.25737
Beach Museum of Art,510 Mccall Rd,Manhattan,KS,66502,39.18938,-96.55123
Studebaker National Museum,201 Chapin St,South Bend,IN,46601,41.674694,-86.26164
Classic Auto Museum,7181 S Mingo Rd,Tulsa,OK,74133,36.059113,-95.86837
Phoenix Design Museum,411 S 2nd St,Phoenix,AZ,85004,33.444023,-112.07101
Mary Aaron Memorial Museum,704 D St,Marysville,CA,95901,39.142696,-121.589516
C and D Canal Museum,815 Bethel Rd,Chesapeake City,MD,21915,39.52084,-75.778595
Habitot Children's Museum,1563 Solano Ave,Berkeley,CA,94707,37.891186,-122.2852
Moore County Jail Museum,231 Main St,Lynchburg,TN,37352,35.281998,-86.37387
Yogi Berra Museum & Learning Center,8 Yogi Berra Dr,Little Falls,NJ,07424,40.868217,-74.19479
Cape Vincent Historical Museum,175 N James St,Cape Vincent,NY,13618,44.129463,-76.335434
Cowgirls of West Museum,205 W 17th St,Cheyenne,WY,82001,41.133408,-104.81601
Desha County Museum,264 Highway 165,Dumas,AR,71639,33.88301,-91.48081
Vicksburg Museum,300 N Richardson St,Vicksburg,MI,49097,42.123333,-85.52977
Museum-Vertebrate Natural HSTR,1250 Siskiyou Blvd,Ashland,OR,97520,42.186436,-122.69426
Wilson County Historical Museum,420 N 7th St,Fredonia,KS,66736,37.534412,-95.82633
"Museum Editions, Ltd",32 Relyea Pl,New Rochelle,NY,10801,40.90824,-73.78563
Old Freighters Museum,407 N 14th St,Nebraska City,NE,68410,40.679714,-95.86288
Bowers Beach Maritime Museum,3357 Main St,Frederica,DE,19946,39.059635,-75.40222
Stevensville Historical Museum,517 Main St,Stevensville,MT,59870,46.505768,-114.09341
Harlingen Arts & Heritage Museum,2425 Boxwood St,Harlingen,TX,78550,26.218729,-97.6688
Hanna House Museum,101 E Center St,Fairfield,IL,62837,38.377666,-88.35972
Harlin Museum of West Plains,405 Worcester St,West Plains,MO,65775,36.726334,-91.85532
Mulberry Phosphate Museum,101 SE 1st St,Mulberry,FL,33860,27.89388,-81.972565
Fort Mill History Museum,107 Clebourne St,Fort Mill,SC,29715,35.00861,-80.94373
Gold Nugget Museum,502 Pearson Rd,Paradise,CA,95969,39.75208,-121.6151
Coke Oven Museum,350 Mountain View Rd,Dunlap,TN,37327,35.379536,-85.400795
Amaranthine Museum,2010 Clipper Park Rd,Baltimore,MD,21211,39.332047,-76.644196
Museum Towers Leasing,12 Museum Way,Cambridge,MA,02141,42.37,-71.07143
Menominee Range Museum,300 E Ludington St,Iron Mountain,MI,49801,45.82041,-88.063515
Roselle History Museum,39 E Elm Ave,Roselle,IL,60172,41.9819,-88.078804
Burrowes Mansion Museum,94 Main St,Matawan,NJ,07747,40.41674,-74.228775
Museum of Wisconsin Art,205 Veterans Ave,West Bend,WI,53095,43.423477,-88.18113
Alaska Heritage Museum,301 W Northern Lights Blvd,Anchorage,AK,99503,61.19543,-149.88765
Hannah Lindahl Children s Museum,1402 S Main St,Mishawaka,IN,46544,41.648796,-86.18035
Pearson Air Museum,1115 E 5th St,Vancouver,WA,98661,45.624405,-122.65792
1749 Court House Museum,98 Town Sq,Plymouth,MA,02360,41.955463,-70.66443
Hampton Roads Naval Museum,4501 N Witchduck Rd,Virginia Beach,VA,23455,36.866,-76.13076
Dubois Museum,909 Ramshorn St,Dubois,WY,82513,43.53735,-109.64601
Chrysler Boyhood Home and Museum,102 W 10th St,Ellis,KS,67637,38.93657,-99.56069
Burritt Museum,3101 Burritt Dr SE,Huntsville,AL,35801,34.716015,-86.540184
Golden State Model Railroad Museum,900 Dornan Dr,Richmond,CA,94801,37.918068,-122.38398
Camp Walton Schoolhouse Museum,127 Miracle Strip Pkwy SE,Fort Walton Beach,FL,32548,30.403938,-86.60775
Children's Museum of Bozeman,2744 W Main St,Bozeman,MT,59718,45.67109,-111.07826
Our Memories Museum,1122 Main St,Caldwell,ID,83605,43.663857,-116.683846
Ohio County Veterans Museum,415 Mulberry St,Hartford,KY,42347,37.448124,-86.908264
Art Museum U C Santa Barbara,555 University Rd,Santa Barbara,CA,93106,34.41738,-119.84613
Frontier Montana Museum,1107 Main St,Deer Lodge,MT,59722,46.391495,-112.73554
Jim Town Historical Museum Inc,59710 County Road 3,Elkhart,IN,46517,41.62763,-86.02428
Roseville Telephone Museum,106 Vernon St,Roseville,CA,95678,38.75083,-121.281876
Graham Historical Museum,135 W Elm St,Graham,NC,27253,36.069496,-79.40169
Korean Legation Museum,15 Logan Cir NW,Washington,DC,20005,38.910206,-77.03015
Hampton History Museum,120 Old Hampton Ln,Hampton,VA,23669,37.02511,-76.34674
Alabama Veterans Museum & Archives,100 W Pryor St,Athens,AL,35611,34.806725,-86.96971
Uc Davis Design Museum,1 Shields Ave,Davis,CA,95616,38.540035,-121.75211
Wetzel County Museum,136 Main St,New Martinsville,WV,26155,39.637375,-80.86652
New York City Fire Museum,278 Spring St,New York,NY,10013,40.725655,-74.00698
Little Beaver Museum Complex,803 Plumb St,Darlington,PA,16115,40.8093,-80.42171
Mowers-Goheen Museum,1 Pena Adobe Rd,Vacaville,CA,95688,38.33469,-122.016045
Children's Museum of Vly,11 W Federal St,Youngstown,OH,44503,41.10016,-80.64991
Museum Trails Trains & Pioneers,603 4th Ave,Edgemont,SD,57735,43.29875,-103.827866
Derry History Museum,29 W Broadway,Derry,NH,03038,42.88007,-71.32808
Cable Namakagon Historical Museum,13405 Spruce Ct,Cable,WI,54821,46.217155,-91.22444
Fort Smith Air Museum,6700 Mckennon Blvd,Fort Smith,AR,72903,35.341255,-94.35762
Laboratory of History Museum,100 N University Dr,Edmond,OK,73034,35.656033,-97.47486
Gomer Welsh Community Museum,7365 Gomer Rd,Gomer,OH,45809,40.84362,-84.18621
Piatt County Museum,1 Heritage Ln,Monticello,IL,61856,40.0291,-88.5798
LaGrange Art Museum,112 Lafayette Pkwy,Lagrange,GA,30240,33.038593,-85.03007
Children's Museum In Easton,9 Sullivan Ave,North Easton,MA,02356,42.067158,-71.10261
Lauren Rogers Museum of Art,565 N 5th Ave,Laurel,MS,39440,31.695452,-89.13102
Molokai Museum & Cultural Center,Kalae Highway  Mile Marker 4,Kualapuu,HI,96757,21.152,-157.0212
John Creek Chld Museum,10540 Wren Ridge Rd,Alpharetta,GA,30022,34.037827,-84.20501
Childrens Museum of Tampa,110 W Gasparilla Plz,Tampa,FL,33602,27.949709,-82.46195
Museum of Virginia Catholic History,18 N Laurel St,Richmond,VA,23284,37.547363,-77.45159
Grand Portage Museum,54 Upper Rd,Grand Portage,MN,55605,47.967598,-89.6781
Armenian Museum of Fresno,550 E Shaw Ave,Fresno,CA,93710,36.80882,-119.77792
Birds of Vermont Museum,900 Sherman Hollow Rd,Huntington,VT,05462,44.35168,-73.006676
Salem Witch Museum,19 Washington Sq,Salem,MA,01970,42.523487,-70.89116
Illinois Rural Heritage Museum,187 Fairground Rd,Pinckneyville,IL,62274,38.076485,-89.39672
Manly Junction Railroad Museum,111 E Main St,Manly,IA,50456,43.28675,-93.20287
Cocoa Beach Surf Museum,1250 S Atlantic Ave,Cocoa Beach,FL,32931,28.296051,-80.60857
Cuban Museum Inc,1200 Coral Way,Miami,FL,33145,25.750862,-80.215126
Miners Hall Museum,701 S Broadway St,Franklin,KS,66735,37.520893,-94.705154
Kyne House Museum,216 W Lincoln Ave,Lincoln,KS,67455,39.04037,-98.1499
Cottonport Museum & Cultural Center,220 Cottonport Ave,Cottonport,LA,71327,30.9848,-92.054436
Tracks and Trails Museum,129 W Main St,Oak Creek,CO,80467,40.27573,-106.959946
Lutheran Heritage Center and Museum,75 Oak St,Altenburg,MO,63732,37.626373,-89.58674
Newaygo County Museum,12 Quarterline Rd,Newaygo,MI,49337,43.419525,-85.799225
Smith College Museum of Art,20 Elm St,Northampton,MA,01063,42.318497,-72.63588
The Toy Museum,205 Columbus Ave,New York,NY,10023,40.775623,-73.97989
Des Chutes Historical Museum,129 NW Idaho Ave,Bend,OR,97703,44.055458,-121.31682
WPCHS-Museum,12990 Us Highway 12,Packwood,WA,98361,46.605656,-121.671455
Cook House Museum,855 Broyles Ranch Rd,Battle Mountain,NV,89820,40.637886,-116.944496
Amesbury Carriage Museum,5 Market Sq,Amesbury,MA,01913,42.866905,-70.92882
Middlesex County Museum,777 General Puller Hwy,Saluda,VA,23149,37.606777,-76.59631
Rhinelander Railroad Museum,Martin Lynch Dr,Rhinelander,WI,54501,45.630432,-89.40731
Museum of Nebraska Art,2401 Central Ave,Kearney,NE,68847,40.699482,-99.08148
Shoal Creek Living History Museum,7000 NE Barry Rd,Kansas City,MO,64156,39.245544,-94.50012
Long Plain Museum,1203 Main St,Acushnet,MA,02743,41.738552,-70.896385
Wabaunsee County Historical Museum,227 Missouri Ave,Alma,KS,66401,39.01197,-96.28968
Luzerne County Museum,69 S Franklin St,Wilkes Barre,PA,18701,41.2461,-75.88487
Burpee Museum of Natural History,737 N Main St,Rockford,IL,61103,42.277103,-89.08948
Indiana Military Museum Inc,2074 N Old Bruceville Rd,Vincennes,IN,47591,38.707066,-87.4652
Meeteetse Museums,1947 State St,Meeteetse,WY,82433,44.157665,-108.87175
Old Homestead House Museum,353 E Myers Ave,Cripple Creek,CO,80813,38.745953,-105.175316
Mc Coy-Mc Mechen Museum,119 N Main St,Moorefield,WV,26836,39.063557,-78.96971
Grovetown Museum,106 E Robinson Ave,Grovetown,GA,30813,33.45044,-82.19839
Mining Museum,125 Gleneagle Dr,Monument,CO,80132,39.056667,-104.824066
Cuban Museum of The Americas,1300 SW 12th Ave,Miami,FL,33129,25.760576,-80.2144
State Historical Museum,600 E Locust St,Des Moines,IA,50319,41.59013,-93.60968
Hornell Erie Depot Museum,111 Loder St,Hornell,NY,14843,42.32135,-77.65889
Clark Humanities Museum,1030 Columbia Ave,Claremont,CA,91711,34.103764,-117.71135
Clark House Museum,206 E Wisconsin Ave,Pewaukee,WI,53072,43.080837,-88.2602
Walton's Mountain Museum,6484 Rockfish River Rd,Schuyler,VA,22969,37.791393,-78.702415
Whistler House Museum of Art,243 Worthen St,Lowell,MA,01852,42.644714,-71.31504
A J Eaton House Museum,207 Elm Ave,Eaton,CO,80615,40.527615,-104.71267
Barney Ford Museum,111 Washington Ave,Breckenridge,CO,80424,39.48064,-106.04533
Haffenreffer Museum of Anthropology,300 Tower St,Bristol,RI,02809,41.678185,-71.242485
Museum of Science and Industry,5700 S Lake Shore Dr,Chicago,IL,60637,41.791855,-87.58045
Old Jail Art Center & Museum,404 North Way,Darien,GA,31305,31.370914,-81.434
Gonzo Museum,521 E Hyman Ave,Aspen,CO,81611,39.188625,-106.81826
Museum Park Cleaners,1251 S Prairie Ave,Chicago,IL,60605,41.865917,-87.62147
Museum of Imagination,25 Chapel Hill Rd,Brockwell,AR,72517,36.128525,-91.92604
Museum of American Cut and Engrv,472 Chestnut St,Highlands,NC,28741,35.05747,-83.19576
Museum of The Mountain West,68169 Miami Rd,Montrose,CO,81401,38.48771,-107.81352
Historic Shepherdstown & Museum,129 E German St,Shepherdstown,WV,25443,39.43062,-77.804634
Alma Area Museum,505 S 2nd St,Alma,WI,54610,44.318344,-91.9128
Spady Museum,170 NW 5th Ave,Delray Beach,FL,33444,26.464602,-80.078384
Galesville Heritage Museum,988 Galesville Rd,Galesville,MD,20765,38.843533,-76.542015
Charles Ives Birthplace Museum,5 Mountainville Ave,Danbury,CT,06810,41.382374,-73.44506
Wapsipinicon Mill and Museum,100 1st St W,Independence,IA,50644,42.468853,-91.89539
Museum of the Great Plains,201 N 4th St,Leoti,KS,67861,38.482647,-101.358185
Aidron Duckworth Trust & Art Museum,21 Bean Rd,Plainfield,NH,03781,43.543156,-72.25119
Hayden Historical Museum Inc,6715 W County Road 20 S,North Vernon,IN,47265,38.981506,-85.73509
Museum of Education,820 Main St,Columbia,SC,29208,33.996162,-81.03108
Red Skelton Museum Foundation,1002 N 1st St,Vincennes,IN,47591,38.686794,-87.520805
Morris Graves Museum of Art,636 F St,Eureka,CA,95501,40.80038,-124.16583
Parsippany Museum,320 Baldwin Rd,Parsippany,NJ,07054,40.868546,-74.39472
Duplin County Veterans Museum,119 E Hill St,Warsaw,NC,28398,35.001495,-78.09195
Dumont Museum,317 Ringgold St,Sigourney,IA,52591,41.337677,-92.20232
Handy W C Museum,620 W College St,Florence,AL,35630,34.795506,-87.68488
Museum of Western Colorado,3073 Patterson Rd,Grand Junction,CO,81504,39.091656,-108.483315
Museum by Moonlight,3000 N Meridian St,Indianapolis,IN,46208,39.81031,-86.15688
Gibraltar Historical Museum,29450 Munro St,Gibraltar,MI,48173,42.093044,-83.18962
Carroll County Historical Museum,101 W Main St,Delphi,IN,46923,40.5862,-86.67423
Beechcraft Heritage Museum,PO Box 550,Tullahoma,TN,37388,35.3601,-86.2107
Museum of Broadcast Communications,360 N State St,Chicago,IL,60654,41.88899,-87.62818
Air Power Museum,22001 Bluegrass Rd,Ottumwa,IA,52501,40.978874,-92.583145
Clark's Fork Valley Museum,101 Lower River Rd,Fromberg,MT,59029,45.381996,-108.90263
Pantego Academy Historical Museum,46 Academy St,Pantego,NC,27860,35.59027,-76.66199
Mid Atlantic Association of Museums,800 W Lombard St,Baltimore,MD,21201,39.28731,-76.62798
R G Ingersoll Museum,61 Main St,Dresden,NY,14441,42.6841,-76.95595
Carter House Museum,101 2nd St SE,Elkader,IA,52043,42.855877,-91.40165
Minidoka County Museum,99 E Baseline Rd,Rupert,ID,83350,42.619473,-113.64896
Chino Youth Museum,13191 6th St,Chino,CA,91710,34.01346,-117.69163
Door County Maritime Museum,120 N Madison Ave,Sturgeon Bay,WI,54235,44.830326,-87.38398
Portland Museum of Art,7 Congress Sq,Portland,ME,04101,43.66877,-70.24437
Occupy Museums,51 Macdougal St,New York,NY,10012,40.727837,-74.00252
Diving Museum,82990 Overseas Hwy,Islamorada,FL,33036,24.931177,-80.620445
Rose Museum at Carnegie Hall,154 W 57th St,New York,NY,10019,40.765076,-73.97934
Tillery History House Museum,321 Community Center Rd,Tillery,NC,27887,36.2516,-77.4858
Gangster Museum of America,113 Central Ave,Hot Springs National Park,AR,71901,34.518703,-93.05558
Raymond Historical Museum,1 Depot St,Raymond,NH,03077,43.035954,-71.18157
Shelburne Museum Brick House,387 Quakers Smith Point Rd,Shelburne,VT,05482,44.383865,-73.26329
City of Petersburg Museums,15 W Bank St,Petersburg,VA,23803,37.231895,-77.40533
Commemorative Air Force Museum,16803 Mccandless Ln,Council Bluffs,IA,51503,41.264317,-95.7657
Floyd County Museum,105 E Missouri St,Floydada,TX,79235,33.985718,-101.33457
Mansfield Female College Museum,101 Monroe St,Mansfield,LA,71052,32.036385,-93.70733
Museum of Hummels,9513 W Higgins Rd,Rosemont,IL,60018,41.992393,-87.86355
Miramont Castle Museum,9 Capitol Hill Ave,Manitou Springs,CO,80829,38.859226,-104.92246
Uppertown Firefighters Museum,2968 Marine Dr,Astoria,OR,97103,46.190407,-123.81123
Hadley Farm Museum,147 Russell St,Hadley,MA,01035,42.342182,-72.588036
St Clement's Island Museum,38370 Point Breeze Rd,Coltons Point,MD,20626,38.225204,-76.74991
Wisconsin River Papermaking Museum,730 1st Ave S,Wisconsin Rapids,WI,54495,44.388485,-89.83413
Biedenharn Museum and Garden,2006 Riverside Dr,Monroe,LA,71201,32.518932,-92.131195
Hillsborough Heritage Museum,5 Central St,Hillsborough,NH,03244,43.114388,-71.89616
Whitney Museum of American Art,99 Gansevoort St,New York,NY,10014,40.739525,-74.008545
Harris-Lass Historic Museum,1889 Market St,Santa Clara,CA,95050,37.342175,-121.95374
Dittrick Museum of Medical History,11000 Euclid Ave,Cleveland,OH,44106,41.505928,-81.60873
Children's Museum Of The Arts,182 Lafayette St,New York,NY,10013,40.72033,-73.99903
Moravian Congregational Museum,8 Church Sq,Lititz,PA,17543,40.156345,-76.30296
Dundalk Patapsco Neck Museum,4 N Center Pl,Dundalk,MD,21222,39.258636,-76.52418
Chico Air Museum,165 Ryan Ave,Chico,CA,95973,39.804024,-121.85776
Thomas Edison Depot Museum,510 Thomas Edison Pkwy,Port Huron,MI,48060,42.992485,-82.42814
Freeman Store & Museum,131 Church St NE,Vienna,VA,22180,38.90349,-77.26501
Tearificteapot Museum,2732 Cleveland St,Elloree,SC,29047,33.53009,-80.573586
Geneva History Museum,543 S Main St,Geneva,NY,14456,42.86222,-76.983185
Keepers Quarters Museum,131 Charles St,Harkers Island,NC,28531,34.68624,-76.52636
Museum of Illusions Chicago,25 E Washington St,Chicago,IL,60602,41.88306,-87.6273
California African American Museum,600 State Dr,Los Angeles,CA,90037,34.016373,-118.28437
New Bedford Fire Museum,51 Bedford St,New Bedford,MA,02740,41.628197,-70.9269
Boles-Lord House Museum,5853 S Park Ave,Hamburg,NY,14075,42.73717,-78.825485
Stone Harbor Museum,235 93rd St,Stone Harbor,NJ,08247,39.055664,-74.7578
Menagha Area Museum,320 Helsinki Blvd SE,Menahga,MN,56464,46.749622,-95.09484
Old Fort Railroad Museum,25 W Main St,Old Fort,NC,28762,35.62885,-82.183655
Riverton Museum,700 E Park Ave,Riverton,WY,82501,43.026928,-108.38187
Greater Hanover Area Fire Museum,134 E Hanover St,Hanover,PA,17331,39.798824,-76.97667
Decatur Museum,400 W 8th St,Decatur,NE,68020,42.006607,-96.249985
Florida Historic Capitol Museum,400 S Monroe St,Tallahassee,FL,32399,30.438126,-84.280846
Guggenheim Museum Solomon R,87 35th St,Brooklyn,NY,11232,40.656666,-74.00649
Forkland Abraham Lincoln Museum,16479 Forkland Rd,Gravel Switch,KY,40328,37.550407,-84.98634
Outagamie Museum,330 E College Ave,Appleton,WI,54911,44.26194,-88.40212
Des Moines children museum,1551 Valley West Dr,West Des Moines,IA,50266,41.596584,-93.75166
South Gate Civic Center Museum,8680 California Ave,South Gate,CA,90280,33.954945,-118.2058
Marietta Museum Of History,121 Baker St NW,Atlanta,GA,30313,33.762417,-84.392685
San Diego Air & Space Museum,2001 Pan American Plz,San Diego,CA,92101,32.726765,-117.15382
New Almaden Quicksilver Museum,21350 Almaden Rd,San Jose,CA,95120,37.17888,-121.81916
Granger House Museum,970 10th St,Marion,IA,52302,42.03576,-91.59947
Hieronymus Mueller Museum,420 W Eldorado St,Decatur,IL,62522,39.84586,-88.96111
Eagle Harbor Lighthouse and Museums,670 Light House Rd,Eagle Harbor,MI,49950,47.45964,-88.159996
St Clair Historical Museum,308 S 4th St,Saint Clair,MI,48079,42.823055,-82.489
Ellsinore Pioneer Museum,11 S Herren Ave,Ellsinore,MO,63937,36.93389,-90.74726
Perot Museum of Nature and Science,2201 N Field St,Dallas,TX,75201,32.78738,-96.80568
Museum Small Craft Association,3 Cemetery Rd,Stonington,CT,06378,41.349968,-71.89294
Weippe Hilltop Heritage Museum,617 N Main St,Weippe,ID,83553,46.38119,-115.93833
Millville Army Air Field Museum,1 Leddon St,Millville,NJ,08332,39.37405,-75.06819
Armed Forces Museum,418 Thumper Ct,Cottage Hills,IL,62018,38.91746,-90.10737
Ray County Museum,901 W Royle St,Richmond,MO,64085,39.274704,-93.988335
Pioneer Museum,65 E 100 N,Castle Dale,UT,84513,39.213287,-111.01854
Mariposa Museum,57 S Circuit Ave,Oak Bluffs,MA,02557,41.44867,-70.55722
Sumter County Museum,122 N Washington St,Sumter,SC,29150,33.923023,-80.34464
Guggenheim Museum,5483 Tayport Dr,Solon,OH,44139,41.410656,-81.44478
Dorothy G Page Museum,323 N Main St,Wasilla,AK,99654,61.58266,-149.4412
Cook County Trailside Museum,738 Thatcher Ave,River Forest,IL,60305,41.893105,-87.82587
Marine City Museum,405 S Main St,Marine City,MI,48039,42.715954,-82.494225
Gulf Beaches Historical Museum,115 10th Ave N,Saint Petersburg,FL,33701,27.782286,-82.63463
Roaring Twenties Antique Car Museum,1445 Wolftown Hood Rd,Hood,VA,22723,38.350487,-78.38827
Museum of New York County,1444 Brattonsville Rd,Mc Connells,SC,29726,34.867012,-81.17644
Froelich Foundation Museum,24397 Froelich Rd,Mc Gregor,IA,52157,43.006897,-91.32159
International Museum of The Horse,4089 Iron Works Pkwy,Lexington,KY,40511,38.15088,-84.5142
Marshall George C Museum,11111 Vmi Parade,Lexington,VA,24450,37.789593,-79.43478
Louisiana Political Museum,499 E Main St,Winnfield,LA,71483,31.926828,-92.63557
Harris Hall Museum,110 Court St,Oxford,NC,27565,36.311626,-78.58773
Harsha House Museum,103 State St,Charlevoix,MI,49720,45.31785,-85.260864
Union Pacific Railroad Museum,200 Pearl St,Council Bluffs,IA,51503,41.258316,-95.85126
Kenosha Public Museum,5500 1st Ave,Kenosha,WI,53140,42.587288,-87.81298
Kittery Historical and Naval Museum,200 Rogers Rd,Kittery,ME,03904,43.100735,-70.74225
Bristol Art Museum,10 Wardwell St,Bristol,RI,02809,41.67137,-71.276245
Old Castle Museum,511 5th St,Baldwin City,KS,66006,38.77758,-95.18497
Jewish Museum Milwaukee,1360 N Prospect Ave,Milwaukee,WI,53202,43.048584,-87.89454
MidWest Miniatures Museum,6855 W Hickory Rd,Hickory Corners,MI,49060,42.441975,-85.42136
Norseman Museum,17 1st St NE,Tioga,ND,58852,48.395863,-102.93769
Museum of the Kansas National Guard,125 SE Airport Dr,Topeka,KS,66619,38.9447,-95.6994
Burnt District Museum/Archives,400 E Mechanic St,Harrisonville,MO,64701,38.653225,-94.3464
Kent Historical Museum,855 E Smith St,Kent,WA,98030,47.38332,-122.22405
Northern Ohio Railway Museum,5515 Buffham Rd,Seville,OH,44273,41.04464,-81.88854
Dinosaur Museum-Thanksgiving,2929 N Thanksgiving Way,Lehi,UT,84043,40.424664,-111.88466
Beith House Museum,8 Indiana St,Saint Charles,IL,60174,41.91118,-88.31261
Museum of North Carolina Minerals,79 Parkway Maintenance Rd,Spruce Pine,NC,28777,35.85431,-82.051414
New Hampshire Boat Museum,397 Center St,Wolfeboro,NH,03894,43.60572,-71.18828
Lockwood-Mathews Mansion Museum,295 West Ave,Norwalk,CT,06850,41.109802,-73.41794
Pueblo Heritage Museum,201 W B St,Pueblo,CO,81003,38.263607,-104.6172
Sheldon Museum & Cultural Center,11 Main St,Haines,AK,99827,59.23467,-135.44281
Galena Mining & Historical Museum,319 W 7th St,Galena,KS,66739,37.07506,-94.64169
Fort Harker Museum Complex,309 W Ohio Ave,Kanopolis,KS,67454,38.710373,-98.1612
Fort Seward Museum,605 10th Ave,Jamestown,ND,58401,46.9008,-98.7256
Natural History Museum,1927 5th Ave,San Diego,CA,92101,32.725433,-117.16009
Theatre Museum,40 Worth St Rm 824,New York,NY,10013,40.717278,-74.007065
H Earl Clack Museum,2 5th Ave,Havre,MT,59501,48.553738,-109.67515
Pinnacle Museum and Tower,550 Front St,San Diego,CA,92101,32.710926,-117.16486
Scantic Academy Museum,115 Scantic Rd,East Windsor,CT,06088,41.900913,-72.57983
Palm Springs Art Museum,72567 Highway 111,Palm Desert,CA,92260,33.723625,-116.3994
Carver Price Legacy Museum,102 Carver Ln,Gladys,VA,24554,37.11545,-79.00509
Space Age Museum,209 Beach St,Litchfield,CT,06759,41.76938,-73.21847
Zigler Museum,154 N Main St,Jennings,LA,70546,30.222198,-92.65785
Humboldt County Museum,905 1st Ave N,Dakota City,IA,50529,42.72309,-94.19376
Merry Brook School Museum,212 Lincolnway St,Woodbine,IA,51579,41.73421,-95.70301
Fresno Art Museum,2233 N 1st St,Fresno,CA,93703,36.77078,-119.7728
Motts Military Museum,5075 S Hamilton Rd,Groveport,OH,43125,39.859665,-82.88597
Crosby House Museum,702 Deschutes Way N,Tumwater,WA,98501,47.0077,-122.8783
White Bluffs Quilt Museum,294 Torbett St,Richland,WA,99354,46.292336,-119.27688
Art Museum Arcade,1650 Art Museum Dr,Jacksonville,FL,32207,30.306744,-81.62015
Syracuse City Museum,1726 Heritage Ln,Syracuse,UT,84075,41.088818,-112.061646
Museum Adventures,225 Coronado Dr,Aptos,CA,95003,36.977226,-121.88821
Yahoola United Cherokee Museum,220 Warwick St,Dahlonega,GA,30533,34.531876,-83.98768
Old Florida Museum,7900 Old Kings Rd N,Palm Coast,FL,32137,29.639114,-81.27644
Prairie County Museum,101 Logan Ave S,Terry,MT,59349,46.793625,-105.313255
Sanguinetti House Museum,240 S Madison Ave,Yuma,AZ,85364,32.72333,-114.619736
Southern Nevada Museum of Fine Art,450 Fremont St,Las Vegas,NV,89101,36.169617,-115.14116
Milton House Museum,18 S Janesville St,Milton,WI,53563,42.776405,-88.936386
Karshner Memorial Museum,309 N 4th St,Tacoma,WA,98403,47.26842,-122.4511
Tifton Terminal Railway Museum,120 Tift Ave S,Tifton,GA,31794,31.452646,-83.508255
Struthers Historical Museum,50 Terrace St,Struthers,OH,44471,41.05599,-80.590645
Herreshoff Marine Museum,1 Burnside St,Bristol,RI,02809,41.663464,-71.273
Wyckoff Farmhouse Museum,5816 Clarendon Rd,Brooklyn,NY,11203,40.64481,-73.92128
Penrose Heritage Museum,11 Lake Cir,Colorado Springs,CO,80906,38.792747,-104.851685
California African American Museum,600 Beverly Park Dr,Los Angeles,CA,90049,34.07502,-118.4691
Marvin Samson Pharmacy Museum,600 S 43rd St,Philadelphia,PA,19104,39.946983,-75.20897
Museum Downieville,330 Main St,Downieville,CA,95936,39.56032,-120.82768
Binghamton Childrens Museum,60 Morgan Rd,Binghamton,NY,13903,42.07558,-75.90564
John and Annie Glenn Museum,72 W Main St,New Concord,OH,43762,39.99342,-81.73643
Norton County Museum,105 E Lincoln St,Norton,KS,67654,39.830208,-99.8887
Lauderdale Museum,123 S Jefferson St,Ripley,TN,38063,35.74431,-89.5307
Pico Rivera Historical Museum,9122 Washington Blvd,Pico Rivera,CA,90660,33.981705,-118.09462
Bowie Train Station Museum,8614 Chestnut Ave,Bowie,MD,20715,39.007088,-76.77904
National Voting Rights Museum,6 Us Highway 80 E,Selma,AL,36701,32.402817,-87.01733
Parishville Museum,1785 State Highway 72,Parishville,NY,13672,44.629475,-74.81283
Natural History Museum-Ozarks,2327 W Farm Road 190,Springfield,MO,65810,37.105824,-93.32858
Fort Jackson Museum,4442 Jackson Blvd,Columbia,SC,29207,34.01717,-80.93913
Washington County Museum,602 Main St N,Stillwater,MN,55082,45.061577,-92.80708
Newberry County Museum,1503 Nance St,Newberry,SC,29108,34.277237,-81.622955
Longview Museum of Fine Arts,215 E Tyler St,Longview,TX,75601,32.49467,-94.73804
Selena Museum,2284 Huckleberry Rd,Manchester,NJ,08759,40.030975,-74.26448
Harris Agriculture Museum,202 W Locust,Atwood,IL,61913,39.805546,-88.46465
The Luling Oil Museum,421 E Davis St,Luling,TX,78648,29.681808,-97.65118
Maritime Museum,800 Cornwall Ave,Bellingham,WA,98225,48.744698,-122.4864
Chieftains Museum,501 Riverside Parkway,Rome,GA,30161,34.27691,-85.16971
The Ice House Museum,91 Pleasant St,New London,NH,03257,43.416477,-71.98329
Maine State Museum,230 State St,Augusta,ME,04330,44.30523,-69.78156
Timberlane Farm Museum,2306 E 1st St,Loveland,CO,80537,40.39263,-105.04465
Intel Museum,2200 Mission College Blvd,Santa Clara,CA,95054,37.388515,-121.96354
Nehemiah Royce Museum,538 N Main St,Wallingford,CT,06492,41.4662,-72.81236
Firehouse Museum,520 W 5th St,Washington,MO,63090,38.557083,-91.01848
Tri-Cities Historical Museum,200 Washington Ave,Grand Haven,MI,49417,43.063633,-86.2309
McCallum Museum & Brunson Hse,719 5th Ave,Sibley,IA,51249,43.401196,-95.74756
Knox Historical Museum,196 Daniel Boone Dr,Barbourville,KY,40906,36.865704,-83.88731
Dewitt Museum,Depot Park,Prairie City,OR,97869,44.463215,-118.70994
Shacksboro School House Museum,46 Canton St,Baldwinsville,NY,13027,43.151794,-76.334366
Pettis County Museum,228 Dundee Ave,Sedalia,MO,65301,38.710876,-93.2515
Adams Museum,54 Sherman St,Deadwood,SD,57732,44.37572,-103.72933
Baltimore Lithuanian Museum,851 Hollins St,Baltimore,MD,21201,39.287773,-76.63031
Southern Alleghenies Museum,1 Boucher Ln & Route 711 South,Ligonier,PA,15658,40.2473,-79.2289
Aurora Fossil Museum,400 Main St,Aurora,NC,27806,35.304695,-76.78743
Eagle Tavern Museum,26 N Main St,Watkinsville,GA,30677,33.863865,-83.40947
Headen-Inman Historical Museum,1509 Warburton Ave,Santa Clara,CA,95050,37.35582,-121.95478
Marysville Museum,887 E Huron Blvd,Marysville,MI,48040,42.908016,-82.47052
Escondido Children's Museum,380 N Escondido Blvd,Escondido,CA,92025,33.122826,-117.085785
Museum of North Beach,4658 State Rt 109,Moclips,WA,98562,47.22262,-124.20438
Headquarters House Museum,118 E Dickson St,Fayetteville,AR,72701,36.066395,-94.15755
Glazer Children's Museum,110 W Gasparilla Plz,Tampa,FL,33602,27.949709,-82.46195
Ty Cobb Museum,461 Cook St,Royston,GA,30662,34.283646,-83.11718
Chinese Art Museum,20965 Lycoming St,Walnut,CA,91789,34.00303,-117.84624
Explorations V Children's Museum,109 N Kentucky Ave,Lakeland,FL,33801,28.04461,-81.95502
Bayonne Museum,229 Broadway,Bayonne,NJ,07002,40.654686,-74.126274
Natural History Museum,1930 R St,Bakersfield,CA,93301,35.376804,-119.00933
Atwood House Museum,347 Stage Harbor Rd,Chatham,MA,02633,41.673378,-69.96557
Ball State University Museum of Art,Art Bldg Bldg,Muncie,IN,47302,40.1639,-85.3813
Old Stone House Museum,22 Chestnut St,Windsor,NY,13865,42.07085,-75.632286
Mt Kearsarge Indian Museum,18 Highlawn Rd,Warner,NH,03278,43.295765,-71.82447
Perkins Geology Museum-UVM,180 Colchester Ave,Burlington,VT,05401,44.48181,-73.19395
Hathaway Ranch Museum,11901 Florence Ave,Santa Fe Springs,CA,90670,33.935444,-118.07917
Museum Quality Framing,2234 Eastlake Ave E,Seattle,WA,98102,47.63922,-122.3257
Wyatt Archaeological Museum,2502 Lynnville Hwy,Cornersville,TN,37047,35.37252,-86.88541
No. 9 Coal Mine and Museum,9 Dock St,Lansford,PA,18232,40.829517,-75.89498
Liverpool Historian Museum,314 2nd St,Liverpool,NY,13088,43.103638,-76.20917
Museum of Southeastern Indians,779 Julia Jordan Rd,Roberta,GA,31078,32.747257,-84.14131
"102D Infantry Regiment Museum, Inc",30 Hood Ter,West Haven,CT,06516,41.270927,-72.96132
HistoryMiami Museum,101 W Flagler St,Miami,FL,33130,25.774197,-80.19641
History Miami Museum,651 NW 116th Ter,Miami,FL,33168,25.88173,-80.209885
Long Island Maritime Museum Sail,500 Shore Dr,Oakdale,NY,11769,40.727577,-73.15132
Anderson County Museum,410 W 6th Ave,Garnett,KS,66032,38.278713,-95.24832
Blacksburg Children's Museum,1470 S Main St Suite 106,Blacksburg,VA,24060,37.21484,-80.40071
Museums Of Cassidy Park,625 Willis Ave,Bogalusa,LA,70427,30.78221,-89.86786
Westchester Children's Museum,100 Playland Pkwy,Rye,NY,10580,40.964615,-73.67856
National Heisey Glass Museum,169 W Church St,Newark,OH,43055,40.056988,-82.41001
Friendship Firehouse Museum,107 S Alfred St,Alexandria,VA,22314,38.804867,-77.04948
Wells County Historical Museum,903 4th St NE,Fessenden,ND,58438,47.651215,-99.62221
Sea Isle City Historical Museum,4800 Central Ave,Sea Isle City,NJ,08243,39.151764,-74.69728
Prairie Trails Museum,515 E Jefferson St,Corydon,IA,50060,40.75707,-93.310326
Discover Navajo Museum,PO Box 386,Tuba City,AZ,86045,36.1219,-111.2205
Museums Richard W,2983 Brewer Rd,Manning,SC,29102,33.642113,-80.159874
Eagle Bluff Lighthouse Museum,9462 Shore Rd,Fish Creek,WI,54212,45.129997,-87.23873
Museum of American Speed,599 Oakcreek Dr,Lincoln,NE,68528,40.818745,-96.72469
Hirshhorn Museum-Sculpture Garden,700 Independence Ave SW,Washington,DC,20024,38.887424,-77.02213
Baldwin Hotel Museum,31 Main St,Klamath Falls,OR,97601,42.220196,-121.7887
Nicholas-Beazley Aviation Museum,1985 S Odell Ave,Marshall,MO,65340,39.097527,-93.19547
Kansas Auto Racing Museum,1205 Manor Dr,Chapman,KS,67431,38.981262,-97.02105
Koester House Museum,209 N 8th St,Marysville,KS,66508,39.842815,-96.64828
Savannah Youth Museum,14 Bridle Ln,Savannah,GA,31405,32.069298,-81.2136
Union City Historical Museum,420 15th St,Union City,NJ,07087,40.76143,-74.03531
Lompoc Museum,200 S H St,Lompoc,CA,93436,34.637165,-120.457695
Alexander & Baldwin Sugar Museum,3957 Hansen Rd,Puunene,HI,96784,20.86933,-156.45467
Colorado River Museums,2201 Highway 68,Bullhead City,AZ,86429,35.17919,-114.56445
Cheyenne Depot Museum Inc,5084 S County Road 49,Slocomb,AL,36375,31.081608,-85.514854
Chewelah Museum,501 N 3rd St E,Chewelah,WA,99109,48.280384,-117.71381
Tumbleweed Ranch Museum,2250 S Mcqueen Rd,Chandler,AZ,85286,33.275227,-111.82447
Benton County Museum,700 Benton St,Warsaw,MO,65355,38.244877,-93.37899
Audrey's Museum Store,2701 N Sepulveda Blvd,Los Angeles,CA,90049,34.123325,-118.479256
Telfair Museum of Art,121 Barnard St,Savannah,GA,31401,32.078728,-81.09509
Singleton Biss Museum,112 W San Francisco St,Santa Fe,NM,87501,35.687202,-105.93981
Appalachian Trail Museum,1120 Pine Grove Rd,Gardners,PA,17324,40.033028,-77.303925
Museum of Comparative Zoology,26 Oxford St,Cambridge,MA,02138,42.37727,-71.115875
Boneyard Creation Museum,1709 S E St,Broken Bow,NE,68822,41.40198,-99.65033
Town of Portland Museum,6224 E Main Rd,Portland,NY,14769,42.38234,-79.460686
Carmel Fire Buffs and Museum,210 1st Ave SW,Carmel,IN,46032,39.9775,-86.1284
KGB Spy Museum,245 W 14th St,New York,NY,10011,40.73935,-74.00118
Trenton Museum Society,1 Tudor Ln,Lawrence Township,NJ,08648,40.24643,-74.751724
Miracle Of America Museum,58176 Memory Ln,Polson,MT,59860,47.67908,-114.11469
US 23 Country Music Highway Museum,120 Stave Br,Paintsville,KY,41240,37.8283,-82.7944
National Cryptologic Museum,8290 Colony Seven Rd,Annapolis Junction,MD,20701,39.11372,-76.776276
Penn State All Sports Museum,1 Beaver Stadium,University Park,PA,16802,40.81323,-77.85478
Marion City Museum,623 W Main St,Marion,KS,66861,38.348377,-97.03016
Newell House Museum,8089 Champoeg Rd NE,Saint Paul,OR,97137,45.248688,-122.89706
Wax Museum Complex,303 Prospect St,Niagara Falls,NY,14303,43.08612,-79.06462
Ameri Frnds The Shanghai Museum,530 E 86th St Apt 10B,New York,NY,10028,40.775253,-73.945885
Grandma's Trading Post Museum,96 County Road 75,Truchas,NM,87578,36.04174,-105.80569
Lucille Ball Desi Arnaz Museum,2 W 3rd St,Jamestown,NY,14701,42.096466,-79.24155
American Wings Air Museum,PO Box 49322,Minneapolis,MN,55449,45.1405,-93.2329
World War II Home Front Museum,4201 1st St,Saint Simons Island,GA,31522,31.145914,-81.37322
Nathaniel Hamlin Park & Museum,1887 215th St,Audubon,IA,50025,41.69578,-94.91983
Town of Horicon Museum,6696 State Route 8,Brant Lake,NY,12815,43.68073,-73.74479
MAPS Air Museum,2260 International Pkwy,North Canton,OH,44720,40.917374,-81.45513
Telephone Museum,166 Winkumpaugh Rd,Ellsworth,ME,04605,44.641525,-68.57009
Cayce Historical Museum,1800 12th St,Cayce,SC,29033,33.970387,-81.06466
The Cold War Museum,7172 Lineweaver Rd,Warrenton,VA,20187,38.742844,-77.67655
Archives Museum Temple Mickve,20 Cramer Ave,Savannah,GA,31406,31.98287,-81.05696
F Brooke Whiting House Museum,218 Washington St,Cumberland,MD,21502,39.651176,-78.76953
Dexter Museum,719 Marshall St,Dexter,IA,50070,41.516247,-94.22797
Pickering-Beach Museum,501 Ambrose St,Sackets Harbor,NY,13685,43.93549,-76.13444
Alaska Aviation Heritage Museum,4721 Aircraft Dr,Anchorage,AK,99502,61.178314,-149.97089
Sulphur Springs Community Museum,105 N Highway 59,Sulphur Springs,AR,72768,36.482597,-94.45823
Fort Laurens Museum,11067 Fort Laurens Rd NW,Bolivar,OH,44612,40.637936,-81.45746
Reece Museum,363 Lake Drive Ext,Johnson City,TN,37601,36.329,-82.3344
Indiana Transportation Museum,PO Box 83,Noblesville,IN,46061,40.0356,-86.0053
Bowman Museum,246 N Main St,Prineville,OR,97754,44.302322,-120.84692
Museum Of Commerce,201 E Zaragoza St,Pensacola,FL,32502,30.408573,-87.21133
Legacy Doll Museum,3206 6th Ave N,Billings,MT,59101,45.784184,-108.5142
Ct Eastern Railroad Museum,55 Bridge St,Willimantic,CT,06226,41.712357,-72.21938
Mud River Museum,315 Main St,Hamlin,WV,25523,38.277576,-82.105934
Lake Mary Museum,158 N Country Club Rd,Lake Mary,FL,32746,28.75835,-81.32223
Lincoln-Manahan Home Museum,607 E 3rd St,Sterling,IL,61081,41.790073,-89.68738
Ellicott City Firehouse Museum,3829 Church Rd,Ellicott City,MD,21043,39.26765,-76.79802
Marshall County Historical Museum,220 E College Ave,Holly Springs,MS,38635,34.768593,-89.44454
OSU Museum of Art,7158 Highway 518,Ranchos De Taos,NM,87557,36.341167,-105.59704
Riddick's Folly House Museum,510 N Main St,Suffolk,VA,23434,36.736855,-76.582184
Sugar Creek Historical Museum,606 N Sterling Ave,Sugar Creek,MO,64054,39.11437,-94.444824
Arcadia Historical Museum,380 W Huntington Dr,Arcadia,CA,91007,34.13234,-118.04463
Wiener Museum of Decorative Arts,481 S Federal Hwy,Dania,FL,33004,26.043465,-80.143265
Hampton University Museum,200 William Harvey Way,Hampton,VA,23668,37.0227,-76.3347
Mercer County Historical Museum,130 E Market St,Celina,OH,45822,40.548866,-84.57043
Nau Art Museum,321 Gila Cir,Happy Jack,AZ,86024,34.642345,-111.10314
Maritime & Seafood Industry Museum,2600 Beach Blvd,Biloxi,MS,39531,30.389685,-88.98933
Union Township Historical Museum,47 N Main St,West Milton,OH,45383,39.962738,-84.329475
The Children's Museum of Durango,802 E 2nd Ave,Rawlins,WY,82301,41.79319,-107.23836
Kansas Oil Museum,383 E Central Ave,El Dorado,KS,67042,37.817257,-96.84447
Scio Historical Depot Museum,39004 NE 1st Ave,Scio,OR,97374,44.70459,-122.847336
Los Angeles Museum of Love,4320 Melrose Ave,Los Angeles,CA,90029,34.08345,-118.294754
Rio Vista Museum,16 N Front St,Rio Vista,CA,94571,38.156097,-121.69082
Independence Seaport Museum,300 Bernoulli Cir,Oxnard,CA,93030,34.20462,-119.15017
Harmony Historical Society Museum,1943 Open Meadows Rd,Ashville,NY,14710,42.08531,-79.41246
Iowa Aviation Heritage Museum,3704 SE Convenience Blvd,Ankeny,IA,50021,41.69503,-93.57111
History Museum of Mobile,111 S Royal St,Mobile,AL,36602,30.689732,-88.03987
Virginia Museum of Natural History,21 Starling Ave,Martinsville,VA,24112,36.686638,-79.86469
Santa Claus Museum,41 N Kringle Pl,Santa Claus,IN,47579,38.12056,-86.92467
Wilson Heritage Museum,411 24th St,Wilson,KS,67490,38.827106,-98.47254
Moravian Museum of Bethlehem,66 W Church St,Bethlehem,PA,18018,40.61893,-75.38104
Vero Beach Museum Of Art,3001 Riverside Park Dr,Vero Beach,FL,32963,27.649616,-80.366165
Indian & Sea Museum,25850 John M Snook Dr,Orange Beach,AL,36561,30.284082,-87.58378
The Sports Museum,100 Legends Way,Boston,MA,02114,42.36661,-71.06177
Campus Martius Museum,601 2nd St,Marietta,OH,45750,39.42141,-81.46109
Heard Museum,2301 N Central Ave,Phoenix,AZ,85004,33.473064,-112.073524
Ponca Tribe Museum,88915 521 Ave,Niobrara,NE,68760,42.71398,-98.07425
Hammond Castle Museum,80 Hesperus Ave,Gloucester,MA,01930,42.585293,-70.69345
Farm and Ranch Museum,2930 M St,Gering,NE,69341,41.821568,-103.68084
Boot Hill Museum,500 W Wyatt Earp Blvd,Dodge City,KS,67801,37.753002,-100.02216
Orchard Park Town Historical Museum,4287 S Buffalo St,Orchard Park,NY,14127,42.766876,-78.74368
ACCORD Civil Rights Museum,79 Bridge St,Saint Augustine,FL,32084,29.889008,-81.31395
Pahrump Valley Museum,401 E Basin Ave,Pahrump,NV,89060,36.219498,-116.00746
South Charleston Museum,311 D St,South Charleston,WV,25303,38.36542,-81.69439
Western Discovery Museum,469 Highway 64,Grand Canyon,AZ,86023,35.976315,-112.125244
Sutton Ditz House Museum,18 Grant St,Clarion,PA,16214,41.214275,-79.38668
Spring Grove Alumni Museum,55 Wade Ave,Catonsville,MD,21228,39.267525,-76.724106
Bakersfield Museum of Art,1930 R St,Bakersfield,CA,93301,35.376804,-119.00933
National Capital Trolley Museum,1313 Bonifant Rd,Silver Spring,MD,20905,39.094822,-77.029564
Freeport Art Museum,121 N Harlem Ave Ste B,Freeport,IL,61032,42.297516,-89.63915
Mardi Gras Museum,809 Kirby St,Lake Charles,LA,70601,30.225847,-93.20964
River Heritage Museum,117 S Water St,Paducah,KY,42001,37.087963,-88.59425
Koehnline Museum of Art,1600 E Golf Rd,Des Plaines,IL,60016,42.05473,-87.884544
Iowa Baseball Museum of Norway,112 E Railroad St,Norway,IA,52318,41.90275,-91.92088
Mt Blanco Fossil Museum,124 W Main St,Crosbyton,TX,79322,33.660122,-101.23846
Nail House Museum,1 Mayor Aitken Dr,Bridgeton,NJ,08302,39.429527,-75.2368
Detroit Historical Museum,5401 Woodward Ave,Detroit,MI,48202,42.360012,-83.06664
La Quinta Museum,77-885 Avenida Montezuma,La Quinta,CA,92253,33.67557,-116.30564
H L Blanchard Museum,188 Main St,Avon,MA,02322,42.132004,-71.03997
Georgia State Railroad Museum,655 Ga Highway 30,Port Wentworth,GA,31407,32.192974,-81.222015
Children's Discovery Museum,1002 S Pokegama Ave,Grand Rapids,MN,55744,47.221054,-93.528496
Airmen Memorial Museum,5211 Auth Rd,Suitland,MD,20746,38.822807,-76.91696
Old Town Hall Museum,1294 Enfield St,Enfield,CT,06082,41.97709,-72.592186
University of Arizona Museum of Art,1031 N Olive Rd,Tucson,AZ,85719,32.233925,-110.955215
Wharton Esherick Museum,1520 Horse Shoe Trl,Malvern,PA,19355,40.082817,-75.498085
Billy Graham Center Museum,500 College Ave,Wheaton,IL,60187,41.867447,-88.09793
Oglebay Institutes Museums,265 Massina Dr,Wheeling,WV,26003,40.096455,-80.70091
Jule Collins Smith Museum,901 S College St,Auburn,AL,36830,32.588028,-85.48509
Duke Museum of Military History,110 E 8th Ave,Rome,GA,30161,34.25498,-85.16546
Fort Thomas Museum,69 Greene St,Fort Thomas,KY,41075,39.06567,-84.4412
Lee County Veterans Museum,129 W Cedar Ln,Bishopville,SC,29010,34.22029,-80.24661
Museum District Association,3101 W Franklin St,Richmond,VA,23221,37.56236,-77.47532
Rentschler Farm Museum,1265 E Michigan Ave,Saline,MI,48176,42.175987,-83.76044
Stannard Historical Society Museum,Stannard Mountain Rd,Greensboro Bend,VT,05842,44.541935,-72.2642
Florida Agricultural Museum,1850 Princess Place Rd,Palm Coast,FL,32137,29.65001,-81.25267
Detroit Arsenal of Democracy Museum,27400 Campbell Rd,Warren,MI,48093,42.49664,-83.01457
African American Heritage Museum,2200 Fairmount Ave,Atlantic City,NJ,08401,39.360382,-74.440956
Loln County Museum,133 Federal St,Wiscasset,ME,04578,44.011223,-69.66165
Robert W Willaford Railroad Museum,102 N Palmer St,Plant City,FL,33563,28.015625,-82.12227
Fort Pitt Museum,601 Commonwealth Pl,Pittsburgh,PA,15222,40.44114,-80.00704
Grantsburg Historical Museum,133 W Wisconsin Ave,Grantsburg,WI,54840,45.776443,-92.68278
Overfield Tavern Museum,201 E Water St,Troy,OH,45373,40.039818,-84.20036
Cedarmere Museum,225 Bryant Ave,White Plains,NY,10605,41.020924,-73.74836
Tupelo Auto Museum,1 Otis Dr,Tupelo,MS,38804,34.259396,-88.69619
Bailey-Matthews Shell Museum,3075 Sanibel Captiva Rd,Sanibel,FL,33957,26.439295,-82.09694
Linn County Museum,615 1st Ave SE,Cedar Rapids,IA,52401,41.981514,-91.66352
The Newark Museum of Art,49 Washington St,Newark,NJ,07102,40.742706,-74.17148
Davenport House Museum,323 E Broughton St,Savannah,GA,31401,32.077824,-81.08829
Grant County Historical Museum,101 S Canyon City Blvd,Canyon City,OR,97820,44.389538,-118.949905
Fort King George Museum,302 McIntosh Rd SE,Darien,GA,31305,31.36488,-81.41704
Shattuck Windmill Museum & Park,1100 S Main St,Shattuck,OK,73858,36.265755,-99.88135
Railroad Memories Museum,424 N Front St,Spooner,WI,54801,45.82502,-91.887596
Akta Lakota Museum,115 W Lawler Ave,Chamberlain,SD,57325,43.811066,-99.33098
Boldman House Museum,410 N Frist St,Dayton,WA,99328,46.3215,-117.9402
The Harrisburg Area Museum,490 Smith St,Harrisburg,OR,97446,44.27219,-123.16829
Robbins Museum,17 Jackson St,Middleboro,MA,02346,41.89277,-70.90717
Glenrock Deer Creek Museum,935 W Birch St,Glenrock,WY,82637,42.861336,-105.882965
Big Well Museum,315 S Sycamore St,Greensburg,KS,67054,37.603447,-99.29433
Mashpee Wampanoag Indian Museum,414 Main St,Mashpee,MA,02649,41.64927,-70.48554
Health World Children's Museum,1301 S Grove Ave Ste 160,Barrington,IL,60010,42.134636,-88.13268
Newton History Museum At,1000 Commonwealth Ave,Newton,MA,02459,42.338406,-71.20706
Great Blacks in Wax Museum,1601 E North Ave,Baltimore,MD,21213,39.31203,-76.59707
Devos Art Museum,1401 Presque Isle Ave,Marquette,MI,49855,46.556866,-87.39605
Museum of Neon Art,216 S Brand Blvd,Glendale,CA,91204,34.14375,-118.25477
Rose O'Neill Museum,4144 S Lone Pine Ave,Springfield,MO,65804,37.137085,-93.2376
Cass Lake Museum,325 Lyle Chisholm Dr,Cass Lake,MN,56633,47.38218,-94.60804
Brewster Historical Society Museum,739 Lower Rd,Brewster,MA,02631,41.76163,-70.087685
American Air Power Museum,1300 New Hwy,Farmingdale,NY,11735,40.737427,-73.41275
Legacy Museum,115 Coosa St,Montgomery,AL,36104,32.379837,-86.31004
Coal Miners Daughter Museum,44 Hurricane Mills Rd,Hurricane Mills,TN,37078,35.97753,-87.76335
Calvin B Taylor House Museum,208 N Main St,Berlin,MD,21811,38.327633,-75.22049
Kenosha County Historical Museum,220 51st Pl,Kenosha,WI,53140,42.589043,-87.81454
Messenger Museum,Nationway & Crook Ave,Cheyenne,WY,82001,41.1423,-104.7963
Iowa Quilt Museum,68 E Court Ave,Winterset,IA,50273,41.334354,-94.013824
American Wings Air Museum,2141 Rhode Island Ave N,Minneapolis,MN,55427,45.001827,-93.37789
Cobden Museum,206 N Front St,Cobden,IL,62920,37.53359,-89.25343
Cole County Historical Museum,109 Madison St,Jefferson City,MO,65101,38.577824,-92.16892
Hugh Moore Park & Museum,30 Centre Sq Ste 2,Easton,PA,18042,40.691006,-75.20963
Richard Wall Hause Museum,8128 Old York Rd,Elkins Park,PA,19027,40.077007,-75.127594
Crook County Museum District,109 S 3rd St,Sundance,WY,82729,44.40462,-104.37874
Children's Natural History Museum,4074 Eggers Dr,Fremont,CA,94536,37.551987,-121.99656
Glendive Dinosaur and Fossil Museum,139 State St,Glendive,MT,59330,47.124672,-104.69227
Titanic Museum-Branson,714 State Highway 248,Branson,MO,65616,36.66311,-93.22783
Goldwell Open Air Museum,Highway 374,Beatty,NV,89003,36.9073,-116.7623
Westwood Museum,311 Ash St,Westwood,CA,96137,40.303074,-121.00075
Fire Museum of Texas,400 Walnut St,Beaumont,TX,77701,30.08613,-94.09865
Culbertson Museum,Us Highway 2 East,Culbertson,MT,59218,48.14883,-104.51798
Morrow County Museum,444 N Main St,Heppner,OR,97836,45.35669,-119.55321
Emmet Till Museum Ethic,33 Thomas St,Glendora,MS,38928,33.82851,-90.292
Dixon Telegraph Museum,113 S Peoria Ave Ste 1,Dixon,IL,61021,41.842693,-89.48537
Walter E David Wildlife Museum,1501 Lake Rd,Dyersburg,TN,38024,36.047054,-89.39317
Arizona Memorial Museum,99-1444 Koaha Pl,Aiea,HI,96701,21.371832,-157.90256
Nethercutt Museum,15151 Bledsoe St,Sylmar,CA,91342,34.307102,-118.46355
Hanover Fire Museum,241 N Franklin St,Hanover,PA,17331,39.8025,-76.98775
Hornby School Museum,10000 Station Rd,North East,PA,16428,42.116467,-79.86686
Pacific Coast Air Museum,2200 Airport Blvd,Santa Rosa,CA,95403,38.511124,-122.80474
Alfalfa County Museum,117 W Main St,Cherokee,OK,73728,36.75788,-98.35813
OSU Museum of Art,720 S Husband St,Stillwater,OK,74074,36.115463,-97.05977
Lisle Station Museum,921 School St,Lisle,IL,60532,41.799637,-88.070946
Fenimore Art Museum,5798 State Highway 80,Cooperstown,NY,13326,42.715904,-74.92819
The History Museum at the Castle,330 E College Ave,Appleton,WI,54911,44.26194,-88.40212
Memorial Hall Museum,8 Memorial St,Deerfield,MA,01342,42.54335,-72.60284
Keep Homestead Museum,35 Ely Rd,Monson,MA,01057,42.09846,-72.32243
Sanford Museum,520 E 1st St,Sanford,FL,32771,28.811773,-81.26368
Wings of Honor Museum,70 Beacon Rd,Walnut Ridge,AR,72476,36.124126,-90.927475
Rocky Flats Cold War Museum,5612 Yukon St,Arvada,CO,80002,39.79998,-105.08239
Kansas Regional Prisons Museum,115 E Kansas St,Lansing,KS,66043,39.249615,-94.89869
Herzstein Memorial Museum,22 S 2nd St,Clayton,NM,88415,36.45153,-103.18291
Sparks Heritage Museum,820 Victorian Ave,Sparks,NV,89431,39.53502,-119.75354
Hcmc History Museum,701 Park Ave,Minneapolis,MN,55415,44.972656,-93.26264
Little Buckeye Children's Museum,44 4th St,Shelby,OH,44875,40.884266,-82.65164
Pennsylvania Fly Fishing Museum,101 Shady Ln,Carlisle,PA,17013,40.224808,-77.14944
History Museum on the Square,154 Park Central Sq,Springfield,MO,65806,37.209488,-93.29207
Woodruff Civil War Museum,202 4th St,Columbus,GA,31901,32.452045,-84.990234
Remsen Heritage Museum,231 S Washington St,Remsen,IA,51050,42.814342,-95.97314
Alexandria Museum of Art,8100 Highway 71 S,Alexandria,LA,71302,31.177422,-92.4176
Masonic Museum,6033 Masonic Dr,Columbia,MO,65202,39.0187,-92.310005
Jimmie Rodgers Museum,1725 Jimmie Rogers Dr,Meridian,MS,39307,32.374313,-88.7185
Reading Public Museum & Art Gallery,500 Museum Rd,Reading,PA,19611,40.32801,-75.94934
Museum of Northwest Colorado,221 W Victory Way,Craig,CO,81625,40.51436,-107.54995
Overton County Historical Museum,318 W Broad St,Livingston,TN,38570,36.38335,-85.32556
Cle Elum Telephone Museum,221 E 1st St,Cle Elum,WA,98922,47.19476,-120.935936
Heartland Ford Museum,6512 Shelby 150,Bethel,MO,63434,39.942745,-91.98061
Children's Museum of Houston,1500 Binz St,Houston,TX,77004,29.72283,-95.38495
Historical & Museum Commission,2 Eckley Main St,Weatherly,PA,18255,40.995506,-75.85609
Marshall County Museum,314 5th St,Lacon,IL,61540,41.02462,-89.410736
Midvale City Museum,7697 S Main St,Midvale,UT,84047,40.611305,-111.91009
Fort Leavenworth Museum Gift Shop,100 Reynolds Ave,Fort Leavenworth,KS,66027,39.348637,-94.918365
Barnum Museum,820 Main St,Bridgeport,CT,06604,41.175915,-73.18831
Molly Brown House Museum,1340 N Pennsylvania St,Denver,CO,80203,39.737507,-104.9809
Museum of Historic Torture Devices,305 Broadway,Wisconsin Dells,WI,53965,43.627777,-89.773384
Saugatuck-Douglas Museum,735 Park St,Saugatuck,MI,49453,42.660667,-86.206955
Colorado Ski Museum Resource Center,13401 W 43rd Dr,Golden,CO,80403,39.775818,-105.15093
Sharpsteen Museum Association House,1317 Washington St,Calistoga,CA,94515,38.578815,-122.58031
Millican Pictorial History Museum,35 E Catawba St,Belmont,NC,28012,35.243923,-81.036385
Oregon Air and Space Museum,90377 Boeing Dr,Eugene,OR,97402,44.114986,-123.21201
City of Florence Arts & Museums,601 Riverview Dr,Florence,AL,35630,34.793156,-87.68071
Tucson Desert Art Museum,7000 E Tanque Verde Rd,Tucson,AZ,85715,32.25057,-110.84287
Zuckerman Museum of Art,492 Prillaman Way NW,Kennesaw,GA,30144,34.041504,-84.582954
American Sign Museum,1330 Monmouth St,Cincinnati,OH,45225,39.143387,-84.53951
S P I H Museum,124 W Main St,Thorntown,IN,46071,40.129257,-86.60688
Noyes Museum Service,4646 Arrowhead Rd,Richmond,VA,23235,37.55778,-77.54093
Fabyan Villa Museum,1511 S Batavia Ave,Geneva,IL,60134,41.871128,-88.31273
Warner Museum-Concord Historical,98 E Main St,Springville,NY,14141,42.508705,-78.663574
Hume' Carnegie Museum,901 Washington St,Mendota,IL,61342,41.547974,-89.12333
Mattie McGlothen Library Museum,253 Gertrude Ave,Richmond,CA,94801,37.954185,-122.36735
Rourke Art Gallery Museum,521 Main Ave,Moorhead,MN,56560,46.873688,-96.77134
Museum of Light & Sound,3442 State Route 221,Marathon,NY,13803,42.440952,-76.04734
Barbed Wire Museum,120 W 1st St,La Crosse,KS,67548,38.52449,-99.30978
Wabash County Historical Museum,36 E Market St,Wabash,IN,46992,40.797127,-85.81999
San Gabriel Mission and Museum,428 S Mission Dr,San Gabriel,CA,91776,34.09711,-118.10821
Stagecoach Inn Museum Complex,51 S Ventu Park Rd,Newbury Park,CA,91320,34.176266,-118.91129
The Lewis and Clark Trail Museum,102 Indiana Ave,Alexander,ND,58831,47.845215,-103.641365
Illinois State Museum,10956 N Dickson Mounds Rd,Lewistown,IL,61542,40.349854,-90.11529
National Museum-Catholic Art,3003 Van Ness St NW,Washington,DC,20008,38.943295,-77.06201
Erwin H Weder Museum,600 13th St,Highland,IL,62249,38.737164,-89.68381
Utah Firefighters Museum,444 Quirk St,Grantsville,UT,84029,40.58615,-112.45691
Sherman House Museum,137 E Main St,Lancaster,OH,43130,39.713825,-82.6004
Telfair Museums Jepson Center,207 W York St,Savannah,GA,31401,32.078316,-81.09549
Follett House Museum,404 Tiffin Ave,Sandusky,OH,44870,41.450138,-82.72239
Rubin Museum of Art,142 W 17th St,New York,NY,10011,40.739906,-73.997314
Madigan's Movie Museum,2100 Senseny Rd,Winchester,VA,22602,39.165253,-78.11324
Seven Springs Museum-Bodiford,4355 Marietta St,Powder Springs,GA,30127,33.85932,-84.68094
Wrightsville Historical Museum,309 Locust St,Wrightsville,PA,17368,40.026215,-76.53253
Polk County Museum,120 W Main St,Balsam Lake,WI,54810,45.453407,-92.45403
LSU Museum of Natural Science,112 Thomas Boyd,Baton Rouge,LA,70803,30.4124,-91.1822
Gulf Shores Museum,244 W 19th Ave,Gulf Shores,AL,36542,30.272629,-87.6896
Tiffin Glass Museum,25 S Washington St,Tiffin,OH,44883,41.11669,-83.17671
Mullan Museum,229 Earle Ave,Mullan,ID,83846,47.470604,-115.800644
Marilyn Horne Museum,300 Campus Dr,Bradford,PA,16701,41.947655,-78.66938
Menahga Historical Society & Museum,320 Helsinki Blvd SE,Menahga,MN,56464,46.749622,-95.09484
Museum of Northwest Colorado,595 Ledford St,Craig,CO,81625,40.515724,-107.55898
Brooklyn Childrens Museum,1 John St,Brooklyn,NY,11201,40.704586,-73.98731
Old Sandown Depot Railroad Museum,1 Depot Rd,Sandown,NH,03873,42.928337,-71.18687
Port Republic Museum,8691 Water St,Port Republic,VA,24471,38.295628,-78.81077
White County Heritage Museum,144 S Main St,Sparta,TN,38583,35.923416,-85.46486
Englewood Area Historical Museum,1394 Old Englewood Rd,Englewood,FL,34223,26.9901,-82.369194
Grand Rapids Children's Museum,11 Sheldon Ave NE,Grand Rapids,MI,49503,42.963463,-85.667175
William Benton Museum of Art,245 Glenbrook Rd,Storrs Mansfield,CT,06269,41.809746,-72.253174
Neville Public Museum,210 Museum Pl,Green Bay,WI,54303,44.51802,-88.01873
Pacific Aviation Museum Pearl,9606 Aero Dr,San Diego,CA,92123,32.80851,-117.12209
Kids Work Children's Museum,11 S White St,Frankfort,IL,60423,41.49829,-87.849014
Cray Historical Home Museum,805 N 5th St,Atchison,KS,66002,39.569633,-95.11915
Chapman House Museum,82 6th St,Apalachicola,FL,32320,29.725817,-84.98696
Gen Sterling Price Museum,412 W Bridge St,Keytesville,MO,65261,39.434635,-92.93946
Christian Arts Museum,3221 Hamilton Ave,Fort Worth,TX,76107,32.75467,-97.36464
Agness Illahe Museum,34470 Agness Illahe Rd,Agness,OR,97406,42.55744,-124.063
Museum Trustee Association,211 E Lombard St,Baltimore,MD,21202,39.28771,-76.61165
Estes Park Museum,200 4th St,Estes Park,CO,80517,40.375095,-105.50445
North Louisiana Military Museum,201 Memorial Dr,Ruston,LA,71270,32.529373,-92.63382
Deer Isle Granite Museum,51 N Main St,Stonington,ME,04681,44.160164,-68.65895
Burbank Aviation Museum,Po Box 1215,Burbank,CA,91507,34.1879,-118.3234
Clawson Historical Museum,41 Fisher Ct,Clawson,MI,48017,42.5367,-83.14552
Aberdeen Historical Museum,18 Howard St,Aberdeen,MD,21001,39.51051,-76.16393
National Guard Museum-Volk Field,100 Independence Dr,Camp Douglas,WI,54618,43.926765,-90.261894
Jordan Schnitzer Museum of Art,1223 University Of Oregon,Eugene,OR,97403,44.042137,-123.07561
Barksdale Global Power Museum,88 Shreveport Rd,Barksdale Afb,LA,71110,32.502426,-93.68579
U.S. Southwest Soaring Museum,918 Route 66,Moriarty,NM,87035,35.00469,-106.0277
Mobile Carnival Museum,355 Government St,Mobile,AL,36602,30.688679,-88.04521
Farmers' Museum,5775 State Highway 80,Cooperstown,NY,13326,42.711884,-74.92877
Hastings Museum,1330 N Burlington Ave,Hastings,NE,68901,40.59991,-98.3919
Centerville-Colman Museum,13548 Centerville Rd,Chico,CA,95928,39.788208,-121.65563
Herritage Museum of Asian Art,211 W 23rd St,Chicago,IL,60616,41.850853,-87.633064
Robert Louis Stevenson Museum,1490 Library Ln,Saint Helena,CA,94574,38.507595,-122.469795
PA Historical Museum,602 Boalsburg Pike,Boalsburg,PA,16827,40.78196,-77.793755
Coggeshall Farm Museum,1 Colt Dr,Bristol,RI,02809,41.67324,-71.29736
Skinner Farm Museum & Village,1850 W State Road 32,Perrysville,IN,47974,40.059006,-87.50317
River of History Museum,531 Ashmun St,Sault Sainte Marie,MI,49783,46.496655,-84.34816
Miniature Museums-Merritt,402 Cranfield Rd,Mountain Home,AR,72653,36.381073,-92.31544
World War History & Art Museum,1395 Westwood Ave,Alliance,OH,44601,40.908684,-81.14368
Mason County Museum,427 W Railroad Ave,Shelton,WA,98584,47.213013,-123.10414
Wings Museum,7711 E Academy Blvd,Denver,CO,80230,39.720158,-104.895256
White Horse Museum & HRTG Village,Highway 20,Stuart,NE,68780,42.5652,-99.2159
Winterthur Museum,100 W 10th St,Wilmington,DE,19801,39.745735,-75.548615
Camera Heritage Museum,1 W Beverley St,Staunton,VA,24401,38.14962,-79.07284
Charlotte Trolley Museum,1507 Camden Rd,Charlotte,NC,28203,35.21527,-80.85627
Elbert County Museum,515 Comanche St,Kiowa,CO,80117,39.3467,-104.46441
Shanaman Sports Museum of Tacoma,2727 E D St,Tacoma,WA,98421,47.237785,-122.42866
Simpkins Military History Museum,605 E Cole St,Heyworth,IL,61745,40.313007,-88.96968
Heritage Museum,1367 US Highway 2 W,Libby,MT,59923,48.40132,-115.579994
Jic Holocaust Awareness Museum,10100 Jamison Ave,Philadelphia,PA,19116,40.101208,-75.02067
New Britain Industrial Museum,185 Main St,New Britain,CT,06051,41.66669,-72.78168
South Dakota Art Museum,1036 471st Ave,Brookings,SD,57006,44.514557,-96.78699
Gilroy Museum,195 5th St,Gilroy,CA,95020,37.007885,-121.57164
Merrillville History Museum,13 W 73rd Ave,Merrillville,IN,46410,41.485435,-87.33629
Rough and Tumble Engineers Museum,4997 Lincoln Hwy,Kinzers,PA,17535,39.99756,-76.05313
National Apple Museum,154 W Hanover St,Biglerville,PA,17307,39.928783,-77.25399
Folklife Museum,116 Gravel Pike,Green Lane,PA,18054,40.33876,-75.47194
Princeton University Art Museum,McCormick Hall,Princeton,NJ,08540,40.34659,-74.65787
Dupage Childrens Museum,2378 Fox Valley Ctr,Aurora,IL,60504,41.759274,-88.20961
Museums - Pearson House Museum,27112 102nd Dr NW,Stanwood,WA,98292,48.24291,-122.37198
Gospel Music Hall of Fame & Museum,18301 W Mcnichols Rd,Detroit,MI,48219,42.415363,-83.22162
Mazza Museum,1000 N Main St,Findlay,OH,45840,41.053696,-83.65025
Station Museum of Contemporary Art,1502 Alabama St,Houston,TX,77004,29.735102,-95.37561
Wheels of History Museum,6799 S M 221,Brimley,MI,49715,46.40677,-84.57211
Queens Museum,10808 Northern Blvd,Flushing,NY,11368,40.75766,-73.86046
Museum At Eldridge Street,594 Broadway,New York,NY,10012,40.72485,-73.99704
Aztalan Museum,N6284 County Road Q,Jefferson,WI,53549,43.072197,-88.86226
Museum of Conspiracy Theory,8960 Cynthia St,West Hollywood,CA,90069,34.087185,-118.38698
Museum of The City of Frankfort,325 Ann St,Frankfort,KY,40601,38.198418,-84.87582
Jane Voorhees Zimmerli Art Museum,71 Hamilton St,New Brunswick,NJ,08901,40.49954,-74.44649
Black History Museum,1237 E Main St,Carbondale,IL,62901,37.73099,-89.19175
City of Tonitown Museum,237 E Henri De Tonti Blvd,Springdale,AR,72762,36.17627,-94.233505
Todd County Historical Museum,333 Central Ave,Long Prairie,MN,56347,45.97402,-94.85981
Imperial Valley Desert Museum,11 Frontage Rd,Ocotillo,CA,92259,32.73268,-115.99505
Sedro Woolley Museum,725 Murdock St,Sedro Woolley,WA,98284,48.50439,-122.23656
Portland Alien Museum,2034 SW Vermont St,Portland,OR,97219,45.475906,-122.7008
San Francisco Jewelry Museum,888 Brannan St,San Francisco,CA,94103,37.77161,-122.40528
Ute Indian Museum,433 S 1st St,Montrose,CO,81401,38.479153,-107.87544
Lowell Area Historical Museum,325 W Main St,Lowell,MI,49331,42.93395,-85.34098
Great American Dollhouse Museum,344 Swope Dr,Danville,KY,40422,37.65041,-84.77887
Blessing Museum,201 Almeron Ave,Drayton,ND,58225,48.561855,-97.17905
West Baton Rouge Museum,845 N Jefferson Ave,Port Allen,LA,70767,30.460052,-91.20606
Deland Museum of Art,600 N Woodland Blvd,Deland,FL,32720,29.037369,-81.30387
Ouray County Historical Museum,420 6th Ave   Ouray   Co 81427,Ouray,CO,81427,38.02277,-107.67144
Dickenson Railroad Museum,218 Fm 517 Rd W,Dickinson,TX,77539,29.447666,-95.07988
Seattle Museum of Mysteries,623 Broadway E,Seattle,WA,98102,47.62501,-122.32113
Eastville Car Museum,395 Jerry Smith Dr,Watkinsville,GA,30677,33.85218,-83.39842
Hillsboro Museums,501 S Ash St,Hillsboro,KS,67063,38.347782,-97.20624
Bohemia Gold Mining Museum,308 N 10th St,Cottage Grove,OR,97424,43.79981,-123.05793
Surf Ballroom & Museum,460 N Shore Dr,Clear Lake,IA,50428,43.139713,-93.38999
American Museum-the Moving IMG,35 Ave At 36 St,Astoria,NY,11106,40.7623,-73.932
Grand Traverse Lighthouse Museum,15500 N Lighthouse Point Rd,Northport,MI,49670,45.210117,-85.54859
South County Museum,115 Strathmore St,Narragansett,RI,02882,41.437943,-71.46161
Royellou Museum,450 Royellou Ln,Mount Dora,FL,32757,28.800083,-81.64405
National Guard Memorial Museum,1 Massachusetts Ave NW,Washington,DC,20001,38.89782,-77.00954
Hudson Highlands Nature Museum,120 Muser Dr,Cornwall,NY,12518,41.423317,-74.03852
Laurent House Museum,4646 Spring Brook Rd,Rockford,IL,61114,42.299706,-89.024185
Staxx Museum Of American Soul Music,926 E Mclemore Ave,Memphis,TN,38106,35.115658,-90.03166
Asia Society and Museum,725 Park Ave,New York,NY,10021,40.769905,-73.96434
Florida International Museum,244 2nd Ave N,Saint Petersburg,FL,33701,27.773382,-82.6367
Bacons Castle Museum,465 Bacons Castle Trl,Surry,VA,23883,37.106564,-76.72357
Hillwood Museum,2500 Upton St NW,Washington,DC,20008,38.943394,-77.05513
Schiele Museum,913 Pryor St,Gastonia,NC,28052,35.273373,-81.19246
Dane G. Hansen Memorial Museum,110 W Main St,Logan,KS,67646,39.66152,-99.56799
The Mexican Museum,649 Mission St,San Francisco,CA,94105,37.786964,-122.40087
Museum of Moab,118 E Center St,Moab,UT,84532,38.573143,-109.548355
Owyhee County Museum & Library,17085 Basey St,Murphy,ID,83650,43.217213,-116.55221
Ncsg Art Museum,2110 Blue Ridge Rd,Raleigh,NC,27607,35.810047,-78.70532
St Louis Art Museum,1008 Sherwood Dr,London,KY,40741,37.12458,-84.09689
Bartlett Museum,270 S Main St,Seabrook,NH,03874,42.868896,-70.83799
Museum Bookshop,275 Panama St,Stanford,CA,94305,37.429104,-122.17813
Music & Railroad Museum,500 Madison Station Blvd,Madison,TN,37115,36.2702,-86.6983
Manchester History Museum,175 Pine St,Manchester,CT,06040,41.767754,-72.53012
Imagine Museum,1901 Central Ave,Saint Petersburg,FL,33713,27.771223,-82.659065
Fort Jones Museum,11913 Main St,Fort Jones,CA,96032,41.60699,-122.84209
Bluegrass Railroad Museum,175 Beasley Rd,Versailles,KY,40383,38.04622,-84.758865
Syracuse-Wawasee Historical Museum,1013 N Long Dr,Syracuse,IN,46567,41.430515,-85.75033
Highland Maple Museum,61 Highlands Ct,Monterey,VA,24465,38.402,-79.59323
Brockelbank Museum,108 E Main St,Georgetown,MA,01833,42.72017,-70.98567
Shafer Museum,285 Castle Rd,Winthrop,WA,98862,48.476784,-120.18136
Housatonic River Museum,255 North St,Pittsfield,MA,01201,42.45258,-73.25305
Patricia & Phillip Frost Art Museum,10975 SW 17th St,Miami,FL,33199,25.753016,-80.37347
Museum of the American Revolution,101 S 3rd St,Philadelphia,PA,19106,39.948162,-75.145935
Robert C Williams America Museum,500 10 Street Atl,Atlanta,GA,30303,33.7537,-84.3897
B & O Railroad Museum,901 W Pratt St,Baltimore,MD,21223,39.285625,-76.632904
Louisiana 4-H Museum,8592 Highway 1,Mansura,LA,71350,31.061481,-92.039986
National Czech & Slovak Museum,340 Edgewood Rd NW,Cedar Rapids,IA,52405,41.97463,-91.71612
Marion Area Historical Museum,505 20 Mile Rd,Marion,MI,49665,44.102364,-85.0979
The Bruce Museum,1 Museum Dr,Greenwich,CT,06830,41.019146,-73.623344
Midway Village & Museum,6799 Guilford Rd,Rockford,IL,61107,42.282276,-88.9839
El Pueblo History Museum,301 N Union Ave,Pueblo,CO,81003,38.267258,-104.61022
Amherst County Historical Museum,154 S Main St,Amherst,VA,24521,37.58631,-79.05175
Pioneer Daughters Museum,Po Box 224,Fort Totten,ND,58335,47.98,-98.9925
KS Aviation Museum Incorporated,3350 S George Washington Blvd,Wichita,KS,67210,37.63243,-97.27389
Legacy Museum Consulting,1747 Newton Rd,Pueblo,CO,81005,38.219475,-104.907104
International Banana Club Museum,16367 Main St,Hesperia,CA,92345,34.421986,-117.3056
Roslyn Museum,203 N Pennsylvania Ave,Cle Elum,WA,98922,47.19521,-120.93852
Eureka Sentinel Museum,10 Spring St,Eureka,NV,89316,39.51292,-115.959984
Bates College Museum of Art,75 Sea Beach Dr,Jay,ME,04239,44.524,-70.2118
Elmhurst Historical Museum,120 E Park Ave,Elmhurst,IL,60126,41.89913,-87.93891
Hodgden House Museum Complex,104 W South Main St,Ellsworth,KS,67439,38.72827,-98.23254
Boundy's Nascar Museum,34 Barnstead Dr,Springville,NY,14141,42.507877,-78.68717
Jeffcoat Photography Studio Museum,321 N Broadway St,Abilene,KS,67410,38.917637,-97.21553
Childrens Museum,120 Finderne Ave Ste 13,Bridgewater,NJ,08807,40.5686,-74.57613
Carpenter Museum,4 Locust Ave,Rehoboth,MA,02769,41.84015,-71.251785
John Wesley Powell Museum,6 S Lake Powell Blvd,Page,AZ,86040,36.918606,-111.45977
Matthews Farm Museum,476 White Pine Rd,Galax,VA,24333,36.6244,-80.95296
Neshoba County Historical Museum,303 Water Ave S,Philadelphia,MS,39350,32.77076,-89.11477
Lake County Outdoor Museum,1900 N 4th St Lake County,Lakeview,OR,97630,42.2595,-120.5102
Gatekeeper's Museum,130 W Lake Blvd,Tahoe City,CA,96145,39.16625,-120.14379
Peekskill Museum,124 Union Ave,Peekskill,NY,10566,41.288975,-73.92109
Walters Art Museum,2175 Druid Park Dr,Baltimore,MD,21211,39.331207,-76.65083
Market House Museum,100 Market House Sq,Paducah,KY,42001,37.08772,-88.59525
Museum of Polish Art & Culture,2025 O St NW,Washington,DC,20036,38.908714,-77.046295
Iowa Fire Museum,1122 2nd St,Perry,IA,50220,41.83888,-94.105034
Badin Museum,60 Falls Rd,Badin,NC,28009,35.40467,-80.113014
Creative Discovery Museum,321 Chestnut St,Chattanooga,TN,37402,35.05309,-85.312
Rheinberger House Museum,980 S Bluff St,Nauvoo,IL,62354,40.542965,-91.38376
Children's Museum of Siouxland,306 Virginia St,Sioux City,IA,51101,42.49342,-96.39764
Wyoming Historical Museum,PO Box 76,Wyoming,IA,52362,42.0591,-91.0054
Hartwick Pines Logging Museum,4216 Ranger Rd,Grayling,MI,49738,44.74373,-84.64902
Florida Museum Of Natural History,3215 Hull Rd,Gainesville,FL,32611,29.637518,-82.36964
Page Farm & Home Museum Umo,5787 Museum Barn,Orono,ME,04469,44.9015,-68.6677
Eicher Indian Museum & Shop,407 N State St,Ephrata,PA,17522,40.1822,-76.17077
Five Oaks Museum,17677 NW Springville Rd,Portland,OR,97229,45.56317,-122.85847
Hall of Heroes Super Hero Museum,58005 County Road 105,Elkhart,IN,46517,41.651817,-85.994576
Applegate Pioneer Museum,7th Broadway,Veneta,OR,97487,44.0137,-123.3766
Museum-Culture and Environment,400 E University Way,Ellensburg,WA,98926,46.9996,-120.54434
African American Museum and Library,659 14th St,Oakland,CA,94612,37.806145,-122.27619
Seashore Trolley Museum,195 Log Cabin Rd,Kennebunkport,ME,04046,43.4074,-70.49007
Clark County Historical Museum,750 S 5th St # 1,Arkadelphia,AR,71923,34.11567,-93.052376
Mills County Historical Museum,20 Lake Dr,Glenwood,IA,51534,41.047966,-95.73384
Hawthorne Ordnance Museum,PO Box 1512,Hawthorne,CA,90251,33.9146,-118.3477
Railroad Museum of Long Island,Railroad Ave,Riverhead,NY,11901,40.919895,-72.664734
Sc Railroad Museum,1700 Alta Vista Dr,Columbia,SC,29223,34.053673,-80.98347
Nhra Motorsports Museum,2035 E Financial Way,Glendora,CA,91741,34.12907,-117.82604
Thomas Sappington House Museum,1015 S Sappington Rd,Saint Louis,MO,63126,38.564068,-90.38459
US Southwest Soaring Museum,918 E Old Highway 66,Moriarty,NM,87035,35.04031,-106.13937
Museum of Automobiles,8 Jones Ln,Morrilton,AR,72110,35.1295,-92.890945
Museum Professional Services,N5863 Hickory Hill Dr,Sullivan,WI,53178,43.05692,-88.601074
American Friends-Israel Museum,545 5th Ave,New York,NY,10017,40.755226,-73.9794
Enfield Historical Society Museum,1047 Nh Route 4a,Enfield Center,NH,03749,43.59,-72.1113
Daughters of Utah Pioneers Museum,440 E 22nd St,Ogden,UT,84401,41.22706,-111.96909
Historical Museum & Art Center,505 W Richardson Ave,Artesia,NM,88210,32.83985,-104.40252
Museum of the Aleutians,748 Ballyhoo Rd,Unalaska,AK,99685,53.906425,-166.52129
Southern Alleghenies Museum,1 Franciscan Way,Loretto,PA,15940,40.502026,-78.63742
Living Computer Museum,2245 1st Ave S,Seattle,WA,98134,47.58362,-122.33442
Museum of the Alphabet,6409 Davis Rd,Waxhaw,NC,28173,34.86543,-80.74141
Jensen Arctic Museum,590 Church St W,Monmouth,OR,97361,44.852077,-123.24297
Aviation Museum of New Hampshire,27 Navigator Rd,Londonderry,NH,03053,42.928665,-71.428276
Judy Garland Museum,PO Box 724,Grand Rapids,MN,55744,47.2373,-93.5303
Academy of Model Aeronautics Museum,5151 E Memorial Dr,Muncie,IN,47302,40.17839,-85.326805
Hagerstown Roundhouse Museum,296 S. Burhans Blvd,Hagerstown,MD,21741,39.6443,-77.73366
University Museum Collections,2435 N Hatch Ave,Fayetteville,AR,72704,36.096245,-94.1795
Deltaville Maritime Museum,287 Jackson Creek Rd,Deltaville,VA,23043,37.55146,-76.325935
Wrangell Museum,296 Brueger St,Wrangell,AK,99929,56.46981,-132.38219
Wilder Laura Ingalls Home & Museum,3060 Highway A,Mansfield,MO,65704,37.0999,-92.566216
Johnson's Island Museum & Info,3416 Columbus Ave,Sandusky,OH,44870,41.418427,-82.689255
The Herndon Home Museum,587 University Pl NW,Atlanta,GA,30314,33.75549,-84.40689
Schmk Memorial Museum,128 S E St,Lakeview,OR,97630,42.187935,-120.34508
Iowa Aviation Museum,2251 Airport Rd,Greenfield,IA,50849,41.324963,-94.44336
Seattle Sutton Marseilles Museum,151 Washington St,Marseilles,IL,61341,41.328735,-88.70639
Staley Museum,1545 Casey Ct,Pullman,WA,99163,46.729607,-117.20699
Kit Carson Museum,202 W Hwy. 40/287,Kit Carson,CO,80825,38.761112,-102.78936
Alternative Museum,32 W 82nd St,New York,NY,10024,40.782993,-73.972275
Kanab Heritage Museum,13 S 100 E,Kanab,UT,84741,37.047775,-112.52632
"Winterthur Museum, Garden & Library",5105 Kennett Pike,Wilmington,DE,19807,39.80675,-75.61245
Louisiana Museum Foundation,619 Saint Peter St,New Orleans,LA,70116,29.957888,-90.06434
Kansas Underground Salt Museum,3504 E Avenue G,Hutchinson,KS,67501,38.043163,-97.86924
Frederick Douglass Museum,320 A St NE,Washington,DC,20002,38.891068,-77.00111
Second Avenue Museum,119 3rd Ave S,Nashville,TN,37201,36.16087,-86.7757
Fort Whipple Museum,500 N State Route 89,Prescott,AZ,86313,34.5495,-112.4496
Belair Stable Museum,2835 Belair Dr,Bowie,MD,20715,38.965374,-76.74271
Massachusetts Air & Space Museum,200 Hanscom Dr,Bedford,MA,01730,42.462936,-71.29089
Blaine County Museum,501 Indiana St,Chinook,MT,59523,48.590775,-109.231316
Alaska Law Enforcement Museum,245 W 5th Ave,Anchorage,AK,99501,61.217705,-149.88628
Wright Zoological Museum,32 Campus Dr,Missoula,MT,59812,46.864883,-113.98344
Museum of York County,4621 Mt Gallant Rd,Rock Hill,SC,29732,35.010933,-81.05891
Monroe County Labor History Museum,41 W Front St,Monroe,MI,48161,41.916416,-83.3984
Stockton Field Aviation Museum,7430 C E Dixon St,Stockton,CA,95206,37.89066,-121.24273
American Music Museum Inc,128 Circle Dr,Thomasville,NC,27360,35.90384,-80.069824
Marial Museum of Sacred Art,400 San Juan Dr,Ponte Vedra Beach,FL,32082,30.228327,-81.380226
American Museum of Fly Fishing,4070 Main St,Manchester,VT,05254,43.167866,-73.067444
Toad Hall Classic Car Museum,288 Scudder Ave,Hyannis,MA,02601,41.64054,-70.30297
West End Museum,150 Staniford St Ste 7,Boston,MA,02114,42.364014,-71.06361
Denver Art Museum Hldngs,414 14th St,Denver,CO,80202,39.741447,-104.992424
Belton Area Museum Association,100 N Main St,Belton,SC,29627,34.522076,-82.493645
Geppi's Entertainment Museum,301 W Camden St,Baltimore,MD,21201,39.285027,-76.62198
Old Library Museum,40 E 3rd St,Historic New Castle,DE,19720,39.66062,-75.56376
Hamilton Co Historical Museum,501 1st Ave NE,Jasper,FL,32052,30.522255,-82.946236
American Museum of The Moving Image,3601 35th Ave,Astoria,NY,11106,40.756268,-73.92417
Attleboro Area Industrial Museum,42 Union St  No. 2,Attleboro,MA,02703,41.943,-71.2818
A Phimister Proctor Museum,37554 Vista Key Dr NE,Hansville,WA,98340,47.907234,-122.58836
Wilder Memorial Museum,123 W Mission St,Strawberry Point,IA,52076,42.68379,-91.53527
Lewelling Quaker Museum,401 S Main St,Salem,IA,52649,40.85096,-91.621574
Fleming Museum of Uvm,61 Colchester Ave,Burlington,VT,05405,44.480545,-73.19727
Beauregard Museum,200 S Jefferson St,Deridder,LA,70634,30.84549,-93.28611
Milan 1954 Hoosiers Museum,201 W Carr St,Milan,IN,47031,39.12286,-85.1324
El Cazador Museum,10329 Freeland Ave,Grand Bay,AL,36541,30.474771,-88.34224
Christian Petersen Art Museum,1017 Morrill Hall,Ames,IA,50011,42.027,-93.6409
Paulson House Museum,N6915 Autrain Forest Lake Rd,Au Train,MI,49806,46.410164,-86.84998
Zion Union Heritage Museum,276 North St,Hyannis,MA,02601,41.651073,-70.29253
Contemporary Art Museum,409 W Martin St,Raleigh,NC,27603,35.776997,-78.64539
Burnett-Eaton Museum Foundation,410 N 7th St,Wilmington,NC,28401,34.24112,-77.94082
Miami Military Museum & Memorial,12460 Sw 152nd St Miami,Miami,FL,33186,25.6587,-80.4065
Richard M Ross Art Museum,60 S Sandusky St,Delaware,OH,43015,40.297092,-83.06809
Whatcom Museum of History and Art,121 Prospect St,Bellingham,WA,98225,48.752155,-122.48123
Old Courthouse Museum,320 S 5th Ave,West Bend,WI,53095,43.4202,-88.18255
Red Skelton Museum,20 W Red Skelton Blvd,Vincennes,IN,47591,38.689335,-87.51662
Univ-Md Living History Museum,655 W Lombard St Room 490,Baltimore,MD,21201,39.28729,-76.62517
USS Constitution Museum,28 Constitution Rd,Charlestown,MA,02129,42.371986,-71.05985
"Winterthur Museum, Garden & Library",5105 Kennett Pike,Winterthur,DE,19735,39.8061,-75.5996
Wichita Art Museum,1400 W Museum Blvd,Wichita,KS,67203,37.694355,-97.35582
Wings Over Miami Air Museum,14710 SW 128th St,Miami,FL,33186,25.648968,-80.4313
Monticello Railway Museum,992 Iron Horse Pl,Monticello,IL,61856,40.05419,-88.55945
Old Trail Museum,823 Main Ave N,Choteau,MT,59422,47.81836,-112.18807
Pearson Museum,801 N Rutledge St,Springfield,IL,62702,39.81045,-89.65752
Paso Robles Childrens Museum,2433 Winding Brook Rd,Paso Robles,CA,93446,35.601395,-120.64202
Utzman-Chambers House Museum,114 S Jackson St,Salisbury,NC,28144,35.66877,-80.47284
Hendricks Hill Museum,419 Hendricks Hill Rd,Southport,ME,04576,43.82434,-69.67496
Shiloh Battlefield Museum,1115 Highway 22 S,Shiloh,TN,38376,35.090805,-88.3819
Wisconsin Automotive Museum,147 N Rural St,Hartford,WI,53027,43.3203,-88.381096
Roniger Memorial Museum,315 State St,Cottonwood Falls,KS,66845,38.371704,-96.5439
Aldrich Museum-Contemporary,1975 NW 167th Pl,Beaverton,OR,97006,45.533905,-122.84866
Science Museums of Wilson,224 Nash St S,Wilson,NC,27893,35.724648,-77.91012
Sandusky Childrens Museum,133 E Market St,Sandusky,OH,44870,41.456505,-82.711174
Redwood County Museum,913 W Bridge St,Redwood Falls,MN,56283,44.541557,-95.13343
Vernon P Saxon Aerospace Museum,26922 20 Mule Team Rd,Boron,CA,93516,34.99967,-117.65437
Sonoma Valley Museum of Art,551 Broadway,Sonoma,CA,95476,38.290966,-122.45846
Smithsonian National Museum,1 Bowling Grn,New York,NY,10004,40.704414,-74.01405
Lansing Historical Museum,2750 Indiana Ave,Lansing,IL,60438,41.56587,-87.55024
Carbon Hill School Museum,875 N 2nd St,Coal City,IL,60416,41.298004,-88.29698
Beardstown Loln Museum,101 W 3rd St,Beardstown,IL,62618,40.016434,-90.43386
Apple Valley Legacy Museum,20601 Us Highway 18,Apple Valley,CA,92307,34.521744,-117.21502
Sfo Sfmoma Museum Store,100 Sf Intl Airport,San Francisco,CA,94128,37.6227,-122.3959
Lighthouse Museum Flea Market,103 Berrigan Rd,Republican City,NE,68971,40.100895,-99.22104
Macedonian Museum,124 W Wayne St,Fort Wayne,IN,46802,41.07833,-85.139824
Museum of Aviation Foundation,1942 Heritage Blvd,Robins Afb,GA,31098,32.590775,-83.588104
Concord Historical Society Museum,Concord Town Hall,Concord,VT,05824,44.4302,-71.8792
Danbury Railway Museum Inc,120 White St,Danbury,CT,06810,41.39794,-73.45052
Glessner House Museum,1800 S Prairie Ave,Chicago,IL,60616,41.857803,-87.62096
Brandywine River Museum,1 Hoffman Mill Rd,Chadds Ford,PA,19317,39.87165,-75.59354
Mead Art Museum,41 Quadrangle Dr,Amherst,MA,01002,42.37159,-72.517624
Mary Vagle Museum & Nature Center,11501 Cypress Ave,Fontana,CA,92337,34.04545,-117.44435
Margaret Harwell Art Museum,421 N Main St,Poplar Bluff,MO,63901,36.76011,-90.39402
Delaware Museum of Natural History,4840 Kennett Pike,Wilmington,DE,19807,39.795013,-75.60712
Cody Park Railroad Museum,1402 N Jeffers St,North Platte,NE,69101,41.148933,-100.76065
Fred J Johnston Museum,63 Main St,Kingston,NY,12401,41.932384,-74.019516
Capitol Park Museum,660 N 4th St,Baton Rouge,LA,70802,30.45364,-91.18707
Messenger Old West Museum,616 Crook Ave,Cheyenne,WY,82001,41.13223,-104.78939
Bass Museum of Art,2121 Park Ave,Miami Beach,FL,33139,25.79754,-80.13036
Toppenish Museum,407 Jefferson Ave,Toppenish,WA,98948,46.377396,-120.31553
Evans City Museum,3720 Golden St,Evans,CO,80620,40.376987,-104.68867
Wadsworth Atheneum Museum of Art,600 Main St,Hartford,CT,06103,41.763584,-72.67386
HURON Lightship Museum,800 Prospect Pl,Port Huron,MI,48060,42.98953,-82.42691
Lower Ninth Ward Living Museum,1235 Deslonde St,New Orleans,LA,70117,29.964327,-90.0235
World's Largest Toy Museum,3609 W 76 Country Blvd,Branson,MO,65616,36.646236,-93.28754
Wings of the North Air Museum,14857 Pioneer Trl,Eden Prairie,MN,55347,44.833427,-93.4645
Volo Museum Auto Sales,27582 Volo Village Rd,Round Lake,IL,60073,42.326344,-88.17057
Jerauld County Pioneer Museum,105 Main St E,Wessington Springs,SD,57382,44.079254,-98.57063
Inland Empire Museum of Art,1334 N Benson Ave,Upland,CA,91786,34.11173,-117.680756
Museum Of American Folk Art,555 W 57th St,New York,NY,10019,40.770145,-73.99059
Ty Cobb Museum,355 Clear Creek Pkwy,Lavonia,GA,30553,34.43938,-83.13096
The National Museum,1145 Highbrook St Ste 308,Akron,OH,44301,41.05576,-81.52716
Manship House Museum,929 High St,Jackson,MS,39202,32.303932,-90.17579
Mineral County Museum,400 10th St,Hawthorne,NV,89415,38.532146,-118.62675
Savannah African Art Museum,201 E 37th St,Savannah,GA,31401,32.05621,-81.09743
Heritage Museum of Epirus,2514 Broadway,Astoria,NY,11106,40.76302,-73.927956
Fox River Trolley Museum,361 N La Fox St,South Elgin,IL,60177,41.997368,-88.29695
Museum Flight Aerial Firefighting,2534 Hiller Ln,Greybull,WY,82426,44.4256,-108.1674
Marconi Museum,18 N Amherst Rd,Bedford,NH,03110,42.943127,-71.521324
Bice Ferguson Memorial Museum,400 Pike St,Shinnston,WV,26431,39.395973,-80.30053
Oakes Museum,1 S College Ave,Grantham,PA,17027,40.1572,-76.9913
Ashbel Woodward House Museum,387 Route 32,North Franklin,CT,06254,41.606068,-72.137215
Museum of American Fencing,1413 Fairfield Ave,Shreveport,LA,71101,32.498867,-93.75226
Cushing House Museum,98 High St,Newburyport,MA,01950,42.806713,-70.8706
Franklin County Grge 1910 Museum,211 N Main St,Benton,IL,62812,37.998295,-88.92073
Greater Loveland Museum,201 N Riverside Ave,Loveland,OH,45140,39.270435,-84.26138
Medici Museum of Art,9350 E Market St,Warren,OH,44484,41.237137,-80.7243
Roanoke Pinball Museum,1 Market Sq SE,Roanoke,VA,24011,37.271652,-79.93862
Dey Mansion Museum,199 Totowa Rd,Wayne,NJ,07470,40.91515,-74.23295
Wolf's Museum of Mystery,46 Charlotte St,Saint Augustine,FL,32084,29.895077,-81.31187
Gardner House Museum,509 S Superior St,Albion,MI,49224,42.241962,-84.75282
John Ross Museum,22366 S 530 Rd,Park Hill,OK,74451,35.810055,-94.94984
Aq Ed Ctr-Museum,7313 Sharpsburg Pike,Boonsboro,MD,21713,39.515472,-77.74495
Susquehanna Art Museum,15 N 3rd St,Harrisburg,PA,17101,40.26116,-76.88102
Cranbrook Art Museum,39221 Woodward Ave,Bloomfield Hills,MI,48304,42.577248,-83.23961
Bernard Museum of Judaica,1 E 65th St,New York,NY,10065,40.76808,-73.97003
Thornton W Burgess Museum,4 Water St,Sandwich,MA,02563,41.75646,-70.49957
Discovery Museum Pal Camp,1 Pacific Lumber Camp Rd,Eureka,CA,95503,40.753918,-124.04814
Children's Museum of Brownsville,501 E Ringgold St,Brownsville,TX,78520,25.913048,-97.49447
Bootheel Youth Museum,700 N Douglass St,Malden,MO,63863,36.565872,-89.970535
Florida Surfing Museum,1400 Elizabeth Ave,West Palm Beach,FL,33401,26.69831,-80.064545
High Plains Womens Museum,207 N 28th St,Billings,MT,59101,45.783173,-108.5066
Madrid Old Coal Town Museum,2846 State Highway 14 N,Madrid,NM,87010,35.40559,-106.152374
Philadelphia Museum of Jewish Art,615 N Broad St,Philadelphia,PA,19123,39.96412,-75.16087
Bailey House Museum,2375A Main St,Wailuku,HI,96793,20.88628,-156.50684
Laconia Historical & Museum,695 N Main St,Laconia,NH,03246,43.52961,-71.471
City of Puxico Hist Museum,302 S Highway 51,Puxico,MO,63960,36.94829,-90.16057
Kitsap County Museum,280 4th St,Bremerton,WA,98337,47.565964,-122.62577
Central Idaho Historical Museum,1001 State St,McCall,ID,83638,44.909355,-116.109505
Whitehall Museum House,311 Berkeley Ave,Middletown,RI,02842,41.514286,-71.26862
Museum Of Southwestern Biology,1190 S Saint Francis Dr,Santa Fe,NM,87505,35.67147,-105.955215
Music Museum Alliance Institutions,1631 4th Ave N,Birmingham,AL,35203,33.514942,-86.81193
"Samuel, Ullman Museum",2150 15th Ave S,Birmingham,AL,35205,33.497726,-86.79017
Gateway Colorado Auto Museum,43200 Highway 141,Gateway,CO,81522,38.701027,-108.94745
Ensor Farmsite & Museum,18995 W 183rd St,Olathe,KS,66062,38.796413,-94.805046
Somerville Fire Museum,15 N Doughty Ave,Somerville,NJ,08876,40.57062,-74.61806
Nodaway Valley Historical Museum,1600 S 16th St,Clarinda,IA,51632,40.72292,-95.037766
Lake County Historical Museum,915 Michigan Ave,Baldwin,MI,49304,43.8983,-85.85178
Hancock Town Museum,42 W Main St,Hancock,MD,21750,39.699127,-78.17933
Hanford Carnegie Museum,109 E 8th St,Hanford,CA,93230,36.327637,-119.6456
Heritage Village Museum,1050 3rd Ave,Mountain Lake,MN,56159,43.93913,-94.92895
Shippen Manor Museum,8 Belvidere Ave,Oxford,NJ,07863,40.80421,-74.997375
The Children's Museum at Saratoga,65 S Broadway Ste 105,Saratoga Springs,NY,12866,43.064697,-73.78891
American Military Museum,109 W 2nd Ave,Gastonia,NC,28052,35.260525,-81.18279
Old Barracks Museum,101 Barrack St,Trenton,NJ,08608,40.219738,-74.76846
American Alliance of Museums,1575 I St NW Ste 400,Washington,DC,20005,38.901447,-77.035126
New Netherland Museum,153 S Pearl St,Albany,NY,12202,42.64513,-73.75532
Les Cheneaux Historical Museum,105 S Bay St,Cedarville,MI,49719,45.998848,-84.34784
Sheldon Jackson Museum,104 College Dr,Sitka,AK,99835,57.05039,-135.3232
Windsor Museum,6th Ash St,Windsor,CO,80550,40.4774,-104.9078
World of Scouting Museum,30030 Waller Spring Cir,Norristown,PA,19403,40.1424,-75.3887
Haffenreffer Museum of Anthropology,21 Prospect St,Providence,RI,02912,41.82625,-71.40442
Clarksville Regional Museum,801 West St,Clarksville,VA,23927,36.6227,-78.562355
Gibson House Museum,137 Beacon St,Boston,MA,02116,42.354782,-71.074295
Durango Discovery Museum,1333 Camino Del Rio,Durango,CO,81301,37.278316,-107.88019
Virginia Living Museum,1151 Tower Blvd,Lake Wales,FL,33853,27.915712,-81.56615
Tom & Oe Stigall Museum,705 N 9th Ave,Humboldt,TN,38343,35.82491,-88.921486
Foreign Affairs Museum Council,2401 Calvert St NW,Washington,DC,20008,38.923622,-77.05271
Akwesasne Museum,321 State Route 37,Hogansburg,NY,13655,44.978447,-74.693924
Museum of Ventura County,100 E Main St,Ventura,CA,93001,34.280758,-119.29922
Franklin Museum,187 N Main St,Cadiz,OH,43907,40.2738,-80.996216
Dublin Laurens Museum,311 Academy Ave,Dublin,GA,31021,32.53887,-82.90772
Carthage Civil War Museum,205 Grant St,Carthage,MO,64836,37.177544,-94.30985
City of Lauderhill Museum,1050 NW 47th Ave,Plantation,FL,33313,26.137033,-80.2125
History of Fishing Museum,225 N Wildwood Dr,Branson,MO,65616,36.640087,-93.26866
Amelia Park Children's Museum,29 S Broad St,Westfield,MA,01085,42.111916,-72.747986
Tongass Historical Museum,629 Dock St,Ketchikan,AK,99901,55.34239,-131.64348
Epps-Houts Museum,1540 County Road 451,Poplar Bluff,MO,63901,36.76922,-90.5595
Windsor Museum,100 N 5th St,Windsor,CO,80550,40.481426,-104.904236
Wild Wonderful King Vintage Museum,40680 Highway 41,Oakhurst,CA,93644,37.338398,-119.64474
Maramec Agriculture Museum,320 S Bourbeuse St,Saint James,MO,65559,37.99336,-91.61552
The University Museum,1000 Faner Dr,Carbondale,IL,62901,37.716755,-89.2186
Mentor Fire Museum,7262 Jackson St,Mentor,OH,44060,41.67332,-81.32761
Garfield County Museum,708 15th St,Pomeroy,WA,99347,46.471066,-117.59032
World Herritage Museum,1661 Airport Rd,Waterford,MI,48327,42.662064,-83.40622
Robbins Hunter Museum,221 Broad St,Newark,OH,43055,40.062706,-82.42608
Veterans Memorial Museum,920 Hillcrest Dr,Laurel,MS,39440,31.680498,-89.16393
Museum Digital Licensing Colle,41 E 11th St,New York,NY,10003,40.733345,-73.993065
Pioneer Florida Museum & Village,15602 Pioneer Museum Rd,Dade City,FL,33523,28.384954,-82.19188
Mustang Museum of America,49 Forman Farm Rd,Odenville,AL,35120,33.67155,-86.411865
Museum of Natural Sciences,12910 University Blvd,Sugar Land,TX,77479,29.595102,-95.64899
Kittitas County Historical Museum,114 E 3rd Ave,Ellensburg,WA,98926,46.994358,-120.546364
Voelker Orth Museum,14919 38th Ave,Flushing,NY,11354,40.76465,-73.81609
African Art Museum-Maryland,11711 E Market Pl Ste 2,Fulton,MD,20759,39.149048,-76.9073
E Bob Jackson Memorial Museum,1900 Block Malcolm Ave,Newport,AR,72112,35.5947,-91.2344
Kingman County Historical Museum,400 N Main St,Kingman,KS,67068,37.645412,-98.11302
Thompson Museum-Ellen Larned,339 Thompson Road Route 193,Thompson,CT,06277,41.9731,-71.8415
Mint Museum Uptown,500 S Tryon St,Charlotte,NC,28202,35.224133,-80.84771
100th Meridian Museum,PO Box 325,Cozad,NE,69130,40.8608,-99.9854
Wyalusing Valley Museum,Grovedale Lane,Wyalusing,PA,18853,41.660664,-76.25662
Billings Farm and Museum,5302 W Woodstock Rd,Woodstock,VT,05091,43.589687,-72.610374
R G Klein Stock Market Museum,22 Federal Ave NE,Massillon,OH,44646,40.797462,-81.52339
TigerMan Karate Dojo and Museum,3217 Lucibill Rd,Memphis,TN,38116,35.060883,-90.02834
Gutelius Log House Museum,432 Green St,Mifflinburg,PA,17844,40.91598,-77.04708
Museum of Coastal Carolina,21 E Second St,Ocean Isle Beach,NC,28469,33.888912,-78.43481
Comic-con Museum,2131 Pan American Plz,San Diego,CA,92101,32.727627,-117.15252
Opelousas Fire Museum,109 N Union St,Opelousas,LA,70570,30.533974,-92.081024
Golden Gate Railroad Museum,1755 E Bayshore Rd Ste 23B,Redwood City,CA,94063,37.48867,-122.20938
Butler Museum,123 Selma Curtis Rd,Butler,TN,37640,36.359966,-82.037025
Park City Museum,528 Main St,Park City,UT,84060,40.6447,-111.49621
Hudson River Maritime Museum,50 Rondout Lndg,Kingston,NY,12401,41.918617,-73.98161
Mann Wildlife Learning Museum,325 E Vandiver Blvd,Montgomery,AL,36110,32.417706,-86.27921
Cave Creek Museum Inc,6140 E Skyline Dr,Cave Creek,AZ,85331,33.82831,-111.949486
Brown House Museum,961 Main St,Berlin,NH,03570,44.477924,-71.17088
The Dinosaur Museum,754 S 200 W,Blanding,UT,84511,37.61496,-109.4817
Mill Museum of Connecticut,411 Main St,Willimantic,CT,06226,41.710693,-72.206345
Bishop Museum Of Science And Nature,201 10th St W,Bradenton,FL,34205,27.498262,-82.57173
Utah Division of Arts & Museums,617 E South Temple,Salt Lake City,UT,84102,40.76949,-111.873405
Weis Earth Science Museum,1478 Midway Rd,Menasha,WI,54952,44.229885,-88.415405
Old Town Hall Museum,62 S Main St,Mullica Hill,NJ,08062,39.73119,-75.22436
Millstream Classic Car Museum,255 E 1080 N,Willard,UT,84340,41.429012,-112.03269
Kearney Area Children's Museum,2013 A Ave,Kearney,NE,68847,40.69576,-99.08021
Lost River Museum,109 S Main St,Mackay,ID,83251,43.91523,-113.61158
Elk Mountain Museum,105 Bridge St,Elk Mountain,WY,82324,41.686832,-106.4131
New York City Police Museum,111 E 59th St,New York,NY,10022,40.762833,-73.969246
Amphibious Ships Museum,3664 Huntington Ave,Omaha,NE,68112,41.318527,-95.968254
Staten Island Museum,1000 Richmond Ter Ste A,Staten Island,NY,10301,40.644615,-74.10058
Green River Valley Museum,206 N Front St,Big Piney,WY,83113,42.539234,-110.1096
Leather Archives S & M Museum,6418 N Greenview Ave,Chicago,IL,60626,41.998737,-87.66814
Ogden Museum of Southern Art,925 Camp St,New Orleans,LA,70130,29.943747,-90.07118
Delphos Museum,101 N Washington St,Delphos,KS,67436,39.273296,-97.76717
Cleveland Grays Armory Museum,1234 Bolivar Rd,Cleveland,OH,44115,41.498947,-81.68222
Kaminski House Museum,1003 Front St,Georgetown,SC,29440,33.36825,-79.286224
The Oil Gas & Museums,119 3rd St,Parkersburg,WV,26101,39.266308,-81.56412
Pioneer Corner Museum,95 S Main St,Hurricane,UT,84737,37.1753,-113.28797
Empire Area Museum,11544 S Lacore Rd,Empire,MI,49630,44.814045,-86.05872
Henager Family Museum Inc.,8837 S State Road 57,Elberfeld,IN,47613,38.224915,-87.42071
Penobscot Marine Museum Store,2 Church St,Searsport,ME,04974,44.459084,-68.92478
Museum of Lifestyle and Fashion,801 N Congress Ave,Boynton Beach,FL,33426,26.535042,-80.09087
Northern California Veterans Museum,18860 Laurel Way,Cottonwood,CA,96022,40.35145,-122.33587
Oneida Nation Museum,W892 County Road Ee,De Pere,WI,54115,44.444393,-88.2297
Jupiter Inlet Lighthouse & Museum,500 Captain Armours Way,Jupiter,FL,33469,26.948805,-80.083305
Perkins History Museum,175 N Beacon St,Watertown,MA,02472,42.36342,-71.17497
Minnesota Marine Art Museum,2201 Rainbow Dr,Gadsden,AL,35901,33.972347,-86.0187
Wabasha County Historical Museum,70537 206th Ave,Reads Landing,MN,55968,44.40114,-92.07938
Museum of Durham History,500 W Main St,Durham,NC,27701,35.99802,-78.905624
Luce County Historical Museum,411 W Harrie St,Newberry,MI,49868,46.352615,-85.5145
Robert S Kerr Museum,23009 Kerr Mansion Rd,Poteau,OK,74953,34.985626,-94.66508
Mattaponi Indian Heritage Museum,1271 Mattaponi Reservation Cir,West Point,VA,23181,37.661404,-76.91661
Nordic Heritage Museum,3014 NW 67th St,Seattle,WA,98117,47.677456,-122.3972
Richmond County Museum,560 Reynolds St,Augusta,GA,30901,33.475025,-81.960724
Kid Zone Museum,123 S Carmalita St,Hemet,CA,92543,33.747032,-116.969666
Hood Museum of Art,4 E Wheelock St,Hanover,NH,03755,43.702343,-72.288734
Museum of Contemporary Crafts,511 NW Broadway,Portland,OR,97209,45.526997,-122.67777
McDonough Museum of Art,410 Wick Ave,Youngstown,OH,44555,41.104153,-80.64636
Ethnic Heritage Museum,1129 S Main St,Rockford,IL,61101,42.26136,-89.100685
Collinswood Museum,100 E Pine St,Ponchatoula,LA,70454,30.439173,-90.440315
Old Falls Village Museum,N96w15791 County Line Rd,Menomonee Falls,WI,53051,43.19178,-88.10584
Gowrie Depot Historical Museum,N Beck St Laurel Park,Gowrie,IA,50543,42.2762,-94.2954
The New England Auto Museum Inc,304 Main Ave,Norwalk,CT,06851,41.135677,-73.42444
Panhandle Railroad Museum,425 E Harvey Ave,Wellington,KS,67152,37.26601,-97.392166
Colebrook Area Historical Museum,255 Nh Route 26,Colebrook,NH,03576,44.890812,-71.46467
International Puppetry Museum,702 The Strand,Hermosa Beach,CA,90254,33.858467,-118.40029
International Vinegar Museum,502 Main St,Roslyn,SD,57261,45.496635,-97.4916
Lost City Museum,1650 N Virginia St,Reno,NV,89503,39.546432,-119.82043
Wisconsin Veterans Museum,30 W Mifflin St,Madison,WI,53703,43.07531,-89.38577
African American Museum of Iowa,55 12th Ave SE,Cedar Rapids,IA,52401,41.968803,-91.66005
Berman Museum,840 Museum Dr,Anniston,AL,36206,33.696487,-85.81923
Trustees of The Schiele Museum,1500 E Garrison Blvd,Gastonia,NC,28054,35.25296,-81.158516
Stuart House City Museum,7342 Market St,Mackinac Island,MI,49757,45.84983,-84.61874
American Museum Tort Law,97 Main St,Winsted,CT,06098,41.92091,-73.06187
Kaleva Depot Railroad Museum,14420 Walta St,Kaleva,MI,49645,44.375347,-86.01012
Museum-Fine Arts Boston,4635 Huntington Ave,Boston,MA,02115,42.33203,-71.1121
Los Angeles County Fire Museum,9834 Flora Vista St,Bellflower,CA,90706,33.886204,-118.124725
Sixties Museum,708 Wing St,Elgin,IL,60123,42.045643,-88.29683
Museum of Modern Art,81 Spring St,New York,NY,10012,40.722904,-73.99819
Chatham Historical Museum,9 Hillsboro St,Pittsboro,NC,27312,35.720715,-79.17738
Sioux County Museum,140 Main St,Harrison,NE,69346,42.690166,-103.88285
Chocolate Experience Museum,113 E Chestnut St,Burlington,WI,53105,42.679974,-88.27742
Ackland Art Museum,101 S Columbia St,Chapel Hill,NC,27514,35.912804,-79.05536
Mountaineer Military Museum,345 Center Ave,Weston,WV,26452,39.039955,-80.464096
Leroy Heritage Museum,10097 Route 414,Canton,PA,17724,41.67609,-76.70751
Chicago Maritime Museum,1200 W 35th St Ste 0E-5010,Chicago,IL,60609,41.830784,-87.655914
D R Barker Museum,7 Day St,Fredonia,NY,14063,42.440613,-79.33112
Sternberg Museum of Natural History,3000 Sternberg Dr,Hays,KS,67601,38.88864,-99.29995
Marietta/Cobb Museum of Art,30 Atlanta St SE,Marietta,GA,30060,33.95135,-84.549194
Children's Museum of Montana,22 Railroad Sq,Great Falls,MT,59401,47.50559,-111.30765
Fairbanks Children's Museum,4880 Old Airport Rd,Fairbanks,AK,99709,64.83468,-147.82852
Sultana Disaster Museum,104 Washington St,Marion,AR,72364,35.21475,-90.196144
San Jacinto Museum,695 W Ash St,San Jacinto,CA,92583,33.78072,-116.96724
Boonsborough Museum of History,113 N Main St,Boonsboro,MD,21713,39.508205,-77.65286
Garnavillo Historical Museum,205 S Washington St,Garnavillo,IA,52049,42.866383,-91.23583
Michigan House Museum & Education,110 W Cross St,Ypsilanti,MI,48197,42.24595,-83.61435
Aaf Tank Museum,3321 N Main St,Danville,VA,24540,36.637386,-79.386314
Haehn Museum,104 Chapel Ln,Saint Joseph,MN,56374,45.56325,-94.32093
Stars and Stripes Museum/Library,17377 Stars And Stripes Way,Bloomfield,MO,63825,36.86456,-89.932175
Milwaukie Museum,3737 SE Adams St,Portland,OR,97222,45.44319,-122.62348
Springfield Museums,21 Edwards St,Springfield,MA,01103,42.104332,-72.586975
Granite Falls Historical Museum,108 E Alpine St,Granite Falls,WA,98252,48.08688,-121.96827
Museum of The Albemarle,501 S Water St,Elizabeth City,NC,27909,36.296284,-76.21885
Columbus Museum,1251 Wynnton Rd,Columbus,GA,31906,32.466366,-84.975105
Wyman Museum,94350 E Highway 40,Craig,CO,81625,40.518482,-107.48261
Epworth Museum,1161 N Lakeshore Dr,Ludington,MI,49431,43.976616,-86.45968
Glencairn Museum,1001 Cathedral Rd,Huntingdon Valley,PA,19006,40.135044,-75.06199
Everett Museum of History,2939 Colby Ave,Everett,WA,98201,47.97873,-122.20844
Lakehurst Historical Museum,300 Center St,Lakehurst,NJ,08733,40.013805,-74.312485
New York Transit Museum,130 Livingston St,Brooklyn,NY,11201,40.690666,-73.98881
Pioneer-Log Cabin Museum,Wehmhoff Sq 416 N Perkins Blvd,Burlington,WI,53105,42.6576,-88.2708
Palmer Museum,108 N Washington St,Jewell,KS,66949,39.670258,-98.15439
Barton County Historical Museum,85 S Us Highway 281,Great Bend,KS,67530,38.34793,-98.76526
Depreciation Lands Museum,4743 S Pioneer Rd,Allison Park,PA,15101,40.595257,-79.94849
Baker Family Museum,805 Cumberland St,Caldwell,OH,43724,39.750603,-81.51566
Forks Timber Museum,PO Box 873,Forks,WA,98331,47.95,-124.3839
Museum of New Mexico,228 E Palace Ave,Santa Fe,NM,87501,35.686665,-105.9346
Temple Kwan Tai Museum,45160 Russian Gulch State Park,Mendocino,CA,95460,39.33143,-123.80409
David Browning Railroad Museum,222 N 11th St,Palatka,FL,32177,29.649548,-81.63988
Stanzel Model Aircraft Museum,311 Baumgarten St,Schulenburg,TX,78956,29.676958,-96.90201
Natiional Museum of Industrial,754 Roble Rd,Allentown,PA,18109,40.637085,-75.45534
Cedarburg Art Museum,W63N675 Washington Ave,Cedarburg,WI,53012,43.299618,-87.98893
Dr Job Holmes Cottage-Museum,527 Main St,Calais,ME,04619,45.187687,-67.27399
Wing House Museum,27 S Jefferson St,Coldwater,MI,49036,41.93937,-84.99747
Olympic Flight Museum,7637A Old Highway 99 SW,Tumwater,WA,98501,46.979774,-122.90126
Boettcher House Museum,2369 Lititz Pike,Lancaster,PA,17601,40.090923,-76.30392
New Britain Youth Museum,30 High St,New Britain,CT,06051,41.66785,-72.78543
Paine Gilliam Scott Museum,106 Maple St,Saint Johns,MI,48879,43.000942,-84.55929
Ben Hur Museum,504 John Fitch Hwy,Fitchburg,MA,01420,42.584118,-71.775894
Garden of the Rockies Museum,45356 Us Highway 93,Ronan,MT,59864,47.559242,-114.10283
Ropkey Armor Museum,5649 E 150 N,Crawfordsville,IN,47933,40.06155,-86.79923
A.E. Backus Gallery & Museum,500 N Indian River Dr,Fort Pierce,FL,34950,27.452385,-80.32405
Stationmasters House Museum,30 Townsend St,Spearman,TX,79081,36.197777,-101.19742
Osborne Homestead Museum,500 Hawthorne Ave,Derby,CT,06418,41.334644,-73.11055
Patrons of The Kearny Museum,318 Kearny Ave,Kearny,NJ,07032,40.761574,-74.1501
Denver Museum of Nat & Science,11649 W 84th Ln,Arvada,CO,80005,39.85093,-105.13063
Riverside Museum Associates,3720 Orange St,Riverside,CA,92501,33.982006,-117.37267
Woodstock Museum Wickam House,124 W Court St,Woodstock,VA,22664,38.882195,-78.505646
Warbirds America Air Museum,303 Forest Dr,Erie,PA,16505,42.103405,-80.16468
Oak Creek Historical Museum,1500 Forest Hill Ave,South Milwaukee,WI,53172,42.893696,-87.87248
City Museum Ocean Springs,1600 Government St,Ocean Springs,MS,39564,30.413439,-88.82103
Nici Self Historical Museum,2734 Highway 130,Centennial,WY,82055,41.297115,-106.139015
Fayette Art Museum,530 Temple Ave N,Fayette,AL,35555,33.69165,-87.830635
Sevier County Heritage Museum,167 Bruce St,Sevierville,TN,37862,35.866802,-83.564224
Winters Heritage House Museum,43 E High St,Elizabethtown,PA,17022,40.15213,-76.60486
Intrepid Sea-Air-Space Museum,1 Intrepid Sq,New York,NY,10036,40.7573,-73.9797
The Jewish Museum,1109 5th Ave,New York,NY,10128,40.785385,-73.95737
SoNo Switch Tower Museum,77 Washington St,Norwalk,CT,06854,41.099136,-73.41786
Historic Northampton Museum,46 Bridge St,Northampton,MA,01060,42.32185,-72.627106
Del Webb Sun Cities Museum,10801 W Oakmont Dr,Sun City,AZ,85351,33.60111,-112.29264
Museum of Clean,711 S 2nd Ave,Pocatello,ID,83201,42.85992,-112.44129
Donora Smog Museum,595 McKean Ave,Donora,PA,15033,40.1778,-79.85621
Sanders Museum Services,301 Big Oak Dr,Shepherdstown,WV,25443,39.411697,-77.81369
Old Campbell County Museum,E Broad St & Cole St,Fairburn,GA,30213,33.5749,-84.6003
Anchorage Museum,625 C St,Anchorage,AK,99501,61.21625,-149.88707
J Houston Gordon Museum,10 Wayne Fisher Dr,Martin,TN,38238,36.34098,-88.86558
South Carolina Tobacco Museum,104 E Front St,Mullins,SC,29574,34.205536,-79.25428
Hilary Jones Wildlife Museum,601 E Highway 7 N,Jasper,AR,72641,36.0068,-93.2064
Idaho Military History Museum,4692 W Harvard St,Boise,ID,83705,43.557137,-116.239784
Jackson County Historical Museum,321 Main St,Black River Falls,WI,54615,44.29517,-90.85134
Warbirds of Glory Museum,2387 Doris Dr,Brighton,MI,48114,42.56679,-83.777405
Clinton Home Museum,321 E 13th St,Hope,AR,71801,33.657284,-93.585754
Early Years of Motocross Museum,18976 Mesa Dr,Villa Park,CA,92861,33.822594,-117.80155
Summerville-Dorchester Museum,100 E Doty Ave,Summerville,SC,29483,33.019962,-80.17502
Oneida Pioneer Museum,27 Bannock St,Malad City,ID,83252,42.186096,-112.245995
Usga Golf Museum,715 Lovejoy Rd,Ashville,AL,35953,33.800224,-86.26077
New Mexico Military Museum,1050 Old Pecos Trl,Santa Fe,NM,87505,35.673286,-105.936676
Heritage Hall Museum,238 Maple Ave,Lakeside Marblehead,OH,43440,41.544388,-82.750946
Heritage Farm Museum & Village,3300 Harvey Rd,Huntington,WV,25704,38.375572,-82.46651
Cotton Museum,1321 E Union St,Vienna,GA,31092,32.08701,-83.77241
Stax Museum of American Soul Music,926 E Mclemore Ave,Memphis,TN,38106,35.115658,-90.03166
Perfect Pose Selfie Museum,1130 Highway 51 W,Dyersburg,TN,38024,36.0384,-89.3873
Mammoth Museum at the Hayden Cabin,5489 Sherwin Creek Rd,Mammoth Lakes,CA,93546,37.630894,-118.89689
Grand Rapids Public Museum,272 Pearl St NW,Grand Rapids,MI,49504,42.966427,-85.676735
Lenawee County Historical Museum,110 E Church St,Adrian,MI,49221,41.897327,-84.03731
New Mexico National Guard Museum,1050 Old Pecos Trl,Santa Fe,NM,87505,35.673286,-105.936676
Gravette Historical Museum,503 Charlotte St SE,Gravette,AR,72736,36.41931,-94.44861
Flight Path Museum,6661 W Imperial Hwy,Los Angeles,CA,90045,33.931774,-118.40529
Raynham Hall Museum,20 W Main St,Oyster Bay,NY,11771,40.872307,-73.53166
Frazetta Art Museum,141 Museum Ln,East Stroudsburg,PA,18301,41.03344,-75.14112
Whaley House Museum,2476 San Diego Ave,San Diego,CA,92110,32.752678,-117.194466
Museum Management Program,23 Mather Pl,Harpers Ferry,WV,25425,39.324337,-77.741264
Pittsburg and Museum,515 Railroad Ave,Pittsburg,CA,94565,38.03169,-121.88351
The Hagerstown Museum & Arts Place,96 1/2 E Main St,Hagerstown,IN,47346,39.910942,-85.16034
American Folk Art Museum,1865 Broadway Fl 11,New York,NY,10023,40.77004,-73.982414
Elkhorn Valley Museum,515 Queen City Blvd,Norfolk,NE,68701,42.037525,-97.41746
Museum Cleaners,2601 Pennsylvania Ave,Philadelphia,PA,19130,39.968067,-75.18014
Key West Lighthouse Museum,938 Whitehead St,Key West,FL,33040,24.55086,-81.800896
Houston Bicycle Museum,5318 Crawford St,Houston,TX,77004,29.72463,-95.38316
Plymire-Schwarz House Museum,519 Grand Ave,South San Francisco,CA,94080,37.656536,-122.41695
Automotive Heritage Museum,1500 N Reed Rd,Kokomo,IN,46901,40.501553,-86.11032
Bickleton Carousel Museum,4 W Market St,Bickleton,WA,99322,45.99772,-120.30394
Dup Museum-Historical Scty,175 S Main St,Springville,UT,84663,40.164265,-111.610435
Destin History and Fishing Museum,108 Stahlman Ave,Destin,FL,32541,30.396276,-86.50896
Readington Township Museum,105 County Road 523,Whitehouse Station,NJ,08889,40.599873,-74.76413
Soldotna Homestead Museum,461 Centennial Park Rd,Soldotna,AK,99669,60.47719,-151.08734
Houdini Museum & Theater,1433 N Main Ave,Scranton,PA,18508,41.432186,-75.663475
Boston Children’s Museum,308 Congress St,Boston,MA,02210,42.351463,-71.0499
Crawford Antique Farm Museum,301 S Sandusky Ave,Bucyrus,OH,44820,40.806335,-82.97579
Dakota Territory Air Museum,100 34th Ave NE,Minot,ND,58702,48.19966,-101.29165
Conde-Charlotte Museum House,104 Theatre St,Mobile,AL,36602,30.688354,-88.03971
Aroostook Historical & Art Museum,109 Main St,Houlton,ME,04730,46.12559,-67.836586
Museum of Fine Arts,1701 Chili Ave,Rochester,NY,14624,43.13509,-77.68063
Fighting Falcon Military Museum,516 W Cass St,Greenville,MI,48838,43.17863,-85.26043
Jeane Dixon Museum and Library,130 N Massanutten St,Strasburg,VA,22657,38.98871,-78.35857
Cal Museum of Fine Art,1010 S Cabrillo Ave,San Pedro,CA,90731,33.734898,-118.29438
Philip & Muriel Berman Museum,601 E Main St,Collegeville,PA,19426,40.19081,-75.4566
Smithsonian American Art Museum,8th St Nw & F St,Washington,DC,20560,38.892,-77.0327
Skyscraper Museum,39 Battery Pl,New York,NY,10280,40.705833,-74.017815
Brandon Area Museum,412 E Elm St,Brandon,SD,57005,43.591732,-96.585724
Historic Upshur Museum,119 Simpson St,Gilmer,TX,75644,32.729885,-94.943756
Pope County Museum,809 State Highway 104,Glenwood,MN,56334,45.641132,-95.385994
Towner Multi-Cultural Museum,1008 19th Ave S,Nashville,TN,37212,36.147,-86.79693
Cloud County Historical Museum,635 Broadway,Concordia,KS,66901,39.571243,-97.65908
Skateboarding Hall Of Fame & Museum,4226 Valley Fair St,Simi Valley,CA,93063,34.272453,-118.71257
Museum of Lifestyle,4165 NW 10th St,Delray Beach,FL,33445,26.476242,-80.11186
Armenian Museum of America,65 Main St,Watertown,MA,02472,42.366386,-71.185745
Sheldon Prairie Museum,323 10th St,Sheldon,IA,51201,43.179794,-95.854866
Rotary Jail Museum,225 N Washington St,Crawfordsville,IN,47933,40.04354,-86.90165
Antelope Valley Rural Museum,2551 W Avenue H,Lancaster,CA,93536,34.718964,-118.176
Rhodes Jewish Museum,10850 Wilshire Blvd,Los Angeles,CA,90024,34.05928,-118.44138
Lake County Museum,255 N Main St,Lakeport,CA,95453,39.043568,-122.915344
Tillamook Air Museum,6030 Hangar Rd,Tillamook,OR,97141,45.419777,-123.804565
Lexington Historical Museum,112 S Business Highway 13,Lexington,MO,64067,39.185078,-93.87963
American Museum of Asmat Art,3510 Vivian Ave,Saint Paul,MN,55126,45.04822,-93.13667
Wendover Airfield Museum,345 S Airport Apron,Wendover,UT,84083,40.72838,-114.0407
Pinpoint Heritage Museum,9924 Pin Point Ave,Savannah,GA,31406,31.953642,-81.09092
Space Farms Zoo & Museum,218 County Rd 519,Sussex,NJ,07461,41.211246,-74.69541
Charles R Conner Museum,2580 NE Grimes Way,Pullman,WA,99164,46.730026,-117.15788
Historic Donaldsonville Museum,318 Mississippi St,Donaldsonville,LA,70346,30.106264,-90.98745
Wilmington Children's Museum,116 Orange St,Wilmington,NC,28401,34.23277,-77.94803
Cayuga Museum of History and Art,203 Genesee St,Auburn,NY,13021,42.927364,-76.57539
Heritage Museum of Layton,403 Wasatch Dr,Layton,UT,84041,41.06438,-111.961624
Children's Museum-Central Ne,3001 W 12th St,Hastings,NE,68901,40.59688,-98.422905
Shandaken Historical Museum,26 Academy St,Pine Hill,NY,12465,42.134888,-74.47955
Travlers Rest History Museum,3 Edwards St,Travelers Rest,SC,29690,34.953194,-82.439964
Lake Hopatcong Historical Museum,Lakeside Blvd,Landing,NJ,07850,40.90523,-74.664986
Trutter Museum,5250 Shepherd Rd,Springfield,IL,62703,39.72104,-89.61569
Museum-Historical,255 N Main St,Lakeport,CA,95453,39.043568,-122.915344
Catlin House Museum,232 Monroe Ave,Scranton,PA,18510,41.405785,-75.65788
American Toby Jug Museum,910 Chicago Ave,Evanston,IL,60202,42.03453,-87.67969
Huey's Hideaway Children's Museum,317 S Main St,Medford,WI,54451,45.13595,-90.34374
Oklahoma City Museum Of Art,415 Couch Dr,Oklahoma City,OK,73102,35.469578,-97.52033
Nevada State Railroad Museum,2180 S Carson St,Carson City,NV,89701,39.149986,-119.76707
Don Garlits Museum of Drag Racing,13700 SW 16th Ave,Ocala,FL,34473,29.024046,-82.15297
Bainbridge Dental Museum,208 W Main St,Bainbridge,OH,45612,39.22732,-83.272964
Otis H Chidester Scout Museum,1937 E Blacklidge Dr,Tucson,AZ,85719,32.261337,-110.94308
Vacaville Museum,213 Buck Ave,Vacaville,CA,95688,38.356556,-121.993515
Alabama Museum of Natural History,427 6th Ave NE,Tuscaloosa,AL,35404,33.22014,-87.52933
Atlanta Historical Museum,101 N East St,Atlanta,TX,75551,33.114235,-94.16543
Fort Bedford Museum,242 E John St,Bedford,PA,15522,40.015892,-78.50026
Long Island Museum-Sci & Tech,11 Davis Ave,Garden City,NY,11530,40.72836,-73.599655
Museum Of Colorado Prisons,201 N 1st St,Canon City,CO,81212,38.438927,-105.246735
Norman Rockwell Museum of Vermont,654 US Route 4 E,Rutland,VT,05701,43.62767,-72.94685
Ida B. Wells Museum,220 N Randolph St,Holly Springs,MS,38635,34.771667,-89.444954
Customs House Museum,200 S 2nd St,Clarksville,TN,37040,36.526176,-87.35842
Southeastern Railway Museum,3595 Peachtree Industrial Blvd,Duluth,GA,30096,33.999714,-84.16825
C & O Depot Museum,404 4th Ave,Saint Albans,WV,25177,38.387836,-81.8328
Powers Lake Historical Museum,8334 Highway 50,Powers Lake,ND,58773,48.560852,-102.48059
Museum Depot,201 W Railroad St,Julesburg,CO,80737,40.981796,-102.268585
Portland Museum,2308 Portland Ave,Louisville,KY,40212,38.269657,-85.78648
Old Log Jail & Chapel Museums,& Apple St,Greenfield,IN,46140,39.785954,-85.75546
Lamy Railroad and History Museum,151 Old Lamy Trl,Lamy,NM,87540,35.481136,-105.88056
The Time Museum,7801 E State St,Rockford,IL,61108,42.27074,-88.96565
Long Beach Museum of Art,2300 E Ocean Blvd,Long Beach,CA,90803,33.763718,-118.16508
The Clemente Museum,3339 Penn Ave,Pittsburgh,PA,15201,40.462307,-79.967995
Eunice City Museum,220 S C C Duson St,Eunice,LA,70535,30.493656,-92.41504
Highland County Museum,161 Mansion House Rd,Mc Dowell,VA,24458,38.336456,-79.49157
Museum Of Historical Society,1008 Cherry St,Vicksburg,MS,39183,32.352436,-90.87825
Grand River Valley Museum,214 E John St,Markesan,WI,53946,43.70678,-88.9836
Museum Richard & Stewart,224 Witten St,Petersburg,VA,23803,37.237335,-77.400314
Huron City Museum Office,7995 Pioneer Dr,Port Austin,MI,48467,44.028473,-82.82786
Museum of The Hardwood Tree,1708 Rannoch Trce,Fort Smith,AR,72908,35.286133,-94.417755
Douglas County Museum,1020 Lighthouse Rd,Reedsport,OR,97467,43.66886,-124.194305
Seaford Historical Museum,3890 Waverly Ave,Seaford,NY,11783,40.668926,-73.48779
Bowles House Museum,3924 W 72nd Ave,Westminster,CO,80030,39.82715,-105.03878
Henry Miller Museum,2726 Dr Martin Luther King Dr,Saint Louis,MO,63106,38.638298,-90.21566
Lidgerwood Community Museum,10 3rd Ave SE,Lidgerwood,ND,58053,46.07528,-97.14773
Oak Hill and Martha Berry Museum,24 Veterans Memorial Hwy NE,Rome,GA,30161,34.250725,-85.1465
Hattie Weber Museum of Davis,445 C St,Davis,CA,95616,38.54615,-121.74436
Peterson Station Museum,228 Mill St,Peterson,MN,55962,43.78645,-91.831665
Museum of Natural History Spurlock,600 S Gregory St,Urbana,IL,61801,40.107513,-88.221375
Railroad Museum of Pennsylvania,300 Gap Rd,Strasburg,PA,17579,39.982704,-76.16281
Sidney Lanier Cottage House Museum,935 High St,Macon,GA,31201,32.837273,-83.63639
Suffern Railroad Museum,Orange Ave,Suffern,NY,10901,41.121437,-74.15967
Effingham Museum & Living Hsty,1002 N Pine St,Springfield,GA,31329,32.374657,-81.31617
Raney House Museum,128 Market St,Apalachicola,FL,32320,29.728481,-84.985886
Delaware Aviation Museum Foundation,21781 Aviation Ave,Georgetown,DE,19947,38.688877,-75.3658
Rodin Museum,22 Benjamin Franklin Pkwy,Philadelphia,PA,19103,39.956547,-75.169
Genesee Country Village and Museum,1410 Flint Hill Rd,Mumford,NY,14511,42.996605,-77.88208
Chinese-American Museum,232 1st St,Marysville,CA,95901,39.13592,-121.58634
The Bridgehampton Museum,2368 Montauk Hwy,Bridgehampton,NY,11932,40.935863,-72.30553
Le Claire Museum,602 N 3rd St,Le Claire,IA,52753,41.608784,-90.34695
The Old Tavern Museum,500 28th Ave,Tuscaloosa,AL,35401,33.210316,-87.57454
The Museum Co,320 Stewart Rd,Hanover Township,PA,18706,41.216145,-75.91628
Dahesh Museum Inc,55 E 52nd St Lbby 3,New York,NY,10055,40.758938,-73.973915
Shell Alumni Museum,Arreba St & Pacheco Blvd,Martinez,CA,94553,38.014,-122.126
War Between States Museum,107 S Guerry St,Florence,SC,29501,34.19643,-79.77878
Museums at Mitchel,1 Davis Ave,Garden City,NY,11530,40.728806,-73.59765
The C.H. Nash Museum at Chucalissa,1987 Indian Village Dr,Memphis,TN,38109,35.062325,-90.12929
Blair Museum,5403 Elmer Dr,Toledo,OH,43615,41.66909,-83.67078
Mizel Museum of Judaica,4350 S Monaco St,Denver,CO,80237,39.635574,-104.91195
Arlington Historical Museum,1805 S Arlington Ridge Rd,Arlington,VA,22202,38.858364,-77.06781
Otis Bowen Museum Archives,1001 Bethel Cir,Mishawaka,IN,46545,41.678314,-86.19523
Rockwell Museum,111 Cedar St,Corning,NY,14830,42.142563,-77.05277
Lowe Art Museum,1301 Stanford Dr,Coral Gables,FL,33146,25.719328,-80.27649
Gettysburg Museum of History,219 Baltimore St,Gettysburg,PA,17325,39.82817,-77.23128
Washakie Museum,2200 Big Horn Ave,Worland,WY,82401,44.01676,-107.9378
Northwest Montana History Museum,124 2nd Ave E,Kalispell,MT,59901,48.197765,-114.31045
Lansing Manor House Museum,1378 State Route 30,North Blenheim,NY,12131,42.450363,-74.46816
Yan Sun Art Museum & Gallery,604 Main St,Zanesville,OH,43701,39.93991,-82.00499
LBL Moonshine Museum,16619 Us Highway 68 E,Hardin,KY,42048,36.777172,-88.14601
Dane G Hansen Memorial Museum,110 W Main St,Coldwater,KS,67029,37.27012,-99.32835
Polk County Memorial Museum,514 W Mill St,Livingston,TX,77351,30.710209,-94.936615
Sitka Historical Society & Museum,330 Harbor Dr,Sitka,AK,99835,57.049835,-135.3334
The Georgian Museum,105 E Wheeling St,Lancaster,OH,43130,39.715096,-82.601524
Curiosity Museum,301 E Broadway,Alton,IL,62002,38.88979,-90.18198
Elfreths Alley Museum,126 Elfreths Aly,Philadelphia,PA,19106,39.95261,-75.14227
Museum Company,673 5th Ave,New York,NY,10022,40.76046,-73.97557
Ana Money Museum,818 N Cascade Ave,Colorado Springs,CO,80903,38.845554,-104.82503
Windham Textile and History Museum,157 Union And Main St,Willimantic,CT,06226,41.7109,-72.206
Spartanburg County Regional Museum,100 E Main St,Spartanburg,SC,29306,34.949703,-81.9315
Hershey Museum,63 W Chocolate Ave,Hershey,PA,17033,40.285473,-76.65115
Sheridan County Museum,850 Sibley Cir,Sheridan,WY,82801,44.805756,-106.93923
Edmonds Historical Museum,118 5th Ave N,Edmonds,WA,98020,47.81109,-122.37684
Blackwater Draw Museum,1500 S Ave K-Lea Hall,Portales,NM,88130,34.1757,-103.3467
MN Veterinary Historical Museum,1365 Gortner Ave,Saint Paul,MN,55108,44.98212,-93.181984
Crumbaugh Museum,405 E Center St,Le Roy,IL,61752,40.347046,-88.75756
Jefferson Valley Museum Inc,303 S Division St,Whitehall,MT,59759,45.866154,-112.09819
Cortland Bazetta Historical Museum,224 N High St,Cortland,OH,44410,41.33368,-80.7256
Ames Astrobleme Museum,109 E Main St,Ames,OK,73718,36.242294,-98.18199
Byu Museum of Art,N Campus Dr,Provo,UT,84602,40.25218,-111.64741
High Desert Heritage Museum,19600 E Stagecoach Trl,Mayer,AZ,86333,34.325386,-112.1184
Lake Stevens Historical Museum,1804 Main St,Lake Stevens,WA,98258,48.013866,-122.064354
Lucoral Museum,2414 Kuhio Ave,Honolulu,HI,96815,21.277096,-157.82372
Hallie Ford Museum of Art,700 State St,Salem,OR,97301,44.938583,-123.03385
Wheeler Museum,3870 Cigar Ln,Lexington,KY,40511,38.150436,-84.52328
Nebraska City Museum Association,917 Wildwood Ln,Nebraska City,NE,68410,40.66911,-95.88389
World Aids Museum,1350 E Sunrise Blvd,Fort Lauderdale,FL,33304,26.136974,-80.13121
The Revere Museum,108 Beach St,Revere,MA,02151,42.40692,-71.01096
Washington County Histrcl Museum,326 S Kaskaskia St,Nashville,IL,62263,38.341705,-89.38282
Dyer-Botsford Museum,331 1st Ave E,Dyersville,IA,52040,42.484463,-91.12108
Stacy's Tavern Museum,557 Geneva Rd,Glen Ellyn,IL,60137,41.88983,-88.06504
J.M. Davis Arms & Historical Museum,330 N J M Davis Blvd,Claremore,OK,74017,36.315403,-95.61552
Anchor Point Wildlife Museum,34030 Sterling Hwy,Anchor Point,AK,99556,59.751225,-151.76276
St. Louis Air & Space Museum,2300 Vector Dr,East Saint Louis,IL,62206,38.581043,-90.16069
Violet Bank Museum,326 Royal Oak Ave,Colonial Heights,VA,23834,37.24193,-77.40506
Brevard Station Museum,112 S Main St,Stanley,NC,28164,35.35898,-81.095764
Winni Children's Museum,533 Main St,Laconia,NH,03246,43.52677,-71.469
Perry County Jail Museum,108 W Jackson St,Pinckneyville,IL,62274,38.080708,-89.383194
Truman Harry S Library and Museum,500 W Us Highway 24,Independence,MO,64050,39.10167,-94.41991
Lake Eustis Museum of Art,213 W Ruby St,Tavares,FL,32778,28.801092,-81.729965
Isett Acres Museum,Stone Creek Ridge Rd,Huntingdon,PA,16652,40.585217,-77.894684
Mountain Top Children's Museum,605 S Park Ave,Breckenridge,CO,80424,39.477283,-106.04655
Pumping Jack Museum,511 Hill St,Emlenton,PA,16373,41.177864,-79.709305
Greenwood Museum,106 Main St,Greenwood,SC,29646,34.192184,-82.161194
Texas Music Museum,1009 E 11th St,Austin,TX,78702,30.26939,-97.73016
South Sutton Old Store Museum,12 Meeting House Hill Rd,South Sutton,NH,03273,43.31902,-71.93418
Jones & Plummer Trail Museum,Po Box 457,Beaver,OK,73932,36.795563,-100.532936
Dallas County Voas Museum,22085 Minburn Rd,Minburn,IA,50167,41.75188,-94.04773
American Huey 369 Museum,1697 W Hoosier Blvd,Peru,IN,46970,40.664436,-86.13843
Cotton Museum,65 Union Ave,Memphis,TN,38103,35.143402,-90.05479
Naper Settlement Museum,523 S Webster St,Naperville,IL,60540,41.769337,-88.15162
National Packard Museum,1899 Mahoning Ave NW,Warren,OH,44483,41.251873,-80.82994
Cahoon Museum,30 Bates Rd,Mashpee,MA,02649,41.619274,-70.49067
Children's Creativity Museum,221 4th St,San Francisco,CA,94103,37.78325,-122.40244
Great Plains Black History Museum,2221 N 24th St,Omaha,NE,68110,41.27944,-95.94684
Santa Fe Museum of Languages,355 E Palace Ave,Santa Fe,NM,87501,35.686375,-105.93213
Williamston Depot Museum,369 W Grand River Ave,Williamston,MI,48895,42.68793,-84.28846
Bradbury Science Museum,1350 Central Ave,Los Alamos,NM,87544,35.881496,-106.29779
The Christian C. Sanderson Museum,1755 Creek Rd,Chadds Ford,PA,19317,39.87401,-75.59127
The Bottle Cap Museum Gift Shoppe,227 E Michigan Ave,Grayling,MI,49738,44.661827,-84.71449
Joliet Area Historical Museum,204 N Ottawa St,Joliet,IL,60432,41.52799,-88.08287
Dewitt Museum,425 S Main St,Prairie City,OR,97869,44.457626,-118.70737
Camp Five Museum,5105 E Silver Lake Rd,Laona,WI,54541,45.555996,-88.698074
Malibu Lagoon Museum,23200 Pacific Coast Hwy,Malibu,CA,90265,34.034836,-118.680534
Johnson-Humrickhouse Museum,300 N Whitewoman St,Coshocton,OH,43812,40.277756,-81.8767
Hull Lifesaving Museum,1117 Nantasket Ave,Hull,MA,02045,42.306076,-70.89988
Hiwan Heritage Park & Museum,28473 Meadow Dr,Evergreen,CO,80439,39.638557,-105.323685
Chicago Sports Museum,700 E Grand Ave,Chicago,IL,60611,41.892025,-87.60755
Edna Historical Museum,100 S Delaware St,Edna,KS,67342,37.056618,-95.35941
Allman Brothers Band Museum,2321 Vineville Ave,Macon,GA,31204,32.84589,-83.65599
Mayhew Cabin Museum Inc,2012 4th Ave,Nebraska City,NE,68410,40.680695,-95.8704
Jesse Owens Memorial Museum,7010 County Road 203,Danville,AL,35619,34.435932,-87.17016
Liberty Bell Museum,622 Hamilton Ave,Bethlehem,PA,18017,40.635353,-75.36398
Rockaway Museum,8808 Rockaway Beach Blvd,Rockaway Beach,NY,11693,40.587414,-73.81332
Portholes Into Past Museum,4450 Poe Rd,Medina,OH,44256,41.091537,-81.848694
Museum of Aviation,1942 Heritage Blvd,Warner Robins,GA,31098,32.590775,-83.588104
Westmont Ridley-Tree Museum of Art,955 La Paz Rd,Santa Barbara,CA,93108,34.452732,-119.66058
Sheriff's House Museum,416 6th Ave SE,Devils Lake,ND,58301,48.10545,-98.8572
Pieter Claesen Wyckoff House Museum,5816 Clarendon Rd,Brooklyn,NY,11203,40.64481,-73.92128
Glenstone Museum,12100 Glen Rd,Potomac,MD,20854,39.062096,-77.24953
American Millitary Museum,1918 Rosemead Blvd,South El Monte,CA,91733,34.050163,-118.06403
Tucson Museum of Art,140 N Main Ave,Tucson,AZ,85701,32.223564,-110.97545
Cole House Museum,402 W Cole St,Moundridge,KS,67107,38.203175,-97.5241
Fort Le Boeuf Museum,123 E 3rd St,Waterford,PA,16441,41.943115,-79.98203
Midwest Museum of American Art,429 S Main St,Elkhart,IN,46516,41.683205,-85.97166
Bellevue Arts Museum,510 Bellevue Way NE,Bellevue,WA,98004,47.61532,-122.20114
O S Ranch Museum,201 E Main St,Post,TX,79356,33.190758,-101.376816
Oaks Museum House,823 N Jefferson St,Jackson,MS,39202,32.308098,-90.17616
Milwaukee Depot Museum,307 Central Ave S,Harlowton,MT,59036,46.431763,-109.83013
Clausen Memorial Museum,PO Box 708,Petersburg,AK,99833,56.8088,-132.9403
Searchlight Historical Museum,200 Michael Wendell Way,Searchlight,NV,89046,35.46853,-114.90729
Jesse James Wax Museum,I-44 Exit 230,Stanton,MO,63079,38.2744,-91.1055
River Valley Pioneer Museum,118 N 2nd St,Canadian,TX,79014,35.91504,-100.38451
Cartoon Art Museum,781 Beach St Fl 1,San Francisco,CA,94109,37.806366,-122.42187
Cozens Ranch Museum,77849 US Highway 40,Winter Park,CO,80482,39.891666,-105.7625
Nathan Hale Homestead Museum,2299 South St,Coventry,CT,06238,41.764885,-72.34547
Museum of West Louisiana,803 S 3rd St,Leesville,LA,71446,31.135977,-93.26197
Nevada State Museums & History,9670 Gateway Dr Ste 100,Reno,NV,89521,39.441673,-119.76195
Ukranian Museum-Archives,1202 Kenilworth Ave,Cleveland,OH,44113,41.479797,-81.690216
National Imperial Glass Museum,3200 Belmont St,Bellaire,OH,43906,40.014175,-80.743034
Lansing Historical Museum,115 E Kansas St,Lansing,KS,66043,39.249615,-94.89869
Mihs Museum Foundation,180 S Heathwood Dr,Marco Island,FL,34145,25.933697,-81.715454
Museum of the Cherokee Strip,507 S 4th St,Enid,OK,73701,36.391617,-97.87325
Chudnow Museum of Yesteryear,839 N 11th St,Milwaukee,WI,53233,43.04125,-87.92601
Lake County Museum,118 S E St,Lakeview,OR,97630,42.188046,-120.34508
Jackson County Museum,327 New York Ave,Holton,KS,66436,39.462437,-95.73641
Folsom Prison Museum,312 3rd St,Folsom,CA,95630,38.693935,-121.15939
Marco Museum Foundation,168 Royal Palm Dr,Marco Island,FL,34145,25.972628,-81.72969
Americana Museum,2709 Old Philadelphia Pike,Bird In Hand,PA,17505,40.038647,-76.1783
Fire Museum in City Hall,313 Court St,The Dalles,OR,97058,45.601795,-121.18343
Delaware History Museum,504 N Market St,Wilmington,DE,19801,39.741238,-75.55053
Museum of Flight,9404 E Marginal Way S,Tukwila,WA,98108,47.518642,-122.29771
Paradise Depot Museum,5570 Black Olive Dr,Paradise,CA,95969,39.753128,-121.62387
Shelburne Museum,6000 Shelburne Rd,Shelburne,VT,05482,44.37074,-73.23146
Arapaho Cultural Museum,636 Blue Sky Hwy,Lander,WY,82520,43.02509,-108.774796
Patent Museum,4554 Fayette Ave,Fort Knox,KY,40121,37.896023,-85.97054
Webb-Deane-Stevens Museum,211 Main St,Wethersfield,CT,06109,41.71198,-72.652985
Museum of Bus Transportation,161 Museum Dr,Hershey,PA,17033,40.299,-76.69045
Simpson Funeral Museum,16 S Main St,Chatham,VA,24531,36.824726,-79.39828
Marlpit Hall Museum,137 Kings Hwy,Middletown,NJ,07748,40.39579,-74.123375
Powell County Museum,1119 Main St,Deer Lodge,MT,59722,46.39139,-112.73554
Orton Geological Museum,155 S Oval Mall,Columbus,OH,43210,39.99858,-83.011925
Hammonds House Museum,503 Peeples St SW,Atlanta,GA,30310,33.74126,-84.42064
AMC Museum Foundation,1301 Heritage Rd,Dover,DE,19902,39.113068,-75.44944
Rangley Automotive Museum,128 S Stanolind Ave,Rangely,CO,81648,40.086906,-108.80776
Museum Support Center,905 S Prairie Ave,Pueblo,CO,81005,38.25113,-104.64401
Community Museum Society VSTRS,238 E Main St,Lake City,SC,29560,33.87106,-79.75062
Gopher State Railroad Museum,PO Box 125,New Prague,MN,56071,44.5432,-93.5759
San Gabriel Historical Museum,546 W Broadway,San Gabriel,CA,91776,34.099323,-118.10824
West Bay Common School Child Museum,210 N Kansas Ave,League City,TX,77573,29.51314,-95.089836
George Washington Carver Museum,1212 W Montgomery Rd,Tuskegee Institute,AL,36088,32.428883,-85.70853
Depace Sports Library & Museum,765 Haddon Ave,Collingswood,NJ,08108,39.915787,-75.06686
Beech River Heritage Museum,26 S Broad St,Lexington,TN,38351,35.650627,-88.39396
Sparta Teapot Museum,115 Atwood St,Sparta,NC,28675,36.51303,-81.11915
Cody Dug Up Gun Museum,1020 12th St,Cody,WY,82414,44.526882,-109.06379
Camp Gordon Johnston Museum,1873 Highway 98 W,Carrabelle,FL,32322,29.82828,-84.69505
Museum Resources International,270 State Highway Hh,Burfordville,MO,63739,37.36752,-89.80716
Milford Museum,121 S Walnut St,Milford,DE,19963,38.911964,-75.428276
Bicycle Museum of America,7 W Monroe St,New Bremen,OH,45869,40.436714,-84.38081
Safe House Museum,2401 Davis St,Greensboro,AL,36744,32.69743,-87.61046
Gold Nugget Museum,5570 Black Olive Dr,Paradise,CA,95969,39.753128,-121.62387
Lost Railway Museum,142 W Michigan Ave,Grass Lake,MI,49240,42.25092,-84.21377
Pleasureland Museum,114 W Mishawaka Ave,Mishawaka,IN,46545,41.66635,-86.18211
Children's Neighborhood Museum,814 Hart Rd,Round Lake,IL,60073,42.357487,-88.103874
Old Rock School Railway Museum,400 Main St W,Valdese,NC,28690,35.744324,-81.56683
Ruthmere Museum,302 E Beardsley Ave,Elkhart,IN,46514,41.693245,-85.97298
Baltimore Immigration Museum,1308 Beason St. Locust Point,Baltimore,MD,21230,39.2696,-76.6253
Glenrock Paleontological Museum,506 W Birch St,Glenrock,WY,82637,42.86165,-105.87402
College Park Aviation Museum,1985 Corporal Frank Scott Dr,College Park,MD,20740,38.978767,-76.92267
Telephone Museum of Gridley,318 N Center St,Gridley,IL,61744,40.74258,-88.88104
Museum of Fine Arts,255 Beach Dr NE,Saint Petersburg,FL,33701,27.775076,-82.63201
Handgun Hunters Museum,41302 Executive Dr,Harrison Township,MI,48045,42.59986,-82.85573
Baxter County Heritage Museum,808 S Baker St,Mountain Home,AR,72653,36.33368,-92.3843
Frank H Mc Clung Museum,1327 Circle Park Dr,Knoxville,TN,37996,35.95238,-83.92704
Dudley House Historical Museum,197 N Ashwood Ave,Ventura,CA,93003,34.27779,-119.240105
Robert Russa Moton Museum,900 Griffin Blvd,Farmville,VA,23901,37.29169,-78.39792
McLean Museum & Dougal House,1211 Iowa Ave,Dunlap,IA,51529,41.854523,-95.59153
Museum of Science Inc,2330 N Meridian St,Indianapolis,IN,46208,39.79986,-86.1572
Larimore Community Museum,310 Towner Ave,Larimore,ND,58251,47.906208,-97.623955
Mexico Cardenas Museum,6403 Davis Rd,Waxhaw,NC,28173,34.865444,-80.74141
Monroe County Historical Museum,126 S Monroe St,Monroe,MI,48161,41.9152,-83.39889
Hellenic Cultural Museum,279 S 300 W,Salt Lake City,UT,84101,40.76338,-111.899414
Oologah Historical Museum,202 W Cooweescoowee Ave,Oologah,OK,74053,36.447426,-95.71053
Waterfront Museum,701 Columbia St,Brooklyn,NY,11231,40.66908,-74.009575
Shaker Museum & Library Information,202 Shaker Rd,New Lebanon,NY,12125,42.45597,-73.382416
Vernonia Pioneer Museum,511 Bridge St E,Vernonia,OR,97064,45.85747,-123.181015
US Navy Seabee Museum,3201 N Ventura Rd,Port Hueneme,CA,93041,34.15475,-119.19519
Museum- American Quilters,215 Jefferson St,Paducah,KY,42001,37.088818,-88.5964
Marine Museum,70 Water St,Fall River,MA,02721,41.702785,-71.16388
Northeast Classic Car Museum,24 Rexford St,Norwich,NY,13815,42.536747,-75.521866
Liberty Museum & Arts Center,46 S Main St,Liberty,NY,12754,41.798588,-74.74519
Hawaii Plantation Museum,27-246 Old Mamalahoa Hwy,Papaikou,HI,96781,19.783398,-155.09325
Rag Tops Museum of Mi City,209 E 2nd St,Michigan City,IN,46360,41.720554,-86.90307
The Cleveland Museum of Art,1831 E 36th St,Cleveland,OH,44114,41.508472,-81.66348
Bronck Museum,90 County Route 42,Coxsackie,NY,12051,42.346226,-73.84401
Klyne Esopus Museum,764 Route 9w,Ulster Park,NY,12487,41.8604,-74.0007
Sauk County Historical Museum,900 2nd St,Baraboo,WI,53913,43.46889,-89.72854
Wood River Refinery History Museum,900 S Central Ave,Roxana,IL,62084,38.8448,-90.0788
Museum Of California Design,Po Box 361370,Los Angeles,CA,90036,34.06989,-118.349174
Louis E May Museum,1643 N Nye Ave,Fremont,NE,68025,41.44477,-96.50203
Mulvane Art Museum,1700 SW Jewell Ave,Topeka,KS,66604,39.035934,-95.70315
Historic Carousel & Museum,503 1st Ave NW,Albany,OR,97321,44.6389,-123.0916
Depot Museum,150 N Lowell St,Ironwood,MI,49938,46.454926,-90.17093
Matthews Heritage Museum,232 N Trade St,Matthews,NC,28105,35.11783,-80.72043
Litiz Museum and Mueller House,145 E Main St,Lititz,PA,17543,40.156567,-76.30252
Kruse Museums,5634 County Road 11a,Auburn,IN,46706,41.329426,-85.084206
Riverside International Auto Museum,815 Marlborough Ave,Riverside,CA,92507,33.99762,-117.328445
New Bedford Museum of Glass,61 Wamsutta St,New Bedford,MA,02740,41.648823,-70.92628
Brandywine River Museum,501 N Trooper Rd,Norristown,PA,19403,40.151146,-75.38102
Corbin Rail Museum,101 N Depot St,Corbin,KY,40701,36.947475,-84.095406
Tuttle Museum,325 Clinton St,Defiance,OH,43512,41.286446,-84.36207
Detroit Historical Museum,5104 Woodward Ave,Detroit,MI,48202,42.357433,-83.064445
Fort Sidney Museum & PRT CMNDR,6th Ave & Jackson St,Sidney,NE,69162,41.1333,-103.0089
Chicago History Museum,1601 N Clark St,Chicago,IL,60614,41.91202,-87.63196
Explore & More Children's Museum,20 E High St,Gettysburg,PA,17325,39.828705,-77.23024
Florida Museum-Natrl History,2124 NE Waldo Rd,Gainesville,FL,32609,29.67199,-82.29831
Frontier Auto Museum,211 W 2nd St,Gillette,WY,82716,44.29303,-105.50581
Museumnetwork Inc,30 S 15th St,Philadelphia,PA,19102,39.951508,-75.16571
Newcomb Art Museum of Tulane,6823 Saint Charles Ave # 202,New Orleans,LA,70118,29.935343,-90.123695
US Marshals Museum,14 N 3rd St,Fort Smith,AR,72901,35.389194,-94.427704
Shenandoah Historical Museum,800 W Sheridan Ave,Shenandoah,IA,51601,40.765846,-95.37533
Reading Railroad Heritage Museum,500 S 3rd St,Hamburg,PA,19526,40.546413,-75.98088
San Diego Chinese Historical Museum,328 J Ave,Coronado,CA,92118,32.698776,-117.182236
Carolinas Aviation Museum,4672 First Flight Dr,Charlotte,NC,28208,35.219006,-80.9304
Valley View Model Railroad Museum,17108 Highbridge Rd,Union,IL,60180,42.240864,-88.53101
Depot Museum,289 S K St,Dinuba,CA,93618,36.53975,-119.38733
MS Industrial Heritage Museum,902 14th St,Meridian,MS,39301,32.370975,-88.68776
Umbrella Cover Museum,62B Island Ave,Peaks Island,ME,04108,43.65605,-70.19815
South Dakota National Guard Museum,301 E Dakota Ave,Pierre,SD,57501,44.363968,-100.35236
Lake County Discovery Museum,27227 N Forest Preserve Rd,Wauconda,IL,60084,42.258095,-88.10877
Hyrum Museum,50 W Main St,Hyrum,UT,84319,41.634228,-111.856636
Warren Anatomical Museum,10 Shattuck St,Boston,MA,02115,42.33522,-71.10443
Brooke County Museum,600 Main St,Wellsburg,WV,26070,40.269318,-80.61379
Iowa Museum Association Inc,4423 Wynnewood Dr,Cedar Falls,IA,50613,42.540714,-92.493484
Nebraska Firefighters Museum,2434 E 1st St,Kearney,NE,68847,40.670376,-99.05043
Oconee History Museum,123 Browns Square Dr,Walhalla,SC,29691,34.76485,-83.06698
Portland Puppet Museum,906 SE Umatilla St,Portland,OR,97202,45.462765,-122.65673
Grattan Museum,12040 Belding Rd NE,Belding,MI,48809,43.08241,-85.36929
Back in the Day Museum,200 Young St,Greenwood,MS,38930,33.51912,-90.17403
University-Northern Ia Museum,3219 Hudson Rd,Cedar Falls,IA,50614,42.508575,-92.46601
Fox River Trolley Museum,365 S Lafox St,South Elgin,IL,60177,41.9913,-88.3119
Chester Gould-Dick Tracy Museum,101 N Johnson St,Woodstock,IL,60098,42.314835,-88.44822
Tehama County Museum,275 C St,Tehama,CA,96090,40.027416,-122.123055
Old Town Museum,353 Main St,Old Town,ME,04468,44.93202,-68.64498
Hook's Drug Store Museum,1202 E 38th St,Indianapolis,IN,46205,39.82565,-86.13726
Unicoi County Heritage Museum,529 Federal Hatchery Rd,Erwin,TN,37650,36.165092,-82.38779
Long Island Museum,1200 Route 25A,Stony Brook,NY,11790,40.91156,-73.141945
Waterworks Museum,2450 Beacon St,Chestnut Hill,MA,02467,42.332085,-71.15542
Howard Steamboat Museum,1101 E Market St,Jeffersonville,IN,47130,38.278,-85.72521
Museum Of Spanish Art,Broadway & 155,New York,NY,10031,40.832767,-73.945816
Heartland Orthdox Christian Museum,6050 SW 34th Ter,Topeka,KS,66614,39.004837,-95.764534
Fort Western Museum,16 Cony St,Augusta,ME,04330,44.316437,-69.770386
Storybook Land-Train Depot Museum,N Highway 281,Aberdeen,SD,57401,45.470737,-98.49307
Catawba County Firefighters Museum,3957 Herman Sipe Rd,Conover,NC,28613,35.74177,-81.23796
Golden Valley County Museum,186 1st Ave SE,Beach,ND,58621,46.91313,-104.00463
Nd Firefighters Museum,52 N Main St,Garrison,ND,58540,47.65194,-101.41725
American Museum-Vetry Medicine,5003 Main St,Birdsboro,PA,19508,40.295586,-75.89352
Crocker Art Museum,47088 216th,Sacramento,CA,95814,38.5807,-121.4943
Longview Art Museum,102 W College St,Longview,TX,75601,32.490967,-94.74222
Schoolhouse Museum,650 E Glen Ave,Ridgewood,NJ,07450,40.985813,-74.0942
Albany Regional Museum,136 Lyon St S,Albany,OR,97321,44.63708,-123.10504
American Visionary Art Museum,800 Key Hwy,Baltimore,MD,21230,39.280453,-76.606834
Comstock Firemen's Museum,117 S C St,Virginia City,NV,89440,39.309185,-119.649895
Wayne County Historical Museum,75 N Main St,Monticello,KY,42633,36.830364,-84.848694
Tex-Ark Antique Auto Museum,217 Laurel St,Texarkana,AR,71854,33.424484,-94.03807
Red Pueblo Museum,900 N Hwy 67,North Rim,AZ,86052,36.1976,-112.0531
Peto Museum & Studio,100 Old Tavern Rd,Howell,NJ,07731,40.161976,-74.16402
Motorcycle Hall of Fame Museum,13515 Yarmouth Dr,Pickerington,OH,43147,39.931847,-82.782265
New Hope Museum of Art,50 S Main St,New Hope,PA,18938,40.362637,-74.95078
National Museum of Dance,99 S Broadway,Saratoga Springs,NY,12866,43.067116,-73.789276
Museum of Natural Curiosity,3605 N Garden Dr,Lehi,UT,84043,40.431534,-111.90425
Museum De Sankofa,3468 Casino Strip Blvd,Robinsonville,MS,38664,34.816803,-90.38713
Museum of Design Atlanta,1315 Peachtree St NE,Atlanta,GA,30309,33.7906,-84.38491
Grantsville Community Museum,153 W Main St,Frostburg,MD,21532,39.66272,-78.933174
Clinton Museum Store,1200 President Clinton Ave,Little Rock,AR,72201,34.7468,-92.2598
Antique Tractor Museum,55 Main St,Carlisle,IA,50047,41.499496,-93.48613
Museum Division - Rosenberg Library,2310 Sealy St,Galveston,TX,77550,29.301018,-94.79306
Greenville County Museum of Art,420 College St,Greenville,SC,29601,34.85575,-82.40194
Museum Market,1800 Spring Garden St,Philadelphia,PA,19130,39.96309,-75.16803
Fick Fossil Museum,209 Hudson Ave,Oakley,KS,67748,39.12658,-100.85277
Mariners' Museum and Park,100 Museum Dr,Newport News,VA,23606,37.053936,-76.488846
Children's Museum-the Desert,75200 Classic Club Blvd,Palm Desert,CA,92211,33.78372,-116.344864
Turtle Canery Museum,200 Margaret St,Key West,FL,33040,24.561394,-81.800255
Stenton Museum,18 Windrim Ave,Philadelphia,PA,19140,40.024406,-75.1566
Children's Museum of Skagit,715 Cascade Mall Dr,Burlington,WA,98233,48.45989,-122.34044
University of Iowa Museum of Art,150 N Riverside Dr,Iowa City,IA,52242,41.664646,-91.54093
Tarkio College Alumni Museum,314 Main St,Tarkio,MO,64491,40.44061,-95.37858
Newell Museum,108 3rd St,Newell,SD,57760,44.714825,-103.42086
Stanley Museum,40 School St,Kingfield,ME,04947,44.955364,-70.15499
Rawlins County Museum,308 State St,Atwood,KS,67730,39.80654,-101.04359
Northeastern Nevada Museum,1515 Idaho St,Elko,NV,89801,40.841553,-115.753006
Vaughan Museum James D,31 Public Sq,Lawrenceburg,TN,38464,35.240616,-87.33548
Camp Atterbury Museum,Hospital Rd,Camp Atterbury,IN,46124,39.35963,-86.05356
Hazelwood Historic House Museum,1008 S Monroe Ave,Green Bay,WI,54301,44.50059,-88.01883
Sheldon Museum of Art,451 N 12th St,Lincoln,NE,68588,40.8168,-96.704
LeFlore County Museum,104 N Witte St,Poteau,OK,74953,35.05229,-94.62133
Prairieland Heritage Museum,1005 W Michigan Ave,Jacksonville,IL,62650,39.715866,-90.246796
Coleman Museum,400 W College Ave,Coleman,TX,76834,31.829338,-99.426414
Little Red School House Museum,411 W High St,Weyauwega,WI,54983,44.317993,-88.940704
Glenns Ferry Historical Museum,152 W Cleveland Ave,Indian Valley,ID,83632,44.5375,-116.3821
Eagle River Historical Museums,519 W Ohio St,Eagle River,WI,54521,45.922253,-89.26056
Belmond Historical Museum,223 E Main St,Belmond,IA,50421,42.84577,-93.61381
Niles Essanay Silent Film Museum,37417 Niles Blvd,Fremont,CA,94536,37.577076,-121.98025
Penobscot Nation Museum,12 Down St,Indian Island,ME,04468,44.947285,-68.651215
Healy House & Dexter Cabin Museum,912 Harrison Ave,Leadville,CO,80461,39.251434,-106.29267
Los Alamos Historical Museum Shop,2132 Central Ave,Los Alamos,NM,87544,35.881615,-106.30189
Murphy Calender Museum,110 S 2nd St,Red Oak,IA,51566,41.00435,-95.23016
Rocky Mountain Quilt Museum,1213 Washington Ave,Golden,CO,80401,39.755085,-105.220825
Roy Acuff Union Museum and Lbry,3824 Maynardville Hwy,Maynardville,TN,37807,36.24856,-83.80431
Africanart Museum,8775 Cloudleap Ct,Columbia,MD,21045,39.20809,-76.81657
National Skydiving Museum,5401 Southpoint Centre Blvd,Fredericksburg,VA,22407,38.231583,-77.500496
Rural Life Museum,Cascade St & College St,Mars Hill,NC,28754,35.8691,-82.521
Lake Pleasant Town Museum,2885 State Route 8,Speculator,NY,12164,43.50018,-74.366104
The Morgan Library & Museum,225 Madison Ave,New York,NY,10016,40.75168,-73.9799
Troy Museum & Historic Village,60 W Wattles Rd,Troy,MI,48098,42.577396,-83.149635
Iowa 80 Trucking Museum,515 Sterling Dr,Walcott,IA,52773,41.62185,-90.78165
Toy Soldiers Museum,5803 Schooner Way,Tampa,FL,33615,27.99756,-82.6002
Outlaws & Law Men Jail Museum,136 Bennett Dr,Cripple Creek,CO,80813,38.79111,-105.20211
Rutherford County Farm Museum,240 Depot St,Forest City,NC,28043,35.33089,-81.86462
Flagg Creek Museum,7425 Wolf Rd,Burr Ridge,IL,60527,41.753998,-87.89619
Dan O'laurie Canyon Country Museum,118 E Center St,Moab,UT,84532,38.573143,-109.548355
State of Nj State Museum,205 State Rd,Princeton,NJ,08540,40.369747,-74.66299
Clewiston Museum,109 Central Ave,Clewiston,FL,33440,26.753345,-80.93443
Louisiana State Exhibit Museum,3015 Greenwood Rd,Shreveport,LA,71109,32.48055,-93.78556
Whitey Museum Of American Art,239 11th Ave,New York,NY,10001,40.750675,-74.00591
Agricultural Heritage Museum,925 11th St,Brookings,SD,57006,44.31897,-96.79075
Tate House Museum,1267 Westbrook St,Portland,ME,04102,43.65767,-70.31209
Lowcountry Museum,1 Low Country Ln,Yemassee,SC,29945,32.72001,-80.804054
Boyer Museum of Animated Carvings,1205 M St,Belleville,KS,66935,39.828747,-97.63084
New Buffalo Railroad Museum,530 S Whittaker St,New Buffalo,MI,49117,41.787933,-86.7392
Arkansas State University Museum,110 Cooley Dr,State University,AR,72467,35.8427,-90.6742
Cape Ann Museum,13 Poplar St,Gloucester,MA,01930,42.623524,-70.67513
Irish Cultural Museum,933 Conti St,New Orleans,LA,70112,29.957268,-90.068954
National Civil War Museum,1 Lincoln Cir,Harrisburg,PA,17103,40.271996,-76.855644
Hillwood Art Museum,720 Northern Blvd,Greenvale,NY,11548,40.819443,-73.60084
Baron Arts Center & Museum,582 Rahway Ave,Woodbridge,NJ,07095,40.560917,-74.27406
Washington's Office Museum,32 W Cork St,Winchester,VA,22601,39.18245,-78.16734
Hammel Museum,217 Fisher Ave,Socorro,NM,87801,34.05737,-106.894135
White Bluffs Quilt Museum,4034 W Van Giesen St Ste D,West Richland,WA,99353,46.297707,-119.33993
Curtis Turner Museum,303 Norfolk Ave SW,Roanoke,VA,24016,37.272907,-79.94647
Lucille M Wright Air Museum,300 N Main St,Jamestown,NY,14701,42.096527,-79.24117
American Diner Museum,89 Industrial Cir,Lincoln,RI,02865,41.892265,-71.40937
Museum of Culpeper History,113 S Commerce St,Culpeper,VA,22701,38.472195,-77.99354
Rail Giants Train Museum,1101 W Mckinley Ave,Pomona,CA,91768,34.08131,-117.76695
American Folk Art Museum,2 Lincoln Sq,New York,NY,10023,40.773247,-73.98163
Pavek Museum of Broadcasting,3517 Raleigh Ave,Saint Louis Park,MN,55416,44.93952,-93.344086
Glenn Carbon Historic Museum,124 School St,Glen Carbon,IL,62034,38.74872,-89.97848
Minnewaukan Museum,210 C Ave S Old Us 281,Minnewaukan,ND,58351,48.0946,-99.3049
Kidspace Children's Museum,480 Arroyo Ter,Pasadena,CA,91103,34.15202,-118.166046
Children's Museum of Eastern Oregon,400 S Main St,Pendleton,OR,97801,45.67058,-118.785965
Asheville Museum of History,283 Victoria Rd,Asheville,NC,28801,35.570095,-82.55433
Alling Coverlet Museum,122 William St,Palmyra,NY,14522,43.064568,-77.231026
New England Museum Association,308 Congress St,Boston,MA,02210,42.351463,-71.0499
Philadelphia Historical Museum,303 Water Ave S,Philadelphia,MS,39350,32.77076,-89.11477
Mainland Museum of Texas City,409 6th St N,Texas City,TX,77590,29.388412,-94.902756
Carlsbad Museum and Art Center,418 W Fox St,Carlsbad,NM,88220,32.41932,-104.23118
Childrens Museum,2 W 7th St,Bloomsburg,PA,17815,40.997932,-76.452614
Century Village and Museum,14653 S Cheshire St,Burton,OH,44021,41.469868,-81.14496
Browntown Museum,154 W Main St,Lake City,SC,29560,33.874027,-79.755806
Chicago Baseball Museum,1611 W Harrison St,Chicago,IL,60612,41.87403,-87.66719
Thayer County Museum,110 9th St,Belvidere,NE,68315,40.25511,-97.56027
Grand Portage Museum,58 Upper Rd,Grand Portage,MN,55605,47.96765,-89.677864
The Aldrich Contemporary Art Museum,258 Main St,Ridgefield,CT,06877,41.27722,-73.497665
Women's Civil War Museum,204 E Broadway St,Bardstown,KY,40004,37.81166,-85.463875
Meigs County Museum,399 S 3rd Ave,Middleport,OH,45760,38.999367,-82.05103
Irene Hall Museum Resource Center,4300 N Westport Ave,Sioux Falls,SD,57107,43.59377,-96.76093
Pennsylvania Military Museum,51 Boal Ave,Boalsburg,PA,16827,40.780933,-77.8005
Visitors Center Museum Shop,600 College Dr,Charlottesville,VA,22902,38.00714,-78.480576
Old Cranks Museum,407 S Railroad Ave,Galax,VA,24333,36.657116,-80.91932
Weisman Art Museum,333 E River Pkwy,Minneapolis,MN,55455,44.97167,-93.236916
Bishop Hill Museum/Info,304 N Bishop Hill St,Bishop Hill,IL,61419,41.202007,-90.11896
George F Boyer Historical Museum,3907 Pacific Ave,Wildwood,NJ,08260,38.987408,-74.81639
Montauk Lighthouse Museum,2000 Montauk Hwy,Montauk,NY,11954,40.99769,-72.045204
Midtown Museum Native Cultures,1162 N Mountain Rd,Wingate,IN,47994,40.16982,-87.092155
Uncle Remus Museum,214 S Oak St,Eatonton,GA,31024,33.321274,-83.38807
Tracy Historical Museum,1141 Adam St,Tracy,CA,95376,37.74011,-121.42694
Metropolitan Museum Balcony Lounge,1000 5th Ave,New York,NY,10028,40.778423,-73.96246
Jundt Art Museum,202 W Cataldo Ave,Spokane,WA,99201,47.666275,-117.41533
Boonshoft Museum of Discovery,2600 Deweese Pkwy,Dayton,OH,45414,39.788197,-84.203064
Kellogg-Eddy House & Museum,679 Willard Ave,Newington,CT,06111,41.698273,-72.73407
California African American Museum,600 State Dr Exposition Park,Los Angeles,CA,90037,34.0035,-118.2861
The Connecticut Children's Museum,22 Wall St,New Haven,CT,06511,41.30862,-72.92159
Oyster Bay Rail Road Museum,102 Audrey Ave,Oyster Bay,NY,11771,40.87414,-73.53254
The Museum of Mathematics,11 E 26th St,New York,NY,10010,40.74333,-73.98754
Grevemberg House Museum,407 Sterling RD,Franklin,LA,70538,29.80163,-91.50042
Tulare County Museum,27000 S Mooney Blvd,Visalia,CA,93277,36.2804,-119.313225
Central States Scout Museum,815 Broadway St,Larned,KS,67550,38.18183,-99.09852
Grohmann Museum,1000 N Broadway,Milwaukee,WI,53202,43.043716,-87.90819
University of Colorado Museum,15th Broadway St,Boulder,CO,80304,40.0625,-105.2822
Ted Lewis Museum,133 W Main St,Circleville,OH,43113,39.602154,-82.94644
Allen House Museum,303 N Port Crescent St,Bad Axe,MI,48413,43.804455,-83.00073
Victorian Perambulator Museum,26 E Cedar St,Jefferson,OH,44047,41.732113,-80.768585
BJU Museum & Gallery Inc,1700 Wade Hampton Blvd,Greenville,SC,29614,34.875893,-82.364655
Geneseo Historical Museum,205 S State St,Geneseo,IL,61254,41.451828,-90.15596
Little Buckeye Childrens Museum,44 W 4th St,Mansfield,OH,44902,40.761196,-82.51721
Delmar Depot Museum,100 Railroad St,Calamus,IA,52729,41.827057,-90.760574
Iredell Museums,134 Court St,Statesville,NC,28677,35.783504,-80.88946
Aircraft Aviation Museum,3005 NE Cornell Rd,Hillsboro,OR,97124,45.531403,-122.95245
Lake County Historical Museum,317 W Main St,Tavares,FL,32778,28.802107,-81.73004
Phoenix Fire Museum,203 S Claiborne St,Mobile,AL,36602,30.68728,-88.04333
Koehnline Museum of Art,160 E Golf Rd,Des Plaines,IL,60016,42.04936,-87.91869
Healthworks Kids' Museum,111 W Jefferson Blvd,South Bend,IN,46601,41.675175,-86.251366
Woods Hole Historical Museum,579 Woods Hole Rd,Woods Hole,MA,02543,41.52335,-70.667915
Lawrence Lord's Old Farm Museum,Airline Rd,Alexander,ME,04694,45.12308,-67.34989
Selinski-Green Farmhouse Museum,22500 E 11 Mile Rd,Saint Clair Shores,MI,48081,42.49647,-82.88694
Stutsman County Memorial Museum,321 3rd Ave SE,Jamestown,ND,58401,46.906044,-98.70514
Captain Bangs Hallet House Museum,11 Strawberry Ln,Yarmouth Port,MA,02675,41.704937,-70.24304
United States Olympic Museum,111 S Tejon St,Colorado Springs,CO,80903,38.8318,-104.823494
South Carolina Maritime Museum,729 Front St,Georgetown,SC,29440,33.365856,-79.28287
Wilder Museum,Erie Ave,Youngsville,PA,16371,41.8607,-79.3248
Palmer Museum-Chiropractic,115 E 7th St,Davenport,IA,52803,41.52665,-90.57357
Decatur County Museum,258 S Penn Ave,Oberlin,KS,67749,39.818054,-100.52874
Seneca Museum,89 Fall St,Seneca Falls,NY,13148,42.910313,-76.798035
Carter County Museum,306 Belltower Mail Rd,Ekalaka,MT,59324,45.67538,-104.32626
Abbot-Spalding House Museum,5 Abbott St,Nashua,NH,03064,42.766426,-71.468575
Coastal Arts League & Museum,300 Main St,Half Moon Bay,CA,94019,37.46583,-122.42908
Higgins Museum,1507 Sanborn Ave,Okoboji,IA,51355,43.381996,-95.13512
Museum-Contemporary Native,201 W Marcy St,Santa Fe,NM,87501,35.689835,-105.93918
Folk Music Center Museum,220 Yale Ave,Claremont,CA,91711,34.09591,-117.717735
Heritage Park Village Museum,220 Peyri Dr,Oceanside,CA,92057,33.23652,-117.321106
Flagler Beach Historical Museum,207 S Central Ave,Flagler Beach,FL,32136,29.479935,-81.12773
Salamanca Rail Museum,170 N Main St,Salamanca,NY,14779,42.16029,-78.71428
Museum Of Ashe County History,301 W Main St,Jefferson,NC,28640,36.420444,-81.478905
Glbt History Museum,4127 18th St,San Francisco,CA,94114,37.76071,-122.435715
American Museum of Natural History,15 W 77th St,New York,NY,10024,40.780132,-73.974754
Rim Country Museum,700 S Valley Dr,Payson,AZ,85541,34.009064,-111.31921
March Field Museum,16222 Van Buren Blvd,March Air Reserve Base,CA,92518,33.887524,-117.3018
Hoboken Fire Department Museum,213 Bloomfield St,Hoboken,NJ,07030,40.73909,-74.03106
Underground Railroad Museum,2000 Belmont Mansion Dr,Philadelphia,PA,19131,39.9917,-75.21288
Cardboard Boat Museum,311 Front St,New Richmond,OH,45157,38.952,-84.28453
Nature Museum At Grafton,186 Townshend Rd,Grafton,VT,05146,43.170208,-72.610634
Newton Fire Museum Fire Department,150 Spring St,Newton,NJ,07860,41.057228,-74.75156
Cabazon Cultural Museum,84245 Indio Springs Dr,Indio,CA,92203,33.722057,-116.195145
Greensboro Children's Museum,220 N Church St,Greensboro,NC,27401,36.074505,-79.786446
Whalan Museum,224 2nd Ave,Lanesboro,MN,55949,43.732838,-91.927185
Kingston History Museum,15 E Main St,Kingston,GA,30145,34.235443,-84.94465
Lincoln Area Archive Museum,472 E St,Lincoln,CA,95648,38.891487,-121.29046
Sheerar Museum,702 S Duncan St,Stillwater,OK,74074,36.114346,-97.06148
Oliver House Museum,808 W Washington St,South Bend,IN,46601,41.676155,-86.26244
Fairbanks Ice Museum,500 2nd Ave,Fairbanks,AK,99701,64.84373,-147.71783
The Bakken Museum,3537 Zenith Ave S,Minneapolis,MN,55416,44.938583,-93.321625
Paterson Museum,2 Market St,Paterson,NJ,07501,40.91356,-74.17906
Fairbanks Children's Museum,302 Cushman St Ste 101,Fairbanks,AK,99701,64.84259,-147.72118
Delaware Sports Museum & Hall,801 Shipyard Drive,Wilmington,DE,19801,39.73308,-75.56355
Fenton Museum,310 S Leroy St,Fenton,MI,48430,42.793842,-83.70547
Jack Hadley Black History Museums,214 Alexander St,Thomasville,GA,31792,30.838903,-83.993645
Museum of Missouri Military History,2405 County Road 501,Jefferson City,MO,65101,38.48542,-92.00389
Wrightsville Beach Museum,303 W Salisbury St,Wrightsville Beach,NC,28480,34.21669,-77.8055
National Afro-American Museum,1350 Brush Row Rd,Wilberforce,OH,45384,39.71642,-83.88156
Pipestone County Museum,113 S Hiawatha Ave,Pipestone,MN,56164,44.000088,-96.31742
Jubilee Museum,57 S Grubb St,Columbus,OH,43215,39.958897,-83.01764
Southern Museum and Galleries,210 E Main St,McMinnville,TN,37110,35.680943,-85.771164
Winifred Museum,210 Main St,Winifred,MT,59489,47.559566,-109.37715
Museum of the Marine,PO Box 1046,Jacksonville,NC,28541,34.8167,-77.4362
Philadelphia Museum of Art,2600 Benjamin Franklin Pkwy,Philadelphia,PA,19130,39.964718,-75.1793
Miller-Cory House Museum,614 Mountain Ave,Westfield,NJ,07090,40.662285,-74.35021
Honolulu Museum-Art Spalding,2411 Makiki Heights Dr,Honolulu,HI,96822,21.312418,-157.833
Deltaville Maritime Museum,287 Jackson Creek Rd,Deltaville,VA,23043,37.55146,-76.325935
Nostalgia City Museum 2 Inc,1301 N Kings Hwy,Myrtle Beach,SC,29577,33.69702,-78.87872
Red River Valley Museum,4600 College Dr,Vernon,TX,76384,34.155933,-99.321205
Prehistoric Museum,155 E Main St,Price,UT,84501,39.59968,-110.80817
Ft Meade Museum,50 Sheridan Rd,Fort Meade,SD,57741,44.410748,-103.47139
Clyde Museum,124 W Buckeye St,Clyde,OH,43410,41.304844,-82.975746
Osawatomie Museum & Railroad Depot,628 Main St,Osawatomie,KS,66064,38.49892,-94.95154
Mississippi River Museum,604 Main St,Grand Tower,IL,62942,37.630283,-89.5033
Wonderfeet Kid's Museum,11 Center St,Rutland,VT,05701,43.606606,-72.97942
Kalamazoo Valley Museum,230 N Rose St,Kalamazoo,MI,49007,42.29314,-85.58463
Beller Museum,129 Oak Ave,Westmont,IL,60559,41.79324,-87.96777
Ralph J Passarella Museum,128 S Main St,Loretto,TN,38469,35.07756,-87.43986
Blue Rose Museum,6428 Airport Rd,Crowley,LA,70526,30.169231,-92.40603
The Museum at Bethel Woods,200 Hurd Rd,Bethel,NY,12720,41.6771,-74.8879
Harrington Railroad Museum,110 Fleming St,Harrington,DE,19952,38.925137,-75.57831
Willow Creek China Flat Museum,38949 State Highway 299,Willow Creek,CA,95573,40.93974,-123.63237
The Museum of Black WW II History,71 Plymouth Rd,Stamford,CT,06906,41.06947,-73.52961
Motte Historical Museum,445 S D St,Perris,CA,92570,33.78168,-117.22847
Scotia Museum,122 Main St,Scotia,CA,95565,40.47928,-124.10266
Museum of the American West,1445 Main St,Lander,WY,82520,42.841064,-108.745514
Hunter House Victorian Museum,240 W Freemason St,Norfolk,VA,23510,36.852226,-76.292465
Bay of Pigs Museum,13651 NW 107th Ave,Hialeah,FL,33018,25.897568,-80.3722
Museum of Young Art,110 W Fayette St,Syracuse,NY,13202,43.048824,-76.15259
"Eldred World War Ii Museum,",201 Main St,Eldred,PA,16731,41.954395,-78.385124
Bradbury Science Museum,1663 Los Alamos,Los Alamos,NM,87544,35.8821,-106.3082
Freeborn County Historical Museum,1031 Bridge Ave,Albert Lea,MN,56007,43.660965,-93.359
Legacy Museum,1 Benjamin F Payton Dr,Tuskegee Institute,AL,36088,32.4177,-85.716
Shriver House Museum,309 Baltimore St,Gettysburg,PA,17325,39.82659,-77.23127
Zimmer Children's Museum,6505 Wilshire Blvd Ste 100,Los Angeles,CA,90048,34.064213,-118.37068
Medina Railroad Museum,Po Box 136,Medina,NY,14103,43.2206,-78.3884
Maine Archives & Museums,Po Box 784,Portland,ME,04104,43.6582,-70.2671
Town of Yorktown Museum,1974 Commerce St,Yorktown Heights,NY,10598,41.27585,-73.781685
Sutliff Museum,444 Mahoning Ave NW,Warren,OH,44483,41.240044,-80.823044
Moxie Museum,2 Main St,Lisbon Falls,ME,04252,43.996326,-70.061
Muscle Car Legends Museum,3600 NE Lincoln Rd,Idabel,OK,74745,33.924088,-94.76918
Imagica International Museum,9 Greentree Ter,Tenafly,NJ,07670,40.922256,-73.97869
Hardin County Farm Museum,501 Oak Ave,Eldora,IA,50627,42.36522,-93.089935
Montana Masonic Museum,425 N Park Ave,Helena,MT,59601,46.590946,-112.04
Suffolk Museum,118 Bosley Ave,Suffolk,VA,23434,36.729168,-76.59471
International Vinegar Museum,502 1st St,Roslyn,SD,57261,45.500565,-97.54011
Gem County Museum,501 E 1st St,Emmett,ID,83617,43.874485,-116.49424
Cuban Museum,1500 S Dixie Hwy Ste 200,Coral Gables,FL,33146,25.70937,-80.28289
Wagaman Mill/Museum,PO Box 113,Lynnville,IA,50153,41.5781,-92.7824
Art Car Museum,140 Heights Blvd,Houston,TX,77007,29.772118,-95.39704
Odebolt Museum,137 W 2nd St,Odebolt,IA,51458,42.312206,-95.25214
Medicine Bow Museum,405 Lincoln Hwy,Medicine Bow,WY,82329,41.89539,-106.20067
Englewood Textile Museum,109 S Niota Rd,Englewood,TN,37329,35.425602,-84.487656
Chicago Blues Museum Gallery,3636 S Iron St,Chicago,IL,60609,41.827595,-87.65951
Coyote Point Museum,Coyote Point Museum 1651,San Mateo,CA,94401,37.5722,-122.3215
University Museum & Historic House,University Ave & 5th St,Oxford,MS,38655,34.354,-89.51
Fort Stewart Museum,2022 Veterans Pkwy,Fort Stewart,GA,31314,31.861582,-81.612854
Colorado Computer Museum,1241 W 8th St,Loveland,CO,80537,40.400124,-105.09507
San Bernardino Museums,8810 Hemlock St,Rancho Cucamonga,CA,91730,34.110035,-117.61071
Antelope Valley Rural Museum,2500 E Ave H,Lancaster,CA,93536,34.718,-118.2964
Apron Museum,110 E Eastport St,Iuka,MS,38852,34.811745,-88.189674
Thomas T. Taber Museum,858 W 4th St,Williamsport,PA,17701,41.239803,-77.0193
Foley Museum and Archives,125 E Laurel Ave,Foley,AL,36535,30.406538,-87.68288
Peter J McGovern Museum & Store,525 Us Highway 15,South Williamsport,PA,17702,41.23016,-76.99094
Tekamah Museum Annex,322 N 12th St,Tekamah,NE,68061,41.7812,-96.21974
Museum of Science Inc,1101 Biscayne Blvd,Miami,FL,33132,25.784954,-80.18902
Whitingham Historical Museum,669 Reed Hill Rd,Jacksonville,VT,05342,42.794746,-72.80749
Business History and Tech Museum,1200 Philadelphia Pike,Wilmington,DE,19809,39.780663,-75.48426
The Penobscot Nation Museum,5 River St,Old Town,ME,04468,44.934525,-68.64261
Museum of Mountain Flying,5225 W Broadway St,Missoula,MT,59808,46.916607,-114.074135
Macculloch Hall Historical Museum,45 Macculloch Ave,Morristown,NJ,07960,40.79212,-74.48143
Providence Fire Museum,234 Washington St,Providence,RI,02903,41.821316,-71.41688
Ski Museum of Maine,256 Main St,Kingfield,ME,04947,44.95875,-70.15512
Gateway Science Museum,625 Esplanade,Chico,CA,95926,39.733826,-121.84321
Gothenburg Historical Museum,1420 Avenue F,Gothenburg,NE,69138,40.93235,-100.15877
GWGVFD Fire Museum,801 Russell Ave,Gaithersburg,MD,20879,39.154938,-77.20959
Talkeetna Historical Society Museum,Talkeetna Spur And D St.,Talkeetna,AK,99676,62.323895,-150.11266
Palmer Museum of History and Art,723 S Valley Way,Palmer,AK,99645,61.59862,-149.11336
Museum Of Reclaimed Urban Space,155 Avenue C,New York,NY,10009,40.725746,-73.977844
Chana School Museum,201 N River Rd,Oregon,IL,61061,42.017853,-89.32484
Jeffersontown Museum,10635 Watterson Trl,Louisville,KY,40299,38.198837,-85.56017
Dahesh Museum of Art,145 Avenue Of The Americas,New York,NY,10013,40.725117,-74.00478
Tulsa Art Deco Museum,511 S Boston Ave,Tulsa,OK,74103,36.151806,-95.98864
Legacy of the Plains Museum,2930 Old Oregon Trl,Gering,NE,69341,41.821594,-103.69054
King William Historical Museum,227 Horse Landing Rd,King William,VA,23086,37.689415,-77.012856
Washburn Historical Museum,1 E Bayfield St,Washburn,WI,54891,46.67324,-90.89134
Crane Point Museum & Nature Center,5550 Overseas Hwy,Marathon,FL,33050,24.716497,-81.07556
Glendower Museum Ohio,105 Cincinnati Ave,Lebanon,OH,45036,39.43084,-84.21107
Matagorda County Museum Annex,2116 Avenue F,Bay City,TX,77414,28.98269,-95.97018
MS Wildfire Heritage Museum,304 N Broad St,Leland,MS,38756,33.40519,-90.89763
White Plains Museum Gallery,100 Martine Ave,White Plains,NY,10601,41.03069,-73.76962
Hagerstown Aviation Museum,14235 Oak Springs Rd,Hagerstown,MD,21742,39.707302,-77.72129
Law Enforcement Museum,1201 W 1st Ave,Spokane,WA,99201,47.656387,-117.4302
Lynn Museum/Lynnarts,590 Washington St,Lynn,MA,01901,42.46296,-70.94399
Lordsburg-Hildalgo County Museum,710 E 2nd St,Lordsburg,NM,88045,32.347267,-108.7011
Fashion Archives & Museum,1871 Old Main Dr,Shippensburg,PA,17257,40.05732,-77.52235
Southeast Wisconsin Aviation Museum,333 N Green Bay Rd,Racine,WI,53404,42.7448,-87.8066
Heritage Village Museum,157 Private Road 8270,Woodville,TX,75979,30.732506,-94.418625
Pinos Altos Historical Museum,33 Main St,Pinos Altos,NM,88053,32.866535,-108.22117
National Trolley Museum,25 Shattuck St,Lowell,MA,01852,42.644985,-71.31287
Mississippi Museum of Art,380 S Lamar St,Jackson,MS,39201,32.296745,-90.18658
Otero Museum,3rd Anderson Ave,La Junta,CO,81050,37.9842,-103.5359
Paulson's Agriculture Museum,6950 Belvidere Rd,Caledonia,IL,61011,42.362133,-88.94201
Whydah Museum,16 Macmillan Wharf,Provincetown,MA,02657,42.049797,-70.18259
Colma Museum,1500 Hillside Blvd,Colma,CA,94014,37.682514,-122.456406
InfoZone News Museum,100 E Abriendo Ave,Pueblo,CO,81004,38.25975,-104.62088
Strawberry Museum,1200 E Main St,Humboldt,TN,38343,35.81984,-88.91875
Lutz Childrens Museum,247 S Main St,Manchester,CT,06040,41.755447,-72.52041
Byron Museum,6405 Townline Rd,Byron,NY,14422,43.079662,-78.058014
Metropolitian Museum Of Art,295 Central Park W,New York,NY,10024,40.78767,-73.96782
Blowing Rock Art & History Museum,7738 Valley Blvd,Blowing Rock,NC,28605,36.133965,-81.67158
Cypress Manor Museum,715 2nd St,Morgan City,LA,70380,29.696411,-91.20886
John D Murray Firefighters Museum,35 E Cayuga St,Oswego,NY,13126,43.4597,-76.50609
Fusion Arts Museum,57 Stanton St,New York,NY,10002,40.721874,-73.99039
Colton Hall Museum,570 Pacific St,Monterey,CA,93940,36.59738,-121.89705
Lowell Historical Museum,304 Jackson Pl,Lowell,AR,72745,36.25917,-94.13246
Museum of The American Piano,291 Broadway,New York,NY,10007,40.714897,-74.00593
Eden Regional Farm Museum,8326 N Main St,Eden,NY,14057,42.659904,-78.893326
National Veterans Art Museum,4041 N Milwaukee Ave,Chicago,IL,60641,41.954315,-87.748474
St Mary's College Museum-Art,1928 Saint Marys Rd,Moraga,CA,94556,37.848003,-122.10781
Burlingame Schuyler Museum,117 S Dacotah St,Burlingame,KS,66413,38.753365,-95.83711
Government Offices City Museums,111 Rochell Ln,Petersburg,VA,23803,37.22649,-77.38852
Old Jail Museum,109 Madison St,Thompson Falls,MT,59873,47.596527,-115.35084
Oriental's History Museum,802 Broad St,Oriental,NC,28571,35.030945,-76.69289
Minnesota Vikings Museum,2645 Vikings Cir,Saint Paul,MN,55121,44.859566,-93.115524
Johnson County Museum,6305 Lackman Rd,Shawnee,KS,66217,39.014133,-94.76105
Pioneer Heritage Museum,675 E South St,Marengo,IA,52301,41.796967,-92.06186
City of Birmingham Museum of Art,2817 3rd Ave S,Birmingham,AL,35233,33.515244,-86.79126
Sandcastles Children's Museum,129 E Ludington Ave,Ludington,MI,49431,43.955704,-86.44682
Norfolk Museum,13 Village Grn,Norfolk,CT,06058,41.988415,-73.19909
Dodrill's Museum,123 S Cleveland Ave,Cushing,OK,74023,35.97927,-96.77286
North Alabama Railroad Museum,694 Chase Rd NE,Huntsville,AL,35811,34.78367,-86.546555
Saratoga Museum,104 Constitution Ave,Saratoga,WY,82331,41.444794,-106.80719
Seymour Community Museum,133 Depot St,Seymour,WI,54165,44.512543,-88.32963
Kidzu Children's Museum,123 E Franklin St,Chapel Hill,NC,27514,35.913635,-79.0549
Tom Clark Museum,131 N Main St,Davidson,NC,28036,35.499447,-80.84858
Los Alamitos Museum Association,11062 Los Alamitos Blvd,Los Alamitos,CA,90720,33.80209,-118.07163
Ashville Museum,34 Long St,Ashville,OH,43103,39.713814,-82.95338
Shea Field Naval Aviation Museum,495 Shea Memorial Dr,South Weymouth,MA,02190,42.160526,-70.94016
Memphis Brooks Museum of Art,1934 Poplar Ave,Memphis,TN,38104,35.14241,-89.99581
John Brown House Museum,52 Power St,Providence,RI,02906,41.82284,-71.40266
Dartford Depot Museum,554 Mill St,Green Lake,WI,54941,43.847507,-88.95991
American Museum-Natrl History,11 W 77th St,New York,NY,10024,40.779938,-73.97428
Colburn Gem & Mineral Museum,2 S Pack Sq,Asheville,NC,28801,35.59483,-82.55147
Sma African Art Museum,23 Bliss Ave,Tenafly,NJ,07670,40.909763,-73.96255
Chesapeake Bay Maritime Museum,213 N Talbot St,Saint Michaels,MD,21663,38.788044,-76.224945
Museum of the African Diaspora,14115 Mead St,Mead,CO,80504,40.206497,-104.97466
Longport Museum and Library,2305 Atlantic Ave,Longport,NJ,08403,39.31164,-74.527756
Historic Cody Mural and Museum,1719 Wyoming Ave,Cody,WY,82414,44.530544,-109.05395
Sandy Ground Historical Museum,1538 Woodrow Rd,Staten Island,NY,10309,40.54114,-74.216484
The Jewish Museum of New Jersey,145 Broadway,Newark,NJ,07104,40.755184,-74.169975
Prairie Aviation Museum,2929 E Empire St,Bloomington,IL,61704,40.487823,-88.928505
Southern Alleghenies Museum of Art,112 Franciscan Way,Loretto,PA,15940,40.50259,-78.63697
Carver Price Legacy Museum,102 Carver Ln,Appomattox,VA,24522,37.360477,-78.82961
Small Museums,PO Box 6662,Portland,OR,97228,45.537,-122.6501
Kaw City Museum,910 Washunga Dr,Kaw City,OK,74641,36.76573,-96.865105
99s Museum of Women Pilots,4300 Amelia Earhart Dr Ste A,Oklahoma City,OK,73159,35.40611,-97.59492
Anderson County Historical Museum,406 W 4th Ave,Garnett,KS,66032,38.28089,-95.248245
Bolduc House Museum,125 S Main St,Sainte Genevieve,MO,63670,37.978493,-90.042755
Edmond Historical Society & Museum,431 S Boulevard,Edmond,OK,73034,35.650608,-97.478386
Metropolitan Museum of Art,6626 Metropolitan Ave,Middle Village,NY,11379,40.712166,-73.89152
Mickey's Museum,1224 E US Highway 24,Hoxie,KS,67740,39.35802,-100.42232
North Country Museum Of Arts,301 Court Ave,Park Rapids,MN,56470,46.919903,-95.06329
Jenney Museum,48 Summer St,Plymouth,MA,02360,41.95392,-70.66531
Gar Hall & Museum,308 N Marshall Ave,Litchfield,MN,55355,45.12889,-94.52646
Museum of Apopkans,122 E 5th St,Apopka,FL,32703,28.671743,-81.50861
North House Museum,301 W Washington St,Lewisburg,WV,24901,37.80285,-80.4475
Irion County Museum,112 E Fayette Ave,Mertzon,TX,76941,31.25925,-100.818115
White Pine Public Museum,2000 Aultman St,Ely,NV,89301,39.25259,-114.87878
Ossining Historical Society Museum,196 Croton Ave,Ossining,NY,10562,41.167076,-73.84581
Suwannee Historical Museum,208 Ohio Ave N,Live Oak,FL,32064,30.297575,-82.98338
Tilghman Watermens Museum,5778 Tilghman Island Rd,Tilghman,MD,21671,38.710613,-76.338066
Octagon Hall Museum,6040 Bowling Green Rd,Franklin,KY,42134,36.807053,-86.5576
Montana Law Enforcement Museum,1200 10th Ave S Ste 19,Great Falls,MT,59405,47.49402,-111.287155
Salem Historic District Museum,310 Main St,Salem,NH,03079,42.789734,-71.1999
Somers Historical Museum,9 Battle St,Somers,CT,06071,41.98605,-72.44383
Carthage Museum,202 Rockingham St,Carthage,NC,28327,35.342216,-79.41444
Tippah County Historical Museum,106 N Siddall St,Ripley,MS,38663,34.731377,-88.94729
Overland Trail Museum,110 Overland Trail,Sterling,CO,80751,40.63062,-103.22118
Little Bear School House Museum,76200 Gallatin Rd,Gallatin Gateway,MT,59730,45.589725,-111.19683
Douglas Loln Debate Museum,126 E St,Charleston,IL,61920,39.497124,-88.18673
H.H. Bennett Studio & Museum,215 Broadway,Wisconsin Dells,WI,53965,43.627808,-89.77511
Aquarius No.1 Fire Museum,16 Summer St,Peterborough,NH,03458,42.87943,-71.949265
Railroaders Memorial Museum,1200 S 9th St,Altoona,PA,16602,40.50683,-78.380806
Wilber Czech Museum,102 W 3rd St,Wilber,NE,68465,40.481487,-96.960724
Portsmouth Museums,521 Middle St,Portsmouth,VA,23704,36.835766,-76.299225
St Francis Motorcycle Museum,110 E Washington St,Saint Francis,KS,67756,39.77434,-101.80117
Hermitage Museum Usa,505 Park Ave Fl 20,New York,NY,10022,40.763027,-73.969376
Decordova Sculpture Park & Museum,51 Sandy Pond Rd,Lincoln,MA,01773,42.42844,-71.31232
Eastern Oregon Fire Museum,102 Elm St,La Grande,OR,97850,45.32762,-118.09406
Tubman African American Museum,8330 W Sahara Ave,Las Vegas,NV,89117,36.144176,-115.27282
Cowpens Museum & Civic Center,117 Brown St,Cowpens,SC,29330,35.015057,-81.80249
Roger Maris Museum,3902 13th Ave S,Fargo,ND,58103,46.860714,-96.845345
Ybor City Museum Society,2009 Angel Oliva Senior St,Tampa,FL,33605,27.961868,-82.43906
Wonder Workshop Children's Museum,506 S 4th St,Manhattan,KS,66502,39.174465,-96.56208
Collins Aerospace Museum,350 Collins Rd NE Bldg 120,Cedar Rapids,IA,52498,42.02823,-91.6363
Fulda Depot Museum,105 Front St W,Fulda,MN,56131,43.869587,-95.60039
Museum Square Apartments,8 Johnson St,North Andover,MA,01845,42.683784,-71.11235
Pike County Museum,400 E Jefferson St,Pittsfield,IL,62363,39.608955,-90.80275
Ellwood House Museum,509 N 1st St,Dekalb,IL,60115,41.93565,-88.75171
Museum-Miniature Houses,200 Clock Tower Pl,Carmel,IN,46032,39.9699,-86.1604
Great River Childrens Museum,111 7th Ave S,Saint Cloud,MN,56301,45.558956,-94.159584
Kidcity Children's Museum,119 Washington St,Middletown,CT,06457,41.56177,-72.65207
National Balloon Museum,15407 Jewell St,Indianola,IA,50125,41.36112,-93.51278
Heritage Museum of Asian Art,218 W 26th St,Chicago,IL,60616,41.84568,-87.6328
Johnny Clock Museum,3161 218th Blvd,Lockridge,IA,52635,40.994938,-91.76685
Glendora Museum,314 N Glendora Ave,Glendora,CA,91741,34.1399,-117.86529
Levy County Quilt Museum,11050 NW 10th Ave,Chiefland,FL,32626,29.491592,-82.789635
Tempe History Museum,809 E Southern Ave,Tempe,AZ,85282,33.3928,-111.92787
Hefner Museum Of Natural History,100 Tappan Hall,Oxford,OH,45056,39.50232,-84.73097
Italian American Museum,1806 Hering Ave,Bronx,NY,10461,40.85136,-73.84971
Museum Of The Mountain Man,700 State Highway 352,Pinedale,WY,82941,42.96608,-109.988914
Museum of Pioneer History,717 Manvel Ave,Chandler,OK,74834,35.70345,-96.88095
Atascadero Historical Museum,6600 Lewis Ave,Atascadero,CA,93422,35.489864,-120.66648
Dr. John Harris Dental Museum,1370 Dublin Rd,Columbus,OH,43215,39.982117,-83.063446
Sharlot Hall Museum,1105 Commerce Dr,Prescott,AZ,86305,34.608482,-112.46248
Marshall County Historical Museum,206 W State St,Marshalltown,IA,50158,42.05026,-92.91651
Scottsboro Boys Museum,200 W Willow St,Scottsboro,AL,35768,34.673733,-86.03538
Wolcott House Museum Complex,1031 River Rd,Maumee,OH,43537,41.572327,-83.638535
Northwest African American Museum,2300 S Massachusetts St,Seattle,WA,98144,47.58848,-122.30151
Buffalo Harbor Museum,66 Erie St,Buffalo,NY,14202,42.881626,-78.878265
Cripple Creek District Museum,5th & Bennett Ave,Cripple Creek,CO,80813,38.7466,-105.173
Plains Art Museum,704 1st Ave N,Fargo,ND,58102,46.87703,-96.791725
Think Link Discovery Museums,2609 N 2nd St,La Grande,OR,97850,45.33664,-118.099045
Coral Gables Museum,285 Aragon Ave,Coral Gables,FL,33134,25.7505,-80.260345
R C Baker Museum,297 W Elm Ave,Coalinga,CA,93210,36.13772,-120.36203
Springfield Museum,590 Main St,Springfield,OR,97477,44.046318,-123.01857
Agricultural Museum,4498 E State Highway 140,Merced,CA,95340,37.295372,-120.40691
Heart of Dixie Railroad Museum,1919 9th St,Calera,AL,35040,33.098778,-86.75006
Bridger Valley Heritage Museum,100 E Sage Town Hall 2,Lyman,WY,82937,41.3353,-110.3042
Heart of Route 66 Auto Museum,13 Sahoma Lake Rd,Sapulpa,OK,74066,35.995174,-96.129814
Wistariahurst Museum,238 Cabot St,Holyoke,MA,01040,42.20529,-72.617096
Alameda Historical Museum,2324 Alameda Ave,Alameda,CA,94501,37.763462,-122.244064
Joshua Hendy Iron Man Museum,401 E Hendy Ave,Sunnyvale,CA,94086,37.377876,-122.02733
Joel Lane Museum House Inc,728 W Hargett St,Raleigh,NC,27603,35.778812,-78.65097
99's Museum of Women Pilots,Will Rogers World Airport,Oklahoma City,OK,73159,35.3849,-97.5614
House of Yesteryear Museum,N 6944 Harry Peterson Rd,Foster City,MI,49834,45.968693,-87.74226
Victims Of Communism Museum,900 15th St NW,Washington,DC,20005,38.901443,-77.03481
Museum of Outdoor Arts,1000 Englewood Pkwy,Englewood,CO,80110,39.65488,-104.9984
Cave Spring History Museum,4 Rome Rd SW,Cave Spring,GA,30124,34.10864,-85.33536
Museum of Womens History,2822 3rd Ave N,Billings,MT,59101,45.78346,-108.50785
3 Boston Museum,1 Trail Head Park Plz,New Boston,TX,75570,33.4577,-94.4225
Horacon Museum,133 Cornelia St,Plattsburgh,NY,12901,44.698765,-73.460526
Hencken House Museum-Wildwood,18750 Highway 100,Wildwood,MO,63069,38.549557,-90.70932
Csaa Alarm History Museum,8150 Leesburg Pike Ste 700,Vienna,VA,22182,38.916016,-77.22643
Textile Museum,701 21st St NE,Washington,DC,20002,38.89914,-76.974014
Hammond Museum,1 N Main St,Hammond,NY,13646,44.45104,-75.69334
Beaufort History Museum,713 Craven St,Beaufort,SC,29902,32.432835,-80.67016
Museum of Art & Origins,430 W 162nd St,New York,NY,10032,40.835136,-73.93873
The Watermen's Museum,309 Water St,Yorktown,VA,23690,37.239162,-76.51064
Long Island Maritime Museum,88 West Ave,West Sayville,NY,11796,40.723583,-73.09442
Beaver Creek School Museum,9702 Beaver Creek Church Rd,Hagerstown,MD,21740,39.582413,-77.64708
Gregg House Museum,115 S Linden Ave,Elmhurst,IL,60126,41.897537,-87.928635
Western Mining & Railroad Museum,294 S Main St,Helper,UT,84526,39.682796,-110.85487
Winterville Museum,2543 Church St,Winterville,NC,28590,35.528408,-77.400826
Historical Society & Museum,320 S 5th Ave,West Bend,WI,53095,43.4202,-88.18255
Civil War Veterans Museum,910 1st Corso,Nebraska City,NE,68410,40.675877,-95.85728
Onslow County Museum,301 S Wilmington St,Richlands,NC,28574,34.897415,-77.54773
African American Museum,588 N Gulph Rd,King Of Prussia,PA,19406,40.092766,-75.41605
City of Wayne Historical Museum,1 Towne Square St,Wayne,MI,48184,42.2816,-83.38615
The Traveling Museum,303 Mohawk Ave,Schenectady,NY,12302,42.827633,-73.96834
Buena Vista Heritage Museum,511 W Main St,Buena Vista,CO,81211,38.840294,-106.13723
Bainbridge Island Historical Museum,215 Ericksen Ave NE,Bainbridge Island,WA,98110,47.62594,-122.517235
Living Farm Museum,320 Kilo Vista Rd,Pocahontas,AR,72455,36.2382,-91.0816
Doctors House Museum,1601 W Mountain St,Glendale,CA,91201,34.181355,-118.2782
Provo Pioneer Museum,500 W 500 N,Provo,UT,84601,40.24057,-111.66744
Extreme Mount Washington Museum,2779 White Mountain Hwy,North Conway,NH,03860,44.05482,-71.12908
Mingei International Museum,1439 El Prado,San Diego,CA,92101,32.731316,-117.151024
Stephenville Museum,525 E Washington St,Stephenville,TX,76401,32.222343,-98.19904
Doll House Museum,2004 State St,Harrisburg,PA,17103,40.273697,-76.86141
Jyf-Js-Ar Museum Yorktown,2110 Jamestown Rd,Williamsburg,VA,23185,37.22754,-76.782776
Boca Raton Children's Museum,498 Crawford Blvd,Boca Raton,FL,33432,26.354452,-80.09164
Perrin Air Force Base Museum,436 McCullum Ave,Pottsboro,TX,75076,33.812,-96.6927
Favell Museum,125 W Main St,Klamath Falls,OR,97601,42.219315,-121.79093
Frontier Museum,6330 1st Ave W,Williston,ND,58801,48.203968,-103.62376
Arab American National Museum,13624 Michigan Ave,Dearborn,MI,48126,42.32219,-83.176285
Littleton Museum,6028 S Gallup St,Littleton,CO,80120,39.606335,-105.001976
New Madrid Historical Museum,1 Main St,New Madrid,MO,63869,36.58431,-89.5265
Air Force Museum Foundation Inc,20489 Springfield Pike,Dayton,OH,45431,39.78762,-84.10986
Anheuser Museum and Estate,6000 Windsor Harbor Ln,Imperial,MO,63052,38.361225,-90.361305
Huntington Fire Museum,816 9th St,Huntington,WV,25701,38.414623,-82.44196
Breckenridge Aviation Museum,Stephens County Airport,Breckenridge,TX,76424,32.7674,-98.897
Scarabocchio Art Museum,800 Main St,Stevens Point,WI,54481,44.52357,-89.58607
Cmu-Museum of Natural History,650 E Bellows St,Mount Pleasant,MI,48858,43.59339,-84.769485
Varnum House Museum,57 Pierce Rd,East Greenwich,RI,02818,41.64407,-71.4677
Schepis Museum,103 Main St,Colfax,LA,71417,31.517368,-92.71172
Garetired Educators Museum,4311 Falcon Pkwy,Flowery Branch,GA,30542,34.19167,-83.89526
Iosco County Historical Museum,405 E Bay St,East Tawas,MI,48730,44.28033,-83.48646
Heritage Museum,4509 Prospect Cir,Baltimore,MD,21216,39.315655,-76.69223
Garfield Farm Museum,3N016 Garfield Rd,Saint Charles,IL,60175,41.91105,-88.40149
Pyle House Museum,376 Idaho Ave SE,Huron,SD,57350,44.362328,-98.208954
Mighty Eighth Air Force Museum,204 W Saint Julian St,Savannah,GA,31401,32.080833,-81.09435
Santa Monica Museum of Art,2419 Michigan Ave,Los Angeles,CA,90033,34.045017,-118.207886
Museum Louvre It Or Leave It,608 2nd Ave S,Minneapolis,MN,55402,44.976467,-93.26913
Swan Valley Museum,6774 Mt Highway 83,Condon,MT,59826,47.524685,-113.70689
Mummers Museum,1100 S 2nd St,Philadelphia,PA,19147,39.93355,-75.14752
Old Schoolhouse/Firehouse Museum,6 Passaic Ave,Ogdensburg,NJ,07439,41.080555,-74.59341
Museums International,3338 W Lake Ave,Glenview,IL,60026,42.087727,-87.84122
Allison-Deaver House Museum,416 Old Nc 280,Pisgah Forest,NC,28768,35.28637,-82.690796
Cooke City Montana Museum,206 Main St W,Cooke City,MT,59020,45.01919,-109.93651
Railroad Museum of Pennsyivania,300 Gap Rd,Ronks,PA,17572,39.982594,-76.16239
Coleman House Museum,456 Old Ne Highway 7,Ainsworth,NE,69210,42.5331,-99.8645
Kansas Firefighters Museum,1300 S Broadway Ave,Wichita,KS,67211,37.669247,-97.33535
Planes of Fame Air Museum,755 Mustang Way,Williams,AZ,86046,35.647945,-112.14092
Augusta Museum of History,560 Reynolds St,Augusta,GA,30901,33.475025,-81.960724
Jane L & Robert H Weiner Museum,6125 Montrose Rd,Rockville,MD,20852,39.05289,-77.123825
Spelman College Museum of Fine Art,440 Westview Dr SW,Atlanta,GA,30310,33.743458,-84.412704
Negro Southern League Museum,120 16th St S,Birmingham,AL,35233,33.50883,-86.80949
Samuel Fox Museum,306 D St,Dillingham,AK,99576,59.04074,-158.46451
Rowan Museum Inc,2029 Robin Rd,Salisbury,NC,28144,35.689552,-80.49001
Oakley Valley Historical Museum,140 W Main St,Oakley,ID,83346,42.243244,-113.883026
Washington Heritage Museums,1300 Charles St,Fredericksburg,VA,22401,38.305847,-77.46372
The Health Museum,1515 Hermann Dr,Houston,TX,77004,29.721346,-95.38607
The History Museum,808 Lincoln Way W,South Bend,IN,46616,41.68155,-86.261444
Stanley Museum,Highway 75,Stanley,ID,83278,44.2784,-114.832
Museum and Library,4798 Western Ave,Bethesda,MD,20816,38.952095,-77.09711
Children's Museum Foundation,3801 Huxley Dr,Springfield,IL,62711,39.76286,-89.72781
Inside the Economy Museum,1421 Dr Martin Luther King Dr,Saint Louis,MO,63106,38.635105,-90.19903
Maritime Museum & Garden,401 W Lake Blvd,Tahoe City,CA,96145,39.160004,-120.14558
Brevard Museum,2201 Michigan Ave,Cocoa,FL,32926,28.387613,-80.76308
Porter County Museum Foundation,20 Indiana Ave,Valparaiso,IN,46383,41.46665,-87.060616
Confederate Museum,456 Alexander St SW,Crawfordville,GA,30631,33.54702,-82.90799
Minnesota Streetcar Museum,2330 W 42nd St,Minneapolis,MN,55410,44.927513,-93.30963
Museum Additions,434 Greenwich St,New York,NY,10013,40.722572,-74.00987
Saratoga Historical Park and Museum,20450 Saratoga Los Gatos Rd,Saratoga,CA,95070,37.257816,-122.03106
Cottonlandia Museum,1608 Highway 82 W,Greenwood,MS,38930,33.52676,-90.20973
Pioneer Florida Museum,14218 Us Highway 98 Byp,Dade City,FL,33523,28.365236,-82.18464
Voigt House Victorian Museum,115 College Ave SE,Grand Rapids,MI,49503,42.960724,-85.656975
Umatilla Museum,911 6th St,Umatilla,OR,97882,45.91776,-119.34237
Currier Museum of Art,647 Beech St,Manchester,NH,03104,42.99699,-71.4558
Samuel Fleming House Museum,5 Bonnell St,Flemington,NJ,08822,40.50959,-74.86149
Uvsc Woodbury Art Museum,800 W University Pkwy Stop 256,Orem,UT,84058,40.275314,-111.71357
Slovenian Heritage Museum,431 N Chicago St,Joliet,IL,60432,41.532238,-88.081955
Amelia Earhart Birthplace Museum,223 N Terrace St,Atchison,KS,66002,39.56319,-95.11436
Kentucky Railway Museum,136 S Main St,New Haven,KY,40051,37.657066,-85.59367
Old Mormon Print Shop Museum,26275 Main St,Beaver Island,MI,49782,45.746056,-85.52091
Museum of the Moving Image,911 Little Britain Rd,New Windsor,NY,12553,41.485916,-74.08156
May-Stringer House Museum,601 Museum Ct,Brooksville,FL,34601,28.555834,-82.38158
Museum School 25,579 Warburton Ave,Yonkers,NY,10701,40.956257,-73.89529
Renton History Museum,235 Mill Ave S,Renton,WA,98057,47.48034,-122.20318
Fitchburg Art Museum,25 Merriam Pkwy,Fitchburg,MA,01420,42.58727,-71.80462
Hazlehurst Museum Society,61 E Coffee St,Hazlehurst,GA,31539,31.869862,-82.59461
Cavern Rock'n'roll Museum,5671 Derek Ave,Sarasota,FL,34233,27.272081,-82.48373
Romanian Ethnic Art Museum,3256 Warren Rd,Cleveland,OH,44111,41.46452,-81.79995
Rhode Island State Police Museum,311 Danielson Pike,North Scituate,RI,02857,41.831257,-71.60606
Museum of Natural History,1100 Elmwood Ave,Providence,RI,02907,41.78116,-71.419556
Museum of Southern History,4304 Herschel St,Jacksonville,FL,32210,30.282965,-81.71373
St Ansgar Heritage Museum,126 W 4th St,Saint Ansgar,IA,50472,43.378365,-92.919624
Paul H. Karshner Memorial Museum,309 4th St NE,Puyallup,WA,98372,47.193687,-122.28956
University of Iowa Museum of Art,1375 Highway 1 W,Iowa City,IA,52246,41.642155,-91.55806
Independence Heritage Museum,112 S 3rd St,Independence,OR,97351,44.852737,-123.187675
Dillon County Museum,1302 W Main St,Dillon,SC,29536,34.433292,-79.382576
Andrew J Blackbird Museum,368 E Main St,Harbor Springs,MI,49740,45.43044,-84.98482
Jim Beckwourth Museum,1820 Rocky Point Rd,Portola,CA,96122,39.822193,-120.42102
Utah Museum of Fine Arts,2086 E Keller Ln,Salt Lake City,UT,84109,40.694202,-111.83106
Wilson Football Museum,217 Liberty St,Ada,OH,45810,40.771927,-83.817924
Museum of Madeiran Heritage,27 Hope St,Acushnet,MA,02743,41.678707,-70.912094
Honey Creek Fire Museum,315 N Adams St,New Carlisle,OH,45344,39.940533,-84.02732
Tennessee Civil War Museum,3914 Saint Elmo Ave,Chattanooga,TN,37409,35.00996,-85.32817
Waffle House Museum,2719 E College Ave,Decatur,GA,30030,33.774727,-84.278656
Armacost Car Museum,4200 E 135th St,Grandview,MO,64030,38.880753,-94.54321
USS Cairo Museum,3201 Clay St,Vicksburg,MS,39183,32.343384,-90.852196
Joseph Moore Museum,801 National Rd W,Richmond,IN,47374,39.8262,-84.91344
Poplar Bluff Railroad Museum,303 Moran St,Poplar Bluff,MO,63901,36.75416,-90.395515
Crane Museum of Papermaking,40 Pioneer St,Dalton,MA,01226,42.470573,-73.17881
Highway 61 Blues Museum Gift Shop,307 N Broad St,Leland,MS,38756,33.405766,-90.89753
The Iowa Children's Museum,1451 Coral Ridge Ave,Coralville,IA,52241,41.69088,-91.60822
Kimble County Historical Museum,101 N 4th St,Junction,TX,76849,30.48848,-99.764305
Salida Museum,406 1/2 W Rainbow Blvd,Salida,CO,81201,38.524315,-106.00882
Lucretia Valle Museum,66 S Valley Rd,Palmer Lake,CO,80133,39.119045,-104.91517
The Viet Museum,1650 Senter Rd,San Jose,CA,95112,37.319283,-121.859245
Berwyn Route 66 Museum,7003 Ogden Ave,Berwyn,IL,60402,41.82563,-87.79767
Froelich Museum,24397 Froelich Rd,Mc Gregor,IA,52157,43.006897,-91.32159
Jones Memorial Chapel and Museum,11110 Lawrence 1137,Mount Vernon,MO,65712,37.11566,-93.80869
Sequoyah Birthplace Museum,576 Highway 360,Vonore,TN,37885,35.579807,-84.21537
The Greek Life Museum,1160 Satellite Blvd NW,Suwanee,GA,30024,34.0121,-84.07178
Portuguese Historical Museum,1650 Senter Rd,San Jose,CA,95112,37.319283,-121.859245
Ohio River Museum,601 Front St,Marietta,OH,45750,39.420654,-81.4624
Frontier Country Historic Museum,500 S Grand St,Crescent,OK,73028,35.94484,-97.59513
Deaf Culture Museum,89 E Towne Mall,Madison,WI,53704,43.123764,-89.30256
Lone Star Flight Museum,11551 Aerospace Ave,Houston,TX,77034,29.601671,-95.17287
The Baker Museum,5833 Pelican Bay Blvd,Naples,FL,34108,26.21709,-81.80361
American Armed Forces Museum,144 Highway 82,Alamogordo,NM,88310,32.957436,-105.94993
Wright Museum,77 Center St,Wolfeboro,NH,03894,43.589016,-71.20549
Trailside Nature Museum,11 Reservation Rd,Cross River,NY,10518,41.260433,-73.613235
North Berrien Historical Museum,300 Coloma Ave,Coloma,MI,49038,42.18168,-86.3127
Sparta Teapot Museum,18 S Main St,Sparta,NC,28675,36.505253,-81.12079
Log House Museum,3003 61st Ave SW,Seattle,WA,98116,47.57711,-122.410904
Kemerer Museum,459 Old York Rd,Bethlehem,PA,18018,40.620537,-75.38378
Barbed Wire Museum,120 W 1st St,Bison,KS,67520,38.52283,-99.19926
Museum of Transportation,3015 Barrett Station Rd,Saint Louis,MO,63122,38.57243,-90.46058
Museum of Geosciences,1405 Perry St,Blacksburg,VA,24061,37.22991,-80.42667
Chico Children's Museum,325 Main St,Chico,CA,95928,39.729507,-121.83916
Laguna Art Museum,307 Cliff Dr,Laguna Beach,CA,92651,33.54351,-117.788345
Santa Paula Museum of Art,117 N 10th St,Santa Paula,CA,93060,34.354733,-119.06016
Meredith Havens Fire Museum,244 Perry St,Trenton,NJ,08618,40.22359,-74.761856
Seward County Coronado Museum,567 E Cedar St,Liberal,KS,67901,37.034306,-100.91408
Military Museum,106 W Church St,Tarboro,NC,27886,35.8983,-77.53563
Southern Plains Indian Museum,801 E Central Blvd,Anadarko,OK,73005,35.072563,-98.23084
Muller House Museum,1542 S Beacon St,San Pedro,CA,90731,33.730167,-118.28032
Museum of Anthropology,216 Landrum Academic Ctr,Highland Heights,KY,41076,39.0237,-84.4518
Crocker Art Museum,216 O St,Sacramento,CA,95814,38.577305,-121.505936
Museum of the Soldier Inc,510 E Arch St,Portland,IN,47371,40.43663,-84.97063
Museum of the Cherokee Indian,589 Tsali Blvd,Cherokee,NC,28719,35.484154,-83.31614
Vietnam Helicopters Museum,2100 Meridian Park Blvd,Concord,CA,94520,37.976463,-122.05645
Milliken Museum,PO Box 2294,Los Banos,CA,93635,37.0584,-120.8501
Three Rivers Museum,220 Elgin St,Muskogee,OK,74401,35.745564,-95.37214
Clubhouse Museum,115 N Madison St,Webb City,MO,64870,37.146877,-94.47435
Museum of Oregon Territory,211 Tumwater Dr,Oregon City,OR,97045,45.351646,-122.613335
Connecting Cultures Museum,2558 Aiken Ave,Los Angeles,CA,90064,34.04136,-118.41695
Desert Caballeros Western Museum,21 N Frontier St,Wickenburg,AZ,85390,33.968285,-112.73131
Jesse James Farm and Museum,21216 Jesse James Farm Rd,Kearney,MO,64060,39.389954,-94.3205
Anna W Brown Memorial Museum,132 W Broadway St,Sparta,IL,62286,38.12276,-89.70251
Hearing Aid Museum,1325 Theatre Dr,Kent,OH,44243,41.152317,-81.33989
Canton Area Historical Museum,36 Park St,Canton,NC,28716,35.533073,-82.838196
May Natural History Museum,710 Rock Creek Canyon Rd,Colorado Springs,CO,80926,38.709293,-104.85059
Housatonic Museum of Art,900 Lafayette Blvd,Bridgeport,CT,06604,41.17496,-73.19182
Museum of African American Art,4005 Crenshaw Blvd,Los Angeles,CA,90008,34.01268,-118.335266
Wheels Museum,1100 2nd St SW,Albuquerque,NM,87102,35.074623,-106.651146
Scotts Museum,Airport Rd,Trinity Center,CA,96091,40.986023,-122.703186
Jacobsen Museum,2150 Little Lake Rd,Washington Island,WI,54246,45.405704,-86.94563
China Lake Museum Foundation,1 Pearl Harbor Dr,Ridgecrest,CA,93555,35.6523,-117.6412
New Mexico History Museum,113 Lincoln Ave,Santa Fe,NM,87501,35.68833,-105.93844
Luckhard Museum-Indian Mission,612 E Bay St,Sebewaing,MI,48759,43.726017,-83.44048
Southeastern Railway Museum,3595 Buford Hwy,Duluth,GA,30096,33.98571,-84.15404
Old Independence Regional Museum,380 S 9th St,Batesville,AR,72501,35.77246,-91.64427
The Oakes Museum of Natural History,1 University Ave,Mechanicsburg,PA,17055,40.1886,-76.9367
Menominee Logging Camp Museum,W3426 County Road Vv,Keshena,WI,54135,44.887905,-88.65853
Science Museum Of Minnesota,15375 Norell Ave N,Marine On Saint Croix,MN,55047,45.17201,-92.834984
McLean County Museum,602 Main St,Washburn,ND,58577,47.361935,-101.097496
Damien Museum and Archives,1124 7th Ave,Honolulu,HI,96816,21.284504,-157.80544
French Cable Station Museum,41 S Orleans Rd,Orleans,MA,02653,41.78785,-69.987686
Arkansas Historic Wine Museum,101 N Carbon City Rd,Paris,AR,72855,35.298798,-93.79201
Garfield County Museum,708 Columbia St,Pomeroy,WA,99347,46.47354,-117.601364
Peoria Riverfront Museum,222 SW Washington St,Peoria,IL,61602,40.68962,-89.59007
Albany Regional Museum,136 Lyon St S,Albany,OR,97321,44.63708,-123.10504
Lancaster Cultural History Museum,E Penn Sq,Philadelphia,PA,19107,39.951862,-75.16271
Middleboro Historical Museum,18 Jackson St,Middleboro,MA,02346,41.89288,-70.90668
W.H. Over Museum,1110 N University St,Vermillion,SD,57069,42.79011,-96.92451
Old Trails Museum,212 N Kinsley Ave,Winslow,AZ,86047,35.02378,-110.697525
Shoal Creek Lving Hstory Museum,7000 NE Barry Rd,Kansas City,MO,64156,39.245544,-94.50012
Old Timers Museum,470 Main St,Murphys,CA,95247,38.137875,-120.46571
Amarillo Museum of Art,2200 S Van Buren St,Amarillo,TX,79109,35.18933,-101.8447
Richard H Schmidt Museum-NTRL,1 Kellogg Cir,Emporia,KS,66801,38.41388,-96.18028
Southard Chtj House Museum,75 Main St,Whitefield,ME,04353,44.257454,-69.548904
County Government Museums Division,11437 D Ave,Auburn,CA,95603,38.936966,-121.10525
Tahquamenon Logging Museum,7964 State Highway M123,Newberry,MI,49868,46.33599,-85.509544
Victorian Dress Museum,312 2nd Ave SW,Rugby,ND,58368,48.36749,-99.99742
Louisiana Area Historical Museum,304 Georgia St,Louisiana,MO,63353,39.4498,-91.04761
Ashville Museum & Archives,78 6th Ave,Ashville,AL,35953,33.83663,-86.25169
Juniata College Museum of Art,17 Penn St,Huntingdon,PA,16652,40.47643,-77.997314
Henderson County Heritage Museum,1 Historic Courthouse Sq Ste 4,Hendersonville,NC,28792,35.31466,-82.460915
Ben Winter Museum,1815 E 900th Ave,Altamont,IL,62411,39.04413,-88.77017
Wisecup Farm Museum,1200 Canal St,Missouri Valley,IA,51555,41.550034,-95.89847
North Tonawanda History Museum,712 Oliver St,North Tonawanda,NY,14120,43.041397,-78.88121
Snowmobile Hall-Fame/Museum,8481 State Highway 70 W,Saint Germain,WI,54558,45.91286,-89.51753
Antelope County Historical Museum,509 L St,Neligh,NE,68756,42.13033,-98.028366
American Craftsman Museum,355 4th Ave S,Saint Petersburg,FL,33701,27.767271,-82.63779
Nebraska Prairie Museum,2701 Burlington St,Holdrege,NE,68949,40.46252,-99.37932
Butterfly Lodge Museum,4 County Road 1126,Greer,AZ,85927,34.019077,-109.45015
Edison Birthplace Museum,9 N Edison Dr,Milan,OH,44846,41.29964,-82.60418
Virginia House Museum,4301 Sulgrave Rd,Richmond,VA,23221,37.554214,-77.50347
The Clinton House Museum,930 W Clinton Dr,Fayetteville,AR,72701,36.063156,-94.173935
Eastern Trails Museum Arts Center,635 4th Ave,Hugo,CO,80821,39.13643,-103.46822
Ardena School House Museum,Old Tavern & Prevent,Farmingdale,NJ,07727,40.203,-74.1642
Speedway Transportation Museum,1200 Main St,Indianapolis,IN,46224,39.7839,-86.24121
Stauth Memorial Museum,PO Box 396,Montezuma,KS,67867,37.5976,-100.4424
Marblehead Museum,170 Washington St,Marblehead,MA,01945,42.503265,-70.851364
Museum of Bad Art,55 Davis Sq,Somerville,MA,02144,42.396618,-71.12287
Basehor Historical Museum Society,2812 N 155th St,Basehor,KS,66007,39.13927,-94.93858
Crazy Mountain Museum,403 Mcleod St,Big Timber,MT,59011,45.83239,-109.95204
Fort Delaware Museum-Colonial,6615 State Route 97,Narrowsburg,NY,12764,41.66659,-75.04784
Ame Church Museum,309 E 5th St,Madison,IN,47250,38.739716,-85.37685
Elliott Museum,825 NE Ocean Blvd,Stuart,FL,34996,27.213993,-80.17773
Norfolk Police & Fire Museum,401 E Freemason St,Norfolk,VA,23510,36.8501,-76.28713
West Bend/Regal Ware Museum,18 E Washington St,West Bend,WI,53095,43.4269,-88.18192
Charles M. Schulz Museum,2301 Hardies Ln,Santa Rosa,CA,95403,38.46013,-122.7352
Las Cruces City Government Museums,101 E Union Ave,Las Cruces,NM,88001,32.275963,-106.7642
Georgia Museum-Natrl History,101 Cedar St,Athens,GA,30602,33.945293,-83.371445
Museum of Nebraska History,131 Centennial Mall N,Lincoln,NE,68508,40.81428,-96.69986
Southwest Science Museum Foundation,1318 S 2nd Ave,Dallas,TX,75210,32.77716,-96.763
Firefighters Museum-Survive,955 Fort Wayne Ave,Indianapolis,IN,46202,39.780746,-86.14959
Milliken Museum,905 W Pacheco Blvd,Los Banos,CA,93635,37.056683,-120.86724
Dolly's House Museum,24 Creek St,Ketchikan,AK,99901,55.341526,-131.64085
Eastern Trails Museum,215 W Illinois Ave,Vinita,OK,74301,36.639214,-95.15599
Sheboygan Railroad Museum,1001 N 10th St,Sheboygan,WI,53081,43.755386,-87.71609
Cape Cod Museum of Natural History,869 Main St,Brewster,MA,02631,41.753876,-70.11468
Faces of Freedom War Museum,1047 Riverside Dr,Lagrange,GA,30240,33.053314,-85.12604
Grantsville Comnty Museum,153 State Line Dr,Grantsville,MD,21536,39.721127,-79.26595
Scribner's Saw Mill-Homstd Museum,244 Scribners Mills Rd,Harrison,ME,04040,44.086006,-70.60569
Mardi Gras Museum,119 Rue Magnolia,Biloxi,MS,39530,30.39458,-88.889084
Loudoun Heritage Farm Museum,21668 Heritage Farm Ln,Sterling,VA,20164,39.016346,-77.40363
Robeson County History Museum,103 S Elm St,Lumberton,NC,28358,34.617027,-79.00885
Fort Harker Guardhouse Museum,303 W Ohio Street,Kanopolis,KS,67454,38.71029,-98.15487
Pawnee Bill Museum Ranch,1141 Pawnee Bill Rd,Pawnee,OK,74058,36.33316,-96.81464
Sterling Witt Museum,Po Box 193,Freeman,MO,64746,38.62455,-94.49556
Carroll County Historical Museum,101 W Anthony St,Carroll,IA,51401,42.05677,-94.87107
Classic Film Hall of Fame & Museum,350 Park St,Moraga,CA,94556,37.860497,-122.12662
Noyes House Museums,1 Main St,Morrisville,VT,05661,44.561096,-72.58757
Johnstown Flood Museum,304 Washington St,Johnstown,PA,15901,40.328007,-78.920555
Griffith Quarry Park & Museum,7504 Rock Springs Rd,Penryn,CA,95663,38.850864,-121.163925
McCracken Historical Museum,200 Main St,Mc Cracken,KS,67556,38.583687,-99.56958
Davidson County Historical Museum,2 S Main St,Lexington,NC,27292,35.824024,-80.253525
Century Village Museum,14653 E Park St,Burton,OH,44021,41.47036,-81.14455
Promont House Museum,906 Main St,Milford,OH,45150,39.17792,-84.279945
Old Spanish Fort Museum,4602 Fort St,Pascagoula,MS,39567,30.37875,-88.55803
Beneski Museum of Natural History,11 Kettle Hill Rd,Amherst,MA,01002,42.428364,-72.48164
Genex Showcase Miniature Museum,11712 Jefferson Ave,Newport News,VA,23606,37.07952,-76.47797
Holmes Medical Museum,111 W Laurel Ave,Foley,AL,36535,30.406265,-87.6846
Kentucky Doll and Toy Museum,106 W Main St,Carlisle,KY,40311,38.312336,-84.02905
LaBelle Heritage Museum Inc,360 N Bridge St,Labelle,FL,33935,26.767078,-81.43756
National Balloon Museum,504 N Cleveland Ave,Mogadore,OH,44260,41.064777,-81.39505
ASU Art Museum Ceramics Research,51 E 10th St,Tempe,AZ,85287,33.418926,-111.938545
Smokey Valley Museum,Highway 376,Round Mountain,NV,89045,38.799,-117.1466
Fossil Museum,First & Main,Fossil,OR,97830,44.9734,-120.057
Logan County Museum,207 E Lake Ave,Napoleon,ND,58561,46.500916,-99.76687
The Old Quindaro Museum,3432 N 29th St,Kansas City,KS,66104,39.148064,-94.66164
Walter F George Law Museum,106 N 4th St,Vienna,GA,31092,32.091614,-83.79383
Springfield Museums CT Valley,21 Edwards St,Springfield,NJ,07081,40.7002,-74.3222
Grayson Crossroads Museum,107 E Main St,Independence,VA,24348,36.622486,-81.151764
Pearl Fincher Museum of Fine Arts,6815 Cypresswood Dr,Spring,TX,77379,30.013018,-95.51036
Placer County Museums,7504 Rock Springs Rd,Penryn,CA,95663,38.850864,-121.163925
Fort Douglas Military Museum,32 Potter St,Salt Lake City,UT,84113,40.763874,-111.83403
San Diego Museum of Art,1450 El Prado,San Diego,CA,92101,32.731598,-117.1507
Museum of Jewish Civilization,200 Bloomfield Ave,West Hartford,CT,06117,41.793743,-72.71633
Maritime Museum of Amelia Island,115 S 2nd St,Fernandina Beach,FL,32034,30.669436,-81.46434
Dishman Art Museum,1030 E Lavaca St,Beaumont,TX,77705,30.046623,-94.07528
Henry Ford Museum,20900 Oakwood Blvd,Dearborn,MI,48124,42.30058,-83.233894
Hoosier Valley Railroad Museum,PO Box 75,North Judson,IN,46366,41.217,-86.7759
Bevier House Museum Marbletown,Marbletown,Kingston,NY,12401,41.884697,-74.112366
Second Ave Museum,501 Metroplex Dr,Nashville,TN,37211,36.090637,-86.70134
Louisiana Children's Museum,15 Henry Thomas Dr,New Orleans,LA,70124,29.989614,-90.093575
Mille Lacs Museum,405 Lake St W,Isle,MN,56342,46.13891,-93.471085
Rosati Winery Museum,22050 State Route Kk,Saint James,MO,65559,38.03305,-91.526054
Museum-Florida Art and Culture,600 W College Dr,Avon Park,FL,33825,27.570786,-81.509674
Jesse James Museum,555 W Douglas Ave,Wichita,KS,67213,37.684353,-97.34604
Moonshot Museum,1016 N Lincoln Ave,Pittsburgh,PA,15233,40.45057,-80.019455
Isamu Noguchi Garden Museum,3237 Vernon Blvd,Astoria,NY,11106,40.767693,-73.935905
Children's Museum-Jacksonville,625 New Bridge St,Jacksonville,NC,28540,34.74991,-77.4241
Museum For Speed,165 E 600 S,Salt Lake City,UT,84111,40.75644,-111.8861
Botetourt County Historical Museum,1 W Main St,Fincastle,VA,24090,37.499126,-79.878
Lassen Historical Museum,115 N Weatherlow St,Susanville,CA,96130,40.418903,-120.6573
Fairport Historical Museum,18 Perrin St,Fairport,NY,14450,43.10039,-77.44408
Hockaday Museum of Art,302 2nd Ave E,Kalispell,MT,59901,48.196175,-114.30986
Ninepipes Museum-Early Montana,69316 US Highway 93,Charlo,MT,59824,47.44014,-114.09678
Coronado Quivira Museum,105 W Lyon St,Lyons,KS,67554,38.34538,-98.203445
The Evelyn Burrow Museum,801 Main St NW,Hanceville,AL,35077,34.072567,-86.77782
Camden Shipyard & Maritime Museum,1912 S Broadway,Camden,NJ,08104,39.920532,-75.11956
Leavenworth Nutcracker Museum,735 Front St,Leavenworth,WA,98826,47.594734,-120.66276
Police History Museum,320 Dauphin St,Mobile,AL,36602,30.690863,-88.04523
Matteson Historical Museum,813 School Ave,Matteson,IL,60443,41.511204,-87.72581
Yazoo Historical Museum,332 N Main St,Yazoo City,MS,39194,32.849934,-90.41198
Bayfield Maritime Museum,131 S 1st St,Bayfield,WI,54814,46.813168,-90.8148
Fort Wayne Museum of Art,311 E Main St,Fort Wayne,IN,46802,41.081078,-85.13632
Gardner Museum,266 Whiting St,Hingham,MA,02043,42.184032,-70.90603
Stengel True Museum,504 S State St,Marion,OH,43302,40.58036,-83.12662
Star Historical Museum,44 Fm 1047 S,Star,TX,76880,31.467974,-98.31664
The Chesapeake Children's Museum,25 Silopanna Rd,Annapolis,MD,21403,38.969463,-76.50854
Spirit of 76 Museum,201 N Main St,Wellington,OH,44090,41.169495,-82.21767
Sampson Navy Memorial Museum,6096 State Route 96a,Romulus,NY,14541,42.735268,-76.891975
Harmony Museum,218 Mercer St,Harmony,PA,16037,40.80259,-80.12816
Conejo Valley Art Museum,10 Jaynes Mall,Thousand Oaks,CA,91358,34.1809,-118.8752
Portland Children's Museum,4015 SW Canyon Rd,Portland,OR,97221,45.50872,-122.71637
Greenback Heritage Museum,6725 Morganton Rd,Greenback,TN,37742,35.660957,-84.17145
Northern NY Agricultural Museum,30950 State Route 180,La Fargeville,NY,13656,44.115505,-75.97233
Riekes Museum,333 S 132nd St,Omaha,NE,68154,41.25633,-96.11946
Indian King Tavern Museum,233 Kings Hwy E,Haddonfield,NJ,08033,39.898838,-75.03068
The Stonewall Brigade Museum,566 Lee Highway   Route 11,Verona,VA,24482,38.2059,-79.0048
Niagara Wax Museum of History,303 Prospect St,Niagara Falls,NY,14303,43.08612,-79.06462
National Cave Museum,1900 Mammoth Cave Pkwy,Park City,KY,42160,37.116074,-86.062614
Cahoon Museum,73 W Bay Rd,Osterville,MA,02655,41.62624,-70.38501
Homeville Museum,4386 US Route 11,Cortland,NY,13045,42.61901,-76.18343
Allan Shivers Library and Museum,302 N Charlton St,Woodville,TX,75979,30.77741,-94.41601
Women of West Museum,250 Bristlecone Way,Boulder,CO,80304,40.041275,-105.3247
Museum of the Northern Great Plains,1205 20th St,Fort Benton,MT,59442,47.824375,-110.66692
Museum Center at 5 Points,200 Inman St E,Cleveland,TN,37311,35.15819,-84.87413
Musicians Hall of Fame and Museum,417 4th Ave N,Nashville,TN,37201,36.166912,-86.781235
Seattle Metropolitan Police Museum,317 3rd Ave S,Seattle,WA,98104,47.59951,-122.33048
Pelham Museum,376 Amherst Rd,Pelham,MA,01002,42.39181,-72.40707
Marion Natural History Museum,8 Spring St,Marion,MA,02738,41.70286,-70.76682
Parker School House Museum,807 S Crescent St,Gilman,IL,60938,40.75816,-87.99449
Children's Museum of Richmond,1275 Jefferson Davis Hwy,Fredericksburg,VA,22401,38.385807,-77.442474
Yankee Air Museum,47884 D St,Belleville,MI,48111,42.23875,-83.50639
Show Low Museum,561 E Deuce Of Clubs,Show Low,AZ,85902,34.2525,-110.03627
Southeastern Museums Conference,130 W Paces Ferry Rd NW,Atlanta,GA,30305,33.84239,-84.38582
Marion Area Historical Museum,505 S Mill St,Marion,MI,49665,44.097492,-85.1472
Old Courthouse Heritage Museum,1 Courthouse Sq,Inverness,FL,34450,28.835423,-82.32998
Old Capitol Museum,21 N Clinton St,Iowa City,IA,52245,41.661602,-91.53478
Silver Reef Museum,1903 Wells Fargo Dr,Leeds,UT,84746,37.253044,-113.36733
Vliet Museum of Lake Bluff,127 E Scranton Ave,Lake Bluff,IL,60044,42.27954,-87.843155
Bridge House Museum,455 Main St,Phoenix,NY,13135,43.229317,-76.298775
Heartland Museum,119 9th St SW,Clarion,IA,50525,42.731388,-93.74415
Penderlea Homestead Museum,284 Garden Rd,Willard,NC,28478,34.657185,-78.04331
Campbell Straw Bale Museum,206 N Main St,Howard,SD,57349,44.01294,-97.52654
Farnsworth TV & Pioneer Museum,118 W 1st S,Rigby,ID,83442,43.67023,-111.915245
Old Town Hall Museum,625 S Britain Rd,Southbury,CT,06488,41.469868,-73.250916
Tante Blanche Museum,774b Main St,Madawaska,ME,04756,47.348755,-68.27591
Brick Store Museum,117 Main St,Kennebunk,ME,04043,43.387306,-70.53765
Fort Garland Museum,29477 Highway 159,Fort Garland,CO,81133,37.424057,-105.43154
Roberts House Museum Tours,1207 N Carson St,Carson City,NV,89701,39.171833,-119.766754
U P Steam & Gas Engine Museum,1001-1071 N Lincoln Rd,Escanaba,MI,49829,45.758755,-87.07727
Museums Of Villa Antigua,1005 Zaragoza St,Laredo,TX,78040,27.50204,-99.50615
Lightship Portsmouth Museum,2 High St,Portsmouth,VA,23704,36.835938,-76.29626
Days of '76 Museum,18 Seventy Six Drive,Deadwood,SD,57732,44.38595,-103.71683
Arlington Historical Museum,1805 S Arlington Ridge Rd,Arlington,VA,22202,38.858364,-77.06781
Heritage Village Museum,CINCINNATI Columbus Rd,West Chester,OH,45069,39.33223,-84.35011
Brownsburg Museum,2716 Brownsburg Tpke,Raphine,VA,24472,37.9299,-79.3186
Sheets Wildlife Museum,200 Safari Trl,Huntington,IN,46750,40.881283,-85.5411
Mcnairy County Museum,114 N 3rd St,Selmer,TN,38375,35.17106,-88.59272
American Wings Air Museum,9 7th Ave N,Hopkins,MN,55343,44.924637,-93.40859
Grinnell Historical Museum,1125 Broad St,Grinnell,IA,50112,41.746597,-92.72433
Virginia Holocaust Museum,2000 E Cary St,Richmond,VA,23223,37.530975,-77.42642
Cat Museum Of San Francisco,774 Capp St,San Francisco,CA,94110,37.754368,-122.41772
Lindsay Wildlife Museum,1931 1st Ave,Walnut Creek,CA,94597,37.923904,-122.075584
Island County Museum,908 NE Leach St,Coupeville,WA,98239,48.22059,-122.675125
Biblical Resource Center & Museum,140 E Mulberry St,Collierville,TN,38017,35.04311,-89.66464
San Dieguito Heritage Museum,450 Quail Gardens Dr,Encinitas,CA,92024,33.057217,-117.27954
Franconia Heritage Museum,553 W Main St,Littleton,NH,03561,44.31765,-71.798256
Museum of the Fur Trade,6321 Highway 20,Chadron,NE,69337,42.80867,-102.90243
Owls Head Transportaion Museum,117 Museum St,Owls Head,ME,04854,44.0657,-69.10234
Vermont Toy Museum,5573 Woodstock Road,Quechee,VT,05059,43.63721,-72.40054
Dillon Schoolhouse Museum,403 Main St,Dillon,CO,80435,39.628498,-106.044235
Barnes Co Historical Museum,315 Central Ave N,Valley City,ND,58072,46.925495,-98.00335
Simeone Automotive Museum,6825 Norwitch Dr,Philadelphia,PA,19153,39.91068,-75.225975
Earlyworks Museum Complex,404 Madison St SE,Huntsville,AL,35801,34.728218,-86.58446
Museum of the White Mountains,34 Highland St,Plymouth,NH,03264,43.758186,-71.691574
Camden Archives and Museum,1314 Broad St,Camden,SC,29020,34.251114,-80.607376
Harwood Museum Alliance,238 Ledoux St,Taos,NM,87571,36.405895,-105.5771
Museum of Northern Arizona,3101 N Fort Valley Rd,Flagstaff,AZ,86001,35.2345,-111.66465
Lewelling Quaker Museum,401 S Main St,Mount Pleasant,IA,52641,40.96323,-91.55385
Passage Thru Time Museum,116 N Main St,Potosi,WI,53820,42.690712,-90.71188
National Streetcar Museum,25 Shattuck St,Lowell,MA,01852,42.644985,-71.31287
Treehouse Children's Museum,347 E 22nd St,Ogden,UT,84401,41.226963,-111.97186
James Newman Clark Bird Museum,105 Garfield Ave,Eau Claire,WI,54701,44.798866,-91.50184
Monterey Park Historical Museum,781 S Orange Ave,Monterey Park,CA,91755,34.052814,-118.11296
Museum Music,253 W 93rd St,New York,NY,10025,40.792984,-73.97342
Cape Cod Maritime Museum,135 South St,Hyannis,MA,02601,41.65172,-70.279465
Pacific Railroad Museum,210 E Bonita Ave,San Dimas,CA,91773,34.10655,-117.803986
Virginia Museum of Fine Arts,200 N Arthur Ashe Blvd,Richmond,VA,23220,37.55518,-77.47455
El Dorado Museums,100 Placerville Dr,Placerville,CA,95667,38.7246,-120.8346
Children's Museum of South Dakota,521 4th St,Brookings,SD,57006,44.30924,-96.79551
Pierre Wibaux Museum,112 E Orgain Ave,Wibaux,MT,59353,46.986805,-104.186775
Willamina Historical Museum,188 NE D St,Willamina,OR,97396,45.07869,-123.48292
John Fox Jr Museum,118 Shawnee Ave E,Big Stone Gap,VA,24219,36.865757,-82.77859
State of Arkansas Museums,501 W 9th St,Little Rock,AR,72201,34.740765,-92.27685
Hellenic Museum of Michigan,67 E Kirby St,Detroit,MI,48202,42.360405,-83.0657
Museum Of Wonder And Delight,905 Leidesdorff St,Folsom,CA,95630,38.675808,-121.18166
Minnesota's Machinery Museum,100 N 1st St,Hanley Falls,MN,56245,44.692333,-95.619995
Loln Classic Car Museum,110 McBean Park Dr,Lincoln,CA,95648,38.89051,-121.28414
The Art Museum of Eastern Idaho,300 S Capital Ave,Idaho Falls,ID,83402,43.48992,-112.04462
School House Museum Lincolnvll,33 Beach Rd,Lincolnville,ME,04849,44.2822,-69.01132
Coats Museum,109 S Mckinley St,Coats,NC,27521,35.406357,-78.672134
Farnsworth Art Museum,384 Hathorne Point Rd,Cushing,ME,04563,43.981747,-69.26874
Marshville Museum & Cultural,201 N Elm St,Marshville,NC,28103,34.987377,-80.36855
Tempe City Government Museums,1414 W Southern Ave,Tempe,AZ,85282,33.393005,-111.96104
Minnesota Military Museum,15000 Highway 115,Little Falls,MN,56345,46.075306,-94.34749
Superior Public Museums,906 E 2nd St,Superior,WI,54880,46.718433,-92.06311
Birmingham Historial Museum,556 W Maple Rd,Birmingham,MI,48009,42.546494,-83.22032
Lilo Hess Museum and Gallery,4010 Skippack Pike,Schwenksville,PA,19473,40.22287,-75.39833
Historic Middletown Museum,1700 W Main St,Louisville,KY,40203,38.25888,-85.77827
American Alliance of Museums,2451 Crystal Dr,Arlington,VA,22202,38.85238,-77.04958
Sports Museum,175 Soldiers Field Rd,Allston,MA,02134,42.353584,-71.11586
American Beach Museum,1600 Julia St,Fernandina Beach,FL,32034,30.574697,-81.44981
John Dillinger Museum,7770 Corinne Dr,Hammond,IN,46323,41.571487,-87.4623
World War Ii Flying Museum,1850 Joe Crosson Dr,El Cajon,CA,92020,32.82212,-116.96991
West Pasco Museum and Library,6431 Circle Blvd,New Port Richey,FL,34652,28.252546,-82.72076
Fells Point Maritime Museum,1716 Thames St,Baltimore,MD,21231,39.281986,-76.59246
Monterey Depot Museum,1 E Depot St,Monterey,TN,38574,36.146996,-85.268295
Charles Fazzino Museum Editions,32 Relyea Pl,New Rochelle,NY,10801,40.90824,-73.78563
Walton County Hertitage Museum,1140 Circle Dr,Defuniak Springs,FL,32435,30.719896,-86.113754
Gallitzin Tunnels Park & Museum,411 Convent St,Gallitzin,PA,16641,40.482327,-78.551506
Cormier Paul Museum,9908 Fm 105,Orange,TX,77630,30.075842,-93.860374
Malibu Surf Museum,209 Paradise Cove Rd,Malibu,CA,90265,34.021263,-118.78732
Milford Museum,114 Whiting St,Milford,KS,66514,39.174404,-96.912
Museum of Boulder,2205 Broadway,Boulder,CO,80302,40.020027,-105.28089
Woodbine Glass Museum and Gift,3799 E Woodbine St,Stockton,IL,61085,42.342026,-90.142654
Cooper Regional History Museum,217 A St,Upland,CA,91786,34.09491,-117.64809
Chula Vista Heritage Museum,360 3rd Ave,Chula Vista,CA,91910,32.638927,-117.079185
Mid-America Windmill Museum,732 S Allen Chapel Rd,Kendallville,IN,46755,41.441128,-85.23163
Smith-Zimmermann Museum,221 NE 8th St,Madison,SD,57042,44.013287,-97.1121
Children's Museum at Saratoga,69 Caroline St,Saratoga Springs,NY,12866,43.081657,-73.78167
Kearney Historic Museum,101 S Jefferson St,Kearney,MO,64060,39.372673,-94.36219
Firelands Historical Socty Museum,4 Case Ave,Norwalk,OH,44857,41.241657,-82.61741
Ohio Military Museum,316 Lincoln Way E,Massillon,OH,44646,40.797836,-81.51889
Old Town Hall Museum,504 N Market St,Wilmington,DE,19801,39.741238,-75.55053
Tinker Swiss Cottage Museum,411 Kent St,Rockford,IL,61102,42.263428,-89.10273
Wing Luke Asian Museum,719 S King St,Seattle,WA,98104,47.59823,-122.32291
Living Museum,8 E Main St,Avon,CT,06001,41.809418,-72.82961
Cincinnati Museum Center,19 Abner Hollow Rd,Lynx,OH,45650,38.690117,-83.44005
Riverbank Historical Museum,3237 Santa Fe St,Riverbank,CA,95367,37.736153,-120.93671
Country Music Highway Museum,100 Stave Br,Staffordsville,KY,41256,37.826485,-82.83784
Marra Museum,455 E Park St,Olathe,KS,66061,38.881874,-94.81257
Wyoming State Museum Volunteers,2301 Central Ave,Cheyenne,WY,82001,41.139458,-104.81809
Ohr-O'Keefe Museum of Art,3865 Beach Blvd,Biloxi,MS,39530,30.39429,-88.897156
Woodstock Museum,PO Box 73,Woodstock,NY,12498,42.0412,-74.1292
Cooper Museum,217 A St,Upland,CA,91786,34.09491,-117.64809
Harriet Beecher Stowe Museum,2128 Old Main St,Maysville,KY,41056,38.614643,-83.808624
Pasadena Museum of History,470 W Walnut St,Pasadena,CA,91103,34.149513,-118.16077
W W 2 Library Museum,13102 North St,Greenwood,NE,68366,40.96455,-96.43667
Elmer's Auto & Toy Museum,W903 Elmers Rd,Fountain City,WI,54629,44.141697,-91.70304
Cuban Museum Inc,214 Giralda Ave,Coral Gables,FL,33134,25.7511,-80.25903
Raeford Hoke Museum,111 S Highland St,Raeford,NC,28376,34.97784,-79.22108
Baker Mansion History Museum,3419 Oak Ln,Altoona,PA,16602,40.49125,-78.40846
Veterans Memorial Museum,2060 Airport Rd SW,Huntsville,AL,35801,34.69008,-86.58273
Metcalfe Museum Inc,601 Pampa,Reydon,OK,73660,35.652653,-99.92287
General Petroleum Museum Corp,1526 Bellevue Ave,Seattle,WA,98122,47.61482,-122.32663
Aurora Regional Fire Museum,53 N Broadway,Aurora,IL,60505,41.758266,-88.31153
Russian Orthodox Museum,605 A St,Anchorage,AK,99501,61.216335,-149.883
Heritage House and Museum,114 W Walnut St,Okawville,IL,62271,38.43448,-89.550934
Woodward Warehouse & Dream Museum,4260 Edgeland Ave,Royal Oak,MI,48073,42.526627,-83.1791
Sag Harbor Whaling Museum,200 Main St,Sag Harbor,NY,11963,40.99764,-72.29687
California Fire Museum,24861 El Cortijo Ln,Mission Viejo,CA,92691,33.601665,-117.657196
Tama County Historical Museum,200 N Broadway St,Toledo,IA,52342,41.996822,-92.578125
Crosby House Museum,703 Deschutes Way SW,Tumwater,WA,98501,47.018383,-122.9055
Aztalan Museum,N6284 Highway Q,Jefferson,WI,53549,42.9997,-88.8033
Blount County Memorial Museum,204 2nd St N,Oneonta,AL,35121,33.946064,-86.476845
Old Slave Mart Museum,6 Chalmers St,Charleston,SC,29401,32.777836,-79.92831
Museum of Navajo Arts,301 W Main St,Boise,ID,83702,43.612743,-116.19816
R. E. Olds Transportation Museum,240 Museum Dr,Lansing,MI,48933,42.73146,-84.547874
Creation Hall Museum,1971 University Blvd,Lynchburg,VA,24515,37.35233,-79.17736
Kings Mountain Fire Museum,Cleveland Ave,Kings Mountain,NC,28086,35.240982,-81.33303
Heritage Museum of Roberts County,45356 Sd Highway 10,Sisseton,SD,57262,45.6602,-97.00898
Frontier Museum,212 Airport Rd,Williston,ND,58801,48.17607,-103.62768
Museum of Life and Science,433 W Murray Ave,Durham,NC,27704,36.02868,-78.8988
Museum of Measurement and Time,301 N Polk St,Jefferson,TX,75657,32.758305,-94.346054
Legacy Museum On Main,136 Main St,Lagrange,GA,30240,33.03826,-85.031166
Elverhoy Museum,1624 Elverhoy Way,Solvang,CA,93463,34.5923,-120.14281
Marin Museum of Contemporary Art,500 Palm Dr Ste 110,Novato,CA,94949,38.058514,-122.51908
Wayne County Museum,116 N William St,Goldsboro,NC,27530,35.382374,-77.99335
House of Captain Sam Robbins Museum,188 Main St,Avon,MA,02322,42.132004,-71.03997
Nishna Heritage Museum,117 S Main St,Oakland,IA,51560,41.308376,-95.39719
Flyertown Toy Train Museum,2044 N Route 9,Cape May Court House,NJ,08210,39.15345,-74.75883
Nacogdoches-City Museums,304 North St,Nacogdoches,TX,75961,31.60618,-94.65496
Franklin Historical Museum,26165 W 13 Mile Rd,Franklin,MI,48025,42.5149,-83.30534
New York State Museum,4 Empire State Plz,Albany,NY,12223,42.6525,-73.7566
Blount County Historical Museum,1006 E Lamar Alexander Pkwy,Maryville,TN,37804,35.75483,-83.957664
Mathers Museum of World Cultures,416 N Indiana Ave,Bloomington,IN,47408,39.17013,-86.526794
National Museum of Forest Service,1615 S Catlin St,Missoula,MT,59801,46.856346,-114.022644
Iron Hill Museum,1355 Old Baltimore Pike,Newark,DE,19702,39.63118,-75.757454
Colebrook Area Historical Museum,17 Bridge St,Colebrook,NH,03576,44.89493,-71.49772
Republic County Historical Museum,615 28th St,Belleville,KS,66935,39.812397,-97.63793
Hisam Museum Gallery Shop,250 S Hotel St,Honolulu,HI,96813,21.308212,-157.8587
Contemporary Art Museum St. Louis,3750 Washington Blvd,Saint Louis,MO,63108,38.64073,-90.23498
The Museum of The Bible,3436 E Sunshine St,Springfield,MO,65804,37.1802,-93.22574
Shelburne Falls Trolley Museum,14 Depot St,Shelburne Falls,MA,01370,42.60085,-72.74033
Carnegie Museum-Montgomery,222 S Washington St,Crawfordsville,IN,47933,40.040295,-86.90124
Zitelman Scout Museum,708 Seminary St,Rockford,IL,61104,42.260468,-89.09033
Arkansas Inland Maritime Museum,120 Riverfront Park Dr,North Little Rock,AR,72114,34.752594,-92.26756
Old Brunswick County Jail Museum,318 E Nash St,Southport,NC,28461,33.920643,-78.01614
Pasadena Museum of History,170 E Orange Grove Blvd,Pasadena,CA,91103,34.157696,-118.146996
CN Gorman Museum,1 Shields Ave,Davis,CA,95616,38.540035,-121.75211
Waterhouse Museum,17 Washington St,Toms River,NJ,08753,39.953186,-74.19754
Museum Parc Cleaners,707 Folsom St,San Francisco,CA,94107,37.78352,-122.39903
Willows Museum,336 W Walnut St,Willows,CA,95988,39.52169,-122.19774
Corinth Academy Museum,1767 Center Rd,Corinth,VT,05039,44.023872,-72.289185
The Alf Engen Ski Museum,3419 Olympic Pkwy,Park City,UT,84098,40.713963,-111.55858
Hammer Museum,108 Main St,Haines,AK,99827,59.235096,-135.4447
American Classic Motorcycle Museum,1170 Us Highway 64 W,Asheboro,NC,27205,35.686848,-79.83923
Parris Island Museum,111 Panama St,Beaufort,SC,29902,32.348312,-80.68975
The Fingerlakes Museum,3369 Guyanoga Rd,Branchport,NY,14418,42.60099,-77.155106
Fort Collins Museum of Art,201 S College Ave,Fort Collins,CO,80524,40.5855,-105.077255
Historic Octagon House Museum,1004 3rd St,Hudson,WI,54016,44.980495,-92.75541
Schubert Club Museum,75 5th St W,Saint Paul,MN,55102,44.945267,-93.09687
Llano County Museum,310 Bessemer Ave,Llano,TX,78643,30.754042,-98.675644
Little House On The Paririe Museum,2507 CR 3000,Independence,KS,67301,37.124447,-95.83249
Heritage Museum,102 E 9th St,Leadville,CO,80461,39.25156,-106.291725
Huntsville Museum of Art,300 Church St SW,Huntsville,AL,35801,34.728306,-86.58731
Baltimore Tattoo Museum,1534 Eastern Ave,Baltimore,MD,21231,39.285473,-76.595955
PA State Police Museum,187 E Hersheypark Dr,Hershey,PA,17033,40.29687,-76.64639
Audubon Museum & Nature Center,3100 Us Highway 41 N,Henderson,KY,42420,37.88599,-87.55979
San Francisco Museum at The Mint,88 5th St,San Francisco,CA,94103,37.782787,-122.4068
Monona County Historical Museum,47 12th St,Onawa,IA,51040,42.036846,-96.100266
Columbia Co Historial Museum,112 N Main St,Pardeeville,WI,53954,43.536537,-89.30019
Sawyer County Historical Museum,15715 W County Road B,Hayward,WI,54843,46.004776,-91.47487
Capac Community Museum,401 E Kempf Ct,Capac,MI,48014,43.01707,-82.92463
Mohave Museum of History and Arts,400 W Beale St,Kingman,AZ,86401,35.190243,-114.06148
Museum & Workshop Tours,1719 Hallock Young Rd SW,Warren,OH,44481,41.143414,-80.85889
Bozeman Trail Museum,335 Johnson St,Big Horn,WY,82833,44.679527,-106.99139
Art Museum of the Americas,201 18th St NW,Washington,DC,20006,38.89277,-77.04155
Edison Museum,350 Pine St,Beaumont,TX,77701,30.08558,-94.097855
Ocean City Life-Saving Museum,813 S Atlantic Ave,Ocean City,MD,21842,38.325752,-75.08773
Wv Museum of American Glass,230 Main Ave,Weston,WV,26452,39.038544,-80.466736
California Oil Museum,1001 E Main St,Santa Paula,CA,93060,34.354115,-119.05992
The Chimayo Museum,13 Plaza Del Cerro,Chimayo,NM,87522,35.99969,-105.93574
Montana Military Museum,1956 Mt Majo St,Fort Harrison,MT,59636,46.617218,-112.09668
High Plains Archaeology Museum,211 State Highway 215,Pine Bluffs,WY,82082,41.176697,-104.07652
National Mustard Museum,7477 Hubbard Ave,Middleton,WI,53562,43.095238,-89.51078
Doleman Black Heritage Museum,540 N Locust St,Hagerstown,MD,21740,39.648155,-77.711876
Museum-Natural History,1501 State St,Marshall,MN,56258,44.453938,-95.75691
Nordic Heritage Museum,2655 NW Market St,Seattle,WA,98107,47.668514,-122.39245
Chicago Design Museum,72 E Randolph St,Chicago,IL,60601,41.884666,-87.62558
Daniels County Museum,720 2nd Ave W,Scobey,MT,59263,48.78989,-105.429886
Green River Valley Museum,140 11th St,Big Piney,WY,83113,42.561546,-110.09991
Stickley Museum,300 Orchard St,Fayetteville,NY,13066,43.026154,-76.00783
The Sailing Museum,365 Thames St,Newport,RI,02840,41.483192,-71.31477
F E Warren Museum,401 N Champagne Dr,Cheyenne,WY,82005,41.15672,-104.86361
Medal of Honor Museum,40 Patriots Point Rd,Mount Pleasant,SC,29464,32.792675,-79.904884
National Lighter Museum,107 S 2nd St,Guthrie,OK,73044,35.877804,-97.42773
Seattle Art Museum,1300 1st Ave,Seattle,WA,98101,47.60691,-122.33829
Columbus Black History Museum,315 8th St,Columbus,GA,31901,32.461082,-84.988525
Midtown Museum-Native Cultures,102 E Washington St,Waynetown,IN,47990,40.08834,-87.06457
American Guitar Museum,1810 New Hyde Park Rd,New Hyde Park,NY,11040,40.749092,-73.68551
Southwest Florida Museum of History,2031 Jackson St,Fort Myers,FL,33901,26.639767,-81.86658
Indiana Military Museum,715 S 6th Street Rd,Vincennes,IN,47591,38.666786,-87.545
Museum Of African American History,163 W 125th St Rm 904,New York,NY,10027,40.808655,-73.94719
Frontier Country Historic Museum,7507 N Meridian Ave,Crescent,OK,73028,35.964005,-97.60444
Museum of Geneva History,165 1st St,Geneva,FL,32732,28.734886,-81.11503
Queen City Transportation Museum,210 S Centre St,Cumberland,MD,21502,39.64971,-78.760025
Kids Quest Childrens Museum,4091 Factoria Square Mall SE,Bellevue,WA,98006,47.575375,-122.17063
Columbia County Historical Museum,157 SE Hernando Ave,Lake City,FL,32025,30.188469,-82.63619
Museum of The Confederacy,1201 E Clay St,Richmond,VA,23219,37.540836,-77.42969
Kelso House Museum,4158 State Route 43,Kent,OH,44240,41.102657,-81.34641
Templeton Historical Museum Society,309 S Main St,Templeton,CA,93465,35.550385,-120.70418
Hickory Ridge Homestead Museum,591 Horn In The West Dr,Boone,NC,28607,36.20987,-81.67036
New Mexico Museum of Art,107 W Palace Ave,Santa Fe,NM,87501,35.68803,-105.93893
Tehachapi Museum,310 S Green St,Tehachapi,CA,93561,35.12968,-118.447815
General Sweeny's Museum,5228 S State Highway Zz,Republic,MO,65738,37.11833,-93.42111
Knoxville Museum of Art,1050 Worlds Fair Park Dr,Knoxville,TN,37916,35.96261,-83.92556
Bayernhof Museum,225 Saint Charles Pl,Pittsburgh,PA,15215,40.4987,-79.91567
Canton Township Historical Museum,1022 S Canton Center Rd,Canton,MI,48188,42.300003,-83.486984
Pinal County Museum,715 S Main St,Coolidge,AZ,85128,32.97118,-111.51777
Associate of Art Museum,174 E 80th St,New York,NY,10075,40.77518,-73.95769
Sherman Jazz Museum,201 E Lamar St,Sherman,TX,75090,33.635994,-96.60771
Grevemberg House Museum,407 P R 131,Franklin,LA,70538,29.724005,-91.38196
Great River Road Carnegie Museum,808 Moscow Ave,Hickman,KY,42050,36.571434,-89.18591
Wheels Through Time Museum,62 Vintage Ln,Sylva,NC,28779,35.403698,-83.16155
The Children's Museum,950 Trout Brook Dr,West Hartford,CT,06119,41.761333,-72.737625
Reginald F Lewis Museum,19 E Fayette St,Baltimore,MD,21202,39.290276,-76.61445
9/11 Tribute Museum,92 Greenwich St,New York,NY,10006,40.70814,-74.01372
Finney County Historical Museum,403 S 4th St,Garden City,KS,67846,37.959484,-100.870155
Museum of Ventura County,77 N California St,Ventura,CA,93001,34.282005,-119.29302
Michigan Flywheelers Museum,64958 M 43,Bangor,MI,49013,42.3326,-86.17627
Rockford Art Museum,711 S Main St,Rockford,IL,61101,42.26505,-89.09933
Pike's Peak Children's Museum,704 E Boulder St,Colorado Springs,CO,80903,38.839336,-104.81239
Garrett Historical Railroad Museum,300 N Randolph St,Garrett,IN,46738,41.352463,-85.13585
Ohio Military Museum,8725 Haddix Rd,Fairborn,OH,45324,39.85735,-83.983536
Fields-Penn 1860 House Museum,133 W Main St,Abingdon,VA,24212,36.7108,-81.97532
Haggerty Museum of Art,530 N 13th St,Milwaukee,WI,53233,43.03699,-87.92729
Tweed Museum of Art,1201 Ordean Ct,Duluth,MN,55812,46.818935,-92.08328
Bolton Hall Museum,10110 Commerce Ave,Tujunga,CA,91042,34.252594,-118.288445
Third Cavalry Museum,761 Tank Battalion,Fort Hood,TX,76544,31.135792,-97.74746
J Paul Getty Museum,836 Taylor St,Eugene,OR,97402,44.050484,-123.114235
Il State Police Heritage Museum,4000 N Peoria Rd,Springfield,IL,62702,39.852245,-89.62219
Williams House Museum,424 W Sierra St,Portola,CA,96122,39.809296,-120.47348
Helen Jeffris Wood Museum,426 N Jackson St,Janesville,WI,53548,42.685658,-89.03115
Baer Specialty Shop & Museum,259 E Browning Rd,Bellmawr,NJ,08031,39.865135,-75.07088
Packard Museum Association,197 W Market St,Warren,OH,44481,41.235954,-80.81978
Sea Wolf Museum,755 E Rock Rd,Allentown,PA,18103,40.56865,-75.432076
McKissick Museum,816 Bull St,Columbia,SC,29208,33.99684,-81.02592
Dumont Museum,20545 255th St,Sigourney,IA,52591,41.286777,-92.20731
Paleo & Pelagica Museum,7035 Redwood Falls Dr,Pasadena,TX,77505,29.645805,-95.13219
Higginbotham House Museum,1790 Pisgah Rd,Tazewell,VA,24651,37.12219,-81.577156
Wonder Works Children's Museum,6445 North Ave,Oak Park,IL,60302,41.90897,-87.78683
Jefferson Patterson Park and Museum,10515 Mackall Rd,Saint Leonard,MD,20685,38.397106,-76.498604
Spray Pioneer Museum,402 Willow St,Spray,OR,97874,44.831528,-119.79395
Mark Twain Museum,47 S C St,Virginia City,NV,89440,39.31014,-119.64956
Miniature Museum of San Diego,6265 Cardeno Dr,La Jolla,CA,92037,32.82932,-117.24715
Museum Rebecca B Hadden Stone House,105 Point St,Saltsburg,PA,15681,40.48497,-79.45273
Lac Qui Parle County Museum,250 8th Ave S,Madison,MN,56256,45.006382,-96.196014
Jonesboro Fire House Museum,103 W Mill St,Jonesboro,GA,30236,33.52125,-84.354996
Computer Museum of America,5000 Commerce Pkwy,Roswell,GA,30076,34.03895,-84.34082
Sherwin Miller Museum of Jewish Art,2021 E 71st St,Tulsa,OK,74136,36.060986,-95.96366
Brooklyn Children's Museum,145 Brooklyn Ave,Brooklyn,NY,11213,40.674763,-73.94429
Harvey House Museum,221 Marion St,Florence,KS,66851,38.239532,-96.92852
Calif Northwestern Railway Museum,50 W 6th St,Santa Rosa,CA,95401,38.437965,-122.7231
Hampton Museum and Visitor's Center,15 Elm St E,Hampton,SC,29924,32.867023,-81.109055
Kansas Museum of Military History,135 N Walnut St,Augusta,KS,67010,37.671345,-96.98105
Baltimore City Fire Museum,414 Old Town Mall,Baltimore,MD,21202,39.295227,-76.60561
March Field Air Museum,22550 Van Buren Blvd,March Air Reserve Base,CA,92518,33.888145,-117.277336
Grand Saline Old School Museum,701 N Green St,Grand Saline,TX,75140,32.67886,-95.7085
National Lighthouse Museum,1 Lighthouse Plz,Staten Island,NY,10301,40.64352,-74.07209
Museum of Palestine People,1900 18th St NW,Washington,DC,20009,38.915703,-77.04183
Glen Burnie Museum,901 Amherst St,Winchester,VA,22601,39.188896,-78.18063
Marietta Museum of History,1 Depot St NE,Marietta,GA,30060,33.952625,-84.55082
Mount Vernon Hotel Museum & Garden,421 E 61st St,New York,NY,10065,40.760506,-73.95983
Grand Pacific House Museum,51065 Washington St,New Baltimore,MI,48047,42.679783,-82.735405
National Postal Museum,2 Massachusetts Ave NE,Washington,DC,20002,38.89755,-77.00872
Ferndell Nature Museum,5375 Red Oak Dr,Los Angeles,CA,90068,34.11256,-118.30782
Yellowstone Art Museum,401 N 27th St,Billings,MT,59101,45.785854,-108.50734
Hoo-Hoogam Ki Museum,10005 E Osborn Rd,Scottsdale,AZ,85256,33.487625,-111.86459
Vintage Motorcycle Museum,545 N Market Blvd,Chehalis,WA,98532,46.665634,-122.970825
C W Parker Carousel Museum,320 S Esplanade St,Leavenworth,KS,66048,39.317463,-94.909454
Mt Horeb Mustard Museum,100 W Main St,Mount Horeb,WI,53572,43.008785,-89.73983
Museum Bluff Riverside Condo,99 Walnut St,Chattanooga,TN,37403,35.055553,-85.307915
Cody Heritage Museum,1092 Sheridan Ave,Powell,WY,82435,44.779926,-108.662224
Blairstown Museum,26 Main St,Blairstown,NJ,07825,40.983185,-74.960915
Museum Management Consultants Inc,120 N Green St,Chicago,IL,60607,41.88365,-87.648766
Ottawa County Historical Museum,126 W 3rd St,Port Clinton,OH,43452,41.51067,-82.94173
Schneider Museum of Art,101 S Bartlett St,Medford,OR,97501,42.326122,-122.87032
Gilman Museum,726 Durham St,Hellertown,PA,18055,40.58003,-75.332695
Apalachicola Maritime Museum,957 E Pine Ave,Eastpoint,FL,32328,29.672817,-84.83855
Empire State Railway Museum,70 Lower High St,Phoenicia,NY,12464,42.079933,-74.30842
Watson's Wild West Museum,W4865 Potter Rd,Elkhorn,WI,53121,42.706146,-88.540085
Chinese American Museum,425 N Los Angeles St,Los Angeles,CA,90012,34.05568,-118.23899
Downtown History Museum,140 N Stone Ave,Tucson,AZ,85701,32.22372,-110.97136
Museum-NC Traditional Pottery,127 E Main St,Seagrove,NC,27341,35.54121,-79.777794
Makawao History Museum,3643 Baldwin Ave,Makawao,HI,96768,20.854961,-156.31091
Imagine Nation Children's Museum,1 Pleasant St,Bristol,CT,06010,41.67005,-72.94569
Lost River Museum,8977 State Road 259,Lost City,WV,26810,38.887493,-78.86001
Anderson County Museum,202 E Greenville St,Anderson,SC,29621,34.50991,-82.64992
Black Hills Mining Museum,323 W Main St,Lead,SD,57754,44.351818,-103.76703
Oxford Museum Association,PO Box 184,Oxford,OH,45056,39.5161,-84.7466
Kathryn Tucker Windham Museum,30755 Highway 43,Thomasville,AL,36784,31.794353,-87.75558
Peoria PlayHouse Children's Museum,2218 N Prospect Rd,Peoria,IL,61603,40.715153,-89.57712
"Tantaquidgeon Indian Museum, Inc.",1819 Norwich New London Tpke,Uncasville,CT,06382,41.47437,-72.10021
Tangier History Museum,16215 Main St,Tangier,VA,23440,37.824486,-75.993004
Lewistown Museum,408 NE Main St,Lewistown,MT,59457,47.070724,-109.41424
Museum of Family Camping,157 Deerfield Rd,Allenstown,NH,03275,43.160137,-71.37941
Abraham Lincoln Long 9 Museum,200 S Main St,Athens,IL,62613,39.96003,-89.723755
The Williams House Museum,303 E Front St,De Kalb,TX,75559,33.507824,-94.61403
Floyd County Museum,500 Gilbert St,Charles City,IA,50616,43.062798,-92.678345
Woodson County Museum,204 W Mary St,Yates Center,KS,66783,37.87919,-95.734505
SFFD Fire Museum,655 Presidio Ave,San Francisco,CA,94115,37.785686,-122.44667
International Surfing Museum,411 Olive Ave,Huntington Beach,CA,92648,33.6592,-118.00088
Dekker-Huis Museum,37 E Main Ave,Zeeland,MI,49464,42.812473,-86.01796
Sound Museum,4214 Manorview Rd,Glen Arm,MD,21057,39.4614,-76.52908
Tallac Museum & Historic Site,Highway 89,South Lake Tahoe,CA,96150,38.79722,-119.97076
United States Aviation Museum,4477 Mackall Rd,Cleveland,OH,44121,41.503517,-81.5187
Luther Bean Museum,208 Edgemont Blvd,Alamosa,CO,81101,37.471275,-105.88062
Lincoln County Museum,600 7th St,Davenport,WA,99122,47.653103,-118.15125
Betsy Ross Museum Shop Inc,239 Arch St,Philadelphia,PA,19106,39.952225,-75.14451
Davenport School Museum,1702 N Main St,Davenport,IA,52803,41.537113,-90.57572
Pensacola Historical Museum,117 E Government St,Pensacola,FL,32502,30.409422,-87.21278
South Carolina Civil War Museum,4857 Highway 17 Byp S,Myrtle Beach,SC,29577,33.675186,-78.965996
Jewish Museum of Florida Inc,Carnegie Art Center 109,Walla Walla,WA,99362,46.0636,-118.3397
Heritage House Museum,905 W Division Ave,Orange,TX,77630,30.089962,-93.738075
Dunedin Historical Museum,349 Main St,Dunedin,FL,34698,28.011766,-82.788826
West Point Museum,2110 New South Post,West Point,NY,10996,41.3728,-73.9631
National Bird Dog Museum,505 Highway 57 W,Grand Junction,TN,38039,35.05035,-89.19364
Idaho Potato Museum,130 NW Main St,Blackfoot,ID,83221,43.189613,-112.3438
Michigan Maritime Museum,260 Dyckman Ave,South Haven,MI,49090,42.40679,-86.27427
Paul Robeson House & Museum,4951 Walnut St,Philadelphia,PA,19139,39.956566,-75.22128
MOCA Museum of Contemporary Art,333 N Laura St,Jacksonville,FL,32202,30.329277,-81.65837
Hickory Grove Rural School Museum,41 E & J Ave,Ogden,IA,50212,42.0391,-94.0478
Pretend City Children's Museum,29 Hubble,Irvine,CA,92618,33.641872,-117.73909
Heritage Square Museum,100 S Los Robles Ave Suite 470,Pasadena,CA,91101,34.14386,-118.141235
Terwilliger Museum,31 E Williams St,Waterloo,NY,13165,42.90566,-76.86111
Ocean County Historical Museum,26 Hadley Ave,Toms River,NJ,08753,39.95302,-74.19084
San Luis Obispo Childrens Museum,1010 Nipomo St,San Luis Obispo,CA,93401,35.278698,-120.665985
Castlerock Museum,402 S 2nd St,Alma,WI,54610,44.318382,-91.91322
Veterans Museum-Mid Oh Valley,521 Market St,Parkersburg,WV,26101,39.266083,-81.56017
Old Fort House Museum,22 Broadway,Fort Edward,NY,12828,43.260674,-73.58053
Potter's Wax Museum,31 Orange St,Saint Augustine,FL,32084,29.897562,-81.31498
Museum of Sex,233 5th Ave,New York,NY,10016,40.744366,-73.98732
Cobb House Museum,739 Lower Rd,Brewster,MA,02631,41.76163,-70.087685
Branson Auto & Farm Museum,1335 W 76 Country Blvd,Branson,MO,65616,36.640423,-93.24323
Cass County Museum,1004 E Market St,Logansport,IN,46947,40.7545,-86.356766
Brookhaven Vol Fire Museum,25 Middle Country Rd,Ridge,NY,11961,40.910744,-72.843285
Erotic Heritage Museum,3275 Sammy Davis Jr Dr,Las Vegas,NV,89109,36.13,-115.17439
Plattsburgh Air Force Base Museum,31 Washington Rd,Plattsburgh,NY,12903,44.68225,-73.44619
Stephens Museum,411 Central Methodist Sq,Fayette,MO,65248,39.148262,-92.684975
Native American Museum,5170 E Poplar Dr,Terre Haute,IN,47803,39.46296,-87.33444
Forest Park Museum and Arboretum,14581 K Ave,Perry,IA,50220,41.826286,-94.08713
Zak Bagans' The Haunted Museum,600 E Charleston Blvd,Las Vegas,NV,89104,36.15863,-115.14582
Fort Columbia House Museum,Highway 101,Chinook,WA,98614,46.2722,-123.9357
Baker Block Museum,1307 Georgia Ave,Baker,FL,32531,30.797518,-86.684555
High Plains Museum,1717 Cherry St,Goodland,KS,67735,39.34136,-101.705956
Evergreen Museum & Library,4545 N Charles St,Baltimore,MD,21210,39.347237,-76.62227
Susan Baker Memorial Museum,46 Shore Rd,North Truro,MA,02652,42.0332,-70.08433
Bison Museum,16641 N 91st St,Scottsdale,AZ,85260,33.63828,-111.88472
Garrard County Historical Museum,103 Stanford St,Lancaster,KY,40444,37.618546,-84.57866
St Charles Museum and Historical,249 S Saginaw St,Saint Charles,MI,48655,43.2961,-84.13912
Heritage Flight Museum,172 Aeroview Ln,Eastsound,WA,98245,48.70365,-122.9135
Fairmount Historical Museum,203 E Washington St,Fairmount,IN,46928,40.415813,-85.649315
Oregon Museums Association,8512 SE 13th Ave,Portland,OR,97202,45.461285,-122.65281
Cherokee Strip Museum,901 14th St,Alva,OK,73717,36.799294,-98.679695
Gulfport Historical Museum,5301 28th Ave S,Gulfport,FL,33707,27.742357,-82.70528
Bar Harbor Whale Museum,52 West St,Bar Harbor,ME,04609,44.390938,-68.20592
Wells Auto Museum,1181 Post Rd,Wells,ME,04090,43.309963,-70.58452
Butler County Museum,327 N 2nd St,Hamilton,OH,45011,39.403835,-84.56007
Garrett County Historical Museum,107 S 2nd St,Oakland,MD,21550,39.40866,-79.4083
National Lighthouse Museum,5 Bay St,Staten Island,NY,10301,40.641953,-74.07508
Utzman Chambers House Museum,116 S Jackson St,Salisbury,NC,28144,35.668762,-80.47285
Children's Museum of Oak Ridge,461 W Outer Dr,Oak Ridge,TN,37830,36.023514,-84.27186
Marked Tree Delta Area Museum,106 Frisco St,Marked Tree,AR,72365,35.532013,-90.42117
Whitney Western Art Museum,720 Sheridan Ave,Cody,WY,82414,44.525936,-109.07328
Old Truckee Jail Museum,10142 Jibboom St,Truckee,CA,96161,39.327965,-120.18697
Mid-America Air Museum,2000 W 2nd St,Liberal,KS,67901,37.03951,-100.950516
Isabella Stewart Gardner Museum,25 Evans Way,Boston,MA,02115,42.33823,-71.09873
Tustin Area Museum,395 El Camino Real,Tustin,CA,92780,33.742207,-117.82348
Tate Geological Museum,125 College Dr,Casper,WY,82601,42.831894,-106.32946
Union City Historical Museum,3841 Smith St,Union City,CA,94587,37.59662,-122.0779
Connect Museum,96 River Oaks Ctr,Calumet City,IL,60409,41.600407,-87.556435
Museums At Prophetstown,3534 Prophetstown Trl,Battle Ground,IN,47920,40.495953,-86.83987
Santa Claus Museum,PO Box 1,Santa Claus,IN,47579,38.1204,-86.9245
Thomas Bass Museum,1129 Montevallo Rd,Leeds,AL,35094,33.54062,-86.558266
North Charleston Fire Museum,4975 Centre Pointe Dr,North Charleston,SC,29418,32.870308,-80.02008
Old Lighthouse Museum,100 Heisman Harbor Rd,Michigan City,IN,46360,41.723347,-86.90639
Greer Heritage Museum,161 Shore Heights Dr,Inman,SC,29349,34.994637,-82.08991
Alexander Arthur Museum,2215 Cumberland Ave,Middlesboro,KY,40965,36.606773,-83.71803
Male Academy Museum,30 Temple Ave,Newnan,GA,30263,33.378555,-84.803055
Israel Crane Museum House,108 Orange Rd,Montclair,NJ,07042,40.812023,-74.22285
Superior Historical Museum,110 Maple St,Superior,CO,80027,39.9619,-105.1478
Sierra Mono Museum,33103 Road 228,North Fork,CA,93643,37.22837,-119.50404
Army Avn Museum,617 Andrews Ave,Fort Rucker,AL,36362,31.37235,-85.7045
North Country Children's Museum,10 Raymond St,Potsdam,NY,13676,44.669853,-74.98807
Carriage House Paper Museum,8 Evans Rd,Brookline,MA,02445,42.340687,-71.13789
Rehoboth Beach Museum,511 Rehoboth Ave,Rehoboth Beach,DE,19971,38.71478,-75.09203
Washington City Museum,25 E Telegraph St,Washington,UT,84780,37.13038,-113.50955
Lake County Historical Museum,1 Courthouse Sq,Crown Point,IN,46307,41.41725,-87.3646
New Jersey Museum of Agrcltr,103 College Farm Rd,New Brunswick,NJ,08901,40.47308,-74.43539
Penfield Homestead Museum,703 Creek Rd,Crown Point,NY,12928,43.922543,-73.53616
Cold War Museum,10824 1st St,Fairfax,VA,22030,38.851986,-77.31899
Queens Museum of Art,Meridian Rd,Flushing,NY,11368,40.7527,-73.84078
Hurricane Valley Pioneer Museum,35 W State St,Hurricane,UT,84737,37.176308,-113.28886
President Andrew Johnson Museum,57 Gilland St,Greeneville,TN,37745,36.1745,-82.7629
The Trout Museum of Art,111 W College Ave,Appleton,WI,54911,44.26167,-88.406624
Peoples Historical Museum,343 N Court St Ste H,Prattville,AL,36067,32.46723,-86.47514
Fabyan's Forest Preserve Museum,1511 S Batavia Ave,Geneva,IL,60134,41.87306,-88.31263
Quartzsite Museum,161 W Main St,Quartzsite,AZ,85346,33.6662,-114.21987
Firefighters Museum Agrmansipe,PO Box 389,Newton,NC,28658,35.6612,-81.2237
Plumb House Museum,1012 W Main St,Waynesboro,VA,22980,38.0698,-78.89554
Wahkiakum County Museum,65 River St,Cathlamet,WA,98612,46.20258,-123.38578
Western Museum Association,347 Healdsburg Ave,Healdsburg,CA,95448,38.61139,-122.871025
Clifton Steamboat Museum,8727 Highway 124,Beaumont,TX,77705,29.993708,-94.19221
Saginaw Railway Museum,900 Maple St,Saginaw,MI,48602,43.407726,-83.985405
Heard Museum,315 County Road 43,Glen Haven,CO,80532,40.446056,-105.45484
Fort Brady Museum,PO Box 11,Brady,NE,69123,41.0227,-100.3664
Skiatook Museum,115 S Broadway St,Skiatook,OK,74070,36.368282,-95.99866
Boone County Heritage Museum,110 S Cherry St,Harrison,AR,72601,36.22963,-93.11247
Hatton-Eielson Museum,405 Eielson St,Hatton,ND,58240,47.637875,-97.45605
Evansville African American Museum,579 S Garvin St,Evansville,IN,47713,37.970894,-87.55639
Ararat-Eskijian Museum,15105 Mission Hills Rd,Mission Hills,CA,91345,34.281483,-118.46263
Fort Payne Depot Museum,105 5th St NE,Fort Payne,AL,35967,34.57284,-85.78859
Pieces of Elvis Museum,W Main St,Swainsboro,GA,30401,32.597195,-82.33434
Blue Slope Country Museum,138 Blue Hill Rd,North Franklin,CT,06254,41.58686,-72.17321
Andrew County Museum,202 E Duncan Dr,Savannah,MO,64485,39.94816,-94.82129
Borough Museum,120 E Church St,Sellersville,PA,18960,40.362206,-75.309944
Oakfield Historical Museum,40 Station St,Oakfield,ME,04763,46.09812,-68.1562
Southwest Museum,6067 Wilshire Blvd,Los Angeles,CA,90036,34.063004,-118.35994
Black History Museum Corinth,1109 Meigg St,Corinth,MS,38834,34.928513,-88.514946
Eastern California Museum,155 N Grant St,Independence,CA,93526,36.80158,-118.203606
Museum Human Rights Freedom,93a S Livingston Ave,Livingston,NJ,07039,40.79287,-74.31446
Florida Air Museum,4175 Medulla Rd,Lakeland,FL,33811,27.979975,-82.028076
Douglas County Museum,700 S Main St,Tuscola,IL,61953,39.793175,-88.28788
Veterans of All Wars Museum Inc,71 Red Belt Rd,Chickamauga,GA,30707,34.884068,-85.26776
Museum of Art,226 W 4th St,Davenport,IA,52801,41.523663,-90.57686
Museum Selections,720 Sheridan Ave,Cody,WY,82414,44.525936,-109.07328
Museum of Navajo Arts,301 W Main St,Farmington,NM,87401,36.72889,-108.20821
Bishop Hill Heritage Museum,103 N Bishop Hill St,Bishop Hill,IL,61419,41.20044,-90.11864
Lake Stevens Historical Museum,12301 Northlake Shore Dr,Lake Stevens,WA,98258,48.0152,-122.0647
Abn Museum Inc,1108 Summit St,Fort Wayne,IN,46803,41.076035,-85.12385
Strasburg Museum,440 E King St,Strasburg,VA,22657,38.987514,-78.355896
Hampton Roads Naval Museum,1 Waterside Dr,Norfolk,VA,23510,36.846752,-76.29408
Museums in Hand,233 S Wacker Dr,Chicago,IL,60606,41.878784,-87.63654
Heaton-Bowman-Smith Funeral Museum,3609 Frederick Ave,Saint Joseph,MO,64506,39.777134,-94.8051
Songbirds Guitar Museum,35 Station St,Chattanooga,TN,37408,35.036896,-85.30664
St Charles History Museum,215 E Main St,Saint Charles,IL,60174,41.913937,-88.31088
Mississippi Entomological Museum,100 Old Highway 12,Mississippi State,MS,39762,33.4538,-88.7941
Rhythm Night Club Memorial Museum,5 Saint Catherine St,Natchez,MS,39120,31.559118,-91.39749
National Bottle Museum,76 Milton Ave,Ballston Spa,NY,12020,43.00317,-73.84868
Sarasota Classic Car Museum,5500 N Tamiami Trl,Sarasota,FL,34243,27.38219,-82.55668
PNCA Museum of Craft and Design,724 NW Davis St,Portland,OR,97209,45.524323,-122.67869
War Memorial Museum of Virginia,9285 Warwick Blvd,Newport News,VA,23607,37.019897,-76.45198
Eureka Fire Museum,39 Washington Ave,Milltown,NJ,08850,40.452103,-74.435486
Charles Perdew Museum,914 Front St,Henry,IL,61537,41.107594,-89.35953
Imperial Calcasieu Museum,204 W Sallier St,Lake Charles,LA,70601,30.213175,-93.221695
"IMAX Dome Theater, the Tech Museum",201 S Market St,San Jose,CA,95113,37.331776,-121.890015
Miami Pinball Museum,2000 NE 146th St,North Miami,FL,33181,25.91031,-80.1596
San Francisco Railway Museum,77 Steuart St,San Francisco,CA,94105,37.793232,-122.39293
Wisconsin National Guard Museum,101 Independence Dr,Camp Douglas,WI,54618,43.92704,-90.261925
Galesburg Memorial Museum,190 E Michigan Ave,Galesburg,MI,49053,42.28881,-85.412796
Tasha Tudor Museum,974 Western Ave,Brattleboro,VT,05301,42.85433,-72.60115
Gopher State Railway Museum,25501 Helena Blvd,New Prague,MN,56071,44.580196,-93.58339
Sutton Historical Society Museum,4 Uxbridge Rd,Sutton,MA,01590,42.149704,-71.76258
Princeton Doll & Toy Museum,8 Somerset St,Hopewell,NJ,08525,40.39275,-74.75964
Cook's Natural Science Museum,412 13th St SE,Decatur,AL,35601,34.580418,-86.98286
Dugger Coal Museum,1080 S Section St,Dugger,IN,47848,39.066692,-87.25981
Museum of Ice Cream,558 Broadway,New York,NY,10012,40.72381,-73.997894
Portland Art Museum Rental Sls,1237 SW 10th Ave,Portland,OR,97205,45.516483,-122.68421
Pickering-Beach Museum,501 E Main St,Watertown,NY,13601,44.001163,-75.97369
Owensboro Museum of Fine Art,901 Frederica St,Owensboro,KY,42301,37.767265,-87.11267
Museum Quality Crystal Restoration,101 Mohican Trl,Wilmington,NC,28409,34.151585,-77.87009
EarlyWorks Family of Museums,109 Gates Ave SE,Huntsville,AL,35801,34.72893,-86.584526
Robert R. Mccormick Museum,1S151 Winfield Rd,Wheaton,IL,60189,41.85447,-88.161766
Cannon Falls Military Museum,33504 Warsaw Trl,Cannon Falls,MN,55009,44.463684,-92.938896
Samuel Cupples House Museum,221 N Grand Blvd,Saint Louis,MO,63103,38.63756,-90.232796
Heath Museum and Consectionery,125 Court St,Robinson,IL,62454,39.00555,-87.74003
Adirondack Museum,9097 State Route 30,Blue Mountain Lake,NY,12812,43.869892,-74.43159
Icebreaker Mackinaw Meritime Museum,131 S Huron Ave,Mackinaw City,MI,49701,45.780033,-84.72553
Wolfsonian Museum,1001 Washington Ave,Miami Beach,FL,33139,25.780956,-80.13255
Bronzeville Childrens Museum,9301 S Stony Island Ave,Chicago,IL,60617,41.725857,-87.58479
Barryton Area Museum,19730 30th Ave,Barryton,MI,49305,43.751774,-85.147354
Phillips Museum of Art,628 College Ave,Lancaster,PA,17603,40.047455,-76.31848
Pomona College Museum of Art,330 N College Ave,Claremont,CA,91711,34.09779,-117.71476
Nemaha Valley Museum,1423 19th St,Auburn,NE,68305,40.384884,-95.84505
Memorial Day Museum,35 E Main St,Waterloo,NY,13165,42.904484,-76.861
Asheville Pinball Museum,1 Battle Sq Ste 1A,Asheville,NC,28801,35.596397,-82.5566
Museum South Bannock County,110 W Main St,Lava Hot Springs,ID,83246,42.619385,-112.01388
Oakland Museum-CA Sculpture,1111 Broadway,Oakland,CA,94607,37.80267,-122.27242
George Jones Museum,128 2nd Ave N,Nashville,TN,37201,36.163067,-86.77575
Boorman House Museum,211 N Union St,Mauston,WI,53948,43.79929,-90.07008
National Museum of Roller Skating,4730 South St,Lincoln,NE,68506,40.791786,-96.65452
Jones & Plummer Trail Museum,1100 Douglas Ave,Beaver,OK,73932,36.806423,-100.51935
Masur Museum Of Art,1400 S Grand St,Monroe,LA,71202,32.48983,-92.112755
Enos Mills Cabin Museum,6760 State Highway 7,Estes Park,CO,80517,40.32906,-105.53792
Museum of Science & Industry,968 Hancock St,Quincy,MA,02170,42.25904,-71.00908
Golden Drift Museum,32820 Main St,Dutch Flat,CA,95714,39.20693,-120.837746
Appleton Museum of Art,4333 E Silver Springs Blvd,Ocala,FL,34470,29.204407,-82.07658
Oquirrh Mountain Mining Museum,47 S Main St,Tooele,UT,84074,40.52961,-112.29832
American Museum of Asmat Art,1885 Dell St,Saint Paul,MN,55110,45.048664,-93.02148
Pember Museum of Natural History,33 W Main St,Granville,NY,12832,43.406055,-73.263565
Charles Allis Art Museum,1801 N Prospect Ave,Milwaukee,WI,53202,43.05382,-87.89003
Tennessee Valley Railroad Museum,4119 Cromwell Rd,Chattanooga,TN,37421,35.066727,-85.20386
Robert C. Williams Paper Museum,500 10th St NW,Atlanta,GA,30318,33.78139,-84.40375
Museum Square Partners,131 W Adelaide St,Elmhurst,IL,60126,41.898678,-87.940865
Smoky Hill Museum,211 W Iron Ave,Salina,KS,67401,38.8404,-97.61091
Children's Museum of Acadiana,201 E Congress St,Lafayette,LA,70501,30.225218,-92.017494
City of Riverside Museum,3720 Orange St,Riverside,CA,92501,33.982006,-117.37267
Kauai Children's Discovery Museum,4-831 Kuhio Hwy,Kapaa,HI,96746,22.061195,-159.32129
Swensrud School Museum,Central Ave & 10th St,Northwood,IA,50459,43.4474,-93.261
Washington Fire Lookout Museum,123 W Westview Ave,Spokane,WA,99218,47.745663,-117.41352
Cleveland Museum of Natural History,1 Wade Oval Dr,Cleveland,OH,44106,41.50994,-81.610085
Ama Alumni Museum,1640 Lee Hwy,Fort Defiance,VA,24437,38.237026,-78.97548
Thomas J. Boyd Museum,295 Tazewell St,Wytheville,VA,24382,36.95093,-81.08493
Honolulu House Museum,107 N Kalamazoo Ave,Marshall,MI,49068,42.272736,-84.96434
Water Tower Museum,916 Hillgrove Ave,Western Springs,IL,60558,41.809647,-87.90031
St Joseph Fire Museum,1202 S 11th St,Saint Joseph,MO,64503,39.756096,-94.846954
Bayou Country Childrens Museum,1001 Canal Blvd,Thibodaux,LA,70301,29.79078,-90.821144
Worldways Childrens Museum,733 Carman Oaks Ct,Ballwin,MO,63021,38.57932,-90.48606
The Little Nature Museum,18 Highlawn Rd,Warner,NH,03278,43.295765,-71.82447
Case Research Lab Museum,203 Genesee Gdns,Auburn,NY,13021,42.93695,-76.56882
Jones Memorial Chapel & Museum,1 E Courthouse Sq,Mount Vernon,MO,65712,37.1023,-93.8173
Florence McLeod Hazard Museum,316 7th St N,Columbus,MS,39701,33.498096,-88.425995
American Jazz Museum,1615 E 18th St,Kansas City,MO,64108,39.091053,-94.56306
Albin Museum,300 5th St,Cheyenne,WY,82001,41.1418,-104.8007
Museum of Food and Drink,62 Bayard St,Brooklyn,NY,11222,40.718914,-73.949486
Frontier Army Museum,100 Reynolds Ave,Fort Leavenworth,KS,66027,39.348637,-94.918365
California Museum Air & Space,8001 California City Blvd,California City,CA,93505,35.12601,-117.985374
Franklin Museum,187 N Main St,New Athens,OH,43981,40.18723,-80.995865
New Freedom Museum,22 W Railroad Ave,Shrewsbury,PA,17361,39.766907,-76.68078
Saranac Laboratory Museum,89 Church St Ste 2,Saranac Lake,NY,12983,44.326794,-74.12931
Museum of the West,462 Ute Ave,Grand Junction,CO,81501,39.065514,-108.56494
Museums of Oglebay Institute,465 Lodge Dr,Wheeling,WV,26003,40.098145,-80.659225
Hiram Rosenwald School Museum,732 Hiram Douglasville Hwy,Hiram,GA,30141,33.881653,-84.75965
Chickasaw Council House Museum,209 N Fisher St,Tishomingo,OK,73460,34.237614,-96.67962
Farwell Historical Museum,221 W Main St,Farwell,MI,48622,43.835075,-84.86889
Coos Historical & Maritime Museum,1210 N Front St,Coos Bay,OR,97420,43.374664,-124.21178
Hagadorn House Museum,7 Main St,Almond,NY,14804,42.325165,-77.73494
Zachary Museum,4524 Virginia St,Zachary,LA,70791,30.647554,-91.15656
Chino's Old Schoolhouse Museum,5493 B St,Chino,CA,91710,34.017212,-117.68511
Tampa Bay Automobile Museum,3301 Gateway Centre Blvd,Pinellas Park,FL,33782,27.852226,-82.67841
Merrit Museum of Anthropology,12500 Campus Dr,Oakland,CA,94619,37.791153,-122.16758
Central Nevada Museum,1900 Airport Rd,Tonopah,NV,89049,38.04744,-117.091484
McLaughlin Trans Am Museum,1201 Plum St,Parkersburg,WV,26101,39.264084,-81.54148
Maine Classic Car Museum,2564 Portland Rd,Arundel,ME,04046,43.451256,-70.4973
Sid Richardson Museum,309 Main St,Fort Worth,TX,76102,32.75571,-97.33175
El Quartelejo Museum,902 W 5th St,Scott City,KS,67871,38.482544,-100.91852
Yollocalli Youth Museum,1401 W 18th St,Chicago,IL,60608,41.85774,-87.66161
Salem Toy Museum,1 E India Square Mall Ste 131,Salem,MA,01970,42.5219,-70.89309
Breton's Collectable Museum,438 Priest Hill Rd,Vassalboro,ME,04989,44.469418,-69.60009
O Street Museum,2020 O St NW,Washington,DC,20036,38.90844,-77.04594
Coolspring Power Museum,PO Box 19,Coolspring,PA,15730,41.0261,-79.0709
Levine Museum of the New South,401 S Tryon St,Charlotte,NC,28202,35.224674,-80.84641
Cajun Music Hall of Fame and Museum,240 S C C Duson St,Eunice,LA,70535,30.493305,-92.41504
Custer Battlefield Museum,4185 Garryowen Rd,Garryowen,MT,59031,45.524254,-107.41537
Halim Time & Glass Museum,1560 Oak Ave,Evanston,IL,60201,42.046127,-87.68705
George Rowe Museum,905 Main St,Silver Plume,CO,80476,39.697075,-105.72478
Terrebonne Museum,1208 Museum Dr,Houma,LA,70360,29.587807,-90.740715
Fireboat Firefighter Museum,115 Front St,Greenport,NY,11944,41.102043,-72.360634
St Paul Museum,411 High Point St,Randleman,NC,27317,35.82337,-79.81064
Creswell Historical Museum,55 S 5th St,Creswell,OR,97426,43.91743,-123.02436
Douglas County Museum,124 W Walnut St,Waterville,WA,98858,47.646336,-120.07289
City of Petersburg Museums,1 Centre Hill Ct,Petersburg,VA,23803,37.229843,-77.40081
Scitech Hands On Museum,18 W Benton St,Aurora,IL,60506,41.756363,-88.317986
Cedar Rapids Museum of Art,410 3rd Ave SE,Cedar Rapids,IA,52401,41.97848,-91.6646
Old Stone Fort Museum,Nacogdoches 75961,Nacogdoches,TX,75961,31.5854,-94.5765
Naval Air Museum Barbers Point,1792 Midway Rd,Kapolei,HI,96707,21.31033,-158.0847
El Monte Museum of History,3150 Tyler Ave,El Monte,CA,91731,34.0663,-118.035805
Children's Museum of South Carolina,2204 N Oak St,Myrtle Beach,SC,29577,33.706024,-78.872475
Rufus Porter Museum,121 Main St,Bridgton,ME,04009,44.054314,-70.70862
Cinnati Fire Museum,315 W Court St,Cincinnati,OH,45202,39.105503,-84.5195
Lane Victory Ship and Museum,"Bert 49,",San Pedro,CA,90733,33.736,-118.2798
Oklahoma Military Academy Museum,1701 W Will Rogers Blvd,Claremore,OK,74017,36.318905,-95.63182
Hanka Homestead Museum,13249 Hanka Rd,Pelkie,MI,49958,46.89549,-88.543106
Rural Free Delivery Museum,9064 Stony Hollow Rd,Burlington,IA,52601,40.91213,-91.1041
Valley Center History Museum,29200 Cole Grade Rd,Valley Center,CA,92082,33.243256,-117.0238
Delta Blues Museum,1 Blues Alley Ln,Clarksdale,MS,38614,34.199947,-90.57392
Kearney Area Children's Museum,5827 4th Ave,Kearney,NE,68845,40.733734,-99.087006
Musical Instrument Museum,84 S 10th St Ste 450,Minneapolis,MN,55403,44.973877,-93.27402
Museum of the Red River,812 E Lincoln Rd,Idabel,OK,74745,33.8804,-94.81991
Toledo Police Museum Inc,2201 Kenwood Blvd,Toledo,OH,43606,41.670383,-83.596436
Cincinnati Museum Center,1100 Dennison Ave,Cincinnati,OH,45202,39.107,-84.5085
Greeley City Services Museums,1475 A St,Greeley,CO,80631,40.435364,-104.70291
East End Seaport Maritime Museum,3rd Wiggins St,Greenport,NY,11944,41.0993,-72.3693
Missiles and More Museum,720 Channel Blvd,Topsail Beach,NC,28445,34.367355,-77.629814
Fort Smith Regional Art Museum,1601 Rogers Ave,Fort Smith,AR,72901,35.381313,-94.41538
Fairbanks Pioneer Museum,2300 Airport Way  Cabin #1,Fairbanks,AK,99701,64.8371,-147.7771
St Paul Historical Museum,Po Box 158,Saint Paul,OR,97137,45.195995,-122.96737
Strawberry Banke Museum,Po Box 300,Portsmouth,NH,03802,43.0774,-70.7563
Bisbee Mining & Historical Museum,5 Copper St,Bisbee,AZ,85603,31.38655,-109.92292
Coast Guard Heritage Museum,3353 Main St,Barnstable,MA,02630,41.70027,-70.29919
Indiana State Police Museum,8660 E 21st St,Indianapolis,IN,46219,39.796783,-86.01476
"Museums, Northwest Carriage Museum",312 Alder St,Raymond,WA,98577,46.68414,-123.73401
Helmuth Pfennig Wildlife Museum,6148 3rd St NW,Beulah,ND,58523,47.458317,-101.85425
Carroll Museums Inc,800 E Lombard St,Baltimore,MD,21202,39.288597,-76.604294
Homelake Veterans' History Museum,3749 Sherman Ave,Monte Vista,CO,81144,37.574593,-106.097015
Albert J Thomas Library Museum,425 Main St,Rutland,MA,01543,42.363823,-71.98402
Warbirds West Air Museum,2600 Gold St,Redding,CA,96001,40.57635,-122.40505
Wickersham House Museum,535 2nd Ave,Fairbanks,AK,99701,64.84336,-147.71889
Proctor Museum of Natural Science,630 Uvalde Rd,Houston,TX,77015,29.78518,-95.18713
Paul Bunyan Logging Camp Museum,1110 Buffington Dr,Eau Claire,WI,54703,44.810455,-91.531654
Sykesville Gate House Museum,7283 Cooper Dr,Sykesville,MD,21784,39.374027,-76.966934
Fletcher Henderson Museum,809 McKenzie Ct SW,Atlanta,GA,30311,33.733826,-84.47974
Lakeshore Museum Center,43O W Clay Ave,Muskegon,MI,49440,43.237846,-86.24607
Pacific Southwest Railway Museum,750 Depot St,Campo,CA,91906,32.61209,-116.47249
The MÜTter Museum,19 S 22nd St,Philadelphia,PA,19103,39.95328,-75.17665
Laramie Peak Museum,1601 16th St,Wheatland,WY,82201,42.06229,-104.963326
Connecticut River Museum,67 Main St,Essex,CT,06426,41.35101,-72.3854
Swigart Museum,508 Penn St,Huntingdon,PA,16652,40.484886,-78.01256
Port Townsend Aero Museum,105 Airport Rd,Port Townsend,WA,98368,48.056942,-122.80657
"The Commonwealth Museum, Friends of",220 William T Morrissey Blvd,Dorchester,MA,02125,42.312748,-71.04612
Grass Valley Museum,410 S Church St,Grass Valley,CA,95945,39.214573,-121.06746
Rosemount Museum,419 W 14th St,Pueblo,CO,81003,38.279976,-104.6124
Maine Mineral & Gem Museum,99 Main St,Bethel,ME,04217,44.407696,-70.78873
Big House Museum,2321 Vineville Ave,Macon,GA,31204,32.84589,-83.65599
Evans/Dahl Memorial Museum,545 Main St,Lander,WY,82520,42.83405,-108.736244
Umlauf Sculpture Garden & Museum,605 Azie Morton Rd,Austin,TX,78704,30.263145,-97.76663
Natchez Costume & Doll Museum,215 S Pearl St,Natchez,MS,39120,31.558647,-91.40451
Blackman's Museum,118 Avenue B,Snohomish,WA,98290,47.911625,-122.09611
Jim Catfish Hunter Baseball Museum,118 W Market St,Hertford,NC,27944,36.18887,-76.4668
Turbotville Auto Museum,State Route 54,Turbotville,PA,17772,41.10443,-76.738174
Post Falls Historical Museum,101 E 4th Ave,Post Falls,ID,83854,47.711143,-116.947845
NW Museum-Arts-Culture FDN,1851 Alder Ave,Richland,WA,99354,46.29881,-119.29635
Herbert H Dow Historical Museum,3100 Cook Rd,Midland,MI,48640,43.62753,-84.266624
Uc Museum of Paleontology,1101 Valley Life Sciences Bldg,Berkeley,CA,94720,37.87091,-122.262634
Santa Barbara Museum of Art,1130 State St,Santa Barbara,CA,93101,34.423264,-119.70397
Geneva History Museum,113 S 3rd St,Geneva,IL,60134,41.886673,-88.307976
Pfennig Wildlife Museum,1313 Highway 49 N,Beulah,ND,58523,47.27697,-101.78317
Tom Devlin's Monster Museum,1310 Boulder City Pkwy,Boulder City,NV,89005,35.971497,-114.8506
Dupage County Historical Museum,102 E Wesley St,Wheaton,IL,60187,41.86599,-88.10641
Museum of Art and Archaeology,115 W Business Loop 70,Columbia,MO,65203,38.965366,-92.33892
Mem-Erie Historical Museum,403 S Main St,Erie,KS,66733,37.564983,-95.24358
Museum of East Texas,503 N 2nd St,Lufkin,TX,75901,31.342777,-94.72629
Simpson's Old Time Museum,228 EastRandolph Avenue,Enid,OK,73701,36.397854,-97.88036
City of St Robert Museum,194 Eastlawn Ave,Saint Robert,MO,65584,37.81468,-92.1379
War Eagles Air Museum,8012 Airport Rd,Santa Teresa,NM,88008,31.873043,-106.699554
Wells Co Historical Museum,420 W Market St,Bluffton,IN,46714,40.73968,-85.175606
San Diego Museum of Man,1350 El Prado,San Diego,CA,92101,32.731575,-117.15221
Heddon Museum,414 West St,Dowagiac,MI,49047,41.986595,-86.114975
Belleville Area Museum,405 Main St,Belleville,MI,48111,42.208282,-83.49089
National Apple Museum,154 Hanover St,Gettysburg,PA,17325,39.83114,-77.2231
Lower Lake Schoolhouse Museum,16435 Main St,Lower Lake,CA,95457,38.910183,-122.605225
Riverside Youth Museum,123 S Carmalita St,Hemet,CA,92543,33.747032,-116.969666
Barnwell County Museum,9426 Marlboro Ave,Barnwell,SC,29812,33.241318,-81.35777
Valley County Pioneer Museum,54109 Us Highway 2,Glasgow,MT,59230,48.22686,-106.66456
The Washoe Club Museum and Saloon,112 S C St,Virginia City,NV,89440,39.3093,-119.65022
Carolinas Aviation Museum Library,5318 Morris Field Dr,Charlotte,NC,28208,35.213154,-80.93236
Enfield Shaker Museum,447 Nh Route 4a,Enfield,NH,03748,43.620342,-72.14703
Negaunee Historical Society Museum,303 E Main St,Negaunee,MI,49866,46.501045,-87.604
Vaughan Smitherman Museum,109 Union St,Selma,AL,36701,32.40558,-87.02588
Children's Discovery Museum,101 E Beaufort St,Normal,IL,61761,40.50918,-88.98389
Cripple Creek District Museum,500 Bennett Dr,Cripple Creek,CO,80813,38.794792,-105.199425
The Space Museum,116 E School St,Bonne Terre,MO,63628,37.922215,-90.551926
King Agriculture Museum,213 E Maple St,Centralia,WA,98531,46.71888,-122.951416
Winter Garden Heritage Museum,1 N Main St,Winter Garden,FL,34787,28.565947,-81.585495
Mothman Museum,400 Main St,Point Pleasant,WV,25550,38.842716,-82.13855
Police Academy Museum,235 E 20th St,New York,NY,10003,40.73649,-73.983
Pratt County Historical Museum,212 S Ninnescah St,Pratt,KS,67124,37.644737,-98.73796
Berkshire Art Museum,159 E Main St,North Adams,MA,01247,42.698696,-73.10898
Neptune Beach Amusement Museum,1029 Central Ave,Alameda,CA,94501,37.77132,-122.26742
Combat Air Museum,6700 SW Topeka Blvd,Topeka,KS,66620,38.946404,-95.68695
Jackson Barracks Military Museum,6400 Saint Claude Ave,New Orleans,LA,70117,29.958591,-90.00816
Brick Market Museum & Shop,127 Thames St,Newport,RI,02840,41.48984,-71.3154
Burt County Museum,PO Box 125,Tekamah,NE,68061,41.7758,-96.2215
Indian Museum of Lake County,7519 Mentor Ave  St. A112,Mentor,OH,44060,41.6556,-81.373
New Mexico Mining Museum,100 Iron Ave,Grants,NM,87020,35.15315,-107.85493
Presque Isle Museum Society,5324 E Grand Lake Rd,Presque Isle,MI,49777,45.341393,-83.48883
Lee Maxwell Washing Machine Museum,35901 County Road 31,Eaton,CO,80615,40.52235,-104.7749
Morrison's Heritage Museum,202 E Lincolnway,Morrison,IL,61270,41.80915,-89.96396
Jewish Museum of Florida,301 Washington Ave,Miami Beach,FL,33139,25.772655,-80.13435
Zimmerman House Museum and Gardens,17111 NE Sandy Blvd,Portland,OR,97230,45.547947,-122.48711
Sterne Hoya House Museum,211 S Lanana St,Nacogdoches,TX,75961,31.600822,-94.65058
Chapman Historical Museum,348 Glen St,Glens Falls,NY,12801,43.31167,-73.648964
New Hampshire Telephone Museum,1 Depot St,Concord,NH,03301,43.20506,-71.53575
"Museums, Oakleigh Museum",350 Oakleigh Pl,Mobile,AL,36604,30.680672,-88.06013
Trenton Museum Society,2 Cadwalader Ter,Trenton,NJ,08618,40.241985,-74.7794
Sioux County Museum,130 Main St,Harrison,NE,69346,42.690178,-103.88285
Kent Tavern Museum,Kent Corners Rd,Montpelier,VT,05602,44.2612,-72.5881
The Harrell House Bug Museum,542 N Guadalupe St,Santa Fe,NM,87501,35.693626,-105.94925
Ja Cooley Museum,4233 Park Blvd,San Diego,CA,92103,32.75427,-117.14609
Ghost Hunters Demonic Museum,707 18th Ave,Lake Como,NJ,07719,40.170433,-74.028275
Rockwood Area Historical Museum,32787 Wood St,Rockwood,MI,48173,42.070274,-83.24986
Berkshire Scenic Railway Museum,10 Willow Creek Rd,Lenox,MA,01240,42.352844,-73.24408
Virginia Museum of Contemporary Art,2200 Parks Ave,Virginia Beach,VA,23451,36.84913,-75.98712
Taos Historic Museum,708 Hacienda Rd,Taos,NM,87571,36.399185,-105.61018
Sauk County Historical Museum,531 4th Ave,Baraboo,WI,53913,43.470795,-89.74968
Sunrise Museums,746 Myrtle Rd,Charleston,WV,25314,38.34553,-81.64213
Stewart Indian School Museum,5366 Snyder Ave,Carson City,NV,89701,39.118896,-119.75785
Climate Museum,630 9th Ave,New York,NY,10036,40.76014,-73.99117
Old No. 1 Firehouse Museum,230 Main St,Greenville,MS,38701,33.41149,-91.064064
Humphrey Memorial Park and Museum,620 Soda Creek Rd,Evergreen,CO,80439,39.70437,-105.36701
Petersen House Museum,1414 W Southern Ave,Tempe,AZ,85282,33.393005,-111.96104
Nathan Lester House Museum,153 Vinegar Hill Rd,Gales Ferry,CT,06335,41.424297,-72.05591
Wakefield Museum,604 6th St,Wakefield,KS,67487,39.215836,-97.01784
Nelson Algren Museum,541 S Lake St,Gary,IN,46403,41.60078,-87.267456
Museum Resi Dences On,1555 Oak Ave,Evanston,IL,60201,42.04605,-87.68669
National Museum of the Great Lakes,1701 Front St,Toledo,OH,43605,41.658154,-83.50679
Museum of the Marine,824 Gum Branch Rd Ste P,Jacksonville,NC,28540,34.77149,-77.40782
Northwoods Petroleum Museum,2141 Wykowski Rd,Three Lakes,WI,54562,45.82972,-89.190414
Weems-Botts Museum,3944 Cameron St,Dumfries,VA,22026,38.568268,-77.33006
Jack Dempsey Museum & Park,412 Main St,Manassa,CO,81141,37.173725,-105.93612
US Army Chemical Corps Museum,495 S Dakota Ave Bldg 1607,Fort Leonard Wood,MO,65473,37.7447,-92.1205
Fick Fossil and History Museum,700 W 3rd St,Oakley,KS,67748,39.127834,-100.86116
Lane County History Museum,740 W 13th Ave,Eugene,OR,97402,44.04538,-123.10436
Midwest Miniatures Museum,20 S 5th St,Grand Haven,MI,49417,43.06229,-86.22612
Raton Museum,216 S 1st St,Raton,NM,87740,36.900726,-104.43866
Patton House Museum,1656 W Broad St,Cookeville,TN,38501,36.173603,-85.54907
Arms Family Museum,648 Wick Ave,Youngstown,OH,44502,41.106598,-80.6445
Cornwall Brothers Store Museum,36 Market St,Alexandria Bay,NY,13607,44.33741,-75.918884
Camden County Heritage Museum,117 N N Carolina Highway 343,Camden,NC,27921,36.3302,-76.1564
Molly Brown Birthplace and Museum,600 Butler St,Hannibal,MO,63401,39.7127,-91.363594
Filipino Heritage & Arts Museum,58 S Skyward Dr,Newark,DE,19713,39.661236,-75.71562
Water Works Art Museum,Waterplant Rd,Miles City,MT,59301,46.40199,-105.864784
Correctionville Museum,5th St & Driftwood St,Correctionville,IA,51016,42.4673,-95.7989
Tupelo Veterans Museum After Hours,168 West Rd,Tupelo,MS,38801,34.197895,-88.73398
Columbia Historical Museum,247 E Brazos Ave,West Columbia,TX,77486,29.143873,-95.64578
Biddeford Mills Museum,2 Main St Bldg 18,Biddeford,ME,04005,43.493145,-70.44926
Cambridge Museum,316 Nelson St,Cambridge,NE,69022,40.282974,-100.1637
Hiller Aviation Museum,601 Skyway Rd,San Carlos,CA,94070,37.51244,-122.25356
Rodney Klein Museum,22 Federal Ave NE,Massillon,OH,44646,40.797462,-81.52339
Palo Alto Junior Museum & Zoo,1451 Middlefield Rd,Palo Alto,CA,94301,37.44324,-122.14465
Smart Museum of Art,5550 S Greenwood Ave,Chicago,IL,60637,41.794678,-87.59959
Hendrickson House Museum,606 N Church St,Wilmington,DE,19801,39.738544,-75.54134
Chatham Township Museum,24 Southern Blvd,Chatham,NJ,07928,40.721725,-74.40337
Children's Museum,4601 State Ave,Kansas City,KS,66102,39.11642,-94.68437
Mountain Museum,43 Metesh Ln,Philipsburg,MT,59858,46.266197,-113.33882
Mariposa Museum,57 Circuit Ave,Vineyard Haven,MA,02568,41.44073,-70.605385
Greer Heritage Museum,106 S Main St,Greer,SC,29650,34.93815,-82.228
National Yo-Yo Museum,320 Broadway St,Chico,CA,95928,39.728725,-121.84039
White River Valley Museum,501 Auburn Way N,Auburn,WA,98002,47.31169,-122.22627
Otter Cove Children's Museum,105 W Lincoln Ave,Fergus Falls,MN,56537,46.283363,-96.07435
Jesuit Dallas Museum,12345 Inwood Rd,Dallas,TX,75244,32.9171,-96.81863
Explore Navajo Interactive Museum,10 N Main St,Tuba City,AZ,86045,36.142822,-111.23982
Museum Explorer Inc,2300 Kenilworth Ave,Berwyn,IL,60402,41.84858,-87.79589
Timberlane Farm Museum,210 E 29th St,Loveland,CO,80538,40.42151,-105.074265
Museum of Idaho,200 N Eastern Ave,Idaho Falls,ID,83402,43.49055,-112.038284
Museum Park Place,1841 S Calumet Ave,Chicago,IL,60616,41.857727,-87.61929
New Orleans Museum of Art,1 Collins Diboll Cir,New Orleans,LA,70124,29.986324,-90.09266
Esse Purse Museum,1510 Main St,Little Rock,AR,72202,34.734188,-92.27323
Pasto Agricultural Museum,2710 W Pine Grove Rd  Gate K,Pennsylvania Furnace,PA,16865,40.7095,-77.9668
Finnish Heritage Museum,301 High St,Fairport Harbor,OH,44077,41.755478,-81.27728
Gridley Museum,601 Kentucky St,Gridley,CA,95948,39.36474,-121.697075
Arizona State Capitol Museum,1700 W Washington St,Phoenix,AZ,85007,33.44821,-112.09599
Hardin County Farm Museum,203 Washington St,Eldora,IA,50627,42.372524,-93.099396
White County History Museum,20 Courthouse Sq,Cleveland,GA,30528,34.597122,-83.763824
Mohican Historical Society Museum,203 E Main St,Loudonville,OH,44842,40.63567,-82.23135
Kern County Museum,3801 Chester Ave,Bakersfield,CA,93301,35.394474,-119.019
Hand Fan Museum of Healdsburg,219 Healdsburg Ave,Healdsburg,CA,95448,38.60931,-122.87044
Helen Marie Taylor Museum Life,109 Caroline St,Orange,VA,22960,38.24406,-78.11335
Denver Selfie Museum,1531 Stout St,Denver,CO,80202,39.745274,-104.99407
John F Kennedy Museum,397 Main St,Hyannis,MA,02601,41.65247,-70.28426
Antique Car Museum Inc,1527 SW 1st Ave,Fort Lauderdale,FL,33315,26.102486,-80.143425
Harrison Museum-G Washington,50 Lester St,Columbiana,AL,35051,33.179974,-86.60879
The National Jazz Museum In Harlem,104 E. 126th Street • Suite 4D,New York,NY,10035,40.80538,-73.93798
Hoofprints of the Past Museum,344 Nolan Ave,Kaycee,WY,82639,43.710766,-106.63932
Museum of Chebeague History,137 South Rd,Chebeague Island,ME,04017,43.74771,-70.10506
Cryptozoology & Paranormal Museum,328 Mosby Ave,Littleton,NC,27850,36.429115,-77.91322
Newton House Museum,510 N Jackson Ave,El Dorado,AR,71730,33.215263,-92.661385
Clark's Fork Valley Museum,101 E River St,Fromberg,MT,59029,45.391903,-108.90535
"American Museum, African",300 S Firestone St,Gastonia,NC,28052,35.26081,-81.20003
Millicent Rogers Museum,1504 Millicent Rogers Rd,El Prado,NM,87529,36.44437,-105.59362
Fayetteville Museum Of Art,839 Stamper Rd,Fayetteville,NC,28303,35.074783,-78.92166
Childrens Museum of The Lowcountry,25 Ann St,Charleston,SC,29403,32.789417,-79.936104
Glore Psychiatric Museum,3406 Frederick Ave,Saint Joseph,MO,64506,39.776814,-94.81059
John Stark Edwards House & Museum,303 Monroe St NW,Warren,OH,44483,41.24021,-80.821396
The Travelling Museum,6 Fairchild Sq,Clifton Park,NY,12065,42.901302,-73.79173
Carroll County Museum,510 N Mason St,Carrollton,MO,64633,39.364197,-93.4866
Yankee Air Museum,47884 Saint John,Ypsilanti,MI,48197,42.2512,-83.6208
Timexpo Museum,199 Grand St,Waterbury,CT,06702,41.55401,-73.04283
Battle Mountain Cookhouse Museum,905 Burns St,Battle Mountain,NV,89820,40.63893,-116.945786
Cherokee Museum,4226 Cherokee Rd,Oroville,CA,95965,39.645687,-121.53911
St Albans Historical Museum,9 Church St,Saint Albans,VT,05478,44.811073,-73.08192
Granville Life-Style Museum,121 S Main St,Granville,OH,43023,40.06722,-82.5204
Monett Historical Museum,422 E Broadway St,Monett,MO,65708,36.921074,-93.92302
Providence Childrens Museum,24 Fairfield Ave,Providence,RI,02909,41.825,-71.456726
Longyear Museum,50 Dunster Rd,Jamaica Plain,MA,02130,42.31047,-71.118515
Patuxent River Naval Air Museum,22156 Three Notch Rd,Lexington Park,MD,20653,38.27587,-76.46365
The Browntown Museum,3114 Johnsonville Hwy,Lake City,SC,29560,33.830765,-79.63194
Bicycle Museum of America,435 E Illinois St,Chicago,IL,60611,41.89093,-87.616905
Clovis Museum,401 Pollasky Ave,Clovis,CA,93612,36.825115,-119.701866
Isle of Wight County Museum,103 Main St,Smithfield,VA,23430,36.982105,-76.63104
Cherokee Museum and Cultural Center,1 Public Sq,Lawrenceburg,TN,38464,35.241035,-87.334625
Plank Road Museum,404 E Saginaw St,Breckenridge,MI,48615,43.407837,-84.47454
Gadsden Museum of Art,515 Broad St,Gadsden,AL,35901,34.013885,-86.00497
Hallockville Museum Farm,163 Sound Ave,Mattituck,NY,11952,40.985237,-72.58175
Tunis-ellicks House & Museum,16 Village Rd,New Vernon,NJ,07976,40.74401,-74.494415
Nostalgia Station Toy Museum,279 Depot St,Versailles,KY,40383,38.05566,-84.72626
Cultural & Heritage Museum,4621 Mt Gallant Rd,Rock Hill,SC,29732,35.010933,-81.05891
Wood Memorial Library & Museum,783 Main St,South Windsor,CT,06074,41.82333,-72.621216
Kid's Firehouse Museum,13094 95th St,Largo,FL,33773,27.89183,-82.77131
Wichita Toy Train Museum,130 S Laura Ave,Wichita,KS,67211,37.685493,-97.32355
Twentyonec Museum Hotel,1101 Mcgee St,Kansas City,MO,64106,39.10087,-94.5795
Ohio Craft Museum,1665 W 5th Ave,Columbus,OH,43212,39.988968,-83.05084
1897 Poe House Museum,206 Bradford Ave,Fayetteville,NC,28301,35.054104,-78.89243
Fentress Co Museum,1530 Model Farm Rd,Jamestown,TN,38556,36.364697,-84.89586
Minnesota Lakes Maritime Museum,205 3rd Ave W,Alexandria,MN,56308,45.890503,-95.38097
Greater Cincinnati Police Museum,308 Reading Rd,Cincinnati,OH,45202,39.10857,-84.5093
Boulder City-Hoover Dam Museum,1305 Arizona St,Boulder City,NV,89005,35.977962,-114.83654
Sulphur Springs Museum,1101 E River Cove St,Tampa,FL,33604,28.019638,-82.447914
Sidney Art Gallery & Museum,202 Sidney Ave,Port Orchard,WA,98366,47.541103,-122.63649
Eisenberg Museum,2825 Lexington Rd,Louisville,KY,40206,38.246475,-85.68585
Marietta House Museum,5626 Bell Station Rd,Glenn Dale,MD,20769,38.966858,-76.797646
Gold Country Museum,1273 High St,Auburn,CA,95603,38.893898,-121.07489
Cradle of Aviation Museum,Charles Lindbergh Blvd,Garden City,NY,11530,40.722916,-73.594574
Fragmental Museum,107 Suffolk St,New York,NY,10002,40.71899,-73.98627
Hot Spring County Museum,302 E 3rd St,Malvern,AR,72104,34.364174,-92.811676
Presbyterian Imaging Center Museum,2900 Randolph Rd,Charlotte,NC,28211,35.19772,-80.81102
Miami Military Museum and Memorial,12460 SW 152nd St,Miami,FL,33177,25.626495,-80.39812
Museum of Connecticut Glass,290 N River Rd,Coventry,CT,06238,41.79866,-72.34928
Myers Inn Museum,45 Columbus Ave,Delaware,OH,43015,40.297646,-83.08058
Kennedy Museum Of Art,Lin Hall,Athens,OH,45701,39.336426,-82.09918
"Emoba, Museum of Black Arkansans",1224 Louisiana St,Little Rock,AR,72202,34.737125,-92.2739
Black Diamond Museum,32627 Railroad Ave,Black Diamond,WA,98010,47.308506,-122.00711
New York City Police Museum,12 Fulton St,New York,NY,10038,40.706787,-74.00382
Hancock Historical Museum,422 W Sandusky St,Findlay,OH,45840,41.037178,-83.65623
Lead Line Rail Trail & Museum,18581 Highway 19,Steelville,MO,65565,37.89436,-91.31066
Bonsai Museum,3535 US Highway 1,Princeton,NJ,08540,40.3147,-74.6611
Bartlett Museum,270 Main St,Amesbury,MA,01913,42.845173,-70.928474
Trolley Museum of New York,89 E Strand St,Kingston,NY,12401,41.91967,-73.98055
American Hop Museum,22 S B St,Toppenish,WA,98948,46.376873,-120.30685
Marian Religious Museum,545 74th St,Brooklyn,NY,11209,40.62991,-74.02106
American Labor Museum Inc,83 Norwood St,Haledon,NJ,07508,40.93485,-74.18841
American Writers Museum,180 N Michigan Ave,Chicago,IL,60601,41.8853,-87.62475
Green Mountain Child Museum Inc,139 Heather Ln,Shelburne,VT,05482,44.36899,-73.192184
Samuel Whitehorne Museum,416 Thames St,Newport,RI,02840,41.48201,-71.314285
Henry B. Plant Museum,401 W Kennedy Blvd,Tampa,FL,33606,27.945683,-82.464066
American Police Motorcycle Museum,194 Daniel Webster Hwy,Meredith,NH,03253,43.64314,-71.50137
Cradle of Aviation Museum,1 Davis Ave,Garden City,NY,11530,40.728806,-73.59765
Grandview Depot Museum,1205 Jones Ave,Grandview,MO,64030,38.8908,-94.53106
Kinney Pioneer Museum,9184 265th St,Clear Lake,IA,50428,43.148445,-93.33773
Rahr-West Art Museum,610 N 8th St,Manitowoc,WI,54220,44.098907,-87.657875
Torrance Historical Society Museum,1345 Post Ave,Torrance,CA,90501,33.835037,-118.318054
Flagstaff Children's Museum Inc,710 W Grand Canyon Ave,Flagstaff,AZ,86001,35.19948,-111.65712
Medal of Honor Museum Archives,248 Northgate Mall Dr,Chattanooga,TN,37415,35.13167,-85.238014
Fire House Museum,214 Main St,Nevada City,CA,95959,39.263355,-121.01726
Children's Museum of Illinois,55 S Country Club Rd,Decatur,IL,62521,39.827686,-88.91078
Museums International,1651 Elk Blvd,Des Plaines,IL,60016,42.045094,-87.883995
Bess Bower Dunn Museum,1899 W Winchester Rd,Libertyville,IL,60048,42.296276,-87.997284
Topaz Museum,55 W Main St,Delta,UT,84624,39.35225,-112.57637
Oregon Film Museum,732 Duane St,Astoria,OR,97103,46.188545,-123.83516
Reliance Fire Museum,460 Elm Rd,Estes Park,CO,80517,40.37009,-105.54162
Museum Center at Spruce Creek,1819 Taylor Rd,Port Orange,FL,32128,29.091686,-81.04913
Mack Trucks Historical Museum,2402 Lehigh Pkwy S,Allentown,PA,18103,40.568817,-75.49602
Martinez Museum,1005 Escobar St,Martinez,CA,94553,38.019184,-122.13481
Emily Dickinson Museum,125 W Bay Rd,Amherst,MA,01002,42.3204,-72.53338
Ute Indian Museum,17253 Chipeta Rd,Montrose,CO,81403,38.435547,-107.868034
Alexandria Museum of Art,933 2nd St,Alexandria,LA,71301,31.312292,-92.444405
Studio Museum In Harlem,144 W 125th St,New York,NY,10027,40.80825,-73.946976
Classic Motor Museum,102 W Marengo St,Saint Michaels,MD,21663,38.780678,-76.22233
City Government Museums,425 Cockade Aly,Petersburg,VA,23803,37.233482,-77.40382
Newburgh Museum,2 W Main St,Newburgh,IN,47630,37.94543,-87.40527
North Museum of Nature and Science,400 College Ave,Lancaster,PA,17603,40.04646,-76.31881
Rockford Art Museum,711 N Main St,Rockford,IL,61103,42.276947,-89.08966
Museum Services Zyx1 Products,548 Shrewsbury Ave,Tinton Falls,NJ,07701,40.331966,-74.074234
Window On The Plains Museum,1820 S Dumas Ave,Dumas,TX,79029,35.843548,-101.97358
Cody Heritage Museum,1092 Sheridan Ave,Cody,WY,82414,44.525906,-109.066574
Miller Art Museum,107 S 4th Ave,Sturgeon Bay,WI,54235,44.833736,-87.37433
Lafayette Science Museum,433 Jefferson St,Lafayette,LA,70501,30.226183,-92.01764
Hannibal Museum,213 Hill St,Hannibal,MO,63401,39.71177,-91.35775
Loln County Museum,600 Main St,Davenport,WA,99122,47.65015,-118.150024
Lower White River Museum State Park,2009 Main St,Des Arc,AR,72040,34.9771,-91.517166
National Pullman Porter Museum,10406 S Maryland Ave,Chicago,IL,60628,41.705406,-87.60296
Le Sueur Museum,709 N 2nd St,Le Sueur,MN,56058,44.46644,-93.909515
Amli at Museum Gardens,1175 Museum Blvd,Vernon Hills,IL,60061,42.248737,-87.95253
Johnson Victrola Museum,375 S New St,Dover,DE,19904,39.155697,-75.527374
Frazier Farmstead Museum,1403 Chestnut St,Milton Freewater,OR,97862,45.923428,-118.37859
Hinkly House Museum,217 N Freeman Ave,Luverne,MN,56156,43.65552,-96.209694
Holley Museum-Military History,420 SE 6th Ave,Topeka,KS,66607,39.050663,-95.668655
National Fred Harvey Museum,620 Olive St,Leavenworth,KS,66048,39.31158,-94.91598
Museum of Communications,7000 E Marginal Way S,Seattle,WA,98108,47.54057,-122.32347
Lawrence County Museum of History,929 15th St,Bedford,IN,47421,38.86228,-86.483795
The Speed Art Museum,822 E Market St,Louisville,KY,40206,38.25299,-85.737564
National Electronics Museum,1745 W Nursery Rd,Linthicum Heights,MD,21090,39.19603,-76.68444
Holyoke Museum,335 Maple St,Holyoke,MA,01040,42.20368,-72.6134
Pennsylvania Military Museum,602 Boalsburg Pike,Boalsburg,PA,16827,40.78196,-77.793755
Broadway Eddie's Record Museum,203 S Broadway,Camden,NJ,08104,39.92464,-75.11981
Stanley Museum,40 School St,New Portland,ME,04961,44.90038,-70.0236
Millicent Rogers Museum,1504 Millicent Rogers Rd,Taos,NM,87571,36.42131,-105.58048
Guthrie Transportation Museum,150 N Ewing St,Guthrie,KY,42234,36.65124,-87.168564
Fort Rowdy Museum,101 E Spring St,Covington,OH,45318,40.116528,-84.35328
Winter Park Historical Museum,200 W New England Ave,Winter Park,FL,32789,28.595797,-81.35229
Molalla Museum Complex,620 S Molalla Ave,Molalla,OR,97038,45.14273,-122.57966
Ransom County Society Museum,101 Mill Rd,Fort Ransom,ND,58033,46.520626,-97.93025
Delta Gateway Museum,124 W Walnut St,Blytheville,AR,72315,35.92864,-89.903114
Uss Orleck Naval Museum,604 N Enterprise Blvd,Lake Charles,LA,70601,30.244696,-93.204285
Wolf Creek Heritage Museum,13310 Highway 305,Higgins,TX,79046,36.1429,-100.2764
International Museum of Art,1211 Montana Ave,El Paso,TX,79902,31.770369,-106.48184
Vermont Museum & Gallery All,120 Old River Rd,Woodstock,VT,05091,43.63346,-72.51571
The National Silk Art Museum,423 Main St,Weston,MO,64098,39.410805,-94.902245
Wakefield Historical Museum,15 Davidson Rd,Wakefield,MA,01880,42.50644,-71.08645
Krannert Art Museum,500 E Peabody Dr,Champaign,IL,61820,40.101624,-88.23168
Roanoke Island Maritime Museum,104 Fernando St,Manteo,NC,27954,35.90895,-75.66934
Grindley Store Museum,180 Main St,Austin,NV,89310,39.490128,-117.06839
Heritage Museums & Gardens,67 Grove St,Sandwich,MA,02563,41.749866,-70.50702
The Sculpture Museum,5139 W Colonial Dr,Orlando,FL,32808,28.552713,-81.45109
Frazier Farmstead Museum,405 Landmark Dr,Philomath,OR,97370,44.542496,-123.34421
Trinidad Museum,400 Main St,Trinidad,CA,95570,41.061512,-124.14094
Burgwin-Wright Museum House,224 Market St,Wilmington,NC,28401,34.235283,-77.947174
Marilla Museum and Pioneer Place,9991 Marilla Rd,Copemish,MI,49625,44.38149,-85.879845
Boston Fire Museum,344 Congress St,Boston,MA,02210,42.35072,-71.048744
RV/MH Hall of Fame and Museum,21565 Executive Pkwy,Elkhart,IN,46514,41.727917,-85.88072
Telephone Pioneer Museum,221 N Washington Sq,Lansing,MI,48933,42.734974,-84.552444
National Children's Museum Office,955 Lenfant Plz SW,Washington,DC,20024,38.883747,-77.02627
Museum of Flight Foundation,7346 16th Ave NW,Seattle,WA,98117,47.68279,-122.37768
Wright B Flyer Aircraft Museum,10550 Springboro Pike,Miamisburg,OH,45342,39.593647,-84.2291
Rails & Trails Museum,100 Truman St,Booneville,MS,38829,34.655205,-88.56208
Main Street Children's Museum,4621 Mt Gallant Rd,Rock Hill,SC,29732,35.010933,-81.05891
Garden State Discovery Museum,2040 Springdale Rd,Cherry Hill,NJ,08003,39.911995,-74.9657
James Merrill Museum,215 A Philip Randolph Blvd,Jacksonville,FL,32202,30.324842,-81.643845
Raton Museum,108 S 2nd St,Raton,NM,87740,36.902092,-104.43978
North Spokane Farm Museum,6223 W Ridgeway Rd,Deer Park,WA,99006,47.86,-117.50708
Frankfort Area Historical Museum,2000 E Saint Louis St,West Frankfort,IL,62896,37.899857,-88.9029
City Island Nautical Museum,190 Fordham St,Bronx,NY,10464,40.847534,-73.7846
Vintage Motorcar Museum,301 E Main St,Hardy,AR,72542,36.315575,-91.47981
Georgia Writers Museum,109 S Jefferson Ave,Eatonton,GA,31024,33.326496,-83.38826
New Hampshire Boat Museum,399 Center St,Wolfeboro Falls,NH,03896,43.5985,-71.1982
Museum at Warm Springs,2189 SW Highway 26,Madras,OR,97741,44.600487,-121.13578
Jamesville Community Museum,6492 E Seneca Tpke,Jamesville,NY,13078,42.991566,-76.071976
Stevens-Crawford Museum,603 6th St,Oregon City,OR,97045,45.355667,-122.6056
Freeman Army Airfield Museum,1035 A Ave,Seymour,IN,47274,38.925217,-85.907646
Mathew's House Museum,123 High St NW,Navarre,OH,44662,40.721447,-81.5277
Concord Historical Museum,1987 Bonifacio St,Concord,CA,94520,37.97879,-122.03748
Somersworth Museum Pass,25 Main St,Somersworth,NH,03878,43.26254,-70.86356
Grover Museum,52 W Broadway St,Shelbyville,IN,46176,39.523083,-85.77873
Bluegrass Motorcycle Museum,5608 Us Highway 231 N,Hartford,KY,42347,37.520233,-86.95815
Guild Hall Museum,158 Main St,East Hampton,NY,11937,40.958412,-72.190094
Metropolitan Museum of Art,9299 165th St,Jamaica,NY,11433,40.70325,-73.79296
LSU Museum of Art,110 Thomas Boyd Hall,Baton Rouge,LA,70803,30.412,-91.1811
Baranov Museum,101 W Marine Way,Kodiak,AK,99615,57.78669,-152.4049
Lincoln Train Museum,425 Steinwehr Ave,Gettysburg,PA,17325,39.81872,-77.235214
American Military Museum,2070 Sam Rittenberg Blvd,Charleston,SC,29407,32.79279,-80.03035
Children's Museum of Richmond,11800 W Broad St,Henrico,VA,23233,37.65473,-77.62368
Mowequa Coal Mine Museum,129 S Main St,Moweaqua,IL,62550,39.6246,-89.01996
Rose Lawn Museum,224 W Cherokee Ave,Cartersville,GA,30120,34.165184,-84.80119
Bare Cove Fire Museum,45 Bare Cove Park Dr,Hingham,MA,02043,42.237335,-70.91068
New Echota Historic Site & Museum,1211 Chatsworth Highway 225 NE,Calhoun,GA,30701,34.54184,-84.91217
Missiles & More Museum,720 Channel Blvd,Sneads Ferry,NC,28460,34.5243,-77.4211
Rock Hall Museum,199 Broadway,Lawrence,NY,11559,40.610928,-73.734634
Midwest Lumber Museum Inc,2320 N 2nd St,Clinton,IA,52732,41.87175,-90.18036
Anthony Museum,502 E Main St,Anthony,KS,67003,37.152145,-98.02471
Wings of Gold Air Museum,3380 Lighthouse Point Ln,Jacksonville Beach,FL,32250,30.286243,-81.424904
G C Shaw Museum,202 E Mcclanahan St,Oxford,NC,27565,36.314163,-78.587776
Sumner County Museum,183 W Main St,Gallatin,TN,37066,36.387497,-86.44908
Woodville Museum,199 Oak St,Rogue River,OR,97537,42.434834,-123.169
Four Wheel Drive Museum,105 E 12th St,Clintonville,WI,54929,44.62062,-88.7539
Modesto Art Museum,404 Patrick Ln,Modesto,CA,95350,37.686157,-120.99853
Mifflinburg Buggy Museum,598 Green St,Mifflinburg,PA,17844,40.91492,-77.049286
Hellenic Museum,168 N Michigan Ave,Chicago,IL,60601,41.884766,-87.624725
Homewood House Museum,3400 N Charles St,Baltimore,MD,21218,39.33038,-76.61816
Ellis Parking Booth Gr Museum,111 Library St NE,Grand Rapids,MI,49503,42.964474,-85.665726
Saguache County Museum,405 8th St,Saguache,CO,81149,38.085876,-106.14239
Mosquero Museum Western Heritg,37 Main St,Mosquero,NM,87733,35.77712,-103.95701
Museum of Contemporary Art,220 E Chicago Ave,Chicago,IL,60611,41.89691,-87.621605
Marsh's Free Museum,409 Pacific Ave S,Long Beach,WA,98631,46.349247,-124.0548
Heritage Walk Museum,321 N Broadway,Escondido,CA,92025,33.12428,-117.08283
Galva Historical Museum,204 S Main St,Galva,KS,67443,38.382404,-97.53775
Utah Museum of Contemporary Art,20 S West Temple,Salt Lake City,UT,84101,40.76889,-111.89423
Marias Museum of History & Art,1129 1st St N,Shelby,MT,59474,48.508343,-111.87002
Harold S. Gilman Museum,Main State & Route 140,Alton,NH,03809,43.4668,-71.2147
Avon Park Depot Museum,3 N Museum Ave,Avon Park,FL,33825,27.596025,-81.50556
Chase Home-Museum of Utah Folk Arts,600 E 1300 S,Salt Lake City,UT,84105,40.74152,-111.873665
George Clayson House Museum,224 E Palatine Rd,Palatine,IL,60067,42.110466,-88.03777
Avampato Discovery Museum,1 Clay Sq,Charleston,WV,25301,38.34864,-81.6295
Hill-Stead Museum,35 Mountain Rd,Farmington,CT,06032,41.71961,-72.82436
D'elia Antique Tool Museum,21 Brook Rd,Scotland,CT,06264,41.697,-72.0965
Mechanicsburg Museum Associates,219 E Main St,Mechanicsburg,PA,17055,40.214676,-77.00371
de Young Museum-Golden Gate Park,50 Hagiwara Tea Garden Dr,San Francisco,CA,94118,37.77081,-122.46821
House of Memories Museum,415 27th St,Wilson,KS,67490,38.824265,-98.473465
Howlett Hall Museum,100 New Jersey Ave,Absecon,NJ,08201,39.424442,-74.50039
Ashland Historical Museum,509 Main St W,Ashland,WI,54806,46.58929,-90.888626
African American Museum,240 Patterson Dr,Columbia,TN,38401,35.63806,-86.99341
Kelton House Museum and Garden,586 E Town St,Columbus,OH,43215,39.960785,-82.98426
US Veterans Memorial Museum,3650 Alex McAllister Dr Sw,Huntsville,AL,35801,34.7406,-86.5927
Vassar Historical Museum,450 S Main St,Vassar,MI,48768,43.366302,-83.58834
Toledo Museum of Art,2445 Monroe St,Toledo,OH,43620,41.658653,-83.55833
Miner's Museum,108 E Simpson St,Lafayette,CO,80026,39.998085,-105.090034
Gann Museum of Saline County,218 S Market,Benton,AR,72015,34.562126,-92.58802
Old Castle Museum,3450 N Rock Rd,Wichita,KS,67226,37.746914,-97.2445
Hays House Museum,324 Kenmore Ave,Bel Air,MD,21014,39.53244,-76.347145
Wild Life Museum,531 Main St,Wall,SD,57790,43.992718,-102.24213
Los Angeles Maritime Museum,84 Berth,San Pedro,CA,90731,33.749516,-118.27502
Collections Research-Museums,4830 E Kansas Dr,Denver,CO,80246,39.695236,-104.930916
Wilderness Wildlife Museum,3530 State Route 31,Donegal,PA,15628,40.10907,-79.38423
Historic Crab Orchard Museum,3663 Crab Orchard Rd,Tazewell,VA,24651,37.119774,-81.57372
Salem Museum,801 E Main St,Salem,VA,24153,37.294662,-80.04742
Muskegon Museum African/American,7 Center St,Muskegon,MI,49444,43.201813,-86.24432
Nantucket Life Saving Museum,158 Polpis Rd,Nantucket,MA,02554,41.29064,-70.0442
Beaver Area Heritage Museum,250 E End Ave,Beaver,PA,15009,40.697292,-80.297104
A+D Architecture and Design Museum,900 E 4th St,Los Angeles,CA,90013,34.043346,-118.236336
Golden Age Toys Museum,19481 State Highway B,Canton,MO,63435,40.11252,-91.51903
Dacotah Prairie Museum,21 S Main St,Aberdeen,SD,57401,45.46485,-98.48786
Highline Heritage Museum,819 SW 152nd St,Burien,WA,98166,47.466633,-122.3452
The Aj Farm Museum,4109 NE Pleasant Valley Rd,Kansas City,MO,64119,39.214085,-94.53226
Bobdoll Trenton Museum,177 Franklin Corner Rd,Lawrence Township,NJ,08648,40.27529,-74.70825
Knox County Agricultural Museum,601 Fairgrounds Rd,Mount Vernon,OH,43050,40.415115,-82.47525
Museum of Art & History (MOAH),665 W Lancaster Blvd,Lancaster,CA,93534,34.698124,-118.141266
Garretson Historical Museum,609 Canyon Ave,Garretson,SD,57030,43.71666,-96.49993
Chrysler Museum of Art,1 Memorial Pl,Norfolk,VA,23510,36.85603,-76.29365
Fairfax Museum,10209 Main St,Fairfax,VA,22030,38.844505,-77.29918
Philbrook Museum of Art,2727 S Rockford Rd,Tulsa,OK,74114,36.12483,-95.97103
Lillian Jones Museum,75 Broadway St,Jackson,OH,45640,39.04996,-82.6398
Peninsula Museum of Art,1777 California Dr,Burlingame,CA,94010,37.594692,-122.38063
May Museum & Park,3802 S Main St,Farmville,NC,27828,35.59539,-77.58734
Motivated Museum Members,470 S Coast Hwy,Laguna Beach,CA,92651,33.540966,-117.78219
Salem Fire Museum,166 E Broadway,Salem,NJ,08079,39.57182,-75.4665
Heritage House Victorian Museum,225 1st Ave NW,Rochester,MN,55901,44.025627,-92.4647
Mid Atlantic Association of Museums,800 E Lombard St,Baltimore,MD,21202,39.288597,-76.604294
Camp Grant Museum,1004 Samuelson Rd,Rockford,IL,61109,42.209053,-89.08092
Cowlitz County Historical Museum,405 Allen St,Kelso,WA,98626,46.144714,-122.90903
Iron Spike Model Train Museum,1498 High St,Washington,MO,63090,38.544327,-91.02509
Perdido Bay Tribe Museum,1610 Albany Ave,Pensacola,FL,32507,30.385012,-87.317856
Dayton International Peace Museum,208 W Monument Ave,Dayton,OH,45402,39.762947,-84.19681
Musical Instrument Museum,4725 E Mayo Blvd,Phoenix,AZ,85050,33.66855,-111.97838
Chicago Baseball Museum,3023 N Clark St,Chicago,IL,60657,41.93681,-87.64788
Hirshhorn Museum & Sculpture,Independence Ave & 7th St,Washington,DC,20560,38.892,-77.0327
Cambridge Museum,15 N Superior St,Cambridge,ID,83610,44.571995,-116.676575
Wicoff House Museum,641 Plainsboro Rd,Plainsboro,NJ,08536,40.332195,-74.58732
Old Red Museum,100 S Houston St,Dallas,TX,75202,32.77873,-96.80761
Welsh Classic Car Museum,509 Washington St,Steubenville,OH,43952,40.362366,-80.61577
Piedmont Museum,109 N Center Ave,Piedmont,AL,36272,33.92371,-85.611465
Ohio Railway Museum,990 Proprietors Rd,Columbus,OH,43085,40.093166,-83.00367
Museum Center Intercom,1506 S Bedford St,Los Angeles,CA,90035,34.051373,-118.38077
Route 66 Car Museum,1634 W College St,Springfield,MO,65806,37.208466,-93.31363
Metz Bicycle Museum,54 W Main St,Freehold,NJ,07728,40.258644,-74.27603
Indiana Transportation Museum,825 Chapel Park Dr E,Noblesville,IN,46060,40.017155,-85.96996
Mystic Museum of Art,9 Water St,Mystic,CT,06355,41.353344,-71.971634
Museum of the Gulf Coast,700 Procter St,Port Arthur,TX,77640,29.87312,-93.93323
Woodmere Art Museum,9201 Germantown Ave,Philadelphia,PA,19118,40.08227,-75.219826
Flushing Area Museum,431 W Main St,Flushing,MI,48433,43.062817,-83.861885
Museum of Ashe County History,301 E Main St,Jefferson,NC,28640,36.420944,-81.47038
The History Museum,300 E Port Marina Dr,Hood River,OR,97031,45.710766,-121.50663
Georgia Capitol Museum,431 State Capitol SW,Atlanta,GA,30334,33.749435,-84.3881
Doo Wop Experience Museum,4500 Ocean Ave,Wildwood,NJ,08260,38.98243,-74.81816
John Blue House & Museum,13040 X-Ray Rd,Laurinburg,NC,28352,34.7667,-79.4671
Custom House Maritime Museum,25 Water St,Newburyport,MA,01950,42.81189,-70.86833
Eagles Mere Air Museum,288 Eagles Mere Ave,Eagles Mere,PA,17731,41.41121,-76.58452
Kremer House Library and Museum,317 Main St N,Minnesota Lake,MN,56068,43.84276,-93.83262
Howland Stone Store Museum,2956 State Route 34b,Aurora,NY,13026,42.76123,-76.62124
Varnum House Museum,57 Peirce St,East Greenwich,RI,02818,41.661987,-71.451324
Cookeville Childrens Museum,36 W 2nd St,Cookeville,TN,38501,36.165977,-85.50693
Museum Place,1 E India Square Mall Ste 114,Salem,MA,01970,42.5219,-70.89309
Elwood Haynes Museum,1915 S Webster St,Kokomo,IN,46902,40.463844,-86.13665
Mishicot Historical Museum,411 Buchanan St,Mishicot,WI,54228,44.240475,-87.639565
Knox County Museum of Education,801 Tipton Ave,Knoxville,TN,37920,35.946247,-83.900154
Museum Partners Consulting,14 Highland Pl,Maplewood,NJ,07040,40.731228,-74.27923
Saratoga Automobile Museum,110 Avenue Of The Pnes,Saratoga Springs,NY,12866,43.057404,-73.80447
Mid-Continent Railway Museum,E8948 Diamond Hill Rd,North Freedom,WI,53951,43.460415,-89.874664
Marietta Museum of Art & Whimsy,2121 N Tamiami Trl,Sarasota,FL,34234,27.355818,-82.547905
Mid-Ohio Historical Museum Inc,700 Winchester Pike,Canal Winchester,OH,43110,39.861465,-82.826065
Montclair Art Museum,3 S Mountain Ave,Montclair,NJ,07042,40.81897,-74.2246
Havre De Grace Decoy Museum,215 Giles St,Havre De Grace,MD,21078,39.53977,-76.08805
Shores Memorial Museum,202 Center,Lyndon,VT,05849,44.5141,-72.0113
Dillon Home Museum,1005 E 3rd St,Sterling,IL,61081,41.791363,-89.68208
Voigt House Victorian Museum,272 Pearl St NW,Grand Rapids,MI,49504,42.966427,-85.676735
Wignall Museum of Contemporary Art,5885 Haven Ave,Rancho Cucamonga,CA,91737,34.145985,-117.57556
Rosetta C Baldwin Museum,1408 R C Baldwin Ave,High Point,NC,27260,35.957905,-79.98702
Speed Art Museum,2035 S 3rd St,Louisville,KY,40208,38.217964,-85.76147
Menominee County Heritage Museum,904 11th Ave,Menominee,MI,49858,45.108837,-87.61355
Blanton Museum of Art,200 E Martin Luther King Blvd,Austin,TX,78712,30.2858,-97.7349
McKean's Museums,2521 Bayou Rd,New Orleans,LA,70119,29.9765,-90.076324
Heritage Village Museum & Gift Shop,157 Private Road 6000,Woodville,TX,75979,30.771952,-94.444145
Lenny's Classic Car Museum,816 Green Ave,Altoona,PA,16601,40.518112,-78.397606
Nuckolls County Museum,612 E 6th St,Superior,NE,68978,40.022057,-98.06394
Castle Museum,310 1/2 2nd Ave NE,White Sulphur Springs,MT,59645,46.566322,-110.93441
Streatr Lnd Hstrl Scty Museum,306 S Vermillion St,Streator,IL,61364,41.11762,-88.83165
Eric Sloane Museum,31 Kent Cornwall Rd,Kent,CT,06757,41.738342,-73.46854
Lincoln Museum-Pioneery Histry,719 Manvel Ave,Chandler,OK,74834,35.703434,-96.88095
Nerman Museum of Contemporary Art,12345 College Blvd,Overland Park,KS,66210,38.92719,-94.73145
Saline Railroad Depot Museum,402 N Ann Arbor St,Saline,MI,48176,42.17151,-83.78425
US Space Walk of Fame Museum,4 Main St,Titusville,FL,32796,28.612728,-80.80594
Stony Creek Museum,84 Thimble Island Rd,Branford,CT,06405,41.271183,-72.75251
Cybis Porcelain Gallery-Museum,65 Norman Ave,Trenton,NJ,08618,40.235367,-74.774025
Garden Peninsula Historical Museum,6347 State St,Garden,MI,49835,45.77471,-86.551796
Tufts Museum,26 Hewett St,Neillsville,WI,54456,44.553223,-90.59649
Greatest Generation Museum,20 S Buffalo St,Rowlesburg,WV,26425,39.34694,-79.67052
Culture & Heritage Museums,212 Jefferson St E,York,SC,29745,34.989964,-81.23917
Mesick Area Historical Museum,117 W Mesick Ave,Mesick,MI,49668,44.40583,-85.714
Port Discovery Children's Museum,35 Market Pl,Baltimore,MD,21202,39.28845,-76.60656
Delaware Art Museum,800 S Madison St,Wilmington,DE,19801,39.73234,-75.56188
Iroquois Indian Museum,324 Caverns Rd,Howes Cave,NY,12092,42.690735,-74.409225
Frank Murphy Memorial Museum,142 S Huron Ave,Harbor Beach,MI,48441,43.8437,-82.65117
University Museums,1805 Center Dr,Ames,IA,50011,42.019764,-93.63716
Dalton Defenders Museum,113 E 8th St,Coffeyville,KS,67337,37.035927,-95.61461
Standing Bear Park and Museum,601 Standing Bear Pkwy,Ponca City,OK,74601,36.68249,-97.077415
Wagner-Hagans Auto Museum,476 E Kossuth St,Columbus,OH,43206,39.945953,-82.98453
Carpatho-Rusyn Heritage Museum,10613 Tudor Cir,North Royalton,OH,44133,41.3321,-81.73165
Gary R Lucy River Heritage Museum,231 W Main St,Washington,MO,63090,38.560673,-91.012566
US Cavalry Museum,500 Huebner Rd,Fort Riley,KS,66442,39.07418,-96.77762
Monte L Bean Science Museum,645 N 1430 E,Provo,UT,84604,40.2646,-111.6325
Seattle Art Museum,2901 Western Ave,Seattle,WA,98121,47.61639,-122.3539
Islip Art Museum,50 Irish Ln,East Islip,NY,11730,40.734283,-73.1983
Museum Of Local History,47 Main St,Warrensburg,NY,12885,43.48844,-73.76191
Hinckley Fire Museum,106 Old Highway 61 N,Hinckley,MN,55037,46.01586,-92.94269
Bellbrook Historical Museum,42 N Main St,Bellbrook,OH,45305,39.63706,-84.07086
CT State Police Museum,294 Colony St,Meriden,CT,06451,41.545807,-72.79614
Brigham City Museum,24 N 300 W,Brigham City,UT,84302,41.5114,-112.020226
Anthropology Museum,Cole Hall,Dekalb,IL,60115,41.9293,-88.7524
Sackets Harbor Museum,100 W Main St,Watertown,NY,13601,43.979504,-75.906715
Vulcan Park and Museum,1701 Valley View Dr,Birmingham,AL,35209,33.489086,-86.79846
National Packard Museum,2736 Ivy Hill Cir,Cortland,OH,44410,41.286633,-80.76243
Wing Chun Museum,5715 Brandt Pike,Dayton,OH,45424,39.835957,-84.12051
Fraser Historic Museum,18577 Masonic,Fraser,MI,48026,42.53199,-82.93079
Cowan Railroad Museum,108 Front St S,Cowan,TN,37318,35.163517,-86.00999
Waldport Heritage Museum,320 NE Grant St,Waldport,OR,97394,44.43202,-124.05958
Seneca-Iroquois National Museum,82 W Hetzel St,Salamanca,NY,14779,42.155945,-78.75148
Cal Fire Museum,3800 N Sierra Way,San Bernardino,CA,92405,34.160656,-117.285194
Hunterdon Art Museum,7 Lower Center St,Clinton,NJ,08809,40.63675,-74.91199
Chicagoland Historical Bus Museum,17017 Everett Ave,South Holland,IL,60473,41.586075,-87.58032
Lomita Railroad Museum,2137 250th St,Lomita,CA,90717,33.798367,-118.31873
Kit Carson Home & Museum,113 Kit Carson Rd,Taos,NM,87571,36.40702,-105.57246
New Jersey State Museum,205 W State St,Trenton,NJ,08608,40.221714,-74.773056
Museum in the Park,376 Little Buffalo Creek Rd,Logan,WV,25601,37.89674,-82.0013
Rochester Hills Museum,2399 E Walton Blvd,Auburn Hills,MI,48326,42.678593,-83.2431
"Coopersville Farm Museum, Inc.",PO Box 64,Coopersville,MI,49404,43.0651,-85.9365
Erie Canal Depot Museum,140 1/2 Market St,Palmyra,NY,14522,43.064674,-77.22957
Henschel's Indian Museum,N8661 Holstein Rd,Elkhart Lake,WI,53020,43.855366,-88.08129
Fort Polk Museum,7881 Mississippi Ave Bldg 927,Fort Polk,LA,71459,31.05524,-93.20785
Highland Maple Museum,61 Highland Center Dr,Monterey,VA,24465,38.409737,-79.586845
Cade Museum Foundation Inc,904 S Main St,Gainesville,FL,32601,29.643864,-82.32538
Museum of Medical History,Edison Pkwy,Fort Myers,FL,33919,26.556677,-81.888695
Cornell Art Museum,51 N Swinton Ave,Delray Beach,FL,33444,26.462608,-80.07297
Bountiful Historic Museum,305 N Main St,Bountiful,UT,84010,40.89267,-111.88088
Lucille M Hall Museum,304 N Main St,St John,KS,67576,38.00168,-98.76152
Pioneer Museum,2340 N Fort Valley Rd,Flagstaff,AZ,86001,35.22435,-111.65666
Mercantile Museum,125 Duson Ave,Iota,LA,70543,30.33194,-92.49592
Civil War Soldiers Museum,108 Palafox Pl,Pensacola,FL,32502,30.4112,-87.214836
Kirkman House Museum,214 N Colville St,Walla Walla,WA,99362,46.069363,-118.339554
Counting House Museum,2 Liberty St,South Berwick,ME,03908,43.227142,-70.81062
Fort Dodge Museum,714 Sheridan St,Dodge City,KS,67801,37.73275,-99.9355
Rock Island Depot Railroad Museum,910 Bacon Rd,Fairbury,NE,68352,40.132935,-97.172615
Chinese Joss House Museum,920 Front St,Evanston,WY,82930,41.267876,-110.964226
Pacific Pinball Museum,1510 Webster St,Alameda,CA,94501,37.77383,-122.2766
Camden County Museum,206 S Locust St,Linn Creek,MO,65052,38.03592,-92.71191
Liberty School Museum,422 E 5th St,Kanawha,IA,50447,42.93792,-93.786835
The Living Museum,8045 Winchester Blvd,Queens Village,NY,11427,40.73935,-73.73343
American Museum of Natural,2606 Haring St,Brooklyn,NY,11235,40.589474,-73.93898
Automobile Driving Museum,610 Lairport St,El Segundo,CA,90245,33.924698,-118.39253
Museum of Nursing History,1900 W Olney Ave,Philadelphia,PA,19141,40.03919,-75.15303
Hill-Hold Historical Museum,128 State Route 416,Campbell Hall,NY,10916,41.466763,-74.273
Museum of Hardin County,830 S Maple St,Kountze,TX,77625,30.36477,-94.313446
Henry Ford Museum,355 Lexington Ave,New York,NY,10017,40.750343,-73.97666
Furnas-Gosper Counties Museum,401 Nebraska Ave,Arapahoe,NE,68922,40.30185,-99.897865
Bates L C Museum,14 Easler Rd,Hinckley,ME,04944,44.6855,-69.633
Foster Cottage Museum,9 E Main St,Clifton Springs,NY,14432,42.96132,-77.13633
Shaker Museum and Library,88 Shaker Museum Rd,Old Chatham,NY,12136,42.43663,-73.582016
Naples Museum of Art,5833 Pelican Bay Blvd,Naples,FL,34108,26.21709,-81.80361
Mt Pleasant Discovery Museum,200 E Broadway St,Mount Pleasant,MI,48858,43.604298,-84.775055
Longyear Museum,133 Central St,Stoughton,MA,02072,42.126293,-71.07161
North Brevard Historical Museum,400 S Sykes Creek Pkwy,Merritt Island,FL,32952,28.35176,-80.682915
Washington’s Western Lands Museum,22 Sherwood Park Rd,Ravenswood,WV,26164,38.99141,-81.761505
Phoenix Police Museum,17 S 2nd Ave,Phoenix,AZ,85003,33.448143,-112.076385
Gima's Guitar Museum,303 S State St,Litchfield,IL,62056,39.173573,-89.65561
Etowah Depot Museum,727 Tennessee Ave,Etowah,TN,37331,35.323685,-84.525
Oriskany Village Museum,420 Utica St,Oriskany,NY,13424,43.153748,-75.328636
Marion City Historical Museum,501 E Main St,Marion,KS,66861,38.348133,-97.01705
Midwest Carvers Museum,16236 Vincennes Ave,South Holland,IL,60473,41.5994,-87.628235
Wallowa County Museum,110 S Main St,Joseph,OR,97846,45.35092,-117.22963
Brock Historical Museum,815 W Market St,Greensboro,NC,27401,36.072803,-79.79908
Ye Old Jail Museum,114 Central Ave W,Jamestown,TN,38556,36.42779,-84.932205
Heritage Museum,490 Smith St,Harrisburg,OR,97446,44.27219,-123.16829
Pioneer Museum,300 N Chicago St,Hot Springs,SD,57747,43.433388,-103.475876
Buford Pusser Home and Museum,342 Pusser St,Adamsville,TN,38310,35.231853,-88.38365
Denver Art Museum,100 W 14th Avenue Pkwy,Denver,CO,80204,39.73766,-104.98904
Council Valley Museum,2202 Ridge Rd,Fruitvale,ID,83612,44.81854,-116.45957
Old Capitol Museum,21 Old Capitol,Iowa City,IA,52242,41.6598,-91.5429
Glenn L Martin Aviation Museum,701 Wilson Point Rd,Middle River,MD,21220,39.33081,-76.42648
Bartlett Depot Museum,100 E Railroad Ave,Bartlett,IL,60103,41.99228,-88.18476
Richmond Community Museum,109 E Central St,Richmond,KS,66080,38.401455,-95.256004
Early Television Museum,5396 Franklin St,Hilliard,OH,43026,40.034218,-83.1613
Palm Beach Maritime Museum,6500 Peanut Island Rd,Riviera Beach,FL,33404,26.772827,-80.048355
Bonita Museum and Cultural Center,4355 Bonita Rd,Bonita,CA,91902,32.661198,-117.03226
Japanese Museum of Oregon,411 NW Flanders St,Portland,OR,97209,45.52608,-122.67492
Baldwin County Heritage Museum,25521 County Road 20,Elberta,AL,36530,30.363182,-87.58851
Fox River Trolley Museum,365 S La Fox St,South Elgin,IL,60177,41.988052,-88.297165
Madeline Island Museum,226 Colonel Woods Ave,La Pointe,WI,54850,46.780525,-90.78803
Woodbury Art Museum,575 E University Pkwy,Orem,UT,84097,40.273712,-111.68162
Monterey Museum of Art,559 Pacific St,Monterey,CA,93940,36.597412,-121.896675
James L. Kelso Bible Lands Museum,616 N Highland Ave,Pittsburgh,PA,15206,40.468575,-79.921394
Old Depot Museum,4 Martin Luther King St,Selma,AL,36703,32.408657,-87.01404
Ukulele Hall of Fame Museum,15 Concord Ave,Cranston,RI,02910,41.77623,-71.43829
Turner Museum & Historica,98 Matthews Way,Turner,ME,04282,44.271046,-70.22579
Averill Museum,7144 Headley St SE,Ada,MI,49301,42.95686,-85.491844
Museum Associates,5905 Wilshire Blvd,Los Angeles,CA,90036,34.062805,-118.358154
Stone House Museum,20 Maple Street (Route 202),Belchertown,MA,01007,42.27647,-72.403
Union Depot Railroad Museum,683 S Main St,La Moille,IL,61330,41.525303,-89.28128
Conneaut Historical Railroad Museum,363 Depot St,Conneaut,OH,44030,41.949364,-80.55917
Children's Museum of Virginia,221 High St,Portsmouth,VA,23704,36.835167,-76.298325
General George Patton Museum,4554 Fayette Ave,Fort Knox,KY,40121,37.896023,-85.97054
Borders Farm Museum,31 North Rd,Foster,RI,02825,41.78759,-71.741486
Fire Museum of York County,757 W Market St,York,PA,17401,39.956642,-76.746895
Montana Museum of Work History,7655 Us Highway 10 W,Missoula,MT,59808,46.94459,-114.128456
Cotton Club Museum,837 SE 7th Ave,Gainesville,FL,32601,29.645662,-82.31595
West Virginia Mine Wars Museum,336 Mate St,Matewan,WV,25678,37.621853,-82.17084
Frontenac Historical Soc & Museum,178 Cayuga St,Seneca Falls,NY,13148,42.92465,-76.79212
African Roots Museum,229 N Main St,Ripley,TN,38063,35.75054,-89.52793
Taylor Museum,30 W Dale St,Colorado Springs,CO,80903,38.84549,-104.8257
Aurora History Museum,15051 E Alameda Pkwy,Aurora,CO,80012,39.71012,-104.812645
C E Smith Museum-Anthropology,4047 Meiklejohn Hall,Hayward,CA,94542,37.6586,-122.0454
Log Cabin Museum,416 Sidney Ave,Port Orchard,WA,98366,47.5395,-122.636505
Eastern Oregon Museum,610 3rd St,Baker City,OR,97814,44.76541,-117.83293
Byron Museum Theatre,110 N Union St,Byron,IL,61010,42.12567,-89.25616
South Jersey Black Heritage Museum,2010 New Albany Rd,Cinnaminson,NJ,08077,40.006714,-74.972
Steppingstone Museum,461 Quaker Bottom Rd,Havre De Grace,MD,21078,39.599552,-76.14369
Slave Relics Museum,208 Carn St,Walterboro,SC,29488,32.90079,-80.66607
Crowley Museum and Nature Center,16405 Myakka Rd,Sarasota,FL,34240,27.305391,-82.259285
Fifth Maine Regiment Museum,45 Seashore Ave,Peaks Island,ME,04108,43.652943,-70.19322
Eicher Indian Museum & Shop,409 Cocalico St,Ephrata,PA,17522,40.181995,-76.186516
Pasadena Museum Of California Art,490 E Union St,Pasadena,CA,91101,34.14707,-118.1402
Museum Antiques & Aviation Museum,5928 Steilacoom Blvd SW,Lakewood,WA,98499,47.17636,-122.51733
Cook County Museum and Library,115 E 4th St,Adel,GA,31620,31.137264,-83.42305
Brigantine Beach Hstrcl Museum,3607 Atlantic Brigantine Blvd,Brigantine,NJ,08203,39.394947,-74.3908
Millennium Gate Museum,395 17th St NW,Atlanta,GA,30363,33.79118,-84.40076
Watson Steam Train & Depot Museum,Missouri Valley Park Off,Missouri Valley,IA,51555,41.5548,-95.8992
Kruse House Museum,527 Main St,West Chicago,IL,60185,41.882195,-88.19683
Clay County Museum Assoc,14 N Main St,Liberty,MO,64068,39.24627,-94.420525
Columbus Museum,100 S Delaware Ave,Columbus,KS,66725,37.17036,-94.83991
Montrose County Historical Museum,21 N Rio Grande Ave,Montrose,CO,81401,38.477802,-107.87978
Christie House Museum,15 1st St S,Long Prairie,MN,56347,45.97394,-94.863945
Sandy Spring Museum,17901 Bentley Rd,Sandy Spring,MD,20860,39.15104,-77.021675
Sweetwater County Historical Museum,3 E Flaming Gorge Way,Green River,WY,82935,41.52919,-109.46721
Tattoo Art Museum,841 Columbus Ave,San Francisco,CA,94133,37.80244,-122.41354
Bernard Museum,7135 Delton Rd,Delton,MI,49046,42.50242,-85.42816
First Division Museum at Cantigny,1S151 Winfield Rd,Wheaton,IL,60189,41.85447,-88.161766
North Central Washington Museum,127 S Mission St,Wenatchee,WA,98801,47.422684,-120.31117
Merryville Historical Museum,628 N Railroad St,Merryville,LA,70653,30.754236,-93.54039
N Y City Museums,4701 111th St,Corona,NY,11368,40.74756,-73.853325
Finger Lakes Boating Museum,8231 Pleasant Valley Rd,Hammondsport,NY,14840,42.40046,-77.25492
Rubin Museum of Art,150 W 17th St,New York,NY,10011,40.740005,-73.99755
Straw Bale Built Museum,206 Main St E,Carthage,SD,57323,44.171375,-97.71431
Colfax Railroad Museum,500 E Railroad Ave,Colfax,WI,54730,44.997314,-91.725395
Pine Mountain Gold Museum,1881 Stockmar Rd,Villa Rica,GA,30180,33.752342,-84.88473
Bridgton Historical Society Museum,5 Gibbs Ave,Bridgton,ME,04009,44.054146,-70.7037
Nathanael Greene Museum,101 W McKee St,Greeneville,TN,37743,36.16054,-82.83247
Asian Art Museum,1400 E Prospect St,Seattle,WA,98112,47.628433,-122.314354
Old Va Textiles Museum,83 Commerce St,Pulaski,VA,24301,37.045868,-80.78186
Perkins Elizabeth House Museum,394 Southside Rd,York,ME,03909,43.134228,-70.66316
Museum Concepts,3869 Lorance Rd,Clinton,MS,39056,32.446682,-90.39449
Miami Valley Veterans Museum,107 W Main St,Troy,OH,45373,40.04027,-84.20447
Naval Air Museum Barbers Point,91-1299 Midway Rd,Kapolei,HI,96707,21.31195,-158.06912
Territorial Capital-Lane Museum,640 E Woodson Ave,Lecompton,KS,66050,39.04424,-95.39155
American Folk Art Museum,4729 32nd Pl,Long Island City,NY,11101,40.742226,-73.93296
Chaffee Barbershop Museum,7313 Terry St,Fort Smith,AR,72916,35.31218,-94.301155
Minocqua Museum,503 Flambeau St,Minocqua,WI,54548,45.870598,-89.71164
Golisano Childrens Museum of Naples,15080 Livingston Rd,Naples,FL,34109,26.269377,-81.75374
Museum Of Work & Culture,42 S Main St,Woonsocket,RI,02895,41.999264,-71.51654
Massey Air Museum,33541 Maryland Line Rd,Massey,MD,21650,39.302868,-75.78766
Sam Guarino Blacksmith Shop Museum,304 S State St,Abbeville,LA,70510,29.971745,-92.13638
Army Aviation Museum,506 Speedway Blvd,Hampton,GA,30228,33.389744,-84.32501
Junior Museum,250 Jordan Rd,Troy,NY,12180,42.677402,-73.69652
Hicks-Stearns Family Museum,42 Tolland Grn,Tolland,CT,06084,41.871254,-72.36826
Sturdevant-McKee Museum,308 S Main St,Atkinson,NE,68713,42.529236,-98.97823
Tonawanda Museum,100 Knoche Rd,Tonawanda,NY,14150,42.994,-78.87802
Grimes Flying Laboratory Museum,1636 N Main St,Urbana,OH,43078,40.12912,-83.74871
Texana Museum and Library,403 N Wells St,Edna,TX,77957,28.980408,-96.647865
Portland Art Museum,1817 SE Barn Owl Ln,Gresham,OR,97080,45.48376,-122.39288
Chumash Indian Museum,3290 Lang Ranch Pkwy,Thousand Oaks,CA,91362,34.212875,-118.81071
Artesia School Museum,115 W Chestnut Ave,Lompoc,CA,93436,34.642372,-120.458755
Brimstone Museum,900 S Huntington St,Sulphur,LA,70663,30.231258,-93.37723
Taube Museum of Art,2 Main St N,Minot,ND,58703,48.236572,-101.29283
Oriental Institute Museum,1155 E 58th St,Chicago,IL,60637,41.789497,-87.597565
Museum of Spanish Colonial Art,750 Camino Lejo,Santa Fe,NM,87505,35.66619,-105.92501
Pennsylvania Longrifle Museum,401 Henry Rd,Nazareth,PA,18064,40.774403,-75.29033
Orlando Museum of Art,2416 N Mills Ave,Orlando,FL,32803,28.572624,-81.36462
University Museum,Southern Illinois Univeristy,Edwardsville,IL,62026,38.7936,-89.9974
Wilmette Historical Museum,609 Ridge Rd,Wilmette,IL,60091,42.07559,-87.722755
Samuel Cupples Museum House,3673 W Pine Mall,Saint Louis,MO,63108,38.636414,-90.23561
Grant County Historical Museum,211 S 3rd St,Milbank,SD,57252,45.220665,-96.63418
Midtown Museum of Native Cultures,208 S Vine St,Wingate,IN,47994,40.17048,-87.07304
Tompkins Historical Museum,10138 Tompkins Rd,Rives Junction,MI,49277,42.377426,-84.54182
Billie Burn Museum,44 Old Haig Point Rd,Daufuskie Island,SC,29915,32.126293,-80.861015
T-Rex Natural History Museum,1116 Big Horn Dr,Ranchester,WY,82839,44.905285,-107.174095
Palm Springs Art Museum,101 N Museum Dr,Palm Springs,CA,92262,33.823887,-116.5496
San Dieguito Heritage Museum,561 S Vulcan Ave,Encinitas,CA,92024,33.045002,-117.292305
Porterville Historical Museum,257 N D St,Porterville,CA,93257,36.07014,-119.01853
Pry House Field Hospital Museum,18906 Shepherdstown Pike,Keedysville,MD,21756,39.47411,-77.71092
American Heritage Fire Museum,2830 N Church Ave,Louisville,MS,39339,33.12853,-89.05526
Lehigh Historical Museum,145 River St,Lehigh,IA,50557,42.36418,-94.05238
Museum of Western Art,1550 Bandera Hwy,Kerrville,TX,78028,30.025703,-99.13654
Monacan Ancestral Museum,2009 Kenmore Rd,Amherst,VA,24521,37.59221,-79.092995
Colonel Museum,1 Hope Blvd,Galveston,TX,77554,29.272587,-94.85242
Communal Agriculture Museum,505 P St,South Amana,IA,52334,41.77758,-91.966286
Dougherty Museum,8306 N 107th St,Longmont,CO,80504,40.125027,-105.102425
UT Ag Museum,3 Ledbetter Gate Rd,Milan,TN,38358,35.934353,-88.72943
Ice House Museum,121 Center St,Cedar Falls,IA,50613,42.538513,-92.44948
Golden Wings Museum,8891 Airport Rd NE Ste 6C,Minneapolis,MN,55449,45.131977,-93.2175
E Honda Food Culture Museum,1744 Feather River Blvd,Olivehurst,CA,95961,39.004524,-121.57606
East Texas Oil Museum,1100 Broadway Blvd,Kilgore,TX,75662,32.378433,-94.8719
Roseville Fire Museum,400 Lincoln St,Roseville,CA,95678,38.75211,-121.28507
Neb City Museum-Fire Fighting,1320 Central Ave,Nebraska City,NE,68410,40.67688,-95.86315
T Rex Natural History Museum,1116 Big Horn Ave,Sheridan,WY,82801,44.786407,-106.958046
Limon Heritage Museum,899 1st St,Limon,CO,80828,39.26057,-103.68759
Olaf Wieghorst Museum,131 Rea Ave,El Cajon,CA,92020,32.795555,-116.96155
Morro Bay Maritime Museum,1210 Embarcadero,Morro Bay,CA,93442,35.370663,-120.856094
Linn County Historical Museum,101 E Park Ave,Brownsville,OR,97327,44.393616,-122.983734
Territorial Capital Sports Museum,315 W Oklahoma Ave,Guthrie,OK,73044,35.877914,-97.42787
Lexington County Museum,231 Fox St,Lexington,SC,29072,33.98625,-81.23975
Bingham County Historical Museum,190 N Shilling Ave,Blackfoot,ID,83221,43.188736,-112.34137
Children's Museum of the Arts,103 Charlton St,New York,NY,10014,40.727493,-74.007706
Robertson County History Museum,124 6th Ave W,Springfield,TN,37172,36.50859,-86.8859
The Breman Museum,1440 Spring St NW,Atlanta,GA,30309,33.793938,-84.389275
Slater Memorial Museum,305 Broadway,Norwich,CT,06360,41.53695,-72.0831
Rock Island Railroad Museum,3rd & Cedar,Chillicothe,IL,61523,40.8976,-89.5161
US National Slavery Museum,1320 Central Park Blvd,Fredericksburg,VA,22401,38.30238,-77.51294
Museum of The Gulf Coast,700 W Procter St,Port Arthur,TX,77640,29.863396,-93.94254
National Museum of Racing,191 Union Ave,Saratoga Springs,NY,12866,43.07607,-73.773476
Victor Valley Museum,11873 Apple Valley Rd,Apple Valley,CA,92308,34.46712,-117.2421
Currier Museum of Art,52 Hanover St,Manchester,NH,03101,42.99108,-71.46123
Laurel and Hardy Museum,250 N Louisville St,Harlem,GA,30814,33.417152,-82.31199
American Bookbinders Museum,355 Clementina St,San Francisco,CA,94103,37.78126,-122.40298
Doak House Museum,690 Erwin Hwy,Greeneville,TN,37745,36.175014,-82.76485
Kentucky Coal Mining Museum,231 Main St,Benham,KY,40807,36.96432,-82.95054
Bernice Depot Museum,115 W 4th St,Bernice,LA,71222,32.82108,-92.65846
Fairview Museum-History & Art,85 N 100 E,Fairview,UT,84629,39.62938,-111.43733
Navajo Shade House Museum,Us Highway 160,Kayenta,AZ,86033,36.707775,-110.247025
Military History Museum,112 N Main St,Broken Arrow,OK,74012,36.052917,-95.79098
New Sweden Historical Museum,116 Station Rd,New Sweden,ME,04762,46.942097,-68.1199
Lincoln County Historical Museum,2403 N Buffalo Bill Ave,North Platte,NE,69101,41.161724,-100.79131
Lincoln Heritage Museum,300 Keokuk St,Lincoln,IL,62656,40.155357,-89.36251
Empire State Aerosciences Museum,250 Rudy Chase Dr,Schenectady,NY,12302,42.8628,-73.92948
Whittier Museum,6755 Newlin Ave,Whittier,CA,90601,33.97938,-118.04104
Wyoming Frontier Prison Museum,500 W Walnut St,Rawlins,WY,82301,41.792038,-107.242744
Community Museum Society Inc,111 Henry St,Lake City,SC,29560,33.87119,-79.75446
Upper Valley Museum at Leavenworth,347 Division St,Leavenworth,WA,98826,47.59661,-120.658005
Military Museum of North Florida,1 Bunker Ave,Green Cove Springs,FL,32043,29.98,-81.65316
Hands On Children's Museum,414 Jefferson St SE,Olympia,WA,98501,47.04503,-122.89652
Salvador Dali Museum,1 Dali Blvd,Saint Petersburg,FL,33701,27.765425,-82.631386
Pioneer Museum of Alabama,248 Highway 231 N,Troy,AL,36081,31.808739,-85.99015
National Childrens Museum,112 Waterfront St,Oxon Hill,MD,20745,38.785892,-77.01517
Mt Hood Cultural Center & Museum,88900 E Government Camp Loop,Government Camp,OR,97028,45.30364,-121.75307
Muncy Museum of History,40 N Main St,Muncy,PA,17756,41.207127,-76.78651
Children's Activity Museum,151 Blue Sky Ln,Ellensburg,WA,98926,46.9948,-120.60505
Strathearn Historical Park & Museum,137 Strathearn Pl,Simi Valley,CA,93065,34.27418,-118.80031
Hagerstown Museum,96 E Main St,Hagerstown,IN,47346,39.910942,-85.16034
Great Lakes Lore Maritime Museum,367 N Third St,Rogers City,MI,49779,45.422714,-83.81958
Contemporary Arts Museum,100 Galleria Pkwy SE,Atlanta,GA,30339,33.883816,-84.46371
Itow Veterans Museum,805 W Main St,Perham,MN,56573,46.598915,-95.581345
Windmill and French Museum,1500 Boston Ave,Nederland,TX,77627,29.973413,-93.99365
Museum Of Pinball,700 S Hathaway St,Banning,CA,92220,33.919006,-116.85917
Honaker Heritage Museum,5738 Redbud Hwy,Honaker,VA,24260,37.017185,-81.97438
The Aurora Ice Museum,Chena Hot Springs Downtown,Fairbanks,AK,99701,64.90265,-146.44397
Starke County Museum,401 S Main St,Knox,IN,46534,41.293648,-86.62345
Old Car Museum-Dixie Gun Works,1412 Reelfoot Ave,Union City,TN,38261,36.4268,-89.0695
Coyote Point Museum,1651 Coyote Point Dr,San Mateo,CA,94401,37.586456,-122.326324
Thames Museum,77 Long Wharf,Newport,RI,02840,41.48974,-71.31822
High Museum of Art,117 Clairemont Ave,Decatur,GA,30030,33.77618,-84.29634
Smyth County Museum,123 E Main St,Marion,VA,24354,36.833527,-81.518684
Rexburg Childrens Museum,521 Park St,Rexburg,ID,83440,43.821926,-111.79878
Pioneer Museum,803 E Tomichi Ave,Gunnison,CO,81230,38.544224,-106.91667
Jh Rathbone Museum,134 S Earl Ave,Lafayette,IN,47904,40.415817,-86.86089
Gregg House Museum,117 Linden Ct,Naperville,IL,60540,41.772793,-88.178055
R C Baker Memorial Museum,297 W Elm Ave,Coalinga,CA,93210,36.13772,-120.36203
Railroad-Ferry Museum,1920 Paradise Dr,Belvedere Tiburon,CA,94920,37.87298,-122.45398
African American Firefighter Museum,1401 S Central Ave,Los Angeles,CA,90021,34.028458,-118.24702
Dolls at Home Museum,435 Meier Ave,Spearfish,SD,57783,44.486355,-103.86446
St Dennis Chapel Museum,609 Brown Ave,Hopewell,VA,23860,37.314655,-77.27587
Plumb Farm Museum,955 39th Ave,Greeley,CO,80634,40.422623,-104.74518
Upton Red Onion Museum,203 Pine St,Upton,WY,82730,44.097145,-104.62861
Stuart Heritage Museum,161 SW Flagler Ave,Stuart,FL,34994,27.200829,-80.2561
Toy Museum Of NY,157 Montague St,Brooklyn,NY,11201,40.694553,-73.99289
Fairport Historical Museum,18 Pine St,East Rochester,NY,14445,43.11753,-77.48319
Museum of Early Trades and Crafts,9 Main St,Madison,NJ,07940,40.75968,-74.4168
Underground Railroad Museum,121 High St,Flushing,OH,43977,40.14943,-81.06687
Old Spokes Car Museum,10399 Old 22,Kutztown,PA,19530,40.57997,-75.72533
LSU Museum Of Art,100 Lafayette St,Baton Rouge,LA,70801,30.447659,-91.1892
Martin & Sue King Railroad Museum,115 S Bayou Ave,Cleveland,MS,38732,33.743916,-90.722206
National Civil Rights Museum,450 Mulberry St,Memphis,TN,38103,35.13485,-90.05758
Mountain Farm Life Museum,527 Ashe Park Rd,Jefferson,NC,28640,36.43562,-81.46848
Baytown Historical Museum,220 W Defee Ave,Baytown,TX,77520,29.733591,-94.96958
Conger House Museum,903 E Washington St,Washington,IA,52353,41.298424,-91.68241
Museum of the Plains,1200 N Main St,Perryton,TX,79070,36.410355,-100.80268
Brentwood Museum,140 Crawley Falls Rd,Brentwood,NH,03833,42.976395,-71.0704
Conrad Heritage Hall & Museum,204 E Center St,Conrad,IA,50621,42.224674,-92.87257
Museum of History & Industry,860 Terry Ave N,Seattle,WA,98109,47.62686,-122.33692
Gordon Wascott Museum,9672 E County Road G,Gordon,WI,54838,46.241966,-91.79277
Copper Village Museum & Art Center,401 E Commercial Ave,Anaconda,MT,59711,46.12941,-112.948166
Burt County Museum,319 N 13th St,Tekamah,NE,68061,41.781143,-96.22083
Wisteria Cottage Museum,780 Prospect St,La Jolla,CA,92037,32.845085,-117.27708
Heritage Flight Museum,15053 Crosswind Dr,Burlington,WA,98233,48.46368,-122.42136
The D.W. Correll Museum,19934 E Pine St,Catoosa,OK,74015,36.176838,-95.757675
Museum-Newport Irish History,648 Thames St,Newport,RI,02840,41.47479,-71.31362
University of VA Art Museum,155 Rugby Rd,Charlottesville,VA,22903,38.038532,-78.50266
Eli and Edythe Broad Art Museum,547 E Circle Dr,East Lansing,MI,48824,42.732666,-84.476616
Rome Area History Museum,305 Broad St,Rome,GA,30161,34.25402,-85.172874
York Historical Society Museum,250 E Market St,York,PA,17403,39.96382,-76.72282
Chillicothe Area History Museum,723 N 4th St,Chillicothe,IL,61523,40.915092,-89.48955
Naples Historical Museum,21 Village Green Ln,Naples,ME,04055,43.970657,-70.61048
Creation Evidence Museum,3102 Fm 205,Glen Rose,TX,76043,32.2319,-97.80637
Walter Elwood Museum,100 Church St,Amsterdam,NY,12010,42.93973,-74.186424
Chisholm Trail Museum,605 Zellers Ave,Kingfisher,OK,73750,35.848488,-97.94013
Frankenmuth Historical Museum,613 S Main St,Frankenmuth,MI,48734,43.328167,-83.73962
Bates County Museum,802 Elks Dr,Butler,MO,64730,38.26762,-94.34948
Bloomfield Academy Museum,8 South Ave,Bloomfield,NY,14469,42.896194,-77.434326
Naval Undersea Museum,1 Garnett Way,Keyport,WA,98345,47.69989,-122.62557
Glasgow Museum,381 County Road 220,Glasgow,MO,65254,39.184242,-92.85401
Depo Museum Too,4020 Airport Pkwy,Cheyenne,WY,82001,41.15184,-104.790115
Springville Museum,6496 US Highway 11,Springville,AL,35146,33.77558,-86.47053
Columbia Museum of Art,1515 Main St,Columbia,SC,29201,34.00551,-81.03564
Willow Glen Museum,31899 Highway 41,Coarsegold,CA,93614,37.21241,-119.708885
Gateway To Peace Museum,8312 Natural Bridge Rd,Saint Louis,MO,63121,38.70787,-90.31629
Boulder History Museum,Harbeck Bergheim House1206,Boulder,CO,80302,40.0243,-105.3082
New Hampshire Telephone Museum,1 Depot St,Warner,NH,03278,43.279987,-71.81496
St Mary Parish Museum,407 P R 131,Franklin,LA,70538,29.724005,-91.38196
Otoe County Museum of Memories,1621 Thorne St,Syracuse,NE,68446,40.667057,-96.18488
Anniston Museum of Natural History,800 Museum Dr,Anniston,AL,36206,33.695717,-85.81958
Haverstraw Brick Museum Inc,12 Main St,Haverstraw,NY,10927,41.196457,-73.96397
The Museum at FIT,227 W 27th St,New York,NY,10001,40.747158,-73.99473
Staten Island Children's Museum,1000 Richmond Ter,Staten Island,NY,10301,40.644615,-74.10058
Burlington Northern Museum,305 S 2nd St,Red Oak,IA,51566,41.002644,-95.23054
Hammer Museum,10899 Wilshire Blvd,Los Angeles,CA,90024,34.058903,-118.44379
Museum of the Mississippi,1608 Highway 82 W,Greenwood,MS,38930,33.52676,-90.20973
Weston Historical Museum,358 Boston Post Rd,Weston,MA,02493,42.36768,-71.29876
Cherokee National Museum,21192 S Keeler Dr,Park Hill,OK,74451,35.86799,-94.95845
National Cowboys Of Color Museum,2029 N Main St,Fort Worth,TX,76164,32.782185,-97.349365
Byrant Museum,300 Paul W Bryant Dr,Tuscaloosa,AL,35401,33.206005,-87.539825
Boca Raton Museum Art School,801 W Palmetto Park Rd,Boca Raton,FL,33486,26.350554,-80.10242
Baldwin Museum Foundation,111 W Laurel Ave,Foley,AL,36535,30.406265,-87.6846
Hay Lake School & Erickson Museum,14020 195th St N,Marine On Saint Croix,MN,55047,45.23164,-92.82055
International Art Museum of America,1025 Market St,San Francisco,CA,94103,37.7817,-122.41072
Fife Lake Area Historical Museum,136 E State St,Fife Lake,MI,49633,44.576836,-85.349686
Heritage Museum,200 1/2 Park Ave,Viborg,SD,57070,43.1832,-97.1486
Philadelphia Doll Museum,2253 N Broad St,Philadelphia,PA,19132,39.987156,-75.155846
Otsego County Historical Museum,320 W Main St,Gaylord,MI,49735,45.027237,-84.67735
Indiana Military Museum,715 S 6th St,Vincennes,IN,47591,38.67332,-87.53614
Whaley House Museum,624 E Kearsley St,Flint,MI,48503,43.02016,-83.68393
Marco Island Historical Museum,180 S Heathwood Dr,Marco Island,FL,34145,25.933697,-81.715454
Mountain Home Hist Museum,180 S 3rd E,Mountain Home,ID,83647,43.130905,-115.69131
Duncan Cottage Museum,501 Tait St,Metlakatla,AK,99926,55.12782,-131.5722
Myers Inn Museum,45 S Columbus St,Sunbury,OH,43074,40.24205,-82.86002
Jacobsen Museum,2150 Swenson Rd,Washington Island,WI,54246,45.408276,-86.87408
Warren County Historical Museum,1400 W 2nd Ave,Indianola,IA,50125,41.35676,-93.57918
Post Rock Museum,202 W 1st St,Bison,KS,67520,38.52201,-99.19925
Strawberry Hill Museum,720 N 4th St,Kansas City,KS,66101,39.113235,-94.61894
Art Museum at Fiu,University Park Campus Pc,Miami,FL,33199,25.7609,-80.3757
Orrville Historical Museum,142 Depot St,Orrville,OH,44667,40.840313,-81.76715
Museum of Modern Snowglobe,6 Vernon St,Somerville,MA,02145,42.39112,-71.10185
Naval Undersea Museum,1100 Hunley Rd,Silverdale,WA,98315,47.69744,-122.69667
Webster Museum,18 Lapham Park,Webster,NY,14580,43.211884,-77.429016
Lucas Museum of Narrative Art,1150 S Olive St,Los Angeles,CA,90015,34.040092,-118.261406
Trinidad Museum Society,400 Janis Ct,Trinidad,CA,95570,41.062263,-124.14094
Wilderness Travel Museum,Peconic Bay Blvd,Aquebogue,NY,11931,40.945,-72.5915
Aviation Cadet Museum,542 County Road 2073,Eureka Springs,AR,72632,36.4348,-93.701324
Hollywood Wax Museum,106 Showplace Blvd,Pigeon Forge,TN,37863,35.81563,-83.57754
Museum at Prairiefire,5801 W 135th St,Overland Park,KS,66223,38.883495,-94.65287
Lambert Castle Museum,3 Valley Rd,Paterson,NJ,07503,40.898094,-74.17193
The Randall Museum,745 Treat Ave,San Francisco,CA,94110,37.758232,-122.413376
Bainbridge Island Museum of Art,550 Winslow Way E,Bainbridge Island,WA,98110,47.625,-122.515236
Cranbury Museum,4 Park Pl E,Cranbury,NJ,08512,40.312893,-74.5149
Pratt Museum,14560 Main St,Prattsville,NY,12468,42.315273,-74.43319
The Museum Company,302 Goddard Blvd,King Of Prussia,PA,19406,40.091354,-75.39687
Greene Memorial Museum,3209 N Maryland Ave,Milwaukee,WI,53211,43.07574,-87.88307
Arizona State Museum,1130 E Helen St,Tucson,AZ,85719,32.237186,-110.954796
First Division Museum at Cantigny,1 S 151 Winfield Road,Wheaton,IL,60187,41.8578,-88.1363
H H Warrick Jr Museum Communictns,7000 E Marginal Way S,Seattle,WA,98108,47.54057,-122.32347
Jack Kirby Museum & Res Center,828 Bloomfield St,Hoboken,NJ,07030,40.746597,-74.029144
Clay County Museum,805 Brown St,Celina,TN,38551,36.547062,-85.50532
Cedar Grove Museum,2600 Benjamin Franklin Pkwy,Philadelphia,PA,19130,39.96247,-75.17759
Fort Sedgwick Museum,114 E 1st St,Julesburg,CO,80737,40.986706,-102.26222
Halifax Historical Society Museum,98 Branch Rd,West Halifax,VT,05358,42.7861,-72.770226
Quincy Square Museum,43 Norma Dr,Clinton,NY,13323,43.088764,-75.35877
Oakland Museum,130 SE Locust St,Oakland,OR,97462,43.42182,-123.29887
Top Kick's Military Museum,149 Elm Lane Farm Rd,Petersburg,WV,26847,39.0432,-79.11816
Big Horn County Historical Museum,1163 E 3rd St,Hardin,MT,59034,45.739185,-107.58611
Arizona State Museum,1013 E University Blvd,Tucson,AZ,85721,32.23183,-110.95653
Stamford Museum and Nature Center,39 Scofieldtown Rd,Stamford,CT,06903,41.12354,-73.54517
James Jesse Bank Museum,103 N Water St,Liberty,MO,64068,39.247223,-94.41927
Heritage Harbor Museum,222 Richmond St,Providence,RI,02903,41.818462,-71.40839
Davison Area Historical Museum,263 E 4th St,Davison,MI,48423,43.033947,-83.515785
Amador County Museum,12700 Airport Rd,Jackson,CA,95642,38.37384,-120.79851
New England Carousel Museum,95 Riverside Ave,Bristol,CT,06010,41.67081,-72.93978
1000 Museum Condominiums,1000 Biscayne Blvd,Miami,FL,33132,25.784018,-80.1897
N K Whitney Store Museum,7800 Kirtland Chardon Rd,Willoughby,OH,44094,41.629116,-81.36212
Crawford Historical Museum,337 2nd St,Crawford,NE,69339,42.686024,-103.41339
Shell Rock Historical Museum,PO Box 57,Shell Rock,IA,50670,42.6997,-92.596
Rainbow Forest Museum,1 Park Rd,Petrified Forest Natl Pk,AZ,86028,35.06633,-109.78216
Garst Museum,205 N Broadway St,Greenville,OH,45331,40.107338,-84.63692
P S 1 Museum,4601 21st St,Long Island City,NY,11101,40.7458,-73.94795
Central Delta Depot Museum,100 W Cypress St,Brinkley,AR,72021,34.88729,-91.19133
Blue Lake Museum Society,330 Railroad Ave,Blue Lake,CA,95525,40.881256,-123.99068
Swan Lake Farmstead Museum,22676 Swan Lake Dr,Carroll,IA,51401,42.03459,-94.84973
Museum of Sports History,541 N Fairbanks Ct,Chicago,IL,60611,41.89253,-87.61999
Heritage Station Museum,219 Ward St W,Douglas,GA,31533,31.509094,-82.85253
Friends of NJ State Museum,Po Box 530,Trenton,NJ,08625,40.2712,-74.8179
Buffalo Bill Museum and Grave,987 1/2 Lookout Mountain Rd,Golden,CO,80401,39.73175,-105.238495
Bailey Art Museum,325 Rolph Ave,Crockett,CA,94525,38.055702,-122.21983
Discovery Museum,19 Clarke Ln,Berryville,VA,22611,39.16386,-77.95853
Hanna Basin Museum,502 Front St,Hanna,WY,82327,41.86912,-106.565475
Moody County Museum,706 W Pipestone Ave,Flandreau,SD,57028,44.048542,-96.60453
Museums & More,"75 Applewood Drive, Suite A",Sparta,MI,49345,43.1585,-85.72227
Nowetah's Indian Store & Museum,2 Colegrove Rd,New Portland,ME,04961,44.87187,-70.11673
Polson Flathead Historical Museum,708 Main St,Polson,MT,59860,47.688587,-114.16359
Brown County Museum,2 N Broadway St,New Ulm,MN,56073,44.312874,-94.46028
Original Courthouse Museum,410 W 2nd Pl,The Dalles,OR,97058,45.603638,-121.188126
North Star Mining Museum,933 Allison Ranch Rd,Grass Valley,CA,95949,39.205307,-121.069786
Attmore Oliver House Museum,511 Broad St,New Bern,NC,28560,35.108337,-77.04163
Marine Museum at The Fall River,70 Water St,Fall River,MA,02721,41.702785,-71.16388
Rim Country Museum,700 S Green Valley Pkwy,Payson,AZ,85541,34.23269,-111.343994
Military Museum,32 Hood Ter,West Haven,CT,06516,41.2709,-72.96139
General William C Lee Museum,209 W Divine St,Dunn,NC,28334,35.307568,-78.6137
Wagener Museum,12 Short St,Wagener,SC,29164,33.65075,-81.3626
Old Swedes Museum,606 N Church St,Wilmington,DE,19801,39.738544,-75.54134
McDonough Museum of Art,525 Wick Ave,Youngstown,OH,44502,41.10524,-80.64511
Cahokia Mounds Museum Society,30 Ramey Dr,Collinsville,IL,62234,38.65444,-90.05868
Tupelo Veterans Museum,689 Rutherford Rd,Tupelo,MS,38801,34.244423,-88.76407
Rutgers Geology Museum,85 Somerset St,New Brunswick,NJ,08901,40.497974,-74.44644
United States Lightship Museum,1 Melvin Ave,Beverly,MA,01915,42.549747,-70.91084
Ukrainian Museum of New Jersey,135 Davidson Ave,Somerset,NJ,08873,40.540157,-74.520966
Bella Vista Museum,1885 Bella Vista Way,Bella Vista,AR,72714,36.461674,-94.2443
Museum Louvre It or Leave It,10915 Valley View Rd,Eden Prairie,MN,55344,44.86553,-93.41649
Meridian Museum Of Art,628 25th Ave,Meridian,MS,39301,32.364006,-88.7033
Monadnock Childrens Museum,147 Washington St,Keene,NH,03431,42.93816,-72.27673
Clinton Northern Railway Museum,107 E Railroad St,Saint Johns,MI,48879,43.00458,-84.55812
Fort Delaware Museum,6615 State Route 97,Narrowsburg,NY,12764,41.66659,-75.04784
Fred Harman Art Museum,85 Harman Park Dr,Pagosa Springs,CO,81147,37.26664,-107.05231
Repaupo Fire Museum,7 Repaupo Station Rd,Swedesboro,NJ,08085,39.800297,-75.29954
Dinosaur Museum,8973 S Highway 16,Rapid City,SD,57702,43.99088,-103.269844
Warren County History Museum,238 S Sunny Ln,Monmouth,IL,61462,40.9105,-90.66055
American Prohibition Museum,209 W Saint Julian St,Savannah,GA,31401,32.080574,-81.094475
Puget Sound Navy Museum,251 1st St,Bremerton,WA,98337,47.563393,-122.62648
Bergen Museum Of Art & Science,200 Lafayette Ave,Suffern,NY,10901,41.113934,-74.14081
American Museum-Natrl History,125 New York Ave,Ogdensburg,NY,13669,44.693268,-75.4986
The Car and Carriage Caravan Museum,1110 Airport Rd,Luray,VA,22835,38.668148,-78.49626
Columbia Museum,375 Sabine St,Hemphill,TX,75948,31.345783,-93.84439
Trenton City Museum,Cadwalder Park,Trenton,NJ,08618,40.2413,-74.7831
Shoshone-Bannock Tribal Museum,Exit 80  Fort Hall Reservation,Pocatello,ID,83203,42.9995,-112.2684
Sparks Museum & Cultural Center,814 Victorian Ave,Sparks,NV,89431,39.53502,-119.75354
Rock N Roll Museum,113 E 2nd St,Clarksdale,MS,38614,34.202866,-90.57452
Piatt County Museum,315 W Main St,Monticello,IL,61856,40.024864,-88.57411
Illinois Railway Museum,7000 Olson Rd,Union,IL,60180,42.228226,-88.53051
Swc Museum Corp,1399 Roxbury Dr,Los Angeles,CA,90035,34.05428,-118.402565
Harford Barn Museum,15 S Lake Ave,Bergen,NY,14416,43.083874,-77.94261
Elizabeth Historical Museums,231 N Main St,Elizabeth,IL,61028,42.318893,-90.22226
MY Garage Museum & Retail Store,2900 N 3rd St,Effingham,IL,62401,39.162323,-88.52565
Bob Campbell Geology Museum,140 Discovery Ln,Clemson,SC,29634,34.670795,-82.82648
Piccadilly Museum of Transportation,20 W Broadway St,Butte,MT,59701,46.013527,-112.53641
Great Basin Museum,45 W Main St,Delta,UT,84624,39.35225,-112.57626
Drake House Museum,602 W Front St,Plainfield,NJ,07060,40.613388,-74.431725
The Lock Museum of America,230 Main St,Bristol,CT,06010,41.672676,-72.94253
Blacksmith Shop Museum,107 Dawes Rd,Dover Foxcroft,ME,04426,45.203983,-69.257126
University-ND Zoology Museum,10 Cornell St,Grand Forks,ND,58202,47.91944,-97.06773
Women's Sports Museum Inc,401 S Palm Ave,Sarasota,FL,34236,27.332474,-82.54081
Buffalo Bill Museum and Grave,987 Lookout Mountain Rd,Golden,CO,80401,39.73175,-105.238495
Alabama Agricultural Museum Boar,430 Landmark Dr,Dothan,AL,36303,31.288033,-85.36634
Oklahoma Sports Museum,315 W Oklahoma Ave,Guthrie,OK,73044,35.877914,-97.42787
Harn Museum of Art,4508 Main St,Union Gap,WA,98903,46.539944,-120.476494
Wyoming Pioneer Memorial Museum,400 W Center St,Douglas,WY,82633,42.8544,-105.3742
Hessel Museum of Art,33 Garden Rd,Red Hook,NY,12571,42.019512,-73.91313
Charles M Bair Family Museum,2751 Highway 294,Martinsdale,MT,59053,46.469315,-110.31443
County Government Historical Museum,PO Box 30,Lodi,CA,95241,38.1218,-121.2923
Ritz Theatre & Lavilla Museum,829 N Davis St,Jacksonville,FL,32202,30.335049,-81.66703
Museum Cntmprary Art San Diego,1100 & 1001 Kettner Blvd,La Jolla,CA,92037,32.8458,-117.2531
Anonkas Witch Museum,119 N State St,Caro,MI,48723,43.48925,-83.39626
Old Mill Museum,7 Main St,Moreland,GA,30259,33.285843,-84.76985
Barber Vintage Motorsport Museum,6030 Barber Motorsports,Leeds,AL,35094,33.533604,-86.622574
Gaithersburg Community Museum,9 S Summit Ave,Gaithersburg,MD,20877,39.141453,-77.193344
Western Museums Association,6060 Wilshire Blvd,Los Angeles,CA,90036,34.062702,-118.36077
Jensen Arctic Museum,226 S Main St,Independence,OR,97351,44.85175,-123.184685
Meriden Historical Museum,1090 Hanover Ave,Meriden,CT,06451,41.516434,-72.82506
Louden-Henritze Archaeology Museum,600 Prospect St,Trinidad,CO,81082,37.171528,-104.51359
Polk County Historical Museum,100 E Main St,Bartow,FL,33830,27.896574,-81.84314
Emil A Blackmore Museum,700 N Pennsylvania St,Indianapolis,IN,46204,39.776867,-86.15605
New Netherland Museum,103 Rosewood Dr,Lumberton,NC,28358,34.641823,-79.00374
Historic John Brown Museum,17620 John Brown Rd,Guys Mills,PA,16327,41.71779,-79.95062
Paine House Museum,7 Station St,Coventry,RI,02816,41.69127,-71.56439
Lincoln Parish Museum,609 N Vienna St,Ruston,LA,71270,32.53393,-92.637886
Petty Richard Museum,142 W Academy St,Randleman,NC,27317,35.818085,-79.80592
Alaska Jewish Museum,1221 E 35th Ave,Anchorage,AK,99508,61.189514,-149.85986
Old Jail Museum,307 Town Sq,Greenwood,AR,72936,35.21285,-94.25469
Hoosier Valley Railroad Museum,507 Mulberry St,North Judson,IN,46366,41.220078,-86.7737
Letcher Veterans Memorial Museum,360 Main St,Whitesburg,KY,41858,37.117474,-82.82497
Carroll County Farm Museum,500 S Center St,Westminster,MD,21157,39.558,-76.99261
Amelia Island Museum of History,233 S 3rd St,Fernandina Beach,FL,32034,30.668268,-81.4636
Parke County Museum,503 W Ohio St,Rockville,IN,47872,39.762383,-87.233116
Sod House Museum,4610 Robb St,Wheat Ridge,CO,80033,39.781036,-105.12595
Waterman's Museum,20880 Rock Hall Ave,Rock Hall,MD,21661,39.140102,-76.250694
Illinois Holocaust Museum,9625 Woods Dr,Skokie,IL,60077,42.05703,-87.761024
Ashtabula Marine Museum,PO Box 1546,Ashtabula,OH,44005,41.8805,-80.7983
Alloway History Museum,49 S Greenwich St,Alloway,NJ,08001,39.558502,-75.361465
Great Plains Dinosaur Museum,405 N 1st St E,Malta,MT,59538,48.360527,-107.86782
KidZone Museum,11711 Donner Pass Rd,Truckee,CA,96161,39.325947,-120.214195
Holt Heritage Museum,6800 Highway 12 W,Lolo,MT,59847,46.75748,-114.0895
West End Hose Co Museum & Fire,1046 Howard Ave,Biloxi,MS,39530,30.398449,-88.90061
Kilcher Homestead Living Museum,Kilcher Rd,Homer,AK,99603,59.721283,-151.25615
Enchanted World Doll Museum,212 E 5th Ave,Mitchell,SD,57301,43.71361,-98.023766
Jacksonville Fire Museum,1406 Gator Bowl Blvd,Jacksonville,FL,32202,30.32153,-81.6414
Central Wisconsin Children's Museum,1100 Main St,Stevens Point,WI,54481,44.52357,-89.58338
Bellflower Village and Museum,210 N Latcha St,Bellflower,IL,61724,40.341778,-88.52578
Triton Museum of Art,1505 Warburton Ave,Santa Clara,CA,95050,37.35582,-121.95478
Antique Boat Museum,750 Mary St,Clayton,NY,13624,44.238064,-76.08895
Dubois County Museum,2704 Newton St,Jasper,IN,47546,38.413773,-86.93777
Mizel Museum,1625 Broadway,Denver,CO,80202,39.742443,-104.98758
Michener Art Museum,138 Spring Lake Dr,Doylestown,PA,18901,40.296715,-75.18379
Tenderloin Museum,398 Eddy St,San Francisco,CA,94102,37.78389,-122.41411
Stillwater High School Museum,315 W 8th Ave,Stillwater,OK,74074,36.113346,-97.06223
Hartmann Model Railroad Museum,15 Town Hall Rd,Intervale,NH,03845,44.102734,-71.14886
Heritage Trail Museum,1010 6th St S,Naples,FL,34102,26.135677,-81.79829
Rodef American Jewish Museum,4905 5th Ave,Pittsburgh,PA,15213,40.447475,-79.94368
Watkins Museum of History,1047 Massachusetts St,Lawrence,KS,66044,38.964874,-95.23609
Depot Museum,Railroad Street,Enterprise,AL,36330,31.313637,-85.85436
Museum of Anthropology,115 W Business Loop 70,Columbia,MO,65203,38.965366,-92.33892
Franklin Heritage Museum,95 Main St,Franklin,NJ,07416,41.12185,-74.58598
Iron County Historical Museum,100 Brady Ave,Caspian,MI,49915,46.065388,-88.62705
Coopers Shed Museum,7159 Scandia Rd,Russell,PA,16345,41.939056,-79.01327
Tucumcari Historical Museum,416 S Adams St,Tucumcari,NM,88401,35.175278,-103.723366
Clayton Historical Society Museum,6101 Main St,Clayton,CA,94517,37.941357,-121.93499
The Grace Museum,102 Cypress St,Abilene,TX,79601,32.44965,-99.73447
African American Civil War Museum,1925 Vermont Ave NW,Washington,DC,20001,38.916145,-77.02551
Baltimore Streetcar Museum,1911 Falls Rd,Baltimore,MD,21211,39.311836,-76.62049
Muhammad Ali Museum and Education,144 N 6th St,Louisville,KY,40202,38.25831,-85.75979
Flavel House Museum,441 8th St,Astoria,OR,97103,46.188095,-123.83494
Louis H & Lena Firn Grover Museum,52 W Broadway St,Shelbyville,IN,46176,39.523083,-85.77873
Childrens Museum,2121 Childrens Museum Dr,Denver,CO,80211,39.751057,-105.0159
Missoula Art Museum,335 N Pattee St,Missoula,MT,59802,46.872375,-113.99239
Piper Aviation Museum,1 Piper Way,Lock Haven,PA,17745,41.133728,-77.42591
Berkeley Museum,950 Stony Landing Rd,Moncks Corner,SC,29461,33.19399,-79.97483
Derfner Judaica Museum,5901 Palisade Ave,Bronx,NY,10471,40.909286,-73.90838
William Root House Museum & Garden,145 Denmead St NE,Marietta,GA,30060,33.953663,-84.55203
Folsom Prison Museum,PO Box 214222,Sacramento,CA,95821,38.6235,-121.3859
Canastota Canal Town Museum,122 Canal St,Canastota,NY,13032,43.079628,-75.75204
Jerome County Historical Museum,220 N Lincoln Ave,Jerome,ID,83338,42.725403,-114.51828
Macartney House Museum,25 Main St,Oakland,ME,04963,44.54783,-69.71551
Eddy County Museum Historical,1115 1st Ave N,New Rockford,ND,58356,47.681316,-99.144
Marinette County Historical Museum,PO Box 262,Marinette,WI,54143,45.099,-87.6337
Whaling Museum,279 Main St,Huntington,NY,11743,40.87128,-73.42691
Odebolt Museum,512 2nd St,Ida Grove,IA,51445,42.34526,-95.471695
Museums of Old York,207 York St,York,ME,03909,43.144306,-70.652405
C. M. Russell Museum,400 13th St N,Great Falls,MT,59401,47.509754,-111.28528
World Aids Museum,1201 NE 26th St,Wilton Manors,FL,33305,26.159668,-80.13058
Buckeye Telephone Museum,581 Bellefontaine Ave,Marion,OH,43302,40.577023,-83.13856
Warbirds West Air Museum,1942 Joe Crosson Dr,El Cajon,CA,92020,32.82342,-116.96992
South Park City Museum,100 4th St,Fairplay,CO,80440,39.225266,-106.00355
Bountiful Historic Museum,845 S Main St,Bountiful,UT,84010,40.881157,-111.88051
Wilderness Wildlife Museum,147 Kesler Dr,Rector,PA,15677,40.171307,-79.280914
Metropolitan Museum of Artshop,Short Hills Mall,Short Hills,NJ,07078,40.7379,-74.366974
Oregon Depot Museum,205 N 14th St,Oregon,IL,61061,42.017498,-89.34534
West Tennessee Agricultural Museum,3 Ledbetter Gate Rd,Milan,TN,38358,35.934353,-88.72943
James M Thomas Museum,68 E Main St,Chillicothe,OH,45601,39.33337,-82.97999
Illinois Citizen Soldier Museum,1001 Michigan Ave,Galesburg,IL,61401,40.93377,-90.34083
Tippecanoe Battlefield Museum,200 Battleground Ave,Battle Ground,IN,47920,40.506042,-86.84339
Bearded Lady's Mystic Museum,3204 W Magnolia Blvd,Burbank,CA,91505,34.16936,-118.342064
Webb House Museum,303 Granville St,Newark,OH,43055,40.062542,-82.41823
Museum of Jewish Heritage,36 Battery Pl,New York,NY,10280,40.70554,-74.01803
Albany Firefighters Museum,384 Broadway,Albany,NY,12207,42.6477,-73.75061
Charles H Templeton Music Museum,Mitchell Memorial Library,Mississippi State,MS,39762,33.4538,-88.7941
Eyaawing Museum & Cultural Center,2304 N West Bay Shore Dr,Suttons Bay,MI,49682,45.015015,-85.608826
Beecher Depot Museum,Reed Street,Beecher,IL,60401,41.339962,-87.63047
Huhugam Ki Museum,10005 E Osborn Rd,Scottsdale,AZ,85256,33.487625,-111.86459
Liberal Hall Museum,67 W Main St,Mount Pleasant,UT,84647,39.546677,-111.45669
Rio Ruidoso River Museum,101 Mechem Dr,Ruidoso,NM,88345,33.334587,-105.68141
Arts Chateau Museum,321 W Broadway St,Butte,MT,59701,46.013447,-112.541
Museum of Vision,655 Beach St,San Francisco,CA,94109,37.80667,-122.41939
Idaho Heritage Museum,2390 Highway 93,Twin Falls,ID,83301,42.304966,-114.57451
Daniel Hertzler House Museum,5638 Lower Valley Pike,Springfield,OH,45502,39.901775,-83.921745
Grand Army Museum,58 Andrew St,Lynn,MA,01901,42.463367,-70.94811
Hawaii State Art Museum,250 S Hotel St,Honolulu,HI,96813,21.308212,-157.8587
Oakridge Pioneer Museum,76433 Pine St,Oakridge,OR,97463,43.74746,-122.460045
Depaul Art Museum,935 W Fullerton Ave,Chicago,IL,60614,41.925278,-87.65248
Brims Childrens Museum,2625 Scottsville Rd,Bowling Green,KY,42104,36.950073,-86.42526
Junipero Serra Museum,2727 Presidio Dr,San Diego,CA,92103,32.759525,-117.19412
Belton Museum,100 N Main St,Honea Path,SC,29654,34.448376,-82.39388
Silvercreek Museum 2954 S Walnut Rd,2954 S Walnut Rd,Freeport,IL,61032,42.259186,-89.62118
O. Winston Link Museum,101 Shenandoah Ave NE,Roanoke,VA,24016,37.273735,-79.938126
Hotel De Paris Museum,409 6th St,Georgetown,CO,80444,39.70596,-105.69514
Museum of Arts & Design,1200 Morris Tpke,Short Hills,NJ,07078,40.7379,-74.366974
Pinnacle Museum Tower,690 W B St,San Diego,CA,92101,32.7179,-117.16884
James Whitcomb Riley Museum Home,528 Lockerbie St,Indianapolis,IN,46202,39.772102,-86.147995
Foresthill Divide Museum,24601 Harrison St,Foresthill,CA,95631,39.021538,-120.816986
Fair Bluff Depot Museum,339 Railroad St,Fair Bluff,NC,28439,34.314785,-79.030785
Madison Valley History Museum,121 W Main St,Ennis,MT,59729,45.348648,-111.73075
Roxeby Museum,4334 Route 7,Ferrisburgh,VT,05456,44.222504,-73.23895
Tropic Lightning Museum,Waianae Ave,Wahiawa,HI,96786,21.49822,-158.05786
Pony Express Nationall Museum,914 Penn St,Saint Joseph,MO,64503,39.75617,-94.84906
US Army Womens Museum,2100 A Ave,Fort Lee,VA,23801,37.242863,-77.345505
Louisiana Children's Museum,420 Julia St,New Orleans,LA,70130,29.944946,-90.068016
The Somali Museum of Minnesota,1516 E Lake St Ste 11,Minneapolis,MN,55407,44.948505,-93.25279
Museum Store,13 N Wall St,Cartersville,GA,30120,34.16649,-84.79561
Hampton County Museum,702 1st St W,Hampton,SC,29924,32.865322,-81.11129
Art At Work Museum Sales,2316 W 1st Ave,Spokane,WA,99201,47.656605,-117.44628
Fort Devens Museum,94 Jackson Rd,Devens,MA,01434,42.539738,-71.6218
Chetopa Historical Museum,419 Maple St,Chetopa,KS,67336,37.037056,-95.08799
Firehouse Ministries Fire Museum,403 W 2nd St,Rock Falls,IL,61071,41.780228,-89.69505
International Cryptozoology Museum,4 Thompsons Pt Ste 106,Portland,ME,04102,43.65175,-70.29079
Wings of History Museum,5208 134th Pl NE,Bellevue,WA,98005,47.656303,-122.16065
Chicago Blues Museum,PO Box 81401,Chicago,IL,60681,41.8372,-87.6851
Southold Historical Soc & Museum,Maple Ln,Southold,NY,11971,41.064865,-72.42337
Peteetneet Academy and Museum,10 S 600 E,Payson,UT,84651,40.042328,-111.72362
Historic Arkansas Museum,200 E 3rd St,Little Rock,AR,72201,34.746075,-92.26918
Knik Museum & Musher's Hall of Fame,Mile 13.9 Knik Goosebay Rd,Wasilla,AK,99654,61.595,-149.4022
Stonewall Museum,2157 Wilton Dr,Wilton Manors,FL,33305,26.155334,-80.13959
The Strong National Museum Of Play,1 Manhattan Square Dr,Rochester,NY,14607,43.15322,-77.60121
Healdsburg Museum,250 Kennedy Ln,Healdsburg,CA,95448,38.6015,-122.86385
RCR Museum & Gift Shop,236 Industrial Dr,Welcome,NC,27374,35.9027,-80.2572
Crra Garbage Museum,1410 Honeyspot Road Ext,Stratford,CT,06615,41.168972,-73.15397
Bartlesville Area History Museum,401 S Johnstone Ave,Bartlesville,OK,74003,36.749874,-95.97787
Museum Of The San Feenando Valley,18860 Nordhoff St,Northridge,CA,91324,34.235367,-118.54416
Curb Motorsports and record Museum,600 Dale Earnhardt Blvd,Kannapolis,NC,28081,35.49219,-80.63197
Lake Eustis Museum of Art,1 W Orange Ave,Eustis,FL,32726,28.852829,-81.6864
Bushton Museum,218 S Main St,Bushton,KS,67427,38.513042,-98.39727
Clinton Academy Museum,151 Main St,East Hampton,NY,11937,40.958508,-72.19059
Alfred Ceramic Art Museum,2 Pine St,Alfred,NY,14802,42.256165,-77.78766
Alexandria Archaeology Museum,105 N Union St,Alexandria,VA,22314,38.80443,-77.04003
Kate Shelley Railroad Museum,1198 232nd St,Boone,IA,50036,42.01947,-93.932594
Children's Museum of Winston-Salem,390 South Liberty Street,Winston Salem,NC,27101,36.09185,-80.24441
The Metropolitan Museum of Art,8 E 82nd St,New York,NY,10028,40.778625,-73.96192
Beaverhead County Museum,125 S Montana St,Dillon,MT,59725,45.21668,-112.638916
Bayou Children's Museum,211 Rue Betancourt,Thibodaux,LA,70301,29.773336,-90.80082
Meadowcroft Museum of Rural Life,401 Meadowcroft Rd,Avella,PA,15312,40.28524,-80.49319
Maaps Military Museum,3077 Mitchell Dr,Malden,MO,63863,36.59984,-89.989685
McCook House Museum,15 S Lisbon St,Carrollton,OH,44615,40.572575,-81.08594
Cherry Valley Museum,49 Cherry St,Cherry Valley,NY,13320,42.7793,-74.7386
Pequot Museum Cafe,110 Pequot Trl,Mashantucket,CT,06338,41.46622,-71.959305
Fall River Fire Museum Inc,1181 N Main St,Fall River,MA,02720,41.716976,-71.1497
SWC Museum Corp,10250 Constellation Blvd Fl 19,Los Angeles,CA,90067,34.0575,-118.41734
Thomas Warne Museum,4216 Highway 516,Matawan,NJ,07747,40.406513,-74.279015
Iowa Tribe Museum/Cultural Center,2338 330th St,White Cloud,KS,66094,39.98741,-95.371086
Marion County Museum,307 W Dozier St,Marion,SC,29571,34.179398,-79.40383
Plantation Historical Museum,511 N Fig Tree Ln,Plantation,FL,33317,26.128666,-80.22786
Coos County Logging Museum,705 24th St,Myrtle Point,OR,97458,43.061962,-124.12244
Patton Museum Foundation,133 Gold Vault Rd,Fort Knox,KY,40121,37.882328,-85.96118
Montague Depot Museum,230 N 11th St,Montague,CA,96064,41.729946,-122.526634
Katonah Museum of Art Inc,26 Bedford Rd,Katonah,NY,10536,41.258087,-73.68504
Leelanau Historical Museum,203 Cedar St,Leland,MI,49654,45.022236,-85.76189
Hip Hop Hall of Fame Museum,131 W 35th St,New York,NY,10001,40.751205,-73.98865
Veteran's Tribute and Museum,3831 W Vine St,Kissimmee,FL,34741,28.304674,-81.44176
Mendota Museum & Historical,683 Main St,Mendota,IL,61342,41.547905,-89.11824
Georgia Museum of Art,90 Carlton St,Athens,GA,30602,33.940285,-83.37041
U. S. Army Aviation Museum,6000 S Novasel St,Fort Rucker,AL,36362,31.332361,-85.71205
Junaluska Memorial Museum,5510 Six Forks Rd,Raleigh,NC,27609,35.85661,-78.64082
Broadwater County Museum,133 N Walnut St,Townsend,MT,59644,46.321907,-111.51543
Red Onion Saloon Brothel Museum,205 Broadway,Skagway,AK,99840,59.453957,-135.31839
Roanoke Canal Museum and Trail,15 Jackson St,Roanoke Rapids,NC,27870,36.47446,-77.64819
Clement Railroad Hotel Museum,100 Frank Clement Pl,Dickson,TN,37055,36.075504,-87.38923
Kearney Area Chidlren's Museum,2005 1st Ave,Kearney,NE,68847,40.685177,-99.08322
Osgood Historical Museum,136 S Buckeye St,Osgood,IN,47037,39.12896,-85.29113
Northampton County Museum Inc,203 W Jefferson St,Jackson,NC,27845,36.38951,-77.42194
History of Pharmacy Museum,1703 E Mabel St,Tucson,AZ,85719,32.238804,-110.946655
University of Nebraska State Museum,14th U St,Lincoln,NE,68503,40.8232,-96.6766
National Building Museum,401 F St NW,Washington,DC,20001,38.897472,-77.0163
Celebrity Car Museum,1600 W 76 Country Blvd,Branson,MO,65616,36.641243,-93.24701
Spafford House Museum,27340 W River Rd,Perrysburg,OH,43551,41.546413,-83.66434
Loln County Museum,69 Main St,Pioche,NV,89043,37.938984,-114.44746
Dawes County Historical Museum,341 Country Club Rd,Chadron,NE,69337,42.794033,-103.01854
Granville Museum,169 Clover St,Granville,TN,38564,36.271782,-85.796875
Musbach Museum,439 Main St,Scribner,NE,68057,41.669296,-96.66593
Gallatin History Museum,317 W Main St,Bozeman,MT,59715,45.67943,-111.041756
Museum Data Solutions,16 N Shannon Ave,Athens,OH,45701,39.338757,-82.088875
Adsmore Museum,304 N Jefferson St,Princeton,KY,42445,37.11052,-87.88085
Kehila Kedosha Jania Museum,280 Broome St,New York,NY,10002,40.71859,-73.99127
Dunn Area History Museum,511 N Ellis Ave,Dunn,NC,28334,35.314957,-78.61249
Flagg Township Museum,518 4th Ave,Rochelle,IL,61068,41.92261,-89.067245
Florence County Museum,111 West Cheves Street,Florence,SC,29501,34.19562,-79.76627
Paw Paw Museum,98 N Main St,Port Deposit,MD,21904,39.60778,-76.118416
Kent Delord House Museum,17 Cumberland Ave,Plattsburgh,NY,12901,44.7004,-73.44801
Minnesota Transportation Museum Inc,2330 E 42nd St,Minneapolis,MN,55406,44.927067,-93.237785
Wyoming National Guard Museum,624 E Pershing Blvd,Cheyenne,WY,82001,41.146103,-104.81517
Baker Block Museum,PO Box 186,Baker,FL,32531,30.8511,-86.6874
City of Caldwell Van Slyke Museum,621 Harrison St,Caldwell,ID,83605,43.66207,-116.69562
History Museum-Monroe County,724 Elaine Dr,Waterloo,IL,62298,38.326088,-90.15171
Air Mobility Command Museum,1301 Heritage Rd,Dover Afb,DE,19902,39.113068,-75.44944
Gloucester Museum of History,6539 Main St,Gloucester,VA,23061,37.41474,-76.52861
Kentucky Museum,1400 Kentucky St,Bowling Green,KY,42101,36.989716,-86.45292
Museum Of Science & History,3050 Central Ave,Memphis,TN,38111,35.123695,-89.95998
Vermilion County War Museum,307 N Vermilion St,Danville,IL,61832,40.12938,-87.6298
National Firearms Museum,11250 Waples Mill Rd,Fairfax,VA,22030,38.863197,-77.33618
Historic Dumas Brothel Museum,45 E Mercury St,Butte,MT,59701,46.011486,-112.53437
Wilmington Railroad Museum,505 Nutt St Ste 6,Wilmington,NC,28401,34.24169,-77.95037
Timken Museum of Art,1500 El Prado,San Diego,CA,92101,32.731606,-117.15058
The Andy Warhol Museum,117 Sandusky St,Pittsburgh,PA,15212,40.448303,-80.00236
Museum of Newport History,127 Thames St,Newport,RI,02840,41.48984,-71.3154
Computer History Museum,1401 N Shoreline Blvd,Mountain View,CA,94043,37.41456,-122.07781
Marshall House Museum,107 N State St,Dayton,PA,16222,40.880695,-79.24241
National Museum of Patriotism,1405 Spring St NW,Atlanta,GA,30309,33.793003,-84.38899
The Foster Museum,940 Commercial St,Palo Alto,CA,94303,37.423656,-122.09987
Minnesota Children's Museum,10 7th St W,Saint Paul,MN,55102,44.947945,-93.09688
Mc Laughlin Motorcar Museum,2910 7th St,Parkersburg,WV,26101,39.26894,-81.51851
National Museum of Wood Carving,12111 US Highway 16,Custer,SD,57730,43.751457,-103.6347
The Money Museum,1 Memorial Dr,Kansas City,MO,64108,39.07669,-94.58695
Antique Motorcycle Museum,139 Walnut St,Plymouth,IN,46563,41.45873,-86.308876
Louisiana Art & Science Museum,100 S River Rd,Port Allen,LA,70767,30.452465,-91.20259
Governor's Mansion Museum,612 S Marshall Ave,Marshall,MI,49068,42.265648,-84.95438
Museum of Anthropology,2008 Pettis Dr,Columbia,MO,65202,38.97207,-92.25929
Age of Steam Roundhouse Museum,213 Smokey Lane Rd SW,Sugarcreek,OH,44681,40.479996,-81.665726
Chatham Railroad Museum,100 N State St,Chatham,IL,62629,39.675377,-89.70304
Mesick Area Historical Museum,5351 N M 37,Mesick,MI,49668,44.415264,-85.699196
Molokai Museum & Cultural Center,Kalae Hwy,Kualapuu,HI,96757,21.150774,-157.03856
Bradley Academy Museum,415 S Academy St,Murfreesboro,TN,37130,35.842293,-86.38931
Thomas Edison Depot Museum,510 Edison Blvd,Port Huron,MI,48060,43.01423,-82.42832
Evansville Wartime Museum,7503 Petersburg Rd,Evansville,IN,47725,38.042522,-87.53661
Dupont Historical Museum,207 Barksdale Ave,Dupont,WA,98327,47.095165,-122.62783
Ryerss Museum & Library,7370 Central Ave,Philadelphia,PA,19111,40.067104,-75.088745
Friends of Amory Regional Museum,801 Front St S,Amory,MS,38821,33.97704,-88.48351
Unionville Museum,215 Farmington Ave,Farmington,CT,06032,41.737465,-72.79363
Museum of Modern Art Design Store,44 W 53rd St,New York,NY,10019,40.761215,-73.97808
Seward House Museum,33 South St,Auburn,NY,13021,42.929127,-76.566124
Children's Museum of Richmond,1 Penn Sq,Lancaster,PA,17602,40.038116,-76.3059
Dell Rapids Museum,407 E 4th St,Dell Rapids,SD,57022,43.82321,-96.71168
Old Church Museum,2028 Old Main St,Maysville,KY,41056,38.61599,-83.80847
National Veterans Art Museum,1801 S Indiana Ave,Chicago,IL,60616,41.8578,-87.622086
Industrial Machine Shop Museum,4321 220th Trl,Amana,IA,52203,41.809612,-91.84776
Placer County Museums Division,32820 Main St,Dutch Flat,CA,95714,39.20693,-120.837746
Longport Historical Museum,2301 Atlantic Ave,Atlantic City,NJ,08401,39.357643,-74.43953
Minnesota Transportation Museum,501 Highway 7,Excelsior,MN,55331,44.880074,-93.63451
Frank L Horton Museum Center,924 S Main Street Old Sale,Winston Salem,NC,27101,36.1042,-80.2221
Calico Rock Museum & Visitor Center,104 Main St,Calico Rock,AR,72519,36.116802,-92.14303
Lower East Side Tenement Museum,103 Orchard St,New York,NY,10002,40.718647,-73.99015
Hawthorne Ordnance Museum,925 E St,Hawthorne,NV,89415,38.531075,-118.62485
Pennsylvania Lumber Museum,5660 Us 6 W,Ulysses,PA,16948,41.7785,-77.8275
Tall Grass Museum Service,1407 N 1100 Rd,Lawrence,KS,66046,38.898968,-95.23945
Hulett Museum,115 State Highway 112,Hulett,WY,82720,44.68089,-104.61007
Hollys Follies Miniature Museum,30 Bayberry Ln,Lexington,VA,24450,37.763546,-79.46122
University of Nebraska State Museum,1335 U St,Lincoln,NE,68588,40.820152,-96.70751
Museum of Contemporary Art,250 S Grand Ave,Los Angeles,CA,90012,34.05356,-118.25045
Flat River Historical Museum,213 N Franklin St,Greenville,MI,48838,43.182564,-85.25499
Southern Food & Beverage Museum,1504 Oretha Castle Haley Blvd,New Orleans,LA,70113,29.94091,-90.07914
Timberlake & Area Museum,800 Main St,Timber Lake,SD,57656,45.429325,-101.07373
Surratt House Museum,9118 Brandywine Rd,Clinton,MD,20735,38.76502,-76.89776
Georgetown Powerplant Museum,6605 13th Ave S,Seattle,WA,98108,47.54409,-122.31643
Jewish Childrens Museum,792 Eastern Pkwy,Brooklyn,NY,11213,40.66906,-73.941986
Forest Heritage Center & Museum,Us Highway 259a,Broken Bow,OK,74728,34.1244,-94.7863
Folsom Museum,101 Main St,Folsom,NM,88419,36.844894,-103.91618
Museum of the Marine,907 Lejeune Blvd,Jacksonville,NC,28540,34.748745,-77.41636
American Independence Museum,1 Governors Ln,Exeter,NH,03833,42.981724,-70.94908
Augusta Historical Museum,303 State St,Augusta,KS,67010,37.67382,-96.97913
Upper Peninsula Children's Museum,123 W Baraga Ave,Marquette,MI,49855,46.540714,-87.394295
The Bessemer Hall of History Museum,1905 Alabama Ave,Bessemer,AL,35020,33.40131,-86.95013
Anthropology Museum Of Peo New York,64 Kissena Blvd,Flushing,NY,11367,40.73555,-73.814766
Museum of Friends,109 E 6th St,Walsenburg,CO,81089,37.623814,-104.779945
Santa Fe Childrens Museum,1050 Old Pecos Trl,Santa Fe,NM,87505,35.673286,-105.936676
Richard H. Driehaus Museum,40 E Erie St,Chicago,IL,60611,41.89424,-87.62644
Fulton County Schools North Museum,791 Mimosa Blvd,Roswell,GA,30075,34.020348,-84.363174
Veterans Memorial Museum,1250 W 76 Country Blvd,Branson,MO,65616,36.640118,-93.24096
Morro Bay Skateboard Museum,699 Embarcadero,Morro Bay,CA,93442,35.364807,-120.85307
Woodruff Museum of Indian Artifacts,150 E Commerce St,Bridgeton,NJ,08302,39.428658,-75.23191
Brooklyn Wooden Boatbuilding Museum,16 W 19th St,New York,NY,10011,40.739464,-73.992645
Wilkes Heritage Museum,100 E Main St,Wilkesboro,NC,28697,36.148575,-81.151405
American Civil War Museum of Ohio,217 S Washington St,Tiffin,OH,44883,41.11175,-83.175934
Skowhegan History House Museum,66 Elm St,Skowhegan,ME,04976,44.765522,-69.72509
Fort Bridger State Museum,37000 I80 Business Loop,Fort Bridger,WY,82933,41.31844,-110.38871
Seabee Museum and Memorial Park,21 Iafrate Way,North Kingstown,RI,02852,41.60693,-71.450035
Isaiah Davenport House Museum,324 E State St,Savannah,GA,31401,32.077362,-81.08821
The Algonac Clay Community Museum,1240 Saint Clair River Dr,Algonac,MI,48001,42.61919,-82.53002
Slaughter Ranch Museum,6153 Geronimo Trl,Douglas,AZ,85607,31.356619,-109.25507
Museum and Archives,333 Humboldt St,Rochester,NY,14610,43.153637,-77.559525
Gar Memorial Hall & Museum,224 S Main St,Eaton Rapids,MI,48827,42.511177,-84.65599
Jesse James Home Museum,1202 Penn St,Saint Joseph,MO,64503,39.756134,-94.8453
Tampa Baseball Museum,2003 N 19th St,Tampa,FL,33605,27.961842,-82.43783
Mead-Needham Museum Inc,300 S Main St,Pataskala,OH,43062,39.99689,-82.674866
Sawyer County Historical Museum,15715 W County Road K,Hayward,WI,54843,45.914776,-91.48177
Arthur M. Sackler Museum,485 Broadway,Cambridge,MA,02138,42.3748,-71.114105
Michener Art Museum,1860 Forest Hill Blvd,West Palm Beach,FL,33406,26.651087,-80.07889
Morgantown History Museum,175 Kirk St,Morgantown,WV,26505,39.6279,-79.95725
Holy Name Heights Museum,706 S High Point Rd,Madison,WI,53719,43.051365,-89.51812
Brockton Fire Museum,216 N Pearl St,Brockton,MA,02301,42.09688,-71.06582
Pioneer Woman Museum,701 Monument Rd,Ponca City,OK,74604,36.710556,-97.06533
Museum of Biological Diversity,1315 Kinnear Rd,Columbus,OH,43212,39.998123,-83.044
Wings of Freedom Aviation Museum,1155 Easton Rd,Horsham,PA,19044,40.201035,-75.13929
Phillips Petroleum Company Museum,410 S Keeler Ave,Bartlesville,OK,74003,36.749676,-95.978905
Oldest House Museum,14 Saint Francis St,Saint Augustine,FL,32084,29.888123,-81.31009
Museum of the Rockies,1501 S 11th Ave,Bozeman,MT,59715,45.66471,-111.05225
Greene County Museum,107 NW Third St,Snow Hill,NC,28580,35.454796,-77.67194
Working Waterfront Museum,705 Dock St,Tacoma,WA,98402,47.25785,-122.4373
Mcpherson County Old Mill Museum,120 E Mill St,Lindsborg,KS,67456,38.56607,-97.67483
Pan-Handle Plains Museum,4475 County Road 17,Clarendon,TX,79226,34.945198,-100.79513
Benzie Area Historical Museum,6941 Traverse Ave,Benzonia,MI,49616,44.617504,-86.10017
New Castle Court House Museum,211 Delaware St,New Castle,DE,19720,39.659767,-75.56369
Osage Nation Museum Gift Shop,819 Grandview Ave,Pawhuska,OK,74056,36.66704,-96.33953
Cole Cty Hist Soc & Museum,109 Madison St,Jefferson City,MO,65101,38.577824,-92.16892
Karpeles Manuscript Museum,3039 Piqua Ave,Fort Wayne,IN,46806,41.057655,-85.137054
Babbie Rural & Farm Learning Museum,250 River Rd,Peru,NY,12972,44.568523,-73.55333
Grier-Musser Museum,403 S Bonnie Brae St,Los Angeles,CA,90057,34.060555,-118.27124
Milwaukee Public Museum,827 N James Lovell St,Milwaukee,WI,53233,43.040108,-87.92202
Calvert Marine Museum,14200 Solomons Island Rd S,Solomons,MD,20688,38.330097,-76.46429
Hulett Museum,115 State Highway 24,Hulett,WY,82720,44.683727,-104.59894
G I Joe Military Museum-Salute,211 N Herritage St,Kinston,NC,28501,35.26184,-77.582664
Cherokee Historical Museum,101 E Main St,Centre,AL,35960,34.152058,-85.67865
Montana Law Enforcement Museum,212 E Broadway St,Philipsburg,MT,59858,46.331738,-113.29272
Dwarf Car Museum,52954 W Halfmoon Rd,Maricopa,AZ,85139,32.89502,-112.13585
Museum of Natural History,428 N Main St,Blacksburg,VA,24060,37.23187,-80.41615
Flagler Beach Historical Museum,207 S Central Ave,Flagler Beach,FL,32136,29.479935,-81.12773
Fenton History Museum,36 Goode Dr,Fenton,MO,63026,38.51434,-90.43724
Bollinger County Museum,101 Graham St,Marble Hill,MO,63764,37.30865,-89.97426
Fort Dalles Museum,500 W 15th St,The Dalles,OR,97058,45.596275,-121.19697
Ponca Tribe Museum,2548 Park Ave,Niobrara,NE,68760,42.74999,-98.03193
Museum of Aviation,247 Russell Pkwy,Warner Robins,GA,31088,32.593746,-83.62958
East Carbon City Museum,127 Whitmore Dr,East Carbon,UT,84520,39.5449,-110.425
Pride Museum,4101 Dublin Blvd,Dublin,CA,94568,37.705864,-121.87336
Vintage Radio Museum,10808 McKenzie Rd,Fairhope,AL,36532,30.421104,-87.839615
Institute of Living Museum,80 Seymour St,Hartford,CT,06106,41.75425,-72.68058
Cathedral Museum,915 S Clinton St,Fort Wayne,IN,46802,41.0778,-85.1374
Kemerer Museum-Decorative Arts,427 N New St,Bethlehem,PA,18018,40.61943,-75.37872
Museum of Cherokee Strip,4125 W Owen K Garriott Rd,Enid,OK,73703,36.39052,-97.93047
Poarch Band of Creek Indians Museum,5484 Jack Springs Rd,Atmore,AL,36502,31.091385,-87.54741
Amador County Museum,530 Sutter St,Jackson,CA,95642,38.35318,-120.77669
Motorcyclepedia Museum,250 Lake St,Newburgh,NY,12550,41.493942,-74.03159
Military Museum of Los Angeles,4514 Pacific Heights Rd,Oroville,CA,95965,39.47339,-121.57711
Glen Burnie Museum,1985 Jones Rd,Winchester,VA,22602,39.151215,-78.22066
Grove Farm Museum,4050 Nawiliwili Rd,Lihue,HI,96766,21.9631,-159.36751
General Ward Artemus Museum,786 Main St,Shrewsbury,MA,01545,42.29568,-71.69685
Warren County Museum,102 W Walton St,Warrenton,MO,63383,38.810055,-91.14897
Whaling Museum,13 Broad St,Nantucket,MA,02554,41.285538,-70.09861
Bath Historical Society & Museum,1241 N Cleveland Massillon Rd,Akron,OH,44333,41.16925,-81.63666
National Museum Of Women,901 7th St NW,Washington,DC,20001,38.90097,-77.02175
Kodiak Maritime Museum & Art,500 Dog Salmon Bay Rd,Kodiak,AK,99615,57.77886,-152.40892
Museum Sisson,1 N Old Stage Rd,Mount Shasta,CA,96067,41.308945,-122.326805
Museum of Cape Fear,801 Arsenal Ave,Fayetteville,NC,28305,35.054577,-78.89245
Muskegon Museum of Art,296 W Webster Ave,Muskegon,MI,49440,43.23403,-86.25114
Coastal Discovery Museum,70 Honey Horn Dr,Hilton Head Island,SC,29926,32.211918,-80.74371
Museum Quality Disc Framing,832 SW 4th Ave,Portland,OR,97204,45.517555,-122.67685
North East Motor Sports Museum,922 Route 106 N,Loudon,NH,03307,43.347588,-71.46662
Baxter House Museum,67 South St,Gorham,ME,04038,43.67736,-70.44181
Fritch Museum,101 N Robey Ave,Fritch,TX,79036,35.639378,-101.60487
The Mel Fisher Museum,1322 Us Highway 1,Sebastian,FL,32958,27.817766,-80.469315
Conrad-Caldwell House Museum,1402 Saint James Ct,Louisville,KY,40208,38.228966,-85.76339
Old Village Hall Museums,3 Broadway,West Babylon,NY,11704,40.7164,-73.35248
Fine Arts Museums of San Francisco,50 Hagiwara Tea Garden Dr,San Francisco,CA,94118,37.77081,-122.46821
Port of Ludington Maritime Museum,217 S Lakeshore Dr,Ludington,MI,49431,43.954163,-86.459076
National Womens History Museum,205 S Whiting St Ste 254,Alexandria,VA,22304,38.812435,-77.137314
American Classic Arcade Museum,579 Endicott St N,Laconia,NH,03246,43.613804,-71.47797
Liberty Hyde Bailey Museum,903 S Bailey Ave,South Haven,MI,49090,42.392307,-86.26395
Mudpies Childrens Museum,173 Elm St,Buffalo,NY,14203,42.885643,-78.86902
Kline Museum,228 6th Ave,Prescott,IA,50859,41.02294,-94.61124
Custom House Museum,281 Front St,Key West,FL,33040,24.55819,-81.80681
Beyer Home Museum,917 Park Ave,Oconto,WI,54153,44.89292,-87.864716
South Dakota State Railroad Museum,222 Railroad Ave,Hill City,SD,57745,43.934036,-103.573586
Wings & Rotors Air Museum,37350 Sky Canyon Dr,Murrieta,CA,92563,33.57476,-117.13144
Asto Museum of Art,4505 Huntington Dr S,Los Angeles,CA,90032,34.083927,-118.188484
Paris Museum,34 S Main St,Paris,ID,83261,42.225807,-111.40119
NAPA Valley Museum,100 California Dr,Yountville,CA,94599,38.39643,-122.3613
Tabor House and Civil War Museum,138 Spring St,Ellijay,GA,30540,34.69472,-84.483734
Museum of Missouri Military History,2405 Logistics Rd,Jefferson City,MO,65101,38.550266,-92.07332
Art Shufa Museum,362 Hanover Ave,Oakland,CA,94606,37.802803,-122.249825
Leepa-Rattner Museum Of Art,600 E Klosterman Rd,Tarpon Springs,FL,34689,28.122786,-82.746155
Tillamook County Pioneer Museum,2106 2nd St,Tillamook,OR,97141,45.45721,-123.84289
Placer County Museums Division,291 Auburn Folsom Rd,Auburn,CA,95603,38.89153,-121.07607
Parrish Art Museum,279 Montauk Hwy,Water Mill,NY,11976,40.903797,-72.36446
Wilcox Octagon House Museum,5420 W Genesee St,Camillus,NY,13031,43.041054,-76.27779
Niu Art Museum,116 Altgeld Hall,Dekalb,IL,60115,41.93425,-88.76401
Mattatuck Museum,144 W Main St,Waterbury,CT,06702,41.557198,-73.0432
The Neon Museum,1001 W Bonanza Rd,Las Vegas,NV,89106,36.176994,-115.156044
The Museum of Teaching & Learning,1111 E Commonwealth Ave,Fullerton,CA,92831,33.870617,-117.90834
WNC Military History Museum,21 E Main St,Brevard,NC,28712,35.233627,-82.73368
Cranberry Museum,2907 Pioneer Rd,Long Beach,WA,98631,46.367455,-124.0375
Tennie Burton Museum,1850 Rochester St,Lima,NY,14485,42.90694,-77.61184
Macoupin County Historical Museum,432 W Breckenridge St,Carlinville,IL,62626,39.289196,-89.88486
Museum of the Old West Trail,1831 Demaris Dr,Cody,WY,82414,44.515076,-109.102776
Alden B Dow Museum of Science & Art,1801 W Saint Andrews Rd,Midland,MI,48640,43.62505,-84.24962
Tech Museum of Innovation,465 Park Ave,San Jose,CA,95110,37.32792,-121.89845
Jack County Museum,241 W Belknap St,Jacksboro,TX,76458,33.21808,-98.16171
De Moulin Museum,205 S Prairie St,Greenville,IL,62246,38.891033,-89.4107
Clear Lake Museum,450 5th Ave,Clear Lake,WI,54005,45.249786,-92.272354
Milan Historical Museum,10 N Edison Dr,Milan,OH,44846,41.299496,-82.603615
US Presidential Culinary Museum,301 Cleveland Ave,Grover,NC,28073,35.17223,-81.44936
Foster County Museum,756 Main St,Carrington,ND,58421,47.449417,-99.12269
Children's Museum of Bozeman,202 S Willson Ave,Bozeman,MT,59715,45.677124,-111.03855
Greenville History Museum,409 Washington Ave,Greenville,MS,38701,33.411266,-91.06086
Garibaldi Museum,112 Garibaldi Ave,Garibaldi,OR,97118,45.559875,-123.90856
Ellsworth County Museum,104 W South Main St,Ellsworth,KS,67439,38.72827,-98.23254
Polk County Museum,201 W Locust St,Bolivar,MO,65613,37.61588,-93.41385
Breckinridge County Hist Soc Museum,204 E 3rd St,Hardinsburg,KY,40143,37.780262,-86.458855
Bolton Town Museum,4924 Main St,Bolton Landing,NY,12814,43.5552,-73.6554
Old Stone House Museum,109 Old Stone House Rd,Orleans,VT,05860,44.835884,-72.16568
Alexandria Black History Museum,123 N Pitt St,Alexandria,VA,22314,38.8054,-77.04444
Museum of Jurassic Technology,9341 Venice Blvd,Culver City,CA,90232,34.02578,-118.39499
Beechcraft Heritage Museum,570 Old Shelbyville Hwy,Tullahoma,TN,37388,35.36832,-86.242714
Westchester Children's Museum,50 Main St,White Plains,NY,10606,41.031685,-73.77337
Wpchs-Museum,12990 US Highway 12,Randle,WA,98377,46.60562,-121.67167
Red Barn Studio Museum,212 S Main St,Lindsborg,KS,67456,38.57193,-97.676186
Museum of Science,1 Science Park,Boston,MA,02114,42.368225,-71.07185
Essex Shipbuilding Museum,66 Main St,Essex,MA,01929,42.633926,-70.78094
Marianna Lee County Museum,67 W Main St,Marianna,AR,72360,34.77335,-90.75978
International Museum of Spiritual,414 York St,Gettysburg,PA,17325,39.832993,-77.22324
Palo Alto History Museum,300 Homer Ave,Palo Alto,CA,94301,37.443733,-122.15746
The Apron Museum,110 W Eastport St,Iuka,MS,38852,34.812206,-88.190674
Louisiana Treasures Museum,10290 Highway 22,Ponchatoula,LA,70454,30.434658,-90.54384
Iron Hill Science Center & Museum,1115 Robert L Melson Ln,Newark,DE,19702,39.631714,-75.75712
Curtiss Museum,8272 Main Street Ext,Hammondsport,NY,14840,42.403378,-77.22235
Dakota Territorial Museum,610 Summit St,Yankton,SD,57078,42.87406,-97.40712
Mt. Shasta Sisson Museum,1 N Old Stage Rd,Mount Shasta,CA,96067,41.308945,-122.326805
Clark House Museum,233 S Main St,Wolfeboro,NH,03894,43.581112,-71.20218
Leavenworth Historical Museum,743 Delaware St,Leavenworth,KS,66048,39.31728,-94.91963
Valley County Pioneer Museum,816 US Highway 2 W,Glasgow,MT,59230,48.204353,-106.64127
Southampton Historical Museum,17 Meeting House Ln,Southampton,NY,11968,40.88438,-72.38891
Indiana State Museum,603 West,Indianapolis,IN,46201,39.77585,-86.12977
Age Museum Daneville Herit,200 E Park Ave,Viborg,SD,57070,43.170444,-97.079315
Forgotten Warriors Vietnam Museum,529 Forrestal Rd,Rio Grande,NJ,08242,39.004395,-74.90977
Matchbox Road Museum,17 Pearl St,Newfield,NJ,08344,39.545944,-75.02203
McCormick Memorial Museum,128 Mccormick Farm Cir,Raphine,VA,24472,37.932053,-79.214615
Cullman County Museum,211 2nd Ave NE,Cullman,AL,35055,34.179245,-86.84299
Rural Free Delivery Museum,612 Academy Ave,Denmark,IA,52624,40.741608,-91.33641
Tree House Children's Museum,1403 3rd St,Alexandria,LA,71301,31.309343,-92.44209
Museum of American Presidents,33229 Old Valley Pike,Strasburg,VA,22657,38.9995,-78.34815
Bolinas Museum,48 Wharf Rd,Bolinas,CA,94924,37.909916,-122.68488
Swedish American Museum,5211 N Clark St,Chicago,IL,60640,41.976585,-87.668236
Hydroplane and Raceboat Museum,5917 S 196th St,Kent,WA,98032,47.426556,-122.259964
City of Greeley-Meeker Home Museum,1324 9th Ave,Greeley,CO,80631,40.41801,-104.692505
Mansfield Fire Dept Museum,1265 W 4th St,Ontario,OH,44906,40.767406,-82.56126
Bishop Museum,1539 Bernice St,Honolulu,HI,96817,21.33351,-157.86974
Solomon R Gugginheim Museum,140 58th St,Brooklyn,NY,11220,40.64567,-74.02373
Knott House Museum,301 E Park Ave,Tallahassee,FL,32301,30.441708,-84.27944
Jefcoat Museum,201 W High St,Murfreesboro,NC,27855,36.44027,-77.102165
Orange Train Depot Museum,409 11th St,Orange,TX,77630,30.0936,-93.74146
Museum Commons,828 Bloomfield Ave,Montclair,NJ,07042,40.822643,-74.22649
Miles B Carpenter Museum Inc,201 Hunter St,Waverly,VA,23890,37.03802,-77.09378
Mediapolis Museum,627 Main St,Mediapolis,IA,52637,41.008057,-91.16366
Lewis County Historical Museum,599 NW Front Way,Chehalis,WA,98532,46.666134,-122.97177
California State Indian Museum,2618 K St,Sacramento,CA,95816,38.573235,-121.47208
New England Maple Museum,4578 US Route 7,Pittsford,VT,05763,43.71389,-73.03719
Center City Imaging-Museum Twr,1800 Spring Garden St,Philadelphia,PA,19130,39.96309,-75.16803
Coarsegold Historic Museum,31899 Highway 41,Coarsegold,CA,93614,37.212055,-119.7073
Coopersville Historical Museum,363 Main St,Coopersville,MI,49404,43.064083,-85.93584
Arkansas Air & Military Museum,4290 S School Ave,Fayetteville,AR,72701,36.006435,-94.173515
Lower East Side Tenement Museum,403 Orchard St,Drexel Hill,PA,19026,39.95,-75.3039
Williamson Area Railroad Museum,100 Prichard St,Williamson,WV,25661,37.675865,-82.2797
Smith-Mcdowell House Museum,283 Victoria Rd,Asheville,NC,28801,35.570095,-82.55433
Oconee County Veterans Museum,13 Short St,Walhalla,SC,29691,34.764736,-83.06874
Maritime Museum,1335 S 8th St,Fernandina Beach,FL,32034,30.65385,-81.46093
Ferguson T B Museum,521 N Weigle Ave,Watonga,OK,73772,35.84916,-98.41199
Heritage Museum and Cultural Center,601 Main St,Saint Joseph,MI,49085,42.1064,-86.48249
Hands On Art Museum,19 Sanderson Rd,Littleton,MA,01460,42.53741,-71.5143
James E. Lewis Museum of Art,2201 Argonne Dr,Baltimore,MD,21218,39.33956,-76.57876
Churchill County Museum,1050 S Maine St,Fallon,NV,89406,39.464798,-118.77735
Phila City & County Museums,2600 Benjamin Franklin Pkwy,Philadelphia,PA,19130,39.96247,-75.17759
Judy Garland Museum,2727 Us Highway 169 S,Grand Rapids,MN,55744,47.2382,-93.5252
Fort Boonesborough Museum,4375 Boonesboro Rd,Richmond,KY,40475,37.894047,-84.265816
Museum of High Plains,413 Norris Ave,Mc Cook,NE,69001,40.200867,-100.62564
Anna Jarvis Birthplace Museum,3576 Webster Pike,Grafton,WV,26354,39.29471,-80.04421
Chicot County Museum,614 S Cokley St,Lake Village,AR,71653,33.326694,-91.28433
US Souvenirs and Museum,8115 Birch Bay Square St,Blaine,WA,98230,48.937706,-122.66867
Colleton Museum,506 E Washington St,Walterboro,SC,29488,32.903667,-80.66128
City of Petersburg Museums,19 Bollingbrook St,Petersburg,VA,23803,37.23274,-77.40409
Old Florida Museum,259 San Marco Ave,Saint Augustine,FL,32084,29.917482,-81.32267
Haitian American Museum of Chicago,4654 N Racine Ave,Chicago,IL,60640,41.96638,-87.65981
Trails and Rails Museum,710 W 11th St,Kearney,NE,68845,40.685013,-99.091995
Rogue River Museum,29880 Harbor Way,Gold Beach,OR,97444,42.418514,-124.42098
Savoy Automobile Museum,3 Savoy Ln,Cartersville,GA,30120,34.2143,-84.7819
Hudson Museum,219 W Main St,Hudson,MI,49247,41.854755,-84.35417
Fort Lowell Museum,2900 N Craycroft Rd,Tucson,AZ,85712,32.259544,-110.87503
Elloree Heritage Museum & Gift Shop,2714 Cleveland St,Elloree,SC,29047,33.53061,-80.57286
Roscoe O&W Railway Museum,7 Railroad Ave,Roscoe,NY,12776,41.93148,-74.91289
Oklahoma Frontier Drugstore Museum,214 W Oklahoma Ave,Guthrie,OK,73044,35.878193,-97.42684
O'Fallon Museum,101 W State St,O Fallon,IL,62269,38.592144,-89.91116
Sports Immortals Museum,6830 N Federal Hwy,Boca Raton,FL,33487,26.410597,-80.075966
Brooklyn Children's Museum,10 Cabot Rd,Medford,MA,02155,42.4067,-71.07554
North Pinellas Historical Museum,2043 Curlew Rd,Palm Harbor,FL,34683,28.048878,-82.747375
Rollingstone Luxemborg Museum,98 Main St,Rollingstone,MN,55969,44.097584,-91.818
Lodge Museum Building,1900 88th Ave W,Rock Island,IL,61201,41.431816,-90.59507
Stone Mill Museum/Hstrcl Society,315 E Railroad St,Sandwich,IL,60548,41.64562,-88.61782
Chariton County Museum,115 E 2nd St,Salisbury,MO,65281,39.423645,-92.801056
Hooven Mercantile Co Museum,42 Susquehanna St,Jim Thorpe,PA,18229,40.86266,-75.73844
Madison County Historical Museum,715 N Main St,Edwardsville,IL,62025,38.81642,-89.96165
Museum of Russian Icons,101 Union St,Clinton,MA,01510,42.41602,-71.68549
Edgecombe County Veterans Museum,106 W Church St,Tarboro,NC,27886,35.8983,-77.53563
Phelps Tavern Museum,800 Hopmeadow St,Simsbury,CT,06070,41.875744,-72.80126
Southard Chtj House Museum,75 Main St,Richmond,ME,04357,44.088333,-69.803375
Elmhurst Art Museum,150 S Cottage Hill Ave,Elmhurst,IL,60126,41.89784,-87.94262
Culbertson Museum,5860 Road 1021,Culbertson,MT,59218,48.149693,-104.4978
The Museum Of Valor,PO Box 1797,Spotsylvania,VA,22553,38.2605,-77.6225
Annette Green Museum,145 E 32nd St,New York,NY,10016,40.74507,-73.980194
Guest House Museum,343 N Main St,Fort Bragg,CA,95437,39.4448,-123.806175
Campbell Historical Museum,51 N Central Ave,Campbell,CA,95008,37.28729,-121.94375
Soul Food Museum,187 Edgewood Ave SE Ste 305,Atlanta,GA,30303,33.754303,-84.38142
Iowa 80 Trucking Museum,505 Sterling Dr,Walcott,IA,52773,41.621853,-90.78244
Museum of Bad Art,580 High St,Dedham,MA,02026,42.24797,-71.17308
Old Cathedral Library & Museum,207 Church St,Vincennes,IN,47591,38.67853,-87.533676
Cascade Township Museum,2839 Thornapple River Dr SE,Grand Rapids,MI,49546,42.91254,-85.49756
Historical Museum,20689 Marcellus Hwy,Decatur,MI,49045,42.012672,-85.967384
Brooklyn Historical Soc Museum,4442 Ridge Rd,Cleveland,OH,44144,41.435642,-81.73554
Ontario Rotary Police Museum,2500 S Archibald Ave,Ontario,CA,91761,34.028076,-117.59346
Gumtree Museum of Arts,211 W Main St,Tupelo,MS,38804,34.257294,-88.70466
Oceanside Museum of Art,704 Pier View Way,Oceanside,CA,92054,33.197685,-117.37869
Folsom History Museum,823 Sutter St,Folsom,CA,95630,38.67686,-121.17804
Stephen Decatur House Museum,1610 H St NW,Washington,DC,20006,38.90009,-77.03814
Tee Ridder Miniatures Museum,15 Museum Dr,Roslyn,NY,11576,40.80767,-73.63553
French Heritage Museum,165 S Indiana Ave,Kankakee,IL,60901,41.119095,-87.86148
FBC Museum Inc,210 Beech St,Fernandina Beach,FL,32034,30.668531,-81.46369
Hands On Regional Museum,315 E Main St,Johnson City,TN,37601,36.3176,-82.35004
Mineral Museum,1300 W Park St,Butte,MT,59701,46.012222,-112.55679
Museum Study,3108 36th Ave S,Minneapolis,MN,55406,44.94659,-93.2206
Maine Narrow Gauge Railroad Museum,49 Thadeus St,Portland,ME,04106,43.627235,-70.28498
Valdez Museum & Historical Archive,217 Egan Dr,Valdez,AK,99686,61.129227,-146.35443
Yampa Egeria Historical Museum,100 Main St,Yampa,CO,80483,40.15157,-106.90889
Headley-Whitney Museum,4435 Old Frankfort Pike,Lexington,KY,40510,38.095177,-84.610374
Alaska Veterans Museum,333 W 4th Ave Ste 227,Anchorage,AK,99501,61.21869,-149.88823
Seabee Museum Store,2 Port Hueneme Cbc,Port Hueneme Cbc Base,CA,93043,34.1652,-119.1996
Iron Horse Central Rr Museum,24880 Morgan Ave,Chisago City,MN,55013,45.309174,-92.84535
Riversdale House Museum,4811 Riverdale Rd,Riverdale,MD,20737,38.9614,-76.932526
Henry Sheldon Museum,1 Park St,Middlebury,VT,05753,44.012497,-73.16975
Arlington Museum of Art,201 W Main St,Arlington,TX,76010,32.7368,-97.10853
Santa Maria Valley Discovery Museum,705 S McClelland St,Santa Maria,CA,93454,34.945698,-120.43443
Cloisters Children's Museum,10440 Falls Rd,Brooklandville,MD,21022,39.4207,-76.67
New Bedford Art Museum,608 Pleasant St,New Bedford,MA,02740,41.635113,-70.92678
Elgin Museum,104 S 8th Ave,Elgin,OR,97827,45.563698,-117.91712
Avon Historical Society Museum,208 Farmington Ave,Farmington,CT,06032,41.738453,-72.79303
Loudoun Museum,16 Loudoun St SW,Leesburg,VA,20175,39.114666,-77.566086
Logic Puzzle Museum,533 Milwaukee Ave,Burlington,WI,53105,42.68061,-88.2774
Catalina Island Museum,217 Metropole St,Avalon,CA,90704,33.34344,-118.32805
Pickett Index Interpretive Museum,510 Avenue A,Index,WA,98256,47.820065,-121.55393
People's Museum,2227 Crescent St,Astoria,NY,11105,40.77803,-73.91514
Historic Landmark Museum,E18855 County Road V,Augusta,WI,54722,44.71988,-91.15287
Essex Waterfoul Museum,46 Western Ave,Essex,MA,01929,42.631954,-70.78853
Kibbe Hancock Heritage Museum,702 N Haven Dr,Carthage,IL,62321,40.4255,-91.13365
Akron Children's Museum,216 S. Main Street,Akron,OH,44308,41.07968,-81.52006
Laser Tag Museum,4121 Shelbyville Rd,Louisville,KY,40207,38.252228,-85.64543
Knight Sutton Museum,123 Main St,Akron,NY,14001,43.019917,-78.497406
Kansas City Jewish Museum,5500 W 123rd St,Leawood,KS,66209,38.90627,-94.65017
World's Smallest Museum,1111 W Us Highway 60,Superior,AZ,85173,33.285675,-111.11561
Griggs County Museum,203 12th St SE,Cooperstown,ND,58425,47.443363,-98.119
Edmund Fowle House & Museum,Marshall Street,Watertown,MA,02472,42.36797,-71.179245
Oil Patch Museum,100 E Edward Ave,Russell,KS,67665,38.86599,-98.859505
Laogai Museum,1734 20th St NW,Washington,DC,20009,38.91329,-77.04505
Maridon Museum,322 N McKean St,Butler,PA,16001,40.863976,-79.89356
Illinois Horse & Buggy Museum,210 E Main St,Biggsville,IL,61418,40.854992,-90.86228
Handy W C Museum & Gallery,352 Beale St,Memphis,TN,38103,35.139492,-90.04996
Old Courthouse Museum,600 2nd St,Natchitoches,LA,71457,31.761171,-93.088
Four States Auto Museum,217 Laurel St,Texarkana,AR,71854,33.424484,-94.03807
Fryeburg Historical Museum,96 Main St,Fryeburg,ME,04037,44.009533,-70.98781
Caf Missouri Wing Museum,6390 Grafton Ferry Rd,Portage Des Sioux,MO,63373,38.92163,-90.43486
Bradford Country Farm Museum,231 Gate 1 Ln,Troy,PA,16947,41.79626,-76.775
Museum of Mining & Geology,2455 E Old Penitentiary Rd,Boise,ID,83712,43.602734,-116.16178
Lehmi County Historial Museum,210 Main St,Salmon,ID,83467,45.176735,-113.896454
Childrens Museum of Alamance County,217 S Main St,Graham,NC,27253,36.066704,-79.40054
Fire Museum of Greater Chicago,517 Senon Dr,Lemont,IL,60439,41.672928,-87.98193
Byu Museum of Paleontology,1683 N Canyon Rd,Provo,UT,84604,40.256287,-111.656296
Aberdeen Room Archives and Museum,18 Howard St,Aberdeen,MD,21001,39.51051,-76.16393
Monastery Museum,110 N Garrett St,Teutopolis,IL,62467,39.133606,-88.47209
Kauffman Museum,2801 N Main St,North Newton,KS,67117,38.075527,-97.345406
Oca Museum Division,18160 Highway 4,Jemez Springs,NM,87025,35.776897,-106.68772
Kinsale Museums,449 Kinsale Rd,Kinsale,VA,22488,38.029427,-76.5789
Childrens Museum of Iredell,1613 E Broad St,Statesville,NC,28625,35.791004,-80.858795
State-NV Museums & History Division,708 N Curry St,Carson City,NV,89703,39.16804,-119.768
Fryeburg Fair Farm Museum,113 N Fryeburg Rd,Fryeburg,ME,04037,44.12173,-70.978096
Ben E Clement Mineral Museum,205 N Walker St,Marion,KY,42064,37.33436,-88.07848
Asu Art Museum,51 W 10th St,Tempe,AZ,85281,33.418907,-111.94148
Historic Jamestowne Museum Store,1365 Colonial Pkwy,Williamsburg,VA,23185,37.211716,-76.77905
Timexpo Museum,Brass Mall Commons Mall,Waterbury,CT,06706,41.552,-73.0351
Greater Lafayette Museum of Art,101 S 9th St,Lafayette,IN,47901,40.415985,-86.886505
Museum of Our Industrial Heritage,2 Mead St,Greenfield,MA,01301,42.583973,-72.60432
Pioneer Auto Museum,503 E 3rd St,Murdo,SD,57559,43.888466,-100.70425
Baltimore City Life Museums,225 Holliday St,Baltimore,MD,21202,39.291874,-76.61015
Miss Mary's Historical Museum,204 S 100 E,Salina,UT,84654,38.95465,-111.8585
Naples Depot Museum,1051 5th Ave S,Naples,FL,34102,26.142302,-81.792786
Candles Holocaust Museum,1532 S 3rd St,Terre Haute,IN,47802,39.45038,-87.413574
Old Fort House Museum,29 Broadway,Fort Edward,NY,12828,43.26142,-73.58043
Kendall Whaling Museum,27 Everett St,Sharon,MA,02067,42.129044,-71.19266
B-R-S Baseball Museum,121 W State St,Nokomis,IL,62075,39.300922,-89.28539
Toledo Firefighters Museum,918 W Sylvania Ave,Toledo,OH,43612,41.692818,-83.56388
Museum of the Everglades,105 West Broadway,Everglades City,FL,34139,25.8564,-81.3824
Cumberland Inn & Museum,649 S 10th St,Williamsburg,KY,40769,36.731403,-84.16574
James Morris Museum,4 North St,Morris,CT,06763,41.684162,-73.19935
Hallockville Museum Farm,6038 Sound Ave,Riverhead,NY,11901,40.98264,-72.59152
Lewisburg Children's Museum,815 Market St Ste 14,Lewisburg,PA,17837,40.960762,-76.89095
Stampede Museum,410 W 2nd St,Omak,WA,98841,48.40857,-119.520195
National Voice-Amer Museum,8070 Tylersville Rd,West Chester,OH,45069,39.35254,-84.35693
State of Illinois Museum,1011 E Ash St,Springfield,IL,62703,39.77943,-89.64274
BYU University Museum of Art,500 E Campus Dr,Provo,UT,84602,40.249126,-111.64565
Virginia Marine Science Museum,717 General Booth Blvd,Virginia Beach,VA,23451,36.81935,-75.98428
Museum Park Condominium,1322 S Prairie Ave,Chicago,IL,60605,41.86537,-87.621574
The Troll Hole Museum,228 E Main St,Alliance,OH,44601,40.921932,-81.10244
"National Football Museum, Inc.",2121 George Halas Dr NW,Canton,OH,44708,40.82111,-81.39763
Anna Miller Museum,401 Delaware Ave,Newcastle,WY,82701,43.850155,-104.19342
Lorado Taft Museum,302 N Knox St,Elmwood,IL,61529,40.7804,-89.97588
Museum Quality Disc Framing,1025 Lloyd Ctr,Portland,OR,97232,45.531803,-122.654755
Black Fashion Museum,2007 Vermont Ave NW,Washington,DC,20001,38.917103,-77.024994
Modernism Museum,145 E 4th Ave,Mount Dora,FL,32757,28.79976,-81.64394
Foley Railroad Museum,125 E Laurel Ave,Foley,AL,36535,30.406538,-87.68288
American Merchant Marine Museum,300 Steamboat Rd,Great Neck,NY,11024,40.81374,-73.763306
Florence Griswold Museum,96 Lyme St,Old Lyme,CT,06371,41.32529,-72.326775
Souther Allegheny Museum,137 E Pitt St,Bedford,PA,15522,40.019176,-78.50254
Curious Kids Museum,415 Lake Blvd,Saint Joseph,MI,49085,42.10885,-86.48362
Durant House Museum,37W370 Dean St,Saint Charles,IL,60175,41.921684,-88.34866
William A Irvin Museum,350 Harbor Dr,Duluth,MN,55802,46.781647,-92.09661
Nanticoke Indian Museum,27073 John J Williams Hwy,Millsboro,DE,19966,38.606197,-75.21192
Story Of Hawaii Museum,300 Maalaea Rd Ste 102,Wailuku,HI,96793,20.792685,-156.5113
Orange County Museum of Art,850 San Clemente Dr,Newport Beach,CA,92660,33.621326,-117.87813
Bond House Museum,706 E Bond St,Espanola,NM,87532,35.99117,-106.084404
Imagination Station Science Museum,224 Nash St NE,Wilson,NC,27893,35.727505,-77.91258
Kinnear Museum-Local History,52 Main St,Lake Luzerne,NY,12846,43.320152,-73.84123
Knox County Museum,33 N Public Sq,Knoxville,IL,61448,40.90866,-90.284584
Granite County Museum,135 S Sansome St,Philipsburg,MT,59858,46.33163,-113.29479
Georgetown Energy Museum,600 Griffith St,Georgetown,CO,80444,39.706303,-105.69503
Pioneer Museum,145 N 100 E,Saint George,UT,84770,37.110695,-113.58134
Oldest Stone House Museum,14710 Lake Ave,Lakewood,OH,44107,41.493244,-81.798676
End-O-Line Railroad Park And Museum,440 Mill St N,Currie,MN,56123,44.074467,-95.66585
Graue Mill & Museum,3800 York Rd,Oak Brook,IL,60523,41.820934,-87.92721
Florida Maritime Museum,4415 119th St W,Cortez,FL,34215,27.468243,-82.68081
Lewiston Museum,469 Plain St,Lewiston,NY,14092,43.171864,-79.04214
Kent State Univ. Museum,800 Summit Gardens Blvd,Kent,OH,44240,41.13668,-81.32944
Trail Days Cafe & Museum,803 W Main St,Council Grove,KS,66846,38.65846,-96.49913
Black Heritage Museum,900 S Walter Reed Dr,Arlington,VA,22204,38.86392,-77.08751
Webster County Historical Museum,721 W 4th Ave,Red Cloud,NE,68970,40.088676,-98.527855
Toy and Plastic Brick Museum,4597 Noble St,Bellaire,OH,43906,40.028408,-80.74047
Mardi Gras Museum,2101 E Texas St,Bossier City,LA,71111,32.528107,-93.72094
Camp Algona Pow Museum,114 N Thorington St,Algona,IA,50511,43.069336,-94.23776
High Point Museum,1859 E Lexington Ave,High Point,NC,27262,35.979748,-79.99108
Childress County Heritage Museum,210 3rd St NW,Childress,TX,79201,34.42352,-100.20829
Lemay Museum,917 Pacific Ave Ste 400,Tacoma,WA,98402,47.254612,-122.43869
Dr. Kate Museum,923 2nd Ave,Woodruff,WI,54568,45.89563,-89.69925
Michigan Transit Museum,200 Grand Ave,Mount Clemens,MI,48043,42.59894,-82.89203
Mount Pleasant Museum,108 Public Sq,Mount Pleasant,TN,38474,35.53397,-87.2075
Museum of Mountain Flying,5525 W Broadway St,Missoula,MT,59808,46.920296,-114.08078
Friends-The LSU Rural Life Museum,4911 Bennington Ave,Baton Rouge,LA,70808,30.418978,-91.135284
Carolina Basketball Museum,450 Skipper Bowles Dr,Chapel Hill,NC,27514,35.9002,-79.04286
Dublin Heritage Park & Museums,6600 Donlon Way,Dublin,CA,94568,37.69954,-121.937584
Figge Art Museum,225 W 2nd St,Davenport,IA,52801,41.521324,-90.57591
Bonnet House Museum & Gardens,900 N Birch Rd,Fort Lauderdale,FL,33304,26.135807,-80.10536
Kruger Street Toy and Train Museum,144 Kruger St,Wheeling,WV,26003,40.040394,-80.65806
Thomas T. Taber Museum,858 W 4th St,Williamsport,PA,17701,41.239803,-77.0193
University Museum,1280 E University Ave,Las Cruces,NM,88001,32.284584,-106.75296
Wende Museum of Cold War,5741 Buckingham Pkwy Ste E,Culver City,CA,90230,33.99067,-118.381454
Sullivan Museum and History Center,158 Harmon Dr,Northfield,VT,05663,44.138798,-72.658424
Columbia Pacific Heritage Museum,115 Lake St SE,Ilwaco,WA,98624,46.308,-124.04232
Stage-Stars Museum,705 Elvis Presley Ave,Shreveport,LA,71101,32.50788,-93.753334
Prairie Museum of Art and History,1905 S Franklin Ave,Colby,KS,67701,39.36978,-101.04579
Museum of Nebraska Art,1409 Childs Rd E,Bellevue,NE,68005,41.175255,-95.91242
St Louis Wax Museum,720 N 2nd St,Saint Louis,MO,63102,38.63075,-90.18427
Kearny County Museum,109 N Main St,Lakin,KS,67860,37.940613,-101.255035
Middle TN Museum of Natural History,13735 Versailles Rd,Rockvale,TN,37153,35.71356,-86.52396
McRitchie-Hollis Museum,74 Jackson St,Newnan,GA,30263,33.3808,-84.80011
Bryan Museum,1315 21st St,Galveston,TX,77550,29.297777,-94.78885
Richmond Art Museum,350 Hub Etchison Pkwy,Richmond,IN,47374,39.823948,-84.90151
Museum Special Projects Office,201 E Historic Highway 66,Gallup,NM,87301,35.53188,-108.630684
Staley Museum,361 N College St,Decatur,IL,62522,39.844353,-88.96273
North Carolina Railroad Museum,5121 Daisey St,New Hill,NC,27562,35.66094,-78.97688
Smithsonian American Art Museum,8th F Street Ter SE,Washington,DC,20003,38.882942,-76.98954
Wildwood House Museum,121 Laurel Ter,Beckley,WV,25801,37.771538,-81.17409
John F. Peto Studio Museum,102 Cedar Ave,Island Heights,NJ,08732,39.94109,-74.141396
Boscobel Depot Museum,800 Wisconsin Ave,Boscobel,WI,53805,43.135418,-90.70558
Oakland Museum-California,52 9th St,Oakland,CA,94607,37.797516,-122.26438
Clay County Museum Archives,202 1st Ave N,Moorhead,MN,56560,46.877247,-96.77811
Nco Railroad Purdys Museum,17890 Fantail Cir,Reno,NV,89508,39.684124,-119.97421
American Museum-Natrl History,79th St & Central Park,New York,NY,10024,40.7901,-73.9726
Old Barracks Museum,20 W State St,Trenton,NJ,08608,40.220497,-74.7666
Verendrye Museum,115 N Deadwood St,Fort Pierre,SD,57532,44.354282,-100.37097
Czechoslovak Heritage Museum,122 W 22nd St,Oak Brook,IL,60523,41.847813,-87.92329
Lehigh Valley Heritage Museum,432 W Walnut St,Allentown,PA,18102,40.602047,-75.46587
Racine County Historical Museum,701 Main St,Racine,WI,53403,42.72584,-87.78242
Seal Beach Historical Museum,Main & Electric,Seal Beach,CA,90740,33.7587,-118.0833
Niagara Science Museum,3625 Highland Ave,Niagara Falls,NY,14305,43.120525,-79.04528
Museum Fitz Bechenki,330 Paramus Rd,Paramus,NJ,07652,40.94761,-74.093285
Creation Museum,624 N Main St,Milan,IN,47031,39.12863,-85.131546
John Young Museum of Art,2500 Dole St,Honolulu,HI,96822,21.296906,-157.81969
Waterloo Farm Museum,9998 Waterloo Munith Rd,Grass Lake,MI,49240,42.35611,-84.14158
Vicksburg Battlefield Museum,4139 I-20 Frontage Rd,Vicksburg,MS,39183,32.34512,-90.84471
Jefferson Barracks Pow-Mia Museum,11833 Sologne Ct,Maryland Heights,MO,63043,38.724037,-90.44875
Muskegon Heritage Museum,561 W Western Ave,Muskegon,MI,49440,43.232876,-86.25693
Miller County Museum,2005 Highway 52,Tuscumbia,MO,65082,38.24104,-92.4639
Southeast Kansas Educational Museum,402 Ohio St,Oswego,KS,67356,37.166897,-95.11248
Hearthstone Historic House Museum,1919 Spindt Dr,Waupaca,WI,54981,44.356792,-89.04513
Guernsey County Museum,218 N 8th St,Cambridge,OH,43725,40.026974,-81.589714
US Army Museum of Hawaii,2131 Kalia Rd,Honolulu,HI,96815,21.279041,-157.83269
Baltimore's Black American Museum,1767 Carswell St,Baltimore,MD,21218,39.320576,-76.59249
Confederate Museum,188 Meeting St,Charleston,SC,29401,32.780674,-79.93136
Bowdon Centennial Museum,232 40th Ave NE,Bowdon,ND,58418,47.446014,-99.692566
Irish American Heritage Museum,21 Quackenbush Sq,Albany,NY,12207,42.654064,-73.747925
Oshkosh City Museum,1331 Algoma Blvd,Oshkosh,WI,54901,44.0325,-88.556755
Portsmouth Black Museum,906 Elm Ave,Portsmouth,VA,23704,36.83175,-76.31293
Art Museum Business Services,2200 Spring Garden St,Philadelphia,PA,19130,39.963913,-75.17466
Key West Shipwreck Treasures Museum,1 Whitehead St,Key West,FL,33040,24.559008,-81.80686
Bayside History Museum,4025 4th St,North Beach,MD,20714,38.706516,-76.53494
The Children's Arts Museum,6400 Sugarloaf Pkwy Ste 300,Duluth,GA,30097,33.991367,-84.09062
Bayou Country Childrens Museum,812 Ridgefield Rd,Thibodaux,LA,70301,29.792574,-90.827415
Mukwonago Red Brick Museum,103 Main St,Mukwonago,WI,53149,42.862885,-88.3326
Risley Homestead Museum,8 Virginia Ave,Northfield,NJ,08225,39.37564,-74.53941
Geology Museum,1 John Marshall Dr,Huntington,WV,25755,38.422245,-82.42999
Americas Car Museum,423 152nd St E,Tacoma,WA,98445,47.1191,-122.42591
Town of Mount Jackson Museum,5901 Main St,Mount Jackson,VA,22842,38.74768,-78.64197
Stinson Museum,102 N 1st St E,Snowflake,AZ,85937,34.51079,-110.077484
Joplin Museum Complex,504 S Schifferdecker Ave,Joplin,MO,64801,37.08654,-94.5491
New Hampshire Farm Museum,1305 White Mountain Hwy,Milton,NH,03851,43.46351,-70.99104
Bunker Union CHR Historic Museum,205 Main St,Bunker,MO,63629,37.455654,-91.21118
Trap History Museum,6106 Bausch Rd,Galloway,OH,43119,39.90559,-83.157875
William King Museum,415 Academy Dr NW,Abingdon,VA,24210,36.710014,-81.987915
Fort Saint Joseph Museum,322 E Main St,Niles,MI,49120,41.82977,-86.25587
Mac Kenzie Museum and Library,427 Lakewood Farmingdale Rd,Howell,NJ,07731,40.159348,-74.15645
Dennison Railroad Depot Museum,400 Center St,Dennison,OH,44621,40.392113,-81.33256
Old School Museum,110 E Cherry St,Winchester,IL,62694,39.629883,-90.4533
Brownsburg Museum,2716 Brownsburg Tpke,Fairfield,VA,24435,37.928326,-79.319115
John Gorrie State Museum,Apalachicola 32320,Apalachicola,FL,32320,29.724,-85.0107
Cowboy Country Museum,113 S Wetherbee St,Stamford,TX,79553,32.944996,-99.8015
Dakota Buttes Museum,400 11th St S,Hettinger,ND,58639,45.998035,-102.62794
Imlay City Museum,77 N Main St,Imlay City,MI,48444,43.02397,-83.07472
Imagine Childrens Museum,1502 Wall St,Everett,WA,98201,47.977688,-122.2098
Natl Bean Market Museum,117 Henry St,Lake City,SC,29560,33.871166,-79.754395
Fort Crawford Museum,717 S Beaumont Rd,Prairie Du Chien,WI,53821,43.043148,-91.14647
Henry Whitfield State Museum,248 Old Whitfield St,Guilford,CT,06437,41.2776,-72.67636
W R Monroe Museum,107 N Main St,Three Rivers,MI,49093,41.946213,-85.6348
Railroad Museum of New England,242 East Main St,Thomaston,CT,06787,41.67387,-73.0676
Northfield Museum,Burton Ave,Northfield,NJ,08225,39.371593,-74.56394
Carrie M. McLain Memorial Museum,223 W Front St,Nome,AK,99762,64.49897,-165.41516
Hank Williams Museum,118 Commerce St,Montgomery,AL,36104,32.379215,-86.31076
Linn County Museum,PO Box 137,Pleasanton,KS,66075,38.1748,-94.7094
Museum Campus,1200 S Lake Shore Dr,Chicago,IL,60605,41.868797,-87.61728
Museum of Visual Materials,500 N Main Ave,Sioux Falls,SD,57104,43.552746,-96.72815
Jewish Museum of Maryland Inc,15 Lloyd St,Baltimore,MD,21202,39.290207,-76.60116
History Museum-East Ottertail,230 1st Ave N,Perham,MN,56573,46.59551,-95.571144
Gitche Gumee Museum,E21739 Brazel St,Grand Marais,MI,49839,46.672646,-85.9867
Ellis County Museum,201 S College St,Waxahachie,TX,75165,32.38481,-96.84763
Warren Fire Museum,38 Baker St,Warren,RI,02885,41.73033,-71.28404
Town of Warrensburg Town Museum,3754 Main St,Warrensburg,NY,12885,43.492268,-73.76791
Museum of Veterans & Military H,13 S College St,Vilonia,AR,72173,35.08608,-92.21446
Literary Museum,917 Madelaine Dr,Gilmer,TX,75644,32.742714,-94.95444
Chaffey Community Museum of Art,217 S Lemon Ave,Ontario,CA,91761,34.06242,-117.64943
Air Victory Museum,68 Stacy Haines Rd,Lumberton,NJ,08048,39.938786,-74.84394
Vintage Fire Museum,723 Spring St,Jeffersonville,IN,47130,38.27638,-85.74407
Virginia Randolph Museum,2200 Mountain Rd,Glen Allen,VA,23060,37.661205,-77.48225
Noyes House Museums,1 Main St,Hyde Park,VT,05655,44.59463,-72.619446
James Kirk Maritime Museum,301 Davis Ave,Linwood,NJ,08221,39.354553,-74.56981
Thorntown Heritage Museum,120 W Main St,Thorntown,IN,46071,40.129257,-86.60684
Hopkins Historical Society Museum,33 14th Ave N,Hopkins,MN,55343,44.92564,-93.41748
Hill Aerospace Museum,7961 Wardleigh Rd,Hill Afb,UT,84056,41.132446,-112.01716
Hands On Discovery Childrens Museum,1102 Washington Sq,Evansville,IN,47715,37.967796,-87.49165
Broomfield Veterans Meml Museum,12 Garden Ctr,Broomfield,CO,80020,39.92284,-105.08871
Hancock County Historical Museum,1008 Ridge Ave,New Cumberland,WV,26047,40.491165,-80.601456
Irvinton House Museum,345 Lancaster Ave,Richmond,KY,40475,37.745182,-84.29998
U.S. Naval War College Museum,686 Cushing Rd,Newport,RI,02841,41.513184,-71.32937
South Shore Children's Museum,1775 Washington St,Hanover,MA,02339,42.14731,-70.84522
California Museum of Fine Art,1421 Marcelina Ave,Torrance,CA,90501,33.833878,-118.31557
University of Kentucky Art Museum,405 Rose St,Lexington,KY,40508,38.037777,-84.50009
Barry County Museum,15858 State Highway 76,Cassville,MO,65625,36.665665,-93.85747
Virginia Museum of Fine Arts,200 N Boulevard,Richmond,VA,23220,37.5557,-77.47455
C U Art Museum,1085 Pine Gold Hill St,Boulder,CO,80302,40.063473,-105.41395
Coachella Valley History Museum,82580 Miles Ave,Indio,CA,92201,33.72134,-116.2247
Greene County History Museum,101 W Mckee St,Greeneville,TN,37743,36.160564,-82.83292
Brooklyn Children's Museum,355 E 29th St,Brooklyn,NY,11226,40.641937,-73.94942
St Augustine Lighthouse & Museum,106 Anastasia Blvd,Saint Augustine,FL,32080,29.892452,-81.30229
Gilcrease Museum,1400 N Gilcrease Museum Rd,Tulsa,OK,74127,36.173874,-96.01996
Lewis County Museum,108 E Main St,Hohenwald,TN,38462,35.547604,-87.55011
The Museum of Illusions,536 Lincoln Rd,Miami Beach,FL,33139,25.790497,-80.133575
Safford House Museum,23 Parkin Ct,Tarpon Springs,FL,34689,28.148558,-82.759254
Woodville Historical Society Museum,107 E Main St,Woodville,OH,43469,41.450314,-83.36306
Waldensian Heritage Museum,208 Rodoret St S,Valdese,NC,28690,35.742596,-81.563065
First National Bank Museum,170 Locust St,Columbia,PA,17512,40.03055,-76.504364
Cheektowaga Historical Museum,3329 Broadway St,Buffalo,NY,14227,42.90365,-78.75175
Museum of Bible Inc,26565 Bouquet Canyon Rd,Santa Clarita,CA,91350,34.42879,-118.536224
Bartow-Pell Mansion Museum,895 Shore Rd,Bronx,NY,10464,40.873634,-73.80637
Barnes Museum,85 N Main St,Southington,CT,06489,41.60293,-72.8781
Fort Dodge Museum,714 Sheridan St,Dodge City,KS,67801,37.73275,-99.9355
Utica Children's Museum,311 Main St,Utica,NY,13501,43.10415,-75.2242
Pinball Museum Of Corbin,111 N Main St,Corbin,KY,40701,36.94735,-84.09627
CHI AM Museum Chicago,238 W 23rd St,Chicago,IL,60616,41.851124,-87.63346
Pioneers Museum,375 E Aten Rd,Imperial,CA,92251,32.825577,-115.503555
Museum of Latin American Art,3127 W Hallandale Beach Blvd,Hallandale,FL,33009,25.985067,-80.16871
African American Museum,1765 Crawford Rd,Cleveland,OH,44106,41.508747,-81.62745
Cook Museum of Natural Science,133 4th Ave NE,Decatur,AL,35601,34.60504,-86.98272
North Tonawanda History Museum,54 Webster St,North Tonawanda,NY,14120,43.023445,-78.87768
Swope Art Museum,25 S 7th St,Terre Haute,IN,47807,39.465897,-87.40718
Cleveland Museum of Art,11150 East Blvd,Cleveland,OH,44106,41.506786,-81.61049
Hazard House Museum,735 Pitkin Ave,Saguache,CO,81149,38.084408,-106.14135
Old Salem Museums and Gardens,900 S Main St,Kernersville,NC,27284,36.10978,-80.09325
Pottsville Historical Museum,2400 Pleasant Valley Rd,Merlin,OR,97532,42.54021,-123.39198
Mammoth Ski Museum,White Mountain Ranger Station,Mammoth Lakes,CA,93546,37.6348,-118.9186
1857 School House Museum,8787 Erie Rd,Angola,NY,14006,42.646416,-79.0429
Combat Air Museum,7016 SE Forbes Ave,Topeka,KS,66619,38.941406,-95.67812
World of Scouting Museum Inc,1601 Valley Forge Rd,Valley Forge,PA,19481,40.0992,-75.47137
The Drummer Boy Civil War Museum,109 E Church St,Andersonville,GA,31711,32.19443,-84.139755
Ah-Tah-Thi-Ki Museum,30290 Josie Billie Hwy,Clewiston,FL,33440,26.316711,-80.98771
Livingston County War Museum,321 N Main St,Pontiac,IL,61764,40.880577,-88.628845
Frisco Historic Park and Museum,120 Main St,Frisco,CO,80443,39.575233,-106.10128
Louisville Slugger Museum,800 W Main St,Louisville,KY,40202,38.25719,-85.76335
Schaaf Truck and Tractor Museum,22718 S Wirth Ln,Frankfort,IL,60423,41.47572,-87.802505
Hands On Children's Museum,8580 Beach Blvd,Jacksonville,FL,32216,30.287134,-81.568306
Fairbanks Museum and Planetarium,1302 Main St,Saint Johnsbury,VT,05819,44.4202,-72.020004
Brannock Maritime Museum,210 Talbot Ave,Cambridge,MD,21613,38.578785,-76.08438
Museum of African American History,46 Joy St,Boston,MA,02114,42.359825,-71.06525
Ohrmann Museum & Gallery,6155 Mt Highway 1,Drummond,MT,59832,46.63798,-113.16789
Scad Museum of Art,601 Turner Blvd,Savannah,GA,31401,32.077408,-81.0986
Little White School Museum,72 Polk St,Oswego,IL,60543,41.682053,-88.34879
Richard W Bock Sculpture Museum,315 E College Ave,Greenville,IL,62246,38.892914,-89.40895
Wimbledon Community Museum,301 Center St,Wimbledon,ND,58492,47.171066,-98.46229
Leigh Yawkey Woodson Art Museum,700 N 12th St,Wausau,WI,54403,44.962154,-89.613045
American Saddle Horse Museum,501 S Muldrow St,Mexico,MO,65265,39.169296,-91.88876
The Thomas E. McMillan Museum,220 Alco Dr,Brewton,AL,36426,31.101828,-87.0845
Champaign Aviation Museum,1652 N Main St,Urbana,OH,43078,40.12912,-83.74871
Maine Maritime Museum,243 Washington St,Bath,ME,04530,43.89397,-69.81697
Old Deery Inn & Museum,Highway 126,Blountville,TN,37617,36.5329,-82.3272
Computer History Museum,21 E 40th St,New York,NY,10016,40.751717,-73.98028
Noah Purifoy Desert Art Museum,63030 Blair Ln,Joshua Tree,CA,92252,34.19535,-116.28803
Toaster Museum,1003 Carlton Ave Ste B,Charlottesville,VA,22902,38.02446,-78.47391
American Military Museum,360 Concord St,Charleston,SC,29401,32.79084,-79.92686
Clarke Historical Museum,240 E St,Eureka,CA,95501,40.803635,-124.1677
Reno County Museum,100 S Walnut St,Hutchinson,KS,67501,38.05063,-97.93002
Lasting Legacy Wildlife Museum,1729 E Weber Rd,Ritzville,WA,99169,47.11807,-118.360016
Varnado Store Museum,1041 Cleveland St,Franklinton,LA,70438,30.84378,-90.15365
Polk Museum of Art,800 E Palmetto St,Lakeland,FL,33801,28.036865,-81.94864
Blaine County Wildlife Museum,417 Indiana St,Chinook,MT,59523,48.591644,-109.231186
Mosa Museum of Special Arts,720 238th St SE,Bothell,WA,98021,47.78198,-122.22283
Hazleton Historical Society Museum,55 N Wyoming St,Hazleton,PA,18201,40.955257,-75.97316
Hancock Memorial Museum,University Ave At Childs Way,Los Angeles,CA,90089,34.0226,-118.2835
Backstreet Cultural Museum,1116 Henriette Delille St,New Orleans,LA,70116,29.964773,-90.06603
Makah Museum,PO Box 160,Neah Bay,WA,98357,48.3661,-124.607
Jax Auto Museum,9501 Arlington Expy Ste K8,Jacksonville,FL,32225,30.321806,-81.55257
Historical Museum-Anthony Inc,526 W Main St,Anthony,KS,67003,37.15203,-98.036545
Nebraska National Guard Museum,201 N 8th St,Seward,NE,68434,40.908775,-97.10162
Heritage Museum,34067 Us Highway 2 S,Libby,MT,59923,48.37228,-115.54396
The Museum of Bags,1450 Emerson Ave,Mc Lean,VA,22101,38.932896,-77.177345
Paris Gibson Square Museum of Art,1400 1st Ave N,Great Falls,MT,59401,47.50617,-111.28314
Ella Sharp Museum,3225 4th St,Jackson,MI,49203,42.21593,-84.41804
National Neon Sign Museum,200 E 3rd St,The Dalles,OR,97058,45.600975,-121.1835
Luther Area Museum,708 State St,Luther,MI,49656,44.04124,-85.682175
Potts Inn Museum,889 E Ash St,Pottsville,AR,72858,35.245567,-93.03425
Berks Military History Museum,198 E Wyomissing Ave,Mohnton,PA,19540,40.28753,-75.978836
The Ne Maple Museum,4578 Us Route 7,Pittsford,VT,05763,43.713863,-73.03698
Vernon Filley Art Museum,421 S Jackson St,Pratt,KS,67124,37.642612,-98.74102
Branchville RR Shrine & Museum,7504 Freedom Rd,Branchville,SC,29432,33.251637,-80.81596
Kirkland Museum,1311 N Pearl St,Denver,CO,80203,39.737156,-104.98005
Machinery Museum,Central Ave & 4th St,Northwood,IA,50459,43.4474,-93.261
National Balloon Museum,1601 N Jefferson Way,Indianola,IA,50125,41.37645,-93.55866
Old Dominion Railway Museum,102 Hull St,Richmond,VA,23224,37.526108,-77.43568
Michelson Museum of Art,216 N Bolivar St,Marshall,TX,75670,32.546825,-94.366165
Antique Acres Farm Museum Inc,2531 Snows Mill Rd,Bogart,GA,30622,33.843887,-83.55511
Bethel Historical Museum,312 1st St,Bethel,DE,19931,38.57051,-75.61821
"AACA Museum, Inc.",161 Museum Dr,Hershey,PA,17033,40.299,-76.69045
Amherst Historical Socity & Museum,67 Amity St,Amherst,MA,01002,42.37594,-72.52122
Stevens County Gas Museum,905 S Adams St,Hugoton,KS,67951,37.173035,-101.3416
Appalachian Heritage Museum,175 Mystery Hill Ln,Blowing Rock,NC,28605,36.163593,-81.6445
Humboldt Museum,175 Museum Way,Winnemucca,NV,89445,40.97738,-117.74405
Rankin Museum,131 Church St,Ellerbe,NC,28338,35.072487,-79.76309
Tenino Depot Museum,399 Park Ave W,Tenino,WA,98589,46.852486,-122.857086
Alice Austen House Museum,2 Hylan Blvd,Staten Island,NY,10305,40.615402,-74.06321
Poplar Bluff City Art Museum,421 N Main St,Poplar Bluff,MO,63901,36.76011,-90.39402
Museum Fine Arts LTD,6555 Goodman Dr,Mission,KS,66202,39.01097,-94.680435
Bannock County Historical Museum,3000 Alvord Loop,Pocatello,ID,83204,42.847355,-112.423004
Berlin Historical Society Museum,305 Main St,Berlin,CT,06037,41.63337,-72.76955
Museum & History Center,612 Royal Gorge Blvd,Canon City,CO,81212,38.44031,-105.23849
University Museum,18 E Main St Rm 114,Newark,DE,19716,39.683216,-75.75264
Legacy Flight Museum,400 Airport Rd,Rexburg,ID,83440,43.83428,-111.80772
Mcallister Museum of Aviation,2008 S 16th Ave,Yakima,WA,98903,46.56876,-120.53053
Regional Airport Museum,410 Airport Rd,Manteo,NC,27954,35.917618,-75.70199
Dakotaland Museum,3rd St Sw,Huron,SD,57350,44.363285,-98.214966
Rose Hill Museum,27715 Lake Rd,Bay Village,OH,44140,41.48874,-81.92559
MS Museum Of Art,429 S West St,Jackson,MS,39201,32.29604,-90.185
De Smet Depot Museum,104 Calumet Ave SE,De Smet,SD,57231,44.38714,-97.5487
House of David Baseball Museum,1380 E Napier Ave,Benton Harbor,MI,49022,42.088676,-86.42538
Pierce Historical Society Museum,Gilman Park & N Mill St,Pierce,NE,68767,42.1999,-97.5199
Webel Museum,451 E Wilson St,Ridgeland,SC,29936,32.481503,-80.978294
Museum of Coral Spring History,10000 NW 29th St,Coral Springs,FL,33065,26.266933,-80.26027
Joslyn Art Museum,2200 Dodge St,Omaha,NE,68102,41.259903,-95.94609
Banning Residence Museum,401 E M St,Wilmington,CA,90744,33.78922,-118.258446
Native American Museum,17 Harding Ave,Terre Haute,IN,47807,39.46523,-87.41553
National Farm Toy Museum,1110 16th Avenue Ct SE,Dyersville,IA,52040,42.470726,-91.111336
Women's Civil War Museum,310 E Broadway St,Bardstown,KY,40004,37.811035,-85.46277
Monessen Heritage Museum,505 Donner Ave,Monessen,PA,15062,40.161987,-79.88622
Kaplan Museum,405 N Cushing Ave,Kaplan,LA,70548,30.000917,-92.28415
The Grovian Doll Museum,213 Forest Ave,Pacific Grove,CA,93950,36.620895,-121.917725
Laura Ingalls Wilder Museum,330 8th St,Walnut Grove,MN,56180,44.22456,-95.472404
Pacific Southwest Railway Museum,49575 Gate Rd,San Diego,CA,92152,32.704037,-117.23779
Savanna Museum,406 Main St,Savanna,IL,61074,42.094532,-90.15654
Museum of Minerals & Crystals,4228 State Road 23,Dodgeville,WI,53533,43.019524,-90.142204
Ray Opera House Museum,119 Main St,Ray,ND,58849,48.343613,-103.165825
Deland House Museum,137 W Michigan Ave,Deland,FL,32720,29.033607,-81.304344
Heritage Hall Museum,200 South St E,Talladega,AL,35160,33.433254,-86.099724
Witte Museum,3801 Broadway St,San Antonio,TX,78209,29.46124,-98.46687
Lore of Lakes Maritime Museum,783 Gratiot St,Copper Harbor,MI,49918,47.469315,-87.89504
Fort Lupton Museum,Us 85 And 14th Street,Fort Lupton,CO,80621,40.0942,-104.8041
Peralta House Museum,2465 34th Ave,Oakland,CA,94601,37.786926,-122.2175
Golden Ball Tavern Museum,662 Boston Post Rd,Weston,MA,02493,42.365875,-71.30947
Western Pennsylvania Sports Museum,1212 Smallman St,Pittsburgh,PA,15222,40.446396,-79.99275
Museum Archive & Research Center,607 4th St,Sioux City,IA,51101,42.49433,-96.40237
Museum of Buford,2200 Buford Hwy Suite 108,Buford,GA,30518,34.11308,-83.99651
Route 66 Auto Museum,2436 Historic Route 66,Santa Rosa,NM,88435,34.94649,-104.65614
Berlin Historical Society Museum,305 Main St,Newington,CT,06111,41.711887,-72.726204
Indian Center Museum,650 N Seneca St,Wichita,KS,67203,37.691772,-97.35296
Surfing Museum Lighthouse Point,809 Center St,Santa Cruz,CA,95060,36.97427,-122.02903
Coos Historical Museum,1210 N Bayshore Dr,Coos Bay,OR,97420,43.37588,-124.21344
Carroll County Museum,123 E 6th St,Carroll,IA,51401,42.065662,-94.86672
Salter Museum,220 W Garfield St,Argonia,KS,67004,37.264843,-97.767235
Maramec Museum,21880 Maramec Spring Dr,Saint James,MO,65559,37.95509,-91.53024
Medina Toy & Train Museum,7 Public Sq,Medina,OH,44256,41.137913,-81.863754
Carlstadt Historical Society Museum,503 6th St,Carlstadt,NJ,07072,40.838013,-74.08899
Central Montana Historical Museum,408 NE Main St,Lewistown,MT,59457,47.070724,-109.41424
Jurica-Suchy Nature Museum,5700 College Rd,Lisle,IL,60532,41.780537,-88.09328
"Trego Co Museum, Fairgrounds",120 S Main St,Wakeeney,KS,67672,39.022556,-99.88375
West Valley Art Museum,8401 W Monroe St,Peoria,AZ,85345,33.577194,-112.23987
Virginia Discovery Museum,524 E Main St,Charlottesville,VA,22902,38.029568,-78.478065
Sherman County Historical Museum,100 E 8th St,The Dalles,OR,97058,45.598404,-121.187805
Somerville Museum,1 Westwood Rd,Somerville,MA,02143,42.38695,-71.10468
Henninger Flats Museum,2260 Pinecrest Dr,Altadena,CA,91001,34.191525,-118.105705
Ward-Thomas Museum,503 Brown St,Niles,OH,44446,41.17478,-80.76498
Baldwin Reynolds House Museum,639 Terrace St,Meadville,PA,16335,41.645145,-80.152954
National Museum Of Pat,1927 Piedmont Cir NE,Atlanta,GA,30324,33.809807,-84.36735
Northern Pacific Railway Museum,10 Asotin Ave,Toppenish,WA,98948,46.3757,-120.30627
Amuseum Columbia Children's Museum,123 W 7th St,Columbia,TN,38401,35.61478,-87.03461
Salem Museum,32 Derby Sq,Salem,MA,01970,42.520645,-70.89488
Amite City Museum,101 SE Central Ave,Amite,LA,70422,30.726513,-90.50816
Women At Work Museum Inc,35 County St,Attleboro,MA,02703,41.943657,-71.28556
Police Heritage Museum,54 W Market St,York,PA,17401,39.961884,-76.729126
Motorsports Museum and Hall of Fame,43700 Expo Center Dr,Novi,MI,48375,42.48614,-83.479034
Museum of Mountain Flying,713 S 3rd St W,Missoula,MT,59801,46.86686,-114.00692
Fort Walla Walla Museum,755 NE Myra Rd,Walla Walla,WA,99362,46.064896,-118.370766
Smoky Hill Museum Store,300 W Ash St,Salina,KS,67401,38.843014,-97.61102
Hurn Museum-Contemporary Folk,10 W Taylor St,Savannah,GA,31401,32.071922,-81.095146
Leechburg Area Museum,118 1st Ave,Leechburg,PA,15656,40.62666,-79.60321
World Awareness Childrens Museum,89 Warren St,Glens Falls,NY,12801,43.30994,-73.63986
San Juan Historical Museum,PO Box 441,Friday Harbor,WA,98250,48.5342,-123.0196
Cappon House Museum,228 W 9th St,Holland,MI,49423,42.789127,-86.11741
Scott City Historical Museum,1514 Main St,Scott City,MO,63780,37.216408,-89.52611
The Jewish Museum,49 W 44th St,New York,NY,10036,40.755646,-73.98166
Dequy Railroad Museum,400 Lake Charles Ave,Dequincy,LA,70633,30.451485,-93.4342
Minnesota Street Car Museum,4291 Queen Ave S,Minneapolis,MN,55410,44.925976,-93.31009
Roop's Fort/William H Pratt Museum,N Weatherlow St,Susanville,CA,96127,40.417854,-120.657936
Museum Gallery,1 W Chicago St,Coldwater,MI,49036,41.94052,-85.00094
Griot Museum of Black History,2505 Saint Louis Ave,Saint Louis,MO,63106,38.65296,-90.21033
Whale Sea Life & Sharks Museum,234 SE Highway 101,Depoe Bay,OR,97341,44.815094,-124.06222
S C State Museum,301 Gervais St,Columbia,SC,29201,33.99722,-81.04724
Sugar Hill Historical Museum,1400 Route 117,Sugar Hill,NH,03586,44.214634,-71.79944
Museum of Science,67 Wallace St,Somerville,MA,02144,42.399075,-71.12241
Kelly Art Deco Light Museum,2000 W Sims Way,Port Townsend,WA,98368,48.103455,-122.79938
Spanish Military Hospital Museum,3 Aviles St,Saint Augustine,FL,32084,29.89202,-81.31155
Siloam Springs Museum,112 N Maxwell St,Siloam Springs,AR,72761,36.185307,-94.53994
Call of the Wild Museum,850 S Wisconsin Ave,Gaylord,MI,49735,45.018776,-84.68266
Floyd County Museum,201 E Spring St,New Albany,IN,47150,38.286552,-85.8219
Crane's Museum & Shops,10665 Old Us Highway 40,Williamsburg,MO,63388,38.917767,-91.70094
Billingsley House Museum,6900 Green Landing Rd,Upper Marlboro,MD,20772,38.800556,-76.71821
Lacis Museum of Lace and Textiles,3163 Adeline St,Berkeley,CA,94703,37.851215,-122.2702
Gresham History Museum,410 N Main Ave,Gresham,OR,97030,45.500576,-122.43079
Frank H Woods Telephone Museum,2047 M St,Lincoln,NE,68510,40.811844,-96.6905
Grant County Historical Museum,115 2nd State Nebraska Hwy,Elbow Lake,MN,56531,45.9939,-95.9739
Grace Museum of America,42088 N Fleming Springs Rd,Cave Creek,AZ,85331,33.86721,-111.92993
Gregg House Museum,115 N Linden Ave,Westmont,IL,60559,41.798363,-87.973854
Connecticut Trolley Museum,58 North Rd,East Windsor,CT,06088,41.932156,-72.59605
South Dakota Tractor Museum,501 S West St,Kimball,SD,57355,43.743645,-98.961105
Jackson Hole Museum,225 N Cache St,Jackson,WY,83001,43.482246,-110.76255
Wyatt Museum,2502 Lynnville Hwy,Cornersville,TN,37047,35.37252,-86.88541
Crockett Tavern Museum,2106 Morningside Dr,Morristown,TN,37814,36.221928,-83.26715
Mizel Museum,400 S Kearney St,Denver,CO,80224,39.709187,-104.91742
Vincent Price Art Museum,1301 Avenida Cesar Chavez,Monterey Park,CA,91754,34.039265,-118.14823
Fireman's Hall Museum,147 N 2nd St,Philadelphia,PA,19106,39.953354,-75.14282
Museum Club Tower Development,1598 NE 1st Ave,Miami,FL,33132,25.790442,-80.192474
Louisiana Orphan Train Museum,223 S Academy St,Opelousas,LA,70570,30.531809,-92.07492
Pacific Island Ethnic Art Museum,695 Alamitos Ave,Long Beach,CA,90802,33.77505,-118.18046
Alamance County Historical Museum,4777 S Nc Highway 62,Burlington,NC,27215,36.03256,-79.48723
Gloucester Museum School,646 Washington St,Gloucester,MA,01930,42.648,-70.673775
Valley Relics Museum,21630 Marilla St,Chatsworth,CA,91311,34.247456,-118.60131
Blues Hall of Fame Museum,421 S Main St,Memphis,TN,38103,35.13517,-90.058685
Stop Drop & Play Childrens Museum,9982 Main St,Damascus,MD,20872,39.288326,-77.20423
Saints Hall of Fame Museum,415 Williams Blvd,Kenner,LA,70062,29.974777,-90.246414
Museum at Central School,124 2nd Ave E,Kalispell,MT,59901,48.197765,-114.31045
Ellis Railroad Museum,911 Washington St,Ellis,KS,67637,38.93817,-99.56008
Cheyenne Depot Museum,121 W 15th St Ste 300,Cheyenne,WY,82001,41.13166,-104.81478
Alameda Naval Air Museum,2151 Ferry Pt,Alameda,CA,94501,37.78132,-122.29806
Boykin's Tavern Museum,17146 Monument Cir,Isle Of Wight,VA,23397,36.8547,-76.721
Adel Historical Museum,1129 Main St,Adel,IA,50003,41.617146,-94.02159
General Longstreet Museum,5915 E Andrew Johnson Hwy,Russellville,TN,37860,36.257233,-83.195625
Wakefield House Museum,405 E 6th St,Blue Earth,MN,56013,43.638817,-94.09788
John C Flanagan House Museum,942 NE Glen Oak Ave,Peoria,IL,61603,40.704563,-89.58594
Touchstone; Wildlife & Art Museum,3386 Highway 80,Haughton,LA,71037,32.555466,-93.591965
Historic RailPark & Train Museum,401 Kentucky St,Bowling Green,KY,42101,36.99959,-86.43719
Siskiyou Arts Museum,5824 Dunsmuir Ave,Dunsmuir,CA,96025,41.2088,-122.27309
Nichols House Museum,55 Mount Vernon St,Boston,MA,02108,42.35847,-71.06598
Village Museum,405 Pinckney St,Mc Clellanville,SC,29458,33.081627,-79.45895
Aptucxet Trading Post Museum,24 Aptucxet Rd,Buzzards Bay,MA,02532,41.742954,-70.60079
Ethan Allen Homestead Museum,WINOOSKI Valley Park,Burlington,VT,05401,44.506653,-73.234566
Houdini Museum,745 N Lincoln Ave,Scranton,PA,18504,41.422836,-75.67768
Roads and Rails Museum,200 N East St,Frederick,MD,21701,39.41657,-77.40482
Dekalb Hosiery Museum,514 Gault Ave N,Fort Payne,AL,35967,34.44467,-85.71943
Shore Line Trolley Museum,17 River Rd,East Haven,CT,06512,41.320972,-72.83397
Harvard Art Museum,485 Broadway,Cambridge,MA,02138,42.3748,-71.114105
Czech Memorial Museum,114 S Kansas Ave,Jennings,KS,67643,39.680798,-100.29312
The Ralston General Store Museum,313 Mendham Rd W,Mendham,NJ,07945,40.771053,-74.62445
Marin History Museum,45 Leveroni Ct,Novato,CA,94949,38.07302,-122.53244
Stow West School Museum,Harvard Rd,Stow,MA,01775,42.43496,-71.52318
Bix Beiderbecke Museum and Archives,129 N Main St,Davenport,IA,52801,41.520653,-90.575424
Garden of the Rockies Museum,400 Round Butte Rd W,Ronan,MT,59864,47.529644,-114.10378
Scienceworks Hands-On Museum,1500 E Main St,Ashland,OR,97520,42.19477,-122.68784
Falmouth Heritage Museum,60 Woods Rd,Falmouth,ME,04105,43.73804,-70.24776
Museum of Science & Industry,5727 N 7th St,Phoenix,AZ,85014,33.520515,-112.064835
Montana Museum of Art,6 University Of Mt Missoula,Missoula,MT,59812,46.8603,-113.981
Faulkner County Museum,801 Locust Ave,Conway,AR,72034,35.088814,-92.44271
The Schoolhouse Museum,516 Main St,Smithfield,VA,23430,36.9783,-76.639114
Kearny Cottage Museum,63 Catalpa Ave,Perth Amboy,NJ,08861,40.501316,-74.27206
AeroKnow Museum,900 Capital Airport Dr,Springfield,IL,62707,39.84335,-89.666855
Old Town Museum,420 S 14th St,Burlington,CO,80807,39.296513,-102.267845
Mutter Museum,19 S 22nd St,Philadelphia,PA,19103,39.95328,-75.17665
Longyear Museum,50 Dunster Rd,Chestnut Hill,MA,02467,42.324875,-71.16239
National Public Housing Museum,625 N Kingsbury St,Chicago,IL,60654,41.8929,-87.64075
Shemer Art Center and Museum,5005 E Camelback Rd,Phoenix,AZ,85018,33.50565,-111.97207
Benson Museum of Local History,102 W Main St,Benson,NC,27504,35.381706,-78.5481
Way It Was Museum,113 S C St,Virginia City,NV,89440,39.30922,-119.64988
Lynchburg Museum,901 Court St,Lynchburg,VA,24504,37.413773,-79.1443
Burns Home Museum,2624 Biddle Ave,Wyandotte,MI,48192,42.207294,-83.14867
Indian Museum-North America,12151 Avenue Of The Chiefs,Crazy Horse,SD,57730,43.827583,-103.63252
Arthur J. Moore Methodist Museum,100 Arthur J Moore Dr,Saint Simons Island,GA,31522,31.173119,-81.405975
Slavery & Civil War Museum,1410 Water Ave,Selma,AL,36703,32.40781,-87.01591
Memphis Rock n Soul Museum,191 Beale St,Memphis,TN,38103,35.139378,-90.05168
Indian Creek Hist Soc/Museum,PO Box 411,Treynor,IA,51575,41.2328,-95.6132
The Museum Spa,58 Greenwood Ave,Wayne,NJ,07470,40.91376,-74.26677
Doll Toy Museum of New York City,157 Montague St,Brooklyn,NY,11201,40.694553,-73.99289
Library & Museum,119 Pine St,Lathrop,MO,64465,39.555973,-94.331955
El Paso Museum of Archaeology,4301 Woodrow Bean,El Paso,TX,79924,31.903353,-106.44981
Firefighters Historical Museum,428 Chestnut St,Erie,PA,16507,42.127884,-80.095
Boston Tea Party Ship & Museum,306 Congress St,Boston,MA,02210,42.35159,-71.050095
Railroaders Memorial Museum,1300 9th St,Altoona,PA,16601,40.51919,-78.39903
Jenkins Plantation Museum,8814 Ohio River Rd,Lesage,WV,25537,38.585804,-82.24684
Echoes Museum Store,9101 Prince William St,Manassas,VA,20110,38.749535,-77.471436
Southwest Museum Services,5610 San Francisco Rd NE,Albuquerque,NM,87109,35.166943,-106.5825
The Haggin Museum,1201 N Pershing Ave,Stockton,CA,95203,37.96099,-121.31244
Kern Valley Museum,49 Big Blue Rd,Kernville,CA,93238,35.755135,-118.426605
Kennedy Museum of Art,100 Ridges Cir,Athens,OH,45701,39.32068,-82.11049
Bemis Mill Village Museum,2 N Missouri St,Jackson,TN,38301,35.575512,-88.82093
Heartland Heritage Center Museum,114 N Broadway St,Checotah,OK,74426,35.47038,-95.52308
City of Newport News Museums,2803 Oak Ave,Newport News,VA,23607,36.990295,-76.40509
Soldotna Historical Society Museum,461 Centennial Park Rd,Soldotna,AK,99669,60.47719,-151.08734
Cason Cottage Museum,5 NE 1st St,Delray Beach,FL,33444,26.463587,-80.07299
Postmark Collectors Club Museum,5001 State Route 4,Bellevue,OH,44811,41.279636,-82.78832
WOW! Children's Museum,110 N Harrison Ave,Lafayette,CO,80026,39.998882,-105.08917
Jackson Hole Children's Museum,155 N Jean St,Jackson,WY,83001,43.481155,-110.7573
Perlman Teaching Museum,320 3rd St E,Northfield,MN,55057,44.45725,-93.15628
Brownsville Museum of Fine Art,660 E Ringgold St,Brownsville,TX,78520,25.911592,-97.493324
Lone Pine Film History Museum,701 Haiwee St,Lone Pine,CA,93545,36.596455,-118.05331
New England Ski Museum,135 Tramway Dr,Franconia,NH,03580,44.171745,-71.689735
North Carolina Railway Museum,3900 Bonsal Rd,New Hill,NC,27562,35.660454,-78.973206
Republic of W Florida Museum,3406 College St,Jackson,LA,70748,30.839956,-91.21334
College Park Aviation Museum,1985 Corporal Frank Scott Dr,College Park,MD,20740,38.978767,-76.92267
Museum Of Non-Fictional Conspiracy,7 Elbon Dr,Pipestone,MN,56164,43.988415,-96.32684
Rosa Parks Library and Museum,252 Montgomery St,Montgomery,AL,36104,32.376575,-86.31131
Rayne City Museum,1023 The Blvd,Rayne,LA,70578,30.245731,-92.269844
Museum of Flight Hixson,1824 E Crabtree Rd,Hixson,TN,37343,35.19126,-85.17303
El Paso Museum of Art,1 Arts Festival Plz,El Paso,TX,79901,31.758196,-106.490326
Saunders Museum,113 E Madison Ave,Berryville,AR,72616,36.364517,-93.56621
Museum Computer Network,4000 Michigan Rd,Indianapolis,IN,46208,39.825146,-86.18129
The Phoenician Ship Museum,2495 280th St,Montrose,IA,52639,40.55238,-91.43235
Peshtigo Fire Museum,400 Oconto Ave,Peshtigo,WI,54157,45.05587,-87.75389
Legacy Flight Museum,435 Johnson St,Rexburg,ID,83440,43.819366,-111.79985
James W Dillon House Museum,1302 W Main St,Dillon,SC,29536,34.433292,-79.382576
Aviation Museum of Ky,4316 Hangar Dr,Lexington,KY,40510,38.03163,-84.60005
Grand Encampment Museum,807 Barnett Ave,Encampment,WY,82325,41.203526,-106.78965
Kingman Railroad Museum,401 E Andy Devine Ave Ste C,Kingman,AZ,86401,35.188736,-114.05288
Dewitt County Museum,219 E Woodlawn St,Clinton,IL,61727,40.160007,-88.959145
Museum of Disability History,3826 Main St,Buffalo,NY,14226,42.96202,-78.80776
Norton Museum of Art,1451 S Olive Ave,West Palm Beach,FL,33401,26.70066,-80.0531
Yellowstone County Museum,1950 Terminal Cir,Billings,MT,59105,45.80235,-108.53935
Dixon County Museum & Historical,225 S Clark St,Allen,NE,68710,42.41581,-96.84555
Avenal Historical Museum,600 E Fresno St,Avenal,CA,93204,36.00336,-120.12949
Steffen Thomas Museum & Archives,4200 Bethany Rd,Buckhead,GA,30625,33.527447,-83.3987
Museum of Science,3280 S Miami Ave,Miami,FL,33129,25.746784,-80.211235
British Transportation Museum,2304 Wrenside Ln,Dayton,OH,45440,39.659466,-84.12063
Booth Western Art Museum,501 N Museum Dr,Cartersville,GA,30120,34.16771,-84.796196
USA F Airman Heritage Museum,2051 George Ave,Lackland Afb,TX,78236,29.385916,-98.62227
Victorian Bridal Museum,146 N Harvard St,Hemet,CA,92543,33.748688,-116.97043
Berry-Glenn Historical Museum,302 S Highway 51,Puxico,MO,63960,36.94829,-90.16057
Shook Museum,10404 Granite St,Charlotte,NC,28273,35.125862,-80.923546
Denison Museum,40 W Broadway,Granville,OH,43023,40.06819,-82.5203
Mission Houses Museum,553 S King St,Honolulu,HI,96813,21.304321,-157.85709
Old Firehouse and Police Museum,402 23rd Ave E,Superior,WI,54880,46.704185,-92.04813
Lincoln League Museum Store,15365 Lincoln League Ln,Petersburg,IL,62675,39.978176,-89.84101
Lyons Redstone Museum,340 High St,Lyons,CO,80540,40.225452,-105.269165
Swigart Auto Museum,12031 William Penn Hwy,Huntingdon,PA,16652,40.44412,-77.94707
Markethouse Museum,205 S Burke St,Goliad,TX,77963,28.66687,-97.38593
Morattico Waterfront Museum,6584 Morattico Rd,Morattico,VA,22523,37.7891,-76.6294
Southern Tenant Farmers Museum,117 N Main St,Tyronza,AR,72386,35.492428,-90.358635
Metropolitan Museum of Art,5 Ave & 82,New York,NY,10001,40.7509,-73.9974
Pennsylvania Historical Museum,55 E Broad St,Bethlehem,PA,18018,40.622433,-75.37676
Rensselaer Russell House Museum,503 South St,Waterloo,IA,50701,42.4927,-92.34429
Appanoose Historical Museum,100 W Maple St,Centerville,IA,52544,40.732365,-92.87462
Stanton County Museum,104 E Beatty Ave,Johnson,KS,67855,37.5776,-101.7506
Utah Museum of Fine Arts,410 S Campus Center Dr,Salt Lake City,UT,84112,40.76074,-111.84333
Tom Mix Museum,721 N Delaware St,Dewey,OK,74029,36.798805,-95.93837
Mammoth Cave Wildlife Museum,409 E Happy Valley St,Cave City,KY,42127,37.127274,-85.9619
Museum of Contemporary Native Arts,83 A Van Nu Po,Santa Fe,NM,87508,35.585407,-106.01116
Saginaw Valley Naval Ship Museum,1680 Martin St,Bay City,MI,48706,43.614784,-83.87207
Museum of Indian Culture,2825 Fish Hatchery Rd,Allentown,PA,18103,40.5642,-75.5091
Kinnear Museum of Local History,52 Main St,Queensbury,NY,12804,43.300457,-73.66788
National Museum of-US Army,2425 Wilson Blvd,Arlington,VA,22201,38.89074,-77.08815
Somers Point Historical Museum,745 Shore Rd,Somers Point,NJ,08244,39.313396,-74.59612
Childrens Museum In Oak Lawn,5100 Museum Dr,Oak Lawn,IL,60453,41.719463,-87.74801
Talmage Museum and Library,2978 Main St,Talmage,KS,67482,39.02683,-97.25975
Crisp Ellert Art Museum,74 King St,Saint Augustine,FL,32084,29.892147,-81.31486
Delta Flight Museum,1060 Delta Blvd,Atlanta,GA,30354,33.655407,-84.42304
Marine Corps Museum Shop,18723 Fuller Heights Rd,Triangle,VA,22172,38.545624,-77.33431
Wisner Heritage Museum,920 Avenue E,Wisner,NE,68791,41.987057,-96.913605
Longwood Museum & Cultural Center,11084 Blanchard Furrh Rd,Mooringsport,LA,71060,32.55969,-94.04094
Dickinson County Museum,1708 Keokuk Ave,Spirit Lake,IA,51360,43.423275,-95.10603
Kearny County Museum,111 S Buffalo St,Lakin,KS,67860,37.93906,-101.257095
Brewer Historical Clewley Museum,199 Wilson St,Brewer,ME,04412,44.79236,-68.76255
Heritage Museum Coteau Des Prairies,45356 119th St,Sisseton,SD,57262,45.6602,-97.00898
Main Street Museum,23836 W Main St,Plainfield,IL,60544,41.613792,-88.20047
Ten Sleep Museum,436 2nd St,Ten Sleep,WY,82442,44.033916,-107.44578
Biltmore Industries Homespun Museum,111 Grovewood Rd,Asheville,NC,28804,35.6207,-82.54441
St Augustine Lighthouse & Museum,1704 Lakeside Ave Ste 6,Saint Augustine,FL,32084,29.869831,-81.330414
Talbot Library & Museum,500 S Colcord Ave,Colcord,OK,74338,36.260212,-94.69305
Louisiana State Oil & Gas Museum,200 S Land Ave,Oil City,LA,71061,32.741295,-93.97097
National Museum of Marine Corps,18900 Jefferson Davis Hwy,Triangle,VA,22172,38.542114,-77.33917
Indiana State Museum,650 W Washington St,Indianapolis,IN,46204,39.767464,-86.168205
Fort Wallace Museum,2655 Us Highway 40,Wallace,KS,67761,38.909904,-101.5817
Pony Express Museum,106 S 8th St,Marysville,KS,66508,39.841568,-96.64792
Harbor Arts Museum,93 High St,Portsmouth,NH,03801,43.07826,-70.75888
Freedom House Museum,1315 Duke St,Alexandria,VA,22314,38.803814,-77.05426
National Automobile Museum,10 S Lake St,Reno,NV,89501,39.52542,-119.80944
Michigan Flywheelers Museum,06285 68th St,South Haven,MI,49090,42.392696,-86.2069
Hearthstone Historic House Museum,625 W Prospect Ave,Appleton,WI,54911,44.254524,-88.41466
Boulder History Museum,1206 Euclid Ave,Boulder,CO,80302,40.00532,-105.27708
Browning Kimball Car Museum,2501 Wall Ave Lbby 1,Ogden,UT,84401,41.220985,-111.97904
Rawls Museum Arts,22376 Linden St,Courtland,VA,23837,36.713215,-77.062096
Lafayette Museum,1122 Lafayette St,Lafayette,LA,70501,30.221146,-92.02098
Steinbeck Wax Museum,700 Cannery Row,Monterey,CA,93940,36.616386,-121.900406
Millersburg Glass Museum,484 Wooster Rd,Millersburg,OH,44654,40.55931,-81.91846
Witte Museum,2750 Mulberry St,Riverside,CA,92501,33.98912,-117.36276
Creation Experience Museum,4180 Us Highway 65,Walnut Shade,MO,65771,36.752865,-93.22307
NDGA National Glass Museum,117 S Washington Ave,Wellington,KS,67152,37.265514,-97.39782
Arkansas Tech University Museum,1502 N El Paso Ave,Russellville,AR,72801,35.293354,-93.136856
Rea Power Plant Museum,1450 110th St,Hampton,IA,50441,42.687183,-93.23369
Midgley Museum,1001 Sequoyah Dr,Enid,OK,73703,36.38971,-97.890335
Bates College Museum of Art,75 Russell St,Lewiston,ME,04240,44.10884,-70.20263
Houston Museum-Decorative Arts,201 High St,Chattanooga,TN,37403,35.05474,-85.30568
HP Sears Service Station Museum,201 N George St,Rome,NY,13440,43.214188,-75.460724
New Museum Of Contemporary Art,210 11th Ave,New York,NY,10001,40.749718,-74.00613
Prairieland Heritage Museum,1005 W Lafayette Ave,Jacksonville,IL,62650,39.73779,-90.24602
The Florence B Dearing Museum,3505 Avon St,Hartland,MI,48353,42.65535,-83.75448
Ellis Island Immigration Museum,Liberty Is,New York,NY,10004,40.690086,-74.045265
Atlantic Wildfowl Heritage Museum,1113 Atlantic Ave,Virginia Beach,VA,23451,36.840107,-75.97265
African-American Historical Museum,436 E Douglas Ave,Fort Wayne,IN,46802,41.074055,-85.132645
Drummond Island Historical Museum,33492 S Water St,Drummond Island,MI,49726,46.02195,-83.74652
Children's Museum at Holyoke,444 Dwight St,Holyoke,MA,01040,42.205982,-72.605804
Staats House Museum,17 Von Steuben Ln,South Bound Brook,NJ,08880,40.551575,-74.521706
California Flight Museum,6810 Curran St,San Diego,CA,92154,32.570625,-116.99184
Museum Masters International,352 Montauk Hwy,Water Mill,NY,11976,40.90517,-72.36247
Christian Petersen Art Museum,290 Scheman Bldg,Ames,IA,50011,42.01967,-93.63722
Stafford Air & Space Museum,3000 Logan Rd,Weatherford,OK,73096,35.544716,-98.671585
Barrow County Museum,74 W Athens St,Winder,GA,30680,33.992893,-83.72196
Riverside Historical Museum,10 Pine Ave,Riverside,IL,60546,41.827667,-87.82008
Vietnam War Foundation & Museum,6265 Spring Hill Rd,Ruckersville,VA,22968,38.201385,-78.401276
Orcas Island Historical Museum,181 W Beach Rd,Eastsound,WA,98245,48.678677,-122.943214
Tallapoosa Museum,185 Mann St,Tallapoosa,GA,30176,33.751575,-85.293785
Audio Recroding Museum of Science,248A Old Lyman Rd,South Hadley,MA,01075,42.216244,-72.561516
Eaton House Museum & Office,1939 Butte St,Redding,CA,96001,40.58274,-122.39755
Palm Beach Maritime Museum,4512 N Flagler Dr,West Palm Beach,FL,33407,26.752138,-80.0526
Gettysburg Seminary Ridge Museum,111 Seminary Rdg,Gettysburg,PA,17325,39.832092,-77.24447
Loudermilk Boarding House Museum,271 Foreacre St,Cornelia,GA,30531,34.51171,-83.52425
Words and Pictures Museum,136 West St,Northampton,MA,01060,42.312775,-72.64082
Grindle Point Museum,615 Ferry Rd,Islesboro,ME,04848,44.282494,-68.93956
Marietta Museum of History,9135 Willeo Rd,Roswell,GA,30075,34.002518,-84.3795
Georgia Museums Inc,501 N Museum Dr,Cartersville,GA,30120,34.16771,-84.796196
Labor Museum & Learning Center,711 N Saginaw St,Flint,MI,48503,43.02255,-83.69372
Gorge Heritage Museum,202 E Humbolt St,Bingen,WA,98605,45.715847,-121.46713
Georgia State Railroad Museum,655 Louisville Rd,Savannah,GA,31415,32.07642,-81.10139
Creation Adventures Museum Inc,1220 W Imogene St,Arcadia,FL,34266,27.222675,-81.8722
Sturgis One Room School Museum,209 Willow St,Pocomoke City,MD,21851,38.075005,-75.56874
Bert Rodriguez Museum,8333 Clinton St Apt 3,West Hollywood,CA,90048,34.082172,-118.371605
Museum of Biodiversity-Greene,157 Jordan Hall Of Science,Notre Dame,IN,46556,41.7027,-86.2393
Bradford Museum,3009 Gilmore Ave,Ionia,IA,50645,42.92045,-92.41688
Rock Springs Historical Museum,212 D St,Rock Springs,WY,82901,41.58592,-109.219406
Vietnam Veterans Hist Museum,1095 N Dixie Hwy,Monroe,MI,48162,41.925194,-83.36702
Rodgers Tavern Museum,259 Broad St,Perryville,MD,21903,39.55766,-76.07693
Lynn Museum & Historical Society,590 Washington St,Lynn,MA,01901,42.46296,-70.94399
Holly Hill Historic Museum,1066 Ridgewood Ave,Holly Hill,FL,32117,29.244204,-81.041046
Teaching Museum South,689 North Ave,Hapeville,GA,30354,33.66548,-84.41195
Old Barn Museum,7127b Oak Ridge Dr,Newark,IL,60541,41.54326,-88.58118
Historic Midway Museum Store,124 E Main St,Midway,KY,40347,38.1506,-84.68293
Tubman African American Museum,340 Walnut St,Macon,GA,31201,32.836765,-83.623
Treasury of Faith Museum,830 N Franklin St,Philadelphia,PA,19123,39.966133,-75.15009
Trinity County Museum,450 W 1st St,Groveton,TX,75845,31.057537,-95.130974
Irish-American Heritage Museum,370 Broadway,Albany,NY,12207,42.647427,-73.750496
Alaska Trooper Museum,245 W 5th Ave,Anchorage,AK,99501,61.217705,-149.88628
Harvey House Museum,104 N 1st St,Belen,NM,87002,34.65961,-106.76846
Badger Mine & Museum,279 W Estey St,Shullsburg,WI,53586,42.56989,-90.23502
Margaret Mitchell Museum,999 Peachtree St NE,Atlanta,GA,30309,33.781548,-84.38384
Cocopah Museum,14533 S Veterans Dr,Somerton,AZ,85350,32.615807,-114.76778
Stephens Museum,T Berry Smith Hall,Fayette,MO,65248,39.1419,-92.6635
Kiowa County Museum,1313 Maine St,Eads,CO,81036,38.479797,-102.78158
Meredosia River Museum,305 Main St,Meredosia,IL,62665,39.830544,-90.56116
Centennial Village Museum,1475 A St,Greeley,CO,80631,40.435364,-104.70291
Swiss Heritage Village and Museum,1200 Swiss Way,Berne,IN,46711,40.669266,-84.9478
Illinois Fire Museum,Main & Central Ave,Springfield,IL,62794,39.8016,-89.6436
Simpkins War Museum,605 E Cole St,Heyworth,IL,61745,40.313007,-88.96968
Eastside Fire Museum,5350 University Ave,Indianapolis,IN,46219,39.766197,-86.07739
Historic Madison County Museum,122 N Main St,Fredericktown,MO,63645,37.560993,-90.29458
Funk Prairie Home Museum,10875 Prairie Home Ln,Shirley,IL,61772,40.38809,-89.06008
Children's Museum of Memphis,2525 Central Ave,Memphis,TN,38104,35.125614,-89.97788
Avon Historical Society Museum,8 E Main St,Avon,CT,06001,41.809418,-72.82961
Graceland Museum,501 S Muldrow St,Mexico,MO,65265,39.169296,-91.88876
Intercultural Museum Gall,1317 N Central Ave,Baltimore,MD,21202,39.3055,-76.60037
Maritime & Seafood Industry Museum,115 1st St,Biloxi,MS,39530,30.3936,-88.85914
Larue Hot Springs Museum,110 Hot Springs Rd,Hot Springs,MT,59845,47.60915,-114.64947
Poway Museum,14114 Midland Rd,Poway,CA,92064,32.96973,-117.03631
Museum of Dream Space,8500 Beverly Blvd,Los Angeles,CA,90048,34.07587,-118.37769
Baseball Heritage Museum,6601 Lexington Ave,Cleveland,OH,44103,41.511154,-81.64387
Pembina State Museum,805 Highway 59,Pembina,ND,58271,48.972637,-97.25419
Sandwich Glass Museum,129 Main St,Sandwich,MA,02563,41.758507,-70.500534
Frontier Gateway Museum,201 State St,Glendive,MT,59330,47.124504,-104.689964
Blythe's Scott Co Museum,1205 N Main St,Waldron,AR,72958,34.912334,-94.09417
Alden Depot Park and Museum,10670 Coy St,Alden,MI,49612,44.87852,-85.27679
Westport Maritime Museum,2201 Westhaven Dr,Westport,WA,98595,46.907948,-124.11147
Canyon County Historical Museum,1200 Front St,Nampa,ID,83651,43.580597,-116.56018
Pocahontas County Museum,17890 Seneca Trl,Marlinton,WV,24954,38.22167,-80.101265
Laurens Museum,205 W Laurens St,Laurens,SC,29360,34.49954,-82.01615
Sacramento Valley Museum,1491 E St,Williams,CA,95987,39.152344,-122.161
Carriage Museum of America,3915 Jay Trump Rd,Lexington,KY,40511,38.152847,-84.518005
Pacific Pinball Museum,1029 Central Ave,Alameda,CA,94501,37.77132,-122.26742
State of Wisconsin Museum,30 Carillon Dr,Madison,WI,53705,43.06759,-89.47522
Acadian Museum,203 S Broadway St,Erath,LA,70533,29.957842,-92.034485
Catharine B Mitchell Museum,967 Academy Hill Rd,Stratford,CT,06615,41.18797,-73.12947
Geronimo Springs Museum,211 Main St,Truth Or Consequences,NM,87901,33.130016,-107.25269
Museum-the VLG-Rockville Center,28 Hempstead Ave,Rockville Centre,NY,11570,40.661877,-73.64734
Museum of Florida History,500 S Bronough St,Tallahassee,FL,32399,30.438038,-84.284546
Santa Claus Museum & Village,69 Indiana 245,Santa Claus,IN,47579,38.1142,-86.9325
State Museum Of Pennsylvania,1937 New Hope St,Norristown,PA,19401,40.12423,-75.31739
Anna Hazzard Museum,17 Christian St,Rehoboth Beach,DE,19971,38.715214,-75.0833
NHRA Motorsports Museum,1101 W Mckinley Ave,Pomona,CA,91768,34.08131,-117.76695
Ritzville Museums,902 S Jackson St,Ritzville,WA,99169,47.119698,-118.374275
Children's Museum of East End,376 Sag Harbor Tpke,East Hampton,NY,11937,40.971577,-72.24186
Camp Moore Museum & Cemetery,70640 Simmons Rd,Kentwood,LA,70444,30.88201,-90.43752
Wo Hing Temple Museum,1022 Front St,Lahaina,HI,96761,20.879517,-156.68317
Finnish American HRTG & Museum,4107 Diane Dr,Ashtabula,OH,44004,41.871563,-80.73462
Public Health Museum,365 East St,Tewksbury,MA,01876,42.611694,-71.220634
Metropolitan Museum of Art,6 E 82nd St,New York,NY,10028,40.778656,-73.962006
Interactive Museum,23 Center St,Middletown,NY,10940,41.44607,-74.42051
Whipple Company Store and Museum,7485 Okey L Patteson Rd,Scarbro,WV,25917,37.958668,-81.1656
Gordon R Howard Museum,115 N Lomita St,Burbank,CA,91506,34.172955,-118.318085
Academy Building Museum,250 N Monroe St,Mooresville,IN,46158,39.615005,-86.380424
Mandarin Museum,11964 Mandarin Rd,Jacksonville,FL,32223,30.165344,-81.64584
Peel Mansion Museum,400 S Walton Blvd,Bentonville,AR,72712,36.36858,-94.22188
Kansas Aviation Museum,3350 S George Washington Blvd,Wichita,KS,67210,37.63243,-97.27389
Gadsden Museum of Art,2829 W Meighan Blvd,Gadsden,AL,35904,34.02273,-86.04888
Valdez Museum & Historical Archive,PO Box 8,Cordova,AK,99574,60.5344,-145.7291
Northport Museum,215 Main St,Northport,NY,11768,40.900936,-73.34769
Carter Toy Museum,PO Box 100,Zionsville,IN,46077,39.9605,-86.2808
Tintic Mining Museum,241 W Main St,Eureka,UT,84628,39.954403,-112.11974
Clinton County Historical Museum,98 Ohio Rd,Plattsburgh,NY,12903,44.68289,-73.445854
Chico Museum,141 Salem St,Chico,CA,95928,39.729504,-121.84241
Les Cheneaux Maritime Museum,105 Meridian St,Cedarville,MI,49719,45.9954,-84.3629
City of Portsmouth Museums,2 High St,Portsmouth,VA,23704,36.835938,-76.29626
Science Museum of Long Island,1526 Plandome Rd,Manhasset,NY,11030,40.815617,-73.70285
Cherokee Historical Museum,87 Peachtree St,Murphy,NC,28906,35.086708,-84.0331
Akron Sound Museum,733 W Market St,Akron,OH,44303,41.095524,-81.54071
Dennos Museum Center,1701 E Front St,Traverse City,MI,49686,44.7643,-85.58264
Medal of Honor Museum Archives,2200 N Chamberlain Ave,Chattanooga,TN,37406,35.06232,-85.25053
Tri-State Mineral Museum,400 N Schifferdecker Ave,Joplin,MO,64801,37.09566,-94.54871
Drum Barrack Civil War Museum,1052 N Banning Blvd,Wilmington,CA,90744,33.78428,-118.25806
The Salem Museum,801 W Main St,Salem,VA,24153,37.29059,-80.073105
Naval Air Museum,500 Forrestal Rd,Rio Grande,NJ,08242,39.004665,-74.91011
Woodlawn Museum,19 Black House Dr,Ellsworth,ME,04605,44.536964,-68.432785
Adventure! Children's Museum,490 Valley River Ctr,Eugene,OR,97401,44.069508,-123.108
Inland NW Rail Museum,27300 Sprinkle Rd N,Reardan,WA,99029,47.662933,-117.937805
African Art National Museum,950 Independence Ave SW,Washington,DC,20560,38.88743,-77.02494
Sheboygan County Historical Museum,3110 Erie Ave,Sheboygan,WI,53081,43.75246,-87.749565
Anacortes Museum,1305 8th St,Anacortes,WA,98221,48.515736,-122.617714
Poarch Creek Indian Museum,5811 Jack Springs Rd,Atmore,AL,36502,31.089537,-87.54492
Silver Cliff Museum,606 Main St,Silver Cliff,CO,81252,38.135796,-105.46315
Children's Museum of Green Bay,301 N Washington St,Green Bay,WI,54301,44.516624,-88.01475
Nassau County Museum of Art,1 Museum Dr,Roslyn,NY,11576,40.807552,-73.635155
Air & Military Museum of the Ozarks,2305 E Kearney St,Springfield,MO,65803,37.23983,-93.249275
CRRA Trash Museum,211 Murphy Rd,Hartford,CT,06114,41.737373,-72.654305
Steiner Museum,1980 Reber Rd,Fairview,MI,48621,44.754,-84.056946
Mint Museum of Art,39 Market St SW,Concord,NC,28025,35.40937,-80.5809
North Loln County Historical Museum,4907 SW Highway 101,Lincoln City,OR,97367,44.92892,-124.0161
Virgin Valley Heritage Museum,31 E Mesquite Blvd,Mesquite,NV,89027,36.80418,-114.06723
Honolulu's Police Department Museum,801 S Beretania St,Honolulu,HI,96813,21.304296,-157.8511
Elvis Presley Museum & Gift Shops,2530 Parkway,Pigeon Forge,TN,37863,35.80652,-83.57756
Wt Colmesneil Library & Museum,106 N Pitzer St,Colmesneil,TX,75938,30.908234,-94.41939
Raleigh county veterans museum,1557 Harper Rd,Beckley,WV,25801,37.783108,-81.20411
Museum on the Square,520 3rd St,Santa Rosa,CA,95401,38.439213,-122.71399
Daniels County Museum,7 W County Rd,Scobey,MT,59263,48.863808,-105.60629
Harbor History Museum,4121 Harborview Dr,Gig Harbor,WA,98332,47.336746,-122.59324
Kansas Oil and Gas Museum,5944 4th St,Great Bend,KS,67530,38.347294,-98.815994
St Paul Historical Museum,6869 Champoeg Rd NE,Saint Paul,OR,97137,45.256817,-122.92476
Button Museum,53 Joe Dority Rd,Bishopville,SC,29010,34.237064,-80.34961
J. H. Hawes Grain Elevator Museum,301 SW 2nd St,Atlanta,IL,61723,40.26063,-89.23443
Little Snake River Museum,PO Box 13,Savery,WY,82332,41.0793,-107.3321
Museum School for the Visual Arts,140 N Main Ave,Tucson,AZ,85701,32.223564,-110.97545
Mcdonald's Museum,400 Lee St,Des Plaines,IL,60016,42.046074,-87.88601
Arkansas State University Museum,320 University Loop W,Jonesboro,AR,72401,35.838963,-90.68006
Wayne Van Riper Hopper Museum,533 Berdan Ave,Wayne,NJ,07470,40.977867,-74.24223
Flagler Beach Historical Museum,105 Oak St,Flagler Beach,FL,32136,29.47516,-81.13738
Sewall-Belmont House and Museum,144 Constitution Ave NE,Washington,DC,20002,38.89216,-77.00467
Palisades Museum Prehistory,5766 Sherier Pl NW,Washington,DC,20016,38.933594,-77.111565
Catharine V. Yost Museum,298 W Water St,Pontiac,IL,61764,40.878517,-88.63101
Corinth Museum,609 Palmer Ave,Corinth,NY,12822,43.246655,-73.8141
Wills Sainte Claire Museum,2408 Wills St,Marysville,MI,48040,42.886093,-82.48386
Newport Car Museum,1947 W Main Rd,Portsmouth,RI,02871,41.567444,-71.2813
Daviess County Museum,212 E Main St,Washington,IN,47501,38.65709,-87.17309
Walter P Chrysler Museum,1 Chrysler Dr,Auburn Hills,MI,48326,42.650642,-83.224106
Lakeview Museum of Arts & Sciences,222 SW Washington St,Peoria,IL,61602,40.68962,-89.59007
Thousand Islands Museum,312 James Street,Clayton,NY,13624,44.2404,-76.08872
Petaluma Museum Association,20 4th St,Petaluma,CA,94952,38.232506,-122.639496
American Farm Heritage Museum,1395 Museum Ave,Greenville,IL,62246,38.8744,-89.37241
Sawin Museum,80 Dedham St,Dover,MA,02030,42.24749,-71.27741
Heisey Museum,362 E Water St,Lock Haven,PA,17745,41.137524,-77.43972
Museum Of Natural History,5047 Gullen Mall,Detroit,MI,48202,42.355816,-83.06942
Museum of Hudson Highlands,25 Boulevard,Cornwall On Hudson,NY,12520,41.439274,-74.01331
Orange County Farmers Museum,850 State Route 17k,Montgomery,NY,12549,41.52426,-74.17704
Children's Museum of Naples,501 Goodlette-Frank Rd N,Naples,FL,34102,26.153631,-81.79116
Cold Springs School & Museum,303 Portland Blvd,Portland,TN,37148,36.583214,-86.50921
Lucas Museum Of Narrative Art,3800 S Vermont Ave,Los Angeles,CA,90037,34.016712,-118.291374
Ann Arbor Hands-On Museum,220 E Ann St,Ann Arbor,MI,48104,42.28216,-83.74686
Childrens Museum,502 SE Broad St,Murfreesboro,TN,37130,35.839104,-86.38694
Hawk Dale and Martha Museum,4839 78th St,Wolford,ND,58385,48.545082,-99.61782
Old Rugged Cross Museum,4918 N Chestnut St,Reed City,MI,49677,43.88173,-85.50992
Museum Master Int,26 E 64th St,New York,NY,10065,40.76666,-73.969376
Lincoln Memorial Museum,207 Lincoln St,Marion,AL,36756,32.625828,-87.329094
Firehouse Museum,1572 Columbia St,San Diego,CA,92101,32.721733,-117.16755
Los Gatos Museum,4 Tait Ave,Los Gatos,CA,95030,37.22359,-121.98569
Randolph County Historical Museum,416 S Meridian St,Winchester,IN,47394,40.168903,-84.98262
The Steven Arnold Museum & Archives,141 Kapuai Rd,Haiku,HI,96708,20.89742,-156.2797
Clement Museum,100 Frank Clement Pl,Dickson,TN,37055,36.075504,-87.38923
Mighty Children's Museum,21 E 4th St,Chillicothe,OH,45601,39.332073,-82.98108
Wabash Valley Railroader Museums,1316 Plum St,Terre Haute,IN,47804,39.485966,-87.39732
Orange County Museum Of Art,3333 Bear St Ste 303,Costa Mesa,CA,92626,33.691685,-117.8924
Milwaukee Public Museum,800 W Wells St,Milwaukee,WI,53233,43.04038,-87.92181
Walker African-American Museum,705 W Van Buren Ave,Las Vegas,NV,89106,36.186756,-115.15123
Maine Forestry Museum,221 Stratton Rd,Dallas Plt,ME,04970,44.975815,-70.62705
Rocky Ford Historical Museum,203 S Main St,Rocky Ford,CO,81067,38.052574,-103.72014
Martha's Vineyard Museum,59 School St,Edgartown,MA,02539,41.38821,-70.51646
Wagaman Mill/Museum,200 East St,Lynnville,IA,50153,41.58011,-92.78296
Akta Lakota Museum,1301 N Main St,Chamberlain,SD,57325,43.822674,-99.32533
Asu Museum of Anthropology,7302 E Helm Dr,Scottsdale,AZ,85260,33.62021,-111.92239
Fleming Museum,400 W Weston St,Fleming,CO,80728,40.679684,-102.84455
Gardner Museum,28 Pearl St,Gardner,MA,01440,42.57952,-71.9851
Tamarack WV State Museum,1900 Kanawha Blvd E,Charleston,WV,25305,38.335674,-81.61301
Ranch Hope Carriage Museum,45 Sawmill Rd,Alloway,NJ,08001,39.549374,-75.36221
Poquoson Museum,968 Poquoson Ave,Poquoson,VA,23662,37.128227,-76.365486
Harbor Defense Museum,230 Sheridan Loop,Brooklyn,NY,11252,40.609196,-74.03266
Minnesota Museum of American Art,332 Robert St N,Saint Paul,MN,55101,44.946873,-93.0901
Euharlee Museum,118 Covered Bridge Rd SW,Euharlee,GA,30120,34.14363,-84.93189
Museum of Danish America,2212 Washington St,Elk Horn,IA,51531,41.591995,-95.06562
Pennsylvania Trolley Museum,1 Museum Rd,Washington,PA,15301,40.20783,-80.255325
Charles Curtis House Museum,1101 SW Topeka Blvd,Topeka,KS,66612,39.045914,-95.68238
Mennonite Museum Archives,715 D Ave,Kalona,IA,52247,41.484875,-91.70308
Duluth Childrens Museum,506 W Michigan St Ste 5,Duluth,MN,55802,46.781277,-92.10434
Walt Disney Family Museum,10 S Rodeo Dr,Beverly Hills,CA,90212,34.067017,-118.40109
Childrens Museum of Stockton,402 W Weber Ave,Stockton,CA,95203,37.952435,-121.29674
Early Ford V-8 Museum,2181 Rotunda Dr,Auburn,IN,46706,41.2799,-85.0733
Dabbs House Museum,3812 Nine Mile Rd,Richmond,VA,23223,37.541874,-77.38299
Ogden Dinosaur Park & Museum,1544 Park Blvd,Ogden,UT,84401,41.237957,-111.936035
Siege Museum,15 W Bank St,Petersburg,VA,23803,37.231895,-77.40533
Wytheville Boyd Museum,105 Tazewell St,Wytheville,VA,24382,36.94988,-81.083786
Earth Science Museum,1683 N Canyon Rd,Provo,UT,84604,40.256287,-111.656296
Paris Miners Museum,804 S Elm St,Paris,AR,72855,35.28604,-93.72986
Ute Indian Museum,1200 N Broadway,Denver,CO,80203,39.735718,-104.9872
White Oak Civil War Museum,985 White Oak Rd,Fredericksburg,VA,22405,38.300774,-77.3758
Clarkston Heritage Museum,6495 Clarkston Rd,Clarkston,MI,48346,42.74003,-83.40922
Ku Natural History Museum,1345 Jayhawk Blvd,Lawrence,KS,66045,38.958378,-95.24345
Governor Warner Mansion & Museum,33805 Grand River Ave,Farmington,MI,48335,42.466797,-83.381035
Marion County Historical Museum,210 Adams St,Fairmont,WV,26554,39.484337,-80.14358
Jim Crow Museum,1010 Campus Dr,Big Rapids,MI,49307,43.688515,-85.481895
Horry County Museum,805 Main St,Conway,SC,29526,33.841824,-79.050674
Breaking the Prairie Museum,901 Washington St,Mendota,IL,61342,41.547974,-89.12333
Anthracite Museum Complex,2 Eckley Main St,Weatherly,PA,18255,40.995506,-75.85609
Coastal Heritage Museum,532 N Citrus Ave,Crystal River,FL,34428,28.898743,-82.59322
Garrett Museum of Art,100 S Randolph St,Garrett,IN,46738,41.350258,-85.13581
Pioneer Krier Museum,430 W 4th Ave,Ashland,KS,67831,37.1928,-99.77076
Perris Valley Historical Museum,120 E 4th St,Perris,CA,92570,33.78253,-117.22798
Mebane Historical Museum,209 E Jackson St,Mebane,NC,27302,36.093037,-79.26608
Pacific Tsunami Museum,130 Kamehameha Ave,Hilo,HI,96720,19.726067,-155.0866
Pepin Depot Museum,806 5th St,Pepin,WI,54759,44.44444,-92.15179
Childrens Museum of Ne Montana,98 US Highway 2 E,Glasgow,MT,59230,48.19534,-106.62891
Museum On Main Street,603 Main St,Pleasanton,CA,94566,37.661694,-121.87542
Boyertow Museum of History,94 S Walnut St,Boyertown,PA,19512,40.33304,-75.63989
Midway Museum,491 N Coastal Hwy,Midway,GA,31320,31.806318,-81.430435
Regional Museum of History,200 E Saint John St,Spartanburg,SC,29306,34.9528,-81.92958
Bois Blanc Historical Museum,1030 W Huron Dr,Pointe Aux Pins,MI,49775,45.733063,-84.47064
Dukes of Hazzard Museum,2613 Mcgavock Pike,Nashville,TN,37214,36.21732,-86.69799
State School Orphanage Museum,540 W Hills Cir,Owatonna,MN,55060,44.089836,-93.23823
Smith Island Museum of History,101 Lighthouse Wynd,Bald Head Island,NC,28461,33.873684,-78.00069
George Anderson House Museum,215 E Lime Ave,Monrovia,CA,91016,34.14827,-117.99813
Newark Historical Society Museum,429 S College Ave,Newark,DE,19711,39.67018,-75.75283
Swanzey Historical Museum,720 W Swanzey Rd,West Swanzey,NH,03469,42.8583,-72.325
USM Museum of Art,118 College Dr,Hattiesburg,MS,39406,31.328245,-89.33276
Madison County Museum,210 W 3rd St,Madison,NE,68748,41.828087,-97.456505
Steel Plant Museum,100 Lee St,Buffalo,NY,14210,42.864876,-78.84335
Rollins Museum of Art,1000 Holt Ave # 2765,Winter Park,FL,32789,28.592,-81.36032
Yanks Air Museum,15121 Stearman Dr,Chino,CA,91710,33.9808,-117.6475
Duarte Historical Museum,777 Encanto Pkwy,Duarte,CA,91010,34.1435,-117.93721
Buffalo Museum of Science,1020 Humboldt Pkwy,Buffalo,NY,14211,42.907646,-78.84297
American Museum-Natrl History,79 St & Central Park W,New York,NY,10001,40.7509,-73.9974
Kemp Mineral Resources Museum,650 W Easterday Ave,Sault Sainte Marie,MI,49783,46.491848,-84.36475
Fairport Marine Museum,129 2nd St,Fairport Harbor,OH,44077,41.756893,-81.2778
Lake Country Discovery Museum,6340 Lake Oconee Pkwy,Greensboro,GA,30642,33.457542,-83.24471
Cherry Valley Museum,49 Main St,Cherry Valley,NY,13320,42.797516,-74.75121
City-Wagner Historical Museum,122 S Main St,Wagoner,OK,74467,35.959106,-95.37715
Minnesota Museum of Mining,701 W Lake St,Chisholm,MN,55719,47.489338,-92.88586
Benjamin Franklin Museum,317 Chestnut St,Philadelphia,PA,19106,39.94888,-75.14691
Oasis Bordello Museum,605 Cedar St,Wallace,ID,83873,47.472572,-115.92339
Bechtler Museum of Modern Art,420 S Tryon St,Charlotte,NC,28202,35.224472,-80.84723
Brown Museum of Art,335 W 8th St,Jacksonville,FL,32206,30.346354,-81.65948
Museum Partners Consulting,14 Highland Dr,Barnegat,NJ,08005,39.764843,-74.267715
Dinosaur Walk Museum,106 Showplace Blvd,Pigeon Forge,TN,37863,35.81563,-83.57754
Teaching Museum North,793 Mimosa Blvd,Roswell,GA,30075,34.020348,-84.363174
Hunter Museum of American Art,10 Bluff View St,Chattanooga,TN,37403,35.055206,-85.30556
American Toy Marble Museum,453 1/2 E Exchange St,Akron,OH,44304,41.071274,-81.50735
Single Sisters House Museum,601 S Church St,Winston Salem,NC,27101,36.087425,-80.24118
Clarke Museum,900 Highway 49,East Glacier Park,MT,59434,48.547005,-113.27287
Friends of The Reading Museum,500 Museum Rd,Reading,PA,19611,40.32801,-75.94934
Children's Illustrated Art Museum,291 Chesterfield Mall,Chesterfield,MO,63017,38.65254,-90.56569
Wolf Point Area Museum,203 Us Highway 2 E,Wolf Point,MT,59201,48.099934,-105.626
Harrisonburg Children's Museum,150 S Main St,Harrisonburg,VA,22801,38.447777,-78.86886
Beaver Island Marine Museum,38105 Michigan Ave,Beaver Island,MI,49782,45.747852,-85.50879
Mound Museum,1075 Mound Rd,Miamisburg,OH,45342,39.628094,-84.28209
Texas Trail Museum,201 State Highway 215,Pine Bluffs,WY,82082,41.176697,-104.07652
Stump Lake Village Pioneer Museum,Highway 1,Pekin,ND,58361,47.7705,-98.3452
Pierre Claeyssens Veterans Museum,1187 Coast Village Rd,Santa Barbara,CA,93108,34.42092,-119.645134
Kentucky Museum of Art and Craft,715 W Main St,Louisville,KY,40202,38.2573,-85.76183
President's Cottage Museum,101 Main St W,White Sulphur Springs,WV,24986,37.79367,-80.300835
Dollhouse and Toy Museum of Vermont,212 Union St,Bennington,VT,05201,42.87717,-73.19234
Byu's Museum of Peoples & Cultures,2201 N Canyon Rd,Provo,UT,84602,40.263138,-111.65622
Oregon Maritime Museum,198 SW Naito Pkwy,Portland,OR,97204,45.520836,-122.67043
Sioux City Museum,607 4th St,Sioux City,IA,51101,42.49433,-96.40237
Gibbes Museum of Art,135 Meeting St,Charleston,SC,29401,32.778545,-79.93143
Huachuca Museum Gift Shop,41401 Fort Huachuca Military,Fort Huachuca,AZ,85613,31.5617,-110.3539
India Museum & Heritage Society,58 Tell St Apt 1F,Providence,RI,02909,41.821915,-71.43176
Union Kempsville High School Museum,5100 Cleveland St,Virginia Beach,VA,23462,36.842236,-76.15839
Shelby County Museum,124 Austin St,Center,TX,75935,31.794157,-94.18138
Gsbg Rlrd Museum,211 S Seminary St,Galesburg,IL,61401,40.944584,-90.36447
Horace Greeley Museum,214 E Harper St,Tribune,KS,67879,38.470963,-101.75073
Ohr-O'Keefe Museum of Art,386 Beach Blvd,Biloxi,MS,39530,30.393124,-88.87172
The History Museum of Burke County,201 W Meeting St,Morganton,NC,28655,35.743607,-81.68803
Museum of Printing History,1324 W Clay St,Houston,TX,77019,29.755497,-95.396904
Bryner Pioneer Museum,68 S 100 E,Price,UT,84501,39.598606,-110.80934
Medina Railroad Museum,530 West Ave,Medina,NY,14103,43.218323,-78.388985
Plymouth Historical Museum,155 S Main St,Plymouth,MI,48170,42.372726,-83.46698
Portland Fire Museum,157 Spring St,Portland,ME,04101,43.652008,-70.26374
Fillmore County Museum & Libra,202 County Road 8,Fountain,MN,55935,43.73874,-92.138084
Old Prison Museums,1106 Main St,Deer Lodge,MT,59722,46.39151,-112.73594
Johnny Clock Museum,711 W Main St,Lockridge,IA,52635,40.994858,-91.75424
Comporium Museum,117 Elk Ave,Rock Hill,SC,29730,34.925232,-81.02805
Mel Fisher's Treasure Museum,1322 US Highway 1,Sebastian,FL,32958,27.817566,-80.469406
Nevada State Museum,600 N Carson St,Carson City,NV,89701,39.16729,-119.76715
The Great American Alligator Museum,2051 Magazine St,New Orleans,LA,70130,29.930668,-90.07538
Schmidt Museum-Natural History,1 Kellogg Cir,Emporia,KS,66801,38.41388,-96.18028
Alto Model Train Museum,1401 2nd Ave,Duncansville,PA,16635,40.42173,-78.436516
Wisconsin Canoe Heritage Museum,312 N Front St,Spooner,WI,54801,45.824467,-91.888
Mare Island Museum,1100 Railroad Ave,Vallejo,CA,94592,38.097935,-122.27055
Indian Memorial Museum,402 E 2nd St,Broken Bow,OK,74728,34.028282,-94.732704
Museum of American Heritage,351 Homer Ave,Palo Alto,CA,94301,37.444332,-122.15731
Above & Beyond Children's Museum,902 N 8th St,Sheboygan,WI,53081,43.754307,-87.713104
Museum Contents-Magnolia Plantation,919 Parkway Dr,Natchitoches,LA,71457,31.747503,-93.06861
National Fred Harvey Museum,624 Olive St,Leavenworth,KS,66048,39.311573,-94.91602
Birthplace of Country Music Museum,520 Cumberland St,Bristol,VA,24201,36.59633,-82.18206
Wolf Creek Heritage Museum,13310 Highway 305,Lipscomb,TX,79056,36.2257,-100.2429
Fort East Martello Museum,3501 S Roosevelt Blvd,Key West,FL,33040,24.552105,-81.75534
LCHS Lehigh Cty Museum,4229 Reliance St,Whitehall,PA,18052,40.675945,-75.53492
New Bedford Museum of Glass,46 N Water St,New Bedford,MA,02740,41.63544,-70.92271
Tour-Ed Mine and Museum,748 Bull Creek Rd,Tarentum,PA,15084,40.615204,-79.75889
Warren Engine Co. No. 1 Museum,777 S Stewart St,Carson City,NV,89701,39.15965,-119.76432
Macktown Living History Museum,2221 Freeport Rd,Rockton,IL,61072,42.44448,-89.084946
Bowman-White House Museum,901 Rose St,Georgetown,CO,80444,39.70837,-105.69648
The Mint Museum,2730 Randolph Rd,Charlotte,NC,28207,35.19991,-80.81339
Sellerville Museum,120 E Church St,Sellersville,PA,18960,40.362206,-75.309944
Hollywood Wax Museum,6767 Hollywood Blvd,Los Angeles,CA,90028,34.10168,-118.33828
Central Florida Railroad Museum,101 S Boyd St,Winter Garden,FL,34787,28.564775,-81.586525
Museum of Danish America,2105 College St,Elk Horn,IA,51531,41.59369,-95.06041
Early American Museum,600 Randolph St,Mahomet,IL,61853,40.20893,-88.36086
Pickens County Museums,307 Johnson St,Pickens,SC,29671,34.881214,-82.70565
Southeastern Quilt & Textile Museum,306 Bradley St,Carrollton,GA,30117,33.57785,-85.07523
Excelsior Springs Museum & Archives,101 E Broadway St,Excelsior Springs,MO,64024,39.34221,-94.223015
Crossroads Museum,221 N Fillmore St,Corinth,MS,38834,34.933266,-88.521225
Morrison Natural History Museum,501 Highway 8,Morrison,CO,80465,39.64915,-105.193825
Lucy Desi Museum,2 W 3rd St,Jamestown,NY,14701,42.096466,-79.24155
Decatur County Historical Museum,222 N Franklin St,Greensburg,IN,47240,39.338024,-85.48263
School House Museum,700 W Irving Park Rd,Streamwood,IL,60107,42.01794,-88.195366
Bishop Museum,82-6188 Mamalahoa Hwy,Captain Cook,HI,96704,19.490646,-155.91267
Camp Atterbury Museum,3008 Old Hospital Rd,Edinburgh,IN,46124,39.360287,-86.03137
Douglas County Museum Complex,900 Governors Dr,Armour,SD,57313,43.3047,-98.3569
Lovely Lane Museum & Archives,2200 Saint Paul St,Baltimore,MD,21218,39.314423,-76.61536
Holcombe-Jimison Farmstead Museum,1605 Daniel Bray Hwy,Lambertville,NJ,08530,40.380898,-74.9488
Shook Museum,178 Morgan St,Clyde,NC,28721,35.531757,-82.91822
Poynette Museum,116 N Main St,Poynette,WI,53955,43.39083,-89.40258
McCoy-McMechen Museum Inc,121 S Main St,Moorefield,WV,26836,39.061584,-78.96951
Cragfont Museum House,300 Cragfont Rd,Castalian Springs,TN,37031,36.40361,-86.34002
High Museum Of Art Georgia,30 John Wesley Dobbs Ave NE,Atlanta,GA,30303,33.757793,-84.37861
Museum of American Glass,1501 Glasstown Rd,Millville,NJ,08332,39.407967,-75.02224
Wolf House Museum,630 Fremont St,Manhattan,KS,66502,39.18371,-96.565544
Hagley Museum & Library,700 Martin Luther King Blvd,Wilmington,DE,19801,39.740623,-75.55955
Hartford House Museum,2309 Claflin Rd,Manhattan,KS,66502,39.192837,-96.59626
Beaver Court House Museum,90 E Center St,Beaver,UT,84713,38.27406,-112.63975
Mets Hall of Fame & Museum,Citi Field Roosevelt Avenue,Corona,NY,11368,40.7496,-73.854
Rocky Flats Cold War Museum,5690 Webster St,Arvada,CO,80002,39.79997,-105.079895
Edith Newman Culver Meml Museum,501 Main St,Waterloo,AL,35677,34.91389,-88.06357
Georgia O'Keeffe Museum,217 Johnson St,Santa Fe,NM,87501,35.688877,-105.94082
Kilmarnock Museum Inc,76 N Main St,Kilmarnock,VA,22482,37.7127,-76.38081
Historic Garment Dist Museum,114 W 11th St,Kansas City,MO,64105,39.101,-94.58456
Children's Museum of Tacoma,1501 Pacific Ave,Tacoma,WA,98402,47.24859,-122.437325
St Clair County Farm Museum,8310 County Park Dr,Goodells,MI,48027,42.982964,-82.6593
Richardson Museum Boat Works,200 Maryland Ave,Cambridge,MD,21613,38.57038,-76.070435
Chugach Museum History & Art,3rd & Washington,Anchorage,AK,99503,61.189,-149.8898
Cranford Historical Society Museum,124 N Union Ave,Cranford,NJ,07016,40.65808,-74.30185
Charles M Bair Family Museum,2751 Mt Highway 294,Martinsdale,MT,59053,46.403786,-110.571075
Cedarburg Art Museum,W63n171 Washington Ave,Cedarburg,WI,53012,43.28059,-87.988174
California Sneaker Museum,264 S La Cienega Blvd,Beverly Hills,CA,90211,34.06328,-118.37598
Green County Museum,130 S 14th St,Paragould,AR,72450,36.05582,-90.50364
Kentuck Art Center & Museum,503 Main Ave,Northport,AL,35476,33.219147,-87.57838
Lake Tahoe Museum,3058 US Highway 50,South Lake Tahoe,CA,96150,38.853134,-120.01806
Contemporary Museum,100 W Centre St,Baltimore,MD,21201,39.29639,-76.617805
Randall Museum,199 Museum Way,San Francisco,CA,94114,37.76422,-122.439095
Bottle House Museum,14551 Wuoksi Ave,Kaleva,MI,49645,44.37328,-86.00938
Brookings Historical Museum,207 Samara Ave,Volga,SD,57071,44.32354,-96.92854
Hopewell Museum,800 Pleasant St,Paris,KY,40361,38.208923,-84.25147
Burlington County Prison Museum,128 High St,Mount Holly,NJ,08060,39.996082,-74.788734
Michener Art Museum,138 S Pine St,Doylestown,PA,18901,40.308334,-75.12711
National Museum,6419 Us Highway 29,Dubois,WY,82513,43.5718,-109.7168
Rubin Museum of Art,150 E 17th St,New York,NY,10003,40.735317,-73.98643
Barbers Hill Museum,11607 Eagle Dr,Mont Belvieu,TX,77535,29.857628,-94.86571
Castle Dome Mine Museum,Castle Dome Mine Rd,Yuma,AZ,85365,32.71214,-114.60694
Santa Maria Museum of Flight,3015 Airpark Dr,Santa Maria,CA,93455,34.901047,-120.44841
Time And The Valleys Museum,332 Main St,Grahamsville,NY,12740,41.84859,-74.54921
Stumptown Historical Museum,500 Depot St,Whitefish,MT,59937,48.41357,-114.33629
Workhouse Prison Museum at Lorton,9517 Workhouse Way,Lorton,VA,22079,38.69914,-77.25588
Toy Makers House Museum,43 E Howard St,Tryon,NC,28782,35.211365,-82.24041
Baker Heritage Museum,2480 Grove St,Baker City,OR,97814,44.781857,-117.82569
South Benton Community Museum,140 S 5th St,Monroe,OR,97456,44.315372,-123.29742
Vermont Marble Museum,52 Main St,Proctor,VT,05765,43.662075,-73.03553
Delaware Agricultural Museum,866 N Dupont Hwy,Dover,DE,19901,39.18215,-75.531235
South Dakota Air & Space Museum,2742 Spaatz Dr,Ellsworth Afb,SD,57706,44.143284,-103.07447
Frazier Farmstead Museum,2219 Santiam Hwy SE,Albany,OR,97322,44.63311,-123.07799
Borderbelt Museum,101 E Thompson St,Fairmont,NC,28340,34.49728,-79.11416
Greeley History Museum,714 8th St,Greeley,CO,80631,40.424725,-104.68973
South Coast Railroad Museum,300 N Los Carneros Rd,Goleta,CA,93117,34.440556,-119.85257
Children's Museum of Richmond,2626 W Broad St,Richmond,VA,23220,37.56128,-77.46815
Hemingway Ernest Museum,907 Whitehead St,Key West,FL,33040,24.55122,-81.8008
Museum Professionals,4875 Sunset Ln,Loretto,MN,55357,45.057323,-93.6478
Smyrna Museum,11 S Main St,Smyrna,DE,19977,39.300808,-75.60607
Adamson House Museum,23200 Pacific Coast Hwy,Malibu,CA,90265,34.034836,-118.680534
Oak Glen School Museum,11911 Oak Glen Rd,Yucaipa,CA,92399,34.039684,-116.936455
McGehee Ind Foundation Museum,104 N Railroad St,Mc Gehee,AR,71654,33.62859,-91.39531
Fisherman Museum,3007 Bristol Rd,New Harbor,ME,04554,43.850807,-69.507935
Price Museum of Speed,69 W Century Park Way,South Salt Lake,UT,84115,40.707157,-111.890465
Watkins Museum,726 Sw Vesper Ave,Lawrence,KS,66044,38.9831,-95.2327
Nerman Museum of Contemporary Art,12345 College Boulevard,Shawnee Mission,KS,66210,38.92733,-94.72941
Springville Museum of Art,126 E 400 S,Springville,UT,84663,40.16099,-111.6083
Edgar County Historical Museum,408 N Main St,Paris,IL,61944,39.615936,-87.69486
Raitt Homestead Farm Museum,2077 State Rd,Eliot,ME,03903,43.166397,-70.81045
Hose Co No 3 Fire Museum,116 Broadway Ave,Pueblo,CO,81004,38.25823,-104.620476
Duncan Cultural Center Museum,117 S Main St,Greenville,KY,42345,37.200672,-87.17864
Hutchinson County Historical Museum,618 N Main St,Borger,TX,79007,35.67202,-101.38965
Contemporary Art Museum of Denver,1485 Delgany St,Denver,CO,80202,39.752308,-105.004105
Bohemia Gold Mining Museum,308 S 10th St,Cottage Grove,OR,97424,43.794613,-123.057755
Camp Breckenridge Museum and Art,1116 Village Square Rd,Morganfield,KY,42437,37.684093,-87.87796
Phippen Art Museum,4701 N State Route 89,Prescott,AZ,86301,34.622906,-112.42575
American Museum-Asmat Art,2115 Summit Ave Mail 44c,Saint Paul,MN,55105,44.9349,-93.1644
Lexington Children's Museum,440 W Short St,Lexington,KY,40507,38.050007,-84.499954
Iron River Historical Museum,68245 S Main St,Iron River,WI,54847,46.564423,-91.41707
Juneau-Douglas City Museum,114 W 4th St,Juneau,AK,99801,58.301792,-134.41109
Trinidad History Museum,300 W Main St,Trinidad,CO,81082,37.167587,-104.50728
Kelley House Museum,45007 Albion St,Mendocino,CA,95460,39.305523,-123.79869
Dickinson Museum Center,188 E Museum Dr,Dickinson,ND,58601,46.894238,-102.78234
Museum on Main Street,500 N Main St,Ann Arbor,MI,48104,42.285007,-83.74812
Peaks To Plains Museum,224 S Broadway Ave,Red Lodge,MT,59068,45.184654,-109.24677
Martha Berry Museum,24 Veterans Memorial Hwy,Mount Berry,GA,30149,34.287327,-85.140274
Trailside Museums & Zoo,3006 Seven Lakes Dr,Bear Mountain,NY,10911,41.309364,-73.99038
Haan Mansion Museum of Indiana Art,920 State St,Lafayette,IN,47905,40.41244,-86.885605
The Jewish Museum Shop,334 Amsterdam Ave,New York,NY,10023,40.78105,-73.98006
Greek Museum,16 Mudford Ave,East Hampton,NY,11937,41.03348,-72.177956
New Haven Museum,114 Whitney Ave,New Haven,CT,06510,41.31395,-72.92167
Gettysburg Museum Visitor Center,1195 Baltimore Pike,Gettysburg,PA,17325,39.81241,-77.22191
Tontiown Museum,237 E Henri De Tonti Blvd,Tontitown,AR,72762,36.17627,-94.233505
The Kent Museum,7 Old West Church Rd,Calais,VT,05648,44.361378,-72.49066
Ratcliff Inn Museum,218 E Main St,Carmi,IL,62821,38.090183,-88.15959
West Oakland Railroad Museum,7396 Hardisty,West Bloomfield,MI,48324,42.60171,-83.43023
West Florida Railroad Museum,5003 Henry St,Milton,FL,32570,30.616735,-87.03797
Trailside Museum,3200 Highway 20,Crawford,NE,69339,42.670704,-103.460144
Museum of Man In Sea,17314 Panama City Beach Pkwy,Panama City Beach,FL,32413,30.232134,-85.893
American Numismatic Money Museum,818 N Cascade Ave,Colorado Springs,CO,80903,38.84745,-104.82317
McCreary County Museum,1 Henderson St,Stearns,KY,42647,36.69921,-84.47651
California Heritage Museum,2612 Main St,Santa Monica,CA,90405,34.002125,-118.483925
River Museum,1003 Riverside Ave,Wellsville,OH,43968,40.60119,-80.64993
Steinburg Museum of Art,720 Northern Blvd,Greenvale,NY,11548,40.819443,-73.60084
Roebling Museum,100 E 2nd St,Florence,NJ,08518,40.120457,-74.80275
Allen County Jail Museum,203 N Jefferson Ave,Iola,KS,66749,37.9239,-95.40322
Keith School Museum,1509 Clements Ferry Rd,Charleston,SC,29492,32.92906,-79.854904
Idaho Museum of Natural History,698 E Dillon St,Pocatello,ID,83201,42.85959,-112.43419
Dunklin County Museum,122 College Ave,Kennett,MO,63857,36.23722,-90.05552
Patee House Museum,1202 Penn St,Saint Joseph,MO,64503,39.756134,-94.8453
Bootsma Tractor Museum,745 Campbell St,Baker City,OR,97814,44.781494,-117.81559
Gerald Ford Museum,303 Pearl St NW,Grand Rapids,MI,49504,42.96672,-85.677315
The Country Doctor Museum,6629 Vance St,Bailey,NC,27807,35.7782,-78.12187
Aldrich Coal Mine Museum,137 Highway 203,Montevallo,AL,35115,33.107635,-86.89272
Katrina National Memorial Museum,2800 Cleveland Ave,New Orleans,LA,70119,29.965597,-90.08987
Concordia Area Museum,802 S Gordon St,Concordia,MO,64020,38.98107,-93.569626
Association Science Museum,502 S Spring St,Springfield,IL,62706,39.797153,-89.655716
Motorola Museum Of Electronics,1297 E Algonquin Rd,Schaumburg,IL,60196,42.06968,-88.0487
Manistee County Historical Museum,425 River St,Manistee,MI,49660,44.247475,-86.32489
Mt Horeb Area Museum,100 S 2nd St,Mount Horeb,WI,53572,43.00841,-89.7386
Children's Museum,1611 N Market St,Frederick,MD,21701,39.434944,-77.40388
Lebanon Museum and History Center,200 N Castle Heights Ave,Lebanon,TN,37087,36.21318,-86.30662
Fort Bissell Museum,501 Fort Bissell Ave,Phillipsburg,KS,67661,39.755554,-99.332634
McCoy McMechen Museum Inc,PO Box 125,Moorefield,WV,26836,39.0707,-78.9611
Van Hamilton Wgoner Hse Museum,971 Valley Rd,Clifton,NJ,07013,40.867752,-74.19113
Catfish Museum,110 Magnolia,Belzoni,MS,39038,33.176056,-90.48928
Children's Museum of New Hampshire,6 Washington St,Dover,NH,03820,43.195004,-70.87298
Museum of International Folk Art,228 E Palace Ave,Santa Fe,NM,87501,35.686665,-105.9346
London Museum & Tea Room,690 S Main St,Henderson,TX,75654,32.14779,-94.79967
Longyear Museum of Anthropology,13 Oak Dr,Hamilton,NY,13346,42.81964,-75.535805
Children's Museum of La Crosse,207 5th Ave S,La Crosse,WI,54601,43.810867,-91.24997
Bremerton Naval Museum,251 1st St,Bremerton,WA,98337,47.563393,-122.62648
Oregon Sports Hall-Fame & Museum,321 SW Salmon St,Portland,OR,97204,45.51652,-122.677055
South Carolina Railroad Museum,110 Industrial Park Rd,Winnsboro,SC,29180,34.340157,-81.07936
Buckeye Lake Museum,4729 Walnut Rd,Buckeye Lake,OH,43008,39.928516,-82.49038
North Clark Historical Museum,PO Box 296,Amboy,WA,98601,45.9098,-122.4528
National Road-Zane Grey Museum,8850 East Pike,Norwich,OH,43767,39.975872,-81.82416
Florida Museum of Natural History,1659 Museum Rd,Gainesville,FL,32611,29.644688,-82.34419
Fremont County Pioneer Museum,1443 Main St,Lander,WY,82520,42.84105,-108.74551
Louisiana Art & Science Museum,100 River Rd S,Baton Rouge,LA,70802,30.445559,-91.19025
Pioneer Log Cabin Museum,400 S Broadway St,Cassopolis,MI,49031,41.906567,-86.01256
South River Museum,64 Main St,South River,NJ,08882,40.450726,-74.381424
New Jersey Maritime Museum,528 Dock Rd,Beach Haven,NJ,08008,39.565903,-74.24406
Community Museum,Tarbelville Rd,Belmont,VT,05730,43.413597,-72.824844
New York State Museum,260 Watervliet Avenue Ext,Albany,NY,12206,42.680256,-73.78493
North Park Pioneer Museum,365 Logan St,Walden,CO,80480,40.73209,-106.2843
Jundt Art Museum,200 E Desmet Ave,Spokane,WA,99202,47.667164,-117.40786
Logan Museum of Anthropology,700 College St,Beloit,WI,53511,42.503555,-89.02984
Tulare Historical Museum,444 W Tulare Ave,Tulare,CA,93274,36.207,-119.3542
Sterling Hill Mine Tour & Museum,30 Plant St,Ogdensburg,NJ,07439,41.08419,-74.603485
Rhinebeck Aerodrome Museum,9 Morton Rd,Rhinebeck,NY,12572,41.913437,-73.949554
Emmett Kelly Museum,204 E Main St,Sedan,KS,67361,37.126713,-96.18535
Rehoboth Church & Museum,186 Old Rehobeth Church Rd,Union,WV,24983,37.58965,-80.50642
Tolland Jail Museum,52 Tolland Grn,Tolland,CT,06084,41.871796,-72.36887
Fort Bedford Museum,110 Fort Bedford Dr,Bedford,PA,15522,40.02002,-78.50453
Matheson History Museum,513 E University Ave,Gainesville,FL,32601,29.651806,-82.32023
Lebanon Museum and Visitor Center,856 Trumbull Hwy,Lebanon,CT,06249,41.637722,-72.2137
Regional Heritage Museum,100 Gordon St,Chickamauga,GA,30707,34.87198,-85.29124
Mabee-Gerrer Museum of Art,1900 W Macarthur St,Shawnee,OK,74804,35.361904,-96.952805
MN Street Car Museum,501 Highway 7,Excelsior,MN,55331,44.880074,-93.63451
Ocean Township Historical Museum,703 Deal Rd,Ocean,NJ,07712,40.252384,-74.033485
Pioneer Museum McKenzie County,100 2nd Ave SW,Watford City,ND,58854,47.79948,-103.2837
Wells Depot Museum,100 1st Ave NW,Wells,MN,56097,43.745895,-93.72717
Last Chance Mining Museum,1001 Basin Rd,Juneau,AK,99801,58.307987,-134.38857
Sloan Museum,1221 E Kearsley St,Flint,MI,48503,43.02318,-83.67802
American Muscle Car Museum,3500 Sarno Rd,Melbourne,FL,32934,28.121405,-80.68063
LaunchPAD Children’s Museum,623 Pearl St,Sioux City,IA,51101,42.497066,-96.408104
Shrimping Museum,17 S Front St,Fernandina Beach,FL,32034,30.670225,-81.465225
Meade County Museum,223 N Meade Center St,Mead,KS,67864,37.286858,-100.33885
Black River Academy Museum,14 High St,Ludlow,VT,05149,43.3971,-72.69771
The Words & Pictures Museum,136 West St,Hadley,MA,01035,42.33954,-72.59605
Elma Town Museum,3011 Bowen Rd,Elma,NY,14059,42.85111,-78.64012
Hay's Antique Truck Museum,1962 Hays Ln,Woodland,CA,95776,38.67483,-121.73108
General Lewis B Hershey Museum,1 University Ave,Angola,IN,46703,41.63377,-85.005295
National Warplane Museum,3489 Big Tree Ln,Geneseo,NY,14454,42.79573,-77.84197
Germantown Colony Museum,120 Museum Rd,Minden,LA,71055,32.699062,-93.23409
Military Heritage Museum,824 S 8th St,Sheboygan,WI,53081,43.7461,-87.71315
Jell-O Museum,23 E Main St,Le Roy,NY,14482,42.97823,-77.98528
Military Relic Museum,531 N High St,West Chester,PA,19380,39.96526,-75.6087
Chelan Museum,204 E Woodin Ave,Chelan,WA,98816,47.83975,-120.016594
Pioneer Village Museum,8181 Highway 2 & 52 W,Minot,ND,58701,48.1994,-101.2816
Meeteetse Bank Museum,1033 Park Ave,Cody,WY,82414,44.52112,-109.06723
Grady County Museum,3 N Broad St,Cairo,GA,39828,30.877083,-84.208275
Old Court House Civil War Museum,20 N Loudoun St,Winchester,VA,22601,39.18424,-78.16538
Ximenez-Fatio House Museum,20 Aviles St,Saint Augustine,FL,32084,29.891169,-81.31172
SJB Historical Society LCK Museum,2 Monterey St,San Juan Bautista,CA,95045,36.8483,-121.540054
Packwood House Museum,15 N Water St,Lewisburg,PA,17837,40.96655,-76.88191
Lightship Portsmouth Museum,London & Water Streets,Portsmouth,VA,23704,36.8286,-76.3135
St Ignatius Archives Museum,3704 Spring Hill Ave,Mobile,AL,36608,30.705498,-88.13976
National Motorcycle Museum,102 Chamber Dr,Anamosa,IA,52205,42.103622,-91.26547
Arrowheads/Aerospace Museums,24 Campground Rd,Manchester,TN,37355,35.4567,-86.048515
Hillyard Heritage Museum Society,5022 N Stone St,Spokane,WA,99207,47.703445,-117.37596
Newark Museum,345 Washington Ave,Belleville,NJ,07109,40.792503,-74.15083
Brush Area Museum & Cultural Center,314 Clayton St,Brush,CO,80723,40.25659,-103.623
Eastern Oregon Museum,610 3rd St,Haines,OR,97833,44.91428,-117.93534
Garvies Pt Museum & Preserves,50 Barry Dr,Glen Cove,NY,11542,40.86119,-73.651
Louisville Historical Museum,749 Main St,Louisville,CO,80027,39.977222,-105.13232
Katonah Museum of Art,134 Jay St,Katonah,NY,10536,41.26249,-73.67339
Aviation Museum of Santa Paula,800 E Santa Maria St,Santa Paula,CA,93060,34.348194,-119.06283
East Ely Railroad Depot Museum,1100 Avenue A,Ely,NV,89301,39.258842,-114.87071
Radford University Art Museum,Jefferson St & Downey St,Radford,VA,24141,37.1287,-80.5663
Huntington Museum of Art,2033 Mccoy Rd,Huntington,WV,25701,38.395992,-82.43351
Northern Maine Museum of Science,181 Main St,Presque Isle,ME,04769,46.67191,-68.015
Williamsburg Historical Museum,135 Hampton Ave,Kingstree,SC,29556,33.66491,-79.82902
Women's Museum of California,2323 Broadway,San Diego,CA,92102,32.715652,-117.14293
Barnes State Bank Museum,107 W Railroad Ave,Barnes,KS,66933,39.711952,-96.87311
Hyser Rivers Museum,6440 W River Rd NE,Belmont,MI,49306,43.064053,-85.59175
Carter-Coile Country Doctors Museum,111 Marigold Ln,Winterville,GA,30683,33.96773,-83.28024
Cabbage Patch Museum,69868 590th St,Griswold,IA,51535,41.21704,-95.06045
New Winston Museums,713 S Marshall St,Winston Salem,NC,27101,36.085854,-80.24471
Long Pond Ironworks Museum,1334 Greenwood Lake Tpke,Hewitt,NJ,07421,41.1415,-74.31009
Saint Louis Art Museum,1 Fine Arts Dr,Saint Louis,MO,63110,38.639694,-90.29458
Museum of Chinese In America,215 Centre St,New York,NY,10013,40.719486,-73.99898
Museum of the North Beach,4658 State Route 109,Moclips,WA,98562,47.224266,-124.20871
William Pryor Letchworth Museum,1 Letchworth State Park,Castile,NY,14427,42.5898,-78.015564
Hamilton House Museum,971 Valley Rd,Clifton,NJ,07013,40.867752,-74.19113
Children's Museum,345 Hudson St Rm 1200,New York,NY,10014,40.727657,-74.00742
Museum of Western York,3716 Woodlawn St,Sharon,SC,29742,34.960583,-81.348854
Woodstock Museum,13 Charles Bach Rd,Saugerties,NY,12477,42.109074,-74.047676
Shoeless Joe Jackson Museum,356 Field St,Greenville,SC,29601,34.84148,-82.407295
Neusteter's Museum Store,1200 N Broadway,Denver,CO,80203,39.735718,-104.9872
Anhinga Indian Museum and Gallery,5985 SW 6th St,Plantation,FL,33317,26.113878,-80.23057
Water Mill Museum,41 Old Mill Rd,Water Mill,NY,11976,40.90947,-72.35646
Cookeville Depot Museum,116 N Cedar Ave,Cookeville,TN,38501,36.165916,-85.50781
Josephine Tussaud Wax Museum,250 Central Ave,Hot Springs National Park,AR,71901,34.51597,-93.05365
Museum & White House,1201 E Clay St,Richmond,VA,23219,37.540836,-77.42969
Academy Art Museum,106 South St,Easton,MD,21601,38.772243,-76.07407
National D Day Museum,1 Poydras St,New Orleans,LA,70130,29.948355,-90.06377
Hopkinton Historical Museum,7 Church St,Nicholville,NY,12965,44.690166,-74.70443
De Cordova & Dana Museum & Park,51 Sandy Pond Rd,Lincoln,MA,01773,42.42844,-71.31232
Newspaper Museum,1110 W Main St,Collinsville,OK,74021,36.364662,-95.838104
Ceredo Museum,601 Main St,Ceredo,WV,25507,38.39427,-82.5593
Raye's Mustard Mill Museum,83 Washington St,Eastport,ME,04631,44.90663,-66.996574
Mobile Museum Of Art,4850 Museum Dr,Mobile,AL,36608,30.704096,-88.15455
DiMenna Children's History Museum,170 Central Park W,New York,NY,10024,40.77929,-73.97394
Boise Basin Museum,503 Montgomery St,Idaho City,ID,83631,43.8295,-115.83361
Herbert F Johnson Museum of Art,114 Central Ave,Ithaca,NY,14853,42.45036,-76.48593
Northwest Museum Store,2316 W 1st Ave,Spokane,WA,99201,47.656605,-117.44628
Halle Heart Children's Museum,2929 S 48th St,Tempe,AZ,85282,33.396984,-111.97815
Rosicrucian Egyptian Museum,1660 Park Ave,San Jose,CA,95126,37.333176,-121.92288
Saline County Area Museum,1600 S Feazel St,Harrisburg,IL,62946,37.71828,-88.55274
Restaurant Museum,1330 Massachusetts Ave NW,Washington,DC,20005,38.905098,-77.03108
The Mitford Museum,145 Cedar Valley Rd,Hudson,NC,28638,35.845177,-81.490135
Susie's Museum of Childhood,190 Alamo Rd SE,Carrollton,OH,44615,40.565525,-81.08383
Wiregrass Museum Of Art,126 Museum Ave,Dothan,AL,36303,31.223808,-85.38924
Chinese American Museum Foundation,1218 16th St NW,Washington,DC,20036,38.906345,-77.03683
Champaign County Historical Museum,809 E Lawn Ave,Urbana,OH,43078,40.11704,-83.739876
Museum Historic Natchitchs,840 Washington St,Natchitoches,LA,71457,31.763966,-93.08616
South Boston Historical Museum,1540 Wilborn Ave,South Boston,VA,24592,36.70566,-78.90976
Virginia Living Museum,524 J Clyde Morris Blvd,Newport News,VA,23601,37.070286,-76.480804
Mesalands Dinosaur Museum,222 E Laughlin Ave,Tucumcari,NM,88401,35.173668,-103.72451
Castaneda Museum-Ethnics Custom,3550 E Thimble Peak Pl,Tucson,AZ,85718,32.329796,-110.916954
Ft Wright Civil War Museum,1402 Highland Ave,Ft Wright,KY,41011,39.05547,-84.52573
Canton Depot Museum,600 W 5th St,Canton,SD,57013,43.301025,-96.59956
Hickory Avation Museum,3101 9th Avenue Dr NW,Hickory,NC,28601,35.74379,-81.38841
Deaf Smith County Museum,400 Sampson St,Hereford,TX,79045,34.818565,-102.39902
Main Street Children's Museum,133 E Main St,Rock Hill,SC,29730,34.925594,-81.02669
Lahaina Heritage Museum,648 Wharf St,Lahaina,HI,96761,20.871881,-156.67805
El Segundo Museum of Art,208 Main St,El Segundo,CA,90245,33.918034,-118.41577
Marshall County Hstrcl Museum,123 N Michigan St,Plymouth,IN,46563,41.340183,-86.309265
Legacy of the Lakes Museum,205 3rd Ave W,Alexandria,MN,56308,45.890503,-95.38097
Los Alamos Historical Museum,1050 Bathtub Row,Los Alamos,NM,87544,35.881916,-106.30236
Carolyn Parr Nature Museum,3107 Browns Valley Rd,Napa,CA,94558,38.302956,-122.319466
Calhoun County Museum,150 High St,Rockwell City,IA,50579,42.39899,-94.631035
William Clark Mkt HSE Museum,121 Market House Sq,Paducah,KY,42001,37.087135,-88.59527
Fostoria Historical Museum,123 W North St,Fostoria,OH,44830,41.158375,-83.414696
Jewish Museum,3500 47th Ave,Long Island City,NY,11101,40.74225,-73.9298
A World of Accordions Museum,1401 Belknap St,Superior,WI,54880,46.720776,-92.09813
Genoa Courthouse Museum,2304 Main St,Genoa,NV,89411,39.004917,-119.845856
Ukrainian National Museum,721 N Oakley Blvd,Chicago,IL,60612,41.894714,-87.6842
Old Smoky Railway Museum,306 W Depot Ave,Knoxville,TN,37917,35.970566,-83.92077
World War II Memorial Museum,305 S 2nd St,Red Oak,IA,51566,41.002644,-95.23054
Patterson Historical Museum,300 W Las Palmas Ave,Patterson,CA,95363,37.47119,-121.13055
Horry County Museum,1301 3rd Ave,Conway,SC,29526,33.83341,-79.04946
The Argus Museum,525 W William St,Ann Arbor,MI,48103,42.277866,-83.753975
Pickering-Beach Museum,501 W Main St,Sackets Harbor,NY,13685,43.949352,-76.1244
Columbia County Museum,PO Box 311,Kinderhook,NY,12106,42.3945,-73.7036
Riverside Art Museum,3425 Mission Inn Ave,Riverside,CA,92501,33.98158,-117.37054
Weatherspoon Art Museum,500 Tate St,Greensboro,NC,27403,36.06548,-79.80549
High Desert Museum,59800 S Highway 97,Bend,OR,97702,43.98215,-121.341805
High Plains Museum,PO Box 524,Spearfish,SD,57783,44.507,-103.8606
Sackrider Museum of Handbags,2452 N Richmond St,Chicago,IL,60647,41.926105,-87.701294
Museum Reproductions,454 Main St,Longmont,CO,80501,40.166748,-105.102325
Oklahoma Museum of Natural History,1335 Asp Ave,Norman,OK,73019,35.204456,-97.44409
Walnut Creek Historical Museum,610 Highland St,Walnut,IA,51577,41.47734,-95.221176
Childrens Museum at La Habra,301 S Euclid St,La Habra,CA,90631,33.929726,-117.94627
Museum Quality Restoration,380 Warwick Ave,Warwick,RI,02888,41.765423,-71.40487
Glenn H. Curtiss Museum,8419 State Route 54,Hammondsport,NY,14840,42.397423,-77.232025
Medicine Bow Museum,405 Lincoln Hwy,Medicine Bow,WY,82329,41.89539,-106.20067
Alto Model Train Museum Association,3332 Colonial Dr,Duncansville,PA,16635,40.44906,-78.42983
Tennessee River Museum,495 Main St,Savannah,TN,38372,35.225006,-88.250916
Caldwell Heritage Museum,112 Vaiden St SW,Lenoir,NC,28645,35.911873,-81.53857
Post Rock Museum,202 W 4th St,La Crosse,KS,67548,38.527115,-99.31112
John Philip Falter Museum,1622 Stone St,Falls City,NE,68355,40.06106,-95.6028
Bolton Historical Museum,4924 Lake Shore Dr,Bolton Landing,NY,12814,43.555138,-73.65551
Village of Hatch Museum,149 Davis St,Hatch,NM,87937,32.666416,-107.152916
Armed Forces & Aerospace Museum,6105 E Rutter Ave,Spokane,WA,99212,47.67887,-117.32558
Eagle River Depot Museum,116 N Railroad St,Eagle River,WI,54521,45.916786,-89.25293
George Peabody House Museum,24 Lowell St,Peabody,MA,01960,42.526234,-70.92852
LSU Museum of Art,3848 W Lakeshore Dr,Baton Rouge,LA,70808,30.413404,-91.16824
Historic Arkansas Museum,1616 Brookwood Dr,Little Rock,AR,72202,34.76537,-92.30721
Old Manchester Museum,126 Cedar St,Manchester,CT,06040,41.76653,-72.53339
"Museum Reproductions, Inc.",62 Harvard St,Brookline,MA,02445,42.335106,-71.119736
Louisiana Marine Fisheries Museum,580 Jean Lafitte Blvd,Lafitte,LA,70067,29.7613,-90.0937
Stoughton Historical Museum,901 Us Highway 51,Stoughton,WI,53589,42.918472,-89.19733
Essig Museum-Entomology Research,1170 Valley Life Sciences Bldg,Berkeley,CA,94720,37.8729,-122.2541
Charlotte Nature Museum,1658 Sterling Road,Charlotte,NC,28209,35.18802,-80.84258
Depot Museum,17 Highway 63 N,Mammoth Spring,AR,72554,36.4958,-91.53639
Hands On Children's Museum,106 11th Ave SW,Olympia,WA,98501,47.03818,-122.90108
Truro Historical Society Museum,6 Highland Light Rd,Provincetown,MA,02657,42.0538,-70.1867
Children's Discovery Museum,1205 Sam Houston Dr,Victoria,TX,77901,28.825062,-96.97729
Enders Hotel & Museum,76 S Main St,Soda Springs,ID,83276,42.65744,-111.6039
Slifer House Museum,1 River Rd,Lewisburg,PA,17837,40.941223,-76.87818
Guinness World Records Museum,6764 Hollywood Blvd,Los Angeles,CA,90028,34.101414,-118.33805
Peary-Macmillan Arctic Museum,11 Trufant St,Bath,ME,04530,43.928307,-69.813065
McDonald County Museum,400 Main St,Pineville,MO,64856,36.59351,-94.383705
Kelley Jacob House Museum,2585 Kelleytown Rd,Hartsville,SC,29550,34.350224,-80.14158
Museum Institute For Teaching,1354 Hancock St Ste 302,Quincy,MA,02169,42.250626,-71.002655
Ann Arbor Hands On Museum,5075 Venture Dr,Ann Arbor,MI,48108,42.21322,-83.73065
Wilton House Museum,215 S Wilton Rd,Richmond,VA,23226,37.56355,-77.51911
Amboy Depot Museum,99 E Main St,Amboy,IL,61310,41.71334,-89.3312
Children's Museum of Eau Claire Inc,220 S Barstow St,Eau Claire,WI,54701,44.81135,-91.500114
Communal Kitchen Museum,1003 25th Ave,Middle Amana,IA,52307,41.7951,-91.9024
Coke Oven Museum,381 Walnut St,Dunlap,TN,37327,35.36913,-85.39032
David J. Sencer CDC Museum,1600 Clifton Rd NE,Atlanta,GA,30329,33.79941,-84.325096
Tacoma-Pierce County Sports Museum,2727 E D St,Tacoma,WA,98421,47.237785,-122.42866
P Buckley Moss Museum,329 W Main St,Waynesboro,VA,22980,38.0685,-78.88784
Freedom Museum,10600 Harry J Parrish Blvd,Manassas,VA,20110,38.72644,-77.51086
Viking Sword Museum,35 1st St NW,Ulen,MN,56585,47.079224,-96.25921
Children's Museum of Orange County,29 Hubble,Irvine,CA,92618,33.641872,-117.73909
Long Beach Firefighter's Museum,1445 Peterson Ave,Long Beach,CA,90813,33.78517,-118.17323
Kidds Toy Museum,1327 SE Grand Ave,Portland,OR,97214,45.51344,-122.66098
Hastings Museum,317 S Burlington Ave,Hastings,NE,68901,40.58122,-98.39232
Jason Russell House-Smith Museum,7 Jason St,Arlington,MA,02476,42.416122,-71.15827
Flatwater Folk Museum,609 Main St,Brownville,NE,68321,40.397434,-95.66352
Barbara Fritchie House and Museum,154 W Patrick St,Frederick,MD,21701,39.413902,-77.414536
Lincoln Park Historical Museum,1335 Southfield Rd,Lincoln Park,MI,48146,42.250256,-83.17835
Loln School Museum,7400 E 1500th Rd,Martinsville,IL,62442,39.366356,-87.87014
Billy Carter Gas Station Museum,104 E Church St,Plains,GA,31780,32.034115,-84.393555
Mid Atlantic Air Museum,11 Museum Rd,Reading,PA,19605,40.3825,-75.966965
Coral Springs Museum of Art,2855 Coral Springs Dr,Coral Springs,FL,33065,26.265533,-80.26593
Heritage Museum Replicas,2400 Merrick Rd,Bellmore,NY,11710,40.661354,-73.53728
Malibu Lagoon Museum Docents Office,24200 Pacific Coast Hwy,Malibu,CA,90265,34.034504,-118.703545
Lamoure County Museum,Memorial Park,Grand Rapids,ND,58458,46.3692,-98.2945
Elkhorn City Railroad Museum,100 Pine St,Pikeville,KY,41501,37.48224,-82.52427
Living History Museum,101 White Oak St,Hartsville,TN,37074,36.395657,-86.164894
City of Florence Arts & Museums,203 Hermitage Dr,Florence,AL,35630,34.805122,-87.67698
Sheridan County Museum,4292 Highway 16 S,Plentywood,MT,59254,48.763783,-104.520706
Haddam Shad Museum,212 Saybrook Rd,Higganum,CT,06441,41.499954,-72.56612
Montgomery County History Museum,36 Broadway St,Mount Sterling,KY,40353,38.056824,-83.94315
Sacramento Mountains Museum,1000 James Canyon Hwy,Cloudcroft,NM,88317,32.957924,-105.73576
Robert Frost Stone House Museum,121 Vt Route 7A,Shaftsbury,VT,05262,42.933792,-73.20994
Opera House At Ft Museum,1231 Fort Museum Road,Fort Dodge,IA,50501,42.48906,-94.198425
Homesteads Tower Museum,96 Highway 68,Crossville,TN,38555,35.90456,-84.98485
Baugh House Museum,411 W First St,Blue Ridge,GA,30513,34.866833,-84.325165
Mcculloch House Museum,407 Columbus Ave,Waco,TX,76701,31.5592,-97.13317
Santa Fe Trail Museum,204 S Main St,Ingalls,KS,67853,37.82702,-100.455025
Clouds Hill Victorian Museum,4157 Post Rd,Warwick,RI,02886,41.70286,-71.45134
Pennyroyal Area Museum,217 E 9th St,Hopkinsville,KY,42240,36.864834,-87.48772
Emma's Museum of Junk,203 E Court St,Jasper,AR,72641,36.008606,-93.18665
Monroe Museum,227 S Broad St,Monroe,GA,30655,33.792664,-83.71264
Cass County Historical Museum,646 Main St,Plattsmouth,NE,68048,41.01136,-95.88695
Rock & Blues Museum,113 E 2nd St,Clarksdale,MS,38614,34.202866,-90.57452
California Route 66 Museum,16825 S D St,Victorville,CA,92395,34.537273,-117.29433
Cahoon Museum of American Art,4676 Falmouth Rd,Cotuit,MA,02635,41.63795,-70.45115
Battleship USS Iowa Museum,250 S Harbor Blvd,San Pedro,CA,90731,33.74321,-118.27942
Vesterheim Norwegian America Museum,523 Water W,Mankato,MN,56001,44.1585,-93.9865
William S. Hart Ranch and Museum,24151 Newhall Ave,Newhall,CA,91321,34.375153,-118.523636
Barlow House Museum,509 Broadway St,Barlow,KY,42024,37.05156,-89.04552
Buffalo Fire Museum,1850 William St,Buffalo,NY,14206,42.88536,-78.80212
The California Museum,1020 O St,Sacramento,CA,95814,38.57455,-121.49555
Westminster Museum,8612 Westminster Blvd,Westminster,CA,92683,33.759174,-117.979095
Francisco Fort Museum,306 S Main St,La Veta,CO,81055,37.507362,-105.0092
Saginaw Valley Naval Ship Museum,3727 Wilder Rd,Bay City,MI,48706,43.623886,-83.90425
Old Settlers Historical Museum,215 E La Habra Blvd,La Habra,CA,90631,33.931915,-117.944565
Georgetown County Museum,120 Broad St,Georgetown,SC,29440,33.366753,-79.28318
Rio Grande County Museum,580 Oak St,Del Norte,CO,81132,37.67776,-106.35181
Eli Whitney Museum,915 Whitney Ave,Hamden,CT,06517,41.335754,-72.91116
Farmington Museum,3041 E Main St,Farmington,NM,87402,36.744175,-108.16595
Global Museum of Quilts Textiles,2816 N Cole Rd,Boise,ID,83704,43.63054,-116.274055
Pike's Peak Children's Museum,2565 Airport Rd,Colorado Springs,CO,80910,38.825146,-104.781654
Mason Area Historical Museum,200 E Oak St,Mason,MI,48854,42.57806,-84.44128
City Government Museums,1664 Spring Hill Ave,Mobile,AL,36604,30.6925,-88.076584
Stenton Museum,4601 N 18th St,Philadelphia,PA,19140,40.02446,-75.15428
Arnot Art Museum,235 Lake St,Elmira,NY,14901,42.090847,-76.80244
Slifer House Museum,15 Ridgecrest Cir,Lewisburg,PA,17837,40.978867,-76.88321
Metropolitan Museum-Art Store,4 Central Terminal Area,Jamaica,NY,11430,40.6569,-73.7955
Old St Augustine Village Museum,250 Saint George St,Saint Augustine,FL,32084,29.88983,-81.312195
Poplar Hill Historic House Museum,7606 Woodyard Rd,Clinton,MD,20735,38.78433,-76.845314
McClurg Museum,Nys Rts 394 & 20  Moore Park,Westfield,NY,14787,42.326,-79.577
Capitola Historical Museum,410 Capitola Ave,Capitola,CA,95010,36.97439,-121.95336
Monterey Museum Of Art,720 Via Mirada,Monterey,CA,93940,36.593655,-121.88858
Julia A. Purnell Museum,208 W Market St,Snow Hill,MD,21863,38.175236,-75.397064
Augusta Military Academy Museum,1640 Lee Hwy,Fort Defiance,VA,24437,38.237026,-78.97548
Tennessee Museum of Aviation,135 Air Museum Way,Sevierville,TN,37862,35.8635,-83.53661
Yogi Berra Museum,8 Quarry Rd,Little Falls,NJ,07424,40.8758,-74.1905
John Wornall House Museum,8201 State Line Rd,Kansas City,MO,64114,38.98185,-94.60814
Oregon Maritime & Museum,816 SW 1st Ave,Portland,OR,97204,45.51672,-122.67394
Meigs County Historical Museum,200 Smith Ave,Decatur,TN,37322,35.516075,-84.78879
Old Daphne Methodist Church Museum,405 Dryer Ave,Daphne,AL,36526,30.601418,-87.90847
Wildling Art Museum,2928 Grand Ave,Los Olivos,CA,93441,34.666077,-120.1149
Peabody Museum-Archaeology,11 Divinity Ave,Cambridge,MA,02138,42.37772,-71.1144
Potts Inn Museum,15 2nd St,Pottsville,AR,72858,35.249523,-93.04637
Bailey Saddle Shop & Museum,20140 County Road 125,Simla,CO,80835,39.15967,-104.08736
Lane Motor Museum,702 Murfreesboro Pike,Nashville,TN,37210,36.1402,-86.73576
Milton Art Museum,900 Randolph St,Canton,MA,02021,42.182697,-71.100235
Morris Plains Borough Museum,51 Jim Fear Dr,Morris Plains,NJ,07950,40.83365,-74.46715
Gardner Mansion & Museum,6 Miles St,Broken Bow,OK,74728,34.026257,-94.74622
Bauxite Museum,6707 Benton Rd,Bauxite,AR,72011,34.555626,-92.51016
Art Complex Museum,189 Alden St,Duxbury,MA,02332,42.045074,-70.6879
Wyo Braska Wildlife Museum,950 U St,Gering,NE,69341,41.830444,-103.660835
York County Historical Museum,408 Saint Clair Cir,Yorktown,VA,23693,37.100773,-76.42785
Wood River Museum and Visitors,40 W Ferguson Ave,Wood River,IL,62095,38.860817,-90.09888
Childrens Museum,55 N Country Club Rd,Decatur,IL,62521,39.838375,-88.8978
Fairview Museum of History & Art,PO Box 157,Fairview,UT,84629,39.6296,-111.4375
"1859 Jail, Marshal's Home & Museum",217 N Main St,Independence,MO,64050,39.09327,-94.41545
Missouri History Museum,1315 Chestnut St,Saint Louis,MO,63103,38.628708,-90.20007
The Wende Museum of the Cold War,10808 Culver Blvd,Culver City,CA,90230,34.011555,-118.404076
Gilmore Car Museum,6865 W Hickory Rd,Hickory Corners,MI,49060,42.44198,-85.42157
Lehigh County Historical Museum,41 S 5th St,Allentown,PA,18101,40.60227,-75.46723
Heritage Halls Family Museum,2300 Heritage Pl NW,Owatonna,MN,55060,44.12911,-93.24849
Carriage House Museum,2 N Park St,Camden,NY,13316,43.336437,-75.74792
Iowa Great Lakes Maritime Museum,243 W Broadway St,Arnolds Park,IA,51331,43.365326,-95.135056
Sheboygan County Historical Museum,3110 Erie Ave,Sheboygan,WI,53081,43.75246,-87.749565
Fort Smith Trolley Museum,100 S 4th St,Fort Smith,AR,72901,35.38573,-94.43006
Heart of West Texas Museum,340 E 3rd St,Colorado City,TX,79512,32.389553,-100.86375
Foshay Museum & Observation Deck,821 Marquette Ave,Minneapolis,MN,55402,44.975014,-93.27176
Annapolis Maritime Museum,133 Bay Shore Ave,Annapolis,MD,21403,38.969288,-76.47649
Dublin Rodeo Heritage Museum,118 W Blackjack St,Dublin,TX,76446,32.085453,-98.342865
Heritage Museum & Cultural Center,1606 Main St,Baker,LA,70714,30.59164,-91.16731
Pamunkey Indian Museum,175 Lay Landing Rd,King William,VA,23086,37.575367,-77.00221
Gem & Mineral Museum of Franklin,25 Phillips St,Franklin,NC,28734,35.180664,-83.38085
Eagles Mere Museum,Merritt Field Route 42,Laporte,PA,17731,41.4109,-76.5823
Cordell Hull Birthplace & Museum,1300 Cordell Hull Memorial Dr,Byrdstown,TN,38549,36.58214,-85.18359
Monmouth Museum,749 Main St,Monmouth,ME,04259,44.238102,-70.03597
Hood Museum of Art,6 E Wheelock St,Hanover,NH,03755,43.70246,-72.287544
Levine Museum of the New South,200 E 7th St,Charlotte,NC,28202,35.228397,-80.8387
Homer B Wilson Jr Vintage Museum,20524 Us Highway 431,Guntersville,AL,35976,34.39719,-86.27322
Gpd Toy Train Museum,3975 N Miller Ave,Tucson,AZ,85705,32.280098,-111.01044
Bergen Museum Of Local History,7547 S Lake Rd,Bergen,NY,14416,43.047813,-77.96317
Freedom Museum,505 Main St,Waynoka,OK,73860,36.57134,-98.88018
Cherry Valley Museum,47 Main St,Cherry Valley,NY,13320,42.797485,-74.75131
Nau Art Museum,620 S Knoles Dr,Flagstaff,AZ,86001,35.192673,-111.656364
Mount Gilead Museum Foundation,202 Allenton St,Norwood,NC,28128,35.225063,-80.11484
American Craftsman Museum,350 3rd St S,Saint Petersburg,FL,33701,27.767475,-82.6369
Martin Auto Museum,4320 W Thunderbird Rd,Glendale,AZ,85306,33.610943,-112.15283
Crooked Creek Civil War Museum,516 County Road 1127,Vinemont,AL,35179,34.22375,-86.97881
Union Museum of History and Art,211 N Main St,Farmerville,LA,71241,32.77484,-92.40555
JH Fentress Vintage Popcorn Museum,7922 Hill Ave,Holland,OH,43528,41.63935,-83.73095
Kings Guard Museum,131 Kaiulani Ave.,Honolulu,HI,96815,21.281084,-157.82661
One Room School House Museum,Blue Heron Way,Elizabethtown,KY,42701,37.723618,-85.8803
Eagle Grove Historical Museum,401 W Broadway St,Eagle Grove,IA,50533,42.66422,-93.90616
Barron's C & O Canal Museum,5632 Mose Cir,Sharpsburg,MD,21782,39.466473,-77.777824
Railroad Museum of Long Island,440 4th St,Greenport,NY,11944,41.09936,-72.36425
John Scott Garbry Museum,8811 Career Dr,Piqua,OH,45356,40.162373,-84.21372
The Museum Company,7 Backus Ave,Danbury,CT,06810,41.37792,-73.478966
Boca Raton Museum of Art,501 Plaza Real,Boca Raton,FL,33432,26.355736,-80.08524
The Museum of Russian Art,5500 Stevens Ave,Minneapolis,MN,55419,44.903553,-93.27575
East Linn Museum Society,746 Long St,Sweet Home,OR,97386,44.396645,-122.734726
Sapulpa Historical Museum,100 E Lee Ave,Sapulpa,OK,74066,35.997402,-96.11265
Siskin Museum of Religious Art,1101 Carter St,Chattanooga,TN,37402,35.04319,-85.313255
Louisiana Children's Museum,15 Henry Thomas Dr,New Orleans,LA,70124,29.989614,-90.093575
The Museum of Cape May County,504 N Route 9,Cape May Court House,NJ,08210,39.09649,-74.8123
Wilkinson County Museum,982 Third South St,Woodville,MS,39669,31.100393,-91.30277
Matt Gardner Homestead Museum,110 Dixon Town Rd,Elkton,TN,38455,35.0517,-86.8896
Santa Barbara Maritime Museum,113 Harbor Way Ste 190,Santa Barbara,CA,93109,34.404003,-119.69297
Henn Museum Store Berlin,142 Depot St,Orrville,OH,44667,40.840313,-81.76715
Seneca School House Museum,16800 River Rd,Poolesville,MD,20837,39.080696,-77.350716
University Art Museum,1400 Washington Ave,Albany,NY,12222,42.689705,-73.82066
B Reactor Museum Association,2000 Logston Blvd,Richland,WA,99354,46.31842,-119.30186
Union County Museum,331 Main Ave,La Grande,OR,97850,45.32776,-118.10472
Plainview Klown Doll Museum,306 W Park Ave,Plainview,NE,68769,42.350616,-97.791664
African American Museum,325 S Clara Ave,Deland,FL,32721,29.02389,-81.30723
White River Valley Museum,25 W Main St,Auburn,WA,98001,47.30754,-122.230194
Center Museum,3905 Inglewood Blvd,Los Angeles,CA,90066,34.003883,-118.42725
Wolcott House Museum Complex,1035 River Rd,Maumee,OH,43537,41.572342,-83.63846
Dakota Dinosaur Museum,200 E Museum Dr,Dickinson,ND,58601,46.894238,-102.7822
American Museum of Natural History,200 Central Park W,New York,NY,10024,40.78147,-73.97234
Museum For Hmong American,704 Kent St,Wausau,WI,54403,44.934486,-89.626305
Indian Steps Museum,205 Indian Steps Rd,Airville,PA,17302,39.861633,-76.374626
Nemaha County Historical Museum,113 N 6th St,Seneca,KS,66538,39.83598,-96.06384
Museum of Yancey County History,11 Academy St,Burnsville,NC,28714,35.91769,-82.30112
San Anselmo Historical Museum,110 Tunstead Ave,San Anselmo,CA,94960,37.97451,-122.56279
Ashland Logging Museum Inc,267 Garfield Rd,Garfield Plt,ME,04732,46.620575,-68.44158
Martin Auto Museum,17641 N Black Canyon Hwy,Phoenix,AZ,85023,33.64655,-112.11458
The Bhagavad Gita Museum,3764 Watseka Ave,Los Angeles,CA,90034,34.025135,-118.39726
Trailhead Discovery Museum,606 6th St,Crested Butte,CO,81224,38.867775,-106.98067
Kregel Windmill Factory Museum,1416 Central Ave,Nebraska City,NE,68410,40.67689,-95.86438
Sierra Nevada Childrens Museum,11711 Donner Pass Rd,Truckee,CA,96161,39.325947,-120.214195
Music Initiatives Museum,136 Burnham Rd,Lowell,MA,01852,42.649944,-71.27331
Pacific Northwest Logging Museum,3995 Brooklake Rd NE,Salem,OR,97303,45.04982,-122.97856
Museum Of Flight Hixson,304 Russell Field Rd NE,Rome,GA,30165,34.35184,-85.163086
Sam Houston Memorial Museum,1836 Sam Houston Ave,Huntsville,TX,77340,30.71472,-95.551414
Museum of Contemporary Art,265 S Church Ave,Tucson,AZ,85701,32.218094,-110.97211
Phoenix Airport Museum,3400 E Sky Harbor Blvd,Phoenix,AZ,85034,33.435127,-112.00733
Doleman Black Heritage Museum,33-35 W Washington St,Hagerstown,MD,21740,39.642406,-77.721436
Museum Of Fine Arts,1 Museum Dr,Montgomery,AL,36117,32.351387,-86.20556
Waupun City Heritage Museum,22 S Madison St,Waupun,WI,53963,43.63294,-88.729996
Fort Recovery State Museum,1 Saint Joe Rd,Fort Recovery,OH,45846,40.428818,-84.78442
Galesburg Railroad Museum,211 S Seminary St,Galesburg,IL,61401,40.944584,-90.36447
Adams County Historical Museum,420 W Monroe St,Decatur,IN,46733,40.830994,-84.92784
Table Rock Historical Museum,414 Grand St,Table Rock,NE,68447,40.17708,-96.095345
North Carolina Baseball Museum,300 Stadium St SW,Wilson,NC,27893,35.71944,-77.93107
Hose 5 Fire Museum,247 State St,Bangor,ME,04401,44.805775,-68.76004
Coutts Museum Of Art,110 N Main St,El Dorado,KS,67042,37.818016,-96.849594
Old Jail Museum,23115 Leonard Hall Dr,Leonardtown,MD,20650,38.302372,-76.63033
Swiss Heritage Museum,1200 Mill Pond Rd,Berne,IN,46711,40.646572,-84.97276
Davenport Music History Museum,130 W 2nd St,Davenport,IA,52801,41.521458,-90.57513
Belhaven Memorial Museum,210 S Main St # 2,Bath,NC,27808,35.47313,-76.814
Wharton Studio Museum,Po Box 3975,Ithaca,NY,14852,42.5047,-76.4712
Town of Islesboro Museum,615 Ferry Rd,Islesboro,ME,04848,44.282494,-68.93956
Webb Military Museum,411 E York St,Savannah,GA,31401,32.07627,-81.087715
Kurdish Museum,345 Park Pl,Brooklyn,NY,11238,40.676373,-73.96653
Marine Museum,301 Bluff Rd,Amagansett,NY,11930,40.97088,-72.1302
Bernard Historical Museum,7135 Delton Rd,Delton,MI,49046,42.50242,-85.42816
Tri-State Museum,1222 9th Ave,Belle Fourche,SD,57717,44.664135,-103.847084
Grand Rapids Public Museum,115 College Ave SE,Grand Rapids,MI,49503,42.960724,-85.656975
Redington Museum,62 Silver St,Waterville,ME,04901,44.546944,-69.63415
Fingerprints Youth Museum,123 S Carmalita St,Hemet,CA,92543,33.747032,-116.969666
Museum Shop DC,2014 Rhode Island Ave NE,Washington,DC,20018,38.929592,-76.975555
Prospect House Museum,403 N Lake Ave,Battle Lake,MN,56515,46.285526,-95.71428
Clearwater Historical Museum,433 Bartlett St,Orofino,ID,83544,46.485794,-116.243355
Napa Valley Museum,55 Presidents Cir,Yountville,CA,94599,38.394787,-122.36507
Newberry Museum,1300 Friend St,Newberry,SC,29108,34.27398,-81.61828
Grantsville Comnty Museum,153 Main St,Grantsville,MD,21536,39.69684,-79.15594
Museum Lofts,138 Huling Ave,Memphis,TN,38103,35.135094,-90.05711
Two Rivers History Museum,1810 Jefferson St,Two Rivers,WI,54241,44.149914,-87.566444
Mount Dora Museum Store,145 E 5th Ave,Mount Dora,FL,32757,28.800669,-81.64401
Villa Zorayda Museum,83 King St,Saint Augustine,FL,32084,29.891735,-81.31506
Danish Heritage Museum,153 County Road 426,Danevang,TX,77432,29.06,-96.153
Washita Museum,107 E 1st St,Cordell,OK,73632,35.292538,-98.99003
Fayette Historical Museum,221 Temple Ave S,Fayette,AL,35555,33.683598,-87.83085
Zephyrhills Depot Museum,39110 South Ave,Zephyrhills,FL,33542,28.229958,-82.169556
Antique Toy and Firehouse Museum,3456 Patterson Rd,Bay City,MI,48706,43.639175,-83.87319
San Francisco History Museum,57 Post St,San Francisco,CA,94104,37.788822,-122.40313
Readington Township Museums,114 Dreahook Rd,Lebanon,NJ,08833,40.582764,-74.83166
Seattle Buffalo Soldiers Museum,1117 Minor Ave,Seattle,WA,98101,47.61062,-122.32501
Western Museum of Flight,3315 Airport Dr,Torrance,CA,90505,33.799835,-118.34112
Colony House Museum,316 E Elmwood Ave,Palmer,AK,99645,61.598663,-149.11008
Museum of Northwest Art,121 1st St,La Conner,WA,98257,48.392033,-122.495674
Audrain Automobile Museum,222 Bellevue Ave,Newport,RI,02840,41.482014,-71.30829
Seattle Children's Museum,305 Harrison St,Seattle,WA,98109,47.62209,-122.35543
Lake Arrowhead Children's Museum,28200 Highway 189,Lake Arrowhead,CA,92352,34.25005,-117.19013
Treehouse Children's Museum,1147 12th St,Ogden,UT,84404,41.24377,-111.949715
Museum Store,1301 S University Ave,Ann Arbor,MI,48104,42.275143,-83.73293
Saline CRK Pioneer Village Museum,1600 S Feazel St,Harrisburg,IL,62946,37.71828,-88.55274
Anthony Museum,502 W Main St,Harper,KS,67058,37.286854,-98.030655
History Museum of Carteret County,1008 Arendell St,Morehead City,NC,28557,34.721764,-76.71566
San Lorenzo Valley Museum,12547 Highway 9,Boulder Creek,CA,95006,37.116467,-122.12057
Bucks County Mercer Museum,84 S Pine St,Doylestown,PA,18901,40.30915,-75.1277
Bigfoot Discovery Museum,5497 Highway 9,Felton,CA,95018,37.041462,-122.0726
Bisbee Mining & Historical Museum,5 Copper Queen Plz,Bisbee,AZ,85603,31.441994,-109.91482
Fire Museum of Chicago,5218 S Western Ave,Chicago,IL,60609,41.79907,-87.68438
Calhoun County Museum,313 Butler St,Saint Matthews,SC,29135,33.660305,-80.77524
Fire Museum of Maryland,1301 York Rd,Lutherville Timonium,MD,21093,39.417633,-76.614876
Manchester Historical Museum,Cemetery Ave,Manchester,VT,05254,43.1624,-73.068
Maryland Veterans Memorial Museum,11000 Crain Hwy,Newburg,MD,20664,38.410973,-76.954544
Winnebago Area Museum,PO Box 595,Winnebago,MN,56098,43.7694,-94.1728
Lake Superior Railroad Museum,506 W Michigan St,Duluth,MN,55802,46.781277,-92.10434
Bell Aircraft Museum,210 S Walnut St,Mentone,IN,46539,41.17212,-86.040596
Oregon Museums Association,1928 NW Lovejoy St,Portland,OR,97209,45.529797,-122.691376
Savin Rock Museum,6 Rock St,West Haven,CT,06516,41.25617,-72.953995
Beaches Museum and History Park,381 Beach Blvd,Jacksonville Beach,FL,32250,30.288437,-81.3929
Museum of the Llano Estacado,1900 W 7th St,Plainview,TX,79072,34.186794,-101.72979
Crispin's Drugstore Museum,161 E Lincoln Ave,Lincoln,KS,67455,39.040077,-98.14676
Bunker Hill Mine Museum,140 Railroad Ave,Kellogg,ID,83837,47.537437,-116.12435
New Mexico - State Museums,706 Camino Lejo,Santa Fe,NM,87505,35.664318,-105.92723
Detroit Historical Museum,414 Maple St,Wyandotte,MI,48192,42.202164,-83.1551
Aidron Duckworth Art Museum,21 Bean Rd,Meriden,NH,03770,43.5346,-72.2437
Gilman Ranch Museum,1937 W Gilman St,Banning,CA,92220,33.93389,-116.89902
Yippie Museum Cafe,9 Bleecker St,New York,NY,10012,40.72551,-73.992714
Museum of Waxhaws,8215 Waxhaw Hwy,Waxhaw,NC,28173,34.923523,-80.73364
Chevrolet Hall of Fame Museum,3635 E Us Route 36,Decatur,IL,62521,39.825245,-88.89639
Florida Pioneer Museum,826 N Krome Ave,Florida City,FL,33034,25.457151,-80.47739
Cross County Museum,711 Union Ave E,Wynne,AR,72396,35.223442,-90.78672
St Louis Art Museum,3635 Vista Ave At Grand Blvd,Saint Louis,MO,63110,38.6247,-90.2643
Brueckner Museum,13725 26 Mile Rd,Albion,MI,49224,42.27488,-84.80557
Kerbyville Museum,24195 Redwood Hwy,Kerby,OR,97531,42.19673,-123.65052
Graveyard of the Atlantic Museum,59200 Museum Dr,Hatteras,NC,27943,35.205772,-75.704544
Chinese-American Museum of Chicago,238 W 23rd St,Chicago,IL,60616,41.851124,-87.63346
Woodman Institute Museum,182 Central Ave,Dover,NH,03820,43.189526,-70.874214
Alverta Green Museum,207 W Church St,Mason,OH,45040,39.361282,-84.31072
Beavertail Lighthouse Museum Assoc,BEAVERTAIL Rd,Jamestown,RI,02835,41.4762,-71.390884
King Canal Store Museum,209 Main St,Ledgewood,NJ,07852,40.878338,-74.65177
Owasso Historical Museum,26 S Main St,Owasso,OK,74055,36.265755,-95.85517
Georgetown Firefighting Museum,507 5th St,Georgetown,CO,80444,39.70536,-105.69669
Colman Memorial Community Museum,13548 Centerville Rd,Chico,CA,95928,39.788208,-121.65563
Bridger Valley Heritage Museum,100 Mountain St,Lyman,WY,82937,41.3109,-110.33415
Klauss-James Archive & Art Museum,100 E Main St,Parkston,SD,57366,43.39461,-97.9857
Jundt Art Museum,502 E Boone Ave,Spokane,WA,99258,47.6684,-117.4025
Horry County Museum,1949 Industrial Park Rd,Conway,SC,29526,33.909546,-79.05209
Klein Museum,1820 W Grand Xing,Mobridge,SD,57601,45.55071,-100.45105
Limon Heritage Museum,701 1st Ave,Limon,CO,80828,39.267773,-103.67759
State Museum,300 North St,Harrisburg,PA,17120,40.265343,-76.8854
Mountain Farm & Home Museum,101 Brookside Camp Rd,Hendersonville,NC,28792,35.36264,-82.480804
Clovis Depot Model Train Museum,221 W 1st St,Clovis,NM,88101,34.398438,-103.20818
Henry County Histrcl Scty Museum,606 S 14th St,New Castle,IN,47362,39.926003,-85.36909
Him Dak Eco Museum,47685 W Eco Musem Rd,Maricopa,AZ,85139,33.0313,-112.078285
Don Laughlin's Classic Car Museum,1650 S Casino Dr,Laughlin,NV,89029,35.16651,-114.5727
Plains District Memorial Museum,176 N Main St,Timberville,VA,22853,38.63958,-78.77376
Oklahoma Museum of Flying,14100 Parkway Commons Dr,Oklahoma City,OK,73134,35.61496,-97.582245
Lowndes County Museum,305 W Central Ave,Valdosta,GA,31601,30.830582,-83.282814
Maynard Pioneer Museum & Park,Highway 328 W,Maynard,AR,72444,36.4293,-90.8777
Croatian Heritage Museum,34900 Lake Shore Blvd,Eastlake,OH,44095,41.66324,-81.44079
Museum of Geology,115 Tillman Hall,Macomb,IL,61455,40.4573,-90.6649
Monroe Historical Museum,207 E Main St,Monroe,WA,98272,47.856472,-121.968994
West Bend Art Museum,205 Veterans Ave,West Bend,WI,53095,43.423477,-88.18113
Tulsa Historical Society & Museum,2445 S Peoria Ave,Tulsa,OK,74114,36.129395,-95.97549
Roswell Museum and Art Center,100 W 11th St,Roswell,NM,88201,33.40448,-104.52286
The Children's Museum of Green Bay,1230 Bay Beach Rd,Green Bay,WI,54302,44.531723,-87.98398
Museum of Life Or Death,10 Melville Pl,Irvington,NJ,07111,40.715256,-74.2293
Victor Lowell Thomas Museum,298 Victor Ave,Victor,CO,80860,38.71001,-105.140015
Peace Dale Museum Art & Culture,1058 Kingstown Rd,Wakefield,RI,02879,41.450478,-71.49531
History of Hearing Museum,Jkjhghjkjhghjklkjhjklkjh,Springfield,MO,65803,37.2299,-93.2845
Piney Point Lighthouse & Museum,44720 Lighthouse Rd,Piney Point,MD,20674,38.136257,-76.52932
Crimson Dawn Park & Museum,1620 E Crimson Dawn Rd,Casper,WY,82601,42.735188,-106.28441
Museum of Art Mc Mullen,140 Commonwealth Ave,Chestnut Hill,MA,02467,42.337463,-71.171524
Yesterday House Museum,118 S Main St,Sylvan Grove,KS,67481,39.010536,-98.39297
Timberlake Rose Rock Museum,419 S Highway 77,Noble,OK,73068,35.1343,-97.3937
Alto Model Train Museum Association,1117 9th Ave,Altoona,PA,16602,40.514404,-78.3982
Indiana Railway Museum,8594 W State Road 56,French Lick,IN,47432,38.554443,-86.61652
Mather House Museum,115 Prospect St,Port Jefferson,NY,11777,40.94572,-73.06656
Pioneer Memorial Museum,2332 Montgomery St,Oroville,CA,95965,39.515488,-121.55173
Scottsville Museum,290 W Main St,Scottsville,VA,24590,37.798317,-78.49675
Waite & Peirce Museum Store,193 Derby St,Salem,MA,01970,42.520832,-70.888115
Carter County Museum,306 N Main St,Ekalaka,MT,59324,45.89128,-104.54629
Kentucky Military History Museum,125 E Main St,Frankfort,KY,40601,38.19767,-84.872765
Washburn Historical Society Museum,102 2nd Ave,Shell Lake,WI,54871,45.739986,-91.92563
Hoosier Air Museum,2822 County Road 62,Auburn,IN,46706,41.304707,-85.05765
Vinton Museum,210 E Jackson Ave,Vinton,VA,24179,37.27888,-79.8965
Buck A D Museum,1220 E Grand Ave,Tonkawa,OK,74653,36.67855,-97.29576
Telluride Historical Museum,201 W Gregory Ave,Telluride,CO,81435,37.9398,-107.81094
Georgia Southern University Museum,2142 Southern Dr,Statesboro,GA,30460,32.427307,-81.78197
DEA Museum and Visitors Center,700 Army Navy Dr,Arlington,VA,22202,38.86509,-77.05776
Central PA African American Museum,119 N 10th St,Reading,PA,19601,40.337437,-75.91791
National Farm Toy Museum,10048 S Old Highway 81,Assaria,KS,67416,38.653435,-97.61231
Los Angeles Fire Department Museum,1355 N Cahuenga Blvd,Los Angeles,CA,90028,34.09593,-118.32952
Peabody Essex Museum,East India Aquare 161 Essex St,Salem,MA,01970,42.5145,-70.9015
American Museum of Natural History,7 W 77th St,New York,NY,10024,40.779835,-73.97403
Museum Muses,209 E Monroe Ave,Alexandria,VA,22301,38.820244,-77.059654
Over-the-Rhine Museum,1219 Sycamore St,Cincinnati,OH,45202,39.109844,-84.51035
Museum-Fall River County-Historical,300 N Chicago St,Hot Springs,SD,57747,43.433388,-103.475876
The Museum of Ossipee History,52 Route 16b,Ossipee,NH,03864,43.63751,-71.057014
Antelope Valley Indian Museum,1051 W Avenue L Suite 201,Lancaster,CA,93534,34.660553,-118.14955
Kidsplay Museum,61 E Main St,Torrington,CT,06790,41.80141,-73.12024
World Figure Skating Museum,2050 W Key St,Colton,CA,92324,34.02186,-117.36035
Hoover-Minthorn House Museum,115 S River St,Newberg,OR,97132,45.29966,-122.968765
Adams Class Museum Vistor Center,2 Independent Dr Ste 144,Jacksonville,FL,32202,30.325132,-81.65866
Balboa Island Museum,502 W Bay Ave,Newport Beach,CA,92661,33.604706,-117.90646
Village of Elsah Museum,26 Mill St,Elsah,IL,62028,38.954304,-90.36083
Lee's Summit History Museum,220 SW Main St,Lees Summit,MO,64063,38.912376,-94.37851
Martin House Museum,707 10th Ave,Fulton,IL,61252,41.8673,-90.162056
Hillwood Museum & Gardens,Hillwood Estate Museum,Washington,DC,20008,38.933,-77.0591
Fort MacArthur Museum,3601 S Gaffey St,San Pedro,CA,90731,33.71118,-118.293015
El Paso Holocaust Museum,715 N Oregon St,El Paso,TX,79902,31.762457,-106.49189
Great Harbor Maritime Museum,124 Main St,Northeast Harbor,ME,04662,44.29365,-68.288864
Jefferson County Museum,200 E Washington St,Charles Town,WV,25414,39.289703,-77.85856
Plattsburgh State Art Museum,101 Broad St,Plattsburgh,NY,12901,44.694904,-73.465546
Springs Museum,134 River Rd,Springs,PA,15562,39.732533,-79.14828
Cuyahoga Valley Historical Museum,1775 Main St,Peninsula,OH,44264,41.241516,-81.554306
Grice House Museum,865 N Lakeshore Rd,Harbor Beach,MI,48441,43.857204,-82.65389
Coal Miners Museum,900 S Main St,Whitwell,TN,37397,35.20078,-85.519615
Randsburg Desert Museum,161 Butte Ave,Randsburg,CA,93554,35.36799,-117.65549
Alpine Museum,2116 Tavern Rd,Alpine,CA,91901,32.82268,-116.7762
Fern Dell Museum,9 E Front St,Newark,IL,60541,41.538017,-88.58325
Washington Irving Trail Museum,3918 S Mehan Rd,Ripley,OK,74062,36.07722,-96.94443
Heritage House Museum,3025 Madison St,Riverside,CA,92504,33.93074,-117.40049
Dental Museum,209 E Main St,Bainbridge,OH,45612,39.227955,-83.26764
Canepa Motorsports Museum,4900 Scotts Valley Dr,Scotts Valley,CA,95066,37.05255,-122.01345
Museum and Library,4798 Western Ave,Bethesda,MD,20816,38.952095,-77.09711
Museum of Miniature Houses,1089 3rd Ave SW,Carmel,IN,46032,39.96386,-86.131004
Poplar Bluff Museum,1010 N Main St,Poplar Bluff,MO,63901,36.76586,-90.402
Belle Plaine Area Museum,901 12th St,Belle Plaine,IA,52208,41.896168,-92.27473
Homesteadmuseum Call,420 Post Rd,Andover,NY,14806,42.215652,-77.72368
Montpellier-Henry Knox Museum,28 High St,Thomaston,ME,04861,44.081276,-69.168625
Pyramid Hill Sculpture PK Museum,1763 Hamilton Cleves Rd,Hamilton,OH,45013,39.372417,-84.5761
Arizona-Sonora Desert Museum,2021 N Kinney Rd,Tucson,AZ,85743,32.245197,-111.16509
Kadoka Depot Museum,S Main St,Kadoka,SD,57543,43.838608,-101.51145
Mobile Medical Museum,1664 Spring Hill Ave,Mobile,AL,36604,30.6925,-88.076584
RAM's Wustum Museum of Fine Arts,2519 Northwestern Ave,Racine,WI,53404,42.742207,-87.81261
Great Plains Zoo & Delbridge Museum,805 N Kiwanis Ave,Sioux Falls,SD,57104,43.556763,-96.76141
Buffalo Bill Museum of Le Claire,199 N Front St,Le Claire,IA,52753,41.598434,-90.34299
American Museum of Beat Art,506 N Garfield Ave,Alhambra,CA,91801,34.100445,-118.130356
Maritime Museum,106 S Main St,Cohasset,MA,02025,42.238594,-70.79973
Corvette Museum,350 Corvette Dr,Bowling Green,KY,42101,37.00315,-86.373146
Museum of the Americas,2500 NW 79th Ave Ste 104,Miami,FL,33122,25.797218,-80.32519
Mayville Limestone School Museum,1314 W College Ave,Appleton,WI,54914,44.26195,-88.426025
Gilbert Historical Museum,10 S Gilbert Rd,Gilbert,AZ,85296,33.348484,-111.78982
Monona County Historical Museum,304 S Egbert St,Monona,IA,52159,43.05085,-91.388794
Museum of Greek Culture,93 Riverside Ave,Bristol,CT,06010,41.670822,-72.939835
Museum of Contemporary Art,65 Circle Dr,Hastings On Hudson,NY,10706,40.996468,-73.87269
Museum of Northern California,900 Esplanade,Chico,CA,95926,39.736496,-121.84428
Edwardsville Childrens Museum,722 Holyoake Rd,Edwardsville,IL,62025,38.80429,-89.94992
Softball Museum,2141 E Pythian St,Springfield,MO,65802,37.21804,-93.25388
Patterson House Museum,34600 Ardenwood Blvd,Fremont,CA,94555,37.552917,-122.05383
American Sport Art Museum,1 Academy Dr,Daphne,AL,36526,30.640196,-87.91244
Leo Adler House Museum,2305 Main St,Baker City,OR,97814,44.780067,-117.82993
Stone County Museum,310 School Ave,Mountain View,AR,72560,35.863403,-92.11159
Yanke Motor Museum,1090 W Boeing St,Boise,ID,83705,43.56251,-116.19774
Kidzu Childrens Museum,123 W Franklin St Ste 101,Chapel Hill,NC,27516,35.912582,-79.05685
Eastern Oregon Museum,14514 Muddy Creek Ln,Haines,OR,97833,44.93754,-118.027664
East Brunswick Museum,16 Maple St,East Brunswick,NJ,08816,40.416122,-74.3648
Arkansas Country Doctor Museum,107 N Starr Ave,Lincoln,AR,72744,35.95053,-94.42472
Currier Museum,646 Beech St,Manchester,NH,03104,42.99689,-71.45616
Mizel Museum,2300 N Steele St,Denver,CO,80205,39.750996,-104.94861
Windsor-Severance Fire Museum,121 N 6th St,Windsor,CO,80550,40.481876,-104.90563
Riverfront Museum Park,711 N Main St,Rockford,IL,61103,42.276947,-89.08966
Lackawanna County Trolley Museum,300 Cliff St,Scranton,PA,18503,41.40931,-75.67344
Johnson County Museum of History,135 N Main St,Franklin,IN,46131,39.48183,-86.055046
Museum Masterworks,8417 Glazebrook Ave,Henrico,VA,23228,37.6274,-77.50368
Alleghany Historical Museum,45 N Main St,Sparta,NC,28675,36.505882,-81.1215
Old Depot Museum,135 W Tecumseh St,Ottawa,KS,66067,38.62028,-95.26951
Ralph Foster Museum,1 Cultural Court,Point Lookout,MO,65726,36.61985,-93.23905
Grundy Museum,680 Radcliffe St,Bristol,PA,19007,40.097664,-74.850296
Nellie E McKnight Museum,70 Main St,Ellington,CT,06029,41.903603,-72.46903
Arabia Steamboat Museum,400 Grand Blvd,Kansas City,MO,64106,39.109825,-94.580986
Freeport Historical Museum,350 S Main St,Freeport,NY,11520,40.64799,-73.57616
Bacons Castle Museum,19 Bollingbrook St,Petersburg,VA,23803,37.23274,-77.40409
Gillespie Museum,234 E Michigan Ave,Deland,FL,32724,29.033407,-81.29998
Asian Art Museum,845 Market St,San Francisco,CA,94103,37.78439,-122.40733
Warhawk Air Museum,201 Municipal Way,Nampa,ID,83687,43.58494,-116.52338
Uhrichsville Clay Museum,330 N Main St,Uhrichsville,OH,44683,40.39188,-81.345276
Hosanna School Museum,2424 Castleton Rd,Darlington,MD,21034,39.65813,-76.2065
El Dorado County Museum,524 Main St,Placerville,CA,95667,38.729492,-120.79875
Michigan's Military Heritage Museum,153 N Union St,Grass Lake,MI,49240,42.253956,-84.20387
Children's Activity Museum,118 E 4th Ave,Ellensburg,WA,98926,46.995396,-120.54639
Windham Textile & History Museum,411 Main St,Willimantic,CT,06226,41.710693,-72.206345
McNay Art Museum,6000 N New Braunfels Ave,San Antonio,TX,78209,29.4852,-98.45911
American Clown Museum & School,109 E Interlake Blvd,Lake Placid,FL,33852,27.297329,-81.36602
State Museum,414 E Clark St,Vermillion,SD,57069,42.78264,-96.92728
JWR Auto Museum,2 S Eleanor Ave,Frackville,PA,17931,40.78353,-76.19766
Santee Sioux Tribe Museum,108 Spirit Lake Ave W,Niobrara,NE,68760,42.836746,-97.85284
Darby Pioneer Memorial Museum,101 E Tanner Ave,Darby,MT,59829,46.020676,-114.17791
Auburn Museum,433 W Main St,Auburn,KY,42206,36.86181,-86.71407
Museum Warehouse,111 E Main St,Jonesborough,TN,37659,36.294426,-82.47319
Anderson Museum of Art,32 W 10th St,Anderson,IN,46016,40.106216,-85.68012
Monterey County Youth Museum,430 N Avenue C,Canton,IL,61520,40.561405,-90.041405
Trapper Creek Museum,Mile 3/4 Petersville Rd,Trapper Creek,AK,99683,62.374,-150.4742
Big Springs Museum,3095 Main St,Caledonia,NY,14423,42.973286,-77.85497
4th Infantry Division Museum,1205 Nelson Blvd,Colorado Springs,CO,80913,38.741646,-104.794975
Centennial Museum & Gardens,University Ave & Wiggins Rd,El Paso,TX,79902,31.7819,-106.5051
Busy Brains Children's Museum,130 Cedar Ave,Lake Villa,IL,60046,42.417545,-88.08039
Munster History Museum-Kaske House,1154 Ridge Rd,Munster,IN,46321,41.560143,-87.5017
Mike Fuller Auto and Gas Museum,Corner Of 1st & Broadway,Inola,OK,74036,36.1549,-95.5071
Lakewood Historical Museum,655 Princeton Ave,Lakewood,NJ,08701,40.09733,-74.2088
Macaulay Museum of Dental History,175 Ashley Ave,Charleston,SC,29425,32.78604,-79.94702
National Railroad Museum,2285 S Broadway,Green Bay,WI,54304,44.484024,-88.04844
Kansas Barbed Wire Museum,120 W 4th St,La Crosse,KS,67548,38.52714,-99.31099
Everson Museum of Art,401 Harrison St,Syracuse,NY,13202,43.044434,-76.14685
Ward W. O'Hara Agricultural Museum,6880 E Lake Rd,Auburn,NY,13021,42.904663,-76.536385
Mascoutah Heritage Museum,306 W Main St,Mascoutah,IL,62258,38.490273,-89.80344
Rogers Historical Museum,322 S 2nd St,Rogers,AR,72756,36.330746,-94.1179
Frank & Margaret Mitchell Museum,404 S Jackson St,Tullahoma,TN,37388,35.356823,-86.20724
Lead Line Rail Trail & Museum,19 W Highway 8,Steelville,MO,65565,37.969364,-91.36471
Barbour Cook Geology Museum,1000 Main St,Chadron,NE,69337,42.820965,-103.0018
College Park Aviation Museum,138 Matthew Dr,Bear,DE,19701,39.58573,-75.68896
Watkins Museum,Eureka St,Taylorsville,MS,39168,31.828827,-89.42809
Aviation Art Museum,293 Sherburne Ave,Saint Paul,MN,55103,44.956818,-93.112305
Vincent Bach Museum,44 Valley View Rd,Great Neck,NY,11021,40.78791,-73.710205
Rochester Museum & Science Center,1600 Lexington Ave,Rochester,NY,14606,43.179348,-77.674286
Virginia Quilt Museum,301 S Main St,Harrisonburg,VA,22801,38.446606,-78.8695
Montana Law Enforcement Museum,930 Main St,Deer Lodge,MT,59722,46.393345,-112.73584
Dinnerware Museum Inc,520 N Main St,Ann Arbor,MI,48104,42.285545,-83.74809
Dahlgren Heritage Museum,3540 James Madison Pkwy,King George,VA,22485,38.359062,-77.01762
Train Museum & Visitor Center,106 E 2nd St,Westby,WI,54667,43.651787,-90.857155
Clayton Museum of Ancient History,Ge Campus.,York,NE,68467,40.8688,-97.5795
Boyne City Historical Museum,319 N Lake St,Boyne City,MI,49712,45.21826,-85.01502
Portsmouth Museum of Art,1 Harbour Pl,Portsmouth,NH,03801,43.078236,-70.753784
Living Torah Museum,1603 41st St,Brooklyn,NY,11218,40.635513,-73.98053
Costumes Of The Americas Museum,5 Dean Porter Dr,Brownsville,TX,78520,25.897554,-97.496056
Anthracite Museum,18 S 17th St,Ashland,PA,17921,40.78077,-76.35103
Franklin Mineral Museum Inc,32 Evans St,Franklin,NJ,07416,41.113888,-74.58884
Laramie Plains Museum,603 E Ivinson Ave,Laramie,WY,82070,41.311863,-105.58933
Roundhouse Railroad Museum,601 W Harris St,Savannah,GA,31401,32.07526,-81.099945
Governor Henry Lippitt House Museum,50 S Main St,Providence,RI,02903,41.82485,-71.407005
Follett House Museum,404 Wayne St,Sandusky,OH,44870,41.45415,-82.70834
Grant County Museum,300 E Oklahoma Ave,Ulysses,KS,67880,37.576664,-101.3551
Tuscaloosa Museum of Art,1400 Jack Warner Pkwy NE,Tuscaloosa,AL,35404,33.222015,-87.51884
Washington Coutny History Museum,443 Court St,Chatom,AL,36518,31.471144,-88.25627
Cottage Grove Museum,147 N H St,Cottage Grove,OR,97424,43.798843,-123.06502
Burrows House Museum,545 SW 9th St,Newport,OR,97365,44.63141,-124.058
Independence Seaport Museum,211 S Columbus Blvd,Philadelphia,PA,19106,39.94632,-75.141396
North Clark Historical Museum,21416 NE 399th St,Amboy,WA,98601,45.910244,-122.45358
Chinese Workers Museum,318 N Carson St Ste 208,Carson City,NV,89701,39.165424,-119.76723
Asheville Art Museum,2 S Pack Sq,Asheville,NC,28801,35.59483,-82.55147
J T & S Railroad Museum,8901 Willow Ln,Joshua Tree,CA,92252,34.08982,-116.30449
Twin City Model Railroad Museum,668 Transfer Rd Ste 8,Saint Paul,MN,55114,44.961357,-93.185974
Richmond-Miles History Museum,15 Main St,Yanceyville,NC,27379,36.40346,-79.33625
Museum Masters International,185 E 85th St Apt 27b,New York,NY,10028,40.77854,-73.95484
Wheeling Historical Museum,251 N Wolf Rd,Wheeling,IL,60090,42.143456,-87.915634
Museum of European Art,10545 Main St,Clarence,NY,14031,42.980278,-78.59488
Massachusetts Golf Museum,300 Arnold Palmer Blvd,Norton,MA,02766,41.98351,-71.22068
Palmer Museum of Art,Curtin Rd,University Park,PA,16802,40.807095,-77.85891
Wisconsin Aviation Museum,89 1/2 N Pioneer Rd,Fond Du Lac,WI,54935,43.78006,-88.48183
Claremont Museum of Art,2331 Coalinga Ct,Claremont,CA,91711,34.12647,-117.71823
Jamestown Museum,92 Narragansett Ave,Jamestown,RI,02835,41.49632,-71.37393
Needles Regional Museum,929 Front St,Needles,CA,92363,34.839893,-114.60612
Museum-Great Christian PRCHRS,2941 Greenridge Rd,Orange Park,FL,32073,30.143398,-81.745766
Palm Beach Maritime Museum,7719 S Dixie Hwy,West Palm Beach,FL,33405,26.64808,-80.05638
Prudence Crandall Museum,1 S Canterbury Rd,Canterbury,CT,06331,41.698257,-71.971344
New England Pirate Museum,274 Derby St,Salem,MA,01970,42.520695,-70.89067
Tennessee Agricultural Museum,440 Hogan Road,Nashville,TN,37204,36.06261,-86.74611
Family Center Museum,110 Church St,Bristol,CT,06010,41.670002,-72.94569
National Museum of Natural History,10th Constitution Ave NW,Washington,DC,20560,38.8888,-77.0254
Heritage Museum of Orange County,3101 W Harvard St,Santa Ana,CA,92704,33.72038,-117.91079
EAA Aviation Museum,3000 Poberezny Rd,Oshkosh,WI,54902,43.98428,-88.57998
North Brevard Historical Museum,301 S Washington Ave,Titusville,FL,32796,28.612446,-80.807396
David John Aaron Museum,137 E Main St,Mount Olive,NC,28365,35.195084,-78.06632
Heritage Museum,1618 Exchange St,Astoria,OR,97103,46.18831,-123.82511
Road To Freedom Museum,925 W Main St,Coatesville,PA,19320,39.980675,-75.84543
Chatham Railroad Museum,153 Depot Rd,Chatham,MA,02633,41.68564,-69.96166
The Versailles Area Museum,552 S West St  Marker Road,Versailles,OH,45380,40.2173,-84.4858
Swedish Heritage Museum,107 James Ave,Swedesburg,IA,52652,41.105038,-91.544914
Water Ski Hall of Fame & Museum,101 Adventure Ct,Davenport,FL,33837,28.223251,-81.64466
Manatee County Agricultural Museum,1015 6th St W,Palmetto,FL,34221,27.516273,-82.575935
Latino Art Museum,281 S Thomas St Ste 105,Pomona,CA,91766,34.05712,-117.75139
Saints Hall of Fame Museum,1500 Poydras St,New Orleans,LA,70112,29.95161,-90.07859
Harmony Museum,218 Mercer St,Harmony,PA,16037,40.80259,-80.12816
Marvel Carriage Museum,510 S Bedford St,Georgetown,DE,19947,38.672443,-75.3764
General Crook House Museum,5730 N 30th St Bldg 11B,Omaha,NE,68111,41.310513,-95.95673
Range Rider's Museum,443 Main St,Miles City,MT,59301,46.405758,-105.85209
Knowlton Ice Museum,317 Grand River Ave,Port Huron,MI,48060,42.9776,-82.42251
Museum-Contemporary Arab Art,225 W Main St,Alhambra,CA,91801,34.09405,-118.12956
Carson County Square House Museum,Highway 207th & 5 St,Panhandle,TX,79068,35.3315,-101.4395
Hollywood Star Cars Museum,914 Parkway,Gatlinburg,TN,37738,35.710594,-83.51903
Roane County Museum-History,119 Court St,Kingston,TN,37763,35.87167,-84.51597
Baldwin County Heritage Museum,25521 Us Highway 98,Elberta,AL,36530,30.414469,-87.58929
Crater Rock Museum,2002 Scenic Ave,Central Point,OR,97502,42.389156,-122.92494
Museum of the Mountain Man,700 E Hennick St,Pinedale,WY,82941,42.86997,-109.85252
Alexander Brest Museum,2800 University Blvd N,Jacksonville,FL,32211,30.351797,-81.60285
Lake Champlain Maritime Museum,4472 Basin Harbor Rd,Vergennes,VT,05491,44.19683,-73.3573
American Air Power Museum,Republic Air Fld,Bridgewater,NJ,08807,40.5898,-74.6226
Ocean City Historical Museum,1735 Simpson Ave,Ocean City,NJ,08226,39.271667,-74.59045
Museum at Eldridge Street,12 Eldridge St,New York,NY,10002,40.714653,-73.99355
Kids Discovery Museum,301 Ravine Ln NE,Bainbridge Island,WA,98110,47.625412,-122.51539
Hendricks County Museum,170 S Washington St,Danville,IN,46122,39.75927,-86.52404
Pueblo Grande Museum,4619 E Washington St,Phoenix,AZ,85034,33.447792,-111.98396
Old Jail Museum,113 N Walnut St,Allegan,MI,49010,42.528088,-85.85279
Caf Airbase Georgia Museum,1200 Echo Ct,Peachtree City,GA,30269,33.35716,-84.56659
North Delta Museum,748 2nd St,Friars Point,MS,38631,34.36928,-90.6411
Taylor County Historical Museum,1001 Pollock Blvd,Bedford,IA,50833,40.676636,-94.72935
Bellefonte Museum,133 N Allegheny St,Bellefonte,PA,16823,40.912987,-77.77844
Lodge Museum Building,1900 46th Ave,Rock Island,IL,61201,41.464737,-90.57295
Crawford County Historical Museum,97 E Michigan Ave,Grayling,MI,49738,44.66123,-84.7153
Sonny's Museum,226 Water St,Augusta,ME,04330,44.316135,-69.773994
Catawba County Museum of History,30 N College Ave,Newton,NC,28658,35.662907,-81.22167
Kenosha Military Museum,8035 22nd Ave,Kenosha,WI,53143,42.55753,-87.83496
Michael E Debakey Library & Museum,1 Baylor Plz,Houston,TX,77030,29.71066,-95.39656
Schifferstadt Architectural Museum,1110 Rosemont Ave,Frederick,MD,21701,39.423985,-77.42681
City of Jackson Fire Museum,355 W Woodrow Wilson Ave,Jackson,MS,39213,32.326645,-90.195724
Maritime & Seafood Industry Museum,PO Box 1907,Biloxi,MS,39533,30.4424,-88.9508
Floyd County Museum,509 W Market St,New Albany,IN,47150,38.282158,-85.82933
New Hall Military Museum,320 Chestnut St,Philadelphia,PA,19106,39.948536,-75.1464
Nichols House Museum,55 Mount Vernon St,Malden,MA,02148,42.43108,-71.06217
Miss Minervas Mauis Mermaid Museum,1552 Mill St Ste A,Wailuku,HI,96793,20.894032,-156.49538
St. Charles Museum,608 Broadway Ave,Saint Charles,AR,72140,34.374912,-91.13515
Rockwood Park & Museum,610 Shipley Rd,Wilmington,DE,19809,39.77259,-75.51748
Otoe County Museum Society,366 Poplar St,Syracuse,NE,68446,40.656948,-96.18055
Gammelgarden Museum,20880 Olinda Trail North,Scandia,MN,55073,45.304585,-92.80451
Tuolumne County Museum,158 Bradford St,Sonora,CA,95370,37.98372,-120.385574
Pan African Historical Museum,1500 State St,Springfield,MA,01109,42.12204,-72.54415
Kansas African American Museum,601 N Water St,Wichita,KS,67203,37.69524,-97.33961
Railroad Depot Museum,201 W Railroad Ave,Ritzville,WA,99169,47.126495,-118.37967
Pueblo Weisbrod Aircraft Museum,31001 Magnuson Ave,Pueblo,CO,81001,38.28099,-104.49545
Dousman Stage Coach Inn Museum,1075 Pilgrim Pkwy,Brookfield,WI,53005,43.03721,-88.106766
New Jersey Scout Museum,705 Ginesi Dr,Morganville,NJ,07751,40.351154,-74.292816
John Deere Tractor & Engine Museum,500 Westfield Ave,Waterloo,IA,50701,42.49824,-92.35434
Elkton Community Museum,105 N Elk St,Elkton,SD,57026,44.238976,-96.481155
Finney County Museum,403 S 4th St,Garden City,KS,67846,37.959484,-100.870155
Orlando Fire Museum,819 E Rollins St,Orlando,FL,32803,28.573914,-81.36634
Oneida Nation Museum,7 Green Acres Ct,De Pere,WI,54115,44.464077,-88.14618
Mildred Lane Kemper Art Museum,1 Brookings Dr,Saint Louis,MO,63130,38.648117,-90.3029
Topaz Museum,10000 W 4500 N,Delta,UT,84624,39.41832,-112.70888
Children's Museum of Sierra,49269 Golden Oak Dr,Oakhurst,CA,93644,37.33181,-119.64918
Atterbury Bakalar Museum,4742 Ray Boll Blvd,Columbus,IN,47203,39.25462,-85.89776
Knox House Museum,280 N Magnolia Ave,El Cajon,CA,92020,32.79715,-116.962585
Geneva Lakes Area Museum,255 Mill St,Lake Geneva,WI,53147,42.592144,-88.43148
Cici & Hyatt Brown Museum of Art,352 S Nova Rd,Daytona Beach,FL,32114,29.19531,-81.03549
Old State House Museum,300 W Markham St,Little Rock,AR,72201,34.748653,-92.273415
Appaloosa Museum,2720 W Pullman Rd,Moscow,ID,83843,46.732574,-117.03768
King Manor Museum,9004 161st St Ste 704,Jamaica,NY,11432,40.705242,-73.79948
Sun 'n Fun Air Museum,4175 Medulla Rd,Lakeland,FL,33811,27.979975,-82.028076
National Liberty Museum,321 Chestnut St,Philadelphia,PA,19106,39.94888,-75.14691
Museum of Shadows,502 Main St,Plattsmouth,NE,68048,41.011353,-95.88524
Isle A La Cache Museum,501 E Romeo Rd,Romeoville,IL,60446,41.640312,-88.06748
Veterans Memorial Park & Museum,1921 Evard Ave,Deltona,FL,32725,28.917358,-81.217224
Livingston Historical Museum,1604 Main St,Livingston,CA,95334,37.37581,-120.723656
Perry Historical Society Museum,3885 Main St,Perry,OH,44081,41.762894,-81.14718
American Museum of Ceramic Art,399 N Garey Ave,Pomona,CA,91767,34.06129,-117.75043
Ataloa Lodge Museum,2299 Old Bacone Rd,Muskogee,OK,74403,35.77572,-95.333855
Wyandotte County and Museum,631 N 126th St,Bonner Springs,KS,66012,39.108837,-94.87222
East Alton History Museum,211 N Shamrock St,East Alton,IL,62024,38.88281,-90.110756
The Citadel Museum,171 Moultrie St,Charleston,SC,29409,32.79678,-79.95776
Museum of American Gangster,80 Saint Marks Pl,New York,NY,10003,40.727596,-73.98569
SS Meteor Maritime Museum,300 Marina Dr,Superior,WI,54880,46.717606,-92.05393
San Francisco Airport Museum,670 W Field Rd,San Francisco,CA,94128,37.622276,-122.39777
The American Clock & Watch Museum,100 Maple Ave,Bristol,CT,06010,41.70365,-72.93141
Victor Heritage Museum,125 S Blake St,Victor,MT,59875,46.417274,-114.14897
Peteetneet Academy & Museum,10 N 600 E,Payson,UT,84651,40.042786,-111.72325
Sea Cliff Village Museum,95 10th Ave,Sea Cliff,NY,11579,40.84943,-73.64565
Military Antiques & Museum,300 Petaluma Blvd N,Petaluma,CA,94952,38.237614,-122.64216
Louisiana Confederate Museum,929 Camp St,New Orleans,LA,70130,29.943708,-90.0712
Chi-Am Museum Chicago,601 W 31st St,Chicago,IL,60616,41.837994,-87.64161
Temple Israel Museum,201 W 4th St,Leadville,CO,80461,39.246387,-106.293625
Kentucky Gateway Museum Center,215 Sutton St,Maysville,KY,41056,38.64842,-83.76666
Aliceville Museum Cultural Center,104 Broad St NE,Aliceville,AL,35442,33.13058,-88.15144
Florida Carriage Museum,3000 Marion County Rd,Lady Lake,FL,32159,28.952684,-81.86285
Homesteader Museum,324 E 1st St,Powell,WY,82435,44.752724,-108.75507
Port Jervis Fire Museum,8 Orange St,Port Jervis,NY,12771,41.3784,-74.688705
Skenesborough Museum,Skenesborough Dr,Whitehall,NY,12887,43.55184,-73.40303
Mulford Farm Museum,10 James Ln,East Hampton,NY,11937,40.956932,-72.19115
Little Cowboy Bar & Museum,105 W River St,Fromberg,MT,59029,45.391926,-108.908226
Daughters of Utah Pioneers-Museum,4 S Main St,Nephi,UT,84648,39.708294,-111.83628
Bluegrass Heritage Museum,34 S Main St,Winchester,KY,40391,37.99284,-84.17745
Shore Line Trolley Museum,17 River St,East Haven,CT,06512,41.27427,-72.86303
Southern Alleghenies Museum,450 Schoolhouse Rd,Johnstown,PA,15904,40.269653,-78.83666
Boott Cotton Mills Museum,115 John St,Lowell,MA,01852,42.64761,-71.30738
Owensboro Area Museum-Science,122 E 2nd St,Owensboro,KY,42303,37.77481,-87.11038
Mt Dora Museum of Speed,206 N Highland St,Mount Dora,FL,32757,28.797932,-81.63615
Mcallister House Museum,423 N Cascade Ave,Colorado Springs,CO,80903,38.84013,-104.824745
America's Children's Museum On,1658 N Milwaukee Ave # 394,Chicago,IL,60647,41.911507,-87.67947
The Signal Corps Museum,504 Chamberlain Ave # 29807,Augusta,GA,30905,33.42998,-82.11827
Youngwood Historical Museum,1 Depot St,Youngwood,PA,15697,40.23958,-79.576164
Olinda Oil Museum and Trail,1 Civic Center Cir,Brea,CA,92821,33.91758,-117.88942
Hart County Historical Museum,109 Main St,Munfordville,KY,42765,37.270718,-85.889206
New York State Military Museum,61 Lake Ave,Saratoga Springs,NY,12866,43.08284,-73.78139
Lincoln Courthouse Museum,101 W 3rd St,Beardstown,IL,62618,40.016434,-90.43386
P Buckley Moss Museum,150 P B Moss Dr,Waynesboro,VA,22980,38.057354,-78.94788
Cartoon Museum,Comly Ave,Port Chester,NY,10573,41.024403,-73.66975
Yager Museum-Art & Culture,Clinton St,Oneonta,NY,13820,42.45447,-75.0704
Ozark Area Museum,103 E River St,Ozark,AR,72949,35.484856,-93.823715
Fred Bear Museum,4600 SW 41st Blvd,Gainesville,FL,32608,29.611212,-82.382385
Kidsfirst Children's Museum,808 W Washington St,South Bend,IN,46601,41.676155,-86.26244
National Children's Museum,1300 Pennsylvania Ave NW,Washington,DC,20004,38.895298,-77.02988
Cultural Affairs and Museum Prgm,1101 Camden Ave,Salisbury,MD,21801,38.345997,-75.60844
Waukegan History Museum,1917 N Sheridan Rd,Waukegan,IL,60087,42.386414,-87.83244
Grevemberg House Museum,407 Sterling Dr,Houma,LA,70363,29.504225,-90.674706
Richardson-Bates House Museum,135 E 3rd St,Oswego,NY,13126,43.455177,-76.5037
Biggs Museum of American Art,406 Federal St,Dover,DE,19901,39.15702,-75.522316
Awa Electronic Communication Museum,8 South Ave,Staten Island,NY,10303,40.639984,-74.16621
Judy's Sewing & Craft Museum,350 Quintana Rd,Morro Bay,CA,93442,35.371075,-120.84924
Cascade Locks Historical Museum,1 NW Portage Rd,Cascade Locks,OR,97014,45.671448,-121.88241
Mulvane Historical Museum,300 W Main St,Mulvane,KS,67110,37.474262,-97.24574
Octagon Museum,1799 New York Ave NW,Washington,DC,20006,38.89612,-77.041595
Art Design Architecture Museum,1626 Art Bldg,Santa Barbara,CA,93106,34.4174,-119.8458
Slovenian Museum and Archives,6407 Saint Clair Ave,Cleveland,OH,44103,41.52509,-81.646034
Nederland Mining Museum,200 N Bridge St,Nederland,CO,80466,39.963135,-105.51052
Hartsville Museum,222 N 5th St,Hartsville,SC,29550,34.375675,-80.074295
LeMay - America's Car Museum,2702 East D Street,Tacoma,WA,98421,47.236607,-122.428604
Beaumont Police Museum,255 College St,Beaumont,TX,77701,30.080395,-94.094925
Oakland Aviation Museum,8252 Earhart Rd,Oakland,CA,94621,37.73167,-122.2123
Macomb Children's Hands-on Museum,Po Box 463101,Mount Clemens,MI,48046,42.59722,-82.87806
Bronx Museum of The Arts,1040 Grand Concourse,Bronx,NY,10456,40.83092,-73.920044
Old Salem Museum and Gardens,600 South Main Street,Winston Salem,NC,27101,36.087563,-80.2421
Womanhood the Museum Inc,10108 Summertime Ln,Culver City,CA,90230,34.004955,-118.39195
Hiram Blauvelt Art Museum,705 Kinderkamack Rd,Oradell,NJ,07649,40.965237,-74.03073
Art Center & Museum,132 S Central Ave,Paris,IL,61944,39.610844,-87.69609
Seaside Museum & Historical Society,570 Necanicum Dr,Seaside,OR,97138,45.99746,-123.92441
Riley House Museum,419 E Jefferson St,Tallahassee,FL,32301,30.439497,-84.27799
Pope's Tavern Museum,203 Hermitage Dr,Florence,AL,35630,34.805122,-87.67698
Morris Meadows Historical Museum,1523 Freeland Rd,Freeland,MD,21053,39.69499,-76.6986
Old Davie School Historical Museum,6650 Griffin Rd,Davie,FL,33314,26.064743,-80.23558
Belmont County Museum,532 N Chestnut St,Barnesville,OH,43713,39.992355,-81.17678
Museum of Science & Technology,500 S Franklin St,Syracuse,NY,13202,43.04773,-76.155716
Mississippi River Museum,125 N Front St,Memphis,TN,38103,35.148438,-90.053116
Holter Museum of Art,12 E Lawrence St,Helena,MT,59601,46.590607,-112.03666
Eastern Museum of Motor Racing,100 Baltimore Rd,York Springs,PA,17372,40.023075,-77.08315
Frederic Remington Art Museum,303 Washington St,Ogdensburg,NY,13669,44.6986,-75.49339
Museum Wholesale Inc,573 W Terrace Dr,San Dimas,CA,91773,34.10064,-117.815384
Memorabilia Museum,3950 Las Vegas Blvd S,Las Vegas,NV,89119,36.092182,-115.173195
Bayville Historical Museum,34 School St,Bayville,NY,11709,40.909676,-73.56659
Spear Hunting Museum,20216 State Highway 59,Summerdale,AL,36580,30.519476,-87.70822
Modernism Museum Shoppe,144 E 4th Ave,Mount Dora,FL,32757,28.799486,-81.64395
New Windsor Museum,207 Main St,New Windsor,MD,21776,39.543076,-77.10803
Battles Museums of Rural Life,436 Walnut St,Girard,PA,16417,41.99756,-80.31074
New Jersey Museum of Boating,1800 Bay Ave,Point Pleasant Boro,NJ,08742,40.068817,-74.05364
Tunica Museums,4063 Highway 61 N,Tunica,MS,38676,34.728912,-90.36505
Bullitt County History Museum,300 S Buckman St,Shepherdsville,KY,40165,37.98766,-85.71649
Pointe Coupee Museum,8348 False River Rd,New Roads,LA,70760,30.65227,-91.48669
San Jacinto Museum of History,1 Monument Cir,La Porte,TX,77571,29.749264,-95.08135
Pedaling History Bicycle Museum,3943 N Buffalo St,Orchard Park,NY,14127,42.776073,-78.745224
Amy B Yerkes Museum Millbrook,32 N York Rd,Hatboro,PA,19040,40.178192,-75.10577
Hall Of Presidents Museum,789 Baltimore St,Gettysburg,PA,17325,39.822044,-77.230415
The Red Pueblo Museum,900 N Main St,Fredonia,AZ,86022,36.96081,-112.52673
White River Light Station Museum,6199 Murray Rd,Whitehall,MI,49461,43.374252,-86.42279
Staggerwing Museum,570 Old Shelbyville Hwy,Tullahoma,TN,37388,35.36832,-86.242714
Gaar House Museum,2593 Pleasant View Rd,Richmond,IN,47374,39.85079,-84.867065
Paul W. Bryant Museum,300 Paul W Bryant Dr,Tuscaloosa,AL,35401,33.206005,-87.539825
Gonzales Memorial Museum,414 Smith St,Gonzales,TX,78629,29.50346,-97.44404
Museum Medical Practice II,3030 Randolph Rd,Charlotte,NC,28211,35.19649,-80.81078
Avoca Museum,1514 Main St,Altavista,VA,24517,37.12938,-79.268616
The Children's Museum,180 Mohegan Dr,West Hartford,CT,06117,41.798313,-72.73568
Bowers Museum,2002 N Main St,Santa Ana,CA,92706,33.762665,-117.86769
Advertising Icon Museum,4600 Madison Ave Ste 1500,Kansas City,MO,64112,39.044228,-94.5975
Marshall Cty Prayer Rock Museum,723 Main St,Britton,SD,57430,45.791508,-97.75032
Pilger Historical Museum,345 N Main St,Pilger,NE,68768,42.010098,-97.05401
Eliza Cruce Hall Doll Museum,320 E St NW,Ardmore,OK,73401,34.178215,-97.133156
Propark Museum Tower,100 W Liberty St,Reno,NV,89501,39.521397,-119.812805
Museum of Modern Art,Salem Township Road 367,Hamlin,PA,18427,41.403694,-75.39851
Edmonds Historical Museum,118 5th Ave N,Edmonds,WA,98020,47.81109,-122.37684
Ferndale Museum,515 Shaw Ave,Ferndale,CA,95536,40.578182,-124.263336
Niagara Aerospace Museum,9900 Porter Rd,Niagara Falls,NY,14304,43.099495,-78.94594
Nys Museum Gift Shop,1 Empire State Plz,Albany,NY,12223,42.6525,-73.7566
Michigan Heroes Museum,1250 Weiss St,Frankenmuth,MI,48734,43.318184,-83.73499
Cmu-Museum of Natural History,103 Brooks Hall,Mount Pleasant,MI,48858,43.587894,-84.77732
US Holocaust Memorial Museum,1880 Century Park E,Los Angeles,CA,90067,34.061676,-118.4146
Hapeville Depot Museum,620 S Central Ave,Atlanta,GA,30354,33.658215,-84.40868
Headwaters Heritage Museum,202 S Main St,Three Forks,MT,59752,45.8929,-111.55257
Mayville Museum,2124 E Ohmer Rd,Mayville,MI,48744,43.337074,-83.34234
Denver Museum of Nature and Science,2001 N Colorado Blvd,Denver,CO,80205,39.74738,-104.94081
Silverball Museum Ii,1000 Ocean Ave,Asbury Park,NJ,07712,40.220497,-74.00012
Niles Canyon Railway Museum,6 Kilkare Rd,Sunol,CA,94586,37.594276,-121.888855
Wild West Wax Museum,601 Hustead St,Wall,SD,57790,43.991997,-102.23626
Museum of Arts,1737 W 12th St,Davenport,IA,52804,41.53152,-90.603355
Dahl Auto Museum,711 3rd St S,La Crosse,WI,54601,43.806484,-91.253296
N D Maritime Museum,503 8th St NE,Devils Lake,ND,58301,48.11599,-98.858475
Wings of History Air Museum,12777 Murphy Ave,San Martin,CA,95046,37.076263,-121.59927
Ashland Museum,105 Hanover Ave,Ashland,VA,23005,37.758488,-77.48217
Sunrise Planetarium & SCNC Museum,1427 Slate Mine Rd SE,Fairmount,GA,30139,34.413265,-84.73847
Babe Ruth Birthplace and Museum,216 Emory St,Baltimore,MD,21230,39.285374,-76.62484
Vent Haven Museum,33 W Maple Ave,Ft Mitchell,KY,41011,39.052902,-84.55164
Hawthorne Museum Historical,7225 SE 221st St,Hawthorne,FL,32640,29.587496,-82.08645
Mission Bell Museum,204 S Bristow Ave,Coweta,OK,74429,35.950584,-95.65199
Jefferson Historical Society Museum,223 W Austin St,Jefferson,TX,75657,32.755966,-94.34555
Merry-Go-Round Museum,301 Jackson St,Sandusky,OH,44870,41.454205,-82.71269
Historic Carousel & Museum,250 Broadalbin St SW Ste 105,Albany,OR,97321,44.63606,-123.107376
Aviation Historical Museum,701 Kansas Ln,Monroe,LA,71203,32.511936,-92.054985
Museum of Law & Science,6441 S Hoyne Ave,Chicago,IL,60636,41.776703,-87.676094
Children's Museum of Manhattan,212 W 83rd St,New York,NY,10024,40.7859,-73.97682
Decatur Museum,PO Box 107,Decatur,NE,68020,42.0061,-96.2499
French Lick West Baden Museum,469 S Maple St,French Lick,IN,47432,38.548027,-86.62049
Philadelphia History Museum,2000 Market St,Philadelphia,PA,19103,39.95347,-75.17337
Cowan Museum of History and Science,411 N Main St,Kenansville,NC,28349,34.96544,-77.96045
Toy and Hobby Museum,531 Hostetler Rd,Orrville,OH,44667,40.8544,-81.76995
Armand Hammer Museum,1111 Franklin St,Oakland,CA,94607,37.802094,-122.271255
Aurora Fossil Museum,400 Main St,Bayboro,NC,28515,35.14316,-76.773605
Two Rivers Heritage Museum,1 16th St,Washougal,WA,98671,45.577248,-122.355064
St. George Children's Museum,86 S Main St,Saint George,UT,84770,37.106667,-113.58347
Ottawa County Museum,110 S Concord St,Minneapolis,KS,67467,39.1212,-97.7084
Museum of Decorative Painting,1220 E 1st St N,Wichita,KS,67214,37.688114,-97.32363
Jenkins Coal Museum,9505 Highway 805,Jenkins,KY,41537,37.18709,-82.6466
Alcatraz East Crime Museum,2757 Parkway,Pigeon Forge,TN,37863,35.801487,-83.57203
Henry County Museum,203 W Franklin St,Clinton,MO,64735,38.37098,-93.778046
Sideshow Museum,14932 US Highway 19,Hudson,FL,34667,28.374434,-82.68332
Museum at Friends Home,115 S 4th St,Waynesville,OH,45068,39.530056,-84.090904
Stuka Military Museum,3178 S Daysville Rd,Oregon,IL,61061,41.972805,-89.31589
Museum & Field Studies Program,218 University Of Colorado,Boulder,CO,80309,40.0079,-105.2693
Museum of Islands,5728 Sesame Dr,Bokeelia,FL,33922,26.615322,-82.11993
McLean County Museum of History,200 N Main St,Bloomington,IL,61701,40.480007,-88.99385
Saint Genevieve Museum,310 Merchant St,Sainte Genevieve,MO,63670,37.97953,-90.04633
Children's Museum-Northern VA,485 Springpark Pl,Herndon,VA,20170,38.962803,-77.377975
Oakfield Railroad Museum,Station St,Oakfield,ME,04763,46.099133,-68.15647
Orange County Historical Museum,201 N Churton St,Hillsborough,NC,27278,36.077206,-79.09965
Field House-Natrl Hist Museum,496 E Main St,Vernal,UT,84078,40.455677,-109.51926
Camp Blanding Museum,5629 State Road 16 W,Starke,FL,32091,29.981604,-81.98832
Meadows Museum of Art,2911 Centenary Blvd,Shreveport,LA,71104,32.48359,-93.73367
Rolling Meadows Historical Museum,3100 Central Rd,Rolling Meadows,IL,60008,42.066814,-88.018906
Jay Crist Museum,88 S Main St,Manchester,PA,17345,40.05571,-76.72219
Bonnie and Clyde Ambush Museum,2419 Main St,Gibsland,LA,71028,32.5447,-93.05319
A Christmas Story House and Museum,3159 W 11th St,Cleveland,OH,44109,41.46872,-81.68744
Bayou Teche Museum,131 W Main St,Broussard,LA,70518,30.148092,-91.965065
Zi Hale Museum,242 W Dale St,Winters,TX,79567,31.957844,-99.96457
Napa Firefighters Museum,1201 Main St,Napa,CA,94559,38.300648,-122.28684
Rangely Museum,434 W Main St,Rangely,CO,81648,40.087673,-108.80918
Smithsonian American Art Museum,8th & F St Nw,Washington,DC,20006,38.897,-77.0409
Northwest Tattoo Museum & Tattooing,2934 N Government Way,Coeur D Alene,ID,83815,47.704395,-116.786156
Lafayette Natural History Museum,433 Jefferson St,Lafayette,LA,70501,30.226183,-92.01764
Loxahatchee River Hst Museums,805 N US Highway 1,Jupiter,FL,33477,26.94061,-80.08277
Omniplex Science Museum,Oklahoma City 73101,Oklahoma City,OK,73101,35.473,-97.5177
Alexandria Archaeology Museum,105 N Union St,Alexandria,VA,22314,38.80443,-77.04003
Gaston Museum,6562 Highway 64 W,Joinerville,TX,75658,32.1777,-94.9005
Brandon Museum,4 Grove St,Brandon,VT,05733,43.80066,-73.09445
Speedway Motors Museum-Amer,599 Oakcreek Dr,Lincoln,NE,68528,40.818745,-96.72469
Springfield Museum,225 5th St,Springfield,OR,97477,44.047466,-123.01935
Yellow Fever Church Museum,305 E College Ave,Holly Springs,MS,38635,34.768288,-89.44144
Philippine Library and Museum,536 5th Ave,San Diego,CA,92101,32.71082,-117.16029
Madison Museum,13 W Main St,Madison,OH,44057,41.771454,-81.04747
Albacore Museum,600 Market St,Portsmouth,NH,03801,43.083916,-70.76813
National Helicopter Museum Inc,2499 Main St,Stratford,CT,06615,41.194378,-73.13192
Florida Heritage Museum,167 San Marco Ave,Saint Augustine,FL,32084,29.90816,-81.319565
Castle Halloween Museum,2028 Broad Ave,Altoona,PA,16601,40.50781,-78.40768
Museum of the Berkeley Springs,21 Fairfax St,Berkeley Springs,WV,25411,39.627434,-78.22839
Museum of Arts and Design,2 Columbus Cir,New York,NY,10019,40.767673,-73.982376
Hrvol House Museum,2685 W Creek Rd,Newfane,NY,14108,43.28486,-78.71763
Cape Vincent Historical Museum,175 Centre St,Cape Vincent,NY,13618,44.13107,-76.32422
Marine Corps Mechanized Museum,6212 Vandegrift Blvd,Camp Pendleton,CA,92055,33.3031,-117.31227
Train Depot Museum,70 Russell St,Brooksville,FL,34601,28.549038,-82.38569
Musee Conti Wax Museum,917 Conti St,New Orleans,LA,70112,29.957268,-90.068954
Rusty's TV & Movie Car Museum,323 Hollywood Dr,Jackson,TN,38301,35.61997,-88.83344
Hip Hop Hall of Fame Museum,545 8th Ave Rm 401,New York,NY,10018,40.754402,-73.99207
Museum of San Ramon Valley,205 Railroad Ave,Danville,CA,94526,37.82037,-121.99964
Hadley Farm Museum,224 River Dr,Hadley,MA,01035,42.385853,-72.581894
Museum of the American in Paris,1010 Wisconsin Ave NW Ste 340,Washington,DC,20007,38.902958,-77.062935
Mission Historical Museum,900 Doherty Ave,Mission,TX,78572,26.214748,-98.32458
Kidzu Children's Museum,201 S Estes Dr,Chapel Hill,NC,27514,35.92532,-79.02525
Museum of Cultural Heritage,46 S Norwood St,Warrenton,GA,30828,33.406693,-82.66327
Cedar Springs Historical Museum,60 Cedar St,Cedar Springs,MI,49319,43.21869,-85.5534
McFaddin-Ward House Museum,1906 Mcfaddin St,Beaumont,TX,77701,30.087042,-94.114815
Comer Museum & Arts Center,711 N Broadway Ave,Sylacauga,AL,35150,33.17698,-86.25086
Map and Atlas Museum of La Jolla,7825 Fay Ave,La Jolla,CA,92037,32.84544,-117.27526
Museum of Yachting,449 Thames St,Newport,RI,02840,41.480694,-71.314545
Mint Hill Country Doctor's Museum,4311 Hillside Dr,Mint Hill,NC,28227,35.177704,-80.65172
Minnesota Transportation Museum,193 Pennsylvania Ave E,Saint Paul,MN,55130,44.96203,-93.09585
USS Saratoga Museum Foundation,6854 Post Rd,North Kingstown,RI,02852,41.61132,-71.456955
Thompson-Hickman Museum,220 W Wallace,Virginia City,MT,59755,45.29312,-111.9465
U.S. Army Ordnance Museum,2221 A Ave,Fort Lee,VA,23801,37.242252,-77.34612
Berman Museum of Art,601 E Main St,Collegeville,PA,19426,40.19081,-75.4566
Keewatin Maritime Museum,225 Crest St,Douglas,MI,49406,42.63965,-86.19558
Camillus Sim's Store Museum,5750 Devoe Rd,Camillus,NY,13031,43.051395,-76.30484
Hamilton Wood Type Museum,1619 Jefferson St,Two Rivers,WI,54241,44.147957,-87.566795
Children Museum,2951 Zelda Rd,Montgomery,AL,36106,32.35714,-86.26462
Lovell-Kane Area Museum,354 Oregon Ave,Lovell,WY,82431,44.838245,-108.3874
Provetown Heritage Museum,356 Commercial St,Provincetown,MA,02657,42.053364,-70.18424
Joy Madeiros Veterans Museum,857 11th St,Lakeport,CA,95453,39.048897,-122.92272
Frederick R. Weisman Museum of Art,24255 Pacific Coast Hwy,Malibu,CA,90263,34.0342,-118.7099
Multi Cultural Education Museum,378 Stanley St,New Britain,CT,06051,41.65854,-72.76844
Wyoming Historical Museum,117 Main St,Oxford Junction,IA,52323,41.982933,-90.95537
Historic Farm Museum,1701 12th St,Two Rivers,WI,54241,44.144054,-87.57164
Courtland Heritage Museum,252 College St,Courtland,AL,35618,34.666695,-87.31026
Uinta County Museum,1020 Front St,Evanston,WY,82930,41.268715,-110.9654
Dai Loy Museum,13952 Main St,Walnut Grove,CA,95690,38.250374,-121.50979
Iron Island Museum,998 E Lovejoy St,Buffalo,NY,14206,42.88989,-78.81128
Middleboro Historical Museum,99 Bedford St,Middleboro,MA,02346,41.911247,-70.96084
Lumberman's Museum,61 Shin Pond Rd,Patten,ME,04765,46.00155,-68.44862
Dinsmore Historical Museum,7330 Civic Club Dr,Jacksonville,FL,32219,30.425144,-81.76893
Stearns Museum,PO Box 160,Whitley City,KY,42653,36.6683,-84.4416
1897 Clark County Jail Museum,215 E 5th St,Neillsville,WI,54456,44.56002,-90.594284
Videogame History Museum,387 Piagat Ave,Valley Stream,NY,11580,40.6729,-73.704
Rhode Is Fshrmn Whle Museum,18 Market Sq,Newport,RI,02840,41.48684,-71.3158
Rochester Museum and Science Center,657 East Ave,Rochester,NY,14607,43.15314,-77.58745
Museum of the Aleutians,314 Salmon Way,Unalaska,AK,99685,53.8788,-166.5541
Hi-Desert Nature Museum,57116 29 Palms Hwy,Yucca Valley,CA,92284,34.12237,-116.41833
Washington Monument and Museum,699 Charles Street Ave,Towson,MD,21204,39.407776,-76.61834
Boxing Hall of Fame Museum,1 Hall Of Fame Dr,Canastota,NY,13032,43.08892,-75.75082
Skinny Bull AG Museum,240 S First St,Irrigon,OR,97844,45.894474,-119.49963
Museums of Tusculum College,60 Shiloh Rd,Greeneville,TN,37745,36.174206,-82.75989
Daughters of UT Pioneers Museum,2104 Lincoln Ave,Ogden,UT,84401,41.228912,-111.975716
Jimmy Carter Library and Museum,441 Freedom Pkwy NE,Atlanta,GA,30307,33.76582,-84.35845
Ah Tah Thi Ki Museums,5710 Seminole Way,Fort Lauderdale,FL,33314,26.051077,-80.21002
Werner Wildlife Museum,405 W 15th St,Casper,WY,82601,42.835392,-106.32959
AriensCo Museum,109 Calumet St,Brillion,WI,54110,44.17714,-88.06283
Vitra Design Museums,8665 Brooks Dr,Easton,MD,21601,38.787178,-76.08449
Buffalo Trails Museum,PO Box 22,Epping,ND,58843,48.2803,-103.358
Clarke House Museum,1827 S Indiana Ave,Chicago,IL,60616,41.857536,-87.62208
Memphis Transportation Museum,2235 Donelson Dr,Eads,TN,38028,35.24383,-89.58822
Weber Dup Museum,2104 Lincoln Ave,Ogden,UT,84401,41.228912,-111.975716
Museum of the City of New York,1220 5th Ave,New York,NY,10029,40.792408,-73.95228
Terrill Antique Car Museum,500 N Texas St,De Leon,TX,76444,32.113686,-98.5362
Marietta/Cobb Museum Of Art,30 Atlanta Industrial Dr,Marietta,GA,30066,33.976997,-84.53153
Marine Museum,Front St,Lewes,DE,19958,38.7754,-75.138115
Four Mile Old West Town Museum,11921 US Highway 16,Custer,SD,57730,43.73373,-103.67321
Clark County Historical Museum,1511 Main St,Vancouver,WA,98660,45.632736,-122.67137
Wildlife Safari Museum,54267 207th Military Rd,Mankato,MN,56001,44.14107,-94.10314
Replay Amusement Museum,119 Tarpon Ave,Tarpon Springs,FL,34689,28.1478,-82.7575
Historical Museum of Bay County,321 Washington Ave,Bay City,MI,48708,43.59335,-83.8887
Valley Turnpike Museum,212 S Main St,Harrisonburg,VA,22801,38.447098,-78.869
Logan County Museum,202 N Vine St,Paris,AR,72855,35.293667,-93.73176
National Soaring Museum,51 Soaring Hill Dr,Elmira,NY,14903,42.121426,-76.90145
Montgomery Museum of Art & History,4 E Main St,Christiansburg,VA,24073,37.13004,-80.40883
Delaware Childrens Museum,500 Justison St,Wilmington,DE,19801,39.735912,-75.56008
Mackinaw Bridge Museum,231 W Central Ave,Mackinaw City,MI,49701,45.78145,-84.73572
Our House Museum,432 1st Ave,Gallipolis,OH,45631,38.807728,-82.20366
Forte Conde Museum,150 S Royal St,Mobile,AL,36602,30.68855,-88.03965
Kimball House Historical Museum,196 Capital Ave NE,Battle Creek,MI,49017,42.322044,-85.17522
Heard Museum Volunteer Guild,1 Nature Pl,McKinney,TX,75069,33.15923,-96.61607
Lutheran Heritage Center & Museum,75 Church St,Altenburg,MO,63732,37.629646,-89.58516
Winnebago Area Museum,16 Main St S,Winnebago,MN,56098,43.76748,-94.16552
Mcdonough Museum of Art,16 Wick Ave,Youngstown,OH,44503,41.100353,-80.649445
EAA Aviation Museum,7130 Red Bank Rd,Virgilina,VA,24598,36.554092,-78.77128
Covert Historical Museum,33808 M 140 Hwy,Covert,MI,49043,42.294727,-86.26269
Boone County Historical Museum,314 S State St,Belvidere,IL,61008,42.25695,-88.84058
Nh Farm Museum,1305 White Mountain Hwy,Milton,NH,03851,43.46351,-70.99104
Sampson County History Museum,313 Lisbon St,Clinton,NC,28328,34.995472,-78.320206
Pearson Museum,913 N Rutledge St,Springfield,IL,62702,39.81117,-89.65749
Daum Museum of Contemporary Art,3201 W 16th St,Sedalia,MO,65301,38.699055,-93.26843
Glass Museum,309 S Franklin St,Dunkirk,IN,47336,40.373436,-85.21221
Fernbank Museum of Natural History,767 Clifton Rd NE,Atlanta,GA,30307,33.77495,-84.32964
Saint John Science Museum,312 N Main St,Saint John,KS,67576,38.00173,-98.76152
Hungarian Folk Art Museum,25 Riverside Dr,Ormond Beach,FL,32176,29.288342,-81.04685
Evelyn Burrow Museum,1315 County Road 222,Cullman,AL,35057,34.129494,-86.87938
Columbus Museum of Art,390 Commons Mall,Columbus,IN,47201,39.20197,-85.92336
Ligonier Valley Railroad Museum,3032 Idlewild Hill Ln,Ligonier,PA,15658,40.26184,-79.28521
Historical IXL Museum,5551 River St N,Hermansville,MI,49847,45.70937,-87.60746
Hubbard Memorial Museum,317 Hanover St,Concord,MI,49237,42.177937,-84.64048
Oregon Trail Regional Museum,2480 Grove St,Baker City,OR,97814,44.781857,-117.82569
University of Maine Museum of Art,40 Harlow St,Bangor,ME,04401,44.802856,-68.77013
Sandy Museum,8744 S Center St,Sandy,UT,84070,40.592762,-111.88605
National Heritage Museum,33 Marrett Rd,Lexington,MA,02421,42.435947,-71.21506
Sargent House Museum,49 Middle St,Gloucester,MA,01930,42.612698,-70.66518
Miami County Museum,12 E Peoria St,Paola,KS,66071,38.572716,-94.87702
New England Wireless & Steam Museum,697 Tillinghast Rd,East Greenwich,RI,02818,41.624,-71.51188
Museum of American Armor,1303 Round Swamp Rd,Old Bethpage,NY,11804,40.775017,-73.44746
Decordova Sculpture Park & Museum,20 Mill St,Pepperell,MA,01463,42.66862,-71.577354
Pioneer Farm Museum,7716 Ohop Valley Rd E,Eatonville,WA,98328,46.873363,-122.33008
Dent County Museum,102 N Iron St,Salem,MO,65560,37.64391,-91.53501
Museum Harold E Lemay,423 152nd St E,Tacoma,WA,98445,47.1191,-122.42591
Osborn Cannonball House Museum,1840 Front St,Scotch Plains,NJ,07076,40.65027,-74.39877
Greybull Museum,325 Greybull Ave,Greybull,WY,82426,44.488743,-108.05199
Bonner County History Museum,611 S Ella Ave,Sandpoint,ID,83864,48.264442,-116.56236
Mit Museum Store,77 Massachusetts Ave,Cambridge,MA,02139,42.359257,-71.09354
American Saddle Horse Museum,4083 Iron Works Pkwy,Lexington,KY,40511,38.149895,-84.51466
Academy Art Museum,30 E Dover St,Easton,MD,21601,38.77417,-76.0751
University Museums,290 Center Dr,Ames,IA,50011,42.019753,-93.63707
Clearfield Community Museum,119 N 4th St,Clearfield,PA,16830,41.023994,-78.434425
Denver Firefighters Museum,1326 Tremont Pl,Denver,CO,80204,39.74073,-104.99248
Seward Museum,336 Third Ave,Seward,AK,99664,60.104,-149.4418
Yolo County Historical Museum Corp,512 Gibson Rd,Woodland,CA,95695,38.662777,-121.77467
DuPage Children's Museum,301 N Washington St,Naperville,IL,60540,41.778854,-88.147766
Clouds Hill Museum,4157 Post Rd,East Greenwich,RI,02818,41.67864,-71.44919
Explore More Discovery Museum,150 S Main St,Harrisonburg,VA,22801,38.447777,-78.86886
Howard University Museum,500 Howard Pl NW,Washington,DC,20059,38.92247,-77.01987
Wise Wonders Children's Museum,3024 2nd Ave N,Billings,MT,59101,45.781296,-108.509575
Museum of Modern Art,11 W 53rd St,New York,NY,10019,40.760796,-73.97636
Eagle Museum,67 E State St,Eagle,ID,83616,43.69505,-116.353
Hawthorne Museum Historical,7225 N State Road 121,Gainesville,FL,32653,29.721043,-82.35387
Atkins-Johnson Farm and Museum,6607 NE Antioch Rd,Kansas City,MO,64119,39.21338,-94.5348
Franklin Firefighters Museum,59 W Bow St,Franklin,NH,03235,43.444096,-71.65199
Riley Home Museum,250 W Main St,Greenfield,IN,46140,39.78516,-85.773544
Middleton Museum,11700 Main St,Louisville,KY,40243,38.24526,-85.53949
White River Museum,565 Park Ave,Meeker,CO,81641,40.03835,-107.91354
Museum of the Pawnee Nation,657 Harrison St,Pawnee,OK,74058,36.33779,-96.80487
Basketball Museum of Illinois,1 Vermillion Plz,Pontiac,IL,61764,40.873592,-88.647156
Fort Bedford Museum,110 Forrest Dr,Bedford,PA,15522,40.034023,-78.52415
Merrill Historical Museum,100 E 3rd St,Merrill,WI,54452,45.182117,-89.69933
Washington Heritage Museums,1020 Caroline St,Fredericksburg,VA,22401,38.304527,-77.46034
American Heritage Museum,2423 Township Road 220,Bloomingdale,OH,43910,40.434906,-80.83196
Shaker Museum A,PO Box 613,Auburn,KY,42206,36.8623,-86.7117
Pike Heritage Museum,110 S Market St,Waverly,OH,45690,39.12581,-82.98423
Brunswick Museum,40 W Potomac St,Brunswick,MD,21716,39.312855,-77.62753
Caples House Museum,1925 1st St,Columbia City,OR,97018,45.890476,-122.80795
Historical Museum at St. Gertrude,465 Keuterville Rd,Cottonwood,ID,83522,46.03298,-116.38998
Fascinate-U Children's Museum,116 Green St,Fayetteville,NC,28301,35.053215,-78.87787
Ashland County Historical Museum,420 Center St,Ashland,OH,44805,40.86589,-82.31398
Tejano Artist Music Museum,2908 Overdale Rd,Austin,TX,78723,30.302608,-97.68227
Noden-Reed Museum,58 West St,Windsor Locks,CT,06096,41.932346,-72.63977
The Museum Outlet,155 Truman Rd,Newton Center,MA,02459,42.313217,-71.19722
Cole Clothing Museum,900 E Broadway,Logansport,IN,46947,40.755413,-86.35855
Tulsa Air & Space Museum,3624 N 74th East Ave,Tulsa,OK,74115,36.206547,-95.89496
Centerville Historical Museum,513 Main St,Centerville,MA,02632,41.64704,-70.34635
Henry Ford Museum,1 Pearl Ave,Oshkosh,WI,54901,44.015923,-88.53774
Detriot Police Museum,3001 3rd St,Detroit,MI,48201,42.341587,-83.06392
Bruce Wiener Microcar Museum,2950 Eatonton Rd,Madison,GA,30650,33.53245,-83.450455
Maryhill Museum of Art,35 Maryhill Museum Dr,Goldendale,WA,98620,45.679207,-120.862434
Goddard Children's Museum,2940 Goddard Youth Camp Rd,Dougherty,OK,73032,34.399532,-97.05557
Northwest AR Museum Foundation,802 SE Plaza Ave,Bentonville,AR,72712,36.333733,-94.2005
USS Forrestal Museum,14077 Stevens Valley Ct,Glenwood,MD,21738,39.2824,-77.00034
Quincy Museum,1601 Maine St,Quincy,IL,62301,39.93197,-91.390144
Play Street Museum - St. Louis,1650 Beale St,Saint Charles,MO,63303,38.765095,-90.49449
Shattuck Windmill Museum & Park,120 E 3rd St,Shattuck,OK,73858,36.27387,-99.881065
Runestone Museum,206 Broadway St,Alexandria,MN,56308,45.890377,-95.37771
Schoharie Valley Railroad Museum,Depot Lane,Schoharie,NY,12157,42.669273,-74.31027
Naval Air Station Glenview Museum,2040 Lehigh Ave,Glenview,IL,60026,42.091717,-87.813835
Peter Herdic Transportation Museum,810 Nichols Pl,Williamsport,PA,17701,41.240883,-77.02007
Early County Museum,226 N Main St,Blakely,GA,39823,31.381374,-84.93373
Childrens Museum of Missoula,225 W Front St,Missoula,MT,59802,46.870968,-113.99719
Museum Association of D C,700 S Main St,Tuscola,IL,61953,39.793175,-88.28788
Wood Brothers Racing Museum,21 Performance Dr,Stuart,VA,24171,36.647953,-80.27099
Children's Museum of Minot Inc,606 Burdick Expy W Ste A,Minot,ND,58701,48.23242,-101.302444
Boca Raton Museum of Art,2805 N Australian Ave,West Palm Beach,FL,33407,26.738577,-80.06891
Ted Williams Museum,1 Tropicana Dr,Saint Petersburg,FL,33705,27.767189,-82.654015
Rockford Hist Soc Museum,105 Maple St,Rockford,MI,49341,43.1189,-85.55863
Gouverneur Museum,30 Church St,Gouverneur,NY,13642,44.335014,-75.46814
Algonac Clay Historical Museum,Algonac 48001,Algonac,MI,48001,42.6276,-82.5538
Museum of the Americas,216 Fort Worth Hwy,Weatherford,TX,76086,32.75876,-97.79472
The Charleston Museum,360 Meeting St,Charleston,SC,29403,32.78969,-79.936035
Blitzstein Museum of Art,428 N Fairfax Ave,Los Angeles,CA,90036,34.078968,-118.36128
Haskell County Museum,204 E Main St,Stigler,OK,74462,35.25357,-95.12375
Debs Eugene V Museum,451 N 8th St,Terre Haute,IN,47807,39.472137,-87.40562
Museum of Shenandoah Valley,901 Amherst St,Winchester,VA,22601,39.188896,-78.18063
Discovery Museum At Moody Gardens,1 Hope Blvd,Galveston,TX,77554,29.272587,-94.85242
Shem Creek Maritime Center & Museum,510 Mill St,Mount Pleasant,SC,29464,32.79279,-79.877914
Eureka Springs Historical Museum,95 S Main St,Eureka Springs,AR,72632,36.399273,-93.74069
Museum Of Discovery and Science,2200 NE 33rd Ave,Fort Lauderdale,FL,33305,26.15703,-80.10203
Tanner House Museum,305 Cedar St,Aurora,IL,60506,41.76353,-88.318344
Milwaukee Art Museum Inc,750 N Lincoln Memorial Dr,Milwaukee,WI,53202,43.040054,-87.89805
Original Selfie Museum,179 NW 25th St,Miami,FL,33127,25.800886,-80.19871
Barbers Hill Museum,11607 Eagle Ridge Dr,Dayton,TX,77535,29.870375,-94.878204
Goodwood Museums,1600 Miccosukee Rd,Tallahassee,FL,32308,30.456318,-84.25838
Boston Museum Design Group,91 Main St,Charlestown,MA,02129,42.37395,-71.062836
Aptos Museum,7605 Old Dominion Ct,Aptos,CA,95003,36.978977,-121.90985
Groveland Yosemite Gateway Museum,18990 Main St,Groveland,CA,95321,37.8391,-120.22469
Galesburg Museums,128 S Chambers St,Galesburg,IL,61401,40.945957,-90.362625
South Carolina Railroad Museum,479 Garibaldi Rd,Winnsboro,SC,29180,34.304207,-81.13297
Belmont Historical Society Museum,1219 Ralston Ave,Belmont,CA,94002,37.51666,-122.28009
Museum of the Bizarre,201 S Water St,Wilmington,NC,28401,34.23269,-77.949
Sedona Heritage Museum,735 Jordan Rd,Sedona,AZ,86336,34.87877,-111.761215
Museum of Rural Life,16 N 2nd St,Denton,MD,21629,38.886715,-75.83217
Ottawa Scouting Museum,1100 Canal St,Ottawa,IL,61350,41.351112,-88.84571
Western Museum Association,1000 Oak St,Oakland,CA,94607,37.79836,-122.26437
Naranjo Museum-Natural History,5104 S First St,Lufkin,TX,75901,31.269047,-94.7414
Washington County Museum,17677 NW Springville Rd,Portland,OR,97229,45.56317,-122.85847
Bedford Courthouse & Museum,615 Old Post Rd,Bedford,NY,10506,41.203964,-73.64385
The Sawmill Museum,2231 Grant St,Clinton,IA,52732,41.869568,-90.175316
Nc Museum Of History Asso,5 E Edenton St,Raleigh,NC,27601,35.78134,-78.63882
Office Nih History Stetten Museum,1 Cloister Ct,Bethesda,MD,20814,39.00275,-77.1088
Northfield Museum,1700 Burton Ave,Northfield,NJ,08225,39.372955,-74.56202
Oxford Museum Inc,101 S Morris St,Oxford,MD,21654,38.689,-76.17261
O'Brien Museum,720 N Wells St,Chicago,IL,60654,41.895393,-87.63434
Benne Memorial Museum,800 W 13th St,Crete,NE,68333,40.625378,-96.969765
Mendota Museum-Historical Society,901 Washington St,Mendota,IL,61342,41.547974,-89.12333
Asahel Wright House Museum,26 N Main St,Centerville,OH,45459,39.62924,-84.15871
Antique Car Museum,17812 N Highway 21,Curlew,WA,99118,48.856358,-118.60383
Glassboro Heritage Glass Museum,25 High St E,Glassboro,NJ,08028,39.70266,-75.1107
Selfridge Military Air Museum,27333 C St,Selfridge Angb,MI,48045,42.627865,-82.829956
Crehst Museum,95 Lee Blvd,Richland,WA,99352,46.274677,-119.272675
Simon Paneak Museum,341 Mekiana Rd,Anaktuvuk Pass,AK,99721,68.1477,-151.72453
Kent Tavern Museum,113 State St,Montpelier,VT,05602,44.26136,-72.58036
Blanden Memorial Art Museum,920 3rd Ave S,Fort Dodge,IA,50501,42.50249,-94.184875
Avery County Historical Museum,1829 Schultz Cir,Newland,NC,28657,36.086662,-81.925934
Charles H. Macnider Art Museum,303 2nd St SE,Mason City,IA,50401,43.149876,-93.195946
Grants Pass Museum of Art,229 SW G St,Grants Pass,OR,97526,42.43929,-123.32879
Brooklyn Museum,200 Easton Ave,Buffalo,NY,14215,42.92771,-78.806335
Finnish American Hrtg and Museum,1330 W 8th St,Ashtabula,OH,44004,41.896828,-80.79988
Louis Armstrong House Museum,3456 107th St,Corona,NY,11368,40.75489,-73.86154
Melody Ranch Motion Picture Museum,24715 Oakcreek Ave,Newhall,CA,91321,34.383236,-118.510445
Central High Museum,2120 W Daisy L Gatson Bates Dr,Little Rock,AR,72202,34.737885,-92.29747
Richards-DAR House Museum,256 N Joachim St,Mobile,AL,36603,30.695532,-88.045685
Illinois State Military Museum,1301 N Macarthur Blvd,Springfield,IL,62702,39.82051,-89.66858
Museum Partners,2295 Palou Ave,San Francisco,CA,94124,37.74127,-122.4035
Living Heritage Tree Museum,119 W 6th St,Storm Lake,IA,50588,42.645653,-95.20116
Tulsa Childrens Museum,7212 E 38th St,Tulsa,OK,74145,36.107918,-95.89761
African American herritage museum,1600 Phoenix Sq,Hammond,LA,70403,30.492556,-90.47306
Museum of American Glass,1000 Village Dr,Millville,NJ,08332,39.412144,-75.02159
Old Courthouse Museum,200 W 6th St,Sioux Falls,SD,57104,43.55137,-96.72856
St Clair Historical Museum,280 Hibbard St,Saint Clair,MO,63077,38.34666,-90.98311
Nitro World War I Museum,302 21st St,Nitro,WV,25143,38.421597,-81.83973
Plains Indians and Pioneers Museum,2009 Williams Ave,Woodward,OK,73801,36.425625,-99.390816
The Jerry Lee Lewis Museum,712 Louisiana Ave,Ferriday,LA,71334,31.629818,-91.55876
America's Packard Museum,420 S Ludlow St,Dayton,OH,45402,39.753834,-84.19194
Slifer House Museum,80 Magnolia Dr,Lewisburg,PA,17837,40.97572,-76.88278
Richland Museum,300 S Church St,Richland Center,WI,53581,43.33354,-90.384384
Father Miguel O'Reilly House Museum,32 Aviles St,Saint Augustine,FL,32084,29.890535,-81.31151
Noyes House Museum,122 Lower Main St,Morrisville,VT,05661,44.56172,-72.59954
Susquehanna Art Museum,1401 N 3rd St,Harrisburg,PA,17102,40.270885,-76.88963
Edwardsburg Historical Museum,26818 Main St,Edwardsburg,MI,49112,41.798378,-86.08445
Woodburn Historical Museum,455 N Front St,Woodburn,OR,97071,45.143215,-122.85587
Clay House Museum,621 Eastview Dr,Madison,AL,35758,34.720833,-86.73189
Carnegie Historical Museum,112 S Court St,Fairfield,IA,52556,41.005943,-91.96263
Siegfried H Horn Museum,9047 Us Highway 31,Berrien Springs,MI,49103,41.955322,-86.35647
Jeff Matthews Museum,606 W Stuart Dr,Galax,VA,24333,36.65911,-80.92975
Incredible Voyage Museum Inc,7708 Maywood Crest Dr,Palm Beach Gardens,FL,33412,26.784721,-80.21464
Memory Lane Museum,769 River Hwy,Mooresville,NC,28117,35.597157,-80.884254
Six Nations Indian Museum,1462 County Route 60,Vermontville,NY,12989,44.495823,-74.10595
Putnam County Museum,1105 N Jackson St,Greencastle,IN,46135,39.654385,-86.86585
Dea Museum & Visitors Center,8701 Morrissette Dr,Springfield,VA,22152,38.794888,-77.24328
Carrabelle History Museum,106 SE Avenue B,Carrabelle,FL,32322,29.850447,-84.66343
Museum of Zea,8747 Canby Ave,Northridge,CA,91325,34.230213,-118.534966
Harding Home and Museum,380 Mount Vernon Ave,Marion,OH,43302,40.58634,-83.12153
USC Fisher Museum of Art,823 Exposition Blvd,Los Angeles,CA,90007,34.0184,-118.2876
Bernice Depot Museum,426 E 4th St,Homer,LA,71040,32.792038,-93.05112
Sutter County Museum,1333 Butte House Rd,Yuba City,CA,95993,39.145912,-121.63587
Historical Society Museum,132 Church St,Romeo,MI,48065,42.80425,-83.01493
Lizzadro Museum-Lapidary Art,220 S Cottage Hill Ave,Elmhurst,IL,60126,41.894203,-87.94266
Chadbourn Depot Museum,201 W 1st Ave,Chadbourn,NC,28431,34.32349,-78.828224
Union County Museum,127 W Main St,Union,SC,29379,34.715073,-81.62419
Mooresville Museum,132 E Center Ave,Mooresville,NC,28115,35.582275,-80.81222
Collin County Central Museum,300 E Virginia St,Mckinney,TX,75069,33.19785,-96.61329
Georgia's Old Capital Museum,95 Depot Cir,Milledgeville,GA,31062,33.05098,-83.224075
National Film Museum,1616 Warnall Ave,Los Angeles,CA,90024,34.061687,-118.422646
Priest Lake Museum,38 W Lakeshore Rd,Priest Lake,ID,83856,48.495354,-116.89633
Lepetit Museum-Musical Boxes,255 W Market St,Marietta,PA,17547,40.055794,-76.55918
Raupp Memorial Museum,901 Dunham Ln,Buffalo Grove,IL,60089,42.169685,-87.97776
Compass Inn Museum,1382 Route 30,Laughlintown,PA,15655,40.211884,-79.19885
Breathitt County Museum,329 Broadway St,Jackson,KY,41339,37.55224,-83.38472
Clay County Museum,2121 7th St,Clay Center,KS,67432,39.391464,-97.12278
Allison-Antrim Museum Inc,365 S Ridge Ave,Greencastle,PA,17225,39.78392,-77.72492
TS Stribling Museum,300 E Water St,Clifton,TN,38425,35.387436,-87.99178
Old Jail Museum,400 Dinah Shore Blvd,Winchester,TN,37398,35.188213,-86.10955
Shelby County Historical Museum,1805 Morse Ave,Harlan,IA,51537,41.651115,-95.3274
Valley Relics Museum,7900 Balboa Blvd Hngr C,Van Nuys,CA,91406,34.214226,-118.50098
Museum & Welcome Center,8848 State Route 108,Wauseon,OH,43567,41.60007,-84.14876
Civil War Museum of Delafield,528 Wells St Ste F,Delafield,WI,53018,43.059822,-88.40531
Atwater Kent Museum,Executive Director,Philadelphia,PA,19136,40.0436,-75.0247
Minnesota Fishing Museum,304 W Broadway,Little Falls,MN,56345,45.977345,-94.37327
Gaston County Museum,131 W Main St,Dallas,NC,28034,35.31532,-81.176414
Iron & Steel Museum of Alabama,12632 Confederate Pkwy,Mc Calla,AL,35111,33.255447,-87.0753
Osyka Veterans Park & Museum,112 W Amite St,Osyka,MS,39657,31.003595,-90.47102
Mark Twain Birthplace Museum,37352 Shrine Rd,Stoutsville,MO,65283,39.48902,-91.79037
MacGregor Ranch Museum,180 Macgregor Ln,Estes Park,CO,80517,40.39968,-105.52147
Matthews Heritage Museum,232 W Trade St,Charlotte,NC,28202,35.22854,-80.84441
San Juan Historical Museum,405 Price St,Friday Harbor,WA,98250,48.53245,-123.02452
Alton Museum of History,829 E 4th St,Alton,IL,62002,38.890152,-90.17267
Tacoma Art Museum,1701 Pacific Ave,Tacoma,WA,98402,47.247334,-122.43694
Grenola Elevator Museum,313 N Main St,Grenola,KS,67346,37.351665,-96.449486
Randolph County Museum,612 Main St,Sutton,WV,26601,38.664104,-80.705605
Grissom Air Museum,1000 W Hoosier Blvd,Peru,IN,46970,40.66763,-86.12921
Three Notch Museum,124 Coffee St,Andalusia,AL,36420,31.307558,-86.48166
Idaho Military History Museum,4692 W State St,Boise,ID,83703,43.648293,-116.246864
Castle Rock Museum,420 Elbert St,Castle Rock,CO,80104,39.374046,-104.86241
Galena and U.S. Grant Museum,211 S Bench St,Galena,IL,61036,42.415657,-90.43032
Museum Of New Mexico Shop,1411 Paseo De Peralta,Santa Fe,NM,87501,35.681046,-105.94399
Turbotville Auto Museum,219 Sawmill Rd,Hughesville,PA,17737,41.220165,-76.74019
Davistown Museum,58 Main St,Liberty,ME,04949,44.39266,-69.307144
All Wars Museum,1707 N 12th St,Quincy,IL,62301,39.951946,-91.39674
National Museum of Forest Service,6305 Highway 10 W,Missoula,MT,59808,46.9295,-114.0801
Tina Mion Museum,303 E Second St,Winslow,AZ,86047,35.02228,-110.69582
Hungarian Heritage Society Museum,1301 E 9th St,Cleveland,OH,44114,41.504753,-81.69058
Old Merchant's House Museum,29 E 4th St,New York,NY,10003,40.727615,-73.9923
B's Ballpark Museum,8611 E Otero Pl,Centennial,CO,80112,39.569763,-104.88928
Bradley Home Museum,3200 Cook Rd,Midland,MI,48640,43.62802,-84.26663
Air Force Space & Missile Museum,100 Space Port Way,Cape Canaveral,FL,32920,28.431187,-80.59769
Museum of Postal History,339 N Main St,Delphos,OH,45833,40.845684,-84.339905
Grace Hudson Museum-Sun House,431 S Main St,Ukiah,CA,95482,39.14746,-123.20579
Palm Beach Maritime Museum,Peanut Island,West Palm Beach,FL,33401,26.772314,-80.04538
Tang Teaching Museum,815 N Broadway,Saratoga Springs,NY,12866,43.09497,-73.78013
Museum Data Solutions,507 Richland Ave,Athens,OH,45701,39.30682,-82.10401
Vermeer Museum & Global Pavilion,2110 E Vermeer Rd,Pella,IA,50219,41.40759,-92.89049
Wisconsin Maritime Museum,75 Maritime Dr,Manitowoc,WI,54220,44.09287,-87.655655
Wilmington Town Museum,430 Salem St,Wilmington,MA,01887,42.579437,-71.147766
Memphis Railroad and Trolley Museum,545 S Main St Ste 121,Memphis,TN,38103,35.13247,-90.05917
Old Castle Museum,515 E 5th St,Ottawa,KS,66067,38.6115,-95.26203
Manlius Museum,101 Scoville Ave,Manlius,NY,13104,43.004078,-75.979126
Discovery Museum & Planetarium,4450 Park Ave,Bridgeport,CT,06604,41.214314,-73.23336
Pardee Home Museum,672 11th St,Oakland,CA,94607,37.804443,-122.27766
Blandin House Museum,215 S Chestnut St,Blandinsville,IL,61420,40.554844,-90.86399
Indian River Citrus Museum,2140 14th Ave,Vero Beach,FL,32960,27.640427,-80.399185
Finn Creek Museum,55442 340th St,New York Mills,MN,56567,46.455845,-95.334526
Kokee Museum,3800 Kokee Rd,Kekaha,HI,96752,21.971996,-159.7145
Wasco Railroad Depot & Museum,1020 Clark St,Wasco,OR,97065,45.59158,-120.697945
St. Luke's Historic Church & Museum,14477 Benns Church Blvd,Smithfield,VA,23430,36.93898,-76.58689
Port Huron Museum,1115 6th St,Port Huron,MI,48060,42.97236,-82.42621
Museum of Science & Industry,57th N Lake Shore Dr,Chicago,IL,60657,41.9472,-87.6428
State Capital Museum-Otrch Center,211 21st Ave SW,Olympia,WA,98501,47.029892,-122.90249
Red Mill Museum Village,56 W Main St,Clinton,NJ,08809,40.6358,-74.9124
Piney Point Lighthouse Museum,23150 Leonard Hall Dr,Leonardtown,MD,20650,38.303303,-76.62962
Sunnyside Museum,704 S 4th St,Sunnyside,WA,98944,46.32098,-120.015175
Hull Lifesaving Museum & Life,22 Drydock Ave,Boston,MA,02210,42.344826,-71.03249
Benicia Fire Museum,900 E 2nd St,Benicia,CA,94510,38.050453,-122.15518
Denison Homestead Museum,120 Pequotsepos Rd,Mystic,CT,06355,41.3631,-71.94689
Alexandria Black History Museum,123 N Pitt St,Alexandria,VA,22314,38.8054,-77.04444
Quaint Corner Children's Museum,2000 Union Ave,Altoona,PA,16601,40.5083,-78.40734
Colorado Grange Museum,21901 E Hampden Ave,Aurora,CO,80013,39.65311,-104.73528
Fullerton Museum Center,301 N Palm Canyon Dr,Palm Springs,CA,92262,33.827183,-116.54703
Marian Koshland Science Museum,525 E St NE,Washington,DC,20002,38.89598,-76.99916
Memphis Pink Palace Museum,3050 Central Ave,Memphis,TN,38111,35.123695,-89.95998
Gullah Museum,123 King St Unit 6,Georgetown,SC,29440,33.368645,-79.28578
Last Supper Museum,311 W Walnut St,Greensburg,IN,47240,39.341824,-85.487
Museum of Colquitt County,500 4th Ave SE,Moultrie,GA,31768,31.175522,-83.783195
First Due Fire Museum,5555 Saint Louis Mills Blvd,Hazelwood,MO,63042,38.78626,-90.41586
National Museum Of Mrne Corps,1775 Route 1,Quantico,VA,22135,38.5222,-77.2938
San Diego Automotive Museum,2080 Pan American Plz,San Diego,CA,92101,32.72746,-117.15371
Mantua Fire & EMS Museum,42 Main St,Mantua,NJ,08051,39.79279,-75.17242
Truro Historical Museum,6 Lighthouse Rd.  Northtruro,Truro,MA,02652,42.0353,-70.0861
Museum Management Consulting,10 W Broad St,Columbus,OH,43215,39.96236,-83.00102
Meigs County Museum,144 Butternut Ave,Pomeroy,OH,45769,39.027477,-82.03636
Heard County Historic Museum,161 Shady St,Franklin,GA,30217,33.27944,-85.09999
Mendenhall's Museum,24 Zaca St,Buellton,CA,93427,34.61249,-120.195244
Museum of Contemporary Art SD,7404 Hillside Dr,La Jolla,CA,92037,32.84394,-117.25485
Hubbard House Ugrr Museum,1603 Walnut Blvd,Ashtabula,OH,44004,41.89935,-80.80602
Pacific County Museum,1008 W Robert Bush Dr,South Bend,WA,98586,46.66544,-123.81049
Newbern Depot & Railroad Museum,108 Jefferson St,Newbern,TN,38059,36.112408,-89.2627
Illinois Rt 66 Museum,110 W Howard St,Pontiac,IL,61764,40.881046,-88.6294
Collier Logging Museum,46000 Highway 97 N,Chiloquin,OR,97624,42.96414,-121.82651
Museum of Fine Arts,100 Huntington Ave,Boston,MA,02116,42.346966,-71.079315
Museum of the Earth,1259 Trumansburg Rd,Ithaca,NY,14850,42.466267,-76.53879
Hoover Dorothea B Historical Museum,504 S. Schifferdecker Avenue,Joplin,MO,64801,37.08724,-94.54899
Yahoola Cherokee Museum,11 S Grove St,Dahlonega,GA,30533,34.53371,-83.98307
Kansas Motorcycle Museum,120 N Washington St,Marquette,KS,67464,38.5536,-97.83365
Museum Wharf Inc,300 Congress St,Quincy,MA,02169,42.233566,-71.015396
Meadowlands Museum,91 Crane Ave,Rutherford,NJ,07070,40.814648,-74.10412
B's Ballpark Museum,1940 Blake St,Denver,CO,80202,39.753666,-104.99488
Ukrainian Museum,222 E 6th St,New York,NY,10003,40.72784,-73.98993
Autry Museum of the American West,4700 Western Heritage Way,Los Angeles,CA,90027,34.149544,-118.282104
National Music Museum,414 E Clark St,Vermillion,SD,57069,42.78264,-96.92728
National Museum of the US Navy,736 Sicard St SE,Washington,DC,20374,38.873047,-76.995346
Museum of History In Granite,2 Center Of The World Plz,Felicity,CA,92283,32.74875,-114.76446
Flight of Pheonix Aviation Museum,Hangar One,Gilmer,TX,75644,32.7632,-94.9896
Bernard A. Zuckerman Museum of Art,1000 Chastain Rd NW,Kennesaw,GA,30144,34.03274,-84.58048
Steam Engine Museum,PO Box 56,Mabel,MN,55954,43.5207,-91.7694
Luther Bean Museum,Richardson Hall,Alamosa,CO,81102,37.47243,-105.878456
Thomas County Museum of History,725 N Dawson St,Thomasville,GA,31792,30.846067,-83.98406
Watson's Grocery Store Museum,106 Main St W,State Center,IA,50247,42.016502,-93.163765
La Conner Quilt and Textile Museum,703 2nd St,La Conner,WA,98257,48.38908,-122.49665
Trenton Museum Society,299 Parkside Ave,Trenton,NJ,08618,40.235825,-74.78738
Dunn County Historical Museum,153 Museum Trl,Dunn Center,ND,58626,47.35492,-102.623024
Charlotte Museum of History,3500 Shamrock Drive,Charlotte,NC,28215,35.23451,-80.76666
Roberts County Museum,122 E Water St,Miami,TX,79059,35.693382,-100.63957
Tampa Museum of Art,120 W Gasparilla Plz,Tampa,FL,33602,27.949646,-82.462906
Genoa Courthouse Museum,2001 Foothill Rd,Genoa,NV,89411,38.984703,-119.83271
University Maine Museum of Art,40 Harlow Street Ct,Bangor,ME,04401,44.8046,-68.7744
Copper Range Historical Museum,44 Trimountain Ave,South Range,MI,49963,47.06992,-88.64335
National Law Enforcement Museum,444 E St NW,Washington,DC,20001,38.896,-77.0179
Torrance Art Museum,3320 Civic Center Dr N,Torrance,CA,90503,33.840492,-118.34103
Fawcett's Antique Toy Museum,3506 Atlantic Hwy,Waldoboro,ME,04572,44.114017,-69.31092
Museum Resource,5215 5th Ave S,Seattle,WA,98108,47.547886,-122.32859
Texas Maritime Museum,1202 Navigation Cir,Rockport,TX,78382,28.024885,-97.0476
Soldiers Memorial Military Museum,1315 Chestnut St,Saint Louis,MO,63103,38.628708,-90.20007
Metlar-Bodine House Museum,1281 River Rd,Piscataway,NJ,08854,40.512184,-74.45674
Mound Museum Association,500 Vantage Pt,Miamisburg,OH,45342,39.6328,-84.2876
Statehouse Museum Shop,1 Capitol Sq,Columbus,OH,43215,39.9636,-82.9819
Burlington Historical Museum,13 Bedford St,Burlington,MA,01803,42.50488,-71.196014
Shenandoah Valley Discovery Museum,54 S Loudoun St,Winchester,VA,22601,39.18311,-78.16582
Girl Museum Inc,161 Forest Rd,Havana,FL,32333,30.504112,-84.43168
Johnson County Museum,8788 Metcalf Ave,Overland Park,KS,66212,38.968513,-94.66789
Dream Car Museum,2400 N Heidelbach Ave,Evansville,IN,47711,38.000107,-87.56091
Jasmine Moran Children's Museum,1714 Highway 9 W,Seminole,OK,74868,35.252094,-96.668304
Museum of Beartooths,440 W 5th Ave N,Columbus,MT,59019,45.645805,-109.264854
Eastern Shore Railway Museum,18468 Staunton Ave,Parksley,VA,23421,37.78404,-75.66011
The Museum of Interesting Things,60 E 8th St Apt 12P,New York,NY,10003,40.730755,-73.993164
Garrett's Muscle Car Museum,320 Winfield Dunn Pkwy,Sevierville,TN,37876,35.87234,-83.56855
HDG Maritime Museum,100 Lafayette St,Havre De Grace,MD,21078,39.5407,-76.08546
Morrison Motor Car Museum,4545 Concord Pkwy S,Concord,NC,28027,35.35953,-80.67429
National Quilt Museum,215 Jefferson St,Paducah,KY,42001,37.088818,-88.5964
Idaho Forest Fire Museum,310 N Main St,Moscow,ID,83843,46.736435,-117.00128
Grout Museum of History and Science,503 South St,Waterloo,IA,50701,42.4927,-92.34429
Lamoure County Museum,9797 66th St SE,Lamoure,ND,58458,46.45564,-98.37027
Peter Miller House Museum,33740 Lake Rd,Avon Lake,OH,44012,41.502148,-82.05977
O'Fallon Historical Museum,723 S Main St,Baker,MT,59313,46.360615,-104.275604
Museum of Glass,1801 Dock St,Tacoma,WA,98402,47.24516,-122.43409
Greene Museum,500 14th St,Phenix City,AL,36867,32.472992,-84.99961
Maxwell Siding Railroad Museum,201 W Highland Ave,Hermiston,OR,97838,45.834934,-119.292404
Rosebud County Pioneer Museum,1335 Main St,Forsyth,MT,59327,46.267933,-106.67387
Battles For Chattanooga Museum,1110 E Brow Rd,Lookout Mountain,TN,37350,35.008713,-85.34368
Museum Muses,209 E Monroe Ave,Alexandria,VA,22301,38.820244,-77.059654
Polson Park and Museum,1611 Riverside Ave,Hoquiam,WA,98550,46.978844,-123.881134
Behringer-Crawford Museum,1600 Montague Rd,Covington,KY,41011,39.079975,-84.53778
Davis Museum & Cultural Center,106 Central St,Wellesley Hills,MA,02481,42.295803,-71.299126
Long Island Children's Museum,11 Davis Ave,Garden City,NY,11530,40.72836,-73.599655
Claremore Museum of History,121 N Weenonah Ave,Claremore,OK,74017,36.310974,-95.61154
Saguache County House Museum,807 Denver Ave,Saguache,CO,81149,38.087517,-106.142456
Cannon Cultural Museum,1424 John Bragg Hwy,Woodbury,TN,37190,35.822266,-86.0924
Addison Historical Museum,135 W Army Trail Blvd,Addison,IL,60101,41.931747,-87.992744
Museum Of Photography,145 Zion Park Blvd,Springdale,UT,84767,37.199776,-112.990074
Coal Creek Miners Museum,201 S Main St,Rocky Top,TN,37769,36.22026,-84.15654
Canal Museum,60 Alan Ave,Greenville,PA,16125,41.410007,-80.38949
Remington Firearms Museum & Store,14 Hoefler Ave,Ilion,NY,13357,43.01295,-75.03259
Lawrence L Lee Scouting Museum,300 Blondin Rd,Manchester,NH,03109,42.950844,-71.383224
Gueydan Museum,212 Main St,Gueydan,LA,70542,30.025515,-92.51237
Locke Boarding House Museum,13916 Main St,Walnut Grove,CA,95690,38.251045,-121.51
Ernie Hall Aviation Museum,4033 N River Rd NE,Warren,OH,44484,41.265682,-80.7546
Curwood Castle Museum,224 Curwood Castle Dr,Owosso,MI,48867,42.998753,-84.1754
Burpee Museum of Natural History,515 N Court St,Rockford,IL,61103,42.276424,-89.09383
Mecosta County Historical Museum,129 N Stewart Ave,Big Rapids,MI,49307,43.698723,-85.47872
Ripley Museum,219 N 2nd St,Ripley,OH,45167,38.74901,-83.847565
Saint Agstine Trnsp Museum,203 Porpoise Point Dr,Saint Augustine,FL,32084,29.914576,-81.29668
Marshall Point Lighthouse Museum,178 Marshall Point Rd,Port Clyde,ME,04855,43.9272,-69.2533
Price Pioneer Museum,100 E Front St,Florence,CO,81226,38.38877,-105.117966
Farmhouse Museum,399 Biesterfield Rd,Elk Grove Village,IL,60007,42.00326,-88.009705
Museum of Railroad House,110 Charlotte Ave,Sanford,NC,27330,35.48154,-79.17725
Sand Springs Museum,9 E Broadway St,Sand Springs,OK,74063,36.13978,-96.10974
American Museum Aviation Inc,21 Clearview Dr,Stafford Springs,CT,06076,41.956093,-72.272545
Marietta Museum Art Whimsy,165 Prospect Ave,Guilford,CT,06437,41.245193,-72.70625
Gnadenhutten Park & Museum,352 S Cherry St,Gnadenhutten,OH,44629,40.353783,-81.43524
Piqua Historical Museum,509 N Main St,Piqua,OH,45356,40.151012,-84.23951
Community Memorial Museum,1333 Butte House Rd,Yuba City,CA,95993,39.145912,-121.63587
Brown County Ag Museum,301 E Iowa St,Hiawatha,KS,66434,39.84856,-95.52208
Sallie Mae Ligon Museum & Archives,600 College St,Oxford,NC,27565,36.31879,-78.59407
Magnolia Grange Museum House,10020 Iron Bridge Rd,Chesterfield,VA,23832,37.375595,-77.5067
Lone Jack Battlefield Museum,301 S Bynum Rd,Lone Jack,MO,64070,38.86572,-94.17334
Honolulu Surf Museum,2300 Kalakaua Ave,Honolulu,HI,96815,21.278107,-157.8276
Genoa Historical Museum,402 Willard Ave,Genoa,NE,68640,41.448658,-97.729576
Nostalgia City Museum 2,1301 Highway 17 S,Surfside Beach,SC,29575,33.60301,-78.990685
Athens County Museum,65 N Court St,Athens,OH,45701,39.331203,-82.10117
San Juan County Museum Association,6131 Us 64,Bloomfield,NM,87413,36.711246,-107.952965
Moffat Road Railroad Museum,555 Park Ln,Granby,CO,80446,40.08255,-105.931076
Norman Rockwell Museum,9 Route 183rd,Stockbridge,MA,01262,42.28987,-73.33974
Florida Holocaust Museum,55 5th St S,Saint Petersburg,FL,33701,27.770573,-82.640335
State Museum,612 E Boulevard Ave,Bismarck,ND,58505,46.816902,-100.78255
Oakdale Museum,212 W F St,Oakdale,CA,95361,37.765152,-120.850945
Utah Museum of Science &,3400 E Little Cottonwood Rd,Sandy,UT,84092,40.57293,-111.79857
Texas Forestry Museum,1905 Atkinson Dr,Lufkin,TX,75901,31.34995,-94.70504
Clyfford Still Museum,1250 Bannock St,Denver,CO,80204,39.73618,-104.99007
Mount Wilson Observatory & Museum,1 Park Place South SE,Atlanta,GA,30303,33.75444,-84.388756
Gib Singleton Museum of Fine Art,112 W San Francisco St Ste 204,Santa Fe,NM,87501,35.687202,-105.93981
Andy Griffith Museum,218 Rockford St,Mount Airy,NC,27030,36.49765,-80.60877
Gadsden Arts Center & Museum,13 N Madison St,Quincy,FL,32351,30.58879,-84.575615
Miwok Museum,2200 Novato Blvd,Novato,CA,94947,38.11457,-122.60349
100th Meridian Museum,206 E 8th St,Cozad,NE,69130,40.859673,-99.98426
American Advertising Museum,222 NW 5th Ave Ste 309,Portland,OR,97209,45.524746,-122.67528
North Dakota Museum of Art,261 Centennial Dr Stop 7305,Grand Forks,ND,58202,47.919453,-97.0732
South Boston-Halifax County Museum,1540 Wilborn Ave,South Boston,VA,24592,36.70566,-78.90976
Christian County Coal Mine Museum,118 S Main St,Taylorville,IL,62568,39.548878,-89.29475
Brevard Art Museum,1463 Highland Ave,Melbourne,FL,32935,28.13114,-80.6273
Science Museum of Virginia,2500 W Broad St,Richmond,VA,23220,37.56058,-77.46654
Millsprings Battlefield Museum,9020 W Highway 80,Nancy,KY,42544,37.132607,-84.85246
Wonderfeet Kids' Museum Inc,44 Engrem Ave,Rutland,VT,05701,43.60405,-72.96662
Klamath County Baldwin Museum,31 Main St,Klamath Falls,OR,97601,42.220196,-121.7887
San Juan Islands Museum of Art,540 Spring St,Friday Harbor,WA,98250,48.53206,-123.02112
Sock Monkey Museum,210 Robert Parker Coffin Rd,Long Grove,IL,60047,42.178444,-87.99757
Beatty Museum,417 W Reibel St,Beatty,NV,89003,36.90628,-116.76395
Swarthout Museum,112 9th St S,La Crosse,WI,54601,43.81136,-91.24408
Baltimore Area Museum,209 E Market St,Baltimore,OH,43105,39.845184,-82.599976
Fort Klamath Museum,52620 Highway 62,Fort Klamath,OR,97626,42.702076,-121.99608
Uscgc Ingham Museum,1 Southard St,Key West,FL,33041,24.552303,-81.80615
Historic Adobe Museum,300 E Oklahoma Ave,Ulysses,KS,67880,37.576664,-101.3551
Grosse Ile Historical Museum,25000 E River Rd,Grosse Ile,MI,48138,42.12549,-83.14149
Heritage Village Museum,11450 Lebanon Rd,Cincinnati,OH,45241,39.27954,-84.40637
Porter County Museum,153 Franklin St,Valparaiso,IN,46383,41.46915,-87.05989
Old Firehouse Museum,4 North Main Street,South Hadley,MA,01075,42.21587,-72.59906
Linden Depot Museum,520 N Main St  Us Highway 231,Linden,IN,47955,40.1933,-86.9046
Sinclair Lewis House Museum,1220 Main St S,Sauk Centre,MN,56378,45.723274,-94.95186
Old Courthouse Museum,315 W Madison St,Durand,WI,54736,44.627453,-91.96785
Turbotville Auto Museum,4905 State Route 54,Turbotville,PA,17772,41.107613,-76.77037
Lancaster Museum of Art,135 N Lime St,Lancaster,PA,17602,40.041115,-76.30165
Custer County Historical Museum,445 S 9th Ave,Broken Bow,NE,68822,41.40225,-99.640755
Campbell House Museum,1508 Locust St,Saint Louis,MO,63103,38.63144,-90.20158
Fairfax Station Railroad Museum,11200 Fairfax Station Rd,Fairfax Station,VA,22039,38.7999,-77.33301
Long's Historical & Wax Museum,3030 W 76 Country Blvd,Branson,MO,65616,36.6379,-93.27615
Bandon Historical Society Museum,270 Fillmore Ave SE,Bandon,OR,97411,43.11896,-124.409195
H. Earl Clack Memorial Museum,1753 Us Highway 2 NW Spc 1,Havre,MT,59501,48.55696,-109.71247
Safety Harbor Museum-History,329 S Bayshore Blvd,Safety Harbor,FL,34695,27.988525,-82.689735
WSU Anthropology Museum,4841 Cass Ave,Detroit,MI,48201,42.354958,-83.06627
Palatine House Museum,1743 Spring St,Schoharie,NY,12157,42.66109,-74.30906
Fridley Museum,611 Mississippi St NE,Minneapolis,MN,55432,45.08627,-93.25549
National Military Heritage Museum,701 Messanie St,Saint Joseph,MO,64501,39.762665,-94.85161
Eustis Historical Museum,536 N Bay St,Eustis,FL,32726,28.858023,-81.68586
Vetrans Memorial Museum,3740 Jourgensen Ave,Casper,WY,82604,42.900097,-106.45537
Colorado Railroad Museum,17155 W 44th Ave,Golden,CO,80403,39.770927,-105.19357
Steamboat Art Museum,807 Lincoln Ave,Steamboat Springs,CO,80487,40.486145,-106.834946
Dunn-Seiler Museum,355 Lee Blvd,Mississippi State,MS,39762,33.45521,-88.78828
Fire Barn Museum,510 W Clay Ave,Muskegon,MI,49440,43.232567,-86.255844
Le Coleman Museum,3011 Mountain Rd,Halifax,VA,24558,36.757248,-78.97644
Amana Heritage Museum,705 44th Ave,Amana,IA,52203,41.80028,-91.87282
Francisco Fort Museum,306 Main St,Walsenburg,CO,81089,37.62619,-104.78198
Arv Hus Museum,Po Box 18,Milan,MN,56262,45.11432,-95.86904
Warren Rifles Confederate Museum,95 Chester St,Front Royal,VA,22630,38.919514,-78.19131
Costen House Museum,206 Market St,Pocomoke City,MD,21851,38.074825,-75.56802
Littleton Historical Museum,2 Union St,Littleton,NH,03561,44.30598,-71.770065
National Brewery Museum,209 S Main St,Potosi,WI,53820,42.668762,-90.72868
Buckeye Lake Museum,4729 Walnut Rd,Hebron,OH,43025,39.9287,-82.4895
Asa Packer Mansion Museum,101 E 10th St,Jim Thorpe,PA,18229,40.877785,-75.72524
Washington County Historical Museum,220 S 15th St,Fort Calhoun,NE,68023,41.45445,-96.02781
Tobacco Farm Life Museum,709 Church St,Kenly,NC,27542,35.59953,-78.11821
Canton Classic Car Museum,123 6th St SW,Massillon,OH,44647,40.793045,-81.53012
Mickey Vernon Sports History Museum,1 Beaver Valley Rd,Chadds Ford,PA,19317,39.84957,-75.538315
Ss Meteor Whaleback Ship Museum,300 Marina Dr,Superior,WI,54880,46.717606,-92.05393
Macedon Historical Society Museum,1185 Macedon Center Rd,Macedon,NY,14502,43.094364,-77.321144
Agua Caliente Cultural Museum,219 S Palm Canyon Dr,Palm Springs,CA,92262,33.820724,-116.54696
Sonoma County Museum,425 7th St,Santa Rosa,CA,95401,38.441788,-122.718315
Mahwah Museum,201 Franklin Tpke,Mahwah,NJ,07430,41.093895,-74.14485
A E Seaman Mineral Museum,1404 E Sharon Ave,Houghton,MI,49931,47.110195,-88.55265
City of Kennesaw Museum Annex,2829 Cherokee St NW,Kennesaw,GA,30144,34.023582,-84.61451
Jackson Parish Museum,515 S Cooper Ave,Jonesboro,LA,71251,32.240246,-92.71717
Shacksboro School House Museum,46 Canton St at McHarrie Park,Baldwinsville,NY,13027,43.15222,-76.33823
American Civil War Museum,480 Tredegar St,Richmond,VA,23219,37.535133,-77.444664
Gallows Hill Museum Theatre,7 Lynde St,Salem,MA,01970,42.5222,-70.89626
1901 Post Rock Jail Museum,200 Main St,Mc Cracken,KS,67556,38.583687,-99.56958
Miami University Art Museum,801 S Patterson Ave,Oxford,OH,45056,39.501694,-84.7306
American Jazz Museum,1616 E 18th St,Kansas City,MO,64108,39.091328,-94.563034
Madam Brett Homestead Museum,50 Van Nydeck Ave,Beacon,NY,12508,41.502174,-73.96672
Conner Prairie Museum,13400 Allisonville Rd,Fishers,IN,46038,39.979824,-86.02798
Goldsboro Museum,1211 Historic Goldsboro Blvd,Sanford,FL,32771,28.800617,-81.280396
Hamburg Township Historical Museum,7225 Stone St,Hamburg,MI,48139,42.449326,-83.80204
Seaba Station Motorcycle Museum,336992 E Highway 66,Chandler,OK,74834,35.686726,-96.999825
San Jose Fire Museum,1661 Senter Rd,San Jose,CA,95112,37.31873,-121.859344
Sun Valley Museum of History,180 East Ave,Ketchum,ID,83340,43.681206,-114.36153
Sankofa Children's Museum,4330 Pimlico Rd,Baltimore,MD,21215,39.33973,-76.66482
Wright Centennial Museum,104 Ranch Dr,Wright,WY,82732,43.759727,-105.48215
Childrens Connect Museum,30 Temple Ave,Newnan,GA,30263,33.378555,-84.803055
Museum B C F,13303 Old Fort Rd,Fort Washington,MD,20744,38.707836,-77.012825
Tularosa Basin Museum,1301 N White Sands Blvd,Alamogordo,NM,88310,32.907154,-105.96066
USS Hornet Museum,1030 Illinois St,San Francisco,CA,94107,37.758785,-122.38757
Junaluska Museum,1 Junaluska Dr,Robbinsville,NC,28771,35.32098,-83.80696
Eureka Pioneer Museum,PO Box 902,Eureka,SD,57437,45.7935,-99.6481
Civil War Artillery Museum,812 Bebout Rd,Venetia,PA,15367,40.27837,-80.07156
St George Art Museum,47 E 200 N,Saint George,UT,84770,37.111706,-113.582146
Marietta Johnson Museum,10 S School St,Fairhope,AL,36532,30.522757,-87.90049
Wilbur D May Museum,1595 N Sierra St,Reno,NV,89503,39.54436,-119.82145
Ralph Foster Museum,100 Opportunity Ave,Hollister,MO,65672,36.612965,-93.23563
Westford Museum,2 Boston Rd,Westford,MA,01886,42.581142,-71.439255
Museum of Death,6031 Hollywood Blvd,Los Angeles,CA,90028,34.10179,-118.321465
Abraham Loln Library and Museum,6965 Cumberland Gap Pkwy,Harrogate,TN,37752,36.580517,-83.656685
Boal Mansion Museum,163 East Dr,Boalsburg,PA,16827,40.77871,-77.77902
Museum of Urban Art,1527 5th Ave N,Birmingham,AL,35203,33.51478,-86.81478
North Museum,202 N Prince St,Lancaster,PA,17603,40.04105,-76.30854
Transylvania Museum,300 N Broadway,Lexington,KY,40508,38.05209,-84.495155
St Marys Submarine Museum Inc,102 W Saint Marys St,Saint Marys,GA,31558,30.720503,-81.548836
It's A Wonderful Life Museum,32 Fall St,Seneca Falls,NY,13148,42.910404,-76.79529
The New Children's Museum,200 W Island Ave,San Diego,CA,92101,32.710415,-117.16467
Fairbury City Museum,1128 Elm St,Fairbury,NE,68352,40.143345,-97.18653
Miami Springs Historical Museum,26 Westward Dr,Miami Springs,FL,33166,25.821047,-80.283
Museum Of Contemporary Art,149 N Stone Ave,Tucson,AZ,85701,32.22376,-110.97169
American Jewish Museum,5738 Forbes Ave,Pittsburgh,PA,15217,40.437935,-79.92401
Morton Grove Historical Museum,6240 Dempster St,Morton Grove,IL,60053,42.041065,-87.78271
Albert City Historical Museum,212 2nd St N,Albert City,IA,50510,42.782944,-94.94862
Star Toys Museum Inc,811 S Camp Meade Rd,Linthicum Heights,MD,21090,39.195915,-76.65802
Bartow History Museum,4 E Church St,Cartersville,GA,30120,34.167435,-84.79477
Old Ursuline Convent Museum,1100 Chartres St,New Orleans,LA,70116,29.960749,-90.06064
Henri Robert Museum-Hendee Hotel,218 E 8th St,Cozad,NE,69130,40.859673,-99.98414
Ransom School Historic House Museum,717 N Academy St,Murfreesboro,TN,37130,35.852886,-86.38807
Edwin Carter Museum-Summit,111 S Ridge St,Breckenridge,CO,80424,39.48145,-106.04496
Museum of Natural Science,3848 Harrison Blvd,Ogden,UT,84404,41.262726,-111.98369
Education Museum Club,1900 Compass Flower Way,Ocoee,FL,34761,28.59151,-81.51244
Eatontown Historical Museum,75 Broad St,Eatontown,NJ,07724,40.306034,-74.05726
North Shore Historical Museum,140 Glen St,Glen Cove,NY,11542,40.863052,-73.62514
Hiram Blauvelt Art Museum,24 Maple Hill Dr,Woodcliff Lake,NJ,07677,41.027287,-74.05809
Antique Car Museum of Iowa,860 Quarry Rd,Coralville,IA,52241,41.681103,-91.560295
Airmen Memorial Museum,5211 Auth Rd,Suitland,MD,20746,38.822807,-76.91696
Brooklyn Museum,185 Salisbury St,Worcester,MA,01609,42.277443,-71.80938
Waltham Museum,25 Lexington St,Waltham,MA,02452,42.377148,-71.23554
Dutch Windmill Museum,1515 Boston Ave,Nederland,TX,77627,29.973162,-93.993484
Madisonville Museum,201 Cedar St,Madisonville,LA,70447,30.409746,-90.1588
Fort Myers Historical Museum,2300 Widman Way,Fort Myers,FL,33901,26.640205,-81.86659
One Museum Place,1315 Peachtree St NE,Atlanta,GA,30309,33.7906,-84.38491
Clay County Museum,518 Lincoln Ave,Clay Center,KS,67432,39.37643,-97.125984
Rocky Mountain Quilt Museum,651 Corporate Cir Ste 102,Golden,CO,80401,39.717976,-105.192116
Fillmore Historical Museum,350 Main St,Fillmore,CA,93015,34.399437,-118.91018
Wonderscope Children's Museum,5700 King St,Shawnee Mission,KS,66203,39.02506,-94.717125
Eagle Point Museum,202 N Royal Ave,Eagle Point,OR,97524,42.473213,-122.7995
Ouachita Valley Heritage Museum,309 Mcclendon Ave,West Monroe,LA,71291,32.4987,-92.12418
Humphreys County Museum,201 Fort Hill Rd,Waverly,TN,37185,36.081116,-87.791626
Fort Cody Trading Post Museum,221 Halligan Dr,North Platte,NE,69101,41.113087,-100.762436
The Old Depot Museum,1010 Levee St,Vicksburg,MS,39183,32.352882,-90.88258
Big Mac Museum Restaurant,9061 State Route 30,North Huntingdon,PA,15642,40.32072,-79.69211
Kiowa County Historical Museum,320 S Main St,Greensburg,KS,67054,37.60383,-99.29265
Merced County Courthouse Museum,21st N St,Merced,CA,95340,37.3092,-120.4827
Mansion Museum,100 S College St,Harrodsburg,KY,40330,37.76235,-84.845856
North Ogden Historical Museum,545 E 2750 N,North Ogden,UT,84414,41.309456,-111.96337
Dyckman Farmhouse Museum,4881 Broadway @ 204th Street,New York,NY,10034,40.867,-73.9207
Lummi Indian Museum,2616 Kwina Rd,Bellingham,WA,98226,48.793682,-122.62679
Minnesota Museum of American Art,408 Saint Peter St,Saint Paul,MN,55102,44.94628,-93.096504
Beaver Island Toy Museum,37970 Michigan Ave,Beaver Island,MI,49782,45.74594,-85.50808
Coggeshall Farm Museum Inc,1 Coggeshall Ave,Bristol,RI,02809,41.696316,-71.2477
Lake County Discovery Museum,1899 W Winchester Rd,Libertyville,IL,60048,42.296276,-87.997284
Dickson Mounds Museum,10956 N Dickson Mounds Rd,Lewistown,IL,61542,40.349854,-90.11529
Cokato Museum,175 4th St SW,Cokato,MN,55321,45.075382,-94.19071
Princeton Railroad Museum,99 Mercer St,Princeton,WV,24740,37.36985,-81.08566
American Red Cross Museum,430 17th St NW,Washington,DC,20006,38.895107,-77.03966
Hickory Hills Museum,502 Hickory Hill Dr,Thomson,GA,30824,33.469723,-82.5131
Liberty Aviation Museum,200 Madison St,Port Clinton,OH,43452,41.511772,-82.94133
Wendell Gilley Museum,4 Herrick Rd,Southwest Harbor,ME,04679,44.283836,-68.32689
West Virginia Automobile Museum,1215 20th St,Vienna,WV,26105,39.316483,-81.54385
Grundy County Museum,1100 Mable St,Trenton,MO,64683,40.076443,-93.616486
Hands On Childrens Art Museum,1800 W 103rd St,Chicago,IL,60643,41.70675,-87.667305
Wayne County Historical Museum,1150 N A St,Richmond,IN,47374,39.830708,-84.88686
Museum Computer Network,228 Park Ave S,New York,NY,10003,40.737568,-73.988556
American Museum of Magic Library,111 E Mansion St,Marshall,MI,49068,42.273167,-84.95842
Tread of Pioneers Museum,800 Oak St,Steamboat Springs,CO,80487,40.487328,-106.83407
Crestline Shunk Museum,211 N Thoman St,Crestline,OH,44827,40.785526,-82.73789
Magazine Museum.Net,856 Ponce De Leon Ave NE,Atlanta,GA,30306,33.77396,-84.35928
Childrens Museum of NE Montana,512 2nd Ave S,Glasgow,MT,59230,48.194263,-106.63713
Winthrop Public Library & Museum,2 Metcalf Sq,Winthrop,MA,02152,42.37676,-70.984406
Warrensburgh Museum,3754 Main St,Warrensburg,NY,12885,43.492268,-73.76791
Sweetwater Heritage Museum,N & High St,Sweetwater,TN,37874,35.59998,-84.46443
Old Mill Museum,242 Toledo St,Dundee,MI,48131,41.95527,-83.65913
Firefighters Hall and Museum,664 22nd Ave NE,Minneapolis,MN,55418,45.009834,-93.25464
Discovery Children's Museum,360 Promenade Pl,Las Vegas,NV,89106,36.16838,-115.15311
Treadwell Museum of Fine Arts,54 Main St,Franklin,NY,13775,42.33468,-75.16803
Museum of The American Hungarian,300 Somerset St,New Brunswick,NJ,08901,40.492336,-74.45697
Saguache County Museum,405 8th St,Del Norte,CO,81132,37.67591,-106.35763
Latimer House Museum and Archives,126 S 3rd St,Wilmington,NC,28401,34.233498,-77.94602
Museum of Art,1 E Las Olas Blvd,Fort Lauderdale,FL,33301,26.119602,-80.143326
Museum On Common,217 Lucas St,Mount Pleasant,SC,29464,32.791687,-79.877914
Wnc Air Museum,1340 E Gilbert St,Hendersonville,NC,28792,35.305412,-82.43464
Zanesville Museum of Art,620 Military Rd,Zanesville,OH,43701,39.97919,-82.009705
Klyne Esopus Museum,764 State Route 213,Ulster Park,NY,12487,41.881,-74.02017
James A. Ramage Civil War Museum,1402 Highland Ave,Ft Wright,KY,41011,39.05547,-84.52573
Kenosha Public Museum,5608 10th Ave,Kenosha,WI,53140,42.583824,-87.82346
Gilman Museum,123 Main St,Alton,NH,03809,43.456112,-71.22114
Cafe Asia-Asian Art Museum,200 Larkin St,San Francisco,CA,94102,37.780033,-122.4167
Charles A Weyerhaeuser Museum,2151 Lindbergh Dr S,Little Falls,MN,56345,45.95335,-94.39082
World Museum of Mining,155 Technology Way,Butte,MT,59701,45.93114,-112.51337
Museum Center,1621 Venice Blvd,Venice,CA,90291,33.997208,-118.44689
Coronado Museum of History and Art,1100 Orange Ave,Coronado,CA,92118,32.684547,-117.17973
Oregon Coast Military Museum,2145 Kingwood St,Florence,OR,97439,43.985096,-124.109566
Cairo Custom House Museum,1400 Washington Ave,Cairo,IL,62914,37.003056,-89.172554
Concord Museum,2 Lexington Rd,Concord,MA,01742,42.460114,-71.34866
Merritt's Museum of Childhood,907 Ben Franklin Hwy E,Douglassville,PA,19518,40.2556,-75.7251
Skinner Museum,51 College St,South Hadley,MA,01075,42.256294,-72.57664
US Army Finance Corps Museum,4392 Magruder Ave,Columbia,SC,29207,34.02066,-80.94167
John Henry Museum & Gift Shop,21 Pat Ball Rd,Talcott,WV,24981,37.650234,-80.751434
Santa Barbara Museum of Art,1600 State St,Santa Barbara,CA,93101,34.42727,-119.70948
Nevada County Depot & Museum,403 W 1st St S,Prescott,AR,71857,33.800205,-93.383575
Yakima Valley Museum,2105 Tieton Dr,Yakima,WA,98902,46.59272,-120.537125
Southern Forest Heritage Museum,77 Long Leaf Rd,Longleaf,LA,71448,31.005617,-92.55996
Father Damien Museum,2520 Kalakaua Ave,Honolulu,HI,96815,21.273407,-157.82355
Ferndale Historical Museum,1651 Livernois St,Ferndale,MI,48220,42.459488,-83.14372
Currahee Military Museum,160 N Alexander St,Toccoa,GA,30577,34.57903,-83.33171
Cleveland Roller Mill Museum,Off Hwy 518,Cleveland,NM,87715,36.003,-105.3961
Nebraska City Museum Association,806 1st Ave,Nebraska City,NE,68410,40.67769,-95.8553
Shell Rock Historical Museum,127 W Adair St,Shell Rock,IA,50670,42.713352,-92.58009
Mississippi Armed Forces Museum,1001 Lee Ave,Hattiesburg,MS,39401,31.198112,-89.201256
The Contemporary Jewish Museum,736 Mission St,San Francisco,CA,94103,37.785664,-122.40306
Kenosha Military Museum Limited,43363 N Us Highway 41,Zion,IL,60099,42.492462,-87.95174
Sallows Military Museum,1101 Niobrara Ave,Alliance,NE,69301,42.105762,-102.86942
Taft Blackland Museum,301 Green Ave,Taft,TX,78390,27.979586,-97.39451
Georgia Radio Museum,714 Lincoln St,Lagrange,GA,30240,33.024605,-85.04814
Titan Missile Museum,1580 W Duval Mine Rd,Sahuarita,AZ,85614,31.898952,-110.99872
The Sandbox Children's Museum,80 Nassau St,Hilton Head Island,SC,29928,32.14417,-80.75518
Pennsylvania National Fire Museum,1820 N 4th St,Harrisburg,PA,17102,40.27648,-76.89185
Military Heritg Avi Museum Inc,1200 W Rtt Esplnd,Punta Gorda,FL,33950,26.9148,-82.0416
Savanna Museum,406 S Main St,Mount Carroll,IL,61053,42.0946,-89.97853
Ninepipes Museum of Early Montana,69316 Us Highway 93,Charlo,MT,59824,47.465546,-114.09669
Bush House Museum,600 Mission St SE,Salem,OR,97302,44.932224,-123.03957
Leesburg Heritage Museum,111 S 6th St,Leesburg,FL,34748,28.810858,-81.87816
Watermen's Museum In Yorktown,313 Libbey St,Hampton,VA,23663,37.022556,-76.31939
Jordan House Museum,2001 Fuller Rd,West Des Moines,IA,50265,41.559982,-93.733696
Leesburg African American Museum,220 Mike St,Leesburg,FL,34748,28.809788,-81.87019
Mousley Museum-Natrl History,35308 Panorama Dr,Yucaipa,CA,92399,34.043194,-117.034096
Antoine Dutot Museum & Gallery,24 Main St,Delaware Water Gap,PA,18327,40.98322,-75.14063
Clausen Museum,203 Fram St,Petersburg,AK,99833,56.812622,-132.95459
Unionville Museum,15 School St,Unionville,CT,06085,41.75822,-72.88869
W C Handy House Museum,352 Beale St,Memphis,TN,38103,35.139492,-90.04996
Western NM University Museum,1000 W College Ave,Silver City,NM,88061,32.775345,-108.282974
Vallejo Naval & Historical Museum,734 Marin St,Vallejo,CA,94590,38.102905,-122.256424
Farmers Museum,100 Lake St,Cooperstown,NY,13326,42.706142,-74.92963
Gwtw Museum City of Marietta,18 Whitlock Ave NW,Marietta,GA,30064,33.952396,-84.55076
Oldsmar Historical Society Museum,101 State St W,Oldsmar,FL,34677,28.037329,-82.663574
Museum of York County,210 Jefferson St E,York,SC,29745,34.99004,-81.23933
Enchanted Circle Gateway Museum,580 E Therma Dr,Eagle Nest,NM,87718,36.554287,-105.25759
Lima Fire Fighters Memorial Museum,50 Town Sq,Lima,OH,45801,40.74048,-84.10441
Nccu Art Museum,1801 Fayetteville St,Durham,NC,27707,35.975956,-78.90092
Washington Historic Museum,58230 Van Dyke Rd,Washington,MI,48094,42.72265,-83.03562
Franklin Co Historic Jail Museum,209 W Main St,Benton,IL,62812,37.99696,-88.92214
Lock Ridge Park & Furnace Museum,525 Franklin St,Alburtis,PA,18011,40.507507,-75.59558
Current River Heritage Museum,101 Washington St,Doniphan,MO,63935,36.617702,-90.82583
Bannock County Historical Museum,3000 Avenue of the Chiefs,Pocatello,ID,83204,42.846462,-112.44335
Birks Museum,1184 W Main St,Decatur,IL,62522,39.841248,-88.97464
Allen County Museum,620 W Market St,Lima,OH,45801,40.739914,-84.113945
Culinary Arts Museum,315 Harborside Blvd,Providence,RI,02905,41.785805,-71.39309
Highway 61 Blues Museum,400 N Broad St,Leland,MS,38756,33.405926,-90.89698
Wallace District Mining Museum,509 Bank St,Wallace,ID,83873,47.471737,-115.92513
Shaker Museum At,511 Peterson Ave,Auburn,KY,42206,36.86083,-86.733406
Wellborn Musclecar Museum,124 Broad St,Alexander City,AL,35010,32.943962,-85.95562
Money Museum,1020 16th St,Denver,CO,80202,39.74734,-104.995346
Wi Bowhunting Heritage-Museum,5055 County Road V,Cecil,WI,54111,44.858177,-88.40048
Benton County Historical Museum,1101 Main St,Philomath,OR,97370,44.54031,-123.370636
The Pahoa Village Museum,15-2931 Pahoa Village Rd,Pahoa,HI,96778,19.494051,-154.94592
Haw River Historical Museum,201 E Main St,Haw River,NC,27258,36.090508,-79.365524
Curious Museum,1301 S Royall St,Palestine,TX,75801,31.744627,-95.62414
Bonita Historical Museum,4355 Bonita Rd,Bonita,CA,91902,32.661198,-117.03226
Smith Museum-Stained Glass Wnd,600 E Grand Ave,Chicago,IL,60611,41.89199,-87.6095
Mechanicsburg Museum Association,2 W Strawberry Ave,Mechanicsburg,PA,17055,40.213985,-77.00859
Siskiyou County Museum,910 S Main St,Yreka,CA,96097,41.72419,-122.63866
Box Elder Museum,641 E 200 N,Brigham City,UT,84302,41.51539,-112.00564
Salem Witch Museum,19 1/2 Washington Sq,Salem,MA,01970,42.523487,-70.89116
Leatherstocking Railway Museum,6379 State Highway 7,Maryland,NY,12116,42.492897,-74.96476
Northport Heritage Museum,1991 Park St,Northport,AL,35476,33.22341,-87.57814
Hinsdale County Museum,130 N Silver St,Lake City,CO,81235,38.02695,-107.31796
University Museum,70 Hairpin Dr,Edwardsville,IL,62025,38.804966,-89.9637
Rochester Childrens Museum,250 Cumberland St,Rochester,NY,14605,43.16172,-77.60528
Lithuanian Museum,5620 S Claremont Ave,Chicago,IL,60636,41.791664,-87.68276
National Buffalo Museum,500 17th St SE,Jamestown,ND,58401,46.890987,-98.70581
Beneski Museum-Natural History,11 Barrett Hill Rd,Amherst,MA,01002,42.371967,-72.51418
W E Hose and Fire Co #3 Museum,1046 Howard Ave,Biloxi,MS,39530,30.398449,-88.90061
Wabash County Museum District,320 N Market St,Mount Carmel,IL,62863,38.408497,-87.76056
Fargo Air Museum,1609 19th Ave N,Fargo,ND,58102,46.904957,-96.80346
Norton Simon Museum of Art,411 W Colorado Blvd,Pasadena,CA,91105,34.14587,-118.15912
Cornell Fine Arts Museum,1000 Holt Ave,Winter Park,FL,32789,28.592,-81.36032
John Brown Wax Museum,168 High St,Harpers Ferry,WV,25425,39.32381,-77.73128
The Little Wiz Fire Museum,326 E Smith Rd,Medina,OH,44256,41.136127,-81.85986
Broad Contemporary Art Museum,5905 Wilshire Blvd,Los Angeles,CA,90036,34.062805,-118.358154
Darnall's Chance House Museum,14800 Governor Oden Bowie Dr,Upper Marlboro,MD,20772,38.818714,-76.75048
Mandarin Museum and Historical,12471 Mandarin Rd,Jacksonville,FL,32223,30.161247,-81.65891
Children's Museum of Cleveland,10730 Euclid Ave,Cleveland,OH,44106,41.50355,-81.61278
Forever Curious Children's Museum,202 E Main St,Fennville,MI,49408,42.59414,-86.10358
Whippany Railway Museum,1 Railroad Plz,Whippany,NJ,07981,40.822433,-74.40877
Golden Pioneer Museum,35930 State Highway 86,Golden,MO,65658,36.508713,-93.65187
Labor & Industry Museum,123 N Church St,Belleville,IL,62220,38.515244,-89.98037
Brooks Academy Museum,80 Parallel St,Harwich,MA,02645,41.685375,-70.07661
Myrtle Beach Pinball Museum,607 27th Ave N,Myrtle Beach,SC,29577,33.71074,-78.86954
North Star Museum of Scouting,2640 7th Ave E,Saint Paul,MN,55109,45.01494,-92.987114
National Yo-Yo Contest and Museum,320 Broadway St,Chico,CA,95928,39.728725,-121.84039
Museum Winnebago,36 Main St N,Winnebago,MN,56098,43.768253,-94.16553
Tamaqua Historical Society Museum,37 W Broad St,Tamaqua,PA,18252,40.797344,-75.97117
Hauberg Museum,1510 46th Ave,Rock Island,IL,61201,41.465347,-90.57714
Museum of the Bible,400 4th St SW,Washington,DC,20024,38.884254,-77.01738
Waterloo Museum of Arts,225 Commercial St,Waterloo,IA,50701,42.497257,-92.34265
Museum of East Alabama,121 S 9th St,Opelika,AL,36801,32.647,-85.380135
Raymond Museum,31956 Road 608,Raymond,CA,93653,37.2127,-119.90718
Fortde Buade Museum,334 N State St,Saint Ignace,MI,49781,45.868797,-84.72859
Ontonagon County Historical Museum,422 River St,Ontonagon,MI,49953,46.872364,-89.31649
New England Quilt Museum,18 Shattuck St,Lowell,MA,01852,42.6453,-71.312126
Richardson Asian Art Museum,4770 S Harvard Ave,Tulsa,OK,74135,36.09413,-95.94032
New Almaden Mercury Mining Museum,21570 Almaden Rd,San Jose,CA,95120,37.176483,-121.82189
Fort St Joseph Museum,508 E Main St,Niles,MI,49120,41.829746,-86.2538
Museum at Mountain Home,53 Lincoln Avenue Ext Bldg 34,Johnson City,TN,37604,36.31489,-82.38081
Museum of Death,227 Dauphine St,New Orleans,LA,70112,29.955748,-90.06985
Louisiana History Museum,503 Washington St,Alexandria,LA,71301,31.30929,-92.44448
Fred M Vinson Museum-Welcome,315 E Madison St,Louisa,KY,41230,38.115265,-82.601875
The Hollywood Museum,1660 N Highland Ave,Los Angeles,CA,90028,34.100746,-118.338524
Fort Lewis Military Museum,4320 Main St,Joint Base Lewis Mcchord,WA,98433,47.0952,-122.5859
San Diego Police Museum,4710 College Ave,San Diego,CA,92115,32.762897,-117.06705
McHenry Museum,1402 I St,Modesto,CA,95354,37.642414,-120.995056
Stone House Museum,241 5th St,Marine On Saint Croix,MN,55047,45.19989,-92.771835
Rangely Museum,200 Kennedy Dr,Rangely,CO,81648,40.085693,-108.78635
San Gabriel Mission Museum,427 Junipero Serra Dr,San Gabriel,CA,91776,34.096912,-118.10568
Skirball Museum,3101 Clifton Ave,Cincinnati,OH,45220,39.137936,-84.52
Salt Creek Museum,531 Peake St,Midwest,WY,82643,43.412968,-106.27709
Al Museum of Health Sciences,1700 University Blvd,Birmingham,AL,35294,33.503,-86.80304
The Metropolitan Museum of Art,1000 5th Ave,New York,NY,10028,40.778423,-73.96246
Museum of Russian Art,80 Grand St,Jersey City,NJ,07302,40.715343,-74.036964
Robert Henri Museum,218 E 8th St,Cozad,NE,69130,40.859673,-99.98414
Ralph Stanley Museum,249 Clintwood Main St,Clintwood,VA,24228,37.149807,-82.457214
National Museum of Wildlife Art,2820 Rungius Rd,Jackson,WY,83001,43.520565,-110.74783
Lchs Lehigh County Museum,414 W Walnut St,Allentown,PA,18102,40.602245,-75.46517
Whatcom Museum,250 Flora St,Bellingham,WA,98225,48.753,-122.47933
Children's Museum of Skagit County,432 Fashion Way,Burlington,WA,98233,48.45737,-122.33602
Coolspring Power Museum,179 Coolspring Rd,Coolspring,PA,15730,41.04208,-79.08409
Roebling Museum,100 2nd Ave,Roebling,NJ,08554,40.118774,-74.77318
Alton Museum of History & Art,2809 College Ave,Alton,IL,62002,38.903404,-90.14483
Storrs House Museum,697 Longmeadow St,Longmeadow,MA,01106,42.051865,-72.58216
US Army Transportation Museum,300 Washington Blvd,Fort Eustis,VA,23604,37.171978,-76.57144
Bushwhacker Museum,212 W Walnut St,Nevada,MO,64772,37.83943,-94.3582
Belmont Melchers Museum,224 Washington St,Fredericksburg,VA,22405,38.32533,-77.47312
The La Pointe-Krebs House & Museum,4602 Fort St,Pascagoula,MS,39567,30.37875,-88.55803
Lucretia Vaile Museum,66 Lower Glenway St,Palmer Lake,CO,80133,39.11985,-104.91511
The Dixon History Museum,125 W A St,Dixon,CA,95620,38.445423,-121.82276
Clinton Engines Museum,607 E Maple St,Maquoketa,IA,52060,42.06605,-90.65841
Alfred Shaker Museum,118 Shaker Hill Rd,Alfred,ME,04002,43.500305,-70.71569
Madam CJ Walker Museum,54 Hilliard St NE,Atlanta,GA,30312,33.7557,-84.37675
Cottage Grove Museum & Annex,147 H St & Birch Ave,Cottage Grove,OR,97424,43.7603,-123.0538
Bruce Museum Inc,Museum Dr,Greenwich,CT,06830,41.019028,-73.62316
Core Sound Waterfowl Museum,1785 Island Rd,Harkers Island,NC,28531,34.685524,-76.52837
Lander Childrens Museum,465 Lincoln St,Lander,WY,82520,42.83477,-108.73408
Oriskany Museum,420 Utica Rd,Utica,NY,13502,43.12103,-75.22186
Holland Museum,31 W 10th St,Holland,MI,49423,42.78859,-86.108665
Official Bad Art Museum of Art,5828 Roosevelt Way NE,Seattle,WA,98105,47.671307,-122.31716
Tennessee Central Railway Museum,220 Willow St,Nashville,TN,37210,36.154957,-86.754555
North Platte Childrens Museum,314 N Jeffers St,North Platte,NE,69101,41.136086,-100.76355
Neustadt Museum Collect,526 46th Ave,Astoria,NY,11101,40.747173,-73.95494
Pharmacy Museum of Quy Adms,1001 N 5th St,Quincy,IL,62301,39.943295,-91.408455
Museum of International Propaganda,1000 5th Ave,San Rafael,CA,94901,37.97422,-122.52696
Hermitage Museum and Gardens,7637 N Shore Rd,Norfolk,VA,23505,36.912952,-76.31226
Stone House Museum,255 W Main St S,Vale,OR,97918,43.980698,-117.24699
Rattlesnake Museum,202 San Felipe St NW,Albuquerque,NM,87104,35.09543,-106.669304
Children's Museum of Treasure Coast,1707 NE 22nd Dr,Jensen Beach,FL,34957,27.226292,-80.22208
Arnett's Doll Museum,2005 Eastern Ave # B,Newport,AR,72112,35.6241,-91.2475
University of NM Art Museum,1909 Las Lomas Rd NE,Albuquerque,NM,87106,35.086956,-106.621704
Northern Waters Museum,6490 Chippewa Dr,Land O Lakes,WI,54540,46.158188,-89.22607
Northwest Railway Museum,38625 SE King St,Snoqualmie,WA,98065,47.528667,-121.825424
Remember When Agriculture Museum,325 Westwood Ave,Orrville,OH,44667,40.83732,-81.77672
Dahesh Museum Inc,178 E 64th St,New York,NY,10065,40.764854,-73.96509
Department of the Interior Museum,1849 C St NW,Washington,DC,20240,38.893658,-77.04259
Van Wyck Homestead Museum,Routes 9 & 84,Fishkill,NY,12524,41.5359,-73.897
Huntington Homestead Museum,36 Huntington Rd,Scotland,CT,06264,41.698544,-72.08539
Frazetta Art Museum,141 Masons Dr,East Stroudsburg,PA,18302,41.0732,-75.18977
Whitney Museum Of American Art,100 Lafayette St Ste 5,New York,NY,10013,40.717842,-74.001274
Casey Jones Home & Railroad Museum,30 Casey Jones Ln,Jackson,TN,38305,35.66041,-88.85503
Hinton Railroad Museum,206 Temple St,Hinton,WV,25951,37.67376,-80.890854
Scotts Run Museum And Trail,465 Scotts Run Rd,Osage,WV,26543,39.65917,-80.00844
The Old Cathedral Museum,209 Walnut St,Saint Louis,MO,63102,38.62408,-90.18762
Jean Laffite Museum,4917 City Park Dr,Lafitte,LA,70067,29.736397,-90.12609
San Jose Museum of Art,110 S Market St,San Jose,CA,95113,37.33357,-121.89043
Museum of Florida History,State House 409 The Capitol,Tallahassee,FL,32399,30.4621,-84.2285
Smoky Mountain Car Museum,2970 Parkway,Pigeon Forge,TN,37863,35.796036,-83.56509
Tarpon Springs Heritage Museum,100 Beekman Ln,Tarpon Springs,FL,34689,28.146513,-82.76029
Deer Park Winery & Auto Museum,29013 Champagne Blvd,Escondido,CA,92026,33.23929,-117.147415
Mccook County Museum,44476 251st St,Salem,SD,57058,43.746067,-97.31377
Veterans Museum and Memorial Center,2115 Park Blvd,San Diego,CA,92101,32.726913,-117.14865
Blue Water Majesty Museum,2810 Columbus Rd NE,Canton,OH,44705,40.837826,-81.3339
Catoosa Historical Society Museum,207 N Cherokee St,Catoosa,OK,74015,36.1908,-95.745094
Columbia Fire Museum,1800 Laurel St,Columbia,SC,29201,34.01216,-81.027275
Mizel Museum,10 40th St,Pittsburgh,PA,15201,40.471558,-79.96612
Salt and Pepper Shaker Museum,461 Brookside Village Way,Gatlinburg,TN,37738,35.716076,-83.50252
Asian Art Museum Inc,4051 Judah St,San Francisco,CA,94122,37.760323,-122.50523
Smith County Heritage Museum,107 Third Ave E,Carthage,TN,37030,36.252182,-85.95128
Hallmark Museum-Contemporary,85 Avenue A,Turners Falls,MA,01376,42.60825,-72.55651
Portland Art Museum,1219 SW Park Ave,Portland,OR,97205,45.516884,-122.682884
Duperre Museum of Fine Arts,401 E Main St Ste 2,Johnson City,TN,37601,36.319195,-82.3463
New York Museum of Transportation,6393 E River Rd,West Henrietta,NY,14586,43.0176,-77.70883
National Hellenic Museum,333 S Halsted St,Chicago,IL,60661,41.87717,-87.64706
Blennerhassett Museum,137 Juliana St,Parkersburg,WV,26101,39.26452,-81.565735
Frontier Historical Museum,1001 Colorado Ave,Glenwood Springs,CO,81601,39.543953,-107.32605
Ukrainian Museum & Library,161 Glenbrook Rd,Stamford,CT,06902,41.060207,-73.52639
Ipswich Museum,54 S Main St,Ipswich,MA,01938,42.677235,-70.83648
Goshen Historical Commission Museum,13 Main St,Goshen,MA,01032,42.437305,-72.79855
American Alliance of Museums,2451 Crystal Dr,Arlington,VA,22202,38.85238,-77.04958
Skagit County Historical Museum,501 S 4th St,La Conner,WA,98257,48.390556,-122.49368
Amazement Square Children's Museum,27 9th St,Lynchburg,VA,24504,37.416195,-79.14017
Lenoir City Museum and Cotton,110 Depot St,Lenoir City,TN,37771,35.790604,-84.26512
Old Schoolhouse Museum,6760 National Park Dr,Twentynine Palms,CA,92277,34.13204,-116.04748
Petersen Rock Garden and Museum,7930 SW 77th St,Redmond,OR,97756,44.202896,-121.263405
The Country Doctor Museum,7089 Peele Rd,Bailey,NC,27807,35.778877,-78.12251
Andrew Johnston House Museum,208 N Main St,Pearisburg,VA,24134,37.32778,-80.73567
Islip Town Firefighters Museum,4 Court House Dr,Central Islip,NY,11722,40.764217,-73.193115
Roanoke Visitor Center and Museum,114 N Oak St,Roanoke,TX,76262,32.998825,-97.22896
Warbirds West Air Museum,1554 N Linden Ave,Rialto,CA,92376,34.12617,-117.40119
Seneca Iroquois National Museum,794 Broad St,Salamanca,NY,14779,42.159126,-78.74606
Science Museum of Minnesota,120 Kellogg Blvd W,Saint Paul,MN,55102,44.943172,-93.098526
Polk County Museum,PO Box 41,Balsam Lake,WI,54810,45.4507,-92.454
The Prattaugan Museum,102 E Main St,Prattville,AL,36067,32.45955,-86.47262
Museum of Latin American Art,628 Alamitos Ave,Long Beach,CA,90802,33.77453,-118.18028
Mayborn Museum Complex,1300 S University Parks Dr,Waco,TX,76706,31.551512,-97.11517
Schmidt House Museum & Barn,512 SW 5th St,Grants Pass,OR,97526,42.43679,-123.33009
Old Capitol Museum,100 S State St,Jackson,MS,39201,32.29906,-90.18026
Whitney Museum Of American Art,290 Park Ave S,New York,NY,10010,40.739403,-73.98723
Jefferson Museum of Art & History,540 Water St,Port Townsend,WA,98368,48.115997,-122.753075
Hoiles-Davis Museum,318 W Winter Ave,Greenville,IL,62246,38.889503,-89.413956
The Childrens Museum,100 Magazine St,Cambridge,MA,02139,42.360226,-71.109604
Thomas Warne Historical Museum,4216 Route 516,Old Bridge,NJ,08857,40.40161,-74.3067
American Museum of Peace Inc,4201 Cathedral Ave NW,Washington,DC,20016,38.93043,-77.0831
American Ginseng Museum,210 Post St Ste 411,San Francisco,CA,94108,37.788795,-122.40553
Elgin Fire Barn No 5 Museum,533 Saint Charles St,Elgin,IL,60120,42.02607,-88.26969
War Birds Museum,8220 Fuller St,Casper,WY,82604,42.902443,-106.45728
Cape River Heritage Museum,538 Independence St,Cape Girardeau,MO,63703,37.304134,-89.525055
Museum of Arts & Sciences,4182 Forsyth Rd,Macon,GA,31210,32.865597,-83.69344
City Museum Adm,1331 Algoma Blvd,Oshkosh,WI,54901,44.0325,-88.556755
Glnn Miller Birthplace Museum,100 N Cardinal Dr,Clarinda,IA,51632,40.738438,-95.04846
Springfield Museum of Art,107 Cliff Park Rd,Springfield,OH,45504,39.92949,-83.810265
Kane Historic Depot and Museum,1 S Fraley St,Kane,PA,16735,41.658966,-78.811195
Gila County Historical Museum,1330 N Broad St,Globe,AZ,85501,33.409687,-110.79497
Lewis and Clark Country Pnr Museum,800 W Main St,Pomeroy,WA,99347,46.47418,-117.59846
National World War I Museum,2 Memorial Dr,Kansas City,MO,64108,39.076965,-94.58694
Museum Services,9611 Clearview Pl,Silver Spring,MD,20901,39.013756,-77.007164
White River Valley Museum,918 H St SE,Auburn,WA,98002,47.299614,-122.218544
Firehouse No 3 Museum,700 6th St,Racine,WI,53403,42.72632,-87.78851
Golden State Museum,1020 O St,Sacramento,CA,95814,38.57455,-121.49555
Museum Melrose Area,518 2nd St SE,Melrose,MN,56352,45.67247,-94.80697
Oregon Trail Museum,103 Bell Rd,Bridgeport,NE,69336,41.679455,-103.09502
Marietta Museum-Art & Whimsy,2005 N Tamiami Trl,Sarasota,FL,34234,27.355059,-82.547646
Victorian House Museum,484 Wooster Rd,Millersburg,OH,44654,40.55931,-81.91846
Cape Cod Children's Museum,577 Great Neck Rd S,Mashpee,MA,02649,41.589924,-70.47675
Childrens Museum of Richmond,2200 Old Brick Rd,Glen Allen,VA,23060,37.647537,-77.60041
Lynn H Wood Archaeological Museum,Hackman Hall,Collegedale,TN,37315,35.053,-85.0502
River Heritage Museum,3 Lock And Dam Rd,Franklin,AL,36444,31.648947,-87.486786
Howe House Museum,66 Main St,Phelps,NY,14532,42.957172,-77.055756
Colorado Springs Military Museum,1250 Dragonman Dr,Colorado Springs,CO,80929,38.849564,-104.55401
Wornall House Museum,146 W 61st Ter,Kansas City,MO,64113,39.01677,-94.59116
Stevens Memorial Museum,307 E Market St,Salem,IN,47167,38.60561,-86.09804
Greensboro Historical Museum,130 Summit Avenue,Greensboro,NC,27401,36.075233,-79.7888
Sodus Bay Lighthouse Museum,7606 N Ontario St,Sodus Point,NY,14555,43.27385,-76.98656
Honolulu Law Enforcement Museum,801 S Beretania St,Honolulu,HI,96813,21.304296,-157.8511
Museum of African Culture,13 Brown St Ste 103,Portland,ME,04101,43.65621,-70.25985
Tupper General Merchandise Museum,311 N Main St,Jennings,LA,70546,30.222841,-92.658165
Museum of Modern Renaissance,115 College Ave,Somerville,MA,02144,42.399826,-71.118
Water Front Museum,290 Conover St,Brooklyn,NY,11231,40.675198,-74.0179
Cobb County Youth Museum,649 Cheatham Hill Dr SW,Marietta,GA,30064,33.941456,-84.5975
Creede Underground Mining Museum,503 Forest Service Rd,Creede,CO,81130,37.7948,-107.0046
Detroit Selfie Museum,27500 Novi Rd,Novi,MI,48377,42.489296,-83.475784
Stagecoach Museum,322 S Main St,Lusk,WY,82225,42.762054,-104.452324
Deposit Historical Museum,145 2nd St,Deposit,NY,13754,42.06268,-75.422966
Oregon Electric Railway Museum,3395 Brooklake Rd NE,Salem,OR,97303,45.049774,-122.99097
Fort Worth Modern Art Museum Assoc,3200 Darnell St,Fort Worth,TX,76107,32.7487,-97.363174
Aliveo Military Museum,321 Bush St,Red Wing,MN,55066,44.565098,-92.533646
Peggy Notebeart Nature Museum,1216 N Dearborn St,Chicago,IL,60610,41.904297,-87.630165
Alvin Museum Society,302 W Sealy St,Alvin,TX,77511,29.423939,-95.24604
Museum-Major League Baseball,619 Howard Ave,Saint Paul,NE,68873,41.213287,-98.457115
Lake Placid Olympic Museum,2634 Main St,Lake Placid,NY,12946,44.28399,-73.984535
Louisiana Museum,632 Dumaine St,New Orleans,LA,70116,29.959166,-90.062805
Tri-County Museum & Historical,508 N Grand St,King City,MO,64463,40.05578,-94.52124
Motor Transport Museum,31949 Highway 94,Campo,CA,91906,32.630116,-116.461044
Fairport Harbor Lighthouse Museum,129 2nd St,Fairport Harbor,OH,44077,41.756893,-81.2778
Mosby Museum,173 Main St,Warrenton,VA,20186,38.711468,-77.79055
Range Riders Museum,435 L P Anderson Rd,Miles City,MT,59301,46.401897,-105.86291
Fife History Museum,2820 54th Ave E,Fife,WA,98424,47.23185,-122.35719
RFD Postal Museum,19 S Main St,Morning Sun,IA,52640,41.095722,-91.25564
Centennial Village Museum,714 8th St,Greeley,CO,80631,40.424725,-104.68973
Mac Gregor Ranch Museum,180 Macgregor Ave,Estes Park,CO,80517,40.377525,-105.520645
American Museum Educational,824 Arlington Rd,Park Hills,KY,41011,39.07012,-84.52862
Museum of Woodcarving,539 Highway 63,Shell Lake,WI,54871,45.74797,-91.918785
Columbia Museum-Classic VHCLS,1505 Charleston Hwy,West Columbia,SC,29169,33.97371,-81.07644
Foreman Depot Museum,298 E Vine St,Vienna,IL,62995,37.415264,-88.89136
Wildling Museum of Art and Nature,1511 Mission Dr Ste B,Solvang,CA,93463,34.596203,-120.14482
Midwest Museum of Natural History,425 W State St,Sycamore,IL,60178,41.989212,-88.6888
Rocky Mountain Motorcycle Museum,19 North Tejon St,Colorado Springs,CO,80903,38.83432,-104.823326
Museum at the Portage,804 Macfarlane Rd,Portage,WI,53901,43.542957,-89.46526
National Churchill Museum,501 Westminster Ave,Fulton,MO,65251,38.84983,-91.95431
F. Brooke Whiting House and Museum,632 Washington St,Cumberland,MD,21502,39.652157,-78.777725
Lyman & Merrie Wood Museum,21 Edwards St,Springfield,MA,01103,42.104332,-72.586975
Dakota Discovery Museum,1300 E University Ave,Mitchell,SD,57301,43.69804,-98.02977
Hingham Museum,21 Lincoln St,Hingham,MA,02043,42.243736,-70.89196
Fort Lee Museum,1589 Parker Ave,Fort Lee,NJ,07024,40.848106,-73.96891
Museum of Northwest Colorado,590 Yampa Ave,Craig,CO,81625,40.51578,-107.54744
Denver Art Museum,802 W 4th Ave,Denver,CO,80223,39.722385,-104.99775
The Pope House Museum,511 S Wilmington St,Raleigh,NC,27601,35.773746,-78.63829
Boise Art Museum,670 E Julia Davis Dr,Boise,ID,83702,43.609627,-116.20682
Discovery Seashell Museum,2721 Asbury Ave,Ocean City,NJ,08226,39.25907,-74.602356
German-American Heritage Museum,719 6th St NW,Washington,DC,20001,38.899197,-77.01974
Wright Museum,29 E Wilson St,Madison,WI,53703,43.07297,-89.380424
Pocahontas Mine & Museum,11 Centre St,Pocahontas,VA,24635,37.302166,-81.33843
Millville Army Airfield Museum,1 Leddon St  Millville Airport,Millville,NJ,08332,39.3737,-75.0685
i.d.e.a. Museum,150 W Pepper Pl,Mesa,AZ,85201,33.41634,-111.83562
Maine Jewish Museum,267 Congress St,Portland,ME,04101,43.66224,-70.25253
Mickey's Museum,1224 Oak Ave,Hoxie,KS,67740,39.357468,-100.43761
Handweaving Museum,314 John St,Clayton,NY,13624,44.240997,-76.087036
Usga Golf Museum,4933 Jamesville Rd,Jamesville,NY,13078,43.010696,-76.07487
Tazewell County Museum,2950 Court St,Pekin,IL,61554,40.5503,-89.60846
Lacey City Museum,829 1/2 Lacey St SE,Lacey,WA,98503,47.03912,-122.80697
Sumner Ryan House Museum,1228 Main St,Sumner,WA,98390,47.20319,-122.23902
Sma Vwil Museum,227 Kable St,Staunton,VA,24401,38.153576,-79.06796
Bidwell House Museum,100 Art School Rd,Monterey,MA,01245,42.20521,-73.21586
California State Capitol Museum,1315 10th St Rm B-27,Sacramento,CA,95814,38.57657,-121.49492
Willapa Seaport Museum,310 Alder St,Raymond,WA,98577,46.68414,-123.73402
Norhteast Ohio Museum,6807 Boneta Rd,Medina,OH,44256,41.089054,-81.77589
San Antonio Museum of Art,200 W Jones Ave,San Antonio,TX,78215,29.436934,-98.481834
White County Museum,101 S Bluff St,Monticello,IN,47960,40.74478,-86.760185
Pickford Area Historical Museum,175 E Main St,Pickford,MI,49774,46.15812,-84.35984
Golden Age Air Museum,371 Airport Rd,Bethel,PA,19507,40.487007,-76.26867
Marlboro County Historical Museum,123 S Marlboro St,Bennettsville,SC,29512,34.616146,-79.68297
Mayville Limestone School Museum,803 Kekoskee St,Mayville,WI,53050,43.507065,-88.554825
Etsu Natural History Museum,1212 Suncrest Dr,Johnson City,TN,37615,36.386322,-82.49909
River of Time Museum,12901 N La Montana Dr,Fountain Hills,AZ,85268,33.60357,-111.72204
Dupage County Historical Museum,1777 S Blanchard St,Wheaton,IL,60189,41.836475,-88.10019
Trustees of The Berkshire Museum,39 South St,Pittsfield,MA,01201,42.447285,-73.254
Museum At The Carnegie,207 S Lincoln St,Port Angeles,WA,98362,48.11701,-123.43261
Old Courthouse Museum,211 W Santa Ana Blvd,Santa Ana,CA,92701,33.74987,-117.86916
Branson Centennial Museum,120 S Commercial St,Branson,MO,65616,36.643887,-93.216835
Florida Maritime Museum,4415 119th St W,Cortez,FL,34215,27.468243,-82.68081
Pamlico County History Museum,10642 Nc 55 Hwy,Grantsboro,NC,28529,35.139904,-76.84576
Meadows Museum,5900 Bishop Blvd,Dallas,TX,75205,32.838306,-96.78485
Jerry Colangelo Museum,3300 W Camelback Rd,Phoenix,AZ,85017,33.509583,-112.13004
Dr.Carter G. Woodson Museum,2240 9th Ave S,St Petersburg,FL,33712,27.76096,-82.66346
Regional Military Museum,1154 Barrow St,Houma,LA,70360,29.588486,-90.72073
Longmont Museum & Cultural Center,400 Quail Rd,Longmont,CO,80501,40.145283,-105.1007
Climbing Tree Children's Museum,413 N 1st St,Montrose,CO,81401,38.480522,-107.877396
Nodaway Vly Historical Museum,1600 S 16th St,Clarinda,IA,51632,40.72292,-95.037766
Hunter House Museum,500 W Maple Rd,Birmingham,MI,48009,42.54665,-83.219765
Teton Valley Historical Museum,137 N Highway 33,Driggs,ID,83422,43.71527,-111.11089
Tanker 61 Memorial/Museum,6300 Summers Ln,Klamath Falls,OR,97603,42.1703,-121.73773
Hickories Museum,509 Washington Ave,Elyria,OH,44035,41.374664,-82.1062
Danforth Museum,123 Union Ave,Framingham,MA,01702,42.281315,-71.41842
His Lordship's Kindness Museum,7606 Woodyard Rd,Clinton,MD,20735,38.78433,-76.845314
Putnam County Foundry School Museum,63 Chestnut St,Cold Spring,NY,10516,41.416977,-73.95007
Boonshoft Museum of Discovery,1465 Upper Valley Pike,Springfield,OH,45504,39.946682,-83.852875
Ocean Isle Museum,21 E Second St,Ocean Isle Beach,NC,28469,33.888912,-78.43481
Millicent Rogers Museum,1504 Weimer Rd,Taos,NM,87571,36.366177,-105.574486
Houston Museum of Natural Science,5555 Hermann Park Dr,Houston,TX,77030,29.721235,-95.389496
Boonton Historical Society & Museum,210 Main St,Boonton,NJ,07005,40.902916,-74.40789
Dearborn Historical Museum,915 S Brady Rd,Dearborn,MI,48124,42.308,-83.24022
Museums in the Park,125 E Monroe St,Chicago,IL,60603,41.88071,-87.62354
Mound State Monument Museum,1499 Mound State Pkwy,Moundville,AL,35474,33.005215,-87.63522
Indian Pay Station Museum,111 E Mission St,Saint Marys,KS,66536,39.192192,-96.06301
Staley Museum Foundation,839 SE Klemgard St,Pullman,WA,99163,46.71639,-117.168755
Veterans Memorial Museum,100 SW Veterans Way,Chehalis,WA,98532,46.65426,-122.97722
New Palestine History Museum,11 E Main St,New Palestine,IN,46163,39.720818,-85.88933
Habitot Children's Museum,2065 Kittredge St,Berkeley,CA,94704,37.86856,-122.26843
Rocky Mount Museum,200 Hyder Hill Rd,Piney Flats,TN,37686,36.406143,-82.33648
Sod House Museum,4628 State Highway 8,Aline,OK,73716,36.465656,-98.42623
Mayhouse Living History Museum,220 E Porter St,Prestonsburg,KY,41653,37.684937,-82.7807
North Carolina Museum of History,5 East Edenton Street,Raleigh,NC,27601,35.78186,-78.63858
Floral City Heritage Museum,8394 E Orange Ave,Floral City,FL,34436,28.750074,-82.29563
Bjorlee Museum,101 Clarke Pl,Frederick,MD,21701,39.40803,-77.41001
Jeanerette Museum,500 Main St,Jeanerette,LA,70544,29.909203,-91.6609
McGill Drugstore Museum,11 4th St,Mc Gill,NV,89318,39.40436,-114.778915
Amache Museum,105 E Goff Ave,Granada,CO,81041,38.062557,-102.3092
Cotton Club Museum,837 SW 7th Ave,Gainesville,FL,32601,29.645317,-82.333405
Museums Alaska,8916 Gloralee St,Anchorage,AK,99502,61.139965,-149.95964
Museum Tools,55 Essex St,San Anselmo,CA,94960,37.977543,-122.55944
Iberville Museum,57735 Main St,Plaquemine,LA,70764,30.291845,-91.23393
Crivitz Area Museum,104 Oak St,Crivitz,WI,54114,45.226803,-87.998726
Sac City Museum,1301 W Main St,Sac City,IA,50583,42.422558,-94.999596
Martin Home Place Museum,203 Martin Place Rd,Columbia,LA,71418,32.12425,-92.06925
Morristown Gateway Museum,309 Gouverneur St,Morristown,NY,13664,44.588123,-75.6487
Museum of Trade Finance and the Fed,525 Saint Charles Ave,New Orleans,LA,70130,29.948565,-90.07105
Alden House Museum,105 Alden St,Duxbury,MA,02332,42.04631,-70.68552
McGregor Historical Museum,256 Main St,Mc Gregor,IA,52157,43.023384,-91.177086
Georgia Museum Of Art,200 D W Brooks Dr,Athens,GA,30602,33.945595,-83.37466
1839 Court House Museum,313 S Cass St,Berrien Springs,MI,49103,41.9447,-86.33713
Susan B Anthony Birthplace Museum,67 East Rd,Adams,MA,01220,42.615566,-73.10235
The American Wedding Museum,1120 Oak Overhang St,Daniel Island,SC,29492,32.845604,-79.91207
Delaware Art Museum,2301 Kentmere Pkwy,Wilmington,DE,19806,39.76507,-75.56499
Woodville Historical Museum,13455 County Road 8,Woodville,AL,35776,34.627674,-86.27439
Sleepy Eye Depot Museum,100 Oak St NW,Sleepy Eye,MN,56085,44.298393,-94.72309
Vilas County Historical Museum,2889 State Highway 155,Sayner,WI,54560,45.985832,-89.53175
Bay Area Discovery Museum,557 McReynolds Rd,Sausalito,CA,94965,37.837177,-122.48063
Historic Cane Hill Museum,14335 Highway 45,Canehill,AR,72717,35.90906,-94.396645
Museum of Imajewnation,225 Bellington Ln,Saint Louis,MO,63141,38.651604,-90.46131
Hatfield Historical Museum,39 Main St,Hatfield,MA,01038,42.370014,-72.59689
New England Motorcycle Museum,200 W Main St,Vernon Rockville,CT,06066,41.865467,-72.46042
Antique Car Museum,3550 Mahan Dr,Tallahassee,FL,32308,30.464458,-84.2165
Wyandot Popcorn Museum,169 E Church St,Marion,OH,43302,40.587208,-83.12682
Jane Addams Hull-House Museum,800 S Halsted St,Chicago,IL,60607,41.87154,-87.64729
Aztec Museum,125 N Main Ave,Aztec,NM,87410,36.822746,-107.99505
Springs Museum,1711 Springs Rd,Springs,PA,15562,39.73332,-79.14875
Museum of Kansas National Guard,6700 SW Topeka Blvd,Topeka,KS,66620,38.946404,-95.68695
Albinger Archaeological Museum,113 E Main St,Ventura,CA,93001,34.280994,-119.29874
City of Mobile Museums,256 N Joachim St,Mobile,AL,36603,30.695532,-88.045685
La Porte City Ffa AG Museum,408 Main St,La Porte City,IA,50651,42.314373,-92.19079
Ocean View Station Museum,111 W Ocean View Ave,Norfolk,VA,23503,36.954384,-76.251816
Drew County Historical Museum,404 S Main St,Monticello,AR,71655,33.62312,-91.79174
Melcher Museum,109 S Iowa Ave,Platte,SD,57369,43.390022,-98.837654
Gregg County Historical Museum,214 N Fredonia St,Longview,TX,75601,32.495403,-94.73829
Babe Didrikson Zaharias Museum,1750 Interstate 10 E,Beaumont,TX,77703,30.096458,-94.11526
Military Veterans Museum Inc,1 City Ctr,Oshkosh,WI,54901,44.016388,-88.54042
Dillon County Museum,101 S Marion St,Latta,SC,29565,34.338512,-79.434364
Seven Valleys Museum,78545 Rd 417,Callaway,NE,68825,41.20612,-100.063835
Hutson Museum,4967 Baseline Dr,Mount Hood Parkdale,OR,97041,45.519474,-121.59614
Nebraska Masonic Library and Museum,1240 N 10th St,Lincoln,NE,68508,40.82632,-96.70675
Heard Museum North,32633 N Scottsdale Rd,Scottsdale,AZ,85266,33.781425,-111.92564
Saginaw Art Museum,1126 N Michigan Ave,Saginaw,MI,48602,43.424564,-83.953606
Tooele Pioneer Museum,47 E Vine St,Tooele,UT,84074,40.530743,-112.29684
Dinosaur Museum,2020 W 76 Country Blvd,Branson,MO,65616,36.640633,-93.25803
Ouray County Ranch History Museum,321 Sherman St,Ridgway,CO,81432,38.151546,-107.75399
Clay Township Museum & Library,10801 N College Ave,Indianapolis,IN,46280,39.943928,-86.145744
Treganza Anthropology Museum,1600 Holloway Ave,San Francisco,CA,94132,37.72099,-122.47719
Jacqueline House Museum,1325 Main St,Vicksburg,MS,39183,32.353325,-90.87393
Museum of Geology,501 E Saint Joseph St,Rapid City,SD,57701,44.07619,-103.207565
Dallas County Museum,211 N Main St,Fordyce,AR,71742,33.81214,-92.41208
Mooney Sarah A Memorial Museum,542 W D St,Lemoore,CA,93245,36.301304,-119.78883
Ulrich Museum of Art,1845 Fairmount St,Wichita,KS,67260,37.716442,-97.2969
Gordon Parks Museum,2108 Horton St,Fort Scott,KS,66701,37.81605,-94.71388
The Museum Group,230 W 39th St,New York,NY,10018,40.75446,-73.98949
Riverside Museum,410 Veterans Memorial Dr,La Crosse,WI,54601,43.817688,-91.25615
Cookeville History Museum,40 E Broad St,Cookeville,TN,38501,36.16343,-85.504715
Switzerland County Museum,210 E Market St,Vevay,IN,47043,38.74787,-85.06506
Wisconsin Historical Museum,30 N Carroll St,Madison,WI,53703,43.074272,-89.386
Oliver House Museum,107 Chapel St,Penn Yan,NY,14527,42.66315,-77.056465
Pawnee County Historical Museum,513 6th St,Pawnee,OK,74058,36.33303,-96.804474
Fountain Inn Museum,102 Depot St,Fountain Inn,SC,29644,34.69291,-82.20013
Elkhart County Historical Museum,304 E Vistula St,Bristol,IN,46507,41.72165,-85.81483
Luray Valley Museum & Gardens,100 Cave Hill Rd,Luray,VA,22835,38.66556,-78.48288
Washtucna Historical Museum,287 SW Main St,Washtucna,WA,99371,46.750797,-118.31565
Waukesha County Historical Museum,101 W Main St,Waukesha,WI,53186,43.0126,-88.22723
Montshire Museum of Science,1 Montshire Rd,Norwich,VT,05055,43.7,-72.30564
Fort King George Museum,1600 Wayne St,Darien,GA,31305,31.36747,-81.42699
Train Museum,495 US Highway 202,Flemington,NJ,08822,40.515476,-74.821365
Kankakee County Museum,801 S 8th Ave,Kankakee,IL,60901,41.112476,-87.87795
Linn County Museum,307 Park Ave,Council Grove,KS,66846,38.66519,-96.48513
Mountain Life Museum,998 Levi Jackson Mill Rd,London,KY,40744,37.083984,-84.05465
Heen Farms and Museum,88583 County Road 37,Maynard,MN,56260,44.872204,-95.46413
Counting House Museum,Main & Liberty Sts,South Berwick,ME,03908,43.2305,-70.7804
Murphy Auto Museums,2230 Statham Blvd,Oxnard,CA,93033,34.17876,-119.16559
Museum of World Treasures,835 E 1st St N,Wichita,KS,67202,37.687946,-97.32839
Los Angeles Police Museum,6045 York Blvd,Los Angeles,CA,90042,34.11797,-118.18782
Lepanto USA Museum,310 Greenwood Ave,Lepanto,AR,72354,35.610676,-90.33065
Old Jail Museum,129 Jones St,Sandersville,GA,31082,32.983845,-82.81229
Geology Museum,1215 W Dayton St,Madison,WI,53706,43.070904,-89.40607
Stanley Steamcar Museum,333 E Wonderview Ave,Estes Park,CO,80517,40.380833,-105.519745
Hillforest House Museum,213 5th St,Aurora,IN,47001,39.053425,-84.90046
Childrens Museum of Lancaster,721 Landis Valley Rd,Lancaster,PA,17601,40.093758,-76.28374
Peabody Historical Museum,106 W Division Ave,Peabody,KS,66866,38.167484,-97.10702
Wilderness Road Regional Museum,5240 Wilderness Rd,Dublin,VA,24084,37.07324,-80.691154
Sanford Historical Museum,2222 N Smith St,Sanford,MI,48657,43.67682,-84.38841
Newport Harbor Nautical Museum,600 E Bay Ave,Newport Beach,CA,92661,33.603115,-117.90039
US Naval Academy Museum,118 Maryland Ave,Annapolis,MD,21402,38.982204,-76.48707
Duluth Children's Museum,2125 W Superior St,Duluth,MN,55806,46.76641,-92.1252
Underpenny Museum,1013 50th Ave,Long Island City,NY,11101,40.742744,-73.953445
Tipton County Museum,751 Bert Johnston Ave,Covington,TN,38019,35.556202,-89.6596
Averasboro Battlefield & Museum,3300 Nc 82,Dunn,NC,28334,35.26665,-78.67176
Platte County Museum,2916 16th St,Columbus,NE,68601,41.432434,-97.36362
Sc State Museum,1026 Sumter St,Columbia,SC,29201,33.999462,-81.030716
Museum of Divine Statues,12905 Madison Ave,Lakewood,OH,44107,41.476814,-81.778435
American Museum-Natrl History,16 W 16th St,New York,NY,10011,40.73773,-73.99401
Bonneville Speedway Museum,900 Wendover Blvd,Wendover,UT,84083,40.737617,-114.03008
Glendo Historical Museum,Yellowstone Ave,Glendo,WY,82213,42.4961,-104.9863
Henry Thomas Museum,N King St,Wyanet,IL,61379,41.36552,-89.58194
Hollywood Movie Costume Museum,116 N Ruby Ave,Ruleville,MS,38771,33.726257,-90.55149
Mendocino County Museum,400 E Commercial St,Willits,CA,95490,39.41274,-123.34601
China Lake Museum Foundation,130 E Las Flores Ave,Ridgecrest,CA,93555,35.62808,-117.66766
Ragtops Automobile Museum,420 Claremore Dr,West Palm Beach,FL,33401,26.694387,-80.05484
Yanks Air Museum,13470 Dalewood St,Baldwin Park,CA,91706,34.06601,-117.98156
Massena Museum,79 Main St,Massena,NY,13662,44.930634,-74.89242
Castle Museum,310 2nd Ave NE,White Sulphur Springs,MT,59645,46.55035,-110.900894
Phillips County Museum,431 N 1st St E,Malta,MT,59538,48.360466,-107.86672
Lunney Museum,211 W South 1st St,Seneca,SC,29678,34.683132,-82.956535
Banneker-Douglass Museum,200 Westgate Cir,Annapolis,MD,21401,38.976307,-76.50531
Vicksburg Battlefield Museum,1010 Levee St,Vicksburg,MS,39183,32.352882,-90.88258
Carolinas Aviation Museum,1026 Jay St,Charlotte,NC,28208,35.234917,-80.872665
North Carolina Maritime Museum,315 Front St,Beaufort,NC,28516,34.717728,-76.66685
James Madison Museum,129 Caroline St,Orange,VA,22960,38.243187,-78.11323
Middlebury College Museum of Art,72 Porter Field Rd,Middlebury,VT,05753,44.005386,-73.17551
Fort Leboeuf Museum,103 S High St,Waterford,PA,16441,41.94019,-79.98259
Belhaven Memorial Museum,211 E Main St,Belhaven,NC,27810,35.53902,-76.62156
Puget Sound Coast Artillery Museum,200 Battery Way,Port Townsend,WA,98368,48.13426,-122.76498
Grand Rapids Art Museum,101 Monroe Center St NW,Grand Rapids,MI,49503,42.96531,-85.67082
Sweet Vale of Avoca Museum,504 N Elm St,Avoca,IA,51521,41.48064,-95.339485
Cherokee Strip Museum,2617 W Fir St,Perry,OK,73077,36.289696,-97.32159
Freedom Museum,505 Main St,Freedom,OK,73842,36.76885,-99.1153
Hall of Fame & Classic Car Museum,1 Speedway Dr,Weedsport,NY,13166,43.056126,-76.54716
Rowan Museum,202 N Main St,Salisbury,NC,28144,35.668495,-80.46872
Sanger Depot Museum,1770 7th St,Sanger,CA,93657,36.70604,-119.56247
George Westinghouse Museum,325 Commerce St,Wilmerding,PA,15148,40.392532,-79.808334
Sierra Nevada Logging Museum,2184 Dunbar Road,Arnold,CA,95223,38.2656,-120.34177
Readington Township Museums,114 Dreahook Rd,Lebanon,NJ,08833,40.582764,-74.83166
Anasazi State Park Museum,460 N Highway 12,Cannonville,UT,84718,37.57723,-112.056564
Port Gamble Museum,3 Rainier Ave,Port Gamble,WA,98364,47.85443,-122.58407
Broad Top Area Coal Miners Museum,105 Church St,Robertsdale,PA,16674,40.18382,-78.116196
Frontier Museum,216 S Main St,Monticello,UT,84535,37.86955,-109.343094
Natural History Museum,412 S Mcclelland St,Santa Maria,CA,93454,34.949497,-120.4341
African American Heritage Museum,661 Jackson Rd,Newtonville,NJ,08346,39.55961,-74.86639
Purvis Young Museum,721 Progresso Dr,Fort Lauderdale,FL,33304,26.132362,-80.14351
Spokane Valley Heritage Museum,12114 E Sprague Ave,Spokane Valley,WA,99206,47.65693,-117.242165
Olde Main St Museum & Socl Center,213 W Canal St,Newcomerstown,OH,43832,40.274754,-81.60768
Steilacoom Historical Museum,1801 Rainier St,Steilacoom,WA,98388,47.17292,-122.59653
American Swedish Historical Museum,1900 Pattison Ave,Philadelphia,PA,19145,39.906334,-75.18183
Col. Eli Lilly Civil War Museum,431 N Meridian St,Indianapolis,IN,46204,39.773556,-86.157646
Old Dillard Museum,1009 NW 4th St,Fort Lauderdale,FL,33311,26.125881,-80.154785
The Metal Museum,374 Metal Museum Dr,Memphis,TN,38106,35.123173,-90.074814
Robert S Peabody Museum,175 N Main St,Andover,MA,01810,42.66242,-71.14432
Country Store Museum,4 Granville Rd,Bass Harbor,ME,04653,44.237583,-68.34698
Frisco Native American Museum,53536 Nc 12 Hwy,Buxton,NC,27920,35.234406,-75.62468
Mississippi Children's Museum,2145 Museum Blvd,Jackson,MS,39202,32.32854,-90.160324
Museum Textile Cleaners Inc,19343 Londelius St,Northridge,CA,91324,34.230003,-118.55501
Sports Museum of Dutchess Co.,72 Oneil Farm Ln,Wappingers Falls,NY,12590,41.608982,-73.8602
Fort Collins Museum of Discovery,408 Mason Ct,Fort Collins,CO,80524,40.59261,-105.0787
Wilson County Museum,236 W Main St,Lebanon,TN,37087,36.208225,-86.29485
Museum of Radio and Technology,1640 Florence Ave,Huntington,WV,25701,38.40124,-82.47345
World Fossil Finder Museum,719 Jensen Hwy,Hot Springs,SD,57747,43.425667,-103.467674
Oconomowoc Historical Museum,103 W Jefferson St,Oconomowoc,WI,53066,43.10496,-88.49934
Eaton House Museum,200 B St Ste 302,Santa Rosa,CA,95401,38.439217,-122.715096
Union County Museum,331 S Main St,Union,OR,97883,45.20803,-117.865265
Anthropology Museum of Peo NY,6419 Kissena Blvd,Flushing,NY,11367,40.737724,-73.81455
Tecumseh Area Museum,302 E Chicago Blvd,Tecumseh,MI,49286,42.003983,-83.941376
Waco Air Craft Museum,105 S Market St,Troy,OH,45373,40.038403,-84.20403
Asotin Museum,215 Adams St,Asotin,WA,99402,46.338802,-117.04597
West County Museum,261 S Main St,Sebastopol,CA,95472,38.400436,-122.8231
Fuller Museum of Art,455 Oak St,Brockton,MA,02301,42.101738,-71.04468
Colchester Museum,24 Linwood Ave,Colchester,CT,06415,41.57417,-72.33338
Reolds Transportation Museum,240 Museum Dr,Lansing,MI,48933,42.73146,-84.547874
Forney Transportation Museum,4303 Brighton Blvd,Denver,CO,80216,39.777496,-104.9698
Gooding Cty Historical Museum,273 Euskadi Ln,Gooding,ID,83330,42.92273,-114.710464
Moffett House Museum,119 High St,Berlin,NH,03570,44.4739,-71.18002
Bayou Teche Museum,131 E Main St,New Iberia,LA,70560,30.00542,-91.81763
Tenn Vall RR Museum,4119 Cromwell Rd,Chattanooga,TN,37421,35.066727,-85.20386
The Aloha Shirt Museum,780 Front St,Lahaina,HI,96761,20.874952,-156.6794
Lincoln County Museum Assoc,521 Main Ave S,Fayetteville,TN,37334,35.147377,-86.57155
Gibbes Museum of Art,171 Church St Ste 210,Charleston,SC,29401,32.780544,-79.929726
Railroad Museum of Oklahoma,702 N Washington St,Enid,OK,73701,36.40342,-97.881714
U S S Forrestal Naval Museum,4919 Sunrise Ave,Bensalem,PA,19020,40.13937,-74.940254
Mines Museum of Earth Science,1310 Maple St,Golden,CO,80401,39.75231,-105.22513
South Florida Museum,201 10th St W,Bradenton,FL,34205,27.498262,-82.57173
Linden Depot Museum,PO Box 20,Mulberry,IN,46058,40.345,-86.6658
Depot Museum,514 N High St,Henderson,TX,75652,32.15916,-94.79642
Plainsman Museum,210 16th St,Aurora,NE,68818,40.859497,-97.996346
Captain Avery Museum,1418 E West Shady Side Rd,Shady Side,MD,20764,38.849136,-76.5122
Experience Childrens Museum,420 French St,Erie,PA,16507,42.131573,-80.085144
Leonard's Museum,200 Carroll St,Fort Worth,TX,76107,32.757957,-97.354774
Lake Havasu Museum of History,320 London Bridge Rd,Lake Havasu City,AZ,86403,34.48063,-114.350464
Orchard Lake Museum,3951 Orchard Lake Rd,Orchard Lake,MI,48323,42.582912,-83.35954
Stanley Steam Car Museum,333 Wonderview Ave,Estes Park,CO,80517,40.3653,-105.5383
Gar Hall Museum,402 E Michigan Ave,Marshall,MI,49068,42.271915,-84.95489
Gladewater Museum,116 W Pacific Ave,Gladewater,TX,75647,32.53509,-94.94447
Mclarty Treasure Museum,13180 Highway A1A,Vero Beach,FL,32963,27.83375,-80.4338
Museums of Story City,619 Grand Ave,Story City,IA,50248,42.187862,-93.591255
Cheshire Childrens Museum,222 West St,Keene,NH,03431,42.932278,-72.287
Richardson Maritime Museum,401 High St,Cambridge,MD,21613,38.570835,-76.07817
Yucaipa Adobe Museum,32183 Kentucky St,Yucaipa,CA,92399,34.0224,-117.10245
Yaquina River Museum of Art,151 NE Alder St,Toledo,OR,97391,44.620842,-123.93614
Saab Heritage Car Museum,940 Dickson Dr,Sturgis,SD,57785,44.393646,-103.50514
Needham Antique Ford Museum,240 Chestnut St,Needham,MA,02492,42.276134,-71.2374
San Bernardino County Museum,2024 Orange Tree Ln,Redlands,CA,92374,34.06883,-117.222145
Crawford Agricultural Museum,610 Whetstone St,Bucyrus,OH,44820,40.802853,-82.95885
Theatre Museum,101 W Madison St,Mount Pleasant,IA,52641,40.96776,-91.5533
General Store Museum,W61N480 Washington Ave,Cedarburg,WI,53012,43.29324,-87.98603
New Bedford Whaling Museum,18 Johnny Cake Hl,New Bedford,MA,02740,41.634773,-70.92323
Museum Store Assocation,4100 E Mississippi Ave Ste 800,Denver,CO,80246,39.696453,-104.93959
Laura Ingalls Wilder Park & Museum,3603 236th Ave,Decorah,IA,52101,43.457397,-91.86574
Madden Museum of Art,6363 S Fiddlers Green Cir,Greenwood Village,CO,80111,39.602043,-104.892334
Kentuck Museum,3501 5th St,Northport,AL,35476,33.219254,-87.588905
Mister Ed's Elephant Museum,6019 Chambersburg Rd,Orrtanna,PA,17353,39.898148,-77.43052
Biedenharn Coca Cola Museum,1101 Washington St,Vicksburg,MS,39183,32.3518,-90.88167
Amrmenian Heritage Museum A CA,550 E Shaw Ave,Fresno,CA,93710,36.808903,-119.77811
Enderlin Museum,315 Railway St,Enderlin,ND,58027,46.626507,-97.60527
Walt Disney Family Museum,104 Montgomery St,San Francisco,CA,94129,37.799297,-122.45953
Fort Kearney Museum,131 Central Ave,Kearney,NE,68847,40.671947,-99.08216
Museum San Juan Historical Society,1 Trinity Ln,Pagosa Springs,CO,81147,37.268894,-107.04886
Prairie Village Museum,102 Highway 2 SW,Rugby,ND,58368,48.353413,-99.99865
Gas City Museum,210 W North A St,Gas City,IN,46933,40.488964,-85.61676
Fort Morgan Museum,414 Main St,Fort Morgan,CO,80701,40.25157,-103.801315
New Bedford Whaling Museum,791 Purchase St,New Bedford,MA,02740,41.63502,-70.92614
Boswell Museum,5748 US Highway 20,East Springfield,NY,13333,42.83064,-74.81195
Gaumer's Mineral and Mining Museum,78 Belle Mill Rd,Red Bluff,CA,96080,40.180202,-122.22828
Culture and Heritage Museums,4621 Mount Gallant Rd,Rock Hill,SC,29732,35.01095,-81.05929
Ms44 Science Museum Partnr,100 W 77th St,New York,NY,10024,40.780582,-73.976685
Livington County Hist Soc Museum,30 Center St,Geneseo,NY,14454,42.795746,-77.81387
LA Military Hall of Fame & Museum,911 Revis Sirmon Loop,Abbeville,LA,70510,29.969,-92.0862
Dillingham-Lewis Museum,101 SW 15th St,Blue Springs,MO,64015,39.01835,-94.28167
Carbon County Museum,904 W Walnut St,Rawlins,WY,82301,41.791042,-107.24719
Peninsula Museum of Art,10 Twin Pines Ln,Belmont,CA,94002,37.51748,-122.276436
Yeshiva University Museum,15 W 16th St,New York,NY,10011,40.73795,-73.99379
Wheels Across the Prairie Museum,3297 Us Highway 14,Tracy,MN,56175,44.23877,-95.6343
Oldest House Museum,215 E De Vargas St,Santa Fe,NM,87501,35.68345,-105.937004
Lotz House Museum,1111 Columbia Ave,Franklin,TN,37064,35.917522,-86.87294
Museum of History & Industry,5933 6th Ave S,Seattle,WA,98108,47.54962,-122.32692
Job Carr Cabin Museum,2350 N 30th St,Tacoma,WA,98403,47.274624,-122.468254
Grayslake Heritage Center & Museum,164 Hawley St,Grayslake,IL,60030,42.345524,-88.0406
Nevada Northern Railway Museum,1100 Avenue A,Ely,NV,89301,39.258842,-114.87071
Stevenson Cottage & Museum Ri,11 Stevenson Ln,Saranac Lake,NY,12983,44.330315,-74.12546
National Air & Space Museum,655 Jefferson Dr SW,Washington,DC,20004,38.888905,-77.02063
Morgan's Kitchen Plantation Museum,& Maccorkle Ave,Saint Albans,WV,25177,38.393272,-81.843025
Apple Trees Museum,1616 Dill St,Burlington,IA,52601,40.797543,-91.11617
Bad Axe Historical Society Museum,110 S Hanselman St,Bad Axe,MI,48413,43.801838,-82.99724
The Dudley Farm Museum,2351 Durham Rd,Guilford,CT,06437,41.354824,-72.72003
American Computer Museum,2023 Stadium Dr Ste 1A,Bozeman,MT,59715,45.659115,-111.055084
Museum House,22 E 82nd St,New York,NY,10028,40.7784,-73.96138
Museum of Fife and Drum,62 N Main St,Ivoryton,CT,06442,41.354065,-72.44577
Suquamish Museum,6861 NE South St,Suquamish,WA,98392,47.729652,-122.55769
Glasgow Community Museum,100 Market St,Glasgow,MO,65254,39.226234,-92.84683
Tennessee River Museum,30 Fairground St,Savannah,TN,38372,35.226772,-88.23707
Hattiesburg Area Museum,723 N Main St,Hattiesburg,MS,39401,31.328312,-89.292534
Richard Petty Museum,309 Branson Mill Rd,Randleman,NC,27317,35.889618,-79.801
Dar John Strong Mansion Museum,6656 Vt Route 17 W,Vergennes,VT,05491,44.05467,-73.411514
Putnam History Museum,63 Chestnut St,Cold Spring,NY,10516,41.416977,-73.95007
Idaho Black History Museum,508 E Julia Davis Dr,Boise,ID,83702,43.61002,-116.2043
Mozzarella Museum,1 Speedwell Ave,Morristown,NJ,07960,40.79798,-74.48053
Alyeska Resort-Round House Museum,100 Arlberg Ave,Girdwood,AK,99587,60.958935,-149.11186
Gregg Museum of Art & Design,1903 Hillsborough St,Raleigh,NC,27607,35.785564,-78.6615
Prairie Grass Nature Museum,860 Hart Rd,Round Lake,IL,60073,42.35749,-88.10422
Museum of Spink County,225 E 14th Ave,Redfield,SD,57469,44.867363,-98.51468
Friends of Ella Sharp Museum,3225 4th St,Jackson,MI,49203,42.21593,-84.41804
Yellowstone Historic Center Museum,104 Yellowstone Ave,West Yellowstone,MT,59758,44.65859,-111.09992
Museum of Tolerance,9786 W Pico Blvd,Los Angeles,CA,90035,34.053864,-118.402
Rex's Museum,8219 Gall Rd,Waterloo,IL,62298,38.377193,-90.19404
Old Stone House Museum,310 W Myles Ave,Pennsboro,WV,26415,39.283005,-80.98117
Antique Auto Museum-Hershey,161 Museum Dr,Hershey,PA,17033,40.299,-76.69045
Slate Valley Museum,17 Water St,Granville,NY,12832,43.405437,-73.26007
Canton Museum of Art,1001 Market Ave N,Canton,OH,44702,40.806454,-81.37246
Decade of Wheels Car Museum,1111 Military Ave,Baxter Springs,KS,66713,37.024506,-94.7355
Black Earth Children's Museum,934 Mills St,Black Earth,WI,53515,43.140034,-89.74815
Cedar County Historical Museum,304 W Franklin St,Hartington,NE,68739,42.619728,-97.269066
Rg Ingersoll Museum,61 E Main St,Penn Yan,NY,14527,42.659492,-77.05302
Fort Ethan Allen Museum,11 Marcy Dr,Essex Junction,VT,05452,44.504665,-73.14085
Great Plains Transportation Museum,700 E Douglas Ave,Wichita,KS,67202,37.686058,-97.33016
Seneca County Museum,28 Clay St,Tiffin,OH,44883,41.116043,-83.181145
Lonoke County Museum,215 E Front St,Lonoke,AR,72086,34.783787,-91.89803
Sarah Rose Museum,149 W Elm St,Sabina,OH,45169,39.489822,-83.63894
Cincinnati Art Museum,953 Eden Park Dr,Cincinnati,OH,45202,39.116333,-84.49718
National Museum of-US Army,2425 Wilson Blvd,Arlington,VA,22201,38.89074,-77.08815
Pioneer Museum,107 Pioneer Park Way,Cheyenne,OK,73628,35.6188,-99.6857
Maxwell Museum-Anthropology,1 University Of New Mexico,Albuquerque,NM,87131,35.0888,-106.6201
Bonniebrook Home & Museum,485 Rose Oneil Rd,Walnut Shade,MO,65771,36.76833,-93.22161
Cavalier County Museum,10123 95th St NE,Langdon,ND,58249,48.790356,-98.469536
Cheney Historical Museum,420 1st St,Cheney,WA,99004,47.487564,-117.575485
Buffalo Museum,PO Box 391,Buffalo,SD,57720,45.582,-103.5468
Petaluma Historical Museum,20 4th St,Petaluma,CA,94952,38.232506,-122.639496
Lost River Museum,PO Box 26,Lost City,WV,26810,38.9522,-78.7827
Kosciusko Museum & Visitors,Natchez Trace Pkwy,Kosciusko,MS,39090,33.03343,-89.58336
Carver-Hill Museum,895 Mcclelland St,Crestview,FL,32536,30.746294,-86.5742
Asheville Museum of Science,43 Patton Ave,Asheville,NC,28801,35.594845,-82.55335
Cape Ann Museum,27 Pleasant St,Gloucester,MA,01930,42.613922,-70.66172
Plaza Community Museum,Po Box 65,Plaza,ND,58771,48.0258,-101.9586
National Museum of American History,14th Constitution Ave NW,Washington,DC,20001,38.912216,-77.01769
USS Franklin Cv 13 Museum,1806 State St,Alton,IL,62002,38.909313,-90.19634
Kuhefuss House Museum,W63n627 Washington Ave,Cedarburg,WI,53012,43.29821,-87.98846
Polish Museum of America,984 N Milwaukee Ave,Chicago,IL,60642,41.899723,-87.66109
National Steeplechase Museum,200 Knights Hill Rd,Camden,SC,29020,34.27533,-80.62464
New Britain Museum of American Art,56 Lexington St,New Britain,CT,06052,41.664055,-72.79207
Coos Art Museum,235 Anderson Ave,Coos Bay,OR,97420,43.367073,-124.21482
Salmon Ruins Museum,6131 Us 64,Bloomfield,NM,87413,36.711246,-107.952965
Dunkirk Historical Museum,513 Washington Ave,Dunkirk,NY,14048,42.481205,-79.332504
Museum Historical Society,700 N Wynne St,Colville,WA,99114,48.550076,-117.90706
Sharon Police & Fire Museum,1 School St,Sharon,MA,02067,42.125645,-71.17774
Animas Museum,3065 W 2nd Ave,Durango,CO,81301,37.298923,-107.87328
Hamill House Museum,305 Peadins St,Georgetown,CO,80444,39.7066,-105.6979
Harrison County Historical Museum,117 E Bowie St,Marshall,TX,75670,32.5443,-94.367065
Thunder Dome Car Museum,1920 Garrett St,Enumclaw,WA,98022,47.20412,-121.984146
California Agriculture Museum,1958 Hays Ln,Woodland,CA,95776,38.67547,-121.732056
International Vinegar Museum,502 Main St,Webster,SD,57274,45.330357,-97.51992
Bodley-Bullock House Museum,200 Market St,Lexington,KY,40507,38.04952,-84.49561
Museum Of Performance & Design,893 Folsom St,San Francisco,CA,94107,37.780415,-122.40297
Morton House Museum,501 Territorial Rd,Benton Harbor,MI,49022,42.118755,-86.44666
Anime Art Museum,1145 NW 13th St,Gainesville,FL,32601,29.662817,-82.33901
Ratner Museum,10001 Old Georgetown Rd,Bethesda,MD,20814,39.020046,-77.12153
Euclid Historical Museum,21129 North St,Euclid,OH,44117,41.5714,-81.53311
General Patton Memorial Museum,62510 Chiriaco Rd,Indio,CA,92201,33.7112,-116.235
National Museum Health Mdcn,6825 16th St NW,Washington,DC,20306,38.973274,-77.03612
Cole Porter Birthplace & Museum,17 S Huntington St,Peru,IN,46970,40.75482,-86.06565
Tex Ritter Museum,310 W Panola St,Carthage,TX,75633,32.157005,-94.34194
Bandon Museum,300 2nd St SE,Bandon,OR,97411,43.11894,-124.412254
Harry W Meador Jr Coal Museum,570 Shawnee Ave E,Big Stone Gap,VA,24219,36.868916,-82.77468
Lightner Museum,75 King St,Saint Augustine,FL,32084,29.891916,-81.314384
Murie Museum,1 Ditch Creek Rd,Kelly,WY,83011,43.654827,-110.623955
New Bern Academy Museum,508 New St,New Bern,NC,28560,35.10989,-77.04174
Lyon County Historical Museum,301 W Lyon St,Marshall,MN,56258,44.448444,-95.78913
Cairo Roots Museum,306 Berber St,Cairo,NE,68824,41.00036,-98.61042
Country School Museum,308 N Mill St,Lake Mills,IA,50450,43.421448,-93.5347
Keystone Historical Museum,410 3rd St,Keystone,SD,57751,43.895103,-103.42011
Devens Historical Museum,94 Jackson Rd Ste 305,Devens,MA,01434,42.539738,-71.6218
Channel Islands Maritime Museum,3900 Bluefin Cir,Oxnard,CA,93035,34.16476,-119.22744
Carnegie Museum of Natural History,4400 Forbes Ave,Pittsburgh,PA,15213,40.444214,-79.949
Childrens Museum,34 Hudson St,Staten Island,NY,10304,40.62459,-74.08165
Little Snake River Museum,13 County Road 561 N,Savery,WY,82332,41.027042,-107.44986
Western Museum of Mining & Industry,225 N Gate Blvd,Colorado Springs,CO,80921,39.028305,-104.8267
Bradbury Science Museum,1112 Plaza Del Norte,Espanola,NM,87532,36.009563,-106.09084
Harbour House Museum,17 N 4th St,Crystal Falls,MI,49920,46.096985,-88.33278
Hicksville Gregory Museum,1 Heitz Pl,Hicksville,NY,11801,40.768433,-73.52201
Alliance Center Museum/Art Gallry,200 N Magdalen Sq,Abbeville,LA,70510,29.974588,-92.13678
Tucson Museum of Art,166 W Alameda St,Tucson,AZ,85701,32.22368,-110.97393
Medicine Hof & Museum,6305 Lackman Rd,Shawnee,KS,66217,39.014133,-94.76105
Children's Museum of Findlay,1800 Tiffin Ave Ste 201,Findlay,OH,45840,41.05289,-83.61593
Telephone Museum Of New Mexico,1728 Route 198,Woodstock,CT,06281,42.006527,-72.0821
White River Valley History Museum,29630 Green River Rd SE,Auburn,WA,98092,47.33582,-122.20845
Cooper Museum,525 W 18th St,Upland,CA,91784,34.128902,-117.65768
Virginia Museum of Veiled History,705 S Loudoun St,Winchester,VA,22601,39.17814,-78.1681
Bloomingdale Museum,109 E Kalamazoo St,Bloomingdale,MI,49026,42.38304,-85.957115
Fanhs Museum,337 E Weber Ave,Stockton,CA,95202,37.95448,-121.287
Museum of Ventura County,926 Railroad Ave,Santa Paula,CA,93060,34.355698,-119.062584
Fulton County Historical Museum,229 Monroe St,Wauseon,OH,43567,41.54904,-84.14557
Louisiana Cotton Museum,7162 Highway 65 N,Lake Providence,LA,71254,32.818344,-91.20809
Reedville Fishermen's Museum,474 Main St,Reedville,VA,22539,37.84359,-76.27493
Moosehead Marine Museum,12 Lily Bay Rd,Greenville,ME,04441,45.459923,-69.591286
University Delaware Museums,30 N College Ave,Newark,DE,19716,39.684135,-75.75404
Gulf Beaches Historical Museum,115 10th Ave,Saint Petersburg,FL,33706,27.689331,-82.73727
Tackapausha Museum and Preserve,2225 Washington Ave,Seaford,NY,11783,40.66736,-73.484505
Museum Residences,1200 Acoma St,Denver,CO,80204,39.735325,-104.98865
S D Aerospace Museum,2001 Pan American Plz,San Diego,CA,92101,32.726765,-117.15382
Blue Planet Museum Consulting,1223 Skyline Dr SW,Rochester,MN,55902,44.00935,-92.488335
Flight of the Phoenix Museum,43 Aviation Dr,Gilmer,TX,75645,32.700283,-94.94618
Dutch House Museum,32 E 3rd St,New Castle,DE,19720,39.66054,-75.56385
Triple Brick Museum,313 E John St,Martinsburg,WV,25401,39.454258,-77.9603
Indo-American Heritage Museum,6328 N California Ave,Chicago,IL,60659,41.99654,-87.6998
Harding Museum,302 Park Ave,Franklin,OH,45005,39.56398,-84.30744
Royal Air Force Museum,136 Joseph Rd,Boxborough,MA,01719,42.49123,-71.50098
Greentown Glass Museum,112 N Meridian St,Greentown,IN,46936,40.478306,-85.96642
Wolf Creek Indian Village & Museum,6394 N Scenic Hwy,Bastian,VA,24314,37.18156,-81.14022
Destroyer Escort Historical Museum,1 Quay St,Albany,NY,12202,42.64359,-73.74952
David L Mason Children's Art Museum,1143 Michigan Blvd,Dunedin,FL,34698,28.037664,-82.773224
Museum of Mississippi History,929 High St,Jackson,MS,39202,32.303932,-90.17579
Wellman Heritage Museum,232 8th Ave,Wellman,IA,52356,41.46431,-91.83773
Latin American Museum of Art,100 Forest Pl Apt P52,Oak Park,IL,60301,41.88734,-87.800606
Blue Hills Trailside Museum,1904 Canton Ave,Milton,MA,02186,42.219353,-71.118965
GRAMMY Museum Mississippi,800 W Sunflower Rd,Cleveland,MS,38732,33.74778,-90.730354
Erie Maritime Museum,150 E Front St,Erie,PA,16507,42.13636,-80.08644
The Museum of Printing,15 Thornton Ave,Haverhill,MA,01832,42.773087,-71.121056
Museum of Contemporary Photography,600 S Michigan Ave,Chicago,IL,60605,41.874413,-87.62448
Jake Jackson Museum,780 Main St,Weaverville,CA,96093,40.72805,-122.9375
Academy Hall Museum,785 Old Main St,Rocky Hill,CT,06067,41.666286,-72.63828
Oyster Museum,7125 Maddox Blvd,Chincoteague Island,VA,23336,37.922646,-75.35274
Dufur Museum,40 NW Main St,Dufur,OR,97021,45.451836,-121.130714
Whydah Pirate Museum,674 Route 28,West Yarmouth,MA,02673,41.64912,-70.22416
Hotchkiss-Fyler House Museum,192 Main St,Torrington,CT,06790,41.80445,-73.12115
Merrick County Historical Museum,211 E St,Central City,NE,68826,41.117188,-98.002464
Lodgepole Depot Museum,722 Mccall St,Lodgepole,NE,69149,41.14893,-102.63537
Buckeye Museum,116 E US Highway 85,Buckeye,AZ,85326,33.37049,-112.58998
Museum Properties Inc,29 Stanhope St,Boston,MA,02116,42.34854,-71.073006
Besh-Ba-Gowah Museum,1324 S Jesse Hayes Rd,Globe,AZ,85501,33.381935,-110.771736
Cheyenne County Museum,Us Highway 36 W,Saint Francis,KS,67756,39.756516,-102.02647
Montville Township Museum,6 Taylortown Rd,Montville,NJ,07045,40.91586,-74.38428
Licking County Museums,6 N 6th St,Newark,OH,43055,40.056175,-82.40891
NSU Art Museum Fort Lauderdale,1 E Las Olas Blvd,Fort Lauderdale,FL,33301,26.119602,-80.143326
Laura Ingalls Wilder Museum,312 3rd St,Pepin,WI,54759,44.44083,-92.14606
Cascadia Art Museum,190 Sunset Ave Ste E,Edmonds,WA,98020,47.81039,-122.383415
Nys Grange Museum,122 Clinton Ave,Cortland,NY,13045,42.605553,-76.1704
National Park Service Museum,1195 Baltimore Pike,Gettysburg,PA,17325,39.81241,-77.22191
Rock House Museum,3663 Country Club Rd,Sparta,TN,38583,35.92042,-85.40397
South Florida Railway Museum,1300 W Hillsboro Blvd,Deerfield Beach,FL,33442,26.31795,-80.121605
International Banana Museum,98775 Highway 111,Mecca,CA,92254,33.528015,-115.94252
Drumright Historical Museum,301 E Broadway St,Drumright,OK,74030,35.98859,-96.59803
Catalina Island Museum Society,1 Casino Way Casino,Avalon,CA,90704,33.3637,-118.3835
Princeville Museum Welcome Center,310 Mutual Blvd,Princeville,NC,27886,35.890324,-77.52673
St. Simons Lighthouse Museum,610 Beachview Dr,Saint Simons Island,GA,31522,31.13443,-81.39326
"Hillwood Estate, Museum & Gardens",4155 Linnean Ave NW,Washington,DC,20008,38.94357,-77.05422
Museum Productions Inc,1205 Manhattan Ave,Brooklyn,NY,11222,40.73828,-73.95568
Maritime Museum,1117 Saint Clair River Dr,Algonac,MI,48001,42.61844,-82.53106
Funston Historical Home & Museum,14 S Washington Ave,Iola,KS,66749,37.922054,-95.40567
Lenoir Museum,2121 Norris Fwy,Norris,TN,37828,36.211136,-84.073006
Westmoreland Co Museum,15803 Kings Hwy,Montross,VA,22520,38.09525,-76.8282
Collinston Museum,4626 Main St,Collinston,LA,71229,32.68931,-91.87065
Hennepin History Museum,2303 3rd Ave S,Minneapolis,MN,55404,44.960144,-93.272545
Smoa /Sarasota Museum of Art,2700 N Tamiami Trl,Sarasota,FL,34234,27.36011,-82.54895
Giant Shoe Museum,1501 Pike Pl,Seattle,WA,98101,47.608776,-122.34098
Georgia Rural Telephone Museum,135 N Bailey Ave,Leslie,GA,31764,31.955622,-84.086494
Collinsville Historical Museum,406 W Main St,Collinsville,IL,62234,38.66861,-89.989944
Farmers Museum,1 Rockefeller Plz Fl 31,New York,NY,10020,40.75787,-73.97911
Clarinda Carnegie Art Museum,300 N 16th St,Clarinda,IA,51632,40.740448,-95.03805
Coffin House Museum,5 Littles Ln,Newbury,MA,01951,42.795063,-70.85237
Montana Auto Museum,1106 Main St,Deer Lodge,MT,59722,46.39151,-112.73594
San Diego Maritime Museum,1492 N Harbor Dr,San Diego,CA,92101,32.720715,-117.17334
Massillon Museum,121 Lincoln Way E,Massillon,OH,44646,40.79684,-81.52133
Reading Area Firefighters Museum,501 S 5th St,Reading,PA,19602,40.327534,-75.92796
Contemporary Arts Museum Houston,5216 Montrose Blvd,Houston,TX,77006,29.726622,-95.39119
Mississippi Entomology Museum,100 Highway 12 E,Starkville,MS,39759,33.4544,-88.813255
Fireman's Firefighting Museum,117 Harry Howard Ave,Hudson,NY,12534,42.255936,-73.776924
Visions of the West Museum,1315 21st St,Galveston,TX,77550,29.297777,-94.78885
Japanese American National Museum,100 N Central Ave,Los Angeles,CA,90012,34.04928,-118.238914
Anthracite Museum,401 S 18th St,Ashland,PA,17921,40.77946,-76.35137
Renfrew Museum and Park,1010 E Main St,Waynesboro,PA,17268,39.749966,-77.56608
Casemate Museum of Fort Monroe,20 Bernard Rd,Fort Monroe,VA,23651,37.005768,-76.30745
Annapolis Maritime Museum,723 Second St,Annapolis,MD,21403,38.96918,-76.4766
McDonough Museum of Art,210 Lincoln Ave,Youngstown,OH,44503,41.10554,-80.64995
Agency Ford Museum,11351 State Route Ff SE,Agency,MO,64401,39.64686,-94.74432
Plantation Museum,685 Front St,Lahaina,HI,96761,20.872824,-156.67798
Dorcester Academy Museum-Afrcn,8787 E Oglethorpe Hwy,Midway,GA,31320,31.80187,-81.46632
New Bern Firemen's Museum,408 Hancock St,New Bern,NC,28560,35.108673,-77.04105
Brown House Museum,268 N Harris St,Sandersville,GA,31082,32.98783,-82.810104
Fullerton Museum Center,301 N Pomona Ave,Fullerton,CA,92832,33.87253,-117.92226
Crittenden County Museum,1112 Main St,Earle,AR,72331,35.26972,-90.466
Suffolk Museum & Carriages House,Route 25a,Stony Brook,NY,11790,40.92203,-73.12771
County Government Museums,6305 Lackman Rd,Shawnee,KS,66217,39.014133,-94.76105
Davidson County Museum of Art,224 S Main St,Lexington,NC,27292,35.822742,-80.254974
Roslyn Museum,203 W Pennsylvania Ave,Roslyn,WA,98941,47.22245,-120.994965
Calapooia Reflection Museum,113 W Central Ave,Sutherlin,OR,97479,43.39018,-123.31369
Oregon Trail Agricultural Museum,117 Good Ave,Nyssa,OR,97913,43.875767,-116.99403
Swannanoa Valley Museum,223 E State St,Black Mountain,NC,28711,35.61907,-82.31961
Kaleidoscope Children's Museum,8 S Main St,Concord,NH,03301,43.20391,-71.535774
Mission of Nombre Museum,101 San Marco Ave,Saint Augustine,FL,32084,29.903522,-81.316795
Medieval Torture Museum,100 Saint George St 2nd Fl,St Augustine,FL,32084,29.894678,-81.31309
Lyman County Historical Museum,209 Sd Highway 16,Presho,SD,57568,43.9015,-100.0589
National Model Aviation Museum,5151 E Memorial Dr,Muncie,IN,47302,40.17839,-85.326805
San Marcos State Museum,Canal St,St Marks,FL,32355,30.1593,-84.2081
Schenectady Museum,15 Nott Terrace Hts,Schenectady,NY,12308,42.812737,-73.93411
Witch Dungeon Museum,16 Lynde St,Salem,MA,01970,42.522556,-70.89719
Hamilton County Museum,102 N Gates St,Syracuse,KS,67878,37.980843,-101.75129
Elgin Depot Museum,14 Depot St,Elgin,TX,78621,30.347633,-97.370674
Chisholm Trail Museum,502 N Washington Ave,Wellington,KS,67152,37.269936,-97.39831
Ava Gardner Museum,325 E Market St,Smithfield,NC,27577,35.51118,-78.345535
Mary Surratt House Museum,6406 Horseshoe Rd,Clinton,MD,20735,38.76401,-76.896675
Museum of Graffiti,299 NW 25th St,Miami,FL,33127,25.800816,-80.200935
Godwin-Ternbach Museum,6530 Kissena Blvd,Flushing,NY,11367,40.738033,-73.81515
Hoard Historical Museum,401 Whitewater Ave,Fort Atkinson,WI,53538,42.92369,-88.83573
Hopewell Museum,28 E Broad St,Hopewell,NJ,08525,40.390007,-74.75969
Family Heritage House Museum,5840 26th St W,Bradenton,FL,34207,27.437416,-82.58784
Martin-Mitchell Mansion Museum,201 W Porter Ave,Naperville,IL,60540,41.76808,-88.151245
Movie Museum,318 E Oliver St,Owosso,MI,48867,43.00167,-84.16772
Delaware Childrens Museum,110 S Poplar St,Wilmington,DE,19801,39.735424,-75.54939
Fort Robinson History Museum,3200 Highway 20,Crawford,NE,69339,42.670704,-103.460144
Toyota Usa Automobile Museum,19600 Van Ness Ave,Torrance,CA,90501,33.85188,-118.3176
Langlade County Historical Museum,404 Superior St,Antigo,WI,54409,45.1379,-89.15253
Little Log Church Museum,328 W 3rd St,Yachats,OR,97498,44.311543,-124.105934
Missouri Civil War Museum,222 Worth Ave,Saint Louis,MO,63125,38.50624,-90.28387
Sanford Museum & Planetarium,117 E Willow St,Cherokee,IA,51012,42.75034,-95.55084
Museum of The Middle Appalachians,123 Palmer Ave,Saltville,VA,24370,36.880165,-81.76403
Philadelphia Museum of Art,2151 Benjamin Franklin Pkwy,Philadelphia,PA,19130,39.961227,-75.17429
Chetco Valley Historical Museum,15461 Museum Rd,Brookings,OR,97415,42.02865,-124.23263
The Heard Natural Science Museum,1 Nature Pl,Mckinney,TX,75069,33.15923,-96.61607
J Millard Tawes Museum,3 9th St,Crisfield,MD,21817,37.978523,-75.86006
Savannah History Museum,303 Martin Luther King Jr Blvd,Savannah,GA,31401,32.076344,-81.09902
Big Bend Museum,8554 Highway 451,Moreauville,LA,71355,31.073818,-91.79357
Museum of World Cultures,601 S College Rd,Wilmington,NC,28403,34.227005,-77.87919
Stickley Museum at Craftsman Farms,2352 State Route 10,Morris Plains,NJ,07950,40.85403,-74.47702
Lock Museum of America,230 Main St,Terryville,CT,06786,41.67897,-73.012245
Heard Museum North Scottsdale,34505 N Scottsdale Rd,Scottsdale,AZ,85266,33.79846,-111.92775
Putnam County Museum,110 Madison St,Palatka,FL,32177,29.649574,-81.62805
Trayser Museum Directors,3353 Main St,Barnstable,MA,02630,41.70027,-70.29919
Cincinnati Museum Center,1301 Western Ave,Cincinnati,OH,45203,39.108913,-84.53243
New Glarus Historical Museum,612 7th Ave,New Glarus,WI,53574,42.813717,-89.64021
Rochester Hills Museum,822 SW 10th Ave,Portland,OR,97205,45.519073,-122.682396
Museum of Illusions,6751 Hollywood Blvd,Los Angeles,CA,90028,34.10168,-118.3375
Museum of Selfies,6757 Hollywood Blvd,Los Angeles,CA,90028,34.10169,-118.33806
Nylander Museum,657 Main St,Caribou,ME,04736,46.857586,-68.01049
Reneker Museum-Winona History,105 9th St,Winona Lake,IN,46590,41.22615,-85.819435
Earle Whightman Museum,20 Summit St,Oyster Bay,NY,11771,40.870773,-73.53048
Harn Museum of Art,Sw 34th Street & Hull Rd,Gainesville,FL,32611,29.6812,-82.3451
Fleischer Museum,17207 N Perimeter Dr,Scottsdale,AZ,85255,33.641758,-111.896545
Fireboat Fire Fighter Museum,43 Parsonage St,Cold Spring,NY,10516,41.421803,-73.94764
Pendleton Air Museum,21 SW Emigrant Ave,Pendleton,OR,97801,45.670685,-118.78661
Hugh Moore Park Canal Museum,2750 Hugh Moore Park Rd,Easton,PA,18042,40.662933,-75.23996
Sarpy County Historical Museum,2402 Clay St,Bellevue,NE,68005,41.13429,-95.90569
Lehi City Hutchings Museum,51 N Center St,Lehi,UT,84043,40.388496,-111.849365
Museum of History & Art,225 S Euclid Ave,Ontario,CA,91762,34.062225,-117.65072
Kankakee Railroad Museum,197 S East Ave,Kankakee,IL,60901,41.11858,-87.8658
Wyobraska Natural History Museum,950 U St,Gering,NE,69341,41.830444,-103.660835
Howard Area Museum,136 Schencks Grove Rd,Howard,PA,16841,41.036793,-77.6531
Great Valley Museum,2201 Blue Gum Ave,Modesto,CA,95358,37.66067,-121.03633
Dayton Museum,Shady Lane At Logan,Dayton,NV,89403,39.2722,-119.55
Print Museum,1212 Franklin St,Washington,AR,71862,33.779694,-93.6753
Maine Discovery Museum,74 Main St,Bangor,ME,04401,44.799965,-68.77186
Mount Clare Museum House,1500 Washington Blvd,Baltimore,MD,21230,39.277134,-76.64009
Livingston Historical Museum,604 Main St,Livingston,CA,95334,37.38498,-120.723465
War Vet Museum,23 E Main St,Canfield,OH,44406,41.024624,-80.7594
Southern Ute Museum,2 Highway 172,Durango,CO,81303,37.228855,-107.79556
Gardner Museum Of Architecture,425 S 12th St,Quincy,IL,62301,39.92734,-91.396286
Erlander Home Museum,404 S 3rd St,Rockford,IL,61104,42.26416,-89.08866
Michigan Magazine Museum,3319 N Abbe Rd,Comins,MI,48619,44.775475,-84.051056
Union Depot Railroad Museum,683 N Main St,Earlville,IL,60518,41.59475,-88.92423
John May Museum Center,710 Rock Creek Canyon Rd,Colorado Springs,CO,80926,38.709293,-104.85059
Deepwood Museum,1116 Mission St SE,Salem,OR,97302,44.930008,-123.031204
Warden's House Museum,602 Main St N,Stillwater,MN,55082,45.061577,-92.80708
World Golf Hall of Fame & Museum,1 World Golf Pl,Saint Augustine,FL,32092,29.991856,-81.47088
Mccomb Railroad Museum,108 N Railroad Blvd,McComb,MS,39648,31.245481,-90.451706
Transylvania Heritage Museum,189 W Main St,Brevard,NC,28712,35.23497,-82.7373
Police & Fire Museum,1717 S 8th St,Terre Haute,IN,47802,39.4477,-87.4058
Two Rivers Museum,5 E Main St,Ashdown,AR,71822,33.674236,-94.13141
Fort Tabor Military Museum,1000 S Rodney French Blvd,New Bedford,MA,02744,41.597164,-70.90356
Textile Heritage Museum,2406 Glencoe St,Burlington,NC,27217,36.1391,-79.42792
Tombstone Western Heritage Museum,517 E Fremont St,Tombstone,AZ,85638,31.71289,-110.06485
The Tech Museum of Innovation,201 S Market St,San Jose,CA,95113,37.331776,-121.890015
St Paul Historical Museum,20863 Riverside Dr NE,Saint Paul,OR,97137,45.220844,-122.99631
Discovery Gateway Children's Museum,444 W 100 S,Salt Lake City,UT,84101,40.76714,-111.90399
Pioneer Auto Museum,525 University Loop,Rapid City,SD,57701,44.072617,-103.20772
Kane Community Depot & Museum,S Fraley St,Kane,PA,16735,41.658916,-78.81101
Sod House Museum,300 S Lake Ave,Gothenburg,NE,69138,40.91971,-100.16697
Jewish Museum and Cultural Center,607 Effingham St,Portsmouth,VA,23704,36.834175,-76.306625
Beauchamp Newman Museum,Court St,Elizabeth,WV,26143,39.057095,-81.39698
Museum Store,101 Monroe Center St NW,Grand Rapids,MI,49503,42.96531,-85.67082
Ten Sleep Museum,436 State Highway 434,Ten Sleep,WY,82442,43.98802,-107.398796
Swensson Farm Museum,115 County Road 15 SE,Granite Falls,MN,56241,44.87716,-95.59154
Sedgwick Museum,627 Hanover St,Martins Ferry,OH,43935,40.09778,-80.72574
Italian American Museum,155 Mulberry St,New York,NY,10013,40.719173,-73.997574
Bergstrom-Mahler Museum of Glass,165 N Park Ave,Neenah,WI,54956,44.18199,-88.44658
Hattie's Gold Rush Museum,2635 Gold Bug Ln,Placerville,CA,95667,38.74346,-120.79929
B29 Museum Inc,82 Fincham Rd,Pratt,KS,67124,37.648823,-98.711555
Living Museum Art Center,921 S Beacon St,San Pedro,CA,90731,33.735657,-118.28061
Loveland Castle Museum,12025 Shore Dr,Loveland,OH,45140,39.2833,-84.265816
Palmetto Train Depot Museum,549 Main St,Palmetto,GA,30268,33.5178,-84.66923
Brinton Museum,239 Brinton Rd,Big Horn,WY,82833,44.649685,-107.00975
North Brevard Historical Museum,12424 Research Pkwy,Orlando,FL,32826,28.587337,-81.19549
Alliance Knight Museum,908 Yellowstone Ave,Alliance,NE,69301,42.104225,-102.86693
Valley County Museum,E Roseberry Rd,Donnelly,ID,83615,44.73096,-116.07756
Freedom House Museum,1315 Duke St,Alexandria,VA,22314,38.803814,-77.05426
Codington County Heritage Museum,27 1st Ave SE,Watertown,SD,57201,44.899284,-97.11384
Aviation Art Museum,Po Box 16224,Saint Paul,MN,55116,44.914005,-93.172745
Guilford Sutler Museum Shop,103 Green Acres Ln,Greensboro,NC,27410,36.12916,-79.85168
Aber Park Museum,816 Broadway,Abercrombie,ND,58001,46.44749,-96.72342
Seaport Museum New York,12 Fulton St,New York,NY,10038,40.706787,-74.00382
Cyclemos Motorcycle Museum,319 E Main St,Red Boiling Springs,TN,37150,36.530624,-85.84843
Railroad Museum of New England,790 Waterbury Rd,Thomaston,CT,06787,41.643948,-73.07807
Ford Sawmill Museum,21235 Alberta Ave,Lanse,MI,49946,46.643772,-88.47979
Placer County Museums Division,2968 Richardson Dr,Auburn,CA,95603,38.941982,-121.10786
Whitman Family Museum,9700 Collins Ave,Bal Harbour,FL,33154,25.887863,-80.12395
MidWest African Museum of Art,1935 Q St,Lincoln,NE,68503,40.815662,-96.69289
Cokato Museum & Akerlund,175 4th St,Cokato,MN,55321,45.087,-94.1897
Ruth and Elmer Wellin Museum of Art,198 College Hill Rd,Clinton,NY,13323,43.050705,-75.4079
Museum Technology Source Inc,20 Bacon St,Winchester,MA,01890,42.443653,-71.13791
Heritage Museums Dorchester,1003 Greenway Dr,Cambridge,MD,21613,38.56672,-76.05973
Libby Museum,755 N Main St,Wolfeboro,NH,03894,43.61426,-71.258385
Squaxing Island Tribe Museum,3591 SE Old Olympic Hwy,Shelton,WA,98584,47.12668,-123.093864
Cortlandt Museum,137 7th St,Verplanck,NY,10596,41.25258,-73.957954
Harmsen Art Museum,8035 Newman St,Arvada,CO,80005,39.84307,-105.11832
Voas Nature Area/Voas Museum,19340 Lexington Rd,Minburn,IA,50167,41.755657,-94.06222
American Airpower Museum,1230 New Hwy,Farmingdale,NY,11735,40.7365,-73.41258
Big Sandy Historical Museum,87 Johannes Ave,Big Sandy,MT,59520,48.17837,-110.1112
PA Veteran' S Museum,12 E State St,Media,PA,19063,39.917713,-75.38902
Maine Forest and Logging Museum,262 Government Rd,Bradley,ME,04411,44.86564,-68.63635
Polish American Museum,16 Belleview Ave,Port Washington,NY,11050,40.829285,-73.69004
Global Health Odessey Museum,1600 Clifton Rd NE,Atlanta,GA,30329,33.79941,-84.325096
Bentonville History Museum,203 NE A St,Bentonville,AR,72712,36.3734,-94.20826
Snowflake Bentley Museum,4A Redmill Dr,Jericho,VT,05465,44.50429,-72.99944
Hamlet Depot & Museums,2 Main Street,Hamlet,NC,28345,34.8808,-79.6916
Johnson Ferry House Museum,355 Washington Crossing Pe Rd,Titusville,NJ,08560,40.309322,-74.847374
Verendrye Museum,Deadwood St,Fort Pierre,SD,57532,44.354465,-100.3709
Richmond County Museum,5874 Richmond Rd,Warsaw,VA,22572,37.958046,-76.75691
Museum On Line,19151 Parthenia St Ste F,Northridge,CA,91324,34.228374,-118.55102
Cambria Depot Museum,630 Depot St NE,Christiansburg,VA,24073,37.14143,-80.404366
Jekyll Island Museum,100 Stable Rd,Jekyll Island,GA,31527,31.058386,-81.41814
C Grier Beam Truck Museum,111 N Mountain St,Cherryville,NC,28021,35.37962,-81.38002
Bohart Museum Society,1 Shields Ave,Davis,CA,95616,38.540035,-121.75211
Diagonal Printing Museum,1391 County Highway P27,Diagonal,IA,50845,40.84235,-94.377144
Parker-O'Malley Air Museum,435 County Highway 20,Ghent,NY,12075,42.285946,-73.71582
Malcolm Blue Farm Museum,1177 Bethesda Rd,Aberdeen,NC,28315,35.135513,-79.40997
County Museum,1212 E Corey St,Maquoketa,IA,52060,42.066,-90.6578
Kirk's Museum,109 Westside St,Tuskegee,AL,36083,32.423588,-85.69124
Millyard Museum,200 Bedford St,Manchester,NH,03101,42.98951,-71.467735
Eddie G. Robinson Museum,126 Rwe Jones St,Grambling,LA,71245,32.507477,-92.71676
Rubin Museum of Art,2115 Queens Plz N,Long Island City,NY,11101,40.752373,-73.943115
Excelsior Springs Historical Museum,101 E Broadway St,Excelsior Springs,MO,64024,39.34221,-94.223015
Southwest Museum-Engineering,5802 W Palmaire Ave,Glendale,CA,91208,34.1311,-118.26325
Bluegrass Heritage Museum,217 S Main St,Winchester,KY,40391,37.98991,-84.17851
Lysander Flagg Memorial Museum,209 Central St,Central Falls,RI,02863,41.885715,-71.38819
Queens County Farm Museum,7350 Little Neck Pkwy,Floral Park,NY,11004,40.748302,-73.71967
Mad River Railroad Museum,233 York St,Bellevue,OH,44811,41.271397,-82.842674
Door County Historical Museum,18 N 4th Ave,Sturgeon Bay,WI,54235,44.835094,-87.37511
Kibbe Hancock Heritage Museum,306 Walnut St,Carthage,IL,62321,40.415146,-91.13942
Eden Historical Museum,656 Washington St,Eden,NC,27288,36.49033,-79.763885
World of Motorcycles Museum,8774 W 700 N,Winamac,IN,46996,41.157513,-86.77158
The Gray Matter Museum,485 E 17th St,Costa Mesa,CA,92627,33.628662,-117.90926
Ashtabula Marine Museum,1071 Walnut Blvd,Ashtabula,OH,44004,41.90132,-80.80022
Old Salem Museums & Gardens,900 Old Salem Rd,Winston Salem,NC,27101,36.083866,-80.24269
Ice House Museum & Cultural Center,818 Earnest Ave,Silsbee,TX,77656,30.348288,-94.17671
Historic RailPark & Train Museum,401 Kentucky St,Bowling Green,KY,42101,37.000286,-86.436676
Arkell Museum,2 Erie Blvd,Canajoharie,NY,13317,42.90711,-74.571815
Ashley County Museum,302 N Cherry St,Hamburg,AR,71646,33.22742,-91.794815
Cambria Historical Museum,2251 Center St,Cambria,CA,93428,35.563488,-121.08223
Skagit Aero Education Museum,7879 S Superior Ave Bldg 4,Concrete,WA,98237,48.530735,-121.75891
Toy Museum of NY,180 Smith St,Brooklyn,NY,11201,40.68575,-73.9913
Jersey Shore Childrens Museum,4403 Black Horse Pike Ste 2075,Mays Landing,NJ,08330,39.451927,-74.645134
Unionville Museum,15 School St,Farmington,CT,06032,41.72135,-72.82868
Museum Consultants Network,2729 Community Ave,La Crescenta,CA,91214,34.221508,-118.23832
Port of Ludington Maritime Museum,216 N Lakeshore Dr,Ludington,MI,49431,43.957455,-86.459076
Hiwan Homestead Museum,4208 Timbervale Dr,Evergreen,CO,80439,39.63903,-105.32347
Van Cortlandt House Museum,6035 Broadway,Bronx,NY,10471,40.89189,-73.897385
Iams Homestead Museum,349 S Broadway St,Trotwood,OH,45426,39.79199,-84.311646
Leonis Adobe Museum,23537 Calabasas Rd,Calabasas,CA,91302,34.15734,-118.63993
Don F Pratt Museum,5702 Tennessee Ave,Fort Campbell,KY,42223,36.659462,-87.46995
Chiricahua Regional Museum,127 E Maley St,Willcox,AZ,85643,32.252407,-109.83186
Lone Star Flight Museum,2002 Terminal Dr,Galveston,TX,77554,29.270685,-94.85442
Ogemaw Historical Museum,135 S 2nd St,West Branch,MI,48661,44.275852,-84.237045
Franklin Auto Museum,1405 E Kleindale Rd,Tucson,AZ,85719,32.26872,-110.94998
Military Veterans Museum,4300 Poberezny Rd,Oshkosh,WI,54902,43.961517,-88.58228
National Museum of Women,626 E St NW,Washington,DC,20004,38.896004,-77.021126
Dorothy Molter Museum,2002 E Sheridan St,Ely,MN,55731,47.90339,-91.83381
National Motor Museum Mint Aka,83 East Ave,Norwalk,CT,06851,41.11814,-73.40775
Kreeger Museum,2401 Foxhall Rd NW,Washington,DC,20007,38.92242,-77.08934
Clay County Museum,316 W Glenvil St,Clay Center,NE,68933,40.524067,-98.05759
Marine Museum Rot,27 Stonington Rd,Mystic,CT,06355,41.34679,-71.95387
Haitian Hertiage Museum,600 Brickell Ave,Miami,FL,33131,25.767876,-80.190506
Basque Museum & Cultural Center,611 W Grove St,Boise,ID,83702,43.613678,-116.202255
Pennsylvania Veterans Museum,12 E State St,Media,PA,19063,39.917713,-75.38902
Shafter Depot Museum,150 Central Valley Hwy,Shafter,CA,93263,35.505676,-119.27753
The Museum for African Art Inc,593 Broadway,New York,NY,10012,40.724976,-73.99737
Witch's Hat Depot Museum,300 Dorothy St,South Lyon,MI,48178,42.45471,-83.65305
Stalvey's Museum,1607 4th Ave,Conway,SC,29526,33.83117,-79.057434
California State Railroad Museum,125 I St,Sacramento,CA,95814,38.584393,-121.50418
Phillips County Museum,109 S Campbell Ave,Holyoke,CO,80734,40.584854,-102.300644
Knox County ETHS Museum,601 S Gay St,Knoxville,TN,37902,35.964115,-83.91778
Arvid E Miller Museum,N8510 Mohheconnuck Rd,Bowler,WI,54416,44.899113,-88.94034
Ann Arbor Hands-On Museum,220 E Huron St,Ann Arbor,MI,48104,42.281223,-83.74667
Siskiyou Smokejumper Base Museum,412 Airport Dr,Cave Junction,OR,97523,42.09944,-123.69902
Halstead Heritage Museum,116 E 1st St,Halstead,KS,67056,38.00559,-97.50521
Mennonite Heritage Museum,200 N Poplar St,Goessel,KS,67053,38.247757,-97.342064
Miami Art Museum of Dade County,103 NW 103rd St,Miami Shores,FL,33150,25.869629,-80.20001
Fire Museum of Memphis,118 Adams Ave,Memphis,TN,38103,35.148087,-90.05071
Museum of Nj Maritime History,450 Centre St,Beach Haven,NJ,08008,39.56467,-74.2427
Yesteryear Museum,1100 W Diamond Dr,Salina,KS,67401,38.87817,-97.62302
Marquette Maritime Museum,300 N Lakeshore Blvd,Marquette,MI,49855,46.545864,-87.38026
Plymouth Historical Museum,9 Court St,Plymouth,NH,03264,43.758255,-71.68817
George Bicentennial Museum,204 E Michigan Ave,George,IA,51237,43.343784,-96.000145
West Virginia State Museum,1900 Kanawha Blvd E,Charleston,WV,25305,38.335674,-81.61301
Savanna Train Car Museum,25 Main St,Savannah,GA,31408,32.12234,-81.15049
Whitney Area Museum Inc,303 N Brazos St,Whitney,TX,76692,31.952309,-97.32148
Heritage In Flight Museum,1351 Airport Rd,Lincoln,IL,62656,40.16466,-89.339386
Indian Temple Mound Museum,139 Miracle Strip Pkwy SE,Fort Walton Beach,FL,32548,30.4039,-86.60707
Museum of North Idaho,115 Northwest Blvd,Coeur d'Alene,ID,83814,47.674213,-116.78689
Zane Grey Museum,135 Scenic Dr,Lackawaxen,PA,18435,41.48559,-74.98719
Museum-Fashion Institute Tech,560 Fashion Ave,New York,NY,10018,40.754932,-73.987976
Childrens Museum Of Tacoma,Po Box 211,Tacoma,WA,98401,47.2437,-122.4526
Pocono Indian Museum,5905 Milford Rd,East Stroudsburg,PA,18302,41.070946,-75.04048
Sunnyvale Heritage Park Museum,570 E Remington Dr,Sunnyvale,CA,94087,37.35909,-122.02676
Cedar Key Historical Museum,2nd State & State Route 24,Cedar Key,FL,32625,29.1914,-82.9986
Elk Grove Historical Museum,499 Biesterfield Rd,Elk Grove Village,IL,60007,42.003258,-88.01106
Museum-Independent Telephony,412 S Campbell St,Abilene,KS,67410,38.911312,-97.20908
The Tomaquag Indian Memorial Museum,390 Summit Rd,Exeter,RI,02822,41.55723,-71.698296
Heritage Library and Museum,625 C St,Anchorage,AK,99501,61.21625,-149.88707
Houston Museum of Natural Science,3410 Norris Dr,Houston,TX,77025,29.687672,-95.42886
Rhinelander Logging Museum,334 N Pelham St,Rhinelander,WI,54501,45.642143,-89.40971
Oakley Park Museum,300 Columbia Rd,Edgefield,SC,29824,33.788208,-81.92062
Comanche Crossing Museum,56060 E Colfax Ave,Strasburg,CO,80136,39.73818,-104.33127
Wyoming County Historical Museum,1325 Cook Pkwy,Oceana,WV,24870,37.692932,-81.634125
Westmoreland Museum,43 Court Sq,Montross,VA,22520,38.095146,-76.82874
Alvarado Adobe Museum,5 Church Ln,San Pablo,CA,94806,37.95594,-122.34303
Plano Museum Associates,321 3rd St,Plano,IA,52581,40.755424,-93.0469
Maine Museum-Photographic Arts,314 Forest Ave,Portland,ME,04101,43.662952,-70.27216
The Museum Alliance of Rapid City,222 New York St,Rapid City,SD,57701,44.08552,-103.218796
Pioneers Pride Museum,6013 Road 1011,Bainville,MT,59212,48.12707,-104.28925
Naval Undersea Museum,610 Dowell St,Keyport,WA,98345,47.70059,-122.62649
Mexico Museum,5319 State Route 3,Mexico,NY,13114,43.43876,-76.243546
Nelson-Atkins Museum Of Art,4525 Oak St,Kansas City,MO,64111,39.044037,-94.58201
Mustang Owner's Museum,4005 Dearborn Pl NW,Concord,NC,28027,35.3669,-80.670715
Museum of Contempory Art,1001 Kettner Blvd,San Diego,CA,92101,32.716637,-117.16905
Glass Beach Jewelry and Museum,17801 N Highway 1,Fort Bragg,CA,95437,39.40261,-123.8088
Oakham Historical Museum Inc,1221 Old Turnpike Rd,Oakham,MA,01068,42.3671,-72.069435
Museum Productions Inc,619 E 6th St,New York,NY,10009,40.7241,-73.98032
Museum of New Mexico Foundation,116 Lincoln Ave,Santa Fe,NM,87501,35.68846,-105.93874
Bridge Museum,1759 Creek Dr,San Jose,CA,95125,37.302498,-121.88285
Crazy Mountain Museum,2 S Frontage Rd,Big Timber,MT,59011,45.824936,-109.9663
Ireland's Great Hunger Museum,3011 Whitney Ave,Hamden,CT,06518,41.404957,-72.898544
Cascade Locks Historical Museum,427 NW Portage Rd,Cascade Locks,OR,97014,45.667515,-121.8956
Dahesh Museum Of Art Inc,96 Lewis St,Greenwich,CT,06830,41.028976,-73.623695
The Fire Museum,230 Pine St,Manchester,CT,06040,41.76522,-72.53022
Riversdale House Museum,4811 Riverdale Rd,Riverdale,MD,20737,38.9614,-76.932526
Wisconsin Museum Of Quilts & Fibor,N50 Portland Rd,Cedarburg,WI,53012,43.29498,-87.98369
Buckeye Museum,100 N Apache Rd,Buckeye,AZ,85326,33.37616,-112.57321
Turner Neal Museum-Natural,397 University Dr,Monticello,AR,71656,33.58882,-91.81147
Le Vieux Presbytere Museum,329 N Main St,Church Point,LA,70525,30.407484,-92.21895
Ways of the Earth Living Museum,9898 N Us Highway 41,Bloomingdale,IN,47832,39.910088,-87.2427
Northwoods Children's Museum,346 E Division St,Eagle River,WI,54521,45.91632,-89.24863
Lassen Museum Lassen Museum,2250 Kalakaua Ave,Honolulu,HI,96815,21.279041,-157.82869
Klbe Latrobe Air Museum,148 Aviation Ln,Latrobe,PA,15650,40.27227,-79.40638
Herbert S Ford Memorial Museum,519 S Main St,Homer,LA,71040,32.79105,-93.05506
Vintage Motos-Museum,2762 Walnut St,Denver,CO,80205,39.760757,-104.98402
Endicott Reardon Museum,3036 N Route 9,Ocean View,NJ,08230,39.202705,-74.708984
Marjorie Barrick Museum,4505 S Maryland Pkwy,Las Vegas,NV,89154,36.10764,-115.13762
Indian Mound & Museum,1028 S Court St,Florence,AL,35630,34.790283,-87.66957
Cracker Trail Museum,2822 Museum Dr,Zolfo Springs,FL,33890,27.500784,-81.79957
American Museum of Straw Art,2324 Snowden Ave,Long Beach,CA,90815,33.800396,-118.111435
Connecticut State Museum-NTRL,2019 Hillside Rd,Storrs Mansfield,CT,06269,41.803707,-72.25207
Drummond Historical Museum,14990 Superior St,Drummond,WI,54832,46.33693,-91.257576
International Fire Museum,2301 E 11th St,Davenport,IA,52803,41.53094,-90.54377
Sherman County Historical Museum,200 Dewey St,Moro,OR,97039,45.482773,-120.7307
Delaware State Police Museum,1425 N Dupont Hwy,Dover,DE,19901,39.19285,-75.545296
Trenton Teapot Museum,309 S College St,Trenton,TN,38382,35.978695,-88.94159
Webster House Museum,9 E Rockwell St,Elkhorn,WI,53121,42.668602,-88.54322
Addis Historical Museum,7821 Harris Ave,Addis,LA,70710,30.3555,-91.2627
Frontier Culture Museum,1290 Richmond Ave,Staunton,VA,24401,38.131,-79.03965
First City Museum,743 Delaware St,Leavenworth,KS,66048,39.31728,-94.91963
Cold War Museum,7172 Farm Station Rd,Warrenton,VA,20187,38.7407,-77.6834
White Hall Museum,9009 Dollarway Rd,White Hall,AR,71602,34.281494,-92.094475
Vizcaya Museum & Gardens,3251 S Miami Ave,Miami,FL,33129,25.74698,-80.21075
Holocaust Museum LA,100 The Grove Dr,Los Angeles,CA,90036,34.07338,-118.35615
Philadelphia Museum of Art,26 & Benj Franklin Pkwy,Philadelphia,PA,19019,40.1162,-75.0141
Hanford Mills Museum,51 County Highway 12,East Meredith,NY,13757,42.422703,-74.886314
Valley County Museum,13131 Norwood Rd,Donnelly,ID,83615,44.731327,-116.10904
West Baton Rouge Museum,630 N Vaughn Dr,Brusly,LA,70719,30.387691,-91.25265
Arizona Railway Museum,330 E Ryan Rd,Chandler,AZ,85286,33.269604,-111.83854
Car & Carriage Caravan Museum,101 Cave Hill Rd,Luray,VA,22835,38.66549,-78.48333
Siouxland Heritage Museums,131 N Duluth Ave,Sioux Falls,SD,57104,43.547764,-96.7344
Parowan Old Rock Church Museum,90 N Main St,Parowan,UT,84761,37.843822,-112.82746
Salyards Museum,110 Main St,Conway,NH,03818,43.978764,-71.122894
Historical Village Museum,4 Dewey Ave,Eureka,MT,59917,48.878384,-115.05242
Clay County Museum of History,805 Breyer St,Celina,TN,38551,36.550175,-85.512596
Those Who Served War Museum,1500 W Main St,Princeton,WV,24740,37.366177,-81.102745
Midwest Memories Museum & Shoppe,217 W Main St,Wayland,IA,52654,41.14696,-91.66151
Irish Railroad Workers Museum,918 Lemmon St,Baltimore,MD,21223,39.286457,-76.63248
Electric City Trolley Museum,300 Cliff St,Scranton,PA,18503,41.40931,-75.67344
Old Lighthouse Museum,1 Park Row St,Michigan City,IN,46360,41.703274,-86.91425
Hermosa Arts & History Museum,25 2nd St,Hermosa,SD,57744,43.83938,-103.19126
North Dakota Museum Of Art,U.N.D. CAMPUS,Grand Forks,ND,58203,47.93258,-97.0658
Julian Pioneer Museum,2811 Washington St,Julian,CA,92036,33.0778,-116.60299
Turtle Bay Museum,844 Sundial Bridge Dr,Redding,CA,96001,40.58979,-122.37752
Dunham Hunt Museum,304 Cedar Ave,Saint Charles,IL,60174,41.915028,-88.310616
Museum of the Grand Prairie,600 N Lombard St,Mahomet,IL,61853,40.20392,-88.39479
Homesteader's Museum,436 E 22nd Ave,Torrington,WY,82240,42.066166,-104.17933
Glencoe Museum,600 Unruh Dr,Radford,VA,24141,37.13242,-80.58118
San Diego Railroad Museum,4695 Nebo Dr,La Mesa,CA,91941,32.763966,-117.01997
Crook County Museum,120 N 4th St,Sundance,WY,82729,44.405975,-104.37807
Frontiers of Flight Museum,6911 Lemmon Ave,Dallas,TX,75209,32.841976,-96.83483
Boston Children's Museum,300 Congress St,Quincy,MA,02169,42.233566,-71.015396
US Cavalry Museum,205 Henry Ave,Fort Riley,KS,66442,39.06302,-96.78124
Military Aviation Museum,1341 Princess Anne Rd,Virginia Beach,VA,23457,36.677513,-76.024445
Children's Discovery Museum,2787 State St,Carlsbad,CA,92008,33.16154,-117.35051
Doll House Museum,1107 Pony Express Hwy,Marysville,KS,66508,39.841747,-96.61813
National Miniatures Trust Museum,6855 W Hickory Rd,Hickory Corners,MI,49060,42.441975,-85.42136
Oakboro Regional Museum,231 N Main St,Oakboro,NC,28129,35.223618,-80.32609
Rushville Museum/Armstrong House,408 E 2nd St,Rushville,NE,69360,42.718285,-102.458046
Museum Quality Restoration Services,6802 Westminster Blvd,Westminster,CA,92683,33.758907,-118.00905
Westchester Twp History Museum,700 W Porter Ave,Chesterton,IN,46304,41.606846,-87.06143
Pioneer Village Museum,110 E Byers Ave,Hot Sulphur Springs,CO,80451,40.072678,-106.10078
St. Joseph Museum,3406 Frederick Ave,Saint Joseph,MO,64506,39.776814,-94.81059
Gilbert House Children's Museum,116 Marion St NE,Salem,OR,97301,44.945477,-123.04093
Wilderness Trail Museum,37 N Main St,Minster,OH,45865,40.393867,-84.37685
Vermont Ski Museum,15 Main St,Stowe,VT,05672,44.465572,-72.6871
Museum-Miracle of America,58176 Us Highway 93,Polson,MT,59860,47.6791,-114.092
Edge of Cedars Museum,660 W 400 N,Blanding,UT,84511,37.631,-109.4891
Kanza Museum,698 Grandview Dr,Kaw City,OK,74641,36.7673,-96.86351
Museum Oilpatch,100 E Amy Ave,Russell,KS,67665,38.86965,-98.85967
Zwaanendael Museum,102 Kings Hwy,Lewes,DE,19958,38.77414,-75.13912
Banneker-Douglass Museum,84 Franklin St,Annapolis,MD,21401,38.977642,-76.49351
Greenville Railroad Park and Museum,314 Main St,Greenville,PA,16125,41.407684,-80.3814
Sanford Centennial Museum,2222 N Smith St,Sanford,MI,48657,43.67682,-84.38841
Quincy Square Museum,37 Main St,Fort Plain,NY,13339,42.930565,-74.623184
Carnegie Museum,557 Lincoln St,Roseville,CA,95678,38.753708,-121.28544
Stauth Memorial Museum,111 N Aztec St,Montezuma,KS,67867,37.59621,-100.44265
Kenosha Public Museum,1174 N Main St,Crossville,TN,38555,35.962692,-85.03634
Museum En Black,100 Alton Sq,Alton,IL,62002,38.92575,-90.176056
Lst Navy Ship Museum,840 Lst Dr,Evansville,IN,47713,37.95027,-87.57281
San Diego Natural History Museum,1788 El Prado,San Diego,CA,92101,32.73149,-117.14854
Sanborn Lewiston Farm Museum,2660 Saunders Settlement Rd,Sanborn,NY,14132,43.14312,-78.89885
Owensboro Area Museum,220 Daviess St,Owensboro,KY,42303,37.774273,-87.11017
Bronko Nagurski Museum,214 6th Ave,International Falls,MN,56649,48.603416,-93.408394
Cherokee Strip Land Rush Museum,31639 US Highway 77,Arkansas City,KS,67005,37.03255,-97.04036
Intrepid Museum,Pier 86 W 46th & 12th Ave,New York,NY,10036,40.7598,-73.9914
Lynden Pioneer Museum,217 Front St,Lynden,WA,98264,48.94368,-122.449554
Klamath County Museums,1451 Main St,Klamath Falls,OR,97601,42.228447,-121.77493
Proctor Museum,100 Pionk Dr,Duluth,MN,55810,46.74244,-92.22598
Record Museum,110 Cushman Ave,West Berlin,NJ,08091,39.79424,-74.91841
Hawthorne Ordnance Museum,PO Box 1512,Hawthorne,NV,89415,38.5281,-118.6321
Monhegan Museum,Light House Hill Rd,Monhegan,ME,04852,43.765694,-69.317764
Association of Children’s Museums,1300 L St NW,Washington,DC,20005,38.903603,-77.029884
Virginia Museum of the Civil War,8895 George Collin Pkwy,New Market,VA,22844,38.660866,-78.66846
Sproul Museum,12237 Sproul St,Norwalk,CA,90650,33.90823,-118.07097
Neill-Cochran House Museum,2310 San Gabriel St,Austin,TX,78705,30.287628,-97.74803
Phelps Mansion Museum,191 Court St,Binghamton,NY,13901,42.100456,-75.90542
Museum of Microcomputing,1064 San Lucia Dr SE,Grand Rapids,MI,49506,42.943844,-85.62083
Idaho City Historical Museum,503 Montgomery St,Idaho City,ID,83631,43.8295,-115.83361
Kelley House Museum Inc,45007 Russian Gulch State Park,Mendocino,CA,95460,39.33143,-123.80409
Science Museum of Western Virginia,1 Market Sq SE Ste 24011,Roanoke,VA,24011,37.271652,-79.93862
Janet Turner Print Museum,400 W 1st St,Chico,CA,95929,39.729218,-121.844185
Leavenworth County Museum,1128 5th Ave,Leavenworth,KS,66048,39.307083,-94.91751
Ushmm Museum Shop,100 Raoul Wallenberg Pl SW,Washington,DC,20024,38.88756,-77.03349
Boundary County Museum,7229 Main St,Bonners Ferry,ID,83805,48.697468,-116.31178
Fort Plain Museum,389 Canal St,Fort Plain,NY,13339,42.941013,-74.629265
Downers Grove Park District Museum,831 Maple Ave,Downers Grove,IL,60515,41.792942,-88.00561
Bryant House Museum,104 S 16th St,Tekamah,NE,68061,41.778183,-96.22576
Sixth Cavalry Museum,2 Barnhardt Cir,Fort Oglethorpe,GA,30742,34.943573,-85.260216
Upton Red Onion Museum,609 State Highway 116 N,Upton,WY,82730,44.180492,-104.461296
Drumright Historical Museum,103 E Broadway St,Drumright,OK,74030,36.08529,-96.58494
Hudson-Meng Museum & Archaeology,1811 Meng Dr,Crawford,NE,69339,42.825066,-103.61004
Heritage Center Museum,5717 Main St,Sylvania,OH,43560,41.71771,-83.70336
Chester Inn Museum,116 E Main St,Jonesborough,TN,37659,36.29421,-82.47297
Childrens Discovery Museum,171 Capitol St Suite 2,Augusta,ME,04330,44.30975,-69.79184
Buell Children's Museum,210 N Santa Fe Ave,Pueblo,CO,81003,38.26901,-104.60678
Yucaipa Valley Historical Museum,35308 Panorama Dr,Yucaipa,CA,92399,34.043194,-117.034096
Rubell Museum,1100 NW 23rd St,Miami,FL,33127,25.798891,-80.213394
Clymer Museum of Art,416 N Pearl St,Ellensburg,WA,98926,46.995693,-120.54728
Museum of Local History,190 Anza St,Fremont,CA,94539,37.530136,-121.920395
Wax Museum Entertainment Complex,145 Jefferson St,San Francisco,CA,94133,37.808167,-122.41506
Penn Brad Oil Museum,901 South Ave,Bradford,PA,16701,41.907352,-78.65129
Castle Air Museum Foundation,5050 Santa Fe Dr,Atwater,CA,95301,37.363983,-120.57811
Sleeping Bear Point Maritime Museum,9922 W Front St,Empire,MI,49630,44.811188,-86.05677
Monroe County Museum-Geneology,126 E Johnston St,Forsyth,GA,31029,33.035194,-83.93455
Sargent County Museum,8987 Highway 32,Forman,ND,58032,46.109867,-97.63384
Michigamme Historical Museum,110 W Main St,Michigamme,MI,49861,46.53561,-88.10868
Armstrong Heritage Museum,425 6th St,Armstrong,IA,50514,43.397034,-94.48042
The Heckscher Museum of Art,2 Prime Ave,Huntington,NY,11743,40.87455,-73.421745
Sudlersville Train Station Museum,101 S Linden St,Sudlersville,MD,21668,39.187405,-75.85629
Sidney Historical Museum,21 Liberty St,Sidney,NY,13838,42.316784,-75.39017
Nicholas Roerich Museum,319 W 107th St,New York,NY,10025,40.80281,-73.96884
Global Village Museum,200 W Mountain Ave,Fort Collins,CO,80521,40.587246,-105.07913
Pensacola Museum of Art,407 S Jefferson St,Pensacola,FL,32502,30.408129,-87.21345
Laurel Museum,817 Main St,Laurel,MD,20707,39.10944,-76.85624
Frye Art Museum,704 Terry Ave,Seattle,WA,98104,47.60689,-122.32419
Leslie Area Museum,107 E Bellevue St,Leslie,MI,49251,42.451046,-84.43149
Clara Barton Birthplace Museum,66 Clara Barton Rd,North Oxford,MA,01537,42.153217,-71.8945
Matt Gardner Homestead Museum,6036 E 43rd St,Indianapolis,IN,46226,39.834534,-86.06381
1400 Museum Park Condo Association,100 E 14th St,Chicago,IL,60605,41.864277,-87.62389
Keeler Tavern Museum,132 Main St,Ridgefield,CT,06877,41.272964,-73.49704
Marshfield Sun Printing Museum,1049 N Front St,Coos Bay,OR,97420,43.374413,-124.211975
Air Combat Museum,835 S Airport Dr,Springfield,IL,62707,39.841324,-89.66565
Harbor Museum Old Fire Station,638 S Beacon St,San Pedro,CA,90731,33.737965,-118.28026
Historic Deerfield Museum Str,79 Old Main St,Deerfield,MA,01342,42.546936,-72.60432
Emily Dickinson Museum,280 Main St,Amherst,MA,01002,42.376034,-72.51453
Auto World Museum,200 Peacock Dr,Fulton,MO,65251,38.884823,-91.949326
Wylie House Museum,307 E 2nd St,Bloomington,IN,47401,39.16149,-86.53099
Franklin County Seminary & Museum,5th & Mill St,Brookville,IN,47012,39.4071,-84.9921
Historic Museum-Torture Dvcs,301 E Broadway,Alton,IL,62002,38.88979,-90.18198
Dakotaland Museum,Old Highway 14,Huron,SD,57350,44.3706,-98.23859
Allentown Art Museum,31 N 5th St,Allentown,PA,18101,40.604004,-75.46822
La Conner Quilt & Textile Museum,703 S 2nd St,Mount Vernon,WA,98273,48.41786,-122.33778
Sharlot Hall Museum,415 W Gurley St,Prescott,AZ,86301,34.541847,-112.47401
Pioneer Florida Museum and Village,15602 Lake Iola Rd,Dade City,FL,33523,28.389805,-82.28839
Vance County Historical Museum,213 S Garnett St,Henderson,NC,27536,36.326202,-78.403946
Dar Van Bunschooten Museum,1097 State Rt 23,Sussex,NJ,07461,41.264088,-74.63737
Luray Valley Farm Museum,629 W Main St,Luray,VA,22835,38.664677,-78.47217
Browntown Historical Museum,110 S Mill St,Browntown,WI,53522,42.577656,-89.79425
Moody County Museum,706 E Pipestone Ave,Flandreau,SD,57028,44.048595,-96.58414
Long Branch Historical Museum,1260 Ocean Ave,Long Branch,NJ,07740,40.262882,-73.989914
City of Romulus Historical Museum,11120 Hunt St,Romulus,MI,48174,42.22063,-83.39441
Nostalgia City & Museum Inc,1911 Highway 17 Byp S,Myrtle Beach,SC,29577,33.707283,-78.91881
Knock Knock Children's Museum,1900 Dalrymple Dr,Baton Rouge,LA,70808,30.430979,-91.16952
Museum of Grand Prairie,600 Randolph St,Mahomet,IL,61853,40.20893,-88.36086
Old Saint Augustine Village Museum,246 Saint George St,Saint Augustine,FL,32084,29.889997,-81.312256
Minnesota's Museum Metropolis,336 Labore Rd,Saint Paul,MN,55117,45.026737,-93.08576
Old West Wax Museum,119 S 6th St,Thermopolis,WY,82443,43.645348,-108.211784
Southwest Dairy Museum,5106 S Main St,Roswell,NM,88203,33.336178,-104.52338
Rkk & G Museum & Cultural,65 E 96th St,New York,NY,10128,40.786953,-73.953125
Williams House Museum,424 Sierra Way,Quincy,CA,95971,39.927265,-120.902245
Warther Museum,331 Karl Ave,Dover,OH,44622,40.52579,-81.486984
Museum of Connecticut History,231 Capitol Ave,Hartford,CT,06106,41.76286,-72.683174
Old Jail Museum,128 W Broadway,Jim Thorpe,PA,18229,40.86371,-75.74669
Museum Of Cal Design,361 N Orange Dr,Los Angeles,CA,90036,34.07748,-118.34205
Hollywood Wax Museum,1808 21st Ave N Unit A,Myrtle Beach,SC,29577,33.71685,-78.89167
Grimes Mill Museum,600 S Church St,Salisbury,NC,28144,35.664085,-80.47678
Lewis Meriwether Museum,64592 731 Rd,Brownville,NE,68321,40.421947,-95.70829
Frank Museum of Art,1 S Grove St,Westerville,OH,43081,40.12529,-82.935715
Butler Longhorn Museum,1220 Coryell St,League City,TX,77573,29.51779,-95.08849
Boldman House Museum,410 N 1st St,Dayton,WA,99328,46.32259,-117.98304
Chippokes Farm and Forestry Museum,868 Plantation Rd,Surry,VA,23883,37.14151,-76.727806
Noble House Museum,4167 Main St,Fish Creek,WI,54212,45.12758,-87.24613
Indian Rocks Historical Museum,203 4th Ave,Indian Rocks Beach,FL,33785,27.882467,-82.84923
Richmond Railroad Museum,102 Hull St,Richmond,VA,23224,37.526108,-77.43568
Spencerport Depot & Canal Museum,16 East Ave,Spencerport,NY,14559,43.1918,-77.799614
Museum of Art Deland Downtown,100 N Woodland Blvd,Deland,FL,32720,29.028177,-81.30357
Prairie Song Museum,402625 W 1600 Rd,Dewey,OK,74029,36.785873,-95.835884
Cape Cod Museum of Art,60 Hope Ln,Dennis,MA,02638,41.74002,-70.1944
American Computer Museum,1283 N 14th St Ste 201,Bozeman,MT,59715,45.692722,-111.0552
Las Cruces Railroad Museum,351 N Mesilla St,Las Cruces,NM,88005,32.308643,-106.78691
Caswell No. 1 Fire Station Museum,118 S Queen St,Kinston,NC,28501,35.25994,-77.580925
Chippokes Farm/Forestry Museum,695 Chippokes Park Rd,Surry,VA,23883,37.145733,-76.73918
Friends of the Pioneer Museum,Po Box 975,Glasgow,MT,59230,48.203384,-106.60942
Maitland Historical Museums,221 W Packwood Ave,Maitland,FL,32751,28.62589,-81.366844
Georgia Salzburger Society Museum,2980 Ebenezer Rd,Rincon,GA,31326,32.372845,-81.182816
Indianapolis Museum of Art,2760 Highland Way,Columbus,IN,47201,39.226257,-85.9228
Fort Dix Military Museum,6501 Pennsylvania Ave,Fort Dix,NJ,08640,40.022655,-74.621155
American Museum of Science & Energy,115 Main St E,Oak Ridge,TN,37830,36.014217,-84.25287
Karpeles Museum,2410 Fairfield Ave,Fort Wayne,IN,46807,41.062927,-85.1453
National Hall Of Fame Museum,775 Wantagh Ave Ste 400,Wantagh,NY,11793,40.70407,-73.503914
Cussler Museum,14959 W 69th Ave,Arvada,CO,80007,39.822353,-105.16663
Museum Park Tower Two,1335 S Prairie Ave,Chicago,IL,60605,41.86506,-87.62076
Sephardic Heritage Museum,619 W County Line Rd,Lakewood,NJ,08701,40.10681,-74.22693
Bozeman Art Museum,2612 W Main St Ste B,Bozeman,MT,59718,45.673862,-111.07233
Propark Museum Tower,100 W Liberty St,Reno,NV,89501,39.521397,-119.812805
Neptune Historical Museum,25 Neptune Blvd,Neptune,NJ,07753,40.20972,-74.03613
Aspen Art Museum,637 E Hyman Ave,Aspen,CO,81611,39.18835,-106.81698
The L. Ron Hubbard House Museum,1812 19th St NW,Washington,DC,20009,38.914642,-77.043594
Reston Museum,1639 Washington Plz,Reston,VA,20190,38.96884,-77.340775
Museum of River History,60 S Front St,Lansing,IA,52151,43.362152,-91.21451
Belle-Fountaine Museum and House,700 S Library St,Waterloo,IL,62298,38.327618,-90.15259
Karpeles Museum,700 22nd St,Rock Island,IL,61201,41.505062,-90.56932
Texas Artists Museum,3501 Cultural Center Dr,Port Arthur,TX,77642,29.925901,-93.94903
Madison Museum of Contemporary Art,227 State St,Madison,WI,53703,43.074642,-89.388664
Bayou Lacombe Rural Museum,61115 S Saint Mary St,Lacombe,LA,70445,30.315878,-89.94309
Alpine Hills Historical Museum,106 W Main St,Sugarcreek,OH,44681,40.50313,-81.64135
Museum of Ossipee History,52 Route 28,Ossipee,NH,03864,43.69192,-71.11753
Rensselaer Russell House Museum,520 W 3rd St,Waterloo,IA,50701,42.493847,-92.345406
Occoquan Mill House Museum,413 Mill St,Occoquan,VA,22125,38.685635,-77.262146
Independence Historical Museum,123 N 8th St,Independence,KS,67301,37.224037,-95.708244
Cleveland Historical Museum,203 E Boothe St,Cleveland,TX,77327,30.34433,-95.08533
Fort Ligonier Museum,200 S Market St,Ligonier,PA,15658,40.24151,-79.23929
Terre Haute Children's Museum,727 Wabash Ave,Terre Haute,IN,47807,39.466377,-87.4065
Virginia Beach History Museums,5100 Cleveland St,Virginia Beach,VA,23462,36.842236,-76.15839
Battles Museums-Rural,43 Walnut St,Girard,PA,16417,42.000813,-80.31522
International Museum of Women,222 Sutter St,San Francisco,CA,94108,37.789867,-122.4045
Averasboro Battlefield Museum,3300 Nc Highway 82,Dunn,NC,28334,35.26622,-78.6722
University of Wyoming Insect Museum,100 E University Ave,Laramie,WY,82072,41.312927,-105.59574
Jasper County Historical Museum,1700 S 15th Ave W,Newton,IA,50208,41.685524,-93.07585
Gustine Museum,397 4th St,Gustine,CA,95322,37.25642,-120.99851
Trenton Historical Museum,306 Saint Joseph St,Trenton,MI,48183,42.142567,-83.17922
Webster County Museum,515 School St,Otho,IA,50569,42.425583,-94.14667
Museums Rhonda FRNNP,5700 W Genesee St,Camillus,NY,13031,43.04006,-76.29303
Tooele Valley Railroad Museum,35 N Broadway St,Tooele,UT,84074,40.531364,-112.28817
Mariners Museum Mariners Museum,101 Museum Pkwy,Newport News,VA,23606,37.043808,-76.49136
Chemung Valley History Museum,415 E Water St,Elmira,NY,14901,42.088554,-76.800385
James F. Bailey Assay Office Museum,6352 Fourmile Canyon Dr,Boulder,CO,80302,40.039833,-105.39099
Moravia Wabash Depot Museum,800 W North St,Moravia,IA,52571,40.8923,-92.82567
Campbell County Rockpile Museum,900 W 2nd St,Gillette,WY,82716,44.293247,-105.515434
US Marshals Museum,789 Riverfront Dr,Fort Smith,AR,72901,35.400017,-94.42342
Lchs Lehigh County Museum,2917 Route 100,Orefield,PA,18069,40.614597,-75.65422
Camel Barn Museum,2060 Camel Rd,Benicia,CA,94510,38.05412,-122.13569
Hill-Hold Museum,128 State Route 416,Montgomery,NY,12549,41.502426,-74.25326
Bakers Junction Railroad Museum,7898 S Fairfax Rd,Bloomington,IN,47401,39.05705,-86.498726
Riverbank Historic House Museum,2 Riverbank Ln,Cornwall On Hudson,NY,12520,41.44629,-74.01388
Cyrus Dallin Museum,631 Massachusetts Ave,Arlington,MA,02474,42.415558,-71.15282
Waynoka History Museum,202 S Cleveland St,Waynoka,OK,73860,36.583527,-98.88277
Pender County Museum,200 W Bridgers St,Burgaw,NC,28425,34.55226,-77.92946
U.S. Olympic & Paralympic Museum,200 S Sierra Madre St,Colorado Springs,CO,80903,38.830833,-104.82925
Museum Range Historical Society,101 1st St NE,Crosby,MN,56441,46.483494,-93.94985
Shoshone Museum,118 N State Highway 127,Shoshone,CA,92384,35.976124,-116.270355
Springfield Children's Museum,619 E Washington St,Springfield,IL,62701,39.80185,-89.647575
Wasilla Museum & Visitor Center,391 N Main St,Wasilla,AK,99654,61.583366,-149.4412
Shangri La Islamic Art Museum,4055 Papu Cir,Honolulu,HI,96816,21.257805,-157.7947
National Museum of Cambridge Glass,136 S 9th St,Cambridge,OH,43725,40.023823,-81.588486
Children's Museum of Sonoma County,1835 W Steele Ln,Santa Rosa,CA,95403,38.460114,-122.73679
Giant Forest Museum,59468 Generals Hwy,Three Rivers,CA,93271,36.48433,-118.837906
Hillary Jones Wildlife Museum,601 School St,Jasper,AR,72641,36.00469,-93.18929
Goti Museum Latin,7410 Broadway,North Bergen,NJ,07047,40.796032,-74.0033
Culture & Heritage Museums,9035 Meridian Way,West Chester,OH,45069,39.328934,-84.440704
Military Sea Services Museum,1402 Roseland Ave,Sebring,FL,33870,27.485703,-81.41844
Nicolaysen Art Museum,400 E Collins Dr,Casper,WY,82601,42.847713,-106.3202
Karpeles Manuscript Library Museum,21 W Anapamu St,Santa Barbara,CA,93101,34.422585,-119.70508
Marilla Historical Society Museum,1810 Two Rod Rd,Marilla,NY,14102,42.838448,-78.55539
Tahoe Maritime Museum,5205 Westlake Blvd,Homewood,CA,96141,39.08437,-120.16006
Roberson Museum and Science Center,30 Front St,Binghamton,NY,13905,42.094032,-75.91894
USS Newport News Museum,3 Nevens St,Hudson,NH,03051,42.76058,-71.42143
Daughters of Utah Pioneers Museum,115 E Oneida St,Preston,ID,83263,42.096424,-111.87344
Museum Grade,425 W 160th St,New York,NY,10032,40.834377,-73.93937
World Erotic Art Museum,1205 Washington Ave,Miami Beach,FL,33139,25.78313,-80.13208
Museum of Arts and Sciences,352 S Nova Rd,Daytona Beach,FL,32114,29.1952,-81.03663
Mt Shasta Museum Association Inc,1 N Old Stage Rd,Mount Shasta,CA,96067,41.308945,-122.326805
Algonac Clay Historical Museum,1240 Saint Clair River Dr,Algonac,MI,48001,42.61919,-82.53002
Taft Museum of Art,316 Pike St,Reading,OH,45215,39.224564,-84.444984
Lake Bluff History Museum,127 E Scranton Ave,Lake Bluff,IL,60044,42.27954,-87.843155
Clark County Museum,1670 Pinto Ln,Las Vegas,NV,89106,36.16447,-115.163734
Heritage Flight Museum,4165 Mitchell Way,Bellingham,WA,98226,48.79227,-122.53084
Virginia Museum-Natrl History,104 Emmet St N,Charlottesville,VA,22903,38.040257,-78.50636
Washington Heritage Museums,1304 Caroline St,Fredericksburg,VA,22401,38.306694,-77.4617
German Heritage Museum,3258 Hanna Ave,Cincinnati,OH,45211,39.14245,-84.61142
Museum-Primitive Art and Culture,1058 Kingstown Rd,Wakefield,RI,02879,41.450478,-71.49531
John Wayne Birthplace & Museum,205 S 1st St,Winterset,IA,50273,41.33327,-94.01319
Discovery Center Science Museum,703 E Prospect Rd,Fort Collins,CO,80525,40.566936,-105.06727
Person County Museum of History,309 N Main St,Roxboro,NC,27573,36.395973,-78.9813
Cheyenne Depot Museum Foundation,1829 Converse Ave,Cheyenne,WY,82001,41.143097,-104.78984
Popeye Museum,1001 State St,Chester,IL,62233,37.9123,-89.82342
Lincoln Museum,66 Lincoln Sq,Hodgenville,KY,42748,37.574036,-85.74066
Vermilion County Museum,116 N Gilbert St,Danville,IL,61832,40.127426,-87.635735
Alabama Mining Museum,120 East St,Dora,AL,35062,33.731632,-87.08976
South Amana Barn Museum,413 P St,South Amana,IA,52334,41.777466,-91.96877
Washington's Headquarters Museum,140 Virginia Rd,White Plains,NY,10603,41.058777,-73.7705
Discovery Center Museum,711 N Main St,Rockford,IL,61103,42.276947,-89.08966
Maccallum More Museum and Gardens,603 Hudgins St,Chase City,VA,23924,36.80209,-78.455864
Museum of Contemporary Art,2500 S Grand Ave,Los Angeles,CA,90007,34.027237,-118.271614
Wamego Historical Museum,406 4th St,Wamego,KS,66547,39.202003,-96.30028
Mansfield Memorial Museum,34 Park Ave W,Mansfield,OH,44902,40.75874,-82.51676
Englewood Textile Museum,109 N Niota Rd,Englewood,TN,37329,35.430004,-84.48801
De Saisset Museum,500 El Camino Real,Santa Clara,CA,95053,37.35199,-121.93755
Air Force Armament Museum,100 Museum Dr,Eglin Afb,FL,32542,30.471561,-86.53779
Idaho Farm & Ranch Museum,212 1st Ave E,Jerome,ID,83338,42.72529,-114.5163
Portland Harbor Museum,510 Congress St Ste 4,Portland,ME,04101,43.65614,-70.26061
Samuel Dorsky Museum of Art,1 Hawk Dr,New Paltz,NY,12561,41.73833,-74.09066
Black Heritage Museum,900 S Walter Reed Dr,Arlington,VA,22204,38.86392,-77.08751
Top of Oklahoma Museum,303 S Main St,Blackwell,OK,74631,36.80216,-97.28315
Bundy Museum of History & Art,127 Main St,Binghamton,NY,13905,42.101376,-75.92723
Childrens Museum-Northwest,1009 Museum Way,Bentonville,AR,72712,36.37867,-94.198235
Clearwater Historical Museum,315 Michigan Ave,Orofino,ID,83544,46.47989,-116.25298
Cable Natural History Museum,13470 County Highway M,Cable,WI,54821,46.20784,-91.29149
The Oldest Store Museum,167 San Marco Ave,Saint Augustine,FL,32084,29.90816,-81.319565
Arden Craft Shop Museum,1807 Millers Rd,Wilmington,DE,19810,39.811005,-75.486084
Mining Museum,385 E Main St,Platteville,WI,53818,42.732826,-90.473145
Bolton Town Museum,4924 Lake Shore Dr,Bolton Landing,NY,12814,43.555138,-73.65551
William F Eisner Museum,200 N Water St,Milwaukee,WI,53202,43.032658,-87.909134
W W Ii Flight Training Museum,3 Airport Cir,Douglas,GA,31535,31.479511,-82.85178
World Of Scouting Museum Inc,VALLEY Forge Ctr,King Of Prussia,PA,19406,40.105446,-75.41819
Portsmouth Community Library Museum,904 Elm Ave,Portsmouth,VA,23704,36.831764,-76.31293
Roy Historical Museum,5550 W 1700 S,Clearfield,UT,84015,41.090935,-112.02741
Hickory Ridge Living History Museum,591 Horn In The West Dr,Boone,NC,28607,36.20987,-81.67036
Douglas County Museum,200 W Washington Ave,Ava,MO,65608,36.952312,-92.66141
Red Springs Historical Museum,506 E 4th Ave,Red Springs,NC,28377,34.811672,-79.17594
Museum of Contemporary Craft,724 NW Davis St,Portland,OR,97209,45.524323,-122.67869
Madrid Historical Museum,109 W 2nd St,Madrid,IA,50156,41.876057,-93.8207
Dinosaur Discovery Museum,5500 1st Ave,Kenosha,WI,53140,42.587288,-87.81298
The Ealy House Museum,6359 E Dublin Granville Rd,New Albany,OH,43054,40.082478,-82.81949
Lakewood Heritage Museum,231 3rd St,Lakewood,NJ,08701,40.093372,-74.21366
The Noguchi Museum Store,901 33rd Rd,Astoria,NY,11106,40.7667,-73.93784
Morven Museum & Garden,55 Stockton St,Princeton,NJ,08540,40.347076,-74.66655
Irish Cultural Museum,933 Conti St,New Orleans,LA,70112,29.957468,-90.06926
Old Jail Museum,350 E 3rd St,Dubuque,IA,52001,42.496605,-90.66003
Ward-Heitmann House Museum,277 Elm St,West Haven,CT,06516,41.276157,-72.951546
Baldwin Home Museum,120 Dickenson St,Lahaina,HI,96761,20.8735,-156.6778
Wurtsmith Air Museum,4071 E Van Ettan St,Oscoda,MI,48750,44.45822,-83.35726
Akron Art Museum,One South High Street,Akron,OH,44308,41.08431,-81.51536
Fernandina Beach Pinball Museum,2106 Sadler Rd  Sadler Square,Fernandina Beach,FL,32034,30.6398,-81.4469
Fillmore Historical Museum,707 W Ventura St,Fillmore,CA,93015,34.39632,-118.917946
Fort Wallace Museum,408 Plains,Wallace,KS,67761,38.918087,-101.4772
Stuhr Museum of The Prairie Pioneer,3133 W US Highway 34,Grand Island,NE,68801,40.887897,-98.37094
Texas Energy Museum,600 Main St,Beaumont,TX,77701,30.08266,-94.0964
Burke County Museum,536 S Liberty St,Waynesboro,GA,30830,33.08817,-82.01441
Rockford Auto Museum,518 Walnut St,Rockford,IL,61104,42.266464,-89.08733
Chalet of the Golden Fleece Museum,618 2nd St,New Glarus,WI,53574,42.81429,-89.63493
Oysterbarr Museum,1 Railroad Ave,Syosset,NY,11791,40.82353,-73.502335
Veterans Museum,20578 Us Highway 425 S,Star City,AR,71667,33.91502,-91.846954
Valentine Museum,14 S 14th St,Richmond,VA,23219,37.535053,-77.43241
Marbles Kids Museum,201 E Hargett St,Raleigh,NC,27601,35.778316,-78.636406
Coleman Museum,50 Main St,Ellendale,ND,58436,46.002354,-98.53698
Manship House Museum,420 E Fortification St,Jackson,MS,39202,32.312305,-90.18142
West Michigan Childrens Museum,250 Muskegon Mall,Muskegon,MI,49440,43.237415,-86.25013
The Teddy Bear House Museum,1299 S Haugh Ave,Picayune,MS,39466,30.514437,-89.67969
Discovery Depot Children's Museum,128 S Chambers St,Galesburg,IL,61401,40.945957,-90.362625
Frank Walker Museum,921 N Cedar St,Stockton,KS,67669,39.446133,-99.27525
Romanian Folk Art Museum,1606 Spruce St,Philadelphia,PA,19103,39.94729,-75.16834
National New York Control Museum,721 S Main St,Elkhart,IN,46516,41.680656,-85.96965
American Armory Museum,1 Jelly Belly Ln,Fairfield,CA,94533,38.23852,-122.07855
Abigail Adams Smith Museum,421 E 61st St,New York,NY,10065,40.760506,-73.95983
National Vietnam War Museum,3400 N Tanner Rd,Orlando,FL,32826,28.589586,-81.17123
Canton Classic Car Museum,123 6th St SW,Canton,OH,44702,40.79516,-81.37627
Detroit Hydroplane Museum,2121 Franklin St,Detroit,MI,48207,42.33575,-83.02488
Leatherwood Museums,202 E 7th Ave,Oakdale,LA,71463,30.817438,-92.66201
Natural History Museum,641 E 200 N,Brigham City,UT,84302,41.51539,-112.00564
Paul and Lul Hillard Art Museum,710 E Saint Mary Blvd,Lafayette,LA,70503,30.20967,-92.01567
Belton Museum,512 Main St,Belton,MO,64012,38.81086,-94.53133
Triangle Tattoo & Museum,356 N Main St,Fort Bragg,CA,95437,39.444935,-123.805725
Newport Museum,22 Main St,Newport,NH,03773,43.36449,-72.17281
Kent County Museum,13689 Turners Creek Rd,Kennedyville,MD,21645,39.353855,-75.98557
Intrepid Museum,12 W 46th St,New York,NY,10036,40.756298,-73.98003
Mansion Museum,265 Massina Dr,Wheeling,WV,26003,40.096455,-80.70091
Welaka Maritime Museum,501 4th Ave,Welaka,FL,32193,29.48007,-81.67104
Bonnell Museum,20755 Lamar Rd,Weston,MO,64098,39.46866,-94.84178
Bothell Historical Museum,9919 NE 180th St,Bothell,WA,98011,47.758274,-122.20777
Fremont County Pioneer Museum,630 Lincoln St,Lander,WY,82520,42.83577,-108.73758
Branson Dinosaur Museum,3619 W 76 Country Blvd,Branson,MO,65616,36.646336,-93.28766
Frostburg Museum,69 Hill St,Frostburg,MD,21532,39.650154,-78.92698
Waltham Museum,7 Viles Ct,Waltham,MA,02453,42.373272,-71.24556
Oak Bluffs Fire Museum,6 Firehouse Ln,Oak Bluffs,MA,02557,41.4433,-70.5594
Hamtramck Historical Museum,9525 Joseph Campau St,Hamtramck,MI,48212,42.39524,-83.05699
Glenn Cardwell Heritage Museum,2455 E Parkway,Gatlinburg,TN,37738,35.7426,-83.40914
Calhoun County Museum,49 Bridge St,Saint Matthews,SC,29135,33.675476,-80.830284
Paul S Russell Museum,2 Grove St,Boston,MA,02114,42.360924,-71.06853
Webel Museum,123 E Wilson St,Ridgeland,SC,29936,32.48191,-80.979485
America's Credit Union Museum,420 Notre Dame Ave,Manchester,NH,03102,42.99318,-71.4758
Ernest Hemingway Birthplace Museum,339 N Oak Park Ave,Oak Park,IL,60302,41.89237,-87.79476
Haymarket Museum,15025 Washington St,Haymarket,VA,20169,38.812366,-77.63715
Cleveland Bradley Regional Museum,200 Inman St E,Cleveland,TN,37311,35.15819,-84.87413
Loma Earth Science Museum,208 2nd Ave,Loma,MT,59460,47.93574,-110.5031
Explore Some More Chld Museum,6619 Coopers Hawk Ct,Lakewood Ranch,FL,34202,27.421547,-82.40508
Bennington Museum,75 Main St,Bennington,VT,05201,42.883347,-73.20971
Veterans Museum,5 Liberty Sq,Sparta,TN,38583,35.92577,-85.46458
Grant County Ranch & Rodeo Museum,241 E Main St,John Day,OR,97845,44.416176,-118.95076
Mariposa Museum,26 Main St,Peterborough,NH,03458,42.87741,-71.94959
Great Western Railroad Museum,3038 Cannon Ave,Klamath Falls,OR,97603,42.20404,-121.75079
Hastings Museum Farmers' Market,4010 E Meadowlark Ln,Hastings,NE,68901,40.618523,-98.320656
Reece Museum,363 Stoots Hl,Johnson City,TN,37601,36.380306,-82.32668
Schifferstadt Architectural Museum,7003 Glen Ct,Frederick,MD,21702,39.457092,-77.4254
Platteville Museum,502 Marion Ave,Platteville,CO,80651,40.215004,-104.82511
Wilson Museum,120 Perkins St,Castine,ME,04421,44.38451,-68.80527
Western Illinois Museum,201 S Lafayette St,Macomb,IL,61455,40.45746,-90.67161
York County Historical Museum,301 Main St,Yorktown,VA,23690,37.2358,-76.508766
Nevada State Railroad Museum,600 Yucca St,Boulder City,NV,89005,35.96886,-114.85478
Atkinson Museum,1 College Rd,Farmville,VA,23901,37.236916,-78.45882
Outlaw and Lawmen Jail Museum,136 W Bennett Ave,Cripple Creek,CO,80813,38.74634,-105.18113
Desoto County Museum,111 E Commerce St,Hernando,MS,38632,34.823463,-89.98781
Immigration Museum,101 W Broadway,San Diego,CA,92101,32.715496,-117.16418
Kurt Vonnegut Museum and Library,340 N Senate Ave,Indianapolis,IN,46204,39.77254,-86.1635
Stay N Play Children's Museum,27 Perkins St,Bridgewater,MA,02324,41.99445,-70.97532
Beaverhead County Museum,15 S Montana St,Dillon,MT,59725,45.217464,-112.63798
The History Museum,422 2nd St S,Great Falls,MT,59405,47.500015,-111.30453
Vatican Museums of Ohio,6275 Cochran Rd,Solon,OH,44139,41.389023,-81.468864
Haitian Heritage Museum,4141 NE 2nd Ave Ste 105C,Miami,FL,33137,25.814629,-80.19127
Twister The Movie Museum,101 W Main St,Wakita,OK,73771,36.883167,-97.922516
New Holland Band Museum,11 Chestnut Dr,New Holland,PA,17557,40.103455,-76.07265
Florida Agricultural Museum,7900 Old Kings Rd N,Palm Coast,FL,32137,29.639114,-81.27644
Cunningham Museum,129 E Maple St,Lancaster,WI,53813,42.847866,-90.70915
Norman 1 Museum,106 S 1st St,Neodesha,KS,66757,37.41733,-95.67473
Arkansas Railroad Museum,1700 Port Rd,Pine Bluff,AR,71601,34.229046,-91.98578
Fayette County Historical Museum,200 W 5th St,Connersville,IN,47331,39.642174,-85.140785
Danish Windmill Museum,4038 Main St,Elk Horn,IA,51531,41.589108,-95.06023
Mid-Hudson Discovery Museum,75 N Water St,Poughkeepsie,NY,12601,41.708324,-73.9392
Brooks County Museum,121 N Culpepper St,Quitman,GA,31643,30.785429,-83.55898
Museum of Fine Arts,465 Huntington Ave,Boston,MA,02115,42.338303,-71.09471
Steam Railroading Institute Museum,405 S Washington St,Owosso,MI,48867,42.994556,-84.1705
Dominguez Rancho Adobe Museum,18127 S Alameda St,Compton,CA,90220,33.865936,-118.21627
Berkeley County Museum & Historic,136 E Race St,Martinsburg,WV,25401,39.45974,-77.96232
Briscoe Western Art Museum,210 W Market St,San Antonio,TX,78205,29.423098,-98.48899
USO Club Museum,305 E 6th St,Hattiesburg,MS,39401,31.334356,-89.29211
Celentano Museum Academy,400 Canner St,New Haven,CT,06511,41.3253,-72.92151
Drake Well Museum,202 Museum Ln,Titusville,PA,16354,41.61207,-79.657104
Candler Field Museum,349 Jonathans Roost Rd,Williamson,GA,30292,33.180557,-84.37417
Museum Of Modern Art,4520 33rd St,Long Island City,NY,11101,40.744236,-73.931946
Alaska Veterans Museum,334 W 4th Ave,Anchorage,AK,99501,61.218414,-149.88823
Museum Tour Catalog,2517 SE Mailwell Dr,Portland,OR,97222,45.454487,-122.636345
Roseau County Museum,121 Center St E Ste 101,Roseau,MN,56751,48.8464,-95.76134
Batavia Depot Museum,155 Houston St,Batavia,IL,60510,41.851364,-88.31014
National Mexican Museum of Art,1852 W 19th St,Chicago,IL,60608,41.85587,-87.67348
Titan Toy Museum,711 1st Corso,Nebraska City,NE,68410,40.675545,-95.85412
Bay State Model Railroad Museum,760 South St,Roslindale,MA,02131,42.28707,-71.1296
Biedenharn Coca-Cola Museum,1107 Washington St,Vicksburg,MS,39183,32.35176,-90.881676
Michigan Military History Museum,4900 37th St SE,Grand Rapids,MI,49512,42.896343,-85.54453
New Jersey State Museum Museum,Trenton 08601,Trenton,NJ,08601,40.2169,-74.7433
Staff House Museum,820 McKinley Ave,Kellogg,ID,83837,47.53758,-116.1333
Allen & Company Museum,87 Marshall St,North Adams,MA,01247,42.699657,-73.1139
Old Newgate Prison Museum,Newgate Rd,East Granby,CT,06026,41.947083,-72.74012
W W and F Railway Museum,97 Cross Rd,Alna,ME,04535,44.06051,-69.62383
National Academy Museum,8700 Jericho City Dr,Landover,MD,20785,38.909878,-76.855995
Hall of Heroes Super Hero Museum,1915 Cassopolis St,Elkhart,IN,46514,41.71007,-85.972305
Weld House Museum,1380 Mulholland St,Nauvoo,IL,62354,40.549606,-91.38087
Sydney L Wright Museum,26 North Rd,Jamestown,RI,02835,41.497723,-71.37448
Aero Marine Pam AM Museum,303 Whitehead St,Key West,FL,33040,24.55735,-81.805305
Freedom Museum Inc,10400 Terminal Rd,Manassas,VA,20110,38.72728,-77.51145
Pioneer Auto Museum,503 E 5th St,Murdo,SD,57559,43.88648,-100.70739
Lane County Historical Museum,333 S Main St,Dighton,KS,67839,38.479504,-100.46697
Museum of Flying,3100 Airport Ave,Santa Monica,CA,90405,34.01428,-118.449036
Maneki Neko Museum,2511 Essex Pl,Cincinnati,OH,45206,39.12664,-84.498535
Albany Museum of Art,311 Meadowlark Dr,Albany,GA,31707,31.582521,-84.20826
American Folk Art Museum,45 W 53rd St,New York,NY,10019,40.761475,-73.97795
Wilderness Trail Museum,37 S Main St,Fort Loramie,OH,45845,40.34763,-84.37519
Jameson Classic Motorcycle Museum,305 Forest Ave,Pacific Grove,CA,93950,36.61961,-121.91829
Jordan Schnitzer Museum of Art,1430 Lanes Turn Rd,Eugene,OR,97408,44.182163,-123.1344
Lafayette Natural History Museum,637 Girard Park Dr,Lafayette,LA,70503,30.203182,-92.02201
Goldstein Museum of Design,1985 Buford Ave,Saint Paul,MN,55108,44.984592,-93.184326
UNM Art Museum,Cornell & Central Ne,Albuquerque,NM,87131,35.081932,-106.619545
Virginia Associations-Museums,200 S 3rd St,Richmond,VA,23219,37.539574,-77.44368
Schepis Museum,103 Gates St,Columbia,LA,71418,32.121826,-92.07001
The Museum Company,746 Eastview Mall,Victor,NY,14564,43.02708,-77.43985
Old Fort Sumner Museum,3501 Billy The Kid Dr,Fort Sumner,NM,88119,34.40441,-104.19342
Opelousas Museum-Interpretive,329 N Main St,Church Point,LA,70525,30.407484,-92.21895
Shaker Museum,707 Shaker Rd,New Gloucester,ME,04260,43.984978,-70.36638
Maxine & Jesse Whitney Museum,303 Lowe St,Valdez,AK,99686,61.13406,-146.35683
Veterans' Museum,100 Veterans Dr,Halls,TN,38040,35.894863,-89.402725
Taft Museum of Art,316 Pike St,Cincinnati,OH,45202,39.10185,-84.50302
Peace Museum,100 N Central Park Ave,Chicago,IL,60624,41.88163,-87.715996
Ashton House Museum,120 3rd St NW,Carrollton,OH,44615,40.57505,-81.08578
Museum of Musical Instruments,711 Hampton Dr,Venice,CA,90291,33.994053,-118.47476
Reitz Home Museum,224 SE 1st St,Evansville,IN,47713,37.968037,-87.57268
Benson Historical Museum,145 S Wabash,Howard,KS,67349,37.468525,-96.26341
Daughters of Utah Pioneers Museum,300 W North St,Ogden,UT,84404,41.266907,-111.983315
Morris Museum of Art,1 10th St,Augusta,GA,30901,33.479324,-81.96832
Larz Anderson Auto Museum,15 Newton St,Brookline,MA,02445,42.309456,-71.13497
Lebanon Township Museum,57 Musconetcong River Rd,Hampton,NJ,08827,40.72109,-74.96164
Chicago Children's Museum,700 E Grand Ave,Chicago,IL,60611,41.892025,-87.60755
Fennimore Railroad Museum,610 Lincoln Ave,Fennimore,WI,53809,42.986355,-90.65578
Makah Museum,1880 Bayview Ave,Neah Bay,WA,98357,48.3688,-124.59912
Little League Baseball Museum,525 Us Highway 15,Williamsport,PA,17702,41.23016,-76.99094
Old Jail Museum,167 San Marco Ave,St Augustine,FL,32084,29.90816,-81.319565
Maywood Station Museum,269 Maywood Ave,Maywood,NJ,07607,40.8963,-74.06556
Clark County Museum,725 Michigan Ave,Jeffersonville,IN,47130,38.27588,-85.744576
Monticello Railway Museum,316 S Charter St,Monticello,IL,61856,40.023952,-88.57311
Cuneo Museum and Gardens,1350 N Milwaukee Ave,Vernon Hills,IL,60061,42.248955,-87.94621
Heritage of the Americas Museum,12110 Cuyamaca College Dr W,El Cajon,CA,92019,32.741127,-116.939095
Lily Dale Museum,16-18 Library St,Lily Dale,NY,14752,42.35295,-79.32412
Motown Historical Museum,2648 W Grand Blvd,Detroit,MI,48208,42.36436,-83.08828
Tinkertown Museum,121 Sandia Crest Rd,Sandia Park,NM,87047,35.168743,-106.36587
York Area Children's Museum,612 N Nebraska Ave,York,NE,68467,40.86736,-97.590416
Lane Victory Maritime Museum,49 Berth,San Pedro,CA,90731,33.74968,-118.27475
Twisted Oz Motorcycle Museum,601 W 7th Ave,Augusta,KS,67010,37.67921,-96.98511
Lumberman's Museum,25 Waters Rd,Patten,ME,04765,46.001495,-68.4789
Yale Peabody Museum Store,170 Whitney Ave,New Haven,CT,06511,41.31562,-72.920944
Issaquah Depot Museum,78 1st Ave NW,Issaquah,WA,98027,47.531178,-122.037865
Museum Ofboulder,6595 Odell Pl,Boulder,CO,80301,40.073734,-105.20062
Phoenix Art Museum,1625 N Central Ave,Phoenix,AZ,85004,33.466133,-112.07353
Alaska State Museum,395 Whittier St,Juneau,AK,99801,58.30027,-134.4148
Mercer Williams House Museum,430 Whitaker St,Savannah,GA,31401,32.071445,-81.0958
Teton Flood Museum,51 N Center St,Rexburg,ID,83440,43.827312,-111.784035
Overbeck Pottery Museum,33 W Main St,Cambridge City,IN,47327,39.81265,-85.171074
Spring Street Historical Museum,525 Spring St,Shreveport,LA,71101,32.5149,-93.74652
Waioli Mission House Museum,4050 Nawiliwili Rd,Lihue,HI,96766,21.9631,-159.36751
Falmouth Museums on the Green,65 Palmer Ave,Falmouth,MA,02540,41.55543,-70.61997
Glennville-Tattnall Museum,211 S Tillman St,Glennville,GA,30427,31.9337,-81.92642
Sandusky Maritime Museum,125 Meigs St,Sandusky,OH,44870,41.460392,-82.70284
Frenchtown Heritage Museum,1121 N 2nd St,Saint Charles,MO,63301,38.7903,-90.47818
Le Sueur County Museum,301 NE 2nd St,Elysian,MN,56028,44.20125,-93.67407
Portsmouth Naval Shipyard Museum,2 High St,Portsmouth,VA,23704,36.835938,-76.29626
Cripple Creek District Museum,500 E Bennett Ave,Cripple Creek,CO,80813,38.746696,-105.17306
Bagpipe Music Museum,1308 Balmoral Gln,Flossmoor,IL,60422,41.53893,-87.68791
Vermont Veterans Militia Museum,789 National Guard Rd,Colchester,VT,05446,44.501144,-73.16252
Newport Art Museum,76 Bellevue Ave,Newport,RI,02840,41.485424,-71.30855
Mansfield Memorial Museum,34 Park Ave,Shelby,OH,44875,40.876842,-82.659386
Kelly Griggs House Museum,311 Washington St,Red Bluff,CA,96080,40.17362,-122.233246
Arkansas Post Museum,5530 Highway 165 S,Gillett,AR,72055,34.031925,-91.373665
Kansas City Automotive Museum,15095 W 116th St,Olathe,KS,66062,38.918316,-94.760284
Racine Heritage Museum,701 Main St,Racine,WI,53403,42.72584,-87.78242
J F C Museum & Git Shop,1369 Old Stanford Rd,Danville,KY,40422,37.62039,-84.73368
Chattanooga Selfie Museum,1401 Williams St,Chattanooga,TN,37408,35.037514,-85.30909
Boston Beer Museum,30 Germania St Jamaica Pln,Boston,MA,02130,42.3107,-71.1126
Spinning Top and Yo-Yo Museum,533 Milwaukee Ave,Burlington,WI,53105,42.68061,-88.2774
Liberty County Museum,230 2nd St E,Chester,MT,59522,48.51139,-110.96301
Tennessee Valley Railroad Museum,421 Spring Creek Rd,Delano,TN,37325,35.238255,-84.55068
American Museum of Tort Law,654 Main St,Winsted,CT,06098,41.92359,-73.07573
Cody Firearms Museum,720 Sheridan Ave,Cody,WY,82414,44.525936,-109.07328
Cherokee Strip Museum,901 4th St,Alva,OK,73717,36.798622,-98.66375
Hazel Kibler Memorial Museum,522 Main St E,Girard,PA,16417,42.00467,-80.31092
Conococheague Institute Museum,12995 Bain Rd,Mercersburg,PA,17236,39.74866,-77.8726
Underhill Museum,1416 Wall St,Idaho Springs,CO,80452,39.743336,-105.51791
Colorado Springs Pioneers Museum,215 S Tejon St,Colorado Springs,CO,80903,38.830627,-104.82355
Shiloh Museum of Ozark History,118 W Johnson Ave,Springdale,AR,72764,36.186405,-94.13109
Auburn Museum & Historic Home,400 Duncan Ave,Natchez,MS,39120,31.545376,-91.390755
National Presidential Wax Museum,609 Highway 16A,Keystone,SD,57751,43.88835,-103.4262
Central Museum of Art and Design,100 N University Dr,Edmond,OK,73034,35.656033,-97.47486
Salem Wax Museum,288 Derby St,Salem,MA,01970,42.52017,-70.89182
Pratt Museum,3779 Bartlett St,Homer,AK,99603,59.645027,-151.54936
Fostoria Glass Museum,6th Tomlinson Ave,Moundsville,WV,26041,39.9206,-80.7448
Burnham Tavern Museum,14 Colonial Way,Machias,ME,04654,44.714134,-67.45981
Upper Bay Museum,219 W Walnut St,North East,MD,21901,39.59414,-75.94659
Frederick Douglas Museum Cultural,300 E Main St,Rochester,NY,14604,43.157784,-77.60417
Thomas a. Greene Geological Museum,3209 N Maryland Ave Bldg 1982,Milwaukee,WI,53211,43.07574,-87.88307
African Museum,2810 Lindholm St,Shreveport,LA,71108,32.466988,-93.7827
Intrepid Museum,46th St & 12th Ave,New York,NY,10036,40.7598,-73.9914
National Lighter Museum,5715 S Sooner Rd,Guthrie,OK,73044,35.8191,-97.42546
Vigo County Historical Museum,929 Wabash Ave,Terre Haute,IN,47807,39.46673,-87.40301
Michigan Iron Industry Museum,73 Forge Rd,Negaunee,MI,49866,46.52047,-87.55794
Enrico Caruso Museum of America,1942 E 19th St,Brooklyn,NY,11229,40.602837,-73.95346
Shroud Museum,2884 Parkway,Pigeon Forge,TN,37863,35.79746,-83.56719
Lehigh Valley Heritage Museum,432 E Walnut St,Allentown,PA,18109,40.609093,-75.44516
HealthWorks! Kids' Museum St. Louis,1100 Macklind Ave,Saint Louis,MO,63110,38.628117,-90.27469
Aurora History Museum,15151 E Alameda Pkwy,Aurora,CO,80012,39.71012,-104.812195
Tryon History Museum,26 Maple St,Tryon,NC,28782,35.20917,-82.2386
Museum of Hounds and Hunting,17263 Southern Planter Ln,Leesburg,VA,20176,39.13978,-77.572105
Lyman Allyn Art Museum,625 Williams St,New London,CT,06320,41.37268,-72.104836
Coalport Area Coal Museum,961 Forest St,Coalport,PA,16627,40.749428,-78.53345
Coe House Museum,371 W Michigan Ave,Grass Lake,MI,49240,42.249176,-84.218796
Plattsburgh Art Museum,2 Draper Ave,Plattsburgh,NY,12901,44.693523,-73.46828
St. Petersburg Museum of History,335 2nd Ave NE,Saint Petersburg,FL,33701,27.773727,-82.63101
Colorado Model Railroad Museum,680 10th St,Greeley,CO,80631,40.4224,-104.688484
Farragut Folklife Museum,11408 Municipal Center Dr,Knoxville,TN,37934,35.878777,-84.16069
Arkansas Inland Maritime Museum,110 Riverfront Dr,Little Rock,AR,72202,34.759045,-92.30298
Landis Valley Museum,2451 Kissel Hill Rd,Lancaster,PA,17601,40.09265,-76.28079
Museum of Science and Industry,4801 E Fowler Ave,Tampa,FL,33617,28.054214,-82.40465
Museums of Russian Icons,203 Union St,Clinton,MA,01510,42.41555,-71.68335
La Center Museum Association,410 W 5th St,La Center,WA,98629,45.862305,-122.674515
Egyptian Museum,517 Ocean Front Walk Ste 17,Venice,CA,90291,33.992847,-118.4787
New York State Museum,222 Madison Ave,Albany,NY,12208,42.6557,-73.8008
The Children's Museum,327 Broad St,Lake Charles,LA,70601,30.229355,-93.21666
Depot Museum,248 W 1st St,Emmet,AR,71835,33.727543,-93.47434
Benjamin Harrison Museum,725 N New Jersey St,Indianapolis,IN,46202,39.777046,-86.150276
Hermione Museum,315 N Mulberry St,Tallulah,LA,71282,32.40919,-91.18509
Museum of The Town of Rindge,24 School St,Rindge,NH,03461,42.749767,-72.00805
Walters Art Museum,600 N Charles St,Baltimore,MD,21201,39.296654,-76.61596
Lost City Museum,721 Moapa Valley Blvd,Overton,NV,89040,36.55366,-114.4566
Grosvenor House Museum,211 Maumee St,Jonesville,MI,49250,41.982555,-84.66038
Whitey Museum of American Art,440 Park Ave S,New York,NY,10016,40.74453,-73.983505
Louis Miller Museum,166 Main St,Hoosick Falls,NY,12090,42.895138,-73.35036
Muncie Children's Museum,515 S High St,Muncie,IN,47305,40.189865,-85.387886
Friends- Museum Nc Maritime,410 Front St,Beaufort,NC,28516,34.716827,-76.665794
Kauffman House Museum,407 Pitkin St,Grand Lake,CO,80447,40.25116,-105.81829
Blackhawk Museum,1333 N California Blvd,Walnut Creek,CA,94596,37.897995,-122.06351
Great Valley Museum,1100 Stoddard Ave,Modesto,CA,95350,37.649303,-121.007614
Heard Museum,145 Cherokee Ct,Estes Park,CO,80517,40.34804,-105.52482
Great Lakes Childrens Museum,13240 S West Bay Shore Dr,Traverse City,MI,49684,44.786564,-85.63797
Athens Music Museum,201 College Ave,Athens,GA,30601,33.958595,-83.375694
Nathan L. Dauby Scout Museum,2241 Woodland Ave,Cleveland,OH,44115,41.49278,-81.6741
Charles W Greene Museum,530 Main St,Warren,RI,02885,41.728355,-71.28188
Duluth Children's Museum,115 S 29th Ave W,Duluth,MN,55806,46.75855,-92.13322
Museum of Westward Expansion,11 N 4th St,Saint Louis,MO,63102,38.625427,-90.18889
Pearl S. Buck Birthplace Museum,8129 Seneca Trl,Hillsboro,WV,24946,38.141357,-80.203575
Mighty Eighth Air Force Museum,175 Bourne Ave,Pooler,GA,31322,32.115036,-81.23536
Jancie Mason Art Museum,71 Main St,Cadiz,KY,42211,36.86312,-87.83606
Forks Timber Museum,1421 S Forks Ave Hwy 101,Forks,WA,98331,47.8911,-124.3533
Legacy of the Plains Museum,2930 M St,Gering,NE,69341,41.821568,-103.68084
Wyoming Historical Museum,121 W Main St,Wyoming,IA,52362,42.058727,-91.00623
Firefighters Museum,226 W Washington Blvd,Fort Wayne,IN,46802,41.07706,-85.14114
Marine Museum,600 S Lake Ave,Duluth,MN,55802,46.77954,-92.09306
Valentown Museum,7370 Valentown Sq,Victor,NY,14564,43.02591,-77.4362
Soda Springs ID Historical Museum,76 S Main St,Soda Springs,ID,83276,42.65744,-111.6039
Southeast Museum,67 Main St,Brewster,NY,10509,41.394283,-73.61757
Walsenburg Mining Museum,112 W 5th St,Walsenburg,CO,81089,37.62445,-104.78249
Littleton Historical Museum,6028 S Gallup St,Littleton,CO,80120,39.606335,-105.001976
Arizona Museum of Natural,53 N Macdonald,Mesa,AZ,85201,33.417374,-111.8338
Maritime Museum,301 Driftway,Scituate,MA,02066,42.17761,-70.74202
Optical Heritage Museum,12 Crane St,Southbridge,MA,01550,42.080544,-72.03528
Van Andel Museum Center,223 Washington St SE,Grand Rapids,MI,49503,42.96135,-85.66371
Newland House Museum,19820 Beach Blvd,Huntington Beach,CA,92648,33.67461,-117.98832
Indianapolis Museum of Art,4000 Michigan Rd,Indianapolis,IN,46208,39.825146,-86.18129
Tulsa Children's Museum,3123 Riverside Dr,Tulsa,OK,74105,36.11844,-95.984604
Pender Museum,130 Bridgers St,Tarboro,NC,27886,35.903362,-77.537346
