Table with column headers in rows 3 and 4,,,,,,,,,,,,,,,,,,,,,,,,,,,,,,
"2024 Poverty and Median Household Income Estimates - Counties, States, and National
Source: U.S. Census Bureau, Small Area Income and Poverty Estimates (SAIPE) Program January 2026, Project No. P-7502872 / Approval CBDRB-FY25-0429.",,,,,,,,,,,,,,,,,,,,,,,,,,,,,,
Geographic Information,,,,All Ages,,,,,,Age 0-17,,,,,,Age 5-17 in Families,,,,,,Median Household Income,,,Age 0-4,,,,,
State FIPS Code,County FIPS Code,Postal Code,Name,"Poverty Estimate, All Ages",90% CI Lower Bound,90% CI Upper Bound,"Poverty Percent, All Ages",90% CI Lower Bound,90% CI Upper Bound,"Poverty Estimate, Age 0-17",90% CI Lower Bound,90% CI Upper Bound,"Poverty Percent, Age 0-17",90% CI Lower Bound,90% CI Upper Bound,"Poverty Estimate, Age 5-17 in Families",90% CI Lower Bound,90% CI Upper Bound,"Poverty Percent, Age 5-17 in Families",90% CI Lower Bound,90% CI Upper Bound,Median Household Income,90% CI Lower Bound,90% CI Upper Bound,"Poverty Estimate, Age 0-4",90% CI Lower Bound,90% CI Upper Bound,"Poverty Percent, Age 0-4",90% CI Lower Bound,90% CI Upper Bound
00,000,US,United States,"40,354,267","40,105,706","40,602,828",12.1,12.0,12.2,"11,116,682","10,989,731","11,243,633",15.5,15.3,15.7,"7,861,509","7,763,823","7,959,195",14.7,14.5,14.9,"81,604","81,476","81,732","2,971,742","2,921,307","3,022,177",16.5,16.2,16.8
01,000,AL,Alabama,"763,679","745,419","781,939",15.2,14.8,15.6,"227,337","218,194","236,480",20.4,19.6,21.2,"159,363","151,439","167,287",19.3,18.3,20.3,"66,704","65,935","67,473","64,262","60,186","68,338",22.4,21.0,23.8
01,001,AL,Autauga County,"7,829","6,646","9,012",12.9,11.0,14.8,"2,364","1,825","2,903",16.7,12.9,20.5,"1,858","1,440","2,276",17.7,13.7,21.7,"78,840","71,605","86,075",.,.,.,.,.,.
01,003,AL,Baldwin County,"26,958","22,767","31,149",10.5,8.9,12.1,"8,000","6,234","9,766",15.0,11.7,18.3,"5,721","4,288","7,154",14.2,10.6,17.8,"82,519","77,854","87,184",.,.,.,.,.,.
01,005,AL,Barbour County,"6,093","4,933","7,253",28.1,22.7,33.5,"1,853","1,364","2,342",37.9,27.9,47.9,"1,463","1,090","1,836",40.3,30.0,50.6,"45,902","40,508","51,296",.,.,.,.,.,.
01,007,AL,Bibb County,"4,334","3,531","5,137",21.6,17.6,25.6,"1,250",983,"1,517",28.8,22.7,34.9,802,575,"1,029",25.6,18.3,32.9,"60,359","53,542","67,176",.,.,.,.,.,.
01,009,AL,Blount County,"6,998","5,667","8,329",11.7,9.5,13.9,"2,011","1,370","2,652",14.9,10.2,19.6,"1,488",955,"2,021",14.8,9.5,20.1,"69,371","64,742","74,000",.,.,.,.,.,.
01,011,AL,Bullock County,"3,026","2,410","3,642",36.7,29.2,44.2,823,593,"1,053",41.8,30.1,53.5,581,391,771,39.5,26.6,52.4,"36,826","32,465","41,187",.,.,.,.,.,.
01,013,AL,Butler County,"3,650","2,746","4,554",20.3,15.3,25.3,"1,248",838,"1,658",31.4,21.1,41.7,893,558,"1,228",30.0,18.7,41.3,"47,673","42,388","52,958",.,.,.,.,.,.
01,015,AL,Calhoun County,"20,451","17,369","23,533",18.5,15.7,21.3,"6,193","4,821","7,565",25.5,19.9,31.1,"4,275","3,187","5,363",24.0,17.9,30.1,"53,533","50,678","56,388",.,.,.,.,.,.
01,017,AL,Chambers County,"6,218","4,847","7,589",18.9,14.7,23.1,"1,972","1,427","2,517",28.4,20.6,36.2,"1,457","1,010","1,904",28.5,19.7,37.3,"51,067","46,651","55,483",.,.,.,.,.,.
01,019,AL,Cherokee County,"3,988","3,047","4,929",15.4,11.8,19.0,997,665,"1,329",21.3,14.2,28.4,731,456,"1,006",20.9,13.0,28.8,"61,632","58,238","65,026",.,.,.,.,.,.
01,021,AL,Chilton County,"7,195","5,822","8,568",15.4,12.5,18.3,"2,549","1,885","3,213",22.7,16.8,28.6,"1,691","1,121","2,261",20.3,13.5,27.1,"66,063","60,418","71,708",.,.,.,.,.,.
01,023,AL,Choctaw County,"2,626","2,015","3,237",21.9,16.8,27.0,707,485,929,31.3,21.5,41.1,456,274,638,27.3,16.4,38.2,"49,024","43,472","54,576",.,.,.,.,.,.
01,025,AL,Clarke County,"3,873","2,852","4,894",17.8,13.1,22.5,"1,405",928,"1,882",29.2,19.3,39.1,959,572,"1,346",27.7,16.5,38.9,"49,366","44,507","54,225",.,.,.,.,.,.
01,027,AL,Clay County,"2,429","1,888","2,970",17.4,13.5,21.3,718,486,950,24.3,16.4,32.2,520,331,709,24.4,15.5,33.3,"53,550","47,202","59,898",.,.,.,.,.,.
01,029,AL,Cleburne County,"2,198","1,675","2,721",14.0,10.7,17.3,685,463,907,19.1,12.9,25.3,484,301,667,18.1,11.3,24.9,"62,370","55,308","69,432",.,.,.,.,.,.
01,031,AL,Coffee County,"7,178","5,854","8,502",12.9,10.5,15.3,"2,365","1,652","3,078",17.7,12.4,23.0,"1,605","1,033","2,177",16.1,10.4,21.8,"71,584","65,981","77,187",.,.,.,.,.,.
01,033,AL,Colbert County,"8,675","7,060","10,290",14.9,12.1,17.7,"2,742","2,078","3,406",22.2,16.8,27.6,"2,001","1,461","2,541",22.0,16.1,27.9,"62,972","57,100","68,844",.,.,.,.,.,.
01,035,AL,Conecuh County,"2,491","1,881","3,101",22.7,17.1,28.3,750,497,"1,003",34.0,22.5,45.5,545,337,753,34.0,21.1,46.9,"42,886","37,879","47,893",.,.,.,.,.,.
01,037,AL,Coosa County,"1,903","1,467","2,339",19.1,14.7,23.5,444,304,584,27.4,18.8,36.0,325,210,440,27.3,17.6,37.0,"53,054","47,097","59,011",.,.,.,.,.,.
01,039,AL,Covington County,"7,004","5,753","8,255",18.9,15.5,22.3,"2,127","1,562","2,692",25.7,18.9,32.5,"1,596","1,139","2,053",25.9,18.5,33.3,"53,576","47,955","59,197",.,.,.,.,.,.
01,041,AL,Crenshaw County,"2,636","2,101","3,171",20.4,16.3,24.5,812,575,"1,049",27.6,19.5,35.7,600,412,788,28.1,19.3,36.9,"51,238","46,457","56,019",.,.,.,.,.,.
01,043,AL,Cullman County,"12,858","10,618","15,098",14.1,11.6,16.6,"3,873","3,034","4,712",19.2,15.0,23.4,"2,751","2,080","3,422",18.4,13.9,22.9,"64,722","58,647","70,797",.,.,.,.,.,.
01,045,AL,Dale County,"8,533","7,070","9,996",17.3,14.3,20.3,"2,740","1,974","3,506",23.8,17.1,30.5,"1,935","1,363","2,507",23.8,16.8,30.8,"58,359","53,545","63,173",.,.,.,.,.,.
01,047,AL,Dallas County,"10,400","8,224","12,576",29.6,23.4,35.8,"3,568","2,511","4,625",44.9,31.6,58.2,"2,530","1,667","3,393",43.1,28.4,57.8,"41,409","36,872","45,946",.,.,.,.,.,.
01,049,AL,DeKalb County,"15,403","13,419","17,387",21.3,18.6,24.0,"4,966","4,134","5,798",29.4,24.5,34.3,"3,397","2,656","4,138",26.7,20.9,32.5,"54,180","50,017","58,343",.,.,.,.,.,.
01,051,AL,Elmore County,"9,441","7,348","11,534",11.1,8.6,13.6,"2,937","2,024","3,850",15.5,10.7,20.3,"2,129","1,366","2,892",14.9,9.6,20.2,"80,024","73,669","86,379",.,.,.,.,.,.
01,053,AL,Escambia County,"6,775","5,363","8,187",19.7,15.6,23.8,"2,095","1,442","2,748",25.8,17.8,33.8,"1,519",984,"2,054",25.4,16.5,34.3,"56,963","52,542","61,384",.,.,.,.,.,.
01,055,AL,Etowah County,"17,475","15,094","19,856",17.2,14.9,19.5,"5,256","4,018","6,494",23.6,18.0,29.2,"3,917","2,938","4,896",23.9,17.9,29.9,"57,284","52,628","61,940",.,.,.,.,.,.
01,057,AL,Fayette County,"2,735","2,109","3,361",17.5,13.5,21.5,787,552,"1,022",23.8,16.7,30.9,591,399,783,23.7,16.0,31.4,"54,089","48,663","59,515",.,.,.,.,.,.
01,059,AL,Franklin County,"5,596","4,347","6,845",17.9,13.9,21.9,"1,928","1,361","2,495",24.5,17.3,31.7,"1,306",825,"1,787",23.1,14.6,31.6,"56,059","50,550","61,568",.,.,.,.,.,.
01,061,AL,Geneva County,"4,611","3,525","5,697",17.1,13.1,21.1,"1,489","1,011","1,967",25.5,17.3,33.7,"1,018",617,"1,419",23.2,14.1,32.3,"55,097","49,591","60,603",.,.,.,.,.,.
01,063,AL,Greene County,"2,392","1,884","2,900",33.7,26.5,40.9,778,560,996,51.6,37.2,66.0,583,403,763,53.3,36.9,69.7,"35,813","31,537","40,089",.,.,.,.,.,.
01,065,AL,Hale County,"3,136","2,363","3,909",21.0,15.8,26.2,"1,183",794,"1,572",32.1,21.6,42.6,827,521,"1,133",31.3,19.7,42.9,"50,041","44,399","55,683",.,.,.,.,.,.
01,067,AL,Henry County,"2,875","2,221","3,529",16.0,12.4,19.6,720,470,970,19.6,12.8,26.4,529,326,732,19.2,11.9,26.5,"62,086","55,459","68,713",.,.,.,.,.,.
01,069,AL,Houston County,"18,412","16,360","20,464",17.0,15.1,18.9,"6,274","5,249","7,299",25.8,21.6,30.0,"4,010","3,177","4,843",22.6,17.9,27.3,"59,056","55,444","62,668",.,.,.,.,.,.
01,071,AL,Jackson County,"9,026","7,637","10,415",17.0,14.4,19.6,"2,234","1,638","2,830",20.3,14.9,25.7,"1,543","1,070","2,016",18.9,13.1,24.7,"56,900","51,916","61,884",.,.,.,.,.,.
01,073,AL,Jefferson County,"91,891","81,671","102,111",14.2,12.6,15.8,"28,299","23,611","32,987",19.1,15.9,22.3,"20,528","16,938","24,118",18.7,15.4,22.0,"69,346","66,790","71,902",.,.,.,.,.,.
01,075,AL,Lamar County,"2,421","1,921","2,921",18.1,14.4,21.8,649,450,848,22.3,15.5,29.1,463,305,621,21.7,14.3,29.1,"54,598","48,141","61,055",.,.,.,.,.,.
01,077,AL,Lauderdale County,"11,831","9,326","14,336",12.8,10.1,15.5,"2,916","2,013","3,819",16.0,11.1,20.9,"1,893","1,140","2,646",14.0,8.4,19.6,"67,098","61,998","72,198",.,.,.,.,.,.
01,079,AL,Lawrence County,"5,348","4,315","6,381",16.1,13.0,19.2,"1,578","1,190","1,966",22.1,16.7,27.5,"1,182",863,"1,501",22.1,16.1,28.1,"68,936","65,708","72,164",.,.,.,.,.,.
01,081,AL,Lee County,"30,835","27,373","34,297",16.9,15.0,18.8,"6,291","5,011","7,571",16.7,13.3,20.1,"4,063","2,985","5,141",14.5,10.6,18.4,"70,233","66,785","73,681",.,.,.,.,.,.
01,083,AL,Limestone County,"11,906","9,852","13,960",10.3,8.5,12.1,"2,965","2,136","3,794",11.5,8.3,14.7,"2,058","1,426","2,690",10.8,7.5,14.1,"78,991","72,078","85,904",.,.,.,.,.,.
01,085,AL,Lowndes County,"2,327","1,759","2,895",25.0,18.9,31.1,787,531,"1,043",38.3,25.8,50.8,577,368,786,38.9,24.8,53.0,"46,580","41,177","51,983",.,.,.,.,.,.
01,087,AL,Macon County,"4,980","3,892","6,068",30.8,24.1,37.5,"1,217",877,"1,557",42.6,30.7,54.5,756,466,"1,046",36.0,22.2,49.8,"43,643","39,415","47,871",.,.,.,.,.,.
01,089,AL,Madison County,"39,626","34,548","44,704",9.6,8.4,10.8,"10,524","8,031","13,017",11.8,9.0,14.6,"7,273","5,257","9,289",11.1,8.0,14.2,"89,197","86,533","91,861",.,.,.,.,.,.
01,091,AL,Marengo County,"3,951","3,141","4,761",21.6,17.2,26.0,"1,214",815,"1,613",30.0,20.1,39.9,893,566,"1,220",29.6,18.8,40.4,"49,716","44,556","54,876",.,.,.,.,.,.
01,093,AL,Marion County,"4,656","3,645","5,667",16.3,12.8,19.8,"1,612","1,235","1,989",26.7,20.5,32.9,"1,190",891,"1,489",26.7,20.0,33.4,"52,965","47,514","58,416",.,.,.,.,.,.
01,095,AL,Marshall County,"16,033","13,669","18,397",15.9,13.6,18.2,"5,119","3,689","6,549",19.5,14.0,25.0,"3,530","2,379","4,681",19.0,12.8,25.2,"64,913","59,655","70,171",.,.,.,.,.,.
01,097,AL,Mobile County,"67,454","58,829","76,079",16.7,14.6,18.8,"20,338","16,102","24,574",21.9,17.3,26.5,"13,886","10,425","17,347",20.4,15.3,25.5,"60,321","57,356","63,286",.,.,.,.,.,.
01,099,AL,Monroe County,"4,000","3,034","4,966",21.2,16.1,26.3,"1,188",783,"1,593",30.4,20.0,40.8,853,519,"1,187",30.1,18.3,41.9,"51,014","45,588","56,440",.,.,.,.,.,.
01,101,AL,Montgomery County,"43,701","38,711","48,691",20.2,17.9,22.5,"15,246","12,503","17,989",28.6,23.5,33.7,"10,329","7,947","12,711",26.8,20.6,33.0,"61,102","57,311","64,893",.,.,.,.,.,.
01,103,AL,Morgan County,"18,806","16,099","21,513",15.2,13.0,17.4,"5,560","4,252","6,868",19.3,14.8,23.8,"3,284","2,183","4,385",15.4,10.2,20.6,"68,601","63,817","73,385",.,.,.,.,.,.
01,105,AL,Perry County,"2,203","1,610","2,796",29.8,21.8,37.8,785,526,"1,044",48.2,32.3,64.1,571,355,787,48.6,30.2,67.0,"37,105","32,662","41,548",.,.,.,.,.,.
01,107,AL,Pickens County,"3,641","2,733","4,549",22.0,16.5,27.5,970,639,"1,301",28.6,18.8,38.4,705,435,975,28.0,17.3,38.7,"48,960","43,872","54,048",.,.,.,.,.,.
01,109,AL,Pike County,"7,100","5,897","8,303",22.8,18.9,26.7,"2,403","1,959","2,847",37.5,30.6,44.4,"1,608","1,230","1,986",34.5,26.4,42.6,"51,052","45,317","56,787",.,.,.,.,.,.
01,111,AL,Randolph County,"4,167","3,367","4,967",18.6,15.0,22.2,"1,171",797,"1,545",24.8,16.9,32.7,826,529,"1,123",23.6,15.1,32.1,"54,403","48,543","60,263",.,.,.,.,.,.
01,113,AL,Russell County,"11,721","9,720","13,722",20.2,16.8,23.6,"4,357","3,436","5,278",31.1,24.5,37.7,"2,975","2,139","3,811",28.7,20.6,36.8,"53,867","48,380","59,354",.,.,.,.,.,.
01,115,AL,St. Clair County,"9,158","7,206","11,110",9.7,7.6,11.8,"2,564","1,840","3,288",12.3,8.8,15.8,"1,886","1,308","2,464",12.1,8.4,15.8,"76,980","71,941","82,019",.,.,.,.,.,.
01,117,AL,Shelby County,"15,877","12,914","18,840",6.8,5.5,8.1,"4,316","3,181","5,451",8.4,6.2,10.6,"3,179","2,241","4,117",8.1,5.7,10.5,"102,861","97,387","108,335",.,.,.,.,.,.
01,119,AL,Sumter County,"3,458","2,650","4,266",32.6,25.0,40.2,908,622,"1,194",41.2,28.2,54.2,635,400,870,38.7,24.4,53.0,"36,855","32,884","40,826",.,.,.,.,.,.
01,121,AL,Talladega County,"14,988","12,863","17,113",19.0,16.3,21.7,"4,570","3,701","5,439",28.3,22.9,33.7,"3,415","2,708","4,122",28.9,22.9,34.9,"55,578","51,143","60,013",.,.,.,.,.,.
01,123,AL,Tallapoosa County,"6,789","5,561","8,017",17.0,13.9,20.1,"1,995","1,431","2,559",25.2,18.1,32.3,"1,467","1,024","1,910",24.4,17.0,31.8,"60,578","55,918","65,238",.,.,.,.,.,.
01,125,AL,Tuscaloosa County,"36,047","30,777","41,317",16.5,14.1,18.9,"8,489","6,080","10,898",17.8,12.8,22.8,"6,182","4,255","8,109",17.6,12.1,23.1,"67,379","63,172","71,586",.,.,.,.,.,.
01,127,AL,Walker County,"11,620","9,643","13,597",18.1,15.0,21.2,"3,501","2,563","4,439",23.5,17.2,29.8,"2,413","1,642","3,184",22.2,15.1,29.3,"57,993","53,660","62,326",.,.,.,.,.,.
01,129,AL,Washington County,"2,642","2,039","3,245",17.8,13.7,21.9,785,553,"1,017",24.8,17.5,32.1,587,398,776,26.5,18.0,35.0,"59,645","52,742","66,548",.,.,.,.,.,.
01,131,AL,Wilcox County,"3,287","2,684","3,890",34.0,27.8,40.2,"1,112",858,"1,366",52.5,40.5,64.5,722,465,979,46.5,29.9,63.1,"36,703","32,534","40,872",.,.,.,.,.,.
01,133,AL,Winston County,"3,795","2,942","4,648",16.1,12.5,19.7,"1,068",735,"1,401",22.2,15.3,29.1,798,516,"1,080",22.4,14.5,30.3,"58,945","54,343","63,547",.,.,.,.,.,.
02,000,AK,Alaska,"74,226","70,147","78,305",10.3,9.7,10.9,"22,164","19,992","24,336",12.9,11.6,14.2,"15,245","13,293","17,197",12.1,10.5,13.7,"96,336","93,646","99,026","6,063","5,228","6,898",13.8,11.9,15.7
02,013,AK,Aleutians East Borough,744,518,970,20.5,14.3,26.7,28,18,38,14.8,9.6,20.0,18,10,26,13.6,7.5,19.7,"86,702","76,132","97,272",.,.,.,.,.,.
02,016,AK,Aleutians West Census Area,612,482,742,11.8,9.3,14.3,25,16,34,5.4,3.4,7.4,18,11,25,5.2,3.0,7.4,"109,399","97,995","120,803",.,.,.,.,.,.
02,020,AK,Anchorage Borough,"24,524","21,200","27,848",8.7,7.5,9.9,"6,727","5,280","8,174",10.3,8.1,12.5,"4,744","3,643","5,845",9.9,7.6,12.2,"103,780","99,120","108,440",.,.,.,.,.,.
02,050,AK,Bethel Census Area,"5,085","4,362","5,808",28.4,24.4,32.4,"2,386","1,838","2,934",37.7,29.1,46.3,"1,491","1,032","1,950",33.3,23.0,43.6,"59,237","54,356","64,118",.,.,.,.,.,.
02,060,AK,Bristol Bay Borough,100,73,127,11.4,8.3,14.5,35,22,48,19.7,12.5,26.9,26,15,37,21.8,12.5,31.1,"99,684","87,742","111,626",.,.,.,.,.,.
02,063,AK,Chugach Census Area,503,374,632,7.9,5.9,9.9,114,73,155,8.4,5.4,11.4,83,49,117,7.7,4.5,10.9,"97,265","88,715","105,815",.,.,.,.,.,.
02,066,AK,Copper River Census Area,346,257,435,13.2,9.8,16.6,144,92,196,22.6,14.4,30.8,104,61,147,20.5,12.0,29.0,"75,304","68,226","82,382",.,.,.,.,.,.
02,068,AK,Denali Borough,123,93,153,7.6,5.7,9.5,31,20,42,10.2,6.5,13.9,22,13,31,9.8,5.6,14.0,"92,588","81,467","103,709",.,.,.,.,.,.
02,070,AK,Dillingham Census Area,"1,088",872,"1,304",23.6,18.9,28.3,534,378,690,37.9,26.8,49.0,392,261,523,38.2,25.4,51.0,"65,689","60,158","71,220",.,.,.,.,.,.
02,090,AK,Fairbanks North Star Borough,"6,437","4,910","7,964",7.1,5.4,8.8,"1,813","1,228","2,398",8.4,5.7,11.1,"1,210",753,"1,667",8.0,5.0,11.0,"92,086","85,079","99,093",.,.,.,.,.,.
02,100,AK,Haines Borough,211,156,266,10.1,7.5,12.7,45,29,61,12.5,7.9,17.1,32,18,46,13.4,7.7,19.1,"71,305","63,667","78,943",.,.,.,.,.,.
02,105,AK,Hoonah-Angoon Census Area,389,293,485,16.8,12.6,21.0,90,57,123,23.9,15.3,32.5,64,37,91,23.4,13.6,33.2,"70,694","62,814","78,574",.,.,.,.,.,.
02,110,AK,Juneau Borough,"2,543","2,046","3,040",8.2,6.6,9.8,478,322,634,7.8,5.3,10.3,331,215,447,7.1,4.6,9.6,"105,304","96,333","114,275",.,.,.,.,.,.
02,122,AK,Kenai Peninsula Borough,"6,359","5,226","7,492",10.6,8.7,12.5,"1,591","1,079","2,103",12.3,8.3,16.3,"1,138",737,"1,539",11.7,7.6,15.8,"82,655","75,309","90,001",.,.,.,.,.,.
02,130,AK,Ketchikan Gateway Borough,"1,115",831,"1,399",8.2,6.1,10.3,268,168,368,10.5,6.6,14.4,185,107,263,9.4,5.4,13.4,"92,939","86,197","99,681",.,.,.,.,.,.
02,150,AK,Kodiak Island Borough,"1,022",780,"1,264",8.3,6.3,10.3,234,146,322,8.2,5.1,11.3,155,87,223,7.5,4.2,10.8,"92,237","81,542","102,932",.,.,.,.,.,.
02,158,AK,Kusilvak Census Area,"2,757","2,339","3,175",34.9,29.6,40.2,"1,373",977,"1,769",42.1,29.9,54.3,893,564,"1,222",39.0,24.6,53.4,"43,511","38,717","48,305",.,.,.,.,.,.
02,164,AK,Lake and Peninsula Borough,265,195,335,20.2,14.9,25.5,106,67,145,29.9,18.8,41.0,78,45,111,31.1,18.0,44.2,"59,966","54,219","65,713",.,.,.,.,.,.
02,170,AK,Matanuska-Susitna Borough,"10,307","8,717","11,897",9.0,7.6,10.4,"2,578","1,838","3,318",9.0,6.4,11.6,"1,743","1,170","2,316",8.0,5.4,10.6,"98,022","92,412","103,632",.,.,.,.,.,.
02,180,AK,Nome Census Area,"2,154","1,770","2,538",22.4,18.4,26.4,955,701,"1,209",29.6,21.7,37.5,694,492,896,28.7,20.4,37.0,"69,885","62,641","77,129",.,.,.,.,.,.
02,185,AK,North Slope Borough,"1,571","1,223","1,919",14.8,11.5,18.1,428,290,566,16.8,11.4,22.2,294,186,402,15.0,9.5,20.5,"102,563","90,544","114,582",.,.,.,.,.,.
02,188,AK,Northwest Arctic Borough,"1,678","1,348","2,008",23.8,19.1,28.5,896,646,"1,146",34.0,24.5,43.5,640,441,839,32.4,22.3,42.5,"72,928","64,396","81,460",.,.,.,.,.,.
02,195,AK,Petersburg Borough,300,232,368,9.1,7.0,11.2,64,40,88,10.0,6.3,13.7,46,27,65,9.1,5.3,12.9,"77,989","69,404","86,574",.,.,.,.,.,.
02,198,AK,Prince of Wales-Hyder Census Area,964,766,"1,162",16.9,13.4,20.4,304,213,395,24.5,17.2,31.8,213,139,287,23.2,15.1,31.3,"63,370","57,130","69,610",.,.,.,.,.,.
02,220,AK,Sitka Borough,704,539,869,8.6,6.6,10.6,138,87,189,9.2,5.8,12.6,94,55,133,8.4,4.9,11.9,"91,990","83,225","100,755",.,.,.,.,.,.
02,230,AK,Skagway Municipality,69,57,81,6.2,5.1,7.3,4,3,5,2.4,1.5,3.3,3,2,4,2.4,1.5,3.3,"89,234","79,298","99,170",.,.,.,.,.,.
02,240,AK,Southeast Fairbanks Census Area,917,695,"1,139",12.7,9.6,15.8,294,190,398,15.9,10.3,21.5,207,123,291,15.3,9.1,21.5,"80,754","71,518","89,990",.,.,.,.,.,.
02,275,AK,Wrangell City and Borough,228,169,287,11.1,8.2,14.0,70,45,95,18.4,11.7,25.1,50,29,71,19.1,11.2,27.0,"72,244","63,706","80,782",.,.,.,.,.,.
02,282,AK,Yakutat Borough,105,80,130,15.2,11.6,18.8,46,29,63,33.8,21.4,46.2,34,20,48,29.3,16.9,41.7,"75,870","67,373","84,367",.,.,.,.,.,.
02,290,AK,Yukon-Koyukuk Census Area,"1,007",753,"1,261",19.9,14.9,24.9,364,230,498,27.3,17.2,37.4,243,135,351,23.7,13.2,34.2,"52,856","47,304","58,408",.,.,.,.,.,.
04,000,AZ,Arizona,"881,642","857,427","905,857",11.9,11.6,12.2,"236,843","224,152","249,534",15.2,14.4,16.0,"166,826","155,491","178,161",14.3,13.3,15.3,"81,404","80,727","82,081","63,537","57,903","69,171",16.6,15.1,18.1
04,001,AZ,Apache County,"18,708","16,512","20,904",29.3,25.9,32.7,"6,011","4,969","7,053",37.6,31.1,44.1,"4,397","3,545","5,249",35.3,28.5,42.1,"43,939","39,151","48,727",.,.,.,.,.,.
04,003,AZ,Cochise County,"17,762","14,543","20,981",14.5,11.9,17.1,"4,923","3,430","6,416",19.9,13.9,25.9,"3,475","2,276","4,674",18.6,12.2,25.0,"60,975","56,576","65,374",.,.,.,.,.,.
04,005,AZ,Coconino County,"20,374","17,130","23,618",15.2,12.8,17.6,"4,808","3,519","6,097",18.0,13.2,22.8,"3,247","2,190","4,304",16.0,10.8,21.2,"74,564","68,432","80,696",.,.,.,.,.,.
04,007,AZ,Gila County,"10,153","8,427","11,879",19.1,15.9,22.3,"2,701","1,997","3,405",27.5,20.3,34.7,"2,003","1,429","2,577",26.8,19.1,34.5,"59,678","53,320","66,036",.,.,.,.,.,.
04,009,AZ,Graham County,"7,204","5,986","8,422",19.3,16.0,22.6,"2,019","1,512","2,526",19.9,14.9,24.9,"1,356",944,"1,768",17.6,12.3,22.9,"64,504","57,583","71,425",.,.,.,.,.,.
04,011,AZ,Greenlee County,919,697,"1,141",9.8,7.4,12.2,253,172,334,10.3,7.0,13.6,176,112,240,9.6,6.1,13.1,"84,148","74,199","94,097",.,.,.,.,.,.
04,012,AZ,La Paz County,"3,140","2,421","3,859",18.7,14.4,23.0,643,447,839,25.6,17.8,33.4,455,293,617,25.4,16.4,34.4,"51,062","46,626","55,498",.,.,.,.,.,.
04,013,AZ,Maricopa County,"478,601","456,432","500,770",10.4,9.9,10.9,"130,362","119,571","141,153",13.1,12.0,14.2,"91,929","83,462","100,396",12.4,11.3,13.5,"90,919","89,789","92,049",.,.,.,.,.,.
04,015,AZ,Mohave County,"32,467","28,011","36,923",14.6,12.6,16.6,"7,335","5,324","9,346",21.0,15.2,26.8,"5,257","3,629","6,885",20.2,13.9,26.5,"61,016","57,297","64,735",.,.,.,.,.,.
04,017,AZ,Navajo County,"24,466","21,156","27,776",22.7,19.6,25.8,"8,318","6,715","9,921",31.5,25.4,37.6,"6,347","5,056","7,638",31.4,25.0,37.8,"54,293","49,577","59,009",.,.,.,.,.,.
04,019,AZ,Pima County,"144,993","132,503","157,483",13.8,12.6,15.0,"35,851","30,488","41,214",17.8,15.1,20.5,"25,216","21,098","29,334",16.7,14.0,19.4,"71,993","70,198","73,788",.,.,.,.,.,.
04,021,AZ,Pinal County,"54,250","46,635","61,865",11.0,9.5,12.5,"13,687","10,565","16,809",12.9,10.0,15.8,"9,315","6,723","11,907",11.8,8.5,15.1,"81,817","78,808","84,826",.,.,.,.,.,.
04,023,AZ,Santa Cruz County,"8,774","7,026","10,522",17.4,13.9,20.9,"3,238","2,372","4,104",26.5,19.4,33.6,"2,327","1,603","3,051",24.8,17.1,32.5,"57,125","53,651","60,599",.,.,.,.,.,.
04,025,AZ,Yavapai County,"24,455","20,823","28,087",9.8,8.3,11.3,"4,661","3,084","6,238",12.6,8.3,16.9,"2,741","1,574","3,908",9.9,5.7,14.1,"74,247","70,330","78,164",.,.,.,.,.,.
04,027,AZ,Yuma County,"35,376","29,816","40,936",16.6,14.0,19.2,"12,033","9,466","14,600",23.1,18.2,28.0,"8,585","6,554","10,616",22.4,17.1,27.7,"64,906","60,549","69,263",.,.,.,.,.,.
05,000,AR,Arkansas,"460,261","447,109","473,413",15.3,14.9,15.7,"135,133","127,454","142,812",19.6,18.5,20.7,"95,299","88,389","102,209",18.6,17.3,19.9,"62,146","61,328","62,964","36,159","32,990","39,328",20.7,18.9,22.5
05,001,AR,Arkansas County,"3,165","2,602","3,728",20.0,16.4,23.6,"1,028",761,"1,295",28.1,20.8,35.4,719,517,921,26.7,19.2,34.2,"54,613","48,142","61,084",.,.,.,.,.,.
05,003,AR,Ashley County,"3,390","2,658","4,122",19.0,14.9,23.1,"1,117",784,"1,450",28.0,19.7,36.3,802,531,"1,073",26.8,17.8,35.8,"54,257","49,379","59,135",.,.,.,.,.,.
05,005,AR,Baxter County,"5,945","4,865","7,025",14.0,11.5,16.5,"1,382",978,"1,786",18.9,13.4,24.4,"1,051",723,"1,379",18.9,13.0,24.8,"55,893","50,088","61,698",.,.,.,.,.,.
05,007,AR,Benton County,"26,604","22,714","30,494",8.4,7.2,9.6,"6,876","4,963","8,789",8.8,6.4,11.2,"4,921","3,370","6,472",8.5,5.8,11.2,"92,077","86,458","97,696",.,.,.,.,.,.
05,009,AR,Boone County,"4,501","3,444","5,558",11.8,9.0,14.6,"1,418",907,"1,929",16.7,10.7,22.7,"1,010",589,"1,431",15.7,9.2,22.2,"57,376","52,644","62,108",.,.,.,.,.,.
05,011,AR,Bradley County,"2,017","1,549","2,485",20.6,15.8,25.4,634,420,848,27.3,18.1,36.5,451,272,630,25.5,15.4,35.6,"50,808","45,568","56,048",.,.,.,.,.,.
05,013,AR,Calhoun County,663,499,827,14.6,11.0,18.2,148,97,199,17.4,11.4,23.4,107,64,150,17.4,10.4,24.4,"60,117","53,141","67,093",.,.,.,.,.,.
05,015,AR,Carroll County,"4,719","3,933","5,505",16.4,13.7,19.1,"1,331",959,"1,703",21.8,15.7,27.9,"1,004",706,"1,302",22.2,15.6,28.8,"50,886","46,184","55,588",.,.,.,.,.,.
05,017,AR,Chicot County,"2,383","1,797","2,969",27.9,21.1,34.7,716,464,968,37.5,24.3,50.7,492,284,700,32.4,18.7,46.1,"41,816","38,080","45,552",.,.,.,.,.,.
05,019,AR,Clark County,"3,795","3,085","4,505",20.4,16.6,24.2,933,619,"1,247",21.9,14.5,29.3,652,398,906,21.0,12.8,29.2,"52,380","47,767","56,993",.,.,.,.,.,.
05,021,AR,Clay County,"2,213","1,671","2,755",15.9,12.0,19.8,619,398,840,21.2,13.6,28.8,414,237,591,19.3,11.1,27.5,"53,417","49,595","57,239",.,.,.,.,.,.
05,023,AR,Cleburne County,"3,399","2,675","4,123",13.4,10.5,16.3,933,607,"1,259",19.7,12.8,26.6,633,370,896,17.5,10.2,24.8,"55,796","50,484","61,108",.,.,.,.,.,.
05,025,AR,Cleveland County,"1,021",772,"1,270",14.0,10.6,17.4,297,197,397,19.4,12.9,25.9,208,126,290,17.9,10.9,24.9,"62,279","54,975","69,583",.,.,.,.,.,.
05,027,AR,Columbia County,"4,078","3,175","4,981",20.4,15.9,24.9,"1,200",832,"1,568",26.3,18.3,34.3,821,501,"1,141",24.4,14.9,33.9,"54,388","49,984","58,792",.,.,.,.,.,.
05,029,AR,Conway County,"3,029","2,302","3,756",14.3,10.9,17.7,998,661,"1,335",21.0,13.9,28.1,707,434,980,19.8,12.1,27.5,"63,127","58,291","67,963",.,.,.,.,.,.
05,031,AR,Craighead County,"20,676","18,008","23,344",18.4,16.0,20.8,"6,690","5,259","8,121",23.5,18.5,28.5,"4,589","3,381","5,797",22.0,16.2,27.8,"58,784","54,117","63,451",.,.,.,.,.,.
05,033,AR,Crawford County,"8,671","7,028","10,314",14.1,11.4,16.8,"2,585","1,809","3,361",17.9,12.5,23.3,"1,781","1,148","2,414",16.6,10.7,22.5,"62,606","56,584","68,628",.,.,.,.,.,.
05,035,AR,Crittenden County,"10,329","8,378","12,280",22.5,18.3,26.7,"3,849","2,719","4,979",31.5,22.2,40.8,"2,798","1,928","3,668",30.4,20.9,39.9,"51,600","47,368","55,832",.,.,.,.,.,.
05,037,AR,Cross County,"2,952","2,289","3,615",18.4,14.3,22.5,948,636,"1,260",25.1,16.8,33.4,657,401,913,23.5,14.3,32.7,"54,428","48,200","60,656",.,.,.,.,.,.
05,039,AR,Dallas County,"1,121",853,"1,389",19.3,14.7,23.9,319,209,429,28.3,18.6,38.0,227,137,317,26.5,16.0,37.0,"49,043","43,427","54,659",.,.,.,.,.,.
05,041,AR,Desha County,"2,653","2,089","3,217",25.9,20.4,31.4,895,608,"1,182",36.1,24.5,47.7,603,370,836,31.5,19.3,43.7,"46,736","41,213","52,259",.,.,.,.,.,.
05,043,AR,Drew County,"2,898","2,223","3,573",17.8,13.7,21.9,864,577,"1,151",24.3,16.2,32.4,605,371,839,23.4,14.3,32.5,"55,221","49,121","61,321",.,.,.,.,.,.
05,045,AR,Faulkner County,"15,842","13,192","18,492",12.5,10.4,14.6,"4,050","3,005","5,095",14.1,10.5,17.7,"2,694","1,843","3,545",12.6,8.6,16.6,"72,916","66,848","78,984",.,.,.,.,.,.
05,047,AR,Franklin County,"2,375","1,804","2,946",13.7,10.4,17.0,699,454,944,18.2,11.8,24.6,490,288,692,17.1,10.0,24.2,"64,353","58,794","69,912",.,.,.,.,.,.
05,049,AR,Fulton County,"2,012","1,547","2,477",16.3,12.5,20.1,636,403,869,24.4,15.5,33.3,408,219,597,20.5,11.0,30.0,"49,193","43,625","54,761",.,.,.,.,.,.
05,051,AR,Garland County,"13,928","11,319","16,537",14.2,11.5,16.9,"3,857","2,653","5,061",20.3,13.9,26.7,"2,674","1,695","3,653",19.0,12.0,26.0,"59,915","55,244","64,586",.,.,.,.,.,.
05,053,AR,Grant County,"2,488","2,079","2,897",13.5,11.3,15.7,573,402,744,14.3,10.0,18.6,376,234,518,12.3,7.6,17.0,"58,363","53,038","63,688",.,.,.,.,.,.
05,055,AR,Greene County,"6,499","5,267","7,731",14.1,11.4,16.8,"1,688","1,113","2,263",15.7,10.3,21.1,"1,074",589,"1,559",13.5,7.4,19.6,"61,949","56,663","67,235",.,.,.,.,.,.
05,057,AR,Hempstead County,"3,645","2,820","4,470",19.3,14.9,23.7,"1,268",849,"1,687",27.1,18.1,36.1,881,539,"1,223",25.2,15.4,35.0,"48,739","43,852","53,626",.,.,.,.,.,.
05,059,AR,Hot Spring County,"4,728","3,674","5,782",15.4,12.0,18.8,"1,192",778,"1,606",19.2,12.5,25.9,806,466,"1,146",17.4,10.1,24.7,"58,401","52,772","64,030",.,.,.,.,.,.
05,061,AR,Howard County,"2,250","1,810","2,690",18.5,14.9,22.1,747,523,971,24.1,16.9,31.3,501,315,687,21.8,13.7,29.9,"50,330","44,457","56,203",.,.,.,.,.,.
05,063,AR,Independence County,"6,297","5,306","7,288",17.0,14.3,19.7,"1,649","1,156","2,142",18.7,13.1,24.3,"1,171",768,"1,574",17.8,11.7,23.9,"56,616","51,129","62,103",.,.,.,.,.,.
05,065,AR,Izard County,"2,772","2,243","3,301",21.3,17.2,25.4,585,396,774,23.9,16.2,31.6,415,255,575,22.7,14.0,31.4,"47,992","43,975","52,009",.,.,.,.,.,.
05,067,AR,Jackson County,"3,565","2,915","4,215",25.1,20.5,29.7,"1,099",835,"1,363",34.0,25.8,42.2,753,534,972,31.2,22.1,40.3,"47,377","43,405","51,349",.,.,.,.,.,.
05,069,AR,Jefferson County,"12,879","10,304","15,454",22.3,17.8,26.8,"3,820","2,655","4,985",28.7,19.9,37.5,"2,726","1,813","3,639",28.0,18.6,37.4,"51,205","47,117","55,293",.,.,.,.,.,.
05,071,AR,Johnson County,"4,832","4,021","5,643",18.8,15.6,22.0,"1,371","1,000","1,742",22.5,16.4,28.6,987,683,"1,291",21.5,14.9,28.1,"52,979","47,806","58,152",.,.,.,.,.,.
05,073,AR,Lafayette County,"1,213",922,"1,504",20.4,15.5,25.3,317,211,423,29.3,19.5,39.1,232,145,319,28.2,17.6,38.8,"47,835","42,658","53,012",.,.,.,.,.,.
05,075,AR,Lawrence County,"3,360","2,750","3,970",21.2,17.3,25.1,949,647,"1,251",26.7,18.2,35.2,693,444,942,26.1,16.7,35.5,"51,374","45,453","57,295",.,.,.,.,.,.
05,077,AR,Lee County,"2,633","2,044","3,222",41.3,32.1,50.5,652,450,854,46.6,32.1,61.1,488,327,649,49.7,33.3,66.1,"38,287","33,716","42,858",.,.,.,.,.,.
05,079,AR,Lincoln County,"2,279","1,676","2,882",25.8,19.0,32.6,454,296,612,23.4,15.3,31.5,327,198,456,22.3,13.5,31.1,"54,158","48,254","60,062",.,.,.,.,.,.
05,081,AR,Little River County,"1,871","1,440","2,302",16.3,12.5,20.1,566,375,757,23.4,15.5,31.3,416,261,571,23.0,14.4,31.6,"54,364","48,481","60,247",.,.,.,.,.,.
05,083,AR,Logan County,"3,257","2,588","3,926",15.4,12.2,18.6,918,606,"1,230",20.0,13.2,26.8,673,413,933,20.0,12.3,27.7,"55,845","50,659","61,031",.,.,.,.,.,.
05,085,AR,Lonoke County,"7,575","6,036","9,114",10.0,8.0,12.0,"2,171","1,516","2,826",12.0,8.4,15.6,"1,597","1,060","2,134",11.6,7.7,15.5,"75,131","67,866","82,396",.,.,.,.,.,.
05,087,AR,Madison County,"2,288","1,708","2,868",12.9,9.6,16.2,718,459,977,17.6,11.3,23.9,512,299,725,16.9,9.9,23.9,"59,646","53,937","65,355",.,.,.,.,.,.
05,089,AR,Marion County,"2,854","2,234","3,474",16.4,12.8,20.0,813,543,"1,083",25.8,17.3,34.3,586,363,809,24.2,15.0,33.4,"48,458","43,383","53,533",.,.,.,.,.,.
05,091,AR,Miller County,"8,619","7,264","9,974",21.3,18.0,24.6,"3,034","2,433","3,635",32.6,26.2,39.0,"2,218","1,777","2,659",31.0,24.9,37.1,"53,529","47,895","59,163",.,.,.,.,.,.
05,093,AR,Mississippi County,"7,405","5,725","9,085",20.0,15.5,24.5,"2,648","1,696","3,600",27.7,17.7,37.7,"1,684",932,"2,436",24.0,13.3,34.7,"52,924","48,126","57,722",.,.,.,.,.,.
05,095,AR,Monroe County,"1,442","1,067","1,817",22.8,16.9,28.7,558,359,757,36.9,23.8,50.0,390,229,551,36.3,21.4,51.2,"43,257","38,079","48,435",.,.,.,.,.,.
05,097,AR,Montgomery County,"1,666","1,333","1,999",19.8,15.8,23.8,428,294,562,28.1,19.3,36.9,303,192,414,26.5,16.8,36.2,"51,291","45,263","57,319",.,.,.,.,.,.
05,099,AR,Nevada County,"1,673","1,261","2,085",21.4,16.1,26.7,525,349,701,30.7,20.4,41.0,376,232,520,28.4,17.5,39.3,"64,143","62,272","66,014",.,.,.,.,.,.
05,101,AR,Newton County,"1,341","1,050","1,632",19.3,15.1,23.5,331,218,444,26.5,17.5,35.5,228,134,322,24.2,14.2,34.2,"49,184","43,700","54,668",.,.,.,.,.,.
05,103,AR,Ouachita County,"3,747","2,923","4,571",17.6,13.7,21.5,"1,165",785,"1,545",24.8,16.7,32.9,807,508,"1,106",23.0,14.5,31.5,"55,644","49,275","62,013",.,.,.,.,.,.
05,105,AR,Perry County,"1,503","1,164","1,842",14.8,11.5,18.1,447,295,599,20.3,13.4,27.2,323,196,450,19.1,11.6,26.6,"59,602","52,422","66,782",.,.,.,.,.,.
05,107,AR,Phillips County,"5,195","4,226","6,164",35.8,29.1,42.5,"1,944","1,451","2,437",54.0,40.3,67.7,"1,538","1,148","1,928",58.2,43.4,73.0,"38,969","34,263","43,675",.,.,.,.,.,.
05,109,AR,Pike County,"1,805","1,422","2,188",18.4,14.5,22.3,556,378,734,26.2,17.8,34.6,396,249,543,25.0,15.7,34.3,"52,643","46,794","58,492",.,.,.,.,.,.
05,111,AR,Poinsett County,"4,843","3,900","5,786",22.1,17.8,26.4,"1,673","1,201","2,145",31.3,22.4,40.2,"1,208",829,"1,587",31.1,21.3,40.9,"52,688","47,103","58,273",.,.,.,.,.,.
05,113,AR,Polk County,"3,420","2,720","4,120",17.7,14.1,21.3,976,628,"1,324",23.1,14.9,31.3,702,411,993,22.2,13.0,31.4,"47,544","42,671","52,417",.,.,.,.,.,.
05,115,AR,Pope County,"10,530","9,140","11,920",16.9,14.7,19.1,"3,238","2,650","3,826",22.3,18.3,26.3,"2,397","1,916","2,878",22.0,17.6,26.4,"61,509","56,605","66,413",.,.,.,.,.,.
05,117,AR,Prairie County,"1,237",951,"1,523",15.9,12.2,19.6,369,245,493,22.2,14.8,29.6,266,164,368,21.0,12.9,29.1,"57,689","50,812","64,566",.,.,.,.,.,.
05,119,AR,Pulaski County,"62,757","55,720","69,794",16.0,14.2,17.8,"18,815","15,001","22,629",20.8,16.6,25.0,"13,562","10,502","16,622",20.4,15.8,25.0,"66,706","64,043","69,369",.,.,.,.,.,.
05,121,AR,Randolph County,"3,377","2,750","4,004",18.1,14.7,21.5,"1,109",802,"1,416",24.0,17.3,30.7,797,543,"1,051",23.8,16.2,31.4,"54,352","48,370","60,334",.,.,.,.,.,.
05,123,AR,St. Francis County,"5,646","4,412","6,880",30.6,23.9,37.3,"1,808","1,235","2,381",40.4,27.6,53.2,"1,246",761,"1,731",38.5,23.5,53.5,"44,215","39,065","49,365",.,.,.,.,.,.
05,125,AR,Saline County,"12,737","10,748","14,726",9.8,8.3,11.3,"3,370","2,442","4,298",11.4,8.3,14.5,"2,412","1,676","3,148",10.7,7.4,14.0,"80,628","74,378","86,878",.,.,.,.,.,.
05,127,AR,Scott County,"1,966","1,566","2,366",20.3,16.2,24.4,581,385,777,26.3,17.4,35.2,408,253,563,25.5,15.8,35.2,"48,770","43,079","54,461",.,.,.,.,.,.
05,129,AR,Searcy County,"1,629","1,260","1,998",21.0,16.2,25.8,506,342,670,31.3,21.2,41.4,371,234,508,30.2,19.0,41.4,"41,124","36,578","45,670",.,.,.,.,.,.
05,131,AR,Sebastian County,"16,520","13,469","19,571",12.9,10.5,15.3,"4,870","3,231","6,509",16.3,10.8,21.8,"3,508","2,213","4,803",16.0,10.1,21.9,"62,153","57,389","66,917",.,.,.,.,.,.
05,133,AR,Sevier County,"2,438","1,812","3,064",15.6,11.6,19.6,982,637,"1,327",22.9,14.8,31.0,651,369,933,19.9,11.3,28.5,"55,565","49,043","62,087",.,.,.,.,.,.
05,135,AR,Sharp County,"3,388","2,742","4,034",18.9,15.3,22.5,878,585,"1,171",24.6,16.4,32.8,647,404,890,24.1,15.1,33.1,"48,226","43,108","53,344",.,.,.,.,.,.
05,137,AR,Stone County,"2,238","1,698","2,778",17.7,13.4,22.0,646,426,866,26.8,17.7,35.9,467,277,657,25.8,15.3,36.3,"48,912","44,047","53,777",.,.,.,.,.,.
05,139,AR,Union County,"6,114","4,848","7,380",16.8,13.3,20.3,"1,841","1,216","2,466",21.3,14.1,28.5,"1,249",731,"1,767",19.1,11.2,27.0,"58,585","52,671","64,499",.,.,.,.,.,.
05,141,AR,Van Buren County,"2,682","2,123","3,241",16.7,13.2,20.2,719,498,940,24.5,17.0,32.0,495,303,687,21.9,13.4,30.4,"52,814","46,886","58,742",.,.,.,.,.,.
05,143,AR,Washington County,"34,730","30,191","39,269",13.5,11.7,15.3,"9,380","7,225","11,535",15.7,12.1,19.3,"6,276","4,600","7,952",14.4,10.6,18.2,"74,040","69,426","78,654",.,.,.,.,.,.
05,145,AR,White County,"13,333","11,319","15,347",17.4,14.8,20.0,"3,636","2,803","4,469",20.7,16.0,25.4,"2,555","1,872","3,238",19.4,14.2,24.6,"57,435","52,060","62,810",.,.,.,.,.,.
05,147,AR,Woodruff County,"1,457","1,154","1,760",25.6,20.3,30.9,438,288,588,34.8,22.9,46.7,306,187,425,32.3,19.7,44.9,"46,571","41,012","52,130",.,.,.,.,.,.
05,149,AR,Yell County,"3,158","2,507","3,809",15.9,12.6,19.2,"1,092",772,"1,412",23.1,16.3,29.9,781,525,"1,037",22.9,15.4,30.4,"54,318","48,447","60,189",.,.,.,.,.,.
06,000,CA,California,"4,579,429","4,527,014","4,631,844",11.8,11.7,11.9,"1,210,041","1,179,294","1,240,788",14.6,14.2,15.0,"881,403","854,292","908,514",14.2,13.8,14.6,"100,130","99,750","100,510","296,490","282,025","310,955",14.7,14.0,15.4
06,001,CA,Alameda County,"142,324","130,410","154,238",8.8,8.1,9.5,"24,998","19,695","30,301",8.0,6.3,9.7,"16,854","12,589","21,119",7.3,5.4,9.2,"128,031","124,696","131,366",.,.,.,.,.,.
06,003,CA,Alpine County,173,130,216,15.8,11.8,19.8,44,30,58,26.2,17.6,34.8,30,19,41,23.8,14.9,32.7,"74,440","65,383","83,497",.,.,.,.,.,.
06,005,CA,Amador County,"4,082","3,122","5,042",10.8,8.3,13.3,831,565,"1,097",12.9,8.8,17.0,577,361,793,12.2,7.7,16.7,"85,625","78,787","92,463",.,.,.,.,.,.
06,007,CA,Butte County,"38,330","34,520","42,140",18.7,16.8,20.6,"8,519","6,811","10,227",20.7,16.5,24.9,"5,450","4,007","6,893",17.6,12.9,22.3,"65,143","61,668","68,618",.,.,.,.,.,.
06,009,CA,Calaveras County,"5,302","4,082","6,522",11.5,8.9,14.1,"1,136",753,"1,519",14.4,9.6,19.2,811,504,"1,118",13.7,8.5,18.9,"79,852","71,190","88,514",.,.,.,.,.,.
06,011,CA,Colusa County,"2,988","2,432","3,544",13.6,11.1,16.1,883,626,"1,140",15.3,10.9,19.7,653,450,856,14.9,10.3,19.5,"69,149","61,521","76,777",.,.,.,.,.,.
06,013,CA,Contra Costa County,"99,140","87,724","110,556",8.5,7.5,9.5,"23,903","19,540","28,266",9.6,7.8,11.4,"17,612","14,236","20,988",9.4,7.6,11.2,"126,787","123,762","129,812",.,.,.,.,.,.
06,015,CA,Del Norte County,"4,879","3,865","5,893",19.9,15.8,24.0,"1,353",969,"1,737",25.2,18.0,32.4,934,615,"1,253",23.0,15.1,30.9,"58,773","52,223","65,323",.,.,.,.,.,.
06,017,CA,El Dorado County,"15,224","12,677","17,771",7.9,6.6,9.2,"2,896","2,098","3,694",8.0,5.8,10.2,"2,135","1,505","2,765",7.6,5.4,9.8,"107,289","100,197","114,381",.,.,.,.,.,.
06,019,CA,Fresno County,"183,233","170,377","196,089",18.2,16.9,19.5,"69,750","63,515","75,985",25.5,23.2,27.8,"50,322","45,125","55,519",24.5,22.0,27.0,"74,244","71,384","77,104",.,.,.,.,.,.
06,021,CA,Glenn County,"4,362","3,526","5,198",15.5,12.5,18.5,"1,523","1,145","1,901",20.9,15.7,26.1,"1,103",800,"1,406",20.1,14.6,25.6,"66,061","58,986","73,136",.,.,.,.,.,.
06,023,CA,Humboldt County,"23,414","20,140","26,688",18.0,15.5,20.5,"4,170","2,924","5,416",17.7,12.4,23.0,"2,978","1,971","3,985",16.9,11.2,22.6,"58,960","55,467","62,453",.,.,.,.,.,.
06,025,CA,Imperial County,"32,679","28,312","37,046",18.8,16.3,21.3,"12,554","10,163","14,945",25.1,20.3,29.9,"9,050","7,172","10,928",23.8,18.9,28.7,"60,477","57,095","63,859",.,.,.,.,.,.
06,027,CA,Inyo County,"2,036","1,583","2,489",11.2,8.7,13.7,529,357,701,14.8,10.0,19.6,381,244,518,13.9,8.9,18.9,"73,402","66,438","80,366",.,.,.,.,.,.
06,029,CA,Kern County,"168,192","158,170","178,214",18.6,17.5,19.7,"62,053","56,417","67,689",24.5,22.3,26.7,"46,290","41,847","50,733",24.0,21.7,26.3,"71,295","69,375","73,215",.,.,.,.,.,.
06,031,CA,Kings County,"20,054","16,017","24,091",14.4,11.5,17.3,"6,957","4,988","8,926",17.3,12.4,22.2,"5,138","3,568","6,708",17.3,12.0,22.6,"71,731","66,916","76,546",.,.,.,.,.,.
06,033,CA,Lake County,"13,225","11,065","15,385",19.7,16.5,22.9,"3,800","2,931","4,669",26.3,20.3,32.3,"2,936","2,243","3,629",27.0,20.6,33.4,"55,489","49,867","61,111",.,.,.,.,.,.
06,035,CA,Lassen County,"3,975","3,157","4,793",17.2,13.7,20.7,895,661,"1,129",17.1,12.6,21.6,624,430,818,16.1,11.1,21.1,"68,185","62,359","74,011",.,.,.,.,.,.
06,037,CA,Los Angeles County,"1,275,042","1,235,370","1,314,714",13.3,12.9,13.7,"315,526","297,108","333,944",16.5,15.5,17.5,"234,272","220,172","248,372",16.2,15.2,17.2,"90,757","90,046","91,468",.,.,.,.,.,.
06,039,CA,Madera County,"28,069","23,941","32,197",17.7,15.1,20.3,"11,196","9,203","13,189",26.0,21.4,30.6,"8,089","6,492","9,686",25.0,20.1,29.9,"71,161","66,984","75,338",.,.,.,.,.,.
06,041,CA,Marin County,"24,744","21,572","27,916",9.9,8.6,11.2,"4,541","3,713","5,369",9.6,7.8,11.4,"3,457","2,836","4,078",9.5,7.8,11.2,"145,395","136,274","154,516",.,.,.,.,.,.
06,043,CA,Mariposa County,"2,544","1,997","3,091",15.1,11.9,18.3,568,382,754,19.6,13.2,26.0,415,259,571,18.9,11.8,26.0,"68,424","61,041","75,807",.,.,.,.,.,.
06,045,CA,Mendocino County,"11,834","9,655","14,013",13.4,10.9,15.9,"3,026","1,947","4,105",16.9,10.9,22.9,"2,137","1,254","3,020",15.8,9.3,22.3,"67,303","61,166","73,440",.,.,.,.,.,.
06,047,CA,Merced County,"53,243","47,303","59,183",18.4,16.3,20.5,"19,483","16,536","22,430",24.0,20.4,27.6,"14,412","12,113","16,711",23.3,19.6,27.0,"65,325","62,222","68,428",.,.,.,.,.,.
06,049,CA,Modoc County,"1,435","1,062","1,808",17.1,12.6,21.6,393,267,519,25.6,17.3,33.9,285,181,389,24.1,15.3,32.9,"57,390","50,698","64,082",.,.,.,.,.,.
06,051,CA,Mono County,"1,261",940,"1,582",9.8,7.3,12.3,242,164,320,10.8,7.3,14.3,171,109,233,10.2,6.5,13.9,"91,667","82,098","101,236",.,.,.,.,.,.
06,053,CA,Monterey County,"57,594","50,099","65,089",13.7,11.9,15.5,"19,290","15,621","22,959",18.0,14.6,21.4,"12,546","9,546","15,546",15.7,11.9,19.5,"91,761","88,096","95,426",.,.,.,.,.,.
06,055,CA,Napa County,"10,112","7,937","12,287",7.8,6.1,9.5,"2,011","1,364","2,658",8.3,5.6,11.0,"1,398",887,"1,909",7.5,4.7,10.3,"116,139","109,974","122,304",.,.,.,.,.,.
06,057,CA,Nevada County,"9,710","7,705","11,715",9.6,7.6,11.6,"2,101","1,440","2,762",12.6,8.6,16.6,"1,530",988,"2,072",12.0,7.8,16.2,"98,873","93,296","104,450",.,.,.,.,.,.
06,059,CA,Orange County,"303,988","283,510","324,466",9.7,9.0,10.4,"71,924","62,793","81,055",11.4,10.0,12.8,"52,908","46,432","59,384",11.1,9.7,12.5,"114,858","112,952","116,764",.,.,.,.,.,.
06,061,CA,Placer County,"29,451","25,547","33,355",6.8,5.9,7.7,"5,709","4,314","7,104",6.3,4.8,7.8,"3,909","2,764","5,054",5.5,3.9,7.1,"115,845","110,256","121,434",.,.,.,.,.,.
06,063,CA,Plumas County,"2,426","1,871","2,981",13.0,10.0,16.0,543,367,719,17.8,12.0,23.6,394,252,536,16.6,10.6,22.6,"72,068","64,045","80,091",.,.,.,.,.,.
06,065,CA,Riverside County,"243,691","222,835","264,547",9.8,9.0,10.6,"65,516","54,542","76,490",11.3,9.4,13.2,"46,539","38,037","55,041",10.6,8.7,12.5,"92,611","90,650","94,572",.,.,.,.,.,.
06,067,CA,Sacramento County,"191,299","178,075","204,523",12.0,11.2,12.8,"56,067","48,839","63,295",15.8,13.8,17.8,"40,532","34,868","46,196",15.4,13.3,17.5,"93,331","90,764","95,898",.,.,.,.,.,.
06,069,CA,San Benito County,"5,952","4,582","7,322",8.7,6.7,10.7,"1,715","1,193","2,237",10.2,7.1,13.3,"1,275",858,"1,692",10.1,6.8,13.4,"109,002","100,761","117,243",.,.,.,.,.,.
06,071,CA,San Bernardino County,"274,258","253,795","294,721",12.6,11.7,13.5,"89,283","78,844","99,722",16.6,14.7,18.5,"67,908","60,330","75,486",16.7,14.8,18.6,"87,665","85,790","89,540",.,.,.,.,.,.
06,073,CA,San Diego County,"322,284","300,342","344,226",10.1,9.4,10.8,"73,859","63,573","84,145",11.2,9.6,12.8,"52,545","44,944","60,146",10.8,9.2,12.4,"108,754","107,258","110,250",.,.,.,.,.,.
06,075,CA,San Francisco County,"91,949","85,141","98,757",11.3,10.5,12.1,"10,717","7,727","13,707",9.8,7.1,12.5,"7,720","5,404","10,036",10.1,7.1,13.1,"137,184","132,228","142,140",.,.,.,.,.,.
06,077,CA,San Joaquin County,"104,115","93,401","114,829",12.9,11.6,14.2,"34,584","29,493","39,675",17.0,14.5,19.5,"24,633","20,878","28,388",16.0,13.6,18.4,"91,854","89,073","94,635",.,.,.,.,.,.
06,079,CA,San Luis Obispo County,"33,720","29,864","37,576",12.6,11.2,14.0,"5,420","4,130","6,710",11.4,8.7,14.1,"3,811","2,793","4,829",10.7,7.8,13.6,"99,646","96,532","102,760",.,.,.,.,.,.
06,081,CA,San Mateo County,"52,678","46,423","58,933",7.2,6.4,8.0,"10,026","7,850","12,202",7.3,5.7,8.9,"6,789","5,052","8,526",6.7,5.0,8.4,"158,569","153,226","163,912",.,.,.,.,.,.
06,083,CA,Santa Barbara County,"66,968","61,328","72,608",15.7,14.4,17.0,"18,316","15,655","20,977",19.1,16.3,21.9,"12,153","10,284","14,022",17.4,14.7,20.1,"94,572","91,031","98,113",.,.,.,.,.,.
06,085,CA,Santa Clara County,"133,555","122,574","144,536",7.1,6.5,7.7,"24,627","20,063","29,191",6.7,5.5,7.9,"18,391","15,152","21,630",6.7,5.5,7.9,"166,984","163,157","170,811",.,.,.,.,.,.
06,087,CA,Santa Cruz County,"30,049","25,692","34,406",11.9,10.2,13.6,"5,873","4,411","7,335",13.0,9.8,16.2,"4,334","3,187","5,481",12.7,9.4,16.0,"105,437","100,201","110,673",.,.,.,.,.,.
06,089,CA,Shasta County,"26,118","22,418","29,818",14.6,12.5,16.7,"6,256","4,622","7,890",16.7,12.3,21.1,"4,126","2,680","5,572",14.5,9.4,19.6,"70,620","67,814","73,426",.,.,.,.,.,.
06,091,CA,Sierra County,414,310,518,13.5,10.1,16.9,74,50,98,16.1,10.9,21.3,54,34,74,14.7,9.3,20.1,"69,104","60,809","77,399",.,.,.,.,.,.
06,093,CA,Siskiyou County,"7,279","6,095","8,463",17.3,14.5,20.1,"1,918","1,465","2,371",23.8,18.2,29.4,"1,277",885,"1,669",20.3,14.1,26.5,"60,432","55,887","64,977",.,.,.,.,.,.
06,095,CA,Solano County,"44,974","39,112","50,836",10.1,8.8,11.4,"11,447","9,185","13,709",11.9,9.5,14.3,"8,054","6,296","9,812",11.2,8.7,13.7,"94,968","90,216","99,720",.,.,.,.,.,.
06,097,CA,Sonoma County,"40,444","34,769","46,119",8.4,7.2,9.6,"7,544","5,330","9,758",8.6,6.1,11.1,"5,267","3,524","7,010",8.0,5.3,10.7,"105,956","101,894","110,018",.,.,.,.,.,.
06,099,CA,Stanislaus County,"78,101","68,974","87,228",14.2,12.5,15.9,"25,611","21,250","29,972",18.0,14.9,21.1,"19,593","16,377","22,809",18.3,15.3,21.3,"77,812","74,089","81,535",.,.,.,.,.,.
06,101,CA,Sutter County,"12,278","9,825","14,731",12.6,10.1,15.1,"3,716","2,506","4,926",15.6,10.5,20.7,"2,675","1,699","3,651",15.1,9.6,20.6,"74,183","66,907","81,459",.,.,.,.,.,.
06,103,CA,Tehama County,"11,598","9,792","13,404",18.2,15.4,21.0,"3,677","2,874","4,480",24.4,19.1,29.7,"2,413","1,741","3,085",21.4,15.5,27.3,"62,822","56,448","69,196",.,.,.,.,.,.
06,105,CA,Trinity County,"3,565","2,726","4,404",23.0,17.6,28.4,857,570,"1,144",32.8,21.8,43.8,628,399,857,30.6,19.4,41.8,"50,481","44,421","56,541",.,.,.,.,.,.
06,107,CA,Tulare County,"95,612","87,932","103,292",19.9,18.3,21.5,"37,928","33,673","42,183",27.5,24.4,30.6,"27,513","24,358","30,668",26.4,23.4,29.4,"68,907","65,918","71,896",.,.,.,.,.,.
06,109,CA,Tuolumne County,"6,482","5,182","7,782",12.7,10.2,15.2,"1,327",913,"1,741",14.7,10.1,19.3,970,644,"1,296",14.3,9.5,19.1,"78,639","72,034","85,244",.,.,.,.,.,.
06,111,CA,Ventura County,"78,310","69,401","87,219",9.5,8.4,10.6,"21,071","17,310","24,832",12.2,10.0,14.4,"15,617","12,734","18,500",12.0,9.8,14.2,"112,872","109,324","116,420",.,.,.,.,.,.
06,113,CA,Yolo County,"37,007","33,914","40,100",17.4,15.9,18.9,"5,067","3,799","6,335",11.9,8.9,14.9,"3,686","2,670","4,702",11.2,8.1,14.3,"87,386","81,296","93,476",.,.,.,.,.,.
06,115,CA,Yuba County,"11,661","8,936","14,386",13.5,10.3,16.7,"4,199","2,889","5,509",18.0,12.4,23.6,"3,099","2,043","4,155",18.3,12.1,24.5,"74,273","69,051","79,495",.,.,.,.,.,.
08,000,CO,Colorado,"557,895","538,579","577,211",9.6,9.3,9.9,"133,838","124,215","143,461",11.2,10.4,12.0,"90,287","81,561","99,013",10.2,9.2,11.2,"96,871","95,815","97,927","37,726","33,725","41,727",12.5,11.2,13.8
08,001,CO,Adams County,"52,774","46,148","59,400",9.8,8.6,11.0,"15,678","12,394","18,962",12.3,9.7,14.9,"10,266","7,465","13,067",10.9,7.9,13.9,"100,686","97,369","104,003",.,.,.,.,.,.
08,003,CO,Alamosa County,"2,811","2,143","3,479",17.9,13.7,22.1,900,590,"1,210",22.9,15.0,30.8,650,393,907,22.1,13.4,30.8,"54,737","49,225","60,249",.,.,.,.,.,.
08,005,CO,Arapahoe County,"51,391","43,930","58,852",7.8,6.7,8.9,"15,074","11,604","18,544",10.4,8.0,12.8,"10,486","7,711","13,261",9.8,7.2,12.4,"103,442","100,676","106,208",.,.,.,.,.,.
08,007,CO,Archuleta County,"1,472","1,120","1,824",10.5,8.0,13.0,372,246,498,16.5,10.9,22.1,275,165,385,15.8,9.5,22.1,"77,215","68,222","86,208",.,.,.,.,.,.
08,009,CO,Baca County,603,455,751,18.2,13.7,22.7,206,138,274,27.9,18.6,37.2,148,92,204,25.6,15.9,35.3,"51,533","45,336","57,730",.,.,.,.,.,.
08,011,CO,Bent County,"1,241",946,"1,536",28.9,22.0,35.8,250,173,327,28.3,19.6,37.0,178,115,241,26.9,17.4,36.4,"46,898","41,431","52,365",.,.,.,.,.,.
08,013,CO,Boulder County,"33,339","29,221","37,457",10.6,9.3,11.9,"4,545","3,234","5,856",8.4,6.0,10.8,"3,158","2,143","4,173",7.5,5.1,9.9,"103,293","98,355","108,231",.,.,.,.,.,.
08,014,CO,Broomfield County,"4,646","3,838","5,454",6.0,5.0,7.0,851,603,"1,099",5.8,4.1,7.5,605,401,809,5.2,3.4,7.0,"124,435","116,896","131,974",.,.,.,.,.,.
08,015,CO,Chaffee County,"1,876","1,403","2,349",9.6,7.2,12.0,306,202,410,10.3,6.8,13.8,220,135,305,10.1,6.2,14.0,"89,591","83,162","96,020",.,.,.,.,.,.
08,017,CO,Cheyenne County,222,164,280,13.2,9.8,16.6,97,64,130,22.2,14.7,29.7,71,43,99,19.9,12.1,27.7,"70,475","62,269","78,681",.,.,.,.,.,.
08,019,CO,Clear Creek County,734,568,900,8.1,6.3,9.9,113,75,151,10.3,6.8,13.8,78,48,108,9.5,5.8,13.2,"94,796","83,847","105,745",.,.,.,.,.,.
08,021,CO,Conejos County,"1,276",962,"1,590",17.1,12.9,21.3,394,255,533,20.9,13.6,28.2,273,158,388,19.7,11.4,28.0,"53,781","48,515","59,047",.,.,.,.,.,.
08,023,CO,Costilla County,836,635,"1,037",22.8,17.3,28.3,239,159,319,35.6,23.6,47.6,171,103,239,34.9,21.0,48.8,"43,575","39,638","47,512",.,.,.,.,.,.
08,025,CO,Crowley County,"1,193",872,"1,514",39.0,28.5,49.5,187,125,249,30.2,20.2,40.2,134,83,185,28.8,17.8,39.8,"44,379","40,642","48,116",.,.,.,.,.,.
08,027,CO,Custer County,644,499,789,11.6,9.0,14.2,144,94,194,17.6,11.5,23.7,106,63,149,18.2,10.8,25.6,"71,090","63,636","78,544",.,.,.,.,.,.
08,029,CO,Delta County,"4,113","3,314","4,912",13.0,10.5,15.5,"1,005",662,"1,348",17.2,11.3,23.1,721,441,"1,001",16.4,10.0,22.8,"60,514","55,003","66,025",.,.,.,.,.,.
08,031,CO,Denver County,"87,674","78,563","96,785",12.2,10.9,13.5,"22,978","19,033","26,923",18.2,15.1,21.3,"15,338","12,073","18,603",17.4,13.7,21.1,"92,395","88,764","96,026",.,.,.,.,.,.
08,033,CO,Dolores County,373,283,463,15.2,11.5,18.9,89,61,117,21.8,15.0,28.6,69,45,93,22.8,15.0,30.6,"61,951","54,483","69,419",.,.,.,.,.,.
08,035,CO,Douglas County,"16,843","14,730","18,956",4.3,3.8,4.8,"3,093","2,428","3,758",3.6,2.8,4.4,"1,818","1,235","2,401",2.8,1.9,3.7,"152,657","147,598","157,716",.,.,.,.,.,.
08,037,CO,Eagle County,"4,251","3,329","5,173",7.9,6.2,9.6,791,552,"1,030",7.8,5.5,10.1,555,375,735,7.2,4.9,9.5,"111,517","100,111","122,923",.,.,.,.,.,.
08,039,CO,Elbert County,"1,664","1,286","2,042",5.7,4.4,7.0,413,285,541,6.8,4.7,8.9,277,172,382,6.0,3.8,8.2,"128,776","117,510","140,042",.,.,.,.,.,.
08,041,CO,El Paso County,"63,761","56,566","70,956",8.7,7.7,9.7,"15,960","12,571","19,349",9.6,7.6,11.6,"10,249","7,459","13,039",8.4,6.1,10.7,"90,778","88,246","93,310",.,.,.,.,.,.
08,043,CO,Fremont County,"6,340","4,812","7,868",15.3,11.6,19.0,"1,336",904,"1,768",17.8,12.0,23.6,937,580,"1,294",16.6,10.3,22.9,"63,195","57,336","69,054",.,.,.,.,.,.
08,045,CO,Garfield County,"4,654","3,598","5,710",7.5,5.8,9.2,"1,434",931,"1,937",9.8,6.4,13.2,999,602,"1,396",9.3,5.6,13.0,"91,858","83,936","99,780",.,.,.,.,.,.
08,047,CO,Gilpin County,432,331,533,7.3,5.6,9.0,63,44,82,8.8,6.1,11.5,37,24,50,7.0,4.6,9.4,"96,815","85,498","108,132",.,.,.,.,.,.
08,049,CO,Grand County,"1,283",979,"1,587",8.0,6.1,9.9,238,160,316,10.0,6.7,13.3,172,108,236,9.6,6.0,13.2,"91,454","81,635","101,273",.,.,.,.,.,.
08,051,CO,Gunnison County,"1,786","1,346","2,226",11.0,8.3,13.7,232,154,310,8.9,5.9,11.9,155,95,215,7.8,4.8,10.8,"79,949","71,070","88,828",.,.,.,.,.,.
08,053,CO,Hinsdale County,63,47,79,8.5,6.3,10.7,12,8,16,14.3,9.5,19.1,8,5,11,12.7,7.4,18.0,"74,437","65,496","83,378",.,.,.,.,.,.
08,055,CO,Huerfano County,"1,321","1,001","1,641",19.2,14.5,23.9,306,205,407,30.8,20.6,41.0,219,138,300,28.2,17.7,38.7,"48,817","43,030","54,604",.,.,.,.,.,.
08,057,CO,Jackson County,165,123,207,13.0,9.7,16.3,42,28,56,19.6,12.9,26.3,30,18,42,19.0,11.5,26.5,"68,455","60,461","76,449",.,.,.,.,.,.
08,059,CO,Jefferson County,"40,897","35,750","46,044",7.2,6.3,8.1,"8,190","6,322","10,058",8.2,6.3,10.1,"5,629","4,170","7,088",7.5,5.5,9.5,"109,969","107,061","112,877",.,.,.,.,.,.
08,061,CO,Kiowa County,199,152,246,14.7,11.3,18.1,74,51,97,21.7,14.9,28.5,53,34,72,21.4,13.7,29.1,"62,052","54,833","69,271",.,.,.,.,.,.
08,063,CO,Kit Carson County,902,684,"1,120",12.9,9.8,16.0,319,216,422,17.7,12.0,23.4,230,146,314,17.2,10.9,23.5,"62,258","54,951","69,565",.,.,.,.,.,.
08,065,CO,Lake County,821,616,"1,026",11.3,8.5,14.1,253,169,337,17.6,11.8,23.4,176,110,242,17.2,10.7,23.7,"76,314","68,011","84,617",.,.,.,.,.,.
08,067,CO,La Plata County,"5,731","4,570","6,892",10.4,8.3,12.5,"1,001",680,"1,322",10.7,7.3,14.1,680,421,939,9.5,5.9,13.1,"88,759","81,384","96,134",.,.,.,.,.,.
08,069,CO,Larimer County,"38,029","34,189","41,869",10.5,9.4,11.6,"5,189","3,722","6,656",8.0,5.7,10.3,"3,391","2,172","4,610",6.9,4.4,9.4,"93,518","89,440","97,596",.,.,.,.,.,.
08,071,CO,Las Animas County,"2,730","2,169","3,291",19.8,15.7,23.9,679,477,881,27.5,19.3,35.7,485,312,658,26.4,17.0,35.8,"51,562","45,967","57,157",.,.,.,.,.,.
08,073,CO,Lincoln County,775,588,962,16.9,12.8,21.0,204,139,269,18.9,12.9,24.9,152,99,205,19.0,12.4,25.6,"60,865","55,416","66,314",.,.,.,.,.,.
08,075,CO,Logan County,"3,074","2,510","3,638",17.0,13.9,20.1,674,495,853,18.4,13.5,23.3,486,340,632,17.9,12.5,23.3,"64,710","59,352","70,068",.,.,.,.,.,.
08,077,CO,Mesa County,"16,272","13,628","18,916",10.3,8.6,12.0,"2,941","1,760","4,122",9.6,5.8,13.4,"2,014","1,064","2,964",8.7,4.6,12.8,"73,997","68,828","79,166",.,.,.,.,.,.
08,079,CO,Mineral County,88,66,110,9.5,7.1,11.9,16,10,22,13.8,9.0,18.6,12,7,17,13.5,8.1,18.9,"76,933","68,172","85,694",.,.,.,.,.,.
08,081,CO,Moffat County,"1,320",992,"1,648",10.1,7.6,12.6,444,295,593,14.5,9.6,19.4,298,183,413,12.4,7.6,17.2,"74,252","65,865","82,639",.,.,.,.,.,.
08,083,CO,Montezuma County,"3,937","3,034","4,840",14.8,11.4,18.2,"1,237",819,"1,655",22.8,15.1,30.5,862,524,"1,200",20.6,12.5,28.7,"66,611","61,654","71,568",.,.,.,.,.,.
08,085,CO,Montrose County,"5,738","4,635","6,841",12.9,10.4,15.4,"1,473","1,080","1,866",17.1,12.5,21.7,945,629,"1,261",14.5,9.7,19.3,"72,338","66,704","77,972",.,.,.,.,.,.
08,087,CO,Morgan County,"4,173","3,372","4,974",14.0,11.3,16.7,"1,455","1,085","1,825",18.5,13.8,23.2,"1,032",743,"1,321",17.8,12.8,22.8,"69,828","63,292","76,364",.,.,.,.,.,.
08,089,CO,Otero County,"3,346","2,565","4,127",19.0,14.6,23.4,"1,058",716,"1,400",26.1,17.7,34.5,771,492,"1,050",25.2,16.1,34.3,"51,225","46,043","56,407",.,.,.,.,.,.
08,091,CO,Ouray County,370,275,465,7.1,5.3,8.9,58,38,78,8.8,5.8,11.8,42,26,58,8.5,5.2,11.8,"98,611","87,596","109,626",.,.,.,.,.,.
08,093,CO,Park County,"1,487","1,107","1,867",8.1,6.0,10.2,266,178,354,10.4,6.9,13.9,184,115,253,9.8,6.1,13.5,"98,187","87,622","108,752",.,.,.,.,.,.
08,095,CO,Phillips County,505,379,631,11.4,8.5,14.3,175,116,234,16.0,10.6,21.4,122,73,171,15.0,9.0,21.0,"64,166","56,642","71,690",.,.,.,.,.,.
08,097,CO,Pitkin County,"1,150",886,"1,414",6.9,5.3,8.5,127,86,168,5.3,3.6,7.0,89,56,122,5.1,3.2,7.0,"119,658","105,660","133,656",.,.,.,.,.,.
08,099,CO,Prowers County,"2,212","1,716","2,708",19.0,14.7,23.3,803,559,"1,047",26.2,18.2,34.2,526,332,720,22.8,14.4,31.2,"53,748","47,735","59,761",.,.,.,.,.,.
08,101,CO,Pueblo County,"26,316","22,537","30,095",15.8,13.5,18.1,"7,504","5,923","9,085",21.3,16.8,25.8,"5,211","3,971","6,451",19.7,15.0,24.4,"62,186","58,855","65,517",.,.,.,.,.,.
08,103,CO,Rio Blanco County,700,525,875,10.9,8.2,13.6,193,130,256,13.2,8.9,17.5,139,88,190,11.9,7.5,16.3,"72,651","64,669","80,633",.,.,.,.,.,.
08,105,CO,Rio Grande County,"1,616","1,240","1,992",14.7,11.3,18.1,437,303,571,19.7,13.7,25.7,328,217,439,20.0,13.3,26.7,"59,812","53,005","66,619",.,.,.,.,.,.
08,107,CO,Routt County,"1,626","1,250","2,002",6.6,5.1,8.1,234,153,315,5.5,3.6,7.4,172,105,239,5.3,3.2,7.4,"112,777","99,967","125,587",.,.,.,.,.,.
08,109,CO,Saguache County,"1,575","1,236","1,914",23.7,18.6,28.8,394,262,526,33.2,22.1,44.3,268,163,373,30.6,18.5,42.7,"48,755","42,902","54,608",.,.,.,.,.,.
08,111,CO,San Juan County,96,73,119,11.7,8.8,14.6,18,12,24,19.4,12.9,25.9,13,8,18,20.3,12.2,28.4,"65,231","57,343","73,119",.,.,.,.,.,.
08,113,CO,San Miguel County,626,468,784,8.0,6.0,10.0,79,52,106,6.8,4.5,9.1,55,33,77,6.0,3.6,8.4,"108,571","95,737","121,405",.,.,.,.,.,.
08,115,CO,Sedgwick County,325,244,406,14.6,11.0,18.2,99,65,133,23.2,15.2,31.2,73,44,102,21.9,13.2,30.6,"51,589","45,667","57,511",.,.,.,.,.,.
08,117,CO,Summit County,"2,375","1,796","2,954",7.7,5.8,9.6,356,245,467,7.6,5.2,10.0,230,147,313,6.7,4.3,9.1,"118,690","107,569","129,811",.,.,.,.,.,.
08,119,CO,Teller County,"2,026","1,552","2,500",8.2,6.3,10.1,461,306,616,12.1,8.0,16.2,333,204,462,11.5,7.1,15.9,"87,171","77,602","96,740",.,.,.,.,.,.
08,121,CO,Washington County,588,442,734,12.8,9.6,16.0,184,122,246,17.6,11.7,23.5,132,82,182,16.5,10.2,22.8,"64,985","59,733","70,237",.,.,.,.,.,.
08,123,CO,Weld County,"35,166","29,924","40,408",9.6,8.2,11.0,"9,359","7,046","11,672",10.3,7.7,12.9,"6,390","4,481","8,299",9.7,6.8,12.6,"100,638","96,831","104,445",.,.,.,.,.,.
08,125,CO,Yuma County,"1,323","1,007","1,639",13.4,10.2,16.6,533,361,705,18.8,12.7,24.9,361,221,501,17.3,10.6,24.0,"60,621","53,655","67,587",.,.,.,.,.,.
09,000,CT,Connecticut,"361,291","347,574","375,008",10.1,9.7,10.5,"93,004","85,794","100,214",13.0,12.0,14.0,"67,996","61,359","74,633",12.7,11.5,13.9,"95,670","93,968","97,372","22,836","20,218","25,454",12.8,11.3,14.3
09,110,CT,Capitol Planning Region,"99,488","90,201","108,775",10.4,9.4,11.4,"26,478","22,732","30,224",13.8,11.9,15.7,"19,970","17,103","22,837",13.9,11.9,15.9,"93,478","90,686","96,270",.,.,.,.,.,.
09,120,CT,Greater Bridgeport Planning Region,"37,123","31,426","42,820",11.4,9.6,13.2,"10,737","8,365","13,109",14.9,11.6,18.2,"7,758","5,919","9,597",14.3,10.9,17.7,"89,961","85,792","94,130",.,.,.,.,.,.
09,130,CT,Lower Connecticut River Valley Planning Region,"12,447","10,410","14,484",7.2,6.0,8.4,"2,062","1,523","2,601",7.3,5.4,9.2,"1,482","1,048","1,916",7.0,5.0,9.0,"101,937","95,780","108,094",.,.,.,.,.,.
09,140,CT,Naugatuck Valley Planning Region,"56,917","50,748","63,086",12.5,11.1,13.9,"16,241","13,735","18,747",17.9,15.1,20.7,"12,375","10,470","14,280",18.2,15.4,21.0,"81,346","76,539","86,153",.,.,.,.,.,.
09,150,CT,Northeastern Connecticut Planning Region,"7,374","5,635","9,113",7.7,5.9,9.5,"1,670","1,116","2,224",9.7,6.5,12.9,"1,130",705,"1,555",8.8,5.5,12.1,"95,324","88,735","101,913",.,.,.,.,.,.
09,160,CT,Northwest Hills Planning Region,"9,613","7,776","11,450",8.6,7.0,10.2,"1,956","1,392","2,520",10.1,7.2,13.0,"1,353",885,"1,821",9.3,6.1,12.5,"95,471","88,969","101,973",.,.,.,.,.,.
09,170,CT,South Central Connecticut Planning Region,"63,390","56,017","70,763",11.5,10.2,12.8,"14,843","11,537","18,149",13.7,10.7,16.7,"10,654","8,147","13,161",13.2,10.1,16.3,"89,386","85,077","93,695",.,.,.,.,.,.
09,180,CT,Southeastern Connecticut Planning Region,"26,061","22,196","29,926",9.6,8.2,11.0,"6,851","5,339","8,363",13.2,10.3,16.1,"4,212","2,965","5,459",10.9,7.7,14.1,"89,230","85,012","93,448",.,.,.,.,.,.
09,190,CT,Western Connecticut Planning Region,"48,879","42,597","55,161",7.8,6.8,8.8,"12,166","9,889","14,443",9.0,7.3,10.7,"9,062","7,298","10,826",9.0,7.3,10.7,"130,842","125,753","135,931",.,.,.,.,.,.
10,000,DE,Delaware,"103,364","97,138","109,590",10.1,9.5,10.7,"29,811","26,674","32,948",14.2,12.7,15.7,"20,730","17,934","23,526",13.3,11.5,15.1,"87,510","85,152","89,868","8,433","7,296","9,570",15.6,13.5,17.7
10,001,DE,Kent County,"19,147","15,243","23,051",10.2,8.1,12.3,"6,142","4,261","8,023",14.4,10.0,18.8,"4,408","2,944","5,872",13.9,9.3,18.5,"78,240","72,320","84,160",.,.,.,.,.,.
10,003,DE,New Castle County,"58,815","52,241","65,389",10.3,9.2,11.4,"16,280","13,285","19,275",13.5,11.0,16.0,"11,007","8,707","13,307",12.3,9.7,14.9,"89,750","86,851","92,649",.,.,.,.,.,.
10,005,DE,Sussex County,"25,402","21,113","29,691",9.5,7.9,11.1,"7,389","5,274","9,504",15.8,11.3,20.3,"5,315","3,670","6,960",15.4,10.6,20.2,"84,917","81,367","88,467",.,.,.,.,.,.
11,000,DC,District of Columbia,"110,233","103,777","116,689",16.4,15.4,17.4,"32,253","28,251","36,255",25.0,21.9,28.1,"22,266","18,572","25,960",24.9,20.8,29.0,"109,289","106,123","112,455","9,346","8,093","10,599",24.1,20.9,27.3
11,001,DC,District of Columbia,"110,233","103,777","116,689",16.4,15.4,17.4,"32,253","28,251","36,255",25.0,21.9,28.1,"22,266","18,572","25,960",24.9,20.8,29.0,"109,289","106,123","112,455",.,.,.,.,.,.
12,000,FL,Florida,"2,772,367","2,726,817","2,817,917",12.1,11.9,12.3,"696,318","667,323","725,313",15.7,15.0,16.4,"486,025","460,577","511,473",14.8,14.0,15.6,"77,687","77,126","78,248","193,053","180,900","205,206",17.3,16.2,18.4
12,001,FL,Alachua County,"62,578","58,115","67,041",22.9,21.3,24.5,"9,868","7,674","12,062",19.5,15.2,23.8,"7,383","5,751","9,015",19.8,15.4,24.2,"65,127","61,929","68,325",.,.,.,.,.,.
12,003,FL,Baker County,"3,559","2,709","4,409",13.0,9.9,16.1,"1,249",837,"1,661",17.7,11.9,23.5,919,580,"1,258",17.7,11.2,24.2,"78,227","72,708","83,746",.,.,.,.,.,.
12,005,FL,Bay County,"22,747","18,644","26,850",11.6,9.5,13.7,"7,446","5,434","9,458",17.8,13.0,22.6,"4,842","3,170","6,514",15.6,10.2,21.0,"76,080","72,200","79,960",.,.,.,.,.,.
12,007,FL,Bradford County,"4,626","3,723","5,529",18.2,14.6,21.8,"1,521","1,165","1,877",26.4,20.2,32.6,"1,217",940,"1,494",28.4,21.9,34.9,"58,527","53,153","63,901",.,.,.,.,.,.
12,009,FL,Brevard County,"65,695","58,007","73,383",10.1,8.9,11.3,"15,832","12,535","19,129",13.7,10.8,16.6,"10,998","8,255","13,741",12.6,9.5,15.7,"78,154","76,213","80,095",.,.,.,.,.,.
12,011,FL,Broward County,"236,846","218,299","255,393",11.7,10.8,12.6,"61,113","50,936","71,290",14.9,12.4,17.4,"40,903","33,091","48,715",13.5,10.9,16.1,"81,337","80,140","82,534",.,.,.,.,.,.
12,013,FL,Calhoun County,"2,273","1,710","2,836",19.2,14.5,23.9,657,436,878,25.2,16.7,33.7,482,297,667,24.4,15.0,33.8,"53,701","47,512","59,890",.,.,.,.,.,.
12,015,FL,Charlotte County,"19,414","15,771","23,057",9.3,7.5,11.1,"3,184","2,117","4,251",13.1,8.7,17.5,"2,296","1,395","3,197",12.4,7.5,17.3,"72,816","68,081","77,551",.,.,.,.,.,.
12,017,FL,Citrus County,"22,618","19,333","25,903",13.5,11.5,15.5,"4,360","3,142","5,578",18.1,13.0,23.2,"3,195","2,220","4,170",17.3,12.0,22.6,"59,737","56,545","62,929",.,.,.,.,.,.
12,019,FL,Clay County,"21,370","18,069","24,671",9.1,7.7,10.5,"5,962","4,525","7,399",11.4,8.6,14.2,"4,152","2,830","5,474",10.3,7.0,13.6,"89,972","84,141","95,803",.,.,.,.,.,.
12,021,FL,Collier County,"42,737","38,425","47,049",10.4,9.4,11.4,"8,971","6,928","11,014",13.6,10.5,16.7,"5,931","4,293","7,569",12.2,8.8,15.6,"97,022","92,000","102,044",.,.,.,.,.,.
12,023,FL,Columbia County,"11,278","8,714","13,842",16.0,12.4,19.6,"3,657","2,541","4,773",22.8,15.8,29.8,"2,729","1,818","3,640",22.6,15.1,30.1,"62,511","56,804","68,218",.,.,.,.,.,.
12,027,FL,DeSoto County,"7,408","5,940","8,876",21.8,17.5,26.1,"1,984","1,508","2,460",30.8,23.4,38.2,"1,465","1,076","1,854",32.4,23.8,41.0,"57,325","51,659","62,991",.,.,.,.,.,.
12,029,FL,Dixie County,"3,543","2,720","4,366",22.1,17.0,27.2,904,608,"1,200",29.1,19.6,38.6,673,421,925,29.0,18.2,39.8,"50,887","46,167","55,607",.,.,.,.,.,.
12,031,FL,Duval County,"125,541","113,836","137,246",12.2,11.1,13.3,"35,545","28,073","43,017",15.5,12.2,18.8,"22,181","16,695","27,667",13.4,10.1,16.7,"73,638","70,972","76,304",.,.,.,.,.,.
12,033,FL,Escambia County,"45,410","39,104","51,716",14.5,12.5,16.5,"15,159","12,023","18,295",22.7,18.0,27.4,"10,864","8,294","13,434",22.3,17.0,27.6,"66,861","63,597","70,125",.,.,.,.,.,.
12,035,FL,Flagler County,"13,480","11,437","15,523",9.9,8.4,11.4,"2,978","2,145","3,811",14.3,10.3,18.3,"2,219","1,522","2,916",13.7,9.4,18.0,"84,156","77,002","91,310",.,.,.,.,.,.
12,037,FL,Franklin County,"2,083","1,590","2,576",17.9,13.7,22.1,554,375,733,29.3,19.8,38.8,401,255,547,28.4,18.0,38.8,"58,831","52,601","65,061",.,.,.,.,.,.
12,039,FL,Gadsden County,"8,889","7,514","10,264",20.7,17.5,23.9,"2,738","1,964","3,512",28.9,20.7,37.1,"1,867","1,215","2,519",26.4,17.2,35.6,"56,398","50,184","62,612",.,.,.,.,.,.
12,041,FL,Gilchrist County,"2,700","2,060","3,340",14.1,10.8,17.4,854,585,"1,123",20.3,13.9,26.7,610,382,838,19.9,12.5,27.3,"58,365","52,995","63,735",.,.,.,.,.,.
12,043,FL,Glades County,"1,974","1,471","2,477",17.2,12.8,21.6,355,235,475,22.1,14.6,29.6,258,158,358,21.2,13.0,29.4,"58,721","51,797","65,645",.,.,.,.,.,.
12,045,FL,Gulf County,"2,230","1,685","2,775",16.0,12.1,19.9,534,366,702,21.9,15.0,28.8,377,238,516,19.7,12.5,26.9,"63,384","55,955","70,813",.,.,.,.,.,.
12,047,FL,Hamilton County,"3,023","2,347","3,699",25.3,19.6,31.0,896,602,"1,190",32.7,21.9,43.5,644,403,885,34.3,21.4,47.2,"48,859","43,343","54,375",.,.,.,.,.,.
12,049,FL,Hardee County,"4,563","3,437","5,689",18.9,14.2,23.6,"1,524","1,020","2,028",24.1,16.1,32.1,"1,079",672,"1,486",23.4,14.6,32.2,"56,091","50,298","61,884",.,.,.,.,.,.
12,051,FL,Hendry County,"8,317","6,477","10,157",18.3,14.3,22.3,"2,780","1,884","3,676",25.1,17.0,33.2,"1,945","1,227","2,663",23.8,15.0,32.6,"57,691","51,171","64,211",.,.,.,.,.,.
12,053,FL,Hernando County,"22,399","18,583","26,215",10.4,8.6,12.2,"5,427","3,702","7,152",13.8,9.4,18.2,"3,993","2,611","5,375",13.2,8.6,17.8,"68,768","64,867","72,669",.,.,.,.,.,.
12,055,FL,Highlands County,"16,798","14,025","19,571",15.5,12.9,18.1,"3,872","2,577","5,167",21.9,14.6,29.2,"2,771","1,715","3,827",20.9,12.9,28.9,"56,218","51,246","61,190",.,.,.,.,.,.
12,057,FL,Hillsborough County,"181,803","164,536","199,070",11.7,10.6,12.8,"47,342","38,293","56,391",14.4,11.6,17.2,"32,738","25,235","40,241",13.5,10.4,16.6,"84,691","82,484","86,898",.,.,.,.,.,.
12,059,FL,Holmes County,"3,421","2,608","4,234",18.7,14.3,23.1,"1,044",694,"1,394",26.4,17.5,35.3,774,485,"1,063",26.5,16.6,36.4,"52,901","47,013","58,789",.,.,.,.,.,.
12,061,FL,Indian River County,"15,679","12,539","18,819",9.2,7.4,11.0,"3,458","2,322","4,594",13.9,9.3,18.5,"2,529","1,611","3,447",13.5,8.6,18.4,"81,530","73,977","89,083",.,.,.,.,.,.
12,063,FL,Jackson County,"8,198","6,605","9,791",19.4,15.6,23.2,"2,333","1,734","2,932",25.3,18.8,31.8,"1,830","1,367","2,293",27.1,20.2,34.0,"55,272","50,202","60,342",.,.,.,.,.,.
12,065,FL,Jefferson County,"2,301","1,779","2,823",15.9,12.3,19.5,578,382,774,22.1,14.6,29.6,426,264,588,21.7,13.4,30.0,"64,680","57,391","71,969",.,.,.,.,.,.
12,067,FL,Lafayette County,"1,405","1,060","1,750",19.6,14.8,24.4,384,262,506,25.2,17.2,33.2,276,178,374,24.3,15.7,32.9,"57,560","50,906","64,214",.,.,.,.,.,.
12,069,FL,Lake County,"39,604","33,442","45,766",9.0,7.6,10.4,"10,018","6,956","13,080",12.3,8.6,16.0,"7,105","4,588","9,622",11.5,7.4,15.6,"76,542","73,925","79,159",.,.,.,.,.,.
12,071,FL,Lee County,"96,897","87,747","106,047",11.4,10.3,12.5,"22,622","18,332","26,912",15.6,12.6,18.6,"13,838","9,978","17,698",13.0,9.4,16.6,"83,479","81,055","85,903",.,.,.,.,.,.
12,073,FL,Leon County,"60,386","55,399","65,373",21.3,19.5,23.1,"12,298","10,310","14,286",22.8,19.1,26.5,"8,821","7,160","10,482",21.8,17.7,25.9,"64,847","61,074","68,620",.,.,.,.,.,.
12,075,FL,Levy County,"8,360","6,805","9,915",17.6,14.3,20.9,"2,158","1,482","2,834",24.1,16.5,31.7,"1,604","1,051","2,157",23.5,15.4,31.6,"54,617","49,828","59,406",.,.,.,.,.,.
12,077,FL,Liberty County,"1,295",981,"1,609",20.5,15.5,25.5,306,205,407,22.5,15.1,29.9,227,144,310,23.0,14.6,31.4,"57,015","50,559","63,471",.,.,.,.,.,.
12,079,FL,Madison County,"3,320","2,529","4,111",19.6,14.9,24.3,858,569,"1,147",25.7,17.1,34.3,632,395,869,25.8,16.1,35.5,"51,714","45,670","57,758",.,.,.,.,.,.
12,081,FL,Manatee County,"44,121","37,849","50,393",9.8,8.4,11.2,"10,495","7,792","13,198",13.7,10.2,17.2,"7,235","4,904","9,566",12.7,8.6,16.8,"81,174","77,424","84,924",.,.,.,.,.,.
12,083,FL,Marion County,"59,731","52,846","66,616",14.3,12.7,15.9,"15,784","12,135","19,433",20.3,15.6,25.0,"11,750","8,735","14,765",20.1,15.0,25.2,"64,046","61,220","66,872",.,.,.,.,.,.
12,085,FL,Martin County,"13,893","10,978","16,808",8.6,6.8,10.4,"2,970","1,957","3,983",11.5,7.6,15.4,"2,228","1,411","3,045",11.5,7.3,15.7,"94,583","88,469","100,697",.,.,.,.,.,.
12,086,FL,Miami-Dade County,"397,263","375,245","419,281",14.2,13.4,15.0,"97,438","85,524","109,352",17.7,15.5,19.9,"64,456","54,440","74,472",16.0,13.5,18.5,"75,779","74,458","77,100",.,.,.,.,.,.
12,087,FL,Monroe County,"8,694","6,814","10,574",10.9,8.6,13.2,"1,869","1,270","2,468",15.0,10.2,19.8,"1,306",809,"1,803",14.5,9.0,20.0,"94,752","88,649","100,855",.,.,.,.,.,.
12,089,FL,Nassau County,"9,002","7,352","10,652",8.7,7.1,10.3,"2,254","1,695","2,813",11.6,8.7,14.5,"1,507","1,030","1,984",10.1,6.9,13.3,"94,297","86,954","101,640",.,.,.,.,.,.
12,091,FL,Okaloosa County,"22,914","19,407","26,421",10.6,9.0,12.2,"6,719","5,118","8,320",13.8,10.5,17.1,"4,447","3,122","5,772",12.5,8.8,16.2,"81,348","76,721","85,975",.,.,.,.,.,.
12,093,FL,Okeechobee County,"6,811","5,336","8,286",17.0,13.3,20.7,"2,014","1,360","2,668",23.0,15.5,30.5,"1,469",940,"1,998",24.0,15.4,32.6,"63,153","57,643","68,663",.,.,.,.,.,.
12,095,FL,Orange County,"185,616","168,787","202,445",12.4,11.3,13.5,"51,681","42,725","60,637",16.3,13.5,19.1,"37,702","30,334","45,070",16.1,13.0,19.2,"81,645","79,401","83,889",.,.,.,.,.,.
12,097,FL,Osceola County,"60,223","52,640","67,806",13.0,11.4,14.6,"20,013","16,321","23,705",18.5,15.1,21.9,"14,989","11,884","18,094",18.5,14.7,22.3,"76,172","71,992","80,352",.,.,.,.,.,.
12,099,FL,Palm Beach County,"181,912","167,554","196,270",11.7,10.8,12.6,"40,940","33,594","48,286",14.1,11.6,16.6,"30,300","24,727","35,873",14.1,11.5,16.7,"84,857","82,674","87,040",.,.,.,.,.,.
12,101,FL,Pasco County,"69,637","62,512","76,762",10.7,9.6,11.8,"16,392","12,996","19,788",12.6,10.0,15.2,"11,638","9,022","14,254",11.8,9.1,14.5,"72,562","69,106","76,018",.,.,.,.,.,.
12,103,FL,Pinellas County,"102,775","91,634","113,916",10.8,9.6,12.0,"20,650","15,834","25,466",14.6,11.2,18.0,"14,909","11,297","18,521",14.2,10.8,17.6,"73,605","70,772","76,438",.,.,.,.,.,.
12,105,FL,Polk County,"111,467","99,052","123,882",13.4,11.9,14.9,"32,854","26,600","39,108",18.0,14.6,21.4,"23,478","17,990","28,966",17.3,13.2,21.4,"66,708","64,378","69,038",.,.,.,.,.,.
12,107,FL,Putnam County,"15,713","13,025","18,401",20.7,17.2,24.2,"5,287","4,077","6,497",33.5,25.8,41.2,"3,851","2,865","4,837",32.9,24.5,41.3,"52,250","46,816","57,684",.,.,.,.,.,.
12,109,FL,St. Johns County,"19,111","15,686","22,536",5.8,4.8,6.8,"3,758","2,602","4,914",5.4,3.8,7.0,"2,712","1,762","3,662",4.9,3.2,6.6,"117,178","109,974","124,382",.,.,.,.,.,.
12,111,FL,St. Lucie County,"44,688","38,565","50,811",11.5,9.9,13.1,"11,596","8,664","14,528",15.5,11.6,19.4,"7,299","4,769","9,829",13.1,8.6,17.6,"73,824","69,523","78,125",.,.,.,.,.,.
12,113,FL,Santa Rosa County,"20,846","17,664","24,028",10.3,8.7,11.9,"5,475","4,244","6,706",12.5,9.7,15.3,"4,181","3,231","5,131",12.5,9.7,15.3,"88,354","83,418","93,290",.,.,.,.,.,.
12,115,FL,Sarasota County,"40,153","34,747","45,559",8.6,7.4,9.8,"7,550","5,436","9,664",11.6,8.4,14.8,"5,607","3,953","7,261",11.2,7.9,14.5,"83,367","79,035","87,699",.,.,.,.,.,.
12,117,FL,Seminole County,"43,889","37,275","50,503",9.0,7.7,10.3,"10,179","7,177","13,181",10.4,7.3,13.5,"7,206","4,749","9,663",9.7,6.4,13.0,"85,415","81,388","89,442",.,.,.,.,.,.
12,119,FL,Sumter County,"12,827","10,408","15,246",8.8,7.1,10.5,"2,281","1,627","2,935",20.3,14.5,26.1,"1,799","1,271","2,327",21.8,15.4,28.2,"85,035","77,577","92,493",.,.,.,.,.,.
12,121,FL,Suwannee County,"8,343","6,738","9,948",18.8,15.2,22.4,"2,536","1,835","3,237",26.9,19.5,34.3,"1,992","1,420","2,564",28.4,20.2,36.6,"59,072","53,552","64,592",.,.,.,.,.,.
12,123,FL,Taylor County,"4,000","3,070","4,930",19.9,15.3,24.5,"1,285",876,"1,694",27.8,18.9,36.7,962,625,"1,299",28.5,18.5,38.5,"53,844","47,956","59,732",.,.,.,.,.,.
12,125,FL,Union County,"2,081","1,598","2,564",18.2,14.0,22.4,605,411,799,18.9,12.8,25.0,447,285,609,17.9,11.4,24.4,"63,669","56,817","70,521",.,.,.,.,.,.
12,127,FL,Volusia County,"62,996","54,066","71,926",10.8,9.3,12.3,"15,505","11,211","19,799",15.3,11.1,19.5,"11,881","8,425","15,337",15.7,11.1,20.3,"71,203","68,856","73,550",.,.,.,.,.,.
12,129,FL,Wakulla County,"4,030","3,235","4,825",11.8,9.5,14.1,"1,057",722,"1,392",14.1,9.6,18.6,749,465,"1,033",13.3,8.2,18.4,"77,770","69,830","85,710",.,.,.,.,.,.
12,131,FL,Walton County,"9,311","7,610","11,012",10.6,8.7,12.5,"2,803","1,981","3,625",15.1,10.7,19.5,"2,006","1,335","2,677",14.6,9.7,19.5,"83,035","78,542","87,528",.,.,.,.,.,.
12,133,FL,Washington County,"3,553","2,693","4,413",14.9,11.3,18.5,"1,005",637,"1,373",19.9,12.6,27.2,725,425,"1,025",19.6,11.5,27.7,"61,932","56,607","67,257",.,.,.,.,.,.
13,000,GA,Georgia,"1,393,391","1,364,600","1,422,182",12.8,12.5,13.1,"420,644","402,731","438,557",16.9,16.2,17.6,"307,057","290,732","323,382",16.5,15.6,17.4,"79,912","79,284","80,540","105,611","98,296","112,926",17.1,15.9,18.3
13,001,GA,Appling County,"3,063","2,288","3,838",16.9,12.6,21.2,"1,127",728,"1,526",26.0,16.8,35.2,848,518,"1,178",25.9,15.8,36.0,"56,345","49,881","62,809",.,.,.,.,.,.
13,003,GA,Atkinson County,"2,360","1,956","2,764",28.3,23.5,33.1,"1,074",875,"1,273",51.4,41.9,60.9,893,736,"1,050",60.7,50.0,71.4,"47,544","41,822","53,266",.,.,.,.,.,.
13,005,GA,Bacon County,"2,220","1,699","2,741",20.7,15.8,25.6,781,516,"1,046",29.4,19.4,39.4,554,344,764,27.7,17.2,38.2,"49,454","43,867","55,041",.,.,.,.,.,.
13,007,GA,Baker County,655,487,823,24.1,17.9,30.3,169,108,230,36.7,23.5,49.9,124,73,175,36.4,21.5,51.3,"48,527","42,738","54,316",.,.,.,.,.,.
13,009,GA,Baldwin County,"8,252","6,614","9,890",21.5,17.2,25.8,"2,135","1,482","2,788",27.8,19.3,36.3,"1,541","1,015","2,067",26.7,17.6,35.8,"54,896","50,431","59,361",.,.,.,.,.,.
13,011,GA,Banks County,"1,917","1,379","2,455",9.5,6.8,12.2,614,404,824,14.4,9.5,19.3,441,269,613,14.5,8.8,20.2,"78,587","71,883","85,291",.,.,.,.,.,.
13,013,GA,Barrow County,"8,219","6,332","10,106",8.6,6.6,10.6,"2,799","1,885","3,713",12.0,8.1,15.9,"2,128","1,362","2,894",12.4,7.9,16.9,"89,040","84,334","93,746",.,.,.,.,.,.
13,015,GA,Bartow County,"12,410","10,063","14,757",10.7,8.7,12.7,"3,564","2,446","4,682",13.7,9.4,18.0,"2,640","1,711","3,569",13.7,8.9,18.5,"82,311","75,674","88,948",.,.,.,.,.,.
13,017,GA,Ben Hill County,"3,688","2,794","4,582",22.2,16.8,27.6,"1,295",842,"1,748",32.7,21.3,44.1,932,565,"1,299",31.5,19.1,43.9,"47,228","42,595","51,861",.,.,.,.,.,.
13,019,GA,Berrien County,"3,327","2,555","4,099",18.0,13.8,22.2,"1,119",763,"1,475",26.5,18.1,34.9,797,505,"1,089",25.4,16.1,34.7,"54,062","48,484","59,640",.,.,.,.,.,.
13,021,GA,Bibb County,"35,458","30,390","40,526",23.4,20.1,26.7,"10,947","7,917","13,977",29.3,21.2,37.4,"8,429","6,084","10,774",30.8,22.2,39.4,"50,751","46,138","55,364",.,.,.,.,.,.
13,023,GA,Bleckley County,"2,054","1,596","2,512",17.6,13.7,21.5,582,383,781,23.3,15.3,31.3,433,264,602,23.3,14.2,32.4,"59,580","52,782","66,378",.,.,.,.,.,.
13,025,GA,Brantley County,"2,910","2,223","3,597",15.6,11.9,19.3,866,551,"1,181",20.8,13.2,28.4,630,372,888,20.1,11.9,28.3,"71,966","67,706","76,226",.,.,.,.,.,.
13,027,GA,Brooks County,"3,102","2,371","3,833",19.4,14.8,24.0,"1,030",650,"1,410",31.6,19.9,43.3,742,426,"1,058",30.4,17.5,43.3,"49,237","44,302","54,172",.,.,.,.,.,.
13,029,GA,Bryan County,"3,828","2,928","4,728",7.5,5.7,9.3,"1,248",812,"1,684",8.7,5.7,11.7,885,532,"1,238",8.1,4.9,11.3,"107,486","96,428","118,544",.,.,.,.,.,.
13,031,GA,Bulloch County,"16,997","14,392","19,602",21.5,18.2,24.8,"3,673","2,759","4,587",22.3,16.7,27.9,"2,978","2,267","3,689",24.5,18.6,30.4,"56,738","52,580","60,896",.,.,.,.,.,.
13,033,GA,Burke County,"5,848","4,667","7,029",24.2,19.3,29.1,"1,875","1,290","2,460",32.9,22.6,43.2,"1,307",836,"1,778",30.3,19.4,41.2,"51,974","45,980","57,968",.,.,.,.,.,.
13,035,GA,Butts County,"3,240","2,375","4,105",13.4,9.8,17.0,"1,106",727,"1,485",20.0,13.1,26.9,821,502,"1,140",19.9,12.1,27.7,"71,262","66,790","75,734",.,.,.,.,.,.
13,037,GA,Calhoun County,"1,374","1,042","1,706",36.8,27.9,45.7,292,198,386,37.3,25.3,49.3,217,140,294,38.0,24.5,51.5,"39,818","35,212","44,424",.,.,.,.,.,.
13,039,GA,Camden County,"6,335","5,011","7,659",11.1,8.8,13.4,"2,078","1,483","2,673",15.0,10.7,19.3,"1,379",907,"1,851",13.6,9.0,18.2,"73,643","67,596","79,690",.,.,.,.,.,.
13,043,GA,Candler County,"2,299","1,784","2,814",21.3,16.5,26.1,852,574,"1,130",30.4,20.5,40.3,612,390,834,28.7,18.3,39.1,"49,754","43,892","55,616",.,.,.,.,.,.
13,045,GA,Carroll County,"16,841","14,037","19,645",13.3,11.1,15.5,"4,812","3,466","6,158",16.1,11.6,20.6,"3,705","2,619","4,791",16.7,11.8,21.6,"75,188","69,695","80,681",.,.,.,.,.,.
13,047,GA,Catoosa County,"7,075","5,645","8,505",10.4,8.3,12.5,"1,953","1,416","2,490",13.9,10.1,17.7,"1,413",973,"1,853",12.9,8.9,16.9,"73,900","68,440","79,360",.,.,.,.,.,.
13,049,GA,Charlton County,"2,132","1,549","2,715",20.4,14.8,26.0,527,340,714,24.0,15.5,32.5,400,244,556,24.7,15.1,34.3,"55,182","48,670","61,694",.,.,.,.,.,.
13,051,GA,Chatham County,"40,800","35,247","46,353",13.9,12.0,15.8,"11,427","8,602","14,252",19.0,14.3,23.7,"8,511","6,151","10,871",19.6,14.2,25.0,"74,037","70,210","77,864",.,.,.,.,.,.
13,053,GA,Chattahoochee County,"1,161",880,"1,442",17.8,13.5,22.1,360,248,472,18.4,12.7,24.1,254,166,342,21.4,14.0,28.8,"60,793","53,727","67,859",.,.,.,.,.,.
13,055,GA,Chattooga County,"4,398","3,452","5,344",18.3,14.4,22.2,"1,219",795,"1,643",22.6,14.7,30.5,905,555,"1,255",22.1,13.5,30.7,"52,704","46,455","58,953",.,.,.,.,.,.
13,057,GA,Cherokee County,"19,924","16,928","22,920",6.8,5.8,7.8,"4,431","3,129","5,733",7.1,5.0,9.2,"2,762","1,660","3,864",5.8,3.5,8.1,"116,493","110,174","122,812",.,.,.,.,.,.
13,059,GA,Clarke County,"27,842","24,207","31,477",23.5,20.4,26.6,"4,973","3,489","6,457",23.9,16.8,31.0,"3,536","2,353","4,719",23.7,15.8,31.6,"54,739","50,018","59,460",.,.,.,.,.,.
13,061,GA,Clay County,708,533,883,25.7,19.3,32.1,202,131,273,37.5,24.3,50.7,146,88,204,36.5,22.0,51.0,"40,200","35,408","44,992",.,.,.,.,.,.
13,063,GA,Clayton County,"50,617","43,741","57,493",17.4,15.0,19.8,"18,496","14,176","22,816",24.8,19.0,30.6,"13,918","10,494","17,342",24.6,18.5,30.7,"59,825","55,317","64,333",.,.,.,.,.,.
13,065,GA,Clinch County,"1,489","1,121","1,857",22.0,16.6,27.4,529,348,710,31.9,21.0,42.8,381,233,529,31.8,19.4,44.2,"50,547","44,499","56,595",.,.,.,.,.,.
13,067,GA,Cobb County,"67,286","58,777","75,795",8.7,7.6,9.8,"16,651","12,225","21,077",9.8,7.2,12.4,"12,108","8,501","15,715",9.6,6.8,12.4,"102,071","99,148","104,994",.,.,.,.,.,.
13,069,GA,Coffee County,"9,537","7,928","11,146",23.3,19.4,27.2,"3,017","2,082","3,952",28.2,19.5,36.9,"2,216","1,418","3,014",28.3,18.1,38.5,"50,764","45,115","56,413",.,.,.,.,.,.
13,071,GA,Colquitt County,"10,245","8,755","11,735",22.2,19.0,25.4,"3,270","2,442","4,098",27.8,20.8,34.8,"2,564","1,925","3,203",30.0,22.5,37.5,"49,031","44,464","53,598",.,.,.,.,.,.
13,073,GA,Columbia County,"10,991","8,838","13,144",6.6,5.3,7.9,"3,268","2,356","4,180",8.2,5.9,10.5,"2,451","1,684","3,218",8.0,5.5,10.5,"96,487","88,020","104,954",.,.,.,.,.,.
13,075,GA,Cook County,"2,939","2,121","3,757",16.6,12.0,21.2,"1,224",771,"1,677",27.4,17.3,37.5,883,510,"1,256",26.3,15.2,37.4,"58,852","53,556","64,148",.,.,.,.,.,.
13,077,GA,Coweta County,"11,387","8,610","14,164",7.3,5.5,9.1,"3,490","2,293","4,687",9.9,6.5,13.3,"2,378","1,384","3,372",9.0,5.3,12.7,"96,188","93,091","99,285",.,.,.,.,.,.
13,079,GA,Crawford County,"1,765","1,303","2,227",14.4,10.6,18.2,543,357,729,22.5,14.8,30.2,394,240,548,21.1,12.9,29.3,"65,964","60,525","71,403",.,.,.,.,.,.
13,081,GA,Crisp County,"4,335","3,287","5,383",22.8,17.3,28.3,"1,486",961,"2,011",34.2,22.1,46.3,"1,043",623,"1,463",32.5,19.4,45.6,"47,101","41,828","52,374",.,.,.,.,.,.
13,083,GA,Dade County,"1,794","1,345","2,243",11.6,8.7,14.5,424,283,565,14.2,9.5,18.9,319,194,444,13.7,8.3,19.1,"70,540","64,520","76,560",.,.,.,.,.,.
13,085,GA,Dawson County,"2,678","2,088","3,268",8.0,6.2,9.8,729,484,974,10.9,7.2,14.6,518,316,720,10.8,6.6,15.0,"93,710","85,899","101,521",.,.,.,.,.,.
13,087,GA,Decatur County,"6,139","4,761","7,517",21.7,16.8,26.6,"2,135","1,416","2,854",30.9,20.5,41.3,"1,580",996,"2,164",30.7,19.4,42.0,"50,909","45,228","56,590",.,.,.,.,.,.
13,089,GA,DeKalb County,"96,158","85,346","106,970",12.7,11.3,14.1,"27,697","21,315","34,079",16.6,12.8,20.4,"18,130","13,119","23,141",15.1,10.9,19.3,"81,452","79,085","83,819",.,.,.,.,.,.
13,091,GA,Dodge County,"3,247","2,387","4,107",18.2,13.4,23.0,825,519,"1,131",24.2,15.2,33.2,618,363,873,24.1,14.2,34.0,"50,872","45,694","56,050",.,.,.,.,.,.
13,093,GA,Dooly County,"2,407","1,744","3,070",25.6,18.5,32.7,550,358,742,33.3,21.7,44.9,408,249,567,33.9,20.7,47.1,"48,734","43,119","54,349",.,.,.,.,.,.
13,095,GA,Dougherty County,"18,729","15,302","22,156",23.6,19.3,27.9,"6,810","5,039","8,581",35.2,26.0,44.4,"5,065","3,633","6,497",35.9,25.7,46.1,"50,559","47,192","53,926",.,.,.,.,.,.
13,097,GA,Douglas County,"16,157","12,785","19,529",10.7,8.5,12.9,"5,937","4,049","7,825",16.1,11.0,21.2,"4,513","2,977","6,049",16.1,10.6,21.6,"77,579","72,742","82,416",.,.,.,.,.,.
13,099,GA,Early County,"2,731","2,162","3,300",26.7,21.1,32.3,"1,029",736,"1,322",41.9,30.0,53.8,727,483,971,38.4,25.5,51.3,"46,188","40,797","51,579",.,.,.,.,.,.
13,101,GA,Echols County,815,619,"1,011",22.2,16.9,27.5,307,209,405,33.1,22.6,43.6,223,142,304,32.3,20.5,44.1,"51,554","45,368","57,740",.,.,.,.,.,.
13,103,GA,Effingham County,"5,670","4,355","6,985",7.8,6.0,9.6,"1,801","1,164","2,438",9.7,6.3,13.1,"1,323",803,"1,843",9.3,5.6,13.0,"92,674","85,010","100,338",.,.,.,.,.,.
13,105,GA,Elbert County,"3,508","2,650","4,366",17.7,13.4,22.0,"1,142",764,"1,520",25.7,17.2,34.2,836,518,"1,154",25.3,15.7,34.9,"54,923","49,210","60,636",.,.,.,.,.,.
13,107,GA,Emanuel County,"4,794","3,620","5,968",22.1,16.7,27.5,"1,715","1,138","2,292",31.0,20.6,41.4,"1,271",799,"1,743",31.0,19.5,42.5,"48,801","43,346","54,256",.,.,.,.,.,.
13,109,GA,Evans County,"2,306","1,760","2,852",22.6,17.3,27.9,843,546,"1,140",33.1,21.4,44.8,650,397,903,33.5,20.4,46.6,"47,653","42,132","53,174",.,.,.,.,.,.
13,111,GA,Fannin County,"3,587","2,841","4,333",13.9,11.0,16.8,828,562,"1,094",21.4,14.5,28.3,605,383,827,20.5,13.0,28.0,"61,504","55,135","67,873",.,.,.,.,.,.
13,113,GA,Fayette County,"7,226","5,782","8,670",5.8,4.6,7.0,"1,901","1,270","2,532",7.1,4.7,9.5,"1,451",909,"1,993",6.7,4.2,9.2,"117,563","107,675","127,451",.,.,.,.,.,.
13,115,GA,Floyd County,"14,478","11,997","16,959",14.9,12.3,17.5,"4,378","3,114","5,642",19.7,14.0,25.4,"3,396","2,378","4,414",20.7,14.5,26.9,"64,134","58,668","69,600",.,.,.,.,.,.
13,117,GA,Forsyth County,"12,604","9,897","15,311",4.5,3.5,5.5,"2,888","1,937","3,839",4.2,2.8,5.6,"2,105","1,337","2,873",3.9,2.5,5.3,"152,036","143,186","160,886",.,.,.,.,.,.
13,119,GA,Franklin County,"3,715","2,942","4,488",15.2,12.0,18.4,"1,038",684,"1,392",19.0,12.5,25.5,790,499,"1,081",19.8,12.5,27.1,"58,648","52,401","64,895",.,.,.,.,.,.
13,121,GA,Fulton County,"119,777","105,173","134,381",11.3,9.9,12.7,"27,990","20,391","35,589",12.8,9.3,16.3,"20,725","14,361","27,089",12.8,8.9,16.7,"100,751","98,337","103,165",.,.,.,.,.,.
13,123,GA,Gilmer County,"4,749","3,776","5,722",14.4,11.5,17.3,"1,335",931,"1,739",23.0,16.0,30.0,943,615,"1,271",22.1,14.4,29.8,"69,729","63,826","75,632",.,.,.,.,.,.
13,125,GA,Glascock County,481,369,593,16.4,12.6,20.2,125,82,168,19.8,13.1,26.5,91,55,127,19.4,11.7,27.1,"60,482","53,289","67,675",.,.,.,.,.,.
13,127,GA,Glynn County,"11,733","9,161","14,305",13.9,10.9,16.9,"3,715","2,592","4,838",21.6,15.1,28.1,"2,535","1,608","3,462",19.8,12.6,27.0,"71,733","64,221","79,245",.,.,.,.,.,.
13,129,GA,Gordon County,"7,260","5,824","8,696",12.1,9.7,14.5,"2,211","1,595","2,827",16.3,11.7,20.9,"1,729","1,221","2,237",17.0,12.0,22.0,"63,631","57,891","69,371",.,.,.,.,.,.
13,131,GA,Grady County,"5,089","4,045","6,133",19.5,15.5,23.5,"1,641","1,099","2,183",26.2,17.6,34.8,"1,209",773,"1,645",25.5,16.3,34.7,"54,199","48,118","60,280",.,.,.,.,.,.
13,133,GA,Greene County,"2,848","2,185","3,511",13.6,10.4,16.8,766,505,"1,027",22.7,15.0,30.4,532,318,746,20.5,12.2,28.8,"84,198","74,909","93,487",.,.,.,.,.,.
13,135,GA,Gwinnett County,"103,033","93,258","112,808",10.4,9.4,11.4,"34,978","29,469","40,487",14.1,11.9,16.3,"25,958","21,608","30,308",13.6,11.3,15.9,"89,709","87,710","91,708",.,.,.,.,.,.
13,137,GA,Habersham County,"6,361","5,152","7,570",13.6,11.0,16.2,"1,786","1,295","2,277",17.0,12.3,21.7,"1,350",954,"1,746",17.3,12.2,22.4,"66,701","61,563","71,839",.,.,.,.,.,.
13,139,GA,Hall County,"22,188","17,794","26,582",10.1,8.1,12.1,"6,682","4,626","8,738",13.3,9.2,17.4,"4,509","2,807","6,211",12.3,7.7,16.9,"86,461","82,239","90,683",.,.,.,.,.,.
13,141,GA,Hancock County,"2,250","1,675","2,825",30.7,22.9,38.5,498,326,670,41.6,27.3,55.9,361,220,502,39.5,24.0,55.0,"43,810","38,924","48,696",.,.,.,.,.,.
13,143,GA,Haralson County,"4,404","3,386","5,422",13.7,10.5,16.9,"1,229",791,"1,667",16.1,10.4,21.8,855,500,"1,210",15.0,8.8,21.2,"65,544","58,182","72,906",.,.,.,.,.,.
13,145,GA,Harris County,"3,185","2,501","3,869",8.8,6.9,10.7,782,547,"1,017",10.3,7.2,13.4,618,424,812,10.3,7.1,13.5,"102,397","93,428","111,366",.,.,.,.,.,.
13,147,GA,Hart County,"3,725","2,888","4,562",13.7,10.6,16.8,"1,019",658,"1,380",18.6,12.0,25.2,741,441,"1,041",18.1,10.8,25.4,"63,976","57,860","70,092",.,.,.,.,.,.
13,149,GA,Heard County,"1,497","1,086","1,908",12.5,9.1,15.9,502,319,685,18.9,12.0,25.8,354,206,502,16.9,9.8,24.0,"65,329","58,228","72,430",.,.,.,.,.,.
13,151,GA,Henry County,"21,111","17,136","25,086",8.2,6.7,9.7,"7,844","5,533","10,155",12.5,8.8,16.2,"5,933","3,954","7,912",12.3,8.2,16.4,"89,273","85,198","93,348",.,.,.,.,.,.
13,153,GA,Houston County,"20,657","17,421","23,893",11.9,10.0,13.8,"6,849","4,809","8,889",15.8,11.1,20.5,"5,129","3,414","6,844",15.5,10.3,20.7,"79,245","74,598","83,892",.,.,.,.,.,.
13,155,GA,Irwin County,"1,691","1,280","2,102",19.0,14.4,23.6,578,377,779,27.9,18.2,37.6,429,260,598,27.4,16.6,38.2,"54,271","48,092","60,450",.,.,.,.,.,.
13,157,GA,Jackson County,"7,745","6,082","9,408",8.3,6.5,10.1,"2,268","1,554","2,982",9.9,6.8,13.0,"1,637","1,048","2,226",9.5,6.1,12.9,"92,131","85,229","99,033",.,.,.,.,.,.
13,159,GA,Jasper County,"2,248","1,728","2,768",13.2,10.2,16.2,744,502,986,19.0,12.8,25.2,525,319,731,17.7,10.8,24.6,"75,080","66,948","83,212",.,.,.,.,.,.
13,161,GA,Jeff Davis County,"2,814","2,166","3,462",18.7,14.4,23.0,"1,026",689,"1,363",27.6,18.5,36.7,747,471,"1,023",26.5,16.7,36.3,"50,152","44,477","55,827",.,.,.,.,.,.
13,163,GA,Jefferson County,"3,118","2,394","3,842",21.5,16.5,26.5,955,622,"1,288",28.6,18.6,38.6,712,429,995,28.1,16.9,39.3,"44,800","39,590","50,010",.,.,.,.,.,.
13,165,GA,Jenkins County,"2,180","1,641","2,719",28.8,21.7,35.9,593,388,798,34.8,22.7,46.9,429,262,596,34.7,21.2,48.2,"46,061","42,279","49,843",.,.,.,.,.,.
13,167,GA,Johnson County,"2,442","1,994","2,890",33.4,27.3,39.5,516,367,665,32.7,23.3,42.1,348,219,477,30.8,19.4,42.2,"44,330","38,971","49,689",.,.,.,.,.,.
13,169,GA,Jones County,"3,359","2,605","4,113",11.7,9.1,14.3,992,663,"1,321",15.9,10.6,21.2,732,463,"1,001",15.4,9.7,21.1,"76,533","68,958","84,108",.,.,.,.,.,.
13,171,GA,Lamar County,"2,515","1,905","3,125",12.6,9.5,15.7,751,476,"1,026",17.6,11.1,24.1,592,361,823,18.8,11.4,26.2,"68,344","61,773","74,915",.,.,.,.,.,.
13,173,GA,Lanier County,"1,735","1,295","2,175",17.3,12.9,21.7,578,376,780,24.9,16.2,33.6,414,249,579,25.0,15.1,34.9,"54,320","48,232","60,408",.,.,.,.,.,.
13,175,GA,Laurens County,"10,003","8,139","11,867",20.3,16.5,24.1,"3,616","2,653","4,579",29.7,21.8,37.6,"2,692","1,906","3,478",29.4,20.8,38.0,"58,022","52,454","63,590",.,.,.,.,.,.
13,177,GA,Lee County,"3,205","2,393","4,017",9.7,7.2,12.2,"1,092",720,"1,464",13.3,8.8,17.8,763,450,"1,076",11.8,7.0,16.6,"89,592","82,896","96,288",.,.,.,.,.,.
13,179,GA,Liberty County,"10,464","8,490","12,438",16.0,13.0,19.0,"4,407","3,239","5,575",23.3,17.1,29.5,"3,011","2,005","4,017",23.9,15.9,31.9,"62,123","56,362","67,884",.,.,.,.,.,.
13,181,GA,Lincoln County,"1,130",835,"1,425",14.1,10.4,17.8,337,222,452,22.2,14.6,29.8,254,155,353,22.5,13.7,31.3,"64,514","58,605","70,423",.,.,.,.,.,.
13,183,GA,Long County,"2,778","2,143","3,413",13.8,10.6,17.0,"1,013",689,"1,337",18.3,12.4,24.2,734,471,997,18.4,11.8,25.0,"68,102","60,388","75,816",.,.,.,.,.,.
13,185,GA,Lowndes County,"21,068","17,716","24,420",18.1,15.2,21.0,"6,255","4,480","8,030",21.5,15.4,27.6,"4,626","3,115","6,137",21.6,14.5,28.7,"60,185","54,487","65,883",.,.,.,.,.,.
13,187,GA,Lumpkin County,"4,149","3,333","4,965",13.0,10.5,15.5,777,519,"1,035",13.3,8.9,17.7,566,353,779,13.7,8.6,18.8,"80,922","73,871","87,973",.,.,.,.,.,.
13,189,GA,McDuffie County,"4,236","3,344","5,128",19.6,15.5,23.7,"1,518","1,044","1,992",29.3,20.2,38.4,"1,174",788,"1,560",30.2,20.3,40.1,"53,781","47,499","60,063",.,.,.,.,.,.
13,191,GA,McIntosh County,"1,925","1,444","2,406",16.5,12.4,20.6,484,320,648,27.6,18.2,37.0,346,209,483,27.2,16.5,37.9,"57,307","50,843","63,771",.,.,.,.,.,.
13,193,GA,Macon County,"2,928","2,222","3,634",29.9,22.7,37.1,773,538,"1,008",37.6,26.1,49.1,524,336,712,35.5,22.8,48.2,"44,111","38,976","49,246",.,.,.,.,.,.
13,195,GA,Madison County,"3,836","2,943","4,729",11.8,9.1,14.5,"1,224",827,"1,621",16.3,11.0,21.6,891,571,"1,211",16.3,10.5,22.1,"68,602","61,580","75,624",.,.,.,.,.,.
13,197,GA,Marion County,"1,662","1,310","2,014",22.1,17.4,26.8,512,370,654,32.9,23.8,42.0,374,260,488,32.4,22.5,42.3,"53,304","46,968","59,640",.,.,.,.,.,.
13,199,GA,Meriwether County,"3,789","2,878","4,700",17.8,13.5,22.1,"1,129",739,"1,519",26.2,17.1,35.3,790,462,"1,118",25.1,14.7,35.5,"61,548","56,870","66,226",.,.,.,.,.,.
13,201,GA,Miller County,"1,143",862,"1,424",20.3,15.3,25.3,386,254,518,29.5,19.4,39.6,279,172,386,27.1,16.7,37.5,"51,502","45,581","57,423",.,.,.,.,.,.
13,205,GA,Mitchell County,"4,500","3,434","5,566",23.0,17.6,28.4,"1,574","1,072","2,076",33.9,23.1,44.7,"1,142",719,"1,565",32.7,20.6,44.8,"50,527","45,300","55,754",.,.,.,.,.,.
13,207,GA,Monroe County,"3,147","2,361","3,933",10.5,7.9,13.1,896,598,"1,194",14.0,9.4,18.6,641,396,886,13.0,8.0,18.0,"81,431","74,250","88,612",.,.,.,.,.,.
13,209,GA,Montgomery County,"1,638","1,273","2,003",20.7,16.1,25.3,474,331,617,27.8,19.4,36.2,374,255,493,29.5,20.1,38.9,"54,914","49,255","60,573",.,.,.,.,.,.
13,211,GA,Morgan County,"2,285","1,726","2,844",10.6,8.0,13.2,731,491,971,15.4,10.3,20.5,539,341,737,14.9,9.4,20.4,"77,822","71,531","84,113",.,.,.,.,.,.
13,213,GA,Murray County,"6,439","5,274","7,604",15.7,12.9,18.5,"1,842","1,310","2,374",19.8,14.1,25.5,"1,275",842,"1,708",18.2,12.0,24.4,"61,257","54,616","67,898",.,.,.,.,.,.
13,215,GA,Muscogee County,"33,923","28,901","38,945",17.3,14.7,19.9,"9,787","6,704","12,870",20.1,13.8,26.4,"6,946","4,602","9,290",19.4,12.9,25.9,"57,609","53,401","61,817",.,.,.,.,.,.
13,217,GA,Newton County,"14,527","11,240","17,814",11.9,9.2,14.6,"5,700","3,932","7,468",19.0,13.1,24.9,"4,295","2,873","5,717",18.8,12.6,25.0,"80,129","76,133","84,125",.,.,.,.,.,.
13,219,GA,Oconee County,"2,529","1,952","3,106",5.7,4.4,7.0,566,368,764,5.1,3.3,6.9,404,248,560,4.5,2.8,6.2,"125,848","112,975","138,721",.,.,.,.,.,.
13,221,GA,Oglethorpe County,"1,952","1,462","2,442",12.2,9.1,15.3,612,393,831,17.7,11.4,24.0,449,267,631,17.4,10.3,24.5,"65,817","58,145","73,489",.,.,.,.,.,.
13,223,GA,Paulding County,"12,420","9,698","15,142",6.6,5.1,8.1,"4,197","2,850","5,544",9.1,6.2,12.0,"3,120","1,975","4,265",8.9,5.6,12.2,"95,196","89,634","100,758",.,.,.,.,.,.
13,225,GA,Peach County,"4,898","3,761","6,035",17.7,13.6,21.8,"1,617","1,120","2,114",27.2,18.8,35.6,"1,154",757,"1,551",26.1,17.1,35.1,"63,005","57,574","68,436",.,.,.,.,.,.
13,227,GA,Pickens County,"3,349","2,658","4,040",9.2,7.3,11.1,866,558,"1,174",13.2,8.5,17.9,624,372,876,12.6,7.5,17.7,"82,147","75,686","88,608",.,.,.,.,.,.
13,229,GA,Pierce County,"3,519","2,825","4,213",17.2,13.8,20.6,"1,100",733,"1,467",22.2,14.8,29.6,789,491,"1,087",21.4,13.3,29.5,"56,740","50,041","63,439",.,.,.,.,.,.
13,231,GA,Pike County,"1,710","1,264","2,156",8.4,6.2,10.6,472,298,646,10.2,6.4,14.0,342,198,486,9.6,5.6,13.6,"91,280","83,954","98,606",.,.,.,.,.,.
13,233,GA,Polk County,"6,770","5,475","8,065",15.3,12.4,18.2,"2,347","1,817","2,877",21.6,16.7,26.5,"1,625","1,038","2,212",20.5,13.1,27.9,"61,928","56,522","67,334",.,.,.,.,.,.
13,235,GA,Pulaski County,"1,876","1,426","2,326",21.2,16.1,26.3,478,316,640,26.9,17.8,36.0,336,198,474,26.7,15.7,37.7,"52,495","47,658","57,332",.,.,.,.,.,.
13,237,GA,Putnam County,"3,136","2,358","3,914",13.5,10.1,16.9,"1,019",667,"1,371",23.6,15.4,31.8,737,451,"1,023",22.7,13.9,31.5,"73,274","66,183","80,365",.,.,.,.,.,.
13,239,GA,Quitman County,516,380,652,22.3,16.4,28.2,163,107,219,38.2,25.0,51.4,123,75,171,39.7,24.2,55.2,"45,017","39,618","50,416",.,.,.,.,.,.
13,241,GA,Rabun County,"2,053","1,549","2,557",11.7,8.8,14.6,498,324,672,17.8,11.6,24.0,351,214,488,18.0,11.0,25.0,"72,231","67,746","76,716",.,.,.,.,.,.
13,243,GA,Randolph County,"1,530","1,145","1,915",25.9,19.4,32.4,452,298,606,37.7,24.8,50.6,332,205,459,35.7,22.1,49.3,"41,224","36,873","45,575",.,.,.,.,.,.
13,245,GA,Richmond County,"37,030","30,600","43,460",19.0,15.7,22.3,"12,764","9,622","15,906",28.0,21.1,34.9,"8,977","6,295","11,659",27.3,19.1,35.5,"57,961","55,274","60,648",.,.,.,.,.,.
13,247,GA,Rockdale County,"11,393","8,628","14,158",11.8,8.9,14.7,"4,217","2,784","5,650",19.1,12.6,25.6,"3,036","1,833","4,239",17.8,10.7,24.9,"76,560","71,992","81,128",.,.,.,.,.,.
13,249,GA,Schley County,692,525,859,15.4,11.7,19.1,195,129,261,19.7,13.1,26.3,147,92,202,19.5,12.2,26.8,"63,487","56,011","70,963",.,.,.,.,.,.
13,251,GA,Screven County,"2,964","2,283","3,645",21.1,16.3,25.9,846,568,"1,124",28.8,19.3,38.3,638,401,875,29.9,18.8,41.0,"51,077","45,594","56,560",.,.,.,.,.,.
13,253,GA,Seminole County,"2,059","1,574","2,544",22.5,17.2,27.8,609,405,813,34.7,23.1,46.3,426,263,589,33.3,20.6,46.0,"43,963","39,800","48,126",.,.,.,.,.,.
13,255,GA,Spalding County,"11,401","9,073","13,729",16.4,13.0,19.8,"4,040","2,786","5,294",25.6,17.7,33.5,"3,043","2,001","4,085",26.2,17.2,35.2,"62,732","57,715","67,749",.,.,.,.,.,.
13,257,GA,Stephens County,"4,705","3,806","5,604",17.7,14.3,21.1,"1,346",964,"1,728",23.2,16.6,29.8,933,622,"1,244",21.6,14.4,28.8,"58,186","54,552","61,820",.,.,.,.,.,.
13,259,GA,Stewart County,"1,227",938,"1,516",30.6,23.4,37.8,178,116,240,29.5,19.2,39.8,131,79,183,30.4,18.3,42.5,"44,023","38,690","49,356",.,.,.,.,.,.
13,261,GA,Sumter County,"7,500","6,223","8,777",27.6,22.9,32.3,"2,884","2,323","3,445",45.7,36.8,54.6,"2,347","1,884","2,810",49.8,40.0,59.6,"49,955","45,599","54,311",.,.,.,.,.,.
13,263,GA,Talbot County,"1,261",966,"1,556",22.0,16.9,27.1,293,196,390,32.3,21.6,43.0,221,140,302,31.3,19.8,42.8,"44,778","41,097","48,459",.,.,.,.,.,.
13,265,GA,Taliaferro County,373,277,469,23.4,17.4,29.4,108,70,146,37.0,24.1,49.9,82,50,114,37.3,22.6,52.0,"44,934","39,723","50,145",.,.,.,.,.,.
13,267,GA,Tattnall County,"4,879","3,800","5,958",24.1,18.8,29.4,"1,454","1,051","1,857",30.2,21.8,38.6,"1,142",816,"1,468",32.5,23.2,41.8,"53,531","47,912","59,150",.,.,.,.,.,.
13,269,GA,Taylor County,"1,912","1,546","2,278",25.1,20.3,29.9,428,290,566,30.6,20.8,40.4,304,190,418,29.6,18.5,40.7,"48,086","42,247","53,925",.,.,.,.,.,.
13,271,GA,Telfair County,"2,399","1,782","3,016",25.7,19.1,32.3,601,387,815,31.4,20.2,42.6,442,262,622,33.1,19.6,46.6,"45,257","40,337","50,177",.,.,.,.,.,.
13,273,GA,Terrell County,"2,284","1,743","2,825",27.3,20.8,33.8,780,533,"1,027",43.0,29.4,56.6,581,380,782,41.7,27.3,56.1,"46,663","41,089","52,237",.,.,.,.,.,.
13,275,GA,Thomas County,"7,858","6,199","9,517",17.3,13.6,21.0,"2,585","1,802","3,368",24.6,17.1,32.1,"1,930","1,305","2,555",24.6,16.6,32.6,"58,510","52,464","64,556",.,.,.,.,.,.
13,277,GA,Tift County,"7,855","6,218","9,492",19.3,15.3,23.3,"2,761","1,939","3,583",27.5,19.3,35.7,"1,997","1,330","2,664",26.7,17.8,35.6,"57,048","51,174","62,922",.,.,.,.,.,.
13,279,GA,Toombs County,"6,172","4,996","7,348",22.8,18.5,27.1,"2,465","1,852","3,078",35.0,26.3,43.7,"1,670","1,155","2,185",32.8,22.7,42.9,"52,482","49,303","55,661",.,.,.,.,.,.
13,281,GA,Towns County,"1,393","1,048","1,738",11.1,8.4,13.8,300,197,403,17.9,11.8,24.0,227,140,314,18.1,11.2,25.0,"66,947","61,150","72,744",.,.,.,.,.,.
13,283,GA,Treutlen County,"1,382","1,026","1,738",22.9,17.0,28.8,435,279,591,31.0,19.9,42.1,309,182,436,30.1,17.7,42.5,"49,171","43,406","54,936",.,.,.,.,.,.
13,285,GA,Troup County,"10,451","8,020","12,882",14.9,11.4,18.4,"3,909","2,586","5,232",22.9,15.1,30.7,"2,819","1,745","3,893",22.6,14.0,31.2,"61,476","56,088","66,864",.,.,.,.,.,.
13,287,GA,Turner County,"2,217","1,706","2,728",25.2,19.4,31.0,846,560,"1,132",38.2,25.3,51.1,622,388,856,38.8,24.2,53.4,"44,793","39,403","50,183",.,.,.,.,.,.
13,289,GA,Twiggs County,"1,533","1,164","1,902",20.1,15.2,25.0,426,273,579,30.0,19.2,40.8,334,204,464,30.8,18.8,42.8,"51,965","45,747","58,183",.,.,.,.,.,.
13,291,GA,Union County,"3,062","2,397","3,727",11.4,8.9,13.9,626,406,846,15.7,10.2,21.2,460,276,644,14.8,8.9,20.7,"67,723","60,648","74,798",.,.,.,.,.,.
13,293,GA,Upson County,"4,534","3,479","5,589",16.3,12.5,20.1,"1,638","1,106","2,170",26.1,17.6,34.6,"1,205",769,"1,641",26.0,16.6,35.4,"56,452","50,909","61,995",.,.,.,.,.,.
13,295,GA,Walker County,"8,725","6,953","10,497",12.8,10.2,15.4,"2,408","1,655","3,161",17.0,11.7,22.3,"1,700","1,068","2,332",15.7,9.9,21.5,"62,042","56,895","67,189",.,.,.,.,.,.
13,297,GA,Walton County,"10,671","8,516","12,826",9.8,7.8,11.8,"3,339","2,328","4,350",13.2,9.2,17.2,"2,438","1,618","3,258",12.7,8.4,17.0,"88,303","82,643","93,963",.,.,.,.,.,.
13,299,GA,Ware County,"8,004","6,702","9,306",23.6,19.8,27.4,"2,957","2,312","3,602",34.0,26.6,41.4,"2,369","1,884","2,854",36.9,29.3,44.5,"47,717","42,374","53,060",.,.,.,.,.,.
13,301,GA,Warren County,"1,250",946,"1,554",24.6,18.6,30.6,406,272,540,38.0,25.4,50.6,307,195,419,39.2,24.9,53.5,"46,385","40,881","51,889",.,.,.,.,.,.
13,303,GA,Washington County,"4,500","3,610","5,390",25.1,20.1,30.1,"1,301",934,"1,668",31.9,22.9,40.9,918,613,"1,223",29.7,19.8,39.6,"46,965","41,942","51,988",.,.,.,.,.,.
13,305,GA,Wayne County,"5,588","4,424","6,752",18.6,14.7,22.5,"1,893","1,327","2,459",25.0,17.5,32.5,"1,507","1,058","1,956",26.1,18.3,33.9,"60,717","55,799","65,635",.,.,.,.,.,.
13,307,GA,Webster County,455,347,563,19.7,15.0,24.4,95,62,128,26.8,17.5,36.1,72,44,100,26.6,16.3,36.9,"51,171","45,146","57,196",.,.,.,.,.,.
13,309,GA,Wheeler County,"1,735","1,299","2,171",35.0,26.2,43.8,358,240,476,32.5,21.8,43.2,249,150,348,32.3,19.4,45.2,"42,918","37,732","48,104",.,.,.,.,.,.
13,311,GA,White County,"3,121","2,366","3,876",10.8,8.2,13.4,875,582,"1,168",15.9,10.6,21.2,635,394,876,15.6,9.7,21.5,"72,270","65,567","78,973",.,.,.,.,.,.
13,313,GA,Whitfield County,"14,910","12,442","17,378",14.4,12.0,16.8,"4,990","3,926","6,054",20.0,15.7,24.3,"3,704","2,834","4,574",19.6,15.0,24.2,"67,190","62,926","71,454",.,.,.,.,.,.
13,315,GA,Wilcox County,"1,937","1,449","2,425",28.4,21.2,35.6,522,340,704,32.7,21.3,44.1,372,221,523,30.9,18.3,43.5,"46,539","41,138","51,940",.,.,.,.,.,.
13,317,GA,Wilkes County,"1,911","1,469","2,353",20.3,15.6,25.0,596,403,789,32.0,21.7,42.3,460,297,623,33.1,21.4,44.8,"50,659","45,075","56,243",.,.,.,.,.,.
13,319,GA,Wilkinson County,"1,754","1,372","2,136",20.6,16.1,25.1,606,418,794,32.8,22.6,43.0,445,294,596,32.6,21.5,43.7,"52,374","46,081","58,667",.,.,.,.,.,.
13,321,GA,Worth County,"5,291","4,544","6,038",26.4,22.7,30.1,"1,621","1,277","1,965",37.7,29.7,45.7,"1,272","1,002","1,542",39.1,30.8,47.4,"51,414","45,670","57,158",.,.,.,.,.,.
15,000,HI,Hawaii,"140,891","134,855","146,927",10.0,9.6,10.4,"32,562","29,050","36,074",11.4,10.2,12.6,"23,218","20,152","26,284",11.0,9.6,12.4,"101,581","99,878","103,284","8,080","6,591","9,569",11.0,9.0,13.0
15,001,HI,Hawaii County,"32,607","28,678","36,536",15.7,13.8,17.6,"7,998","6,049","9,947",19.3,14.6,24.0,"6,131","4,618","7,644",19.7,14.8,24.6,"74,602","68,530","80,674",.,.,.,.,.,.
15,003,HI,Honolulu County,"85,360","78,585","92,135",8.8,8.1,9.5,"19,030","15,779","22,281",9.6,8.0,11.2,"13,227","10,783","15,671",9.1,7.4,10.8,"104,305","101,724","106,886",.,.,.,.,.,.
15,005,HI,Kalawao County,.,.,.,.,.,.,.,.,.,.,.,.,.,.,.,.,.,.,.,.,.,.,.,.,.,.,.
15,007,HI,Kauai County,"6,912","5,201","8,623",9.5,7.2,11.8,"1,790","1,132","2,448",11.9,7.5,16.3,"1,265",747,"1,783",11.2,6.6,15.8,"89,815","82,242","97,388",.,.,.,.,.,.
15,009,HI,Maui County,"16,013","13,075","18,951",9.9,8.1,11.7,"3,744","2,488","5,000",11.3,7.5,15.1,"2,595","1,649","3,541",10.5,6.7,14.3,"98,820","94,562","103,078",.,.,.,.,.,.
16,000,ID,Idaho,"203,557","194,377","212,737",10.4,9.9,10.9,"50,578","45,742","55,414",10.9,9.9,11.9,"34,766","30,432","39,100",9.9,8.7,11.1,"80,852","79,561","82,143","14,598","12,816","16,380",13.1,11.5,14.7
16,001,ID,Ada County,"46,443","42,210","50,676",8.9,8.1,9.7,"8,384","6,532","10,236",7.5,5.8,9.2,"5,809","4,364","7,254",6.8,5.1,8.5,"91,898","89,376","94,420",.,.,.,.,.,.
16,003,ID,Adams County,615,465,765,12.4,9.4,15.4,139,90,188,17.5,11.3,23.7,100,59,141,16.6,9.8,23.4,"64,610","58,324","70,896",.,.,.,.,.,.
16,005,ID,Bannock County,"10,907","9,094","12,720",12.3,10.3,14.3,"2,635","1,810","3,460",12.0,8.2,15.8,"1,686","1,018","2,354",10.1,6.1,14.1,"69,744","65,716","73,772",.,.,.,.,.,.
16,007,ID,Bear Lake County,662,495,829,9.9,7.4,12.4,222,140,304,13.0,8.2,17.8,161,93,229,12.1,7.0,17.2,"75,337","70,340","80,334",.,.,.,.,.,.
16,009,ID,Benewah County,"1,347","1,032","1,662",12.9,9.9,15.9,426,284,568,18.6,12.4,24.8,306,192,420,17.8,11.2,24.4,"61,128","54,435","67,821",.,.,.,.,.,.
16,011,ID,Bingham County,"5,741","4,566","6,916",11.4,9.1,13.7,"2,055","1,506","2,604",14.5,10.6,18.4,"1,429","1,006","1,852",13.1,9.2,17.0,"74,827","67,666","81,988",.,.,.,.,.,.
16,013,ID,Blaine County,"1,691","1,265","2,117",6.7,5.0,8.4,309,200,418,6.9,4.5,9.3,210,125,295,5.9,3.5,8.3,"117,269","107,259","127,279",.,.,.,.,.,.
16,015,ID,Boise County,857,628,"1,086",10.0,7.3,12.7,206,134,278,15.6,10.1,21.1,145,86,204,14.8,8.8,20.8,"80,449","72,572","88,326",.,.,.,.,.,.
16,017,ID,Bonner County,"5,873","4,645","7,101",11.0,8.7,13.3,"1,431",955,"1,907",13.8,9.2,18.4,968,594,"1,342",12.3,7.6,17.0,"71,891","65,454","78,328",.,.,.,.,.,.
16,019,ID,Bonneville County,"10,788","8,589","12,987",8.2,6.5,9.9,"3,888","2,824","4,952",10.3,7.5,13.1,"2,617","1,739","3,495",9.1,6.0,12.2,"83,922","76,975","90,869",.,.,.,.,.,.
16,021,ID,Boundary County,"1,711","1,306","2,116",12.3,9.4,15.2,587,402,772,18.2,12.5,23.9,401,242,560,16.8,10.2,23.4,"69,780","63,869","75,691",.,.,.,.,.,.
16,023,ID,Butte County,413,312,514,15.1,11.4,18.8,124,80,168,19.8,12.8,26.8,86,51,121,17.8,10.5,25.1,"65,057","57,734","72,380",.,.,.,.,.,.
16,025,ID,Camas County,112,83,141,9.0,6.7,11.3,32,21,43,12.3,7.9,16.7,21,12,30,10.9,6.3,15.5,"76,548","67,487","85,609",.,.,.,.,.,.
16,027,ID,Canyon County,"26,055","22,175","29,935",9.9,8.4,11.4,"7,505","5,660","9,350",11.0,8.3,13.7,"5,437","3,978","6,896",10.7,7.8,13.6,"84,164","79,912","88,416",.,.,.,.,.,.
16,029,ID,Caribou County,727,554,900,10.2,7.8,12.6,241,159,323,12.3,8.1,16.5,166,98,234,11.0,6.5,15.5,"77,635","69,188","86,082",.,.,.,.,.,.
16,031,ID,Cassia County,"3,297","2,623","3,971",12.9,10.3,15.5,"1,050",706,"1,394",13.5,9.1,17.9,731,456,"1,006",12.6,7.8,17.4,"70,494","63,773","77,215",.,.,.,.,.,.
16,033,ID,Clark County,119,89,149,15.1,11.3,18.9,35,23,47,19.0,12.3,25.7,24,14,34,21.2,12.5,29.9,"58,726","52,223","65,229",.,.,.,.,.,.
16,035,ID,Clearwater County,"1,274","1,009","1,539",15.2,12.0,18.4,241,162,320,18.7,12.6,24.8,174,108,240,17.8,11.0,24.6,"62,225","55,473","68,977",.,.,.,.,.,.
16,037,ID,Custer County,668,524,812,14.7,11.5,17.9,147,95,199,19.3,12.5,26.1,104,61,147,17.4,10.2,24.6,"62,400","54,910","69,890",.,.,.,.,.,.
16,039,ID,Elmore County,"3,230","2,503","3,957",11.3,8.8,13.8,962,635,"1,289",13.7,9.1,18.3,651,396,906,13.1,7.9,18.3,"68,067","61,382","74,752",.,.,.,.,.,.
16,041,ID,Franklin County,"1,229",921,"1,537",7.9,5.9,9.9,432,271,593,9.4,5.9,12.9,295,167,423,8.5,4.8,12.2,"79,314","71,812","86,816",.,.,.,.,.,.
16,043,ID,Fremont County,"1,565","1,183","1,947",11.3,8.5,14.1,457,304,610,14.2,9.4,19.0,316,190,442,13.4,8.0,18.8,"73,147","67,655","78,639",.,.,.,.,.,.
16,045,ID,Gem County,"2,654","2,109","3,199",12.3,9.8,14.8,749,545,953,16.2,11.8,20.6,570,408,732,16.1,11.5,20.7,"66,887","59,763","74,011",.,.,.,.,.,.
16,047,ID,Gooding County,"2,176","1,747","2,605",13.5,10.8,16.2,620,423,817,15.4,10.5,20.3,435,272,598,14.5,9.1,19.9,"63,073","55,753","70,393",.,.,.,.,.,.
16,049,ID,Idaho County,"2,432","1,888","2,976",14.0,10.9,17.1,618,403,833,17.6,11.5,23.7,445,269,621,16.7,10.1,23.3,"66,189","60,950","71,428",.,.,.,.,.,.
16,051,ID,Jefferson County,"2,935","2,270","3,600",8.5,6.6,10.4,995,667,"1,323",9.2,6.2,12.2,680,409,951,8.0,4.8,11.2,"88,124","81,416","94,832",.,.,.,.,.,.
16,053,ID,Jerome County,"2,862","2,207","3,517",11.1,8.6,13.6,"1,003",648,"1,358",13.5,8.7,18.3,671,389,953,12.1,7.0,17.2,"71,238","64,796","77,680",.,.,.,.,.,.
16,055,ID,Kootenai County,"16,738","14,181","19,295",9.0,7.6,10.4,"3,599","2,491","4,707",8.8,6.1,11.5,"2,435","1,523","3,347",7.9,5.0,10.8,"83,330","78,407","88,253",.,.,.,.,.,.
16,057,ID,Latah County,"6,833","6,011","7,655",17.3,15.2,19.4,872,636,"1,108",10.9,7.9,13.9,491,296,686,8.4,5.1,11.7,"64,961","59,402","70,520",.,.,.,.,.,.
16,059,ID,Lemhi County,"1,182",913,"1,451",14.2,11.0,17.4,289,185,393,19.6,12.6,26.6,204,120,288,17.6,10.3,24.9,"59,959","52,828","67,090",.,.,.,.,.,.
16,061,ID,Lewis County,465,354,576,12.5,9.5,15.5,131,84,178,17.4,11.1,23.7,94,55,133,16.6,9.6,23.6,"60,384","53,525","67,243",.,.,.,.,.,.
16,063,ID,Lincoln County,627,474,780,11.4,8.6,14.2,209,137,281,15.0,9.8,20.2,141,82,200,13.8,8.0,19.6,"69,819","62,285","77,353",.,.,.,.,.,.
16,065,ID,Madison County,"9,887","8,257","11,517",24.3,20.3,28.3,"1,710","1,321","2,099",15.4,11.9,18.9,"1,105",788,"1,422",15.3,10.9,19.7,"55,940","51,258","60,622",.,.,.,.,.,.
16,067,ID,Minidoka County,"2,267","1,647","2,887",10.0,7.3,12.7,704,427,981,11.4,6.9,15.9,469,251,687,10.0,5.4,14.6,"72,149","65,214","79,084",.,.,.,.,.,.
16,069,ID,Nez Perce County,"4,431","3,483","5,379",10.6,8.3,12.9,968,653,"1,283",11.3,7.6,15.0,683,439,927,10.4,6.7,14.1,"73,255","65,946","80,564",.,.,.,.,.,.
16,071,ID,Oneida County,515,393,637,10.4,7.9,12.9,163,108,218,12.2,8.1,16.3,118,72,164,11.3,6.9,15.7,"72,937","64,463","81,411",.,.,.,.,.,.
16,073,ID,Owyhee County,"1,654","1,256","2,052",13.2,10.0,16.4,483,309,657,16.9,10.8,23.0,341,200,482,15.8,9.3,22.3,"61,854","57,767","65,941",.,.,.,.,.,.
16,075,ID,Payette County,"3,478","2,783","4,173",12.7,10.2,15.2,"1,060",760,"1,360",15.7,11.3,20.1,734,491,977,14.4,9.6,19.2,"70,338","62,564","78,112",.,.,.,.,.,.
16,077,ID,Power County,"1,079",827,"1,331",13.0,10.0,16.0,371,251,491,15.8,10.7,20.9,269,169,369,14.8,9.3,20.3,"65,002","57,519","72,485",.,.,.,.,.,.
16,079,ID,Shoshone County,"2,141","1,653","2,629",15.4,11.9,18.9,571,375,767,19.8,13.0,26.6,391,231,551,18.5,11.0,26.0,"56,309","50,569","62,049",.,.,.,.,.,.
16,081,ID,Teton County,964,720,"1,208",7.5,5.6,9.4,267,169,365,10.2,6.5,13.9,187,107,267,9.4,5.4,13.4,"110,146","99,544","120,748",.,.,.,.,.,.
16,083,ID,Twin Falls County,"10,374","8,377","12,371",10.9,8.8,13.0,"3,053","2,132","3,974",12.6,8.8,16.4,"2,023","1,290","2,756",10.9,6.9,14.9,"73,098","66,075","80,121",.,.,.,.,.,.
16,085,ID,Valley County,"1,110",876,"1,344",8.8,7.0,10.6,218,143,293,9.7,6.4,13.0,159,97,221,8.9,5.4,12.4,"82,595","73,388","91,802",.,.,.,.,.,.
16,087,ID,Washington County,"1,431","1,078","1,784",12.6,9.5,15.7,417,272,562,17.0,11.1,22.9,284,169,399,15.4,9.2,21.6,"57,539","51,428","63,650",.,.,.,.,.,.
17,000,IL,Illinois,"1,434,871","1,409,212","1,460,530",11.5,11.3,11.7,"374,339","359,362","389,316",14.1,13.5,14.7,"267,982","254,076","281,888",13.4,12.7,14.1,"83,327","82,445","84,209","95,566","89,477","101,655",14.9,13.9,15.9
17,001,IL,Adams County,"8,293","7,130","9,456",13.3,11.4,15.2,"1,898","1,389","2,407",13.7,10.0,17.4,"1,316",882,"1,750",12.7,8.5,16.9,"68,432","62,253","74,611",.,.,.,.,.,.
17,003,IL,Alexander County,"1,122",835,"1,409",24.8,18.5,31.1,346,233,459,37.1,25.0,49.2,247,155,339,33.7,21.2,46.2,"48,493","42,807","54,179",.,.,.,.,.,.
17,005,IL,Bond County,"1,764","1,367","2,161",12.6,9.8,15.4,382,263,501,13.7,9.4,18.0,257,160,354,12.1,7.5,16.7,"66,398","61,602","71,194",.,.,.,.,.,.
17,007,IL,Boone County,"4,467","3,440","5,494",8.4,6.5,10.3,"1,279",879,"1,679",10.6,7.3,13.9,892,566,"1,218",9.6,6.1,13.1,"86,711","79,476","93,946",.,.,.,.,.,.
17,009,IL,Brown County,630,459,801,13.8,10.1,17.5,109,73,145,10.7,7.1,14.3,79,49,109,10.7,6.7,14.7,"70,812","62,993","78,631",.,.,.,.,.,.
17,011,IL,Bureau County,"2,932","2,238","3,626",9.2,7.0,11.4,865,585,"1,145",13.6,9.2,18.0,593,368,818,12.4,7.7,17.1,"75,022","69,855","80,189",.,.,.,.,.,.
17,013,IL,Calhoun County,415,313,517,10.0,7.5,12.5,84,56,112,10.5,7.0,14.0,59,36,82,9.3,5.7,12.9,"72,934","64,489","81,379",.,.,.,.,.,.
17,015,IL,Carroll County,"2,070","1,733","2,407",14.6,12.2,17.0,474,360,588,17.9,13.6,22.2,291,192,390,14.3,9.5,19.1,"69,537","61,908","77,166",.,.,.,.,.,.
17,017,IL,Cass County,"1,515","1,170","1,860",12.1,9.3,14.9,460,306,614,15.3,10.2,20.4,323,198,448,15.1,9.3,20.9,"65,933","59,537","72,329",.,.,.,.,.,.
17,019,IL,Champaign County,"37,028","33,615","40,441",18.8,17.1,20.5,"5,574","3,971","7,177",14.4,10.3,18.5,"3,962","2,686","5,238",14.0,9.5,18.5,"64,240","60,466","68,014",.,.,.,.,.,.
17,021,IL,Christian County,"3,696","2,859","4,533",12.2,9.4,15.0,929,640,"1,218",15.2,10.5,19.9,679,452,906,15.1,10.1,20.1,"68,915","62,219","75,611",.,.,.,.,.,.
17,023,IL,Clark County,"1,622","1,243","2,001",11.0,8.4,13.6,452,303,601,14.1,9.5,18.7,324,195,453,13.3,8.0,18.6,"72,272","65,017","79,527",.,.,.,.,.,.
17,025,IL,Clay County,"1,761","1,408","2,114",14.0,11.2,16.8,438,292,584,15.6,10.4,20.8,322,198,446,15.5,9.6,21.4,"62,117","55,177","69,057",.,.,.,.,.,.
17,027,IL,Clinton County,"2,816","2,179","3,453",8.0,6.2,9.8,655,445,865,8.4,5.7,11.1,466,299,633,8.1,5.2,11.0,"87,958","80,333","95,583",.,.,.,.,.,.
17,029,IL,Coles County,"6,341","5,081","7,601",14.5,11.6,17.4,"1,179",770,"1,588",14.2,9.3,19.1,856,528,"1,184",14.2,8.8,19.6,"61,313","55,863","66,763",.,.,.,.,.,.
17,031,IL,Cook County,"697,586","674,307","720,865",13.7,13.2,14.2,"182,324","170,203","194,445",17.6,16.4,18.8,"134,506","124,812","144,200",17.3,16.1,18.5,"82,729","81,348","84,110",.,.,.,.,.,.
17,033,IL,Crawford County,"2,472","1,977","2,967",14.5,11.6,17.4,640,476,804,17.9,13.3,22.5,458,323,593,17.3,12.2,22.4,"66,960","59,883","74,037",.,.,.,.,.,.
17,035,IL,Cumberland County,994,749,"1,239",9.8,7.4,12.2,265,176,354,11.9,7.9,15.9,186,117,255,11.1,7.0,15.2,"81,491","72,191","90,791",.,.,.,.,.,.
17,037,IL,DeKalb County,"11,205","9,058","13,352",11.6,9.4,13.8,"2,409","1,705","3,113",11.5,8.1,14.9,"1,703","1,156","2,250",10.8,7.3,14.3,"78,556","73,888","83,224",.,.,.,.,.,.
17,039,IL,De Witt County,"1,497","1,152","1,842",9.9,7.6,12.2,421,288,554,13.5,9.2,17.8,280,169,391,11.8,7.1,16.5,"76,218","67,519","84,917",.,.,.,.,.,.
17,041,IL,Douglas County,"1,532","1,141","1,923",7.8,5.8,9.8,498,325,671,10.6,6.9,14.3,352,215,489,10.2,6.2,14.2,"79,854","74,375","85,333",.,.,.,.,.,.
17,043,IL,DuPage County,"58,043","51,026","65,060",6.3,5.5,7.1,"11,019","8,094","13,944",5.5,4.0,7.0,"7,527","5,239","9,815",5.0,3.5,6.5,"110,974","106,689","115,259",.,.,.,.,.,.
17,045,IL,Edgar County,"2,072","1,599","2,545",13.0,10.0,16.0,520,342,698,16.5,10.8,22.2,374,232,516,16.2,10.0,22.4,"66,725","59,258","74,192",.,.,.,.,.,.
17,047,IL,Edwards County,659,506,812,11.1,8.5,13.7,162,110,214,13.2,8.9,17.5,116,73,159,12.1,7.6,16.6,"66,465","59,933","72,997",.,.,.,.,.,.
17,049,IL,Effingham County,"2,769","2,094","3,444",8.1,6.1,10.1,715,466,964,8.9,5.8,12.0,510,315,705,8.7,5.4,12.0,"81,668","75,598","87,738",.,.,.,.,.,.
17,051,IL,Fayette County,"2,861","2,264","3,458",15.3,12.1,18.5,693,490,896,17.0,12.0,22.0,491,329,653,16.5,11.0,22.0,"63,445","58,356","68,534",.,.,.,.,.,.
17,053,IL,Ford County,"1,215",913,"1,517",9.3,7.0,11.6,385,250,520,12.7,8.3,17.1,269,161,377,11.8,7.1,16.5,"69,761","62,942","76,580",.,.,.,.,.,.
17,055,IL,Franklin County,"6,004","4,920","7,088",16.4,13.4,19.4,"1,755","1,267","2,243",22.1,15.9,28.3,"1,318",922,"1,714",22.4,15.7,29.1,"59,310","53,822","64,798",.,.,.,.,.,.
17,057,IL,Fulton County,"4,250","3,413","5,087",14.0,11.2,16.8,"1,039",742,"1,336",16.9,12.1,21.7,728,490,966,15.8,10.6,21.0,"63,587","57,831","69,343",.,.,.,.,.,.
17,059,IL,Gallatin County,803,617,989,17.5,13.4,21.6,196,130,262,22.2,14.7,29.7,141,86,196,21.0,12.9,29.1,"57,342","50,829","63,855",.,.,.,.,.,.
17,061,IL,Greene County,"1,575","1,248","1,902",14.0,11.1,16.9,380,260,500,16.1,11.0,21.2,280,181,379,15.6,10.1,21.1,"62,654","56,504","68,804",.,.,.,.,.,.
17,063,IL,Grundy County,"3,083","2,285","3,881",5.8,4.3,7.3,936,619,"1,253",7.5,5.0,10.0,683,422,944,7.1,4.4,9.8,"96,937","90,518","103,356",.,.,.,.,.,.
17,065,IL,Hamilton County,813,593,"1,033",10.5,7.7,13.3,248,163,333,15.1,9.9,20.3,174,105,243,13.8,8.4,19.2,"66,346","58,648","74,044",.,.,.,.,.,.
17,067,IL,Hancock County,"1,826","1,423","2,229",10.9,8.5,13.3,491,335,647,14.1,9.6,18.6,362,236,488,13.6,8.9,18.3,"67,313","61,462","73,164",.,.,.,.,.,.
17,069,IL,Hardin County,629,471,787,17.9,13.4,22.4,160,107,213,25.8,17.3,34.3,115,71,159,25.3,15.5,35.1,"54,671","48,499","60,843",.,.,.,.,.,.
17,071,IL,Henderson County,802,639,965,13.4,10.7,16.1,193,142,244,17.6,12.9,22.3,146,104,188,18.3,13.0,23.6,"66,009","58,405","73,613",.,.,.,.,.,.
17,073,IL,Henry County,"4,425","3,415","5,435",9.4,7.3,11.5,"1,048",695,"1,401",10.8,7.2,14.4,735,448,"1,022",9.9,6.0,13.8,"72,293","67,864","76,722",.,.,.,.,.,.
17,075,IL,Iroquois County,"2,671","2,104","3,238",10.4,8.2,12.6,716,479,953,13.2,8.8,17.6,499,309,689,12.1,7.5,16.7,"70,408","64,868","75,948",.,.,.,.,.,.
17,077,IL,Jackson County,"10,209","8,422","11,996",20.5,16.9,24.1,"2,301","1,655","2,947",23.7,17.1,30.3,"1,674","1,172","2,176",23.5,16.5,30.5,"52,063","46,646","57,480",.,.,.,.,.,.
17,079,IL,Jasper County,"1,013",795,"1,231",11.3,8.9,13.7,286,206,366,14.1,10.2,18.0,219,154,284,14.4,10.1,18.7,"72,816","64,814","80,818",.,.,.,.,.,.
17,081,IL,Jefferson County,"4,437","3,428","5,446",12.9,10.0,15.8,"1,375",956,"1,794",17.7,12.3,23.1,941,601,"1,281",16.3,10.4,22.2,"61,746","57,684","65,808",.,.,.,.,.,.
17,083,IL,Jersey County,"1,938","1,511","2,365",9.5,7.4,11.6,440,292,588,10.9,7.2,14.6,312,194,430,10.1,6.3,13.9,"77,236","69,247","85,225",.,.,.,.,.,.
17,085,IL,Jo Daviess County,"2,089","1,680","2,498",9.8,7.9,11.7,420,292,548,11.3,7.9,14.7,301,196,406,10.3,6.7,13.9,"70,046","62,876","77,216",.,.,.,.,.,.
17,087,IL,Johnson County,"1,580","1,220","1,940",14.6,11.3,17.9,285,188,382,13.3,8.8,17.8,201,123,279,12.3,7.5,17.1,"66,013","58,536","73,490",.,.,.,.,.,.
17,089,IL,Kane County,"37,717","31,575","43,859",7.3,6.1,8.5,"10,565","7,909","13,221",9.0,6.7,11.3,"7,537","5,444","9,630",8.5,6.1,10.9,"103,587","98,983","108,191",.,.,.,.,.,.
17,091,IL,Kankakee County,"13,468","11,286","15,650",13.1,11.0,15.2,"3,732","2,716","4,748",16.1,11.7,20.5,"2,793","1,984","3,602",16.2,11.5,20.9,"75,936","71,035","80,837",.,.,.,.,.,.
17,093,IL,Kendall County,"6,012","4,616","7,408",4.2,3.2,5.2,"1,907","1,306","2,508",5.2,3.6,6.8,"1,406",901,"1,911",4.9,3.1,6.7,"120,075","111,148","129,002",.,.,.,.,.,.
17,095,IL,Knox County,"7,097","5,924","8,270",15.7,13.1,18.3,"1,971","1,479","2,463",20.7,15.5,25.9,"1,386",961,"1,811",19.9,13.8,26.0,"58,896","52,956","64,836",.,.,.,.,.,.
17,097,IL,Lake County,"54,814","48,513","61,115",7.8,6.9,8.7,"15,127","12,637","17,617",9.5,7.9,11.1,"10,186","8,008","12,364",8.3,6.5,10.1,"108,137","104,142","112,132",.,.,.,.,.,.
17,099,IL,La Salle County,"13,459","11,429","15,489",12.8,10.9,14.7,"3,715","2,839","4,591",16.7,12.8,20.6,"2,343","1,615","3,071",14.1,9.7,18.5,"72,846","67,430","78,262",.,.,.,.,.,.
17,101,IL,Lawrence County,"1,849","1,367","2,331",14.7,10.9,18.5,447,289,605,17.1,11.1,23.1,327,198,456,16.3,9.9,22.7,"56,743","50,514","62,972",.,.,.,.,.,.
17,103,IL,Lee County,"3,541","2,848","4,234",11.5,9.3,13.7,774,523,"1,025",12.4,8.4,16.4,563,359,767,11.9,7.6,16.2,"70,166","64,192","76,140",.,.,.,.,.,.
17,105,IL,Livingston County,"4,081","3,370","4,792",12.2,10.1,14.3,"1,047",766,"1,328",13.9,10.2,17.6,794,572,"1,016",14.2,10.2,18.2,"76,043","69,808","82,278",.,.,.,.,.,.
17,107,IL,Logan County,"2,739","2,196","3,282",11.3,9.1,13.5,617,421,813,12.1,8.3,15.9,425,263,587,11.0,6.8,15.2,"68,362","62,016","74,708",.,.,.,.,.,.
17,109,IL,McDonough County,"4,490","3,362","5,618",18.6,13.9,23.3,998,669,"1,327",20.8,14.0,27.6,711,444,978,20.4,12.7,28.1,"62,276","56,923","67,629",.,.,.,.,.,.
17,111,IL,McHenry County,"19,673","16,855","22,491",6.3,5.4,7.2,"4,747","3,743","5,751",6.9,5.4,8.4,"3,361","2,588","4,134",6.4,4.9,7.9,"102,725","97,999","107,451",.,.,.,.,.,.
17,113,IL,McLean County,"18,930","16,706","21,154",11.6,10.2,13.0,"3,264","2,444","4,084",9.3,7.0,11.6,"2,123","1,490","2,756",8.0,5.6,10.4,"81,913","78,714","85,112",.,.,.,.,.,.
17,115,IL,Macon County,"16,365","13,846","18,884",16.7,14.1,19.3,"5,209","3,982","6,436",23.4,17.9,28.9,"3,205","2,198","4,212",19.6,13.5,25.7,"62,679","59,047","66,311",.,.,.,.,.,.
17,117,IL,Macoupin County,"4,548","3,649","5,447",10.6,8.5,12.7,"1,186",798,"1,574",13.7,9.2,18.2,839,519,"1,159",12.9,8.0,17.8,"69,440","63,194","75,686",.,.,.,.,.,.
17,119,IL,Madison County,"24,651","20,904","28,398",9.6,8.1,11.1,"6,712","5,069","8,355",12.5,9.4,15.6,"4,381","3,117","5,645",10.7,7.6,13.8,"78,648","75,105","82,191",.,.,.,.,.,.
17,121,IL,Marion County,"5,122","4,065","6,179",14.4,11.4,17.4,"1,664","1,180","2,148",20.2,14.3,26.1,"1,184",791,"1,577",19.5,13.0,26.0,"61,813","57,267","66,359",.,.,.,.,.,.
17,123,IL,Marshall County,"1,038",814,"1,262",9.2,7.2,11.2,276,183,369,12.1,8.0,16.2,199,123,275,11.6,7.2,16.0,"75,927","68,954","82,900",.,.,.,.,.,.
17,125,IL,Mason County,"1,670","1,349","1,991",13.5,10.9,16.1,486,353,619,19.6,14.2,25.0,355,247,463,19.1,13.3,24.9,"64,300","57,955","70,645",.,.,.,.,.,.
17,127,IL,Massac County,"2,042","1,574","2,510",15.2,11.7,18.7,579,385,773,21.6,14.4,28.8,424,265,583,20.7,12.9,28.5,"67,637","63,733","71,541",.,.,.,.,.,.
17,129,IL,Menard County,998,752,"1,244",8.4,6.3,10.5,281,191,371,11.2,7.6,14.8,192,119,265,10.4,6.5,14.3,"93,131","84,960","101,302",.,.,.,.,.,.
17,131,IL,Mercer County,"1,368","1,048","1,688",9.1,7.0,11.2,341,230,452,11.0,7.4,14.6,240,151,329,10.1,6.3,13.9,"81,428","75,531","87,325",.,.,.,.,.,.
17,133,IL,Monroe County,"1,636","1,270","2,002",4.7,3.6,5.8,294,200,388,4.1,2.8,5.4,196,128,264,3.4,2.2,4.6,"108,674","101,038","116,310",.,.,.,.,.,.
17,135,IL,Montgomery County,"3,672","2,967","4,377",14.6,11.8,17.4,940,686,"1,194",17.7,12.9,22.5,549,341,757,13.7,8.5,18.9,"62,882","56,189","69,575",.,.,.,.,.,.
17,137,IL,Morgan County,"4,193","3,383","5,003",14.1,11.4,16.8,901,608,"1,194",14.9,10.1,19.7,620,382,858,14.0,8.6,19.4,"67,794","61,803","73,785",.,.,.,.,.,.
17,139,IL,Moultrie County,"1,310",987,"1,633",9.3,7.0,11.6,409,275,543,11.9,8.0,15.8,297,187,407,11.3,7.1,15.5,"76,303","68,291","84,315",.,.,.,.,.,.
17,141,IL,Ogle County,"4,843","3,801","5,885",9.6,7.5,11.7,"1,357","1,017","1,697",12.4,9.3,15.5,932,652,"1,212",11.3,7.9,14.7,"80,221","76,188","84,254",.,.,.,.,.,.
17,143,IL,Peoria County,"26,646","22,409","30,883",15.3,12.9,17.7,"8,602","6,391","10,813",20.5,15.2,25.8,"6,102","4,349","7,855",19.8,14.1,25.5,"68,190","64,508","71,872",.,.,.,.,.,.
17,145,IL,Perry County,"2,723","2,097","3,349",15.2,11.7,18.7,634,443,825,17.3,12.1,22.5,413,257,569,14.8,9.2,20.4,"67,372","60,359","74,385",.,.,.,.,.,.
17,147,IL,Piatt County,"1,133",860,"1,406",6.9,5.2,8.6,269,183,355,7.6,5.2,10.0,192,123,261,7.1,4.6,9.6,"93,892","86,269","101,515",.,.,.,.,.,.
17,149,IL,Pike County,"1,870","1,499","2,241",13.5,10.8,16.2,509,354,664,15.9,11.0,20.8,371,246,496,15.6,10.4,20.8,"65,396","58,901","71,891",.,.,.,.,.,.
17,151,IL,Pope County,599,454,744,16.5,12.5,20.5,74,48,100,19.4,12.5,26.3,55,33,77,20.4,12.2,28.6,"52,892","46,707","59,077",.,.,.,.,.,.
17,153,IL,Pulaski County,"1,024",777,"1,271",21.7,16.4,27.0,343,234,452,34.9,23.8,46.0,239,147,331,32.7,20.2,45.2,"49,770","43,909","55,631",.,.,.,.,.,.
17,155,IL,Putnam County,434,327,541,7.7,5.8,9.6,115,77,153,11.2,7.5,14.9,85,53,117,11.0,6.9,15.1,"81,998","73,921","90,075",.,.,.,.,.,.
17,157,IL,Randolph County,"4,015","3,341","4,689",14.7,12.2,17.2,"1,027",768,"1,286",17.5,13.1,21.9,713,507,919,16.3,11.6,21.0,"66,513","60,819","72,207",.,.,.,.,.,.
17,159,IL,Richland County,"1,960","1,523","2,397",13.0,10.1,15.9,488,327,649,14.7,9.8,19.6,341,214,468,13.5,8.5,18.5,"68,273","62,565","73,981",.,.,.,.,.,.
17,161,IL,Rock Island County,"17,427","14,211","20,643",12.6,10.3,14.9,"5,684","4,102","7,266",18.2,13.1,23.3,"3,689","2,473","4,905",15.8,10.6,21.0,"67,335","63,595","71,075",.,.,.,.,.,.
17,163,IL,St. Clair County,"31,351","25,723","36,979",12.7,10.4,15.0,"9,233","6,484","11,982",16.8,11.8,21.8,"6,659","4,526","8,792",15.8,10.7,20.9,"78,110","74,511","81,709",.,.,.,.,.,.
17,165,IL,Saline County,"4,000","3,270","4,730",18.0,14.7,21.3,"1,271","1,005","1,537",28.0,22.1,33.9,831,598,"1,064",24.9,17.9,31.9,"55,561","49,876","61,246",.,.,.,.,.,.
17,167,IL,Sangamon County,"18,612","15,413","21,811",9.7,8.0,11.4,"5,038","3,320","6,756",12.4,8.2,16.6,"3,405","2,040","4,770",11.2,6.7,15.7,"78,931","74,395","83,467",.,.,.,.,.,.
17,169,IL,Schuyler County,869,703,"1,035",13.1,10.6,15.6,145,97,193,12.7,8.5,16.9,108,68,148,12.6,7.9,17.3,"64,481","56,858","72,104",.,.,.,.,.,.
17,171,IL,Scott County,564,439,689,12.0,9.3,14.7,156,105,207,16.5,11.1,21.9,113,70,156,15.8,9.7,21.9,"70,164","62,210","78,118",.,.,.,.,.,.
17,173,IL,Shelby County,"1,789","1,322","2,256",8.8,6.5,11.1,464,306,622,11.0,7.3,14.7,328,198,458,10.2,6.2,14.2,"75,612","68,738","82,486",.,.,.,.,.,.
17,175,IL,Stark County,543,405,681,10.5,7.8,13.2,158,106,210,13.7,9.2,18.2,113,69,157,13.5,8.3,18.7,"69,557","61,774","77,340",.,.,.,.,.,.
17,177,IL,Stephenson County,"5,957","4,924","6,990",14.1,11.7,16.5,"1,786","1,327","2,245",20.4,15.2,25.6,"1,141",761,"1,521",17.4,11.6,23.2,"64,425","59,344","69,506",.,.,.,.,.,.
17,179,IL,Tazewell County,"10,518","8,335","12,701",8.3,6.6,10.0,"2,508","1,746","3,270",9.3,6.5,12.1,"1,695","1,123","2,267",8.2,5.4,11.0,"78,573","73,632","83,514",.,.,.,.,.,.
17,181,IL,Union County,"2,811","2,311","3,311",17.2,14.1,20.3,678,486,870,20.0,14.3,25.7,470,311,629,18.1,12.0,24.2,"58,887","52,477","65,297",.,.,.,.,.,.
17,183,IL,Vermilion County,"11,821","9,764","13,878",17.3,14.3,20.3,"4,343","3,351","5,335",26.8,20.7,32.9,"3,137","2,319","3,955",26.0,19.2,32.8,"62,150","58,052","66,248",.,.,.,.,.,.
17,185,IL,Wabash County,"1,505","1,170","1,840",14.1,11.0,17.2,360,252,468,16.3,11.4,21.2,248,161,335,14.2,9.2,19.2,"64,798","59,493","70,103",.,.,.,.,.,.
17,187,IL,Warren County,"2,148","1,742","2,554",14.0,11.3,16.7,631,478,784,17.9,13.6,22.2,444,317,571,17.3,12.3,22.3,"65,671","59,506","71,836",.,.,.,.,.,.
17,189,IL,Washington County,977,736,"1,218",7.3,5.5,9.1,207,134,280,7.8,5.0,10.6,142,84,200,7.2,4.2,10.2,"81,555","76,668","86,442",.,.,.,.,.,.
17,191,IL,Wayne County,"2,250","1,788","2,712",14.3,11.4,17.2,634,445,823,18.2,12.8,23.6,443,291,595,17.0,11.2,22.8,"61,720","56,763","66,677",.,.,.,.,.,.
17,193,IL,White County,"1,823","1,438","2,208",14.2,11.2,17.2,498,341,655,18.0,12.3,23.7,372,247,497,17.3,11.5,23.1,"60,953","54,499","67,407",.,.,.,.,.,.
17,195,IL,Whiteside County,"5,343","4,035","6,651",10.0,7.6,12.4,"1,698","1,149","2,247",14.5,9.8,19.2,"1,182",739,"1,625",13.5,8.5,18.5,"67,711","63,543","71,879",.,.,.,.,.,.
17,197,IL,Will County,"53,946","46,992","60,900",7.7,6.7,8.7,"14,157","11,414","16,900",8.9,7.2,10.6,"9,886","7,791","11,981",8.1,6.4,9.8,"109,888","105,835","113,941",.,.,.,.,.,.
17,199,IL,Williamson County,"7,984","6,462","9,506",12.3,10.0,14.6,"1,998","1,369","2,627",14.8,10.1,19.5,"1,468",980,"1,956",14.2,9.5,18.9,"67,879","63,411","72,347",.,.,.,.,.,.
17,201,IL,Winnebago County,"41,345","36,719","45,971",14.8,13.1,16.5,"13,125","10,696","15,554",20.3,16.5,24.1,"9,416","7,431","11,401",19.7,15.6,23.8,"67,363","64,223","70,503",.,.,.,.,.,.
17,203,IL,Woodford County,"2,035","1,523","2,547",5.5,4.1,6.9,519,334,704,5.8,3.7,7.9,346,196,496,5.1,2.9,7.3,"100,761","96,171","105,351",.,.,.,.,.,.
18,000,IN,Indiana,"813,329","793,289","833,369",12.1,11.8,12.4,"245,382","233,248","257,516",15.8,15.0,16.6,"168,532","157,969","179,095",14.6,13.7,15.5,"71,958","71,334","72,582","70,908","65,382","76,434",18.1,16.7,19.5
18,001,IN,Adams County,"3,986","3,146","4,826",11.1,8.8,13.4,"1,980","1,400","2,560",17.7,12.5,22.9,"1,392",908,"1,876",17.3,11.3,23.3,"70,816","65,516","76,116",.,.,.,.,.,.
18,003,IN,Allen County,"48,134","42,744","53,524",12.3,10.9,13.7,"17,241","14,497","19,985",17.6,14.8,20.4,"12,307","10,188","14,426",17.0,14.1,19.9,"70,889","68,650","73,128",.,.,.,.,.,.
18,005,IN,Bartholomew County,"7,019","5,548","8,490",8.4,6.6,10.2,"2,002","1,362","2,642",10.2,6.9,13.5,"1,407",887,"1,927",9.7,6.1,13.3,"81,019","75,882","86,156",.,.,.,.,.,.
18,007,IN,Benton County,860,673,"1,047",9.8,7.7,11.9,283,201,365,13.3,9.4,17.2,203,137,269,12.9,8.7,17.1,"71,407","63,951","78,863",.,.,.,.,.,.
18,009,IN,Blackford County,"1,415","1,079","1,751",12.2,9.3,15.1,419,277,561,16.6,11.0,22.2,285,168,402,14.7,8.7,20.7,"61,080","54,421","67,739",.,.,.,.,.,.
18,011,IN,Boone County,"4,332","3,377","5,287",5.6,4.4,6.8,"1,091",806,"1,376",5.6,4.1,7.1,766,550,982,5.2,3.7,6.7,"108,013","102,804","113,222",.,.,.,.,.,.
18,013,IN,Brown County,"1,440","1,102","1,778",9.3,7.1,11.5,331,227,435,13.4,9.2,17.6,240,153,327,12.4,7.9,16.9,"78,954","72,632","85,276",.,.,.,.,.,.
18,015,IN,Carroll County,"1,846","1,427","2,265",9.0,7.0,11.0,461,320,602,10.6,7.3,13.9,327,212,442,10.1,6.6,13.6,"73,200","65,274","81,126",.,.,.,.,.,.
18,017,IN,Cass County,"5,070","4,179","5,961",13.7,11.3,16.1,"1,746","1,402","2,090",20.5,16.5,24.5,"1,102",845,"1,359",17.9,13.7,22.1,"62,153","55,757","68,549",.,.,.,.,.,.
18,019,IN,Clark County,"13,161","10,874","15,448",10.5,8.7,12.3,"3,418","2,484","4,352",12.7,9.2,16.2,"2,204","1,504","2,904",11.1,7.6,14.6,"74,005","69,216","78,794",.,.,.,.,.,.
18,021,IN,Clay County,"3,133","2,493","3,773",12.0,9.5,14.5,997,734,"1,260",17.2,12.7,21.7,657,452,862,15.0,10.3,19.7,"69,967","63,819","76,115",.,.,.,.,.,.
18,023,IN,Clinton County,"4,060","3,328","4,792",12.6,10.3,14.9,"1,461","1,131","1,791",17.4,13.5,21.3,963,707,"1,219",15.4,11.3,19.5,"68,732","62,312","75,152",.,.,.,.,.,.
18,025,IN,Crawford County,"1,713","1,366","2,060",16.4,13.1,19.7,515,367,663,23.8,16.9,30.7,348,226,470,21.5,13.9,29.1,"60,088","54,330","65,846",.,.,.,.,.,.
18,027,IN,Daviess County,"4,161","3,317","5,005",12.4,9.9,14.9,"1,546","1,108","1,984",15.4,11.0,19.8,"1,088",743,"1,433",14.8,10.1,19.5,"68,390","61,968","74,812",.,.,.,.,.,.
18,029,IN,Dearborn County,"4,347","3,530","5,164",8.6,7.0,10.2,"1,015",721,"1,309",9.5,6.8,12.2,718,482,954,8.8,5.9,11.7,"89,808","82,750","96,866",.,.,.,.,.,.
18,031,IN,Decatur County,"2,698","2,111","3,285",10.4,8.1,12.7,781,537,"1,025",13.1,9.0,17.2,532,332,732,12.0,7.5,16.5,"71,515","63,403","79,627",.,.,.,.,.,.
18,033,IN,De Kalb County,"3,877","3,115","4,639",8.9,7.2,10.6,"1,170",836,"1,504",11.5,8.2,14.8,790,526,"1,054",10.5,7.0,14.0,"81,096","76,365","85,827",.,.,.,.,.,.
18,035,IN,Delaware County,"21,509","19,308","23,710",20.5,18.4,22.6,"4,294","3,442","5,146",21.9,17.6,26.2,"2,998","2,309","3,687",20.8,16.0,25.6,"55,462","51,952","58,972",.,.,.,.,.,.
18,037,IN,Dubois County,"3,292","2,601","3,983",7.7,6.1,9.3,868,629,"1,107",8.5,6.2,10.8,573,377,769,7.4,4.9,9.9,"80,326","73,426","87,226",.,.,.,.,.,.
18,039,IN,Elkhart County,"22,119","18,954","25,284",10.8,9.3,12.3,"7,975","6,368","9,582",14.7,11.7,17.7,"5,521","4,409","6,633",13.8,11.0,16.6,"71,053","67,077","75,029",.,.,.,.,.,.
18,041,IN,Fayette County,"3,725","3,071","4,379",16.2,13.4,19.0,"1,251",984,"1,518",25.1,19.7,30.5,840,622,"1,058",22.8,16.9,28.7,"60,267","53,927","66,607",.,.,.,.,.,.
18,043,IN,Floyd County,"8,197","6,677","9,717",10.2,8.3,12.1,"2,236","1,583","2,889",12.6,8.9,16.3,"1,508","1,009","2,007",11.0,7.3,14.7,"76,310","70,800","81,820",.,.,.,.,.,.
18,045,IN,Fountain County,"1,898","1,513","2,283",11.4,9.1,13.7,535,378,692,14.5,10.2,18.8,379,258,500,14.1,9.6,18.6,"68,344","62,190","74,498",.,.,.,.,.,.
18,047,IN,Franklin County,"1,989","1,519","2,459",8.6,6.6,10.6,521,368,674,10.6,7.5,13.7,369,245,493,9.8,6.5,13.1,"79,204","71,573","86,835",.,.,.,.,.,.
18,049,IN,Fulton County,"2,336","1,879","2,793",11.8,9.5,14.1,715,535,895,16.1,12.0,20.2,485,333,637,14.4,9.9,18.9,"64,566","57,965","71,167",.,.,.,.,.,.
18,051,IN,Gibson County,"3,327","2,658","3,996",10.3,8.2,12.4,948,705,"1,191",12.8,9.5,16.1,644,448,840,11.5,8.0,15.0,"72,427","65,301","79,553",.,.,.,.,.,.
18,053,IN,Grant County,"11,026","9,138","12,914",17.9,14.8,21.0,"3,232","2,425","4,039",23.3,17.5,29.1,"2,267","1,625","2,909",22.0,15.8,28.2,"52,314","48,070","56,558",.,.,.,.,.,.
18,055,IN,Greene County,"4,263","3,565","4,961",13.8,11.5,16.1,"1,095",814,"1,376",16.9,12.6,21.2,833,614,"1,052",17.2,12.7,21.7,"67,268","61,222","73,314",.,.,.,.,.,.
18,057,IN,Hamilton County,"17,518","15,069","19,967",4.7,4.0,5.4,"3,968","3,053","4,883",4.3,3.3,5.3,"2,916","2,231","3,601",4.1,3.1,5.1,"127,452","121,758","133,146",.,.,.,.,.,.
18,059,IN,Hancock County,"5,126","4,136","6,116",5.8,4.7,6.9,"1,193",840,"1,546",5.9,4.1,7.7,829,545,"1,113",5.5,3.6,7.4,"96,513","87,744","105,282",.,.,.,.,.,.
18,061,IN,Harrison County,"3,495","2,789","4,201",8.9,7.1,10.7,801,532,"1,070",9.4,6.2,12.6,572,353,791,8.7,5.3,12.1,"79,264","70,627","87,901",.,.,.,.,.,.
18,063,IN,Hendricks County,"10,522","8,429","12,615",5.6,4.5,6.7,"3,012","2,186","3,838",6.6,4.8,8.4,"2,259","1,572","2,946",6.4,4.5,8.3,"93,476","88,242","98,710",.,.,.,.,.,.
18,065,IN,Henry County,"6,595","5,457","7,733",14.5,12.0,17.0,"1,786","1,358","2,214",18.6,14.1,23.1,"1,215",875,"1,555",16.7,12.0,21.4,"67,538","62,272","72,804",.,.,.,.,.,.
18,067,IN,Howard County,"11,228","9,408","13,048",13.6,11.4,15.8,"3,467","2,569","4,365",18.6,13.8,23.4,"2,309","1,607","3,011",16.5,11.5,21.5,"67,297","61,357","73,237",.,.,.,.,.,.
18,069,IN,Huntington County,"3,120","2,406","3,834",8.8,6.8,10.8,945,654,"1,236",12.1,8.4,15.8,669,431,907,11.6,7.5,15.7,"72,146","69,229","75,063",.,.,.,.,.,.
18,071,IN,Jackson County,"5,266","4,365","6,167",11.3,9.4,13.2,"1,568","1,107","2,029",13.1,9.2,17.0,"1,037",660,"1,414",12.2,7.7,16.7,"72,024","63,971","80,077",.,.,.,.,.,.
18,073,IN,Jasper County,"3,328","2,728","3,928",10.1,8.3,11.9,891,641,"1,141",12.1,8.7,15.5,633,428,838,11.5,7.8,15.2,"76,990","73,287","80,693",.,.,.,.,.,.
18,075,IN,Jay County,"2,910","2,391","3,429",14.7,12.1,17.3,"1,107",816,"1,398",21.8,16.1,27.5,752,524,980,20.5,14.3,26.7,"58,963","53,010","64,916",.,.,.,.,.,.
18,077,IN,Jefferson County,"4,351","3,515","5,187",14.2,11.5,16.9,"1,077",762,"1,392",17.5,12.4,22.6,760,512,"1,008",16.7,11.3,22.1,"70,467","64,128","76,806",.,.,.,.,.,.
18,079,IN,Jennings County,"3,559","2,908","4,210",13.1,10.7,15.5,"1,037",755,"1,319",16.8,12.2,21.4,720,486,954,15.7,10.6,20.8,"65,766","58,779","72,753",.,.,.,.,.,.
18,081,IN,Johnson County,"12,136","9,923","14,349",7.3,6.0,8.6,"3,087","2,103","4,071",7.7,5.2,10.2,"2,155","1,369","2,941",7.1,4.5,9.7,"95,247","89,574","100,920",.,.,.,.,.,.
18,083,IN,Knox County,"4,082","3,110","5,054",11.9,9.1,14.7,"1,199",790,"1,608",16.1,10.6,21.6,885,550,"1,220",16.0,9.9,22.1,"61,618","55,674","67,562",.,.,.,.,.,.
18,085,IN,Kosciusko County,"7,682","6,252","9,112",9.7,7.9,11.5,"2,280","1,709","2,851",12.5,9.4,15.6,"1,593","1,135","2,051",11.7,8.3,15.1,"77,464","72,303","82,625",.,.,.,.,.,.
18,087,IN,Lagrange County,"3,429","2,603","4,255",8.4,6.4,10.4,"1,544","1,044","2,044",12.3,8.3,16.3,"1,067",647,"1,487",11.7,7.1,16.3,"79,761","72,289","87,233",.,.,.,.,.,.
18,089,IN,Lake County,"66,427","59,185","73,669",13.3,11.8,14.8,"21,853","18,247","25,459",19.5,16.3,22.7,"15,499","12,504","18,494",18.3,14.8,21.8,"73,228","70,499","75,957",.,.,.,.,.,.
18,091,IN,La Porte County,"14,209","11,864","16,554",13.6,11.4,15.8,"4,637","3,557","5,717",20.4,15.7,25.1,"3,312","2,511","4,113",19.3,14.6,24.0,"68,116","63,528","72,704",.,.,.,.,.,.
18,093,IN,Lawrence County,"5,503","4,504","6,502",12.4,10.2,14.6,"1,555","1,179","1,931",16.8,12.7,20.9,"1,060",756,"1,364",15.4,11.0,19.8,"65,270","60,086","70,454",.,.,.,.,.,.
18,095,IN,Madison County,"18,706","15,949","21,463",14.6,12.5,16.7,"5,424","4,242","6,606",19.6,15.3,23.9,"3,441","2,462","4,420",17.1,12.2,22.0,"60,842","56,457","65,227",.,.,.,.,.,.
18,097,IN,Marion County,"152,269","140,618","163,920",15.8,14.6,17.0,"55,495","49,140","61,850",23.3,20.6,26.0,"37,217","32,352","42,082",21.8,19.0,24.6,"67,368","65,180","69,556",.,.,.,.,.,.
18,099,IN,Marshall County,"5,519","4,652","6,386",12.1,10.2,14.0,"1,615","1,256","1,974",14.8,11.5,18.1,995,692,"1,298",12.2,8.5,15.9,"68,762","63,520","74,004",.,.,.,.,.,.
18,101,IN,Martin County,"1,178",926,"1,430",12.2,9.6,14.8,318,224,412,15.1,10.6,19.6,222,146,298,14.3,9.4,19.2,"69,890","62,199","77,581",.,.,.,.,.,.
18,103,IN,Miami County,"4,076","3,192","4,960",12.7,9.9,15.5,"1,311",916,"1,706",18.3,12.8,23.8,926,616,"1,236",17.1,11.4,22.8,"63,980","57,924","70,036",.,.,.,.,.,.
18,105,IN,Monroe County,"21,437","18,825","24,049",16.8,14.8,18.8,"2,892","2,146","3,638",13.6,10.1,17.1,"1,606","1,051","2,161",10.0,6.6,13.4,"67,457","62,675","72,239",.,.,.,.,.,.
18,107,IN,Montgomery County,"3,875","3,090","4,660",10.3,8.2,12.4,"1,118",772,"1,464",13.1,9.0,17.2,795,516,"1,074",12.5,8.1,16.9,"72,249","67,510","76,988",.,.,.,.,.,.
18,109,IN,Morgan County,"6,826","5,588","8,064",9.4,7.7,11.1,"1,894","1,421","2,367",12.1,9.1,15.1,"1,278",890,"1,666",10.8,7.5,14.1,"79,686","74,019","85,353",.,.,.,.,.,.
18,111,IN,Newton County,"1,383","1,081","1,685",9.9,7.7,12.1,388,264,512,13.3,9.1,17.5,280,178,382,13.2,8.4,18.0,"78,688","73,631","83,745",.,.,.,.,.,.
18,113,IN,Noble County,"4,616","3,605","5,627",9.8,7.6,12.0,"1,491","1,059","1,923",13.1,9.3,16.9,982,637,"1,327",11.9,7.7,16.1,"72,859","66,912","78,806",.,.,.,.,.,.
18,115,IN,Ohio County,670,548,792,11.3,9.2,13.4,179,141,217,15.7,12.4,19.0,146,117,175,15.9,12.8,19.0,"70,568","62,655","78,481",.,.,.,.,.,.
18,117,IN,Orange County,"2,606","2,081","3,131",13.4,10.7,16.1,799,528,"1,070",18.1,12.0,24.2,566,341,791,17.2,10.4,24.0,"59,152","52,927","65,377",.,.,.,.,.,.
18,119,IN,Owen County,"2,620","2,065","3,175",12.2,9.6,14.8,763,541,985,17.6,12.5,22.7,523,338,708,16.3,10.5,22.1,"68,262","61,295","75,229",.,.,.,.,.,.
18,121,IN,Parke County,"2,151","1,712","2,590",13.9,11.1,16.7,641,437,845,17.5,11.9,23.1,428,263,593,15.9,9.8,22.0,"66,511","59,345","73,677",.,.,.,.,.,.
18,123,IN,Perry County,"2,466","1,968","2,964",13.9,11.1,16.7,663,487,839,17.5,12.9,22.1,463,322,604,16.0,11.1,20.9,"64,109","56,889","71,329",.,.,.,.,.,.
18,125,IN,Pike County,"1,075",790,"1,360",9.0,6.6,11.4,314,212,416,12.2,8.2,16.2,217,136,298,11.0,6.9,15.1,"79,458","75,116","83,800",.,.,.,.,.,.
18,127,IN,Porter County,"14,639","12,158","17,120",8.5,7.1,9.9,"3,524","2,638","4,410",9.8,7.3,12.3,"2,502","1,785","3,219",9.1,6.5,11.7,"88,795","82,521","95,069",.,.,.,.,.,.
18,129,IN,Posey County,"2,126","1,646","2,606",8.6,6.7,10.5,566,402,730,10.8,7.7,13.9,371,230,512,9.2,5.7,12.7,"81,600","74,890","88,310",.,.,.,.,.,.
18,131,IN,Pulaski County,"1,468","1,163","1,773",12.0,9.5,14.5,410,287,533,15.4,10.8,20.0,293,191,395,14.6,9.5,19.7,"65,929","58,740","73,118",.,.,.,.,.,.
18,133,IN,Putnam County,"3,658","2,836","4,480",10.9,8.4,13.4,884,617,"1,151",12.1,8.5,15.7,633,420,846,11.6,7.7,15.5,"79,859","74,570","85,148",.,.,.,.,.,.
18,135,IN,Randolph County,"3,797","3,142","4,452",15.8,13.1,18.5,"1,198",919,"1,477",22.0,16.9,27.1,903,683,"1,123",22.7,17.2,28.2,"62,925","55,978","69,872",.,.,.,.,.,.
18,137,IN,Ripley County,"2,762","2,180","3,344",9.6,7.6,11.6,872,629,"1,115",13.1,9.5,16.7,588,380,796,11.8,7.6,16.0,"70,676","63,226","78,126",.,.,.,.,.,.
18,139,IN,Rush County,"1,882","1,481","2,283",11.4,9.0,13.8,512,355,669,14.3,9.9,18.7,368,238,498,13.8,8.9,18.7,"66,985","59,413","74,557",.,.,.,.,.,.
18,141,IN,St. Joseph County,"40,149","35,836","44,462",15.4,13.7,17.1,"13,090","11,127","15,053",21.3,18.1,24.5,"8,953","7,329","10,577",19.6,16.0,23.2,"64,573","61,122","68,024",.,.,.,.,.,.
18,143,IN,Scott County,"3,654","2,877","4,431",15.0,11.8,18.2,"1,109",803,"1,415",20.7,15.0,26.4,796,550,"1,042",19.8,13.7,25.9,"62,514","55,401","69,627",.,.,.,.,.,.
18,145,IN,Shelby County,"4,860","3,959","5,761",10.9,8.9,12.9,"1,333",985,"1,681",13.5,10.0,17.0,959,688,"1,230",13.0,9.3,16.7,"76,907","70,272","83,542",.,.,.,.,.,.
18,147,IN,Spencer County,"2,090","1,738","2,442",10.4,8.6,12.2,576,466,686,13.6,11.0,16.2,464,379,549,14.4,11.8,17.0,"76,789","69,640","83,938",.,.,.,.,.,.
18,149,IN,Starke County,"2,615","1,944","3,286",11.2,8.3,14.1,822,555,"1,089",16.1,10.9,21.3,582,366,798,15.2,9.6,20.8,"67,134","61,107","73,161",.,.,.,.,.,.
18,151,IN,Steuben County,"3,094","2,380","3,808",9.4,7.2,11.6,845,583,"1,107",12.8,8.8,16.8,596,386,806,12.1,7.8,16.4,"77,285","73,180","81,390",.,.,.,.,.,.
18,153,IN,Sullivan County,"2,635","2,053","3,217",14.2,11.1,17.3,625,444,806,17.0,12.1,21.9,421,278,564,15.7,10.4,21.0,"61,119","57,530","64,708",.,.,.,.,.,.
18,155,IN,Switzerland County,"1,405","1,083","1,727",14.3,11.0,17.6,517,360,674,22.6,15.8,29.4,349,218,480,20.4,12.8,28.0,"63,858","56,795","70,921",.,.,.,.,.,.
18,157,IN,Tippecanoe County,"29,475","26,522","32,428",16.8,15.1,18.5,"4,777","3,641","5,913",12.8,9.8,15.8,"2,926","2,083","3,769",10.6,7.5,13.7,"68,036","63,621","72,451",.,.,.,.,.,.
18,159,IN,Tipton County,"1,178",898,"1,458",7.8,5.9,9.7,270,179,361,8.9,5.9,11.9,193,119,267,8.6,5.3,11.9,"72,684","64,930","80,438",.,.,.,.,.,.
18,161,IN,Union County,775,598,952,11.3,8.7,13.9,217,150,284,15.8,11.0,20.6,154,100,208,14.5,9.4,19.6,"67,286","59,343","75,229",.,.,.,.,.,.
18,163,IN,Vanderburgh County,"22,289","19,058","25,520",12.8,10.9,14.7,"6,343","4,760","7,926",16.7,12.5,20.9,"4,343","3,124","5,562",15.7,11.3,20.1,"63,717","58,900","68,534",.,.,.,.,.,.
18,165,IN,Vermillion County,"2,035","1,627","2,443",13.3,10.6,16.0,552,402,702,17.1,12.5,21.7,385,264,506,15.7,10.8,20.6,"60,160","53,791","66,529",.,.,.,.,.,.
18,167,IN,Vigo County,"17,767","15,220","20,314",18.3,15.7,20.9,"4,304","3,221","5,387",20.4,15.3,25.5,"2,810","1,916","3,704",18.1,12.3,23.9,"57,173","52,964","61,382",.,.,.,.,.,.
18,169,IN,Wabash County,"3,168","2,492","3,844",10.7,8.4,13.0,752,512,992,12.2,8.3,16.1,526,330,722,11.6,7.3,15.9,"68,224","61,971","74,477",.,.,.,.,.,.
18,171,IN,Warren County,701,534,868,8.4,6.4,10.4,212,151,273,12.3,8.8,15.8,148,100,196,10.8,7.3,14.3,"81,984","73,802","90,166",.,.,.,.,.,.
18,173,IN,Warrick County,"4,289","3,395","5,183",6.6,5.2,8.0,"1,079",747,"1,411",7.3,5.1,9.5,758,489,"1,027",6.7,4.3,9.1,"82,097","75,316","88,878",.,.,.,.,.,.
18,175,IN,Washington County,"4,128","3,372","4,884",14.8,12.1,17.5,"1,367","1,021","1,713",22.1,16.5,27.7,966,679,"1,253",21.1,14.8,27.4,"66,805","60,304","73,306",.,.,.,.,.,.
18,177,IN,Wayne County,"11,758","10,091","13,425",18.3,15.7,20.9,"3,758","3,049","4,467",25.8,20.9,30.7,"2,773","2,198","3,348",26.0,20.6,31.4,"53,395","49,241","57,549",.,.,.,.,.,.
18,179,IN,Wells County,"2,250","1,711","2,789",8.0,6.1,9.9,715,485,945,10.3,7.0,13.6,501,311,691,9.8,6.1,13.5,"76,864","70,998","82,730",.,.,.,.,.,.
18,181,IN,White County,"2,966","2,472","3,460",12.1,10.1,14.1,867,646,"1,088",15.6,11.6,19.6,612,426,798,14.7,10.2,19.2,"68,828","61,791","75,865",.,.,.,.,.,.
18,183,IN,Whitley County,"2,827","2,305","3,349",8.2,6.7,9.7,848,668,"1,028",11.0,8.7,13.3,586,444,728,10.1,7.7,12.5,"78,506","72,053","84,959",.,.,.,.,.,.
19,000,IA,Iowa,"352,136","341,809","362,463",11.2,10.9,11.5,"94,285","88,047","100,523",13.1,12.2,14.0,"66,012","60,304","71,720",12.3,11.2,13.4,"75,623","74,630","76,616","25,586","23,040","28,132",14.1,12.7,15.5
19,001,IA,Adair County,738,576,900,10.2,8.0,12.4,229,156,302,13.7,9.3,18.1,157,98,216,12.8,8.0,17.6,"73,642","66,254","81,030",.,.,.,.,.,.
19,003,IA,Adams County,431,341,521,12.1,9.6,14.6,117,82,152,14.9,10.5,19.3,85,57,113,14.8,9.9,19.7,"64,213","56,643","71,783",.,.,.,.,.,.
19,005,IA,Allamakee County,"1,461","1,125","1,797",10.5,8.1,12.9,563,386,740,16.5,11.3,21.7,407,256,558,16.7,10.5,22.9,"71,728","65,601","77,855",.,.,.,.,.,.
19,007,IA,Appanoose County,"1,870","1,500","2,240",15.8,12.7,18.9,503,354,652,19.5,13.7,25.3,342,218,466,17.5,11.2,23.8,"57,459","51,481","63,437",.,.,.,.,.,.
19,009,IA,Audubon County,599,472,726,11.0,8.7,13.3,176,121,231,14.9,10.2,19.6,122,78,166,14.4,9.2,19.6,"68,732","61,198","76,266",.,.,.,.,.,.
19,011,IA,Benton County,"1,840","1,420","2,260",7.2,5.5,8.9,462,317,607,8.1,5.5,10.7,320,203,437,7.3,4.6,10.0,"85,848","78,696","93,000",.,.,.,.,.,.
19,013,IA,Black Hawk County,"18,168","15,765","20,571",14.2,12.3,16.1,"4,787","3,641","5,933",16.7,12.7,20.7,"3,035","2,133","3,937",14.7,10.3,19.1,"70,553","66,486","74,620",.,.,.,.,.,.
19,015,IA,Boone County,"2,136","1,670","2,602",8.2,6.4,10.0,497,358,636,9.6,6.9,12.3,335,225,445,8.7,5.8,11.6,"80,986","72,846","89,126",.,.,.,.,.,.
19,017,IA,Bremer County,"1,718","1,375","2,061",7.2,5.8,8.6,335,233,437,6.1,4.2,8.0,238,154,322,5.6,3.6,7.6,"83,565","76,445","90,685",.,.,.,.,.,.
19,019,IA,Buchanan County,"2,169","1,723","2,615",10.5,8.3,12.7,791,590,992,15.6,11.6,19.6,588,427,749,15.7,11.4,20.0,"81,191","78,849","83,533",.,.,.,.,.,.
19,021,IA,Buena Vista County,"2,142","1,651","2,633",10.7,8.2,13.2,708,496,920,13.3,9.3,17.3,484,317,651,12.4,8.1,16.7,"77,083","70,305","83,861",.,.,.,.,.,.
19,023,IA,Butler County,"1,224",955,"1,493",8.8,6.9,10.7,299,206,392,9.8,6.8,12.8,213,140,286,9.4,6.2,12.6,"77,322","70,983","83,661",.,.,.,.,.,.
19,025,IA,Calhoun County,"1,204",993,"1,415",13.3,11.0,15.6,290,203,377,13.9,9.8,18.0,207,136,278,12.8,8.4,17.2,"62,385","56,106","68,664",.,.,.,.,.,.
19,027,IA,Carroll County,"1,609","1,263","1,955",8.0,6.3,9.7,401,276,526,8.2,5.6,10.8,290,189,391,7.9,5.1,10.7,"81,338","74,861","87,815",.,.,.,.,.,.
19,029,IA,Cass County,"1,481","1,162","1,800",11.6,9.1,14.1,445,303,587,15.3,10.4,20.2,304,188,420,13.7,8.5,18.9,"63,671","58,062","69,280",.,.,.,.,.,.
19,031,IA,Cedar County,"1,419","1,142","1,696",7.9,6.4,9.4,317,234,400,8.6,6.4,10.8,228,161,295,8.1,5.7,10.5,"84,970","76,689","93,251",.,.,.,.,.,.
19,033,IA,Cerro Gordo County,"4,336","3,432","5,240",10.4,8.2,12.6,"1,110",747,"1,473",12.9,8.7,17.1,790,499,"1,081",12.2,7.7,16.7,"73,937","67,214","80,660",.,.,.,.,.,.
19,035,IA,Cherokee County,"1,179",935,"1,423",10.4,8.3,12.5,345,241,449,13.0,9.1,16.9,241,157,325,12.0,7.9,16.1,"82,715","74,485","90,945",.,.,.,.,.,.
19,037,IA,Chickasaw County,"1,060",820,"1,300",9.2,7.1,11.3,257,177,337,9.7,6.7,12.7,181,117,245,9.2,5.9,12.5,"82,840","74,358","91,322",.,.,.,.,.,.
19,039,IA,Clarke County,"1,020",788,"1,252",10.9,8.4,13.4,384,266,502,16.0,11.1,20.9,275,179,371,15.7,10.2,21.2,"68,642","60,620","76,664",.,.,.,.,.,.
19,041,IA,Clay County,"1,837","1,497","2,177",11.3,9.2,13.4,515,387,643,14.2,10.7,17.7,313,214,412,11.5,7.9,15.1,"61,530","54,948","68,112",.,.,.,.,.,.
19,043,IA,Clayton County,"1,616","1,259","1,973",9.7,7.6,11.8,421,295,547,11.8,8.3,15.3,293,194,392,11.0,7.3,14.7,"77,983","73,004","82,962",.,.,.,.,.,.
19,045,IA,Clinton County,"5,893","4,890","6,896",13.0,10.8,15.2,"1,777","1,305","2,249",17.2,12.6,21.8,"1,219",853,"1,585",15.8,11.0,20.6,"70,546","63,477","77,615",.,.,.,.,.,.
19,047,IA,Crawford County,"1,880","1,528","2,232",11.7,9.5,13.9,560,388,732,13.4,9.3,17.5,390,248,532,13.3,8.5,18.1,"70,773","63,817","77,729",.,.,.,.,.,.
19,049,IA,Dallas County,"5,990","4,959","7,021",5.2,4.3,6.1,"1,621","1,189","2,053",5.5,4.0,7.0,"1,160",817,"1,503",5.2,3.7,6.7,"99,683","93,564","105,802",.,.,.,.,.,.
19,051,IA,Davis County,945,703,"1,187",10.4,7.7,13.1,422,290,554,15.8,10.8,20.8,309,198,420,15.8,10.1,21.5,"70,676","62,758","78,594",.,.,.,.,.,.
19,053,IA,Decatur County,"1,272",999,"1,545",18.1,14.2,22.0,426,317,535,25.7,19.1,32.3,325,235,415,25.3,18.3,32.3,"56,186","50,125","62,247",.,.,.,.,.,.
19,055,IA,Delaware County,"1,472","1,129","1,815",8.5,6.5,10.5,376,255,497,9.5,6.4,12.6,263,163,363,9.1,5.7,12.5,"79,407","71,519","87,295",.,.,.,.,.,.
19,057,IA,Des Moines County,"5,291","4,309","6,273",14.0,11.4,16.6,"1,651","1,188","2,114",20.1,14.5,25.7,"1,259",898,"1,620",20.5,14.6,26.4,"65,796","59,313","72,279",.,.,.,.,.,.
19,059,IA,Dickinson County,"1,449","1,150","1,748",8.1,6.4,9.8,298,212,384,8.9,6.3,11.5,209,143,275,8.2,5.6,10.8,"86,022","77,646","94,398",.,.,.,.,.,.
19,061,IA,Dubuque County,"10,517","9,051","11,983",11.0,9.5,12.5,"2,749","2,176","3,322",12.7,10.1,15.3,"1,894","1,436","2,352",11.7,8.9,14.5,"80,355","76,266","84,444",.,.,.,.,.,.
19,063,IA,Emmet County,"1,038",831,"1,245",11.9,9.5,14.3,235,165,305,13.5,9.5,17.5,177,119,235,14.3,9.6,19.0,"64,393","57,024","71,762",.,.,.,.,.,.
19,065,IA,Fayette County,"2,362","1,874","2,850",12.9,10.2,15.6,627,442,812,15.8,11.1,20.5,465,316,614,15.9,10.8,21.0,"63,625","56,913","70,337",.,.,.,.,.,.
19,067,IA,Floyd County,"1,676","1,341","2,011",11.3,9.0,13.6,486,339,633,14.4,10.0,18.8,321,198,444,12.6,7.8,17.4,"71,848","64,362","79,334",.,.,.,.,.,.
19,069,IA,Franklin County,"1,103",857,"1,349",11.2,8.7,13.7,419,297,541,17.4,12.3,22.5,319,217,421,17.8,12.1,23.5,"71,711","63,378","80,044",.,.,.,.,.,.
19,071,IA,Fremont County,652,502,802,10.2,7.9,12.5,177,120,234,12.8,8.7,16.9,127,80,174,12.2,7.7,16.7,"70,478","63,003","77,953",.,.,.,.,.,.
19,073,IA,Greene County,966,755,"1,177",11.3,8.8,13.8,302,209,395,16.0,11.1,20.9,204,130,278,13.9,8.8,19.0,"69,469","62,663","76,275",.,.,.,.,.,.
19,075,IA,Grundy County,755,586,924,6.2,4.8,7.6,183,125,241,6.4,4.4,8.4,135,86,184,6.2,4.0,8.4,"84,203","75,333","93,073",.,.,.,.,.,.
19,077,IA,Guthrie County,939,721,"1,157",8.8,6.8,10.8,250,172,328,11.3,7.8,14.8,178,112,244,10.5,6.6,14.4,"75,047","68,329","81,765",.,.,.,.,.,.
19,079,IA,Hamilton County,"1,213",918,"1,508",8.3,6.3,10.3,375,248,502,10.9,7.2,14.6,253,148,358,10.0,5.9,14.1,"76,054","67,599","84,509",.,.,.,.,.,.
19,081,IA,Hancock County,982,784,"1,180",9.4,7.5,11.3,252,179,325,11.1,7.9,14.3,168,109,227,10.1,6.5,13.7,"67,667","61,323","74,011",.,.,.,.,.,.
19,083,IA,Hardin County,"1,972","1,616","2,328",12.5,10.2,14.8,458,344,572,15.7,11.8,19.6,320,229,411,14.6,10.5,18.7,"72,381","64,668","80,094",.,.,.,.,.,.
19,085,IA,Harrison County,"1,091",797,"1,385",7.6,5.6,9.6,374,254,494,11.3,7.7,14.9,263,166,360,10.6,6.7,14.5,"84,402","78,602","90,202",.,.,.,.,.,.
19,087,IA,Henry County,"2,311","1,845","2,777",12.9,10.3,15.5,631,450,812,15.9,11.3,20.5,464,318,610,15.6,10.7,20.5,"69,313","61,509","77,117",.,.,.,.,.,.
19,089,IA,Howard County,894,682,"1,106",9.7,7.4,12.0,291,200,382,12.8,8.8,16.8,210,135,285,12.3,7.9,16.7,"71,163","64,371","77,955",.,.,.,.,.,.
19,091,IA,Humboldt County,"1,071",872,"1,270",11.2,9.1,13.3,460,391,529,20.5,17.4,23.6,313,260,366,19.1,15.9,22.3,"75,434","66,532","84,336",.,.,.,.,.,.
19,093,IA,Ida County,703,548,858,10.6,8.3,12.9,219,155,283,13.4,9.5,17.3,159,106,212,12.8,8.5,17.1,"72,456","64,631","80,281",.,.,.,.,.,.
19,095,IA,Iowa County,"1,155",907,"1,403",7.1,5.6,8.6,292,209,375,7.7,5.5,9.9,199,132,266,7.0,4.6,9.4,"78,465","70,357","86,573",.,.,.,.,.,.
19,097,IA,Jackson County,"2,112","1,639","2,585",11.0,8.5,13.5,622,439,805,14.9,10.5,19.3,436,287,585,14.0,9.2,18.8,"71,135","63,808","78,462",.,.,.,.,.,.
19,099,IA,Jasper County,"3,367","2,673","4,061",9.3,7.4,11.2,846,587,"1,105",10.3,7.1,13.5,586,374,798,9.4,6.0,12.8,"74,790","67,524","82,056",.,.,.,.,.,.
19,101,IA,Jefferson County,"2,095","1,618","2,572",14.0,10.8,17.2,481,329,633,19.0,13.0,25.0,341,218,464,18.2,11.6,24.8,"63,788","56,775","70,801",.,.,.,.,.,.
19,103,IA,Johnson County,"26,600","24,520","28,680",17.7,16.3,19.1,"3,446","2,612","4,280",11.5,8.7,14.3,"2,302","1,636","2,968",10.5,7.5,13.5,"77,124","71,742","82,506",.,.,.,.,.,.
19,105,IA,Jones County,"2,362","1,953","2,771",12.0,9.9,14.1,496,360,632,12.0,8.7,15.3,362,254,470,11.6,8.1,15.1,"76,093","69,637","82,549",.,.,.,.,.,.
19,107,IA,Keokuk County,"1,120",884,"1,356",11.5,9.1,13.9,294,196,392,13.6,9.1,18.1,202,124,280,12.3,7.5,17.1,"56,316","51,425","61,207",.,.,.,.,.,.
19,109,IA,Kossuth County,"1,252",939,"1,565",8.9,6.7,11.1,330,222,438,10.6,7.1,14.1,236,149,323,10.3,6.5,14.1,"73,860","67,575","80,145",.,.,.,.,.,.
19,111,IA,Lee County,"4,268","3,464","5,072",13.7,11.1,16.3,"1,192",831,"1,553",17.6,12.3,22.9,885,598,"1,172",17.4,11.7,23.1,"63,479","56,660","70,298",.,.,.,.,.,.
19,113,IA,Linn County,"21,733","18,589","24,877",9.6,8.2,11.0,"6,005","4,590","7,420",11.9,9.1,14.7,"4,258","3,158","5,358",11.5,8.5,14.5,"75,639","72,428","78,850",.,.,.,.,.,.
19,115,IA,Louisa County,995,745,"1,245",9.5,7.1,11.9,290,196,384,13.1,8.9,17.3,208,131,285,12.6,7.9,17.3,"72,753","65,981","79,525",.,.,.,.,.,.
19,117,IA,Lucas County,"1,245",973,"1,517",14.3,11.2,17.4,466,319,613,22.5,15.4,29.6,335,212,458,21.8,13.8,29.8,"61,457","54,949","67,965",.,.,.,.,.,.
19,119,IA,Lyon County,895,694,"1,096",7.3,5.7,8.9,269,184,354,8.1,5.5,10.7,200,128,272,7.8,5.0,10.6,"85,185","75,772","94,598",.,.,.,.,.,.
19,121,IA,Madison County,"1,087",818,"1,356",6.4,4.8,8.0,266,175,357,6.4,4.2,8.6,191,116,266,6.1,3.7,8.5,"90,539","81,032","100,046",.,.,.,.,.,.
19,123,IA,Mahaska County,"2,462","1,989","2,935",11.6,9.4,13.8,634,468,800,12.7,9.4,16.0,450,316,584,11.9,8.3,15.5,"72,199","64,727","79,671",.,.,.,.,.,.
19,125,IA,Marion County,"3,195","2,658","3,732",9.8,8.2,11.4,736,551,921,9.6,7.2,12.0,499,344,654,8.5,5.9,11.1,"81,672","72,836","90,508",.,.,.,.,.,.
19,127,IA,Marshall County,"4,871","3,956","5,786",12.4,10.1,14.7,"1,591","1,151","2,031",15.9,11.5,20.3,"1,176",828,"1,524",15.5,10.9,20.1,"68,660","62,589","74,731",.,.,.,.,.,.
19,129,IA,Mills County,"1,439","1,184","1,694",9.8,8.1,11.5,363,267,459,11.1,8.2,14.0,239,162,316,9.4,6.4,12.4,"88,809","78,892","98,726",.,.,.,.,.,.
19,131,IA,Mitchell County,"1,082",846,"1,318",10.4,8.1,12.7,366,267,465,14.7,10.7,18.7,262,182,342,14.1,9.8,18.4,"84,344","76,285","92,403",.,.,.,.,.,.
19,133,IA,Monona County,913,703,"1,123",11.1,8.6,13.6,251,170,332,14.1,9.5,18.7,179,113,245,13.6,8.6,18.6,"68,168","61,144","75,192",.,.,.,.,.,.
19,135,IA,Monroe County,823,657,989,11.3,9.0,13.6,249,182,316,15.0,11.0,19.0,195,142,248,15.8,11.5,20.1,"69,366","61,460","77,272",.,.,.,.,.,.
19,137,IA,Montgomery County,"1,440","1,186","1,694",14.6,12.0,17.2,413,308,518,18.9,14.1,23.7,300,215,385,18.2,13.0,23.4,"63,117","55,765","70,469",.,.,.,.,.,.
19,139,IA,Muscatine County,"5,484","4,592","6,376",13.3,11.1,15.5,"1,716","1,341","2,091",17.9,14.0,21.8,"1,237",951,"1,523",17.1,13.2,21.0,"71,330","64,361","78,299",.,.,.,.,.,.
19,141,IA,O'Brien County,"1,298","1,016","1,580",9.3,7.3,11.3,389,275,503,11.3,8.0,14.6,271,178,364,10.7,7.0,14.4,"69,967","63,303","76,631",.,.,.,.,.,.
19,143,IA,Osceola County,657,535,779,11.1,9.1,13.1,182,131,233,14.1,10.2,18.0,131,87,175,13.4,8.9,17.9,"73,397","65,012","81,782",.,.,.,.,.,.
19,145,IA,Page County,"1,991","1,571","2,411",14.5,11.4,17.6,475,338,612,18.5,13.2,23.8,333,230,436,17.2,11.9,22.5,"64,193","57,015","71,371",.,.,.,.,.,.
19,147,IA,Palo Alto County,"1,001",796,"1,206",11.8,9.4,14.2,264,185,343,13.4,9.4,17.4,191,127,255,13.3,8.8,17.8,"67,377","59,840","74,914",.,.,.,.,.,.
19,149,IA,Plymouth County,"1,934","1,518","2,350",7.6,6.0,9.2,568,397,739,9.1,6.4,11.8,396,260,532,8.4,5.5,11.3,"88,903","82,016","95,790",.,.,.,.,.,.
19,151,IA,Pocahontas County,753,575,931,11.0,8.4,13.6,269,181,357,16.9,11.4,22.4,201,129,273,17.2,11.0,23.4,"67,268","60,099","74,437",.,.,.,.,.,.
19,153,IA,Polk County,"51,945","46,833","57,057",10.2,9.2,11.2,"16,182","13,835","18,529",13.3,11.4,15.2,"11,586","9,734","13,438",12.9,10.8,15.0,"82,960","79,451","86,469",.,.,.,.,.,.
19,155,IA,Pottawattamie County,"12,747","11,015","14,479",13.9,12.0,15.8,"3,589","2,885","4,293",17.5,14.1,20.9,"2,616","2,055","3,177",16.8,13.2,20.4,"73,799","68,818","78,780",.,.,.,.,.,.
19,157,IA,Poweshiek County,"1,984","1,609","2,359",11.8,9.6,14.0,440,329,551,12.5,9.3,15.7,261,162,360,9.8,6.1,13.5,"72,929","66,055","79,803",.,.,.,.,.,.
19,159,IA,Ringgold County,597,463,731,13.3,10.3,16.3,207,140,274,20.4,13.8,27.0,147,92,202,19.0,11.9,26.1,"62,608","55,664","69,552",.,.,.,.,.,.
19,161,IA,Sac County,"1,081",860,"1,302",11.5,9.1,13.9,316,226,406,14.9,10.7,19.1,227,157,297,14.3,9.9,18.7,"73,294","65,347","81,241",.,.,.,.,.,.
19,163,IA,Scott County,"20,217","17,152","23,282",11.7,9.9,13.5,"5,455","4,189","6,721",14.0,10.8,17.2,"3,722","2,692","4,752",12.7,9.2,16.2,"78,991","73,462","84,520",.,.,.,.,.,.
19,165,IA,Shelby County,949,730,"1,168",8.2,6.3,10.1,273,186,360,10.3,7.0,13.6,192,121,263,9.4,5.9,12.9,"78,108","69,383","86,833",.,.,.,.,.,.
19,167,IA,Sioux County,"2,481","1,931","3,031",7.3,5.7,8.9,688,485,891,7.1,5.0,9.2,459,296,622,6.4,4.1,8.7,"81,746","75,892","87,600",.,.,.,.,.,.
19,169,IA,Story County,"14,234","12,648","15,820",15.9,14.1,17.7,"1,652","1,295","2,009",10.2,8.0,12.4,"1,171",902,"1,440",9.8,7.6,12.0,"69,868","64,793","74,943",.,.,.,.,.,.
19,171,IA,Tama County,"1,904","1,536","2,272",11.6,9.4,13.8,569,404,734,14.9,10.6,19.2,409,279,539,14.1,9.6,18.6,"73,493","69,069","77,917",.,.,.,.,.,.
19,173,IA,Taylor County,715,552,878,12.4,9.6,15.2,193,134,252,14.7,10.2,19.2,140,92,188,14.1,9.2,19.0,"63,373","57,249","69,497",.,.,.,.,.,.
19,175,IA,Union County,"1,564","1,249","1,879",13.4,10.7,16.1,422,291,553,16.5,11.4,21.6,299,190,408,15.3,9.7,20.9,"63,997","59,293","68,701",.,.,.,.,.,.
19,177,IA,Van Buren County,"1,200",993,"1,407",16.8,13.9,19.7,345,239,451,20.3,14.0,26.6,251,164,338,20.5,13.4,27.6,"60,881","53,718","68,044",.,.,.,.,.,.
19,179,IA,Wapello County,"5,404","4,506","6,302",15.6,13.0,18.2,"1,728","1,329","2,127",21.4,16.5,26.3,"1,143",825,"1,461",19.6,14.2,25.0,"67,370","64,306","70,434",.,.,.,.,.,.
19,181,IA,Warren County,"3,595","2,948","4,242",6.6,5.4,7.8,801,559,"1,043",6.0,4.2,7.8,540,352,728,5.3,3.5,7.1,"101,640","92,699","110,581",.,.,.,.,.,.
19,183,IA,Washington County,"2,004","1,592","2,416",9.0,7.1,10.9,632,433,831,11.6,7.9,15.3,413,249,577,10.2,6.1,14.3,"77,916","72,894","82,938",.,.,.,.,.,.
19,185,IA,Wayne County,843,640,"1,046",12.9,9.8,16.0,349,234,464,20.7,13.9,27.5,264,166,362,21.6,13.6,29.6,"62,202","55,483","68,921",.,.,.,.,.,.
19,187,IA,Webster County,"4,454","3,577","5,331",13.1,10.5,15.7,"1,108",734,"1,482",14.3,9.5,19.1,784,478,"1,090",13.9,8.5,19.3,"66,298","59,146","73,450",.,.,.,.,.,.
19,189,IA,Winnebago County,"1,020",788,"1,252",10.4,8.0,12.8,293,201,385,13.4,9.2,17.6,206,129,283,12.0,7.5,16.5,"71,443","63,939","78,947",.,.,.,.,.,.
19,191,IA,Winneshiek County,"1,629","1,265","1,993",8.9,6.9,10.9,288,197,379,7.9,5.4,10.4,204,130,278,7.6,4.9,10.3,"79,996","72,636","87,356",.,.,.,.,.,.
19,193,IA,Woodbury County,"14,179","11,935","16,423",13.6,11.5,15.7,"4,730","3,636","5,824",17.6,13.5,21.7,"3,110","2,230","3,990",15.7,11.3,20.1,"76,974","72,906","81,042",.,.,.,.,.,.
19,195,IA,Worth County,721,564,878,10.0,7.8,12.2,189,135,243,12.4,8.8,16.0,139,95,183,12.3,8.4,16.2,"74,047","66,081","82,013",.,.,.,.,.,.
19,197,IA,Wright County,"1,351","1,063","1,639",10.8,8.5,13.1,505,353,657,15.6,10.9,20.3,376,241,511,15.7,10.1,21.3,"69,241","61,237","77,245",.,.,.,.,.,.
20,000,KS,Kansas,"313,926","302,418","325,434",10.9,10.5,11.3,"87,209","80,610","93,808",12.8,11.8,13.8,"59,937","53,941","65,933",11.8,10.6,13.0,"75,402","74,428","76,376","24,738","22,087","27,389",14.6,13.0,16.2
20,001,KS,Allen County,"1,746","1,308","2,184",14.6,10.9,18.3,536,348,724,19.8,12.9,26.7,364,217,511,18.4,11.0,25.8,"59,080","52,279","65,881",.,.,.,.,.,.
20,003,KS,Anderson County,945,709,"1,181",12.1,9.1,15.1,323,214,432,16.6,11.0,22.2,215,126,304,14.7,8.6,20.8,"66,145","58,780","73,510",.,.,.,.,.,.
20,005,KS,Atchison County,"2,020","1,561","2,479",13.9,10.7,17.1,521,354,688,15.2,10.3,20.1,360,224,496,14.1,8.8,19.4,"65,578","59,934","71,222",.,.,.,.,.,.
20,007,KS,Barber County,401,289,513,10.0,7.2,12.8,132,86,178,14.6,9.5,19.7,93,56,130,13.8,8.3,19.3,"70,766","64,324","77,208",.,.,.,.,.,.
20,009,KS,Barton County,"3,378","2,702","4,054",13.9,11.1,16.7,"1,036",721,"1,351",17.8,12.4,23.2,696,450,942,16.1,10.4,21.8,"62,215","55,680","68,750",.,.,.,.,.,.
20,011,KS,Bourbon County,"2,203","1,735","2,671",15.7,12.4,19.0,819,565,"1,073",22.5,15.5,29.5,517,297,737,19.0,10.9,27.1,"57,131","50,786","63,476",.,.,.,.,.,.
20,013,KS,Brown County,"1,184",923,"1,445",13.1,10.2,16.0,330,222,438,15.2,10.2,20.2,231,145,317,14.0,8.8,19.2,"62,180","55,260","69,100",.,.,.,.,.,.
20,015,KS,Butler County,"5,533","4,307","6,759",8.3,6.5,10.1,"1,433",942,"1,924",8.8,5.8,11.8,964,576,"1,352",7.6,4.5,10.7,"83,150","75,536","90,764",.,.,.,.,.,.
20,017,KS,Chase County,237,173,301,10.2,7.4,13.0,68,44,92,14.0,9.1,18.9,49,29,69,13.3,8.0,18.6,"67,466","59,848","75,084",.,.,.,.,.,.
20,019,KS,Chautauqua County,497,371,623,15.2,11.4,19.0,179,116,242,24.8,16.1,33.5,124,71,177,22.6,13.0,32.2,"54,122","47,862","60,382",.,.,.,.,.,.
20,021,KS,Cherokee County,"3,077","2,478","3,676",16.3,13.1,19.5,823,572,"1,074",19.5,13.6,25.4,553,349,757,17.1,10.8,23.4,"57,750","52,071","63,429",.,.,.,.,.,.
20,023,KS,Cheyenne County,303,230,376,11.6,8.8,14.4,113,74,152,17.9,11.7,24.1,81,48,114,17.7,10.6,24.8,"61,313","54,316","68,310",.,.,.,.,.,.
20,025,KS,Clark County,230,173,287,12.5,9.4,15.6,73,48,98,17.2,11.2,23.2,51,30,72,15.9,9.5,22.3,"64,297","56,788","71,806",.,.,.,.,.,.
20,027,KS,Clay County,787,603,971,10.2,7.8,12.6,212,140,284,11.9,7.8,16.0,148,89,207,10.9,6.5,15.3,"68,231","60,592","75,870",.,.,.,.,.,.
20,029,KS,Cloud County,"1,083",828,"1,338",13.2,10.1,16.3,336,221,451,16.6,10.9,22.3,230,140,320,15.5,9.4,21.6,"62,007","55,490","68,524",.,.,.,.,.,.
20,031,KS,Coffey County,848,673,"1,023",10.3,8.2,12.4,210,144,276,12.1,8.3,15.9,153,97,209,12.0,7.6,16.4,"72,961","65,154","80,768",.,.,.,.,.,.
20,033,KS,Comanche County,194,145,243,11.8,8.8,14.8,66,43,89,16.9,11.0,22.8,43,25,61,15.0,8.8,21.2,"58,128","53,760","62,496",.,.,.,.,.,.
20,035,KS,Cowley County,"4,239","3,274","5,204",13.2,10.2,16.2,"1,365",872,"1,858",17.4,11.1,23.7,944,556,"1,332",16.2,9.6,22.8,"60,819","55,809","65,829",.,.,.,.,.,.
20,037,KS,Crawford County,"6,380","5,265","7,495",17.1,14.1,20.1,"1,520","1,063","1,977",18.0,12.6,23.4,"1,010",644,"1,376",16.0,10.2,21.8,"55,652","50,271","61,033",.,.,.,.,.,.
20,039,KS,Decatur County,316,232,400,11.9,8.7,15.1,96,63,129,17.3,11.3,23.3,70,42,98,16.9,10.1,23.7,"57,793","51,061","64,525",.,.,.,.,.,.
20,041,KS,Dickinson County,"1,551","1,142","1,960",8.5,6.3,10.7,506,321,691,11.8,7.5,16.1,365,207,523,11.5,6.5,16.5,"68,772","61,544","76,000",.,.,.,.,.,.
20,043,KS,Doniphan County,763,561,965,10.6,7.8,13.4,188,122,254,12.1,7.9,16.3,131,78,184,11.3,6.8,15.8,"70,442","63,503","77,381",.,.,.,.,.,.
20,045,KS,Douglas County,"16,251","14,078","18,424",14.3,12.4,16.2,"2,075","1,463","2,687",10.2,7.2,13.2,"1,463",981,"1,945",9.5,6.4,12.6,"73,332","68,490","78,174",.,.,.,.,.,.
20,047,KS,Edwards County,319,245,393,11.8,9.1,14.5,110,75,145,17.9,12.2,23.6,76,47,105,16.4,10.1,22.7,"63,811","56,583","71,039",.,.,.,.,.,.
20,049,KS,Elk County,360,269,451,14.8,11.0,18.6,114,74,154,21.6,14.0,29.2,85,50,120,20.6,12.1,29.1,"54,218","48,289","60,147",.,.,.,.,.,.
20,051,KS,Ellis County,"3,409","2,758","4,060",12.5,10.1,14.9,552,379,725,9.8,6.7,12.9,384,243,525,9.1,5.8,12.4,"67,113","60,000","74,226",.,.,.,.,.,.
20,053,KS,Ellsworth County,674,532,816,13.1,10.3,15.9,142,99,185,12.9,9.0,16.8,100,65,135,12.2,7.9,16.5,"68,053","60,360","75,746",.,.,.,.,.,.
20,055,KS,Finney County,"4,424","3,347","5,501",11.7,8.8,14.6,"1,746","1,139","2,353",15.6,10.2,21.0,"1,162",688,"1,636",13.8,8.2,19.4,"70,195","62,767","77,623",.,.,.,.,.,.
20,057,KS,Ford County,"4,937","4,140","5,734",14.8,12.4,17.2,"1,709","1,311","2,107",17.1,13.1,21.1,"1,306",997,"1,615",18.1,13.8,22.4,"69,650","62,142","77,158",.,.,.,.,.,.
20,059,KS,Franklin County,"2,287","1,750","2,824",8.9,6.8,11.0,598,363,833,10.4,6.3,14.5,489,294,684,11.4,6.8,16.0,"72,458","65,425","79,491",.,.,.,.,.,.
20,061,KS,Geary County,"4,252","3,487","5,017",12.4,10.2,14.6,"1,851","1,389","2,313",16.6,12.5,20.7,"1,230",865,"1,595",16.7,11.7,21.7,"62,304","58,366","66,242",.,.,.,.,.,.
20,063,KS,Gove County,270,205,335,10.3,7.8,12.8,106,69,143,15.9,10.4,21.4,76,45,107,15.4,9.2,21.6,"73,836","65,840","81,832",.,.,.,.,.,.
20,065,KS,Graham County,319,254,384,13.7,10.9,16.5,62,43,81,13.4,9.4,17.4,44,29,59,12.8,8.5,17.1,"59,788","52,693","66,883",.,.,.,.,.,.
20,067,KS,Grant County,870,675,"1,065",12.4,9.6,15.2,375,259,491,17.6,12.2,23.0,262,165,359,15.9,10.0,21.8,"71,998","63,493","80,503",.,.,.,.,.,.
20,069,KS,Gray County,447,336,558,7.9,5.9,9.9,154,98,210,9.5,6.1,12.9,102,59,145,8.4,4.9,11.9,"78,176","70,283","86,069",.,.,.,.,.,.
20,071,KS,Greeley County,111,82,140,9.9,7.4,12.4,37,24,50,12.2,7.9,16.5,27,16,38,11.2,6.6,15.8,"75,267","66,335","84,199",.,.,.,.,.,.
20,073,KS,Greenwood County,842,645,"1,039",14.5,11.1,17.9,241,160,322,19.8,13.1,26.5,157,91,223,17.2,10.0,24.4,"55,780","50,068","61,492",.,.,.,.,.,.
20,075,KS,Hamilton County,321,242,400,12.9,9.7,16.1,124,80,168,16.9,10.9,22.9,87,51,123,16.8,9.9,23.7,"71,225","62,779","79,671",.,.,.,.,.,.
20,077,KS,Harper County,727,559,895,13.6,10.5,16.7,250,163,337,18.3,12.0,24.6,173,102,244,17.0,10.0,24.0,"56,765","51,497","62,033",.,.,.,.,.,.
20,079,KS,Harvey County,"2,759","2,158","3,360",8.5,6.7,10.3,747,483,"1,011",9.8,6.3,13.3,518,307,729,9.0,5.3,12.7,"77,273","70,768","83,778",.,.,.,.,.,.
20,081,KS,Haskell County,357,267,447,10.1,7.5,12.7,136,88,184,14.4,9.3,19.5,97,57,137,14.3,8.5,20.1,"75,979","67,003","84,955",.,.,.,.,.,.
20,083,KS,Hodgeman County,159,119,199,9.6,7.2,12.0,37,25,49,9.4,6.3,12.5,26,16,36,9.2,5.7,12.7,"72,127","63,721","80,533",.,.,.,.,.,.
20,085,KS,Jackson County,"1,120",832,"1,408",8.4,6.2,10.6,369,230,508,11.1,6.9,15.3,254,142,366,10.6,5.9,15.3,"72,722","65,425","80,019",.,.,.,.,.,.
20,087,KS,Jefferson County,"1,285",942,"1,628",7.1,5.2,9.0,325,210,440,8.4,5.4,11.4,224,134,314,7.7,4.6,10.8,"89,065","82,829","95,301",.,.,.,.,.,.
20,089,KS,Jewell County,353,260,446,12.3,9.1,15.5,124,80,168,20.5,13.2,27.8,89,52,126,19.2,11.2,27.2,"58,818","51,999","65,637",.,.,.,.,.,.
20,091,KS,Johnson County,"37,366","32,653","42,079",6.0,5.2,6.8,"8,290","6,579","10,001",5.8,4.6,7.0,"6,020","4,715","7,325",5.6,4.4,6.8,"109,357","105,322","113,392",.,.,.,.,.,.
20,093,KS,Kearny County,397,299,495,10.6,8.0,13.2,154,100,208,13.8,9.0,18.6,104,60,148,12.6,7.3,17.9,"80,863","71,663","90,063",.,.,.,.,.,.
20,095,KS,Kingman County,723,543,903,10.6,8.0,13.2,228,148,308,14.2,9.2,19.2,160,94,226,13.1,7.7,18.5,"67,768","61,544","73,992",.,.,.,.,.,.
20,097,KS,Kiowa County,272,202,342,12.0,8.9,15.1,75,49,101,12.8,8.4,17.2,51,30,72,12.4,7.3,17.5,"63,239","56,051","70,427",.,.,.,.,.,.
20,099,KS,Labette County,"2,926","2,319","3,533",15.1,12.0,18.2,957,633,"1,281",20.9,13.8,28.0,640,370,910,18.9,10.9,26.9,"55,633","49,461","61,805",.,.,.,.,.,.
20,101,KS,Lane County,147,109,185,10.1,7.5,12.7,50,33,67,14.1,9.2,19.0,34,20,48,12.8,7.6,18.0,"72,004","63,352","80,656",.,.,.,.,.,.
20,103,KS,Leavenworth County,"7,202","6,046","8,358",9.2,7.7,10.7,"1,823","1,337","2,309",9.3,6.8,11.8,"1,123",700,"1,546",7.6,4.7,10.5,"91,056","82,680","99,432",.,.,.,.,.,.
20,105,KS,Lincoln County,334,253,415,11.6,8.8,14.4,89,60,118,14.1,9.4,18.8,61,37,85,13.5,8.3,18.7,"63,154","57,023","69,285",.,.,.,.,.,.
20,107,KS,Linn County,"1,045",766,"1,324",10.7,7.9,13.5,315,204,426,15.0,9.7,20.3,222,131,313,13.9,8.2,19.6,"67,904","60,612","75,196",.,.,.,.,.,.
20,109,KS,Logan County,269,205,333,10.1,7.7,12.5,94,62,126,13.8,9.2,18.4,68,42,94,13.8,8.5,19.1,"64,774","57,086","72,462",.,.,.,.,.,.
20,111,KS,Lyon County,"4,209","3,478","4,940",13.5,11.2,15.8,942,629,"1,255",13.3,8.9,17.7,616,375,857,11.5,7.0,16.0,"58,892","54,757","63,027",.,.,.,.,.,.
20,113,KS,McPherson County,"2,352","1,779","2,925",8.3,6.3,10.3,545,350,740,8.4,5.4,11.4,357,205,509,7.3,4.2,10.4,"78,212","71,728","84,696",.,.,.,.,.,.
20,115,KS,Marion County,"1,029",765,"1,293",9.3,6.9,11.7,265,170,360,11.1,7.1,15.1,181,103,259,10.0,5.7,14.3,"69,222","63,169","75,275",.,.,.,.,.,.
20,117,KS,Marshall County,"1,146",929,"1,363",11.7,9.5,13.9,275,196,354,11.7,8.4,15.0,207,142,272,11.5,7.9,15.1,"64,743","58,074","71,412",.,.,.,.,.,.
20,119,KS,Meade County,406,311,501,10.6,8.1,13.1,140,94,186,13.9,9.4,18.4,97,61,133,12.6,7.9,17.3,"75,285","67,086","83,484",.,.,.,.,.,.
20,121,KS,Miami County,"2,521","1,961","3,081",7.2,5.6,8.8,571,380,762,7.2,4.8,9.6,373,216,530,6.1,3.5,8.7,"92,421","85,995","98,847",.,.,.,.,.,.
20,123,KS,Mitchell County,547,404,690,9.6,7.1,12.1,188,123,253,13.8,9.0,18.6,136,81,191,13.8,8.3,19.3,"68,954","60,914","76,994",.,.,.,.,.,.
20,125,KS,Montgomery County,"4,331","3,344","5,318",14.6,11.3,17.9,"1,435",984,"1,886",21.0,14.4,27.6,951,588,"1,314",18.3,11.3,25.3,"57,413","52,472","62,354",.,.,.,.,.,.
20,127,KS,Morris County,544,408,680,10.5,7.9,13.1,158,103,213,15.2,9.9,20.5,115,68,162,14.3,8.5,20.1,"66,251","59,003","73,499",.,.,.,.,.,.
20,129,KS,Morton County,296,223,369,12.2,9.2,15.2,101,65,137,17.7,11.4,24.0,69,40,98,16.1,9.4,22.8,"68,340","60,554","76,126",.,.,.,.,.,.
20,131,KS,Nemaha County,842,654,"1,030",8.6,6.7,10.5,217,147,287,8.3,5.6,11.0,153,94,212,7.7,4.7,10.7,"77,752","70,752","84,752",.,.,.,.,.,.
20,133,KS,Neosho County,"2,004","1,501","2,507",13.3,10.0,16.6,698,458,938,19.1,12.5,25.7,487,295,679,17.9,10.8,25.0,"61,538","54,910","68,166",.,.,.,.,.,.
20,135,KS,Ness County,285,221,349,11.3,8.8,13.8,81,54,108,14.2,9.5,18.9,54,32,76,12.9,7.5,18.3,"69,131","61,301","76,961",.,.,.,.,.,.
20,137,KS,Norton County,552,397,707,12.6,9.1,16.1,147,94,200,14.7,9.4,20.0,110,66,154,15.3,9.1,21.5,"61,962","54,841","69,083",.,.,.,.,.,.
20,139,KS,Osage County,"1,659","1,289","2,029",10.7,8.3,13.1,452,314,590,13.1,9.1,17.1,332,220,444,12.4,8.2,16.6,"73,436","67,437","79,435",.,.,.,.,.,.
20,141,KS,Osborne County,367,270,464,11.3,8.3,14.3,104,67,141,13.9,8.9,18.9,76,45,107,14.0,8.4,19.6,"60,993","55,521","66,465",.,.,.,.,.,.
20,143,KS,Ottawa County,508,373,643,8.9,6.5,11.3,139,91,187,10.3,6.7,13.9,97,58,136,9.3,5.5,13.1,"67,597","60,586","74,608",.,.,.,.,.,.
20,145,KS,Pawnee County,713,536,890,13.6,10.2,17.0,120,78,162,12.6,8.2,17.0,79,47,111,11.5,6.8,16.2,"69,238","65,159","73,317",.,.,.,.,.,.
20,147,KS,Phillips County,546,426,666,11.7,9.1,14.3,156,105,207,15.3,10.3,20.3,113,70,156,14.5,9.0,20.0,"65,906","59,148","72,664",.,.,.,.,.,.
20,149,KS,Pottawatomie County,"1,795","1,347","2,243",6.8,5.1,8.5,542,353,731,7.2,4.7,9.7,368,215,521,6.6,3.9,9.3,"97,918","89,659","106,177",.,.,.,.,.,.
20,151,KS,Pratt County,"1,141",931,"1,351",13.2,10.8,15.6,317,218,416,14.7,10.1,19.3,224,146,302,14.1,9.2,19.0,"66,650","59,829","73,471",.,.,.,.,.,.
20,153,KS,Rawlins County,258,188,328,10.8,7.9,13.7,84,54,114,14.9,9.6,20.2,62,37,87,15.5,9.2,21.8,"63,247","55,876","70,618",.,.,.,.,.,.
20,155,KS,Reno County,"6,982","5,610","8,354",11.9,9.6,14.2,"1,723","1,165","2,281",13.3,9.0,17.6,"1,103",649,"1,557",11.3,6.6,16.0,"61,984","56,621","67,347",.,.,.,.,.,.
20,157,KS,Republic County,486,366,606,10.7,8.1,13.3,150,97,203,14.4,9.3,19.5,108,63,153,13.4,7.8,19.0,"61,551","55,186","67,916",.,.,.,.,.,.
20,159,KS,Rice County,968,724,"1,212",11.0,8.2,13.8,306,195,417,14.0,8.9,19.1,204,118,290,12.7,7.4,18.0,"64,028","57,628","70,428",.,.,.,.,.,.
20,161,KS,Riley County,"11,162","9,523","12,801",18.1,15.4,20.8,"1,398",928,"1,868",12.2,8.1,16.3,931,564,"1,298",11.4,6.9,15.9,"64,086","58,382","69,790",.,.,.,.,.,.
20,163,KS,Rooks County,514,386,642,11.3,8.5,14.1,119,77,161,11.7,7.6,15.8,86,51,121,11.2,6.6,15.8,"61,484","54,577","68,391",.,.,.,.,.,.
20,165,KS,Rush County,329,244,414,12.0,8.9,15.1,106,69,143,19.0,12.4,25.6,79,48,110,18.8,11.4,26.2,"63,851","57,259","70,443",.,.,.,.,.,.
20,167,KS,Russell County,827,621,"1,033",12.7,9.5,15.9,255,168,342,18.2,12.0,24.4,178,107,249,16.5,9.9,23.1,"63,325","56,906","69,744",.,.,.,.,.,.
20,169,KS,Saline County,"5,267","4,155","6,379",10.2,8.1,12.3,"1,378",886,"1,870",11.8,7.6,16.0,959,562,"1,356",11.2,6.5,15.9,"69,558","63,410","75,706",.,.,.,.,.,.
20,171,KS,Scott County,344,255,433,7.1,5.3,8.9,103,67,139,8.2,5.4,11.0,75,45,105,8.2,4.9,11.5,"76,974","68,038","85,910",.,.,.,.,.,.
20,173,KS,Sedgwick County,"66,138","60,011","72,265",12.5,11.3,13.7,"19,870","16,395","23,345",15.5,12.8,18.2,"13,450","10,540","16,360",14.1,11.0,17.2,"71,044","69,209","72,879",.,.,.,.,.,.
20,175,KS,Seward County,"2,729","2,067","3,391",13.1,9.9,16.3,"1,099",739,"1,459",16.7,11.2,22.2,708,427,989,14.9,9.0,20.8,"69,448","62,281","76,615",.,.,.,.,.,.
20,177,KS,Shawnee County,"20,903","17,787","24,019",12.0,10.2,13.8,"6,436","5,052","7,820",16.4,12.9,19.9,"4,412","3,290","5,534",14.9,11.1,18.7,"71,876","67,262","76,490",.,.,.,.,.,.
20,179,KS,Sheridan County,225,165,285,9.5,7.0,12.0,67,43,91,12.0,7.8,16.2,46,27,65,10.7,6.2,15.2,"70,812","62,805","78,819",.,.,.,.,.,.
20,181,KS,Sherman County,690,513,867,12.4,9.2,15.6,211,137,285,15.9,10.3,21.5,146,87,205,14.6,8.7,20.5,"62,139","55,568","68,710",.,.,.,.,.,.
20,183,KS,Smith County,365,272,458,10.5,7.8,13.2,86,55,117,12.1,7.7,16.5,65,39,91,12.0,7.1,16.9,"62,292","55,187","69,397",.,.,.,.,.,.
20,185,KS,Stafford County,441,328,554,11.6,8.6,14.6,145,94,196,16.2,10.5,21.9,100,59,141,14.5,8.6,20.4,"61,487","54,401","68,573",.,.,.,.,.,.
20,187,KS,Stanton County,227,169,285,11.1,8.3,13.9,80,52,108,13.9,9.0,18.8,54,32,76,13.3,7.9,18.7,"78,809","69,273","88,345",.,.,.,.,.,.
20,189,KS,Stevens County,439,321,557,8.9,6.5,11.3,182,119,245,12.9,8.4,17.4,125,74,176,11.4,6.8,16.0,"73,962","65,095","82,829",.,.,.,.,.,.
20,191,KS,Sumner County,"2,358","1,815","2,901",10.7,8.2,13.2,722,476,968,13.7,9.0,18.4,506,312,700,12.6,7.8,17.4,"73,082","67,114","79,050",.,.,.,.,.,.
20,193,KS,Thomas County,719,543,895,9.7,7.3,12.1,155,102,208,8.4,5.5,11.3,102,62,142,7.6,4.6,10.6,"69,212","61,270","77,154",.,.,.,.,.,.
20,195,KS,Trego County,283,209,357,10.4,7.7,13.1,62,41,83,12.0,7.8,16.2,45,27,63,11.8,7.0,16.6,"65,283","57,998","72,568",.,.,.,.,.,.
20,197,KS,Wabaunsee County,579,441,717,8.4,6.4,10.4,152,104,200,9.6,6.6,12.6,99,59,139,8.3,5.0,11.6,"86,097","78,755","93,439",.,.,.,.,.,.
20,199,KS,Wallace County,177,131,223,12.2,9.0,15.4,75,48,102,18.6,12.0,25.2,53,31,75,18.2,10.7,25.7,"68,507","61,310","75,704",.,.,.,.,.,.
20,201,KS,Washington County,606,475,737,11.1,8.7,13.5,171,117,225,12.7,8.7,16.7,127,83,171,12.9,8.5,17.3,"65,963","59,804","72,122",.,.,.,.,.,.
20,203,KS,Wichita County,222,169,275,10.9,8.3,13.5,62,40,84,10.2,6.5,13.9,41,24,58,9.3,5.4,13.2,"67,318","59,222","75,414",.,.,.,.,.,.
20,205,KS,Wilson County,"1,057",799,"1,315",12.8,9.7,15.9,303,194,412,15.5,9.9,21.1,217,128,306,14.6,8.6,20.6,"58,848","53,070","64,626",.,.,.,.,.,.
20,207,KS,Woodson County,395,295,495,12.9,9.6,16.2,130,85,175,20.9,13.7,28.1,92,55,129,19.3,11.5,27.1,"58,280","52,289","64,271",.,.,.,.,.,.
20,209,KS,Wyandotte County,"24,994","20,697","29,291",15.0,12.4,17.6,"9,046","6,617","11,475",20.2,14.8,25.6,"6,263","4,339","8,187",19.0,13.1,24.9,"64,054","60,369","67,739",.,.,.,.,.,.
21,000,KY,Kentucky,"688,530","671,845","705,215",15.4,15.0,15.8,"189,906","180,635","199,177",18.9,18.0,19.8,"132,841","124,714","140,968",18.0,16.9,19.1,"64,481","63,351","65,611","52,461","48,384","56,538",20.3,18.7,21.9
21,001,KY,Adair County,"3,862","2,978","4,746",21.2,16.3,26.1,"1,069",729,"1,409",28.6,19.5,37.7,728,451,"1,005",26.2,16.2,36.2,"50,581","44,678","56,484",.,.,.,.,.,.
21,003,KY,Allen County,"3,123","2,366","3,880",14.3,10.8,17.8,958,621,"1,295",19.5,12.6,26.4,667,398,936,18.6,11.1,26.1,"64,655","60,585","68,725",.,.,.,.,.,.
21,005,KY,Anderson County,"2,347","1,855","2,839",9.5,7.5,11.5,695,477,913,12.5,8.6,16.4,473,293,653,11.2,6.9,15.5,"76,395","68,817","83,973",.,.,.,.,.,.
21,007,KY,Ballard County,"1,192",974,"1,410",15.9,13.0,18.8,346,263,429,23.0,17.5,28.5,242,174,310,21.2,15.2,27.2,"61,431","54,120","68,742",.,.,.,.,.,.
21,009,KY,Barren County,"7,040","5,596","8,484",15.7,12.5,18.9,"2,354","1,669","3,039",22.1,15.7,28.5,"1,716","1,160","2,272",22.3,15.1,29.5,"58,256","52,749","63,763",.,.,.,.,.,.
21,011,KY,Bath County,"2,886","2,357","3,415",22.6,18.5,26.7,"1,145",859,"1,431",35.7,26.8,44.6,787,544,"1,030",33.6,23.2,44.0,"53,078","47,038","59,118",.,.,.,.,.,.
21,013,KY,Bell County,"7,116","5,796","8,436",31.8,25.9,37.7,"2,021","1,439","2,603",40.6,28.9,52.3,"1,354",864,"1,844",37.6,24.0,51.2,"39,209","34,562","43,856",.,.,.,.,.,.
21,015,KY,Boone County,"10,729","8,865","12,593",7.5,6.2,8.8,"3,100","2,208","3,992",8.8,6.3,11.3,"2,176","1,462","2,890",8.2,5.5,10.9,"103,122","96,881","109,363",.,.,.,.,.,.
21,017,KY,Bourbon County,"2,810","2,162","3,458",13.9,10.7,17.1,880,595,"1,165",19.5,13.2,25.8,620,392,848,18.1,11.4,24.8,"66,264","59,374","73,154",.,.,.,.,.,.
21,019,KY,Boyd County,"8,188","6,733","9,643",18.0,14.8,21.2,"2,192","1,598","2,786",22.8,16.6,29.0,"1,479",994,"1,964",20.5,13.8,27.2,"61,094","57,337","64,851",.,.,.,.,.,.
21,021,KY,Boyle County,"4,207","3,473","4,941",14.8,12.2,17.4,"1,002",716,"1,288",16.0,11.4,20.6,709,450,968,14.9,9.4,20.4,"63,052","56,701","69,403",.,.,.,.,.,.
21,023,KY,Bracken County,"1,161",916,"1,406",13.8,10.9,16.7,383,281,485,20.2,14.8,25.6,289,205,373,19.8,14.0,25.6,"66,635","59,409","73,861",.,.,.,.,.,.
21,025,KY,Breathitt County,"4,453","3,770","5,136",35.5,30.1,40.9,981,708,"1,254",37.6,27.2,48.0,758,543,973,39.9,28.6,51.2,"41,866","36,864","46,868",.,.,.,.,.,.
21,027,KY,Breckinridge County,"3,811","3,156","4,466",18.3,15.2,21.4,"1,133",837,"1,429",24.2,17.9,30.5,713,445,981,21.0,13.1,28.9,"58,822","52,019","65,625",.,.,.,.,.,.
21,029,KY,Bullitt County,"7,242","5,727","8,757",8.5,6.7,10.3,"1,858","1,335","2,381",10.7,7.7,13.7,"1,341",912,"1,770",10.2,6.9,13.5,"85,779","79,621","91,937",.,.,.,.,.,.
21,031,KY,Butler County,"2,141","1,694","2,588",17.4,13.8,21.0,636,452,820,22.3,15.8,28.8,446,293,599,21.4,14.0,28.8,"60,561","54,428","66,694",.,.,.,.,.,.
21,033,KY,Caldwell County,"1,975","1,537","2,413",16.0,12.4,19.6,627,422,832,22.3,15.0,29.6,409,243,575,20.2,12.0,28.4,"51,984","46,185","57,783",.,.,.,.,.,.
21,035,KY,Calloway County,"5,596","4,411","6,781",15.9,12.5,19.3,"1,136",736,"1,536",16.3,10.6,22.0,836,506,"1,166",15.9,9.6,22.2,"56,410","50,893","61,927",.,.,.,.,.,.
21,037,KY,Campbell County,"10,330","8,689","11,971",11.3,9.5,13.1,"2,261","1,661","2,861",12.2,9.0,15.4,"1,429",947,"1,911",10.5,7.0,14.0,"76,744","71,141","82,347",.,.,.,.,.,.
21,039,KY,Carlisle County,654,507,801,13.9,10.8,17.0,212,147,277,19.2,13.3,25.1,143,91,195,17.7,11.3,24.1,"61,317","54,070","68,564",.,.,.,.,.,.
21,041,KY,Carroll County,"1,873","1,517","2,229",17.3,14.0,20.6,671,485,857,23.2,16.8,29.6,477,327,627,22.9,15.7,30.1,"65,791","57,995","73,587",.,.,.,.,.,.
21,043,KY,Carter County,"4,820","3,792","5,848",18.9,14.9,22.9,"1,377",945,"1,809",24.4,16.7,32.1,947,598,"1,296",22.2,14.0,30.4,"53,796","47,929","59,663",.,.,.,.,.,.
21,045,KY,Casey County,"2,920","2,231","3,609",18.8,14.4,23.2,894,568,"1,220",25.0,15.9,34.1,631,362,900,23.9,13.7,34.1,"48,938","44,081","53,795",.,.,.,.,.,.
21,047,KY,Christian County,"11,517","9,434","13,600",17.3,14.2,20.4,"4,473","3,166","5,780",22.3,15.8,28.8,"3,181","2,154","4,208",23.3,15.8,30.8,"56,457","52,046","60,868",.,.,.,.,.,.
21,049,KY,Clark County,"5,230","4,280","6,180",14.1,11.5,16.7,"1,409",954,"1,864",17.2,11.7,22.7,928,555,"1,301",15.2,9.1,21.3,"63,815","58,423","69,207",.,.,.,.,.,.
21,051,KY,Clay County,"6,023","4,866","7,180",33.6,27.2,40.0,"1,605","1,138","2,072",40.6,28.8,52.4,"1,082",697,"1,467",37.0,23.8,50.2,"39,016","34,495","43,537",.,.,.,.,.,.
21,053,KY,Clinton County,"1,934","1,487","2,381",21.4,16.5,26.3,565,376,754,30.4,20.2,40.6,380,225,535,28.8,17.0,40.6,"42,798","38,701","46,895",.,.,.,.,.,.
21,055,KY,Crittenden County,"1,525","1,162","1,888",17.5,13.3,21.7,497,336,658,25.5,17.2,33.8,346,214,478,23.7,14.6,32.8,"57,359","50,827","63,891",.,.,.,.,.,.
21,057,KY,Cumberland County,"1,179",896,"1,462",19.8,15.0,24.6,392,260,524,29.1,19.3,38.9,283,174,392,29.0,17.8,40.2,"47,274","41,623","52,925",.,.,.,.,.,.
21,059,KY,Daviess County,"14,446","12,199","16,693",14.2,12.0,16.4,"3,833","2,777","4,889",15.6,11.3,19.9,"2,751","1,921","3,581",15.2,10.6,19.8,"68,015","63,123","72,907",.,.,.,.,.,.
21,061,KY,Edmonson County,"1,864","1,446","2,282",14.9,11.6,18.2,392,263,521,18.1,12.1,24.1,278,168,388,17.7,10.7,24.7,"57,647","52,191","63,103",.,.,.,.,.,.
21,063,KY,Elliott County,"1,726","1,362","2,090",28.3,22.3,34.3,330,231,429,28.5,19.9,37.1,244,163,325,27.1,18.1,36.1,"46,905","41,675","52,135",.,.,.,.,.,.
21,065,KY,Estill County,"2,910","2,276","3,544",21.0,16.4,25.6,679,438,920,23.8,15.4,32.2,474,281,667,21.6,12.8,30.4,"48,992","43,322","54,662",.,.,.,.,.,.
21,067,KY,Fayette County,"40,392","35,039","45,745",12.7,11.0,14.4,"9,137","6,643","11,631",13.7,10.0,17.4,"5,877","3,798","7,956",12.1,7.8,16.4,"71,046","66,911","75,181",.,.,.,.,.,.
21,069,KY,Fleming County,"2,553","1,958","3,148",16.5,12.6,20.4,856,571,"1,141",22.9,15.3,30.5,610,375,845,22.5,13.8,31.2,"56,093","49,569","62,617",.,.,.,.,.,.
21,071,KY,Floyd County,"9,319","7,815","10,823",27.7,23.2,32.2,"2,518","1,861","3,175",33.6,24.8,42.4,"1,856","1,347","2,365",33.1,24.0,42.2,"44,735","39,861","49,609",.,.,.,.,.,.
21,073,KY,Franklin County,"6,248","5,113","7,383",12.3,10.1,14.5,"1,465",948,"1,982",13.8,8.9,18.7,"1,033",612,"1,454",13.0,7.7,18.3,"63,103","58,966","67,240",.,.,.,.,.,.
21,075,KY,Fulton County,"1,364","1,004","1,724",23.9,17.6,30.2,473,308,638,34.6,22.5,46.7,345,208,482,33.9,20.4,47.4,"44,503","39,767","49,239",.,.,.,.,.,.
21,077,KY,Gallatin County,"1,091",837,"1,345",12.6,9.7,15.5,340,226,454,17.3,11.5,23.1,240,148,332,16.7,10.3,23.1,"67,617","59,892","75,342",.,.,.,.,.,.
21,079,KY,Garrard County,"2,555","2,039","3,071",14.3,11.4,17.2,714,478,950,18.5,12.4,24.6,516,318,714,17.9,11.0,24.8,"64,539","57,680","71,398",.,.,.,.,.,.
21,081,KY,Grant County,"3,395","2,777","4,013",13.5,11.1,15.9,"1,163",817,"1,509",17.9,12.6,23.2,820,541,"1,099",17.3,11.4,23.2,"67,881","61,652","74,110",.,.,.,.,.,.
21,083,KY,Graves County,"6,018","4,732","7,304",16.6,13.1,20.1,"2,092","1,525","2,659",24.3,17.7,30.9,"1,491","1,047","1,935",23.6,16.6,30.6,"56,968","51,020","62,916",.,.,.,.,.,.
21,085,KY,Grayson County,"5,873","5,076","6,670",22.4,19.4,25.4,"1,852","1,501","2,203",29.9,24.2,35.6,"1,292","1,007","1,577",29.5,23.0,36.0,"53,988","47,708","60,268",.,.,.,.,.,.
21,087,KY,Green County,"2,042","1,577","2,507",17.9,13.8,22.0,566,389,743,24.1,16.6,31.6,402,256,548,23.2,14.8,31.6,"52,542","46,518","58,566",.,.,.,.,.,.
21,089,KY,Greenup County,"5,781","4,775","6,787",16.7,13.8,19.6,"1,411","1,044","1,778",19.8,14.7,24.9,"1,015",715,"1,315",18.5,13.0,24.0,"61,352","55,644","67,060",.,.,.,.,.,.
21,091,KY,Hancock County,"1,114",859,"1,369",12.5,9.6,15.4,324,220,428,15.9,10.8,21.0,227,143,311,14.4,9.1,19.7,"76,970","69,087","84,853",.,.,.,.,.,.
21,093,KY,Hardin County,"13,965","11,685","16,245",12.7,10.6,14.8,"3,943","2,816","5,070",14.7,10.5,18.9,"2,609","1,696","3,522",12.9,8.4,17.4,"70,505","65,023","75,987",.,.,.,.,.,.
21,095,KY,Harlan County,"7,237","5,972","8,502",29.4,24.3,34.5,"2,258","1,704","2,812",38.2,28.8,47.6,"1,568","1,107","2,029",35.2,24.9,45.5,"41,808","37,509","46,107",.,.,.,.,.,.
21,097,KY,Harrison County,"2,964","2,457","3,471",15.5,12.9,18.1,929,725,"1,133",21.2,16.6,25.8,614,443,785,19.5,14.1,24.9,"67,409","59,816","75,002",.,.,.,.,.,.
21,099,KY,Hart County,"3,535","2,832","4,238",18.0,14.4,21.6,"1,050",730,"1,370",22.5,15.7,29.3,779,513,"1,045",22.9,15.1,30.7,"55,611","49,280","61,942",.,.,.,.,.,.
21,101,KY,Henderson County,"6,780","5,660","7,900",15.7,13.1,18.3,"2,088","1,599","2,577",21.7,16.6,26.8,"1,473","1,059","1,887",20.6,14.8,26.4,"62,182","55,721","68,643",.,.,.,.,.,.
21,103,KY,Henry County,"2,421","1,986","2,856",15.1,12.4,17.8,696,511,881,19.1,14.0,24.2,513,370,656,19.4,14.0,24.8,"67,994","60,598","75,390",.,.,.,.,.,.
21,105,KY,Hickman County,804,628,980,18.9,14.8,23.0,235,163,307,27.8,19.2,36.4,156,96,216,25.0,15.4,34.6,"57,997","51,218","64,776",.,.,.,.,.,.
21,107,KY,Hopkins County,"8,493","7,247","9,739",19.3,16.5,22.1,"2,417","1,836","2,998",24.1,18.3,29.9,"1,637","1,154","2,120",21.8,15.4,28.2,"57,348","51,237","63,459",.,.,.,.,.,.
21,109,KY,Jackson County,"2,906","2,216","3,596",22.0,16.8,27.2,893,588,"1,198",29.6,19.5,39.7,628,380,876,29.0,17.6,40.4,"49,388","44,278","54,498",.,.,.,.,.,.
21,111,KY,Jefferson County,"113,730","104,309","123,151",14.6,13.4,15.8,"32,740","28,009","37,471",19.0,16.3,21.7,"23,288","19,627","26,949",18.6,15.7,21.5,"70,659","68,581","72,737",.,.,.,.,.,.
21,113,KY,Jessamine County,"6,888","5,676","8,100",12.6,10.4,14.8,"2,016","1,457","2,575",15.8,11.4,20.2,"1,493","1,063","1,923",15.7,11.2,20.2,"71,861","65,050","78,672",.,.,.,.,.,.
21,115,KY,Johnson County,"4,539","3,538","5,540",20.9,16.3,25.5,"1,209",802,"1,616",25.3,16.8,33.8,834,514,"1,154",23.0,14.2,31.8,"49,122","43,513","54,731",.,.,.,.,.,.
21,117,KY,Kenton County,"16,999","14,272","19,726",9.8,8.2,11.4,"4,455","3,121","5,789",11.5,8.1,14.9,"3,221","2,179","4,263",11.5,7.8,15.2,"82,787","77,137","88,437",.,.,.,.,.,.
21,119,KY,Knott County,"3,312","2,497","4,127",25.9,19.5,32.3,836,552,"1,120",32.4,21.4,43.4,584,355,813,28.7,17.4,40.0,"44,407","39,333","49,481",.,.,.,.,.,.
21,121,KY,Knox County,"8,842","7,434","10,250",30.7,25.8,35.6,"2,206","1,558","2,854",32.9,23.2,42.6,"1,574","1,044","2,104",31.7,21.0,42.4,"40,065","35,475","44,655",.,.,.,.,.,.
21,123,KY,Larue County,"2,104","1,628","2,580",14.1,10.9,17.3,565,378,752,17.6,11.8,23.4,405,253,557,16.7,10.4,23.0,"63,320","56,856","69,784",.,.,.,.,.,.
21,125,KY,Laurel County,"11,067","8,995","13,139",17.8,14.5,21.1,"3,227","2,329","4,125",23.4,16.9,29.9,"2,352","1,633","3,071",23.0,16.0,30.0,"54,404","48,680","60,128",.,.,.,.,.,.
21,127,KY,Lawrence County,"3,664","2,955","4,373",23.4,18.9,27.9,"1,007",706,"1,308",27.9,19.6,36.2,728,486,970,25.8,17.2,34.4,"41,782","37,869","45,695",.,.,.,.,.,.
21,129,KY,Lee County,"1,825","1,354","2,296",29.6,22.0,37.2,447,295,599,35.6,23.5,47.7,318,192,444,34.5,20.8,48.2,"41,150","36,552","45,748",.,.,.,.,.,.
21,131,KY,Leslie County,"2,924","2,346","3,502",31.2,25.0,37.4,675,461,889,32.9,22.4,43.4,490,315,665,31.0,20.0,42.0,"40,363","35,505","45,221",.,.,.,.,.,.
21,133,KY,Letcher County,"5,028","4,076","5,980",25.3,20.5,30.1,"1,165",773,"1,557",27.5,18.3,36.7,837,492,"1,182",25.9,15.2,36.6,"44,339","39,565","49,113",.,.,.,.,.,.
21,135,KY,Lewis County,"2,811","2,209","3,413",22.2,17.4,27.0,826,577,"1,075",28.9,20.2,37.6,568,358,778,27.7,17.4,38.0,"47,414","41,977","52,851",.,.,.,.,.,.
21,137,KY,Lincoln County,"4,255","3,368","5,142",17.3,13.7,20.9,"1,238",831,"1,645",21.1,14.2,28.0,832,504,"1,160",19.4,11.8,27.0,"54,345","48,875","59,815",.,.,.,.,.,.
21,139,KY,Livingston County,"1,131",867,"1,395",13.0,10.0,16.0,298,189,407,17.4,11.0,23.8,222,129,315,17.3,10.0,24.6,"61,242","54,411","68,073",.,.,.,.,.,.
21,141,KY,Logan County,"4,952","4,132","5,772",17.7,14.8,20.6,"1,777","1,435","2,119",26.3,21.2,31.4,"1,112",821,"1,403",23.1,17.1,29.1,"60,406","53,899","66,913",.,.,.,.,.,.
21,143,KY,Lyon County,"1,147",877,"1,417",15.3,11.7,18.9,226,152,300,18.0,12.1,23.9,164,103,225,17.0,10.6,23.4,"67,019","59,302","74,736",.,.,.,.,.,.
21,145,KY,McCracken County,"9,245","7,555","10,935",13.9,11.3,16.5,"2,528","1,692","3,364",17.9,12.0,23.8,"1,732","1,037","2,427",16.3,9.8,22.8,"64,076","60,595","67,557",.,.,.,.,.,.
21,147,KY,McCreary County,"5,512","4,582","6,442",36.4,30.3,42.5,"1,452","1,068","1,836",41.5,30.5,52.5,980,651,"1,309",38.7,25.7,51.7,"40,509","35,647","45,371",.,.,.,.,.,.
21,149,KY,McLean County,"1,430","1,124","1,736",15.8,12.4,19.2,417,288,546,20.2,14.0,26.4,284,178,390,18.1,11.3,24.9,"60,175","53,850","66,500",.,.,.,.,.,.
21,151,KY,Madison County,"15,336","13,320","17,352",16.4,14.2,18.6,"3,596","2,860","4,332",17.9,14.2,21.6,"2,404","1,811","2,997",16.3,12.3,20.3,"64,536","59,807","69,265",.,.,.,.,.,.
21,153,KY,Magoffin County,"3,306","2,694","3,918",30.1,24.5,35.7,890,658,"1,122",36.8,27.2,46.4,711,529,893,39.7,29.5,49.9,"43,039","37,839","48,239",.,.,.,.,.,.
21,155,KY,Marion County,"3,179","2,555","3,803",16.4,13.2,19.6,926,685,"1,167",20.5,15.2,25.8,663,474,852,19.3,13.8,24.8,"62,645","55,645","69,645",.,.,.,.,.,.
21,157,KY,Marshall County,"3,336","2,588","4,084",10.7,8.3,13.1,853,579,"1,127",14.0,9.5,18.5,603,382,824,13.1,8.3,17.9,"70,547","63,136","77,958",.,.,.,.,.,.
21,159,KY,Martin County,"3,137","2,363","3,911",33.8,25.5,42.1,721,481,961,35.7,23.8,47.6,498,306,690,32.9,20.2,45.6,"38,950","34,394","43,506",.,.,.,.,.,.
21,161,KY,Mason County,"2,529","1,939","3,119",15.2,11.7,18.7,818,532,"1,104",21.4,13.9,28.9,571,337,805,20.1,11.9,28.3,"59,252","52,610","65,894",.,.,.,.,.,.
21,163,KY,Meade County,"2,964","2,278","3,650",9.8,7.5,12.1,674,446,902,10.5,6.9,14.1,456,274,638,9.3,5.6,13.0,"76,163","68,356","83,970",.,.,.,.,.,.
21,165,KY,Menifee County,"1,480","1,177","1,783",23.6,18.8,28.4,351,232,470,30.3,20.0,40.6,248,152,344,31.0,19.0,43.0,"47,808","42,112","53,504",.,.,.,.,.,.
21,167,KY,Mercer County,"2,818","2,196","3,440",12.2,9.5,14.9,792,525,"1,059",16.0,10.6,21.4,556,340,772,15.1,9.2,21.0,"67,889","60,340","75,438",.,.,.,.,.,.
21,169,KY,Metcalfe County,"2,178","1,670","2,686",20.9,16.0,25.8,730,504,956,30.7,21.2,40.2,519,328,710,29.4,18.6,40.2,"51,715","46,451","56,979",.,.,.,.,.,.
21,171,KY,Monroe County,"2,202","1,692","2,712",20.0,15.4,24.6,671,442,900,25.9,17.1,34.7,471,286,656,24.8,15.0,34.6,"48,686","43,792","53,580",.,.,.,.,.,.
21,173,KY,Montgomery County,"4,398","3,581","5,215",15.5,12.6,18.4,"1,144",785,"1,503",17.7,12.1,23.3,767,482,"1,052",16.0,10.0,22.0,"61,732","55,089","68,375",.,.,.,.,.,.
21,175,KY,Morgan County,"3,143","2,422","3,864",25.3,19.5,31.1,740,513,967,28.9,20.0,37.8,518,333,703,27.5,17.7,37.3,"46,382","41,859","50,905",.,.,.,.,.,.
21,177,KY,Muhlenberg County,"5,472","4,442","6,502",19.1,15.5,22.7,"1,355",948,"1,762",21.9,15.3,28.5,"1,016",693,"1,339",22.3,15.2,29.4,"53,408","48,854","57,962",.,.,.,.,.,.
21,179,KY,Nelson County,"5,635","4,542","6,728",11.7,9.4,14.0,"1,595","1,159","2,031",14.9,10.8,19.0,"1,130",784,"1,476",14.3,9.9,18.7,"75,726","68,360","83,092",.,.,.,.,.,.
21,181,KY,Nicholas County,"1,242",959,"1,525",16.2,12.5,19.9,444,295,593,23.7,15.7,31.7,332,206,458,23.6,14.7,32.5,"56,479","50,199","62,759",.,.,.,.,.,.
21,183,KY,Ohio County,"3,596","2,783","4,409",15.3,11.9,18.7,990,657,"1,323",18.5,12.3,24.7,679,410,948,16.9,10.2,23.6,"59,028","53,328","64,728",.,.,.,.,.,.
21,185,KY,Oldham County,"4,020","3,307","4,733",6.0,4.9,7.1,854,647,"1,061",5.2,4.0,6.4,565,398,732,4.2,2.9,5.5,"123,360","116,576","130,144",.,.,.,.,.,.
21,187,KY,Owen County,"1,568","1,209","1,927",13.9,10.7,17.1,370,250,490,16.0,10.8,21.2,265,165,365,14.9,9.3,20.5,"64,666","58,149","71,183",.,.,.,.,.,.
21,189,KY,Owsley County,"1,326","1,056","1,596",34.6,27.6,41.6,362,246,478,40.6,27.6,53.6,261,164,358,40.8,25.6,56.0,"34,802","30,431","39,173",.,.,.,.,.,.
21,191,KY,Pendleton County,"2,012","1,582","2,442",13.7,10.8,16.6,602,406,798,18.5,12.5,24.5,431,270,592,17.8,11.2,24.4,"68,030","60,415","75,645",.,.,.,.,.,.
21,193,KY,Perry County,"6,414","5,167","7,661",24.5,19.7,29.3,"1,716","1,225","2,207",28.4,20.3,36.5,"1,086",649,"1,523",24.3,14.5,34.1,"44,945","40,030","49,860",.,.,.,.,.,.
21,195,KY,Pike County,"12,045","9,925","14,165",22.4,18.5,26.3,"2,477","1,666","3,288",22.7,15.3,30.1,"1,794","1,133","2,455",21.8,13.8,29.8,"46,499","42,152","50,846",.,.,.,.,.,.
21,197,KY,Powell County,"2,613","2,047","3,179",20.8,16.3,25.3,789,542,"1,036",26.4,18.1,34.7,577,382,772,26.9,17.8,36.0,"50,993","44,969","57,017",.,.,.,.,.,.
21,199,KY,Pulaski County,"13,177","11,373","14,981",20.1,17.3,22.9,"3,232","2,342","4,122",23.0,16.7,29.3,"2,278","1,578","2,978",21.8,15.1,28.5,"56,318","52,356","60,280",.,.,.,.,.,.
21,201,KY,Robertson County,401,307,495,17.3,13.3,21.3,118,79,157,23.4,15.6,31.2,83,51,115,21.1,13.0,29.2,"58,457","51,565","65,349",.,.,.,.,.,.
21,203,KY,Rockcastle County,"3,464","2,834","4,094",21.8,17.8,25.8,880,633,"1,127",26.3,18.9,33.7,631,428,834,24.9,16.9,32.9,"48,953","43,425","54,481",.,.,.,.,.,.
21,205,KY,Rowan County,"4,557","3,629","5,485",20.8,16.6,25.0,"1,182",839,"1,525",24.5,17.4,31.6,827,549,"1,105",23.8,15.8,31.8,"55,174","49,004","61,344",.,.,.,.,.,.
21,207,KY,Russell County,"3,419","2,727","4,111",18.8,15.0,22.6,992,657,"1,327",24.2,16.0,32.4,677,410,944,22.0,13.3,30.7,"51,235","45,298","57,172",.,.,.,.,.,.
21,209,KY,Scott County,"5,313","4,294","6,332",8.8,7.1,10.5,"1,521","1,091","1,951",10.6,7.6,13.6,990,642,"1,338",9.3,6.0,12.6,"93,893","86,511","101,275",.,.,.,.,.,.
21,211,KY,Shelby County,"4,822","3,837","5,807",9.9,7.9,11.9,"1,227",834,"1,620",11.4,7.7,15.1,739,425,"1,053",9.4,5.4,13.4,"93,720","86,230","101,210",.,.,.,.,.,.
21,213,KY,Simpson County,"2,877","2,351","3,403",14.6,11.9,17.3,982,753,"1,211",21.2,16.3,26.1,618,426,810,17.9,12.4,23.4,"67,496","60,763","74,229",.,.,.,.,.,.
21,215,KY,Spencer County,"1,559","1,212","1,906",7.5,5.8,9.2,387,278,496,8.5,6.1,10.9,286,200,372,8.2,5.7,10.7,"96,943","88,116","105,770",.,.,.,.,.,.
21,217,KY,Taylor County,"4,157","3,259","5,055",16.4,12.9,19.9,"1,309",878,"1,740",21.5,14.4,28.6,938,576,"1,300",21.1,12.9,29.3,"56,626","50,531","62,721",.,.,.,.,.,.
21,219,KY,Todd County,"2,086","1,629","2,543",16.6,13.0,20.2,756,522,990,22.5,15.6,29.4,501,314,688,20.5,12.8,28.2,"58,651","51,845","65,457",.,.,.,.,.,.
21,221,KY,Trigg County,"2,010","1,575","2,445",13.9,10.9,16.9,666,467,865,21.5,15.1,27.9,488,327,649,21.1,14.1,28.1,"64,717","58,323","71,111",.,.,.,.,.,.
21,223,KY,Trimble County,"1,063",808,"1,318",12.5,9.5,15.5,298,199,397,16.5,11.0,22.0,215,133,297,15.6,9.6,21.6,"72,488","64,250","80,726",.,.,.,.,.,.
21,225,KY,Union County,"2,353","1,911","2,795",18.2,14.8,21.6,482,339,625,19.7,13.9,25.5,327,220,434,19.3,12.9,25.7,"61,745","54,625","68,865",.,.,.,.,.,.
21,227,KY,Warren County,"21,740","18,485","24,995",15.3,13.0,17.6,"6,056","4,543","7,569",17.6,13.2,22.0,"4,356","3,161","5,551",17.6,12.8,22.4,"67,824","62,271","73,377",.,.,.,.,.,.
21,229,KY,Washington County,"1,699","1,334","2,064",14.1,11.1,17.1,472,332,612,17.2,12.1,22.3,344,228,460,16.7,11.1,22.3,"66,540","59,530","73,550",.,.,.,.,.,.
21,231,KY,Wayne County,"5,548","4,698","6,398",28.8,24.4,33.2,"1,261",872,"1,650",33.3,23.0,43.6,917,602,"1,232",33.2,21.8,44.6,"41,853","37,004","46,702",.,.,.,.,.,.
21,233,KY,Webster County,"2,008","1,577","2,439",16.1,12.6,19.6,590,383,797,19.2,12.5,25.9,451,279,623,20.2,12.5,27.9,"60,750","53,777","67,723",.,.,.,.,.,.
21,235,KY,Whitley County,"8,991","7,484","10,498",25.5,21.2,29.8,"3,011","2,235","3,787",31.3,23.2,39.4,"2,183","1,576","2,790",31.4,22.7,40.1,"48,936","44,168","53,704",.,.,.,.,.,.
21,237,KY,Wolfe County,"1,624","1,237","2,011",26.1,19.9,32.3,540,361,719,37.8,25.3,50.3,380,234,526,36.1,22.3,49.9,"44,554","39,243","49,865",.,.,.,.,.,.
21,239,KY,Woodford County,"2,626","2,097","3,155",9.7,7.7,11.7,646,438,854,11.2,7.6,14.8,455,283,627,10.5,6.5,14.5,"89,773","81,751","97,795",.,.,.,.,.,.
22,000,LA,Louisiana,"829,482","810,243","848,721",18.6,18.2,19.0,"261,696","250,404","272,988",25.0,23.9,26.1,"184,432","174,536","194,328",24.0,22.7,25.3,"61,038","60,246","61,830","72,221","67,054","77,388",26.6,24.7,28.5
22,001,LA,Acadia Parish,"11,676","9,993","13,359",20.9,17.9,23.9,"3,024","2,029","4,019",21.3,14.3,28.3,"2,201","1,356","3,046",21.6,13.3,29.9,"51,455","46,454","56,456",.,.,.,.,.,.
22,003,LA,Allen Parish,"4,626","3,773","5,479",23.6,19.3,27.9,"1,254",926,"1,582",24.6,18.2,31.0,966,709,"1,223",26.0,19.1,32.9,"53,939","47,696","60,182",.,.,.,.,.,.
22,005,LA,Ascension Parish,"12,602","9,908","15,296",9.5,7.5,11.5,"4,300","3,025","5,575",12.7,8.9,16.5,"3,076","1,961","4,191",12.1,7.7,16.5,"93,654","85,904","101,404",.,.,.,.,.,.
22,007,LA,Assumption Parish,"3,988","3,191","4,785",20.1,16.1,24.1,"1,034",724,"1,344",26.6,18.6,34.6,703,449,957,23.7,15.1,32.3,"62,636","55,313","69,959",.,.,.,.,.,.
22,009,LA,Avoyelles Parish,"8,876","7,281","10,471",25.0,20.5,29.5,"2,842","2,040","3,644",31.6,22.7,40.5,"2,006","1,351","2,661",30.3,20.4,40.2,"45,439","40,683","50,195",.,.,.,.,.,.
22,011,LA,Beauregard Parish,"5,358","4,373","6,343",15.1,12.3,17.9,"1,575","1,097","2,053",17.4,12.1,22.7,"1,123",725,"1,521",16.9,10.9,22.9,"64,555","57,720","71,390",.,.,.,.,.,.
22,013,LA,Bienville Parish,"3,116","2,530","3,702",25.8,20.9,30.7,976,726,"1,226",35.9,26.7,45.1,664,455,873,33.1,22.7,43.5,"45,072","39,576","50,568",.,.,.,.,.,.
22,015,LA,Bossier Parish,"21,220","18,836","23,604",16.5,14.6,18.4,"7,914","6,852","8,976",25.0,21.6,28.4,"6,041","5,209","6,873",25.7,22.2,29.2,"68,234","64,096","72,372",.,.,.,.,.,.
22,017,LA,Caddo Parish,"48,753","43,237","54,269",22.1,19.6,24.6,"15,879","12,992","18,766",31.1,25.4,36.8,"10,814","8,422","13,206",28.6,22.3,34.9,"53,110","50,093","56,127",.,.,.,.,.,.
22,019,LA,Calcasieu Parish,"31,569","26,770","36,368",15.5,13.1,17.9,"10,269","7,610","12,928",20.6,15.3,25.9,"7,261","5,083","9,439",19.6,13.7,25.5,"66,871","61,491","72,251",.,.,.,.,.,.
22,021,LA,Caldwell Parish,"1,885","1,446","2,324",21.8,16.7,26.9,629,449,809,31.3,22.4,40.2,478,334,622,32.4,22.6,42.2,"52,399","46,641","58,157",.,.,.,.,.,.
22,023,LA,Cameron Parish,600,444,756,12.9,9.5,16.3,172,114,230,17.2,11.4,23.0,128,79,177,17.7,10.9,24.5,"72,218","63,764","80,672",.,.,.,.,.,.
22,025,LA,Catahoula Parish,"1,755","1,280","2,230",22.6,16.5,28.7,577,379,775,32.8,21.5,44.1,417,256,578,31.3,19.2,43.4,"45,288","40,126","50,450",.,.,.,.,.,.
22,027,LA,Claiborne Parish,"3,110","2,413","3,807",26.6,20.6,32.6,831,570,"1,092",33.3,22.9,43.7,588,377,799,30.8,19.7,41.9,"46,962","41,446","52,478",.,.,.,.,.,.
22,029,LA,Concordia Parish,"4,680","3,707","5,653",27.7,21.9,33.5,"1,622","1,199","2,045",40.4,29.9,50.9,"1,174",836,"1,512",38.4,27.3,49.5,"43,367","38,873","47,861",.,.,.,.,.,.
22,031,LA,De Soto Parish,"4,573","3,547","5,599",17.0,13.2,20.8,"1,407",982,"1,832",22.2,15.5,28.9,"1,046",700,"1,392",22.4,15.0,29.8,"58,865","52,675","65,055",.,.,.,.,.,.
22,033,LA,East Baton Rouge Parish,"97,004","88,831","105,177",22.2,20.3,24.1,"29,068","24,482","33,654",29.0,24.4,33.6,"20,710","17,117","24,303",28.3,23.4,33.2,"64,198","61,112","67,284",.,.,.,.,.,.
22,035,LA,East Carroll Parish,"2,315","1,723","2,907",44.4,33.0,55.8,656,443,869,50.0,33.8,66.2,482,309,655,49.2,31.5,66.9,"36,713","32,487","40,939",.,.,.,.,.,.
22,037,LA,East Feliciana Parish,"3,062","2,331","3,793",18.4,14.0,22.8,749,501,997,22.8,15.2,30.4,525,326,724,22.0,13.7,30.3,"59,862","52,743","66,981",.,.,.,.,.,.
22,039,LA,Evangeline Parish,"7,830","6,382","9,278",25.9,21.1,30.7,"2,201","1,552","2,850",29.2,20.6,37.8,"1,536","1,032","2,040",27.9,18.7,37.1,"46,327","40,776","51,878",.,.,.,.,.,.
22,041,LA,Franklin Parish,"4,840","3,866","5,814",25.8,20.6,31.0,"1,862","1,363","2,361",39.8,29.2,50.4,"1,408","1,045","1,771",40.4,30.0,50.8,"44,022","39,800","48,244",.,.,.,.,.,.
22,043,LA,Grant Parish,"4,025","3,244","4,806",21.1,17.0,25.2,961,662,"1,260",21.5,14.8,28.2,634,382,886,19.7,11.9,27.5,"57,672","50,962","64,382",.,.,.,.,.,.
22,045,LA,Iberia Parish,"15,095","12,817","17,373",22.6,19.2,26.0,"5,811","4,656","6,966",35.1,28.1,42.1,"4,373","3,498","5,248",36.0,28.8,43.2,"53,127","47,401","58,853",.,.,.,.,.,.
22,047,LA,Iberville Parish,"5,797","4,622","6,972",21.5,17.1,25.9,"1,730","1,259","2,201",28.5,20.7,36.3,"1,368",992,"1,744",31.7,23.0,40.4,"58,450","52,196","64,704",.,.,.,.,.,.
22,049,LA,Jackson Parish,"2,509","1,917","3,101",17.8,13.6,22.0,784,539,"1,029",26.0,17.9,34.1,556,358,754,24.0,15.5,32.5,"55,711","50,664","60,758",.,.,.,.,.,.
22,051,LA,Jefferson Parish,"72,304","63,261","81,347",17.1,15.0,19.2,"23,707","18,938","28,476",25.4,20.3,30.5,"16,428","12,756","20,100",24.4,18.9,29.9,"63,692","60,020","67,364",.,.,.,.,.,.
22,053,LA,Jefferson Davis Parish,"5,456","4,389","6,523",17.8,14.3,21.3,"1,964","1,531","2,397",25.4,19.8,31.0,"1,380","1,004","1,756",24.4,17.8,31.0,"56,114","50,842","61,386",.,.,.,.,.,.
22,055,LA,Lafayette Parish,"41,327","36,629","46,025",16.5,14.6,18.4,"12,828","10,618","15,038",21.4,17.7,25.1,"8,110","6,259","9,961",18.7,14.4,23.0,"66,072","61,611","70,533",.,.,.,.,.,.
22,057,LA,Lafourche Parish,"13,714","11,125","16,303",14.8,12.0,17.6,"3,949","2,787","5,111",18.7,13.2,24.2,"2,796","1,859","3,733",18.0,12.0,24.0,"68,348","62,267","74,429",.,.,.,.,.,.
22,059,LA,La Salle Parish,"2,282","1,727","2,837",18.0,13.6,22.4,588,392,784,19.3,12.9,25.7,437,278,596,19.4,12.3,26.5,"61,524","55,107","67,941",.,.,.,.,.,.
22,061,LA,Lincoln Parish,"10,947","9,271","12,623",25.5,21.6,29.4,"2,623","1,977","3,269",28.2,21.3,35.1,"1,634","1,054","2,214",24.3,15.7,32.9,"52,669","47,305","58,033",.,.,.,.,.,.
22,063,LA,Livingston Parish,"18,468","15,395","21,541",12.2,10.2,14.2,"5,760","4,270","7,250",15.2,11.3,19.1,"4,101","2,929","5,273",14.6,10.4,18.8,"76,462","70,679","82,245",.,.,.,.,.,.
22,065,LA,Madison Parish,"2,767","2,098","3,436",33.3,25.2,41.4,"1,057",705,"1,409",49.2,32.8,65.6,759,475,"1,043",49.3,30.9,67.7,"39,406","35,136","43,676",.,.,.,.,.,.
22,067,LA,Morehouse Parish,"6,422","5,351","7,493",28.5,23.8,33.2,"2,722","2,284","3,160",51.4,43.1,59.7,"1,812","1,385","2,239",45.3,34.6,56.0,"45,435","40,605","50,265",.,.,.,.,.,.
22,069,LA,Natchitoches Parish,"9,083","8,116","10,050",26.9,24.0,29.8,"2,241","1,717","2,765",28.3,21.7,34.9,"1,450",984,"1,916",25.0,17.0,33.0,"48,814","43,710","53,918",.,.,.,.,.,.
22,071,LA,Orleans Parish,"74,209","64,960","83,458",21.3,18.6,24.0,"21,470","16,846","26,094",30.9,24.2,37.6,"15,572","12,154","18,990",30.9,24.1,37.7,"57,897","55,481","60,313",.,.,.,.,.,.
22,073,LA,Ouachita Parish,"29,875","25,659","34,091",19.6,16.8,22.4,"10,103","7,921","12,285",27.0,21.2,32.8,"6,630","4,532","8,728",23.9,16.3,31.5,"59,701","55,653","63,749",.,.,.,.,.,.
22,075,LA,Plaquemines Parish,"3,230","2,462","3,998",15.0,11.4,18.6,919,618,"1,220",17.8,12.0,23.6,646,408,884,16.6,10.5,22.7,"76,385","68,870","83,900",.,.,.,.,.,.
22,077,LA,Pointe Coupee Parish,"3,372","2,565","4,179",17.2,13.1,21.3,"1,056",712,"1,400",25.3,17.1,33.5,778,500,"1,056",25.8,16.6,35.0,"63,073","56,565","69,581",.,.,.,.,.,.
22,079,LA,Rapides Parish,"23,105","19,303","26,907",18.8,15.7,21.9,"7,499","5,571","9,427",24.6,18.3,30.9,"5,230","3,698","6,762",23.2,16.4,30.0,"56,786","52,429","61,143",.,.,.,.,.,.
22,081,LA,Red River Parish,"1,616","1,222","2,010",22.9,17.3,28.5,520,353,687,32.6,22.1,43.1,382,245,519,33.6,21.5,45.7,"49,844","44,032","55,656",.,.,.,.,.,.
22,083,LA,Richland Parish,"4,952","4,127","5,777",26.4,22.0,30.8,"1,534","1,118","1,950",34.2,24.9,43.5,"1,147",804,"1,490",35.2,24.7,45.7,"47,023","42,277","51,769",.,.,.,.,.,.
22,085,LA,Sabine Parish,"4,479","3,800","5,158",21.0,17.8,24.2,"1,303",992,"1,614",27.2,20.7,33.7,"1,045",801,"1,289",29.4,22.5,36.3,"54,066","48,500","59,632",.,.,.,.,.,.
22,087,LA,St. Bernard Parish,"8,022","6,487","9,557",18.0,14.5,21.5,"2,672","1,902","3,442",23.9,17.0,30.8,"2,060","1,464","2,656",24.7,17.5,31.9,"57,796","52,684","62,908",.,.,.,.,.,.
22,089,LA,St. Charles Parish,"6,103","4,726","7,480",12.3,9.5,15.1,"1,970","1,379","2,561",17.0,11.9,22.1,"1,454",980,"1,928",16.4,11.1,21.7,"85,615","78,639","92,591",.,.,.,.,.,.
22,091,LA,St. Helena Parish,"2,224","1,715","2,733",20.8,16.0,25.6,602,386,818,28.8,18.5,39.1,442,260,624,27.4,16.1,38.7,"48,931","42,988","54,874",.,.,.,.,.,.
22,093,LA,St. James Parish,"2,972","2,252","3,692",15.7,11.9,19.5,866,580,"1,152",21.1,14.1,28.1,639,404,874,20.9,13.2,28.6,"69,241","61,809","76,673",.,.,.,.,.,.
22,095,LA,St. John the Baptist Parish,"7,470","5,837","9,103",19.0,14.8,23.2,"2,612","1,825","3,399",28.4,19.8,37.0,"1,917","1,268","2,566",27.4,18.1,36.7,"60,610","54,665","66,555",.,.,.,.,.,.
22,097,LA,St. Landry Parish,"19,551","16,737","22,365",24.5,21.0,28.0,"6,684","5,061","8,307",32.0,24.2,39.8,"4,675","3,468","5,882",30.1,22.3,37.9,"47,897","43,245","52,549",.,.,.,.,.,.
22,099,LA,St. Martin Parish,"8,469","6,485","10,453",16.7,12.8,20.6,"3,018","2,038","3,998",25.2,17.0,33.4,"2,070","1,283","2,857",23.5,14.6,32.4,"66,885","61,916","71,854",.,.,.,.,.,.
22,101,LA,St. Mary Parish,"10,051","8,379","11,723",21.8,18.2,25.4,"3,633","2,753","4,513",32.0,24.3,39.7,"2,653","1,896","3,410",31.8,22.7,40.9,"48,405","43,781","53,029",.,.,.,.,.,.
22,103,LA,St. Tammany Parish,"28,095","23,845","32,345",10.2,8.7,11.7,"7,405","5,267","9,543",11.8,8.4,15.2,"5,503","3,785","7,221",11.5,7.9,15.1,"84,478","78,911","90,045",.,.,.,.,.,.
22,105,LA,Tangipahoa Parish,"26,300","22,260","30,340",19.4,16.4,22.4,"9,518","7,542","11,494",28.5,22.6,34.4,"6,543","4,834","8,252",27.4,20.3,34.5,"57,775","53,501","62,049",.,.,.,.,.,.
22,107,LA,Tensas Parish,"1,051",762,"1,340",27.4,19.9,34.9,386,258,514,48.4,32.4,64.4,280,175,385,43.9,27.4,60.4,"38,583","34,352","42,814",.,.,.,.,.,.
22,109,LA,Terrebonne Parish,"18,465","15,403","21,527",18.0,15.0,21.0,"6,091","4,534","7,648",24.7,18.4,31.0,"4,274","3,003","5,545",23.2,16.3,30.1,"61,990","56,630","67,350",.,.,.,.,.,.
22,111,LA,Union Parish,"4,079","3,263","4,895",20.3,16.2,24.4,"1,386","1,024","1,748",32.1,23.7,40.5,"1,015",720,"1,310",32.0,22.7,41.3,"54,865","48,505","61,225",.,.,.,.,.,.
22,113,LA,Vermilion Parish,"12,759","11,065","14,453",22.4,19.4,25.4,"4,232","3,409","5,055",29.9,24.1,35.7,"2,676","1,958","3,394",25.3,18.5,32.1,"57,082","51,075","63,089",.,.,.,.,.,.
22,115,LA,Vernon Parish,"6,953","5,739","8,167",15.7,13.0,18.4,"2,346","1,748","2,944",20.4,15.2,25.6,"1,590","1,104","2,076",20.2,14.0,26.4,"58,533","53,730","63,336",.,.,.,.,.,.
22,117,LA,Washington Parish,"11,057","9,195","12,919",25.6,21.3,29.9,"3,068","2,131","4,005",29.4,20.4,38.4,"2,297","1,537","3,057",30.3,20.3,40.3,"46,951","43,013","50,889",.,.,.,.,.,.
22,119,LA,Webster Parish,"7,176","5,853","8,499",20.7,16.9,24.5,"2,263","1,696","2,830",29.1,21.8,36.4,"1,561","1,078","2,044",27.6,19.1,36.1,"48,578","43,527","53,629",.,.,.,.,.,.
22,121,LA,West Baton Rouge Parish,"3,365","2,471","4,259",12.1,8.9,15.3,"1,210",799,"1,621",18.0,11.9,24.1,872,534,"1,210",17.5,10.7,24.3,"70,550","63,393","77,707",.,.,.,.,.,.
22,123,LA,West Carroll Parish,"1,749","1,319","2,179",19.1,14.4,23.8,565,381,749,28.1,19.0,37.2,419,266,572,28.3,18.0,38.6,"50,254","45,709","54,799",.,.,.,.,.,.
22,125,LA,West Feliciana Parish,"2,268","1,714","2,822",23.3,17.6,29.0,434,305,563,18.6,13.1,24.1,320,217,423,17.6,12.0,23.2,"76,572","67,891","85,253",.,.,.,.,.,.
22,127,LA,Winn Parish,"2,835","2,148","3,522",23.7,18.0,29.4,766,519,"1,013",29.4,19.9,38.9,557,357,757,27.7,17.8,37.6,"53,087","47,070","59,104",.,.,.,.,.,.
23,000,ME,Maine,"144,234","138,614","149,854",10.6,10.2,11.0,"29,664","26,866","32,462",12.3,11.1,13.5,"20,609","18,067","23,151",11.4,10.0,12.8,"76,372","75,074","77,670","7,360","6,467","8,253",12.8,11.3,14.3
23,001,ME,Androscoggin County,"13,150","10,931","15,369",12.0,10.0,14.0,"3,582","2,633","4,531",15.8,11.6,20.0,"2,327","1,585","3,069",13.8,9.4,18.2,"68,642","65,961","71,323",.,.,.,.,.,.
23,003,ME,Aroostook County,"9,734","8,174","11,294",14.9,12.5,17.3,"2,149","1,526","2,772",17.8,12.6,23.0,"1,418",937,"1,899",15.6,10.3,20.9,"54,965","51,866","58,064",.,.,.,.,.,.
23,005,ME,Cumberland County,"24,225","20,722","27,728",8.0,6.8,9.2,"4,294","3,099","5,489",7.9,5.7,10.1,"3,285","2,362","4,208",8.2,5.9,10.5,"93,949","89,913","97,985",.,.,.,.,.,.
23,007,ME,Franklin County,"3,888","3,092","4,684",13.3,10.6,16.0,719,451,987,14.3,9.0,19.6,507,287,727,13.1,7.4,18.8,"60,281","55,236","65,326",.,.,.,.,.,.
23,009,ME,Hancock County,"5,708","4,489","6,927",10.3,8.1,12.5,"1,113",762,"1,464",12.9,8.8,17.0,795,501,"1,089",12.1,7.6,16.6,"75,157","68,812","81,502",.,.,.,.,.,.
23,011,ME,Kennebec County,"13,839","11,382","16,296",11.2,9.2,13.2,"2,952","2,079","3,825",13.0,9.2,16.8,"2,060","1,355","2,765",12.0,7.9,16.1,"74,048","70,050","78,046",.,.,.,.,.,.
23,013,ME,Knox County,"3,904","2,904","4,904",9.9,7.4,12.4,725,451,999,11.2,7.0,15.4,487,260,714,9.7,5.2,14.2,"73,005","66,652","79,358",.,.,.,.,.,.
23,015,ME,Lincoln County,"3,551","2,727","4,375",9.9,7.6,12.2,724,452,996,12.8,8.0,17.6,520,300,740,12.0,6.9,17.1,"79,312","73,522","85,102",.,.,.,.,.,.
23,017,ME,Oxford County,"6,662","5,334","7,990",11.3,9.1,13.5,"1,557","1,048","2,066",15.5,10.4,20.6,"1,043",628,"1,458",14.1,8.5,19.7,"65,487","60,244","70,730",.,.,.,.,.,.
23,019,ME,Penobscot County,"21,282","18,605","23,959",14.2,12.4,16.0,"3,867","2,849","4,885",14.8,10.9,18.7,"2,610","1,795","3,425",13.3,9.2,17.4,"66,158","61,815","70,501",.,.,.,.,.,.
23,021,ME,Piscataquis County,"2,396","1,869","2,923",14.0,10.9,17.1,537,335,739,19.7,12.3,27.1,385,218,552,18.4,10.4,26.4,"61,706","58,298","65,114",.,.,.,.,.,.
23,023,ME,Sagadahoc County,"2,904","2,136","3,672",7.8,5.7,9.9,626,391,861,9.8,6.1,13.5,431,248,614,8.9,5.1,12.7,"82,454","74,472","90,436",.,.,.,.,.,.
23,025,ME,Somerset County,"7,332","6,096","8,568",14.5,12.1,16.9,"1,632","1,132","2,132",18.1,12.5,23.7,"1,142",738,"1,546",16.9,10.9,22.9,"60,314","56,005","64,623",.,.,.,.,.,.
23,027,ME,Waldo County,"4,436","3,433","5,439",11.1,8.6,13.6,"1,018",669,"1,367",15.1,9.9,20.3,746,464,"1,028",14.6,9.1,20.1,"67,854","62,927","72,781",.,.,.,.,.,.
23,029,ME,Washington County,"4,972","4,049","5,895",16.2,13.2,19.2,"1,280",876,"1,684",22.7,15.5,29.9,936,606,"1,266",22.0,14.3,29.7,"55,611","51,915","59,307",.,.,.,.,.,.
23,031,ME,York County,"16,250","13,560","18,940",7.5,6.3,8.7,"2,886","1,971","3,801",7.9,5.4,10.4,"1,917","1,207","2,627",6.9,4.3,9.5,"92,098","89,345","94,851",.,.,.,.,.,.
24,000,MD,Maryland,"566,300","547,690","584,910",9.2,8.9,9.5,"150,961","139,872","162,050",11.2,10.4,12.0,"105,444","95,435","115,453",10.5,9.5,11.5,"102,835","101,488","104,182","41,586","36,850","46,322",12.3,10.9,13.7
24,001,MD,Allegany County,"10,139","8,267","12,011",16.6,13.5,19.7,"2,523","1,847","3,199",21.7,15.9,27.5,"1,796","1,251","2,341",20.8,14.5,27.1,"63,215","59,431","66,999",.,.,.,.,.,.
24,003,MD,Anne Arundel County,"39,079","32,798","45,360",6.6,5.5,7.7,"10,323","7,579","13,067",7.9,5.8,10.0,"7,110","4,950","9,270",7.3,5.1,9.5,"127,042","123,274","130,810",.,.,.,.,.,.
24,005,MD,Baltimore County,"76,854","67,865","85,843",9.3,8.2,10.4,"18,443","13,891","22,995",10.2,7.7,12.7,"14,099","10,466","17,732",10.6,7.9,13.3,"87,865","84,043","91,687",.,.,.,.,.,.
24,009,MD,Calvert County,"5,483","4,157","6,809",5.8,4.4,7.2,"1,295",847,"1,743",6.1,4.0,8.2,914,552,"1,276",5.6,3.4,7.8,"121,798","115,187","128,409",.,.,.,.,.,.
24,011,MD,Caroline County,"3,730","2,806","4,654",11.1,8.4,13.8,"1,300",828,"1,772",16.0,10.2,21.8,946,553,"1,339",16.4,9.6,23.2,"72,564","65,723","79,405",.,.,.,.,.,.
24,013,MD,Carroll County,"9,998","8,008","11,988",5.8,4.7,6.9,"2,060","1,448","2,672",5.4,3.8,7.0,"1,314",768,"1,860",4.5,2.6,6.4,"114,927","107,261","122,593",.,.,.,.,.,.
24,015,MD,Cecil County,"9,503","7,550","11,456",9.1,7.2,11.0,"2,704","1,812","3,596",11.8,7.9,15.7,"1,879","1,203","2,555",11.0,7.0,15.0,"89,501","83,534","95,468",.,.,.,.,.,.
24,017,MD,Charles County,"11,793","9,441","14,145",6.8,5.4,8.2,"3,246","2,090","4,402",8.1,5.2,11.0,"2,282","1,366","3,198",7.4,4.4,10.4,"125,985","121,414","130,556",.,.,.,.,.,.
24,019,MD,Dorchester County,"4,625","3,697","5,553",14.1,11.3,16.9,"1,572","1,152","1,992",23.6,17.3,29.9,"1,056",666,"1,446",21.9,13.8,30.0,"65,476","58,729","72,223",.,.,.,.,.,.
24,021,MD,Frederick County,"15,689","12,807","18,571",5.3,4.3,6.3,"3,373","2,020","4,726",5.0,3.0,7.0,"2,462","1,410","3,514",4.8,2.8,6.8,"121,380","116,312","126,448",.,.,.,.,.,.
24,023,MD,Garrett County,"3,420","2,658","4,182",12.3,9.6,15.0,715,473,957,15.0,9.9,20.1,506,305,707,14.1,8.5,19.7,"67,553","63,618","71,488",.,.,.,.,.,.
24,025,MD,Harford County,"18,226","14,482","21,970",6.9,5.5,8.3,"4,787","3,307","6,267",8.3,5.7,10.9,"3,169","2,036","4,302",7.3,4.7,9.9,"110,665","107,333","113,997",.,.,.,.,.,.
24,027,MD,Howard County,"18,549","14,847","22,251",5.5,4.4,6.6,"4,550","3,153","5,947",5.9,4.1,7.7,"3,355","2,239","4,471",5.5,3.7,7.3,"149,980","144,237","155,723",.,.,.,.,.,.
24,029,MD,Kent County,"2,667","2,098","3,236",14.6,11.5,17.7,547,381,713,19.1,13.3,24.9,394,261,527,18.8,12.4,25.2,"75,873","67,390","84,356",.,.,.,.,.,.
24,031,MD,Montgomery County,"80,053","70,281","89,825",7.5,6.6,8.4,"21,947","17,314","26,580",9.2,7.3,11.1,"15,470","11,836","19,104",8.5,6.5,10.5,"138,870","134,729","143,011",.,.,.,.,.,.
24,033,MD,Prince George's County,"98,134","87,909","108,359",10.4,9.3,11.5,"26,856","21,003","32,709",13.1,10.2,16.0,"18,365","13,509","23,221",12.2,9.0,15.4,"97,634","93,879","101,389",.,.,.,.,.,.
24,035,MD,Queen Anne's County,"3,247","2,415","4,079",6.1,4.5,7.7,742,471,"1,013",6.8,4.3,9.3,526,305,747,6.5,3.8,9.2,"112,621","101,707","123,535",.,.,.,.,.,.
24,037,MD,St. Mary's County,"9,044","7,197","10,891",7.9,6.3,9.5,"2,769","2,025","3,513",10.2,7.5,12.9,"1,891","1,288","2,494",9.4,6.4,12.4,"116,969","108,569","125,369",.,.,.,.,.,.
24,039,MD,Somerset County,"4,118","3,019","5,217",20.3,14.9,25.7,"1,188",765,"1,611",27.0,17.4,36.6,882,533,"1,231",27.8,16.8,38.8,"53,022","46,958","59,086",.,.,.,.,.,.
24,041,MD,Talbot County,"3,719","2,861","4,577",9.9,7.6,12.2,934,620,"1,248",13.6,9.0,18.2,652,393,911,12.9,7.8,18.0,"87,121","79,347","94,895",.,.,.,.,.,.
24,043,MD,Washington County,"17,330","14,370","20,290",11.6,9.6,13.6,"4,918","3,535","6,301",15.0,10.8,19.2,"3,367","2,278","4,456",13.7,9.3,18.1,"77,632","73,068","82,196",.,.,.,.,.,.
24,045,MD,Wicomico County,"16,431","13,832","19,030",16.0,13.5,18.5,"4,928","3,679","6,177",21.0,15.7,26.3,"3,318","2,297","4,339",19.7,13.6,25.8,"67,786","61,195","74,377",.,.,.,.,.,.
24,047,MD,Worcester County,"5,670","4,499","6,841",10.6,8.4,12.8,"1,373",962,"1,784",15.3,10.7,19.9,960,624,"1,296",14.1,9.2,19.0,"81,711","77,061","86,361",.,.,.,.,.,.
24,510,MD,Baltimore city,"98,801","87,975","109,627",18.0,16.0,20.0,"27,868","21,518","34,218",24.1,18.6,29.6,"18,731","13,775","23,687",22.8,16.8,28.8,"63,451","60,646","66,256",.,.,.,.,.,.
25,000,MA,Massachusetts,"675,676","657,968","693,384",9.8,9.5,10.1,"151,809","142,048","161,570",11.4,10.7,12.1,"104,898","96,332","113,464",10.6,9.7,11.5,"104,569","103,008","106,130","43,218","38,649","47,787",12.8,11.4,14.2
25,001,MA,Barnstable County,"19,638","15,966","23,310",8.6,7.0,10.2,"3,299","2,369","4,229",10.6,7.6,13.6,"2,476","1,732","3,220",10.6,7.4,13.8,"88,495","83,569","93,421",.,.,.,.,.,.
25,003,MA,Berkshire County,"13,868","11,399","16,337",11.3,9.3,13.3,"2,789","2,052","3,526",14.6,10.7,18.5,"2,105","1,501","2,709",14.6,10.4,18.8,"76,177","71,361","80,993",.,.,.,.,.,.
25,005,MA,Bristol County,"58,740","51,267","66,213",10.2,8.9,11.5,"14,016","10,950","17,082",12.1,9.5,14.7,"9,465","7,214","11,716",10.8,8.2,13.4,"81,898","78,193","85,603",.,.,.,.,.,.
25,007,MA,Dukes County,"1,780","1,331","2,229",8.5,6.4,10.6,382,255,509,10.7,7.2,14.2,269,168,370,9.9,6.2,13.6,"112,733","104,091","121,375",.,.,.,.,.,.
25,009,MA,Essex County,"75,373","66,648","84,098",9.3,8.2,10.4,"19,913","16,262","23,564",11.9,9.7,14.1,"13,650","10,856","16,444",11.0,8.8,13.2,"102,044","98,229","105,859",.,.,.,.,.,.
25,011,MA,Franklin County,"7,091","5,612","8,570",10.2,8.1,12.3,"1,456","1,001","1,911",13.1,9.0,17.2,"1,052",702,"1,402",12.4,8.3,16.5,"74,594","69,486","79,702",.,.,.,.,.,.
25,013,MA,Hampden County,"72,287","65,732","78,842",16.0,14.5,17.5,"20,845","17,543","24,147",22.3,18.8,25.8,"14,607","12,193","17,021",21.1,17.6,24.6,"71,287","67,495","75,079",.,.,.,.,.,.
25,015,MA,Hampshire County,"17,107","14,734","19,480",12.3,10.6,14.0,"2,540","2,035","3,045",11.6,9.3,13.9,"1,754","1,329","2,179",10.3,7.8,12.8,"82,817","77,138","88,496",.,.,.,.,.,.
25,017,MA,Middlesex County,"125,561","115,350","135,772",7.8,7.2,8.4,"25,966","22,449","29,483",8.2,7.1,9.3,"17,805","14,934","20,676",7.6,6.4,8.8,"132,599","129,232","135,966",.,.,.,.,.,.
25,019,MA,Nantucket County,946,697,"1,195",6.5,4.8,8.2,190,127,253,6.6,4.4,8.8,130,81,179,6.2,3.9,8.5,"117,877","105,184","130,570",.,.,.,.,.,.
25,021,MA,Norfolk County,"46,572","40,067","53,077",6.4,5.5,7.3,"7,960","5,727","10,193",5.4,3.9,6.9,"5,900","4,146","7,654",5.4,3.8,7.0,"137,533","133,232","141,834",.,.,.,.,.,.
25,023,MA,Plymouth County,"38,938","33,231","44,645",7.3,6.2,8.4,"8,262","6,247","10,277",7.7,5.8,9.6,"5,634","4,099","7,169",7.0,5.1,8.9,"111,910","107,534","116,286",.,.,.,.,.,.
25,025,MA,Suffolk County,"115,866","105,363","126,369",15.5,14.1,16.9,"25,755","21,516","29,994",21.1,17.6,24.6,"18,149","14,870","21,428",21.3,17.5,25.1,"95,174","91,571","98,777",.,.,.,.,.,.
25,027,MA,Worcester County,"81,907","73,164","90,650",9.6,8.6,10.6,"18,437","14,995","21,879",10.6,8.6,12.6,"11,902","9,091","14,713",9.1,6.9,11.3,"96,005","92,912","99,098",.,.,.,.,.,.
26,000,MI,Michigan,"1,326,356","1,303,439","1,349,273",13.4,13.2,13.6,"367,505","354,731","380,279",17.7,17.1,18.3,"259,849","248,728","270,970",16.8,16.1,17.5,"72,336","71,772","72,900","97,763","91,797","103,729",19.2,18.0,20.4
26,001,MI,Alcona County,"1,587","1,305","1,869",15.1,12.4,17.8,308,205,411,23.2,15.4,31.0,222,138,306,23.6,14.7,32.5,"53,966","49,036","58,896",.,.,.,.,.,.
26,003,MI,Alger County,951,730,"1,172",12.2,9.4,15.0,171,116,226,14.0,9.5,18.5,124,77,171,13.6,8.5,18.7,"63,959","57,527","70,391",.,.,.,.,.,.
26,005,MI,Allegan County,"9,990","8,059","11,921",8.2,6.6,9.8,"2,555","1,779","3,331",9.5,6.6,12.4,"1,811","1,203","2,419",8.8,5.8,11.8,"85,080","82,064","88,096",.,.,.,.,.,.
26,007,MI,Alpena County,"4,781","4,115","5,447",16.7,14.4,19.0,"1,148",893,"1,403",22.1,17.2,27.0,819,611,"1,027",20.9,15.6,26.2,"57,827","51,786","63,868",.,.,.,.,.,.
26,009,MI,Antrim County,"2,616","2,094","3,138",10.7,8.6,12.8,620,437,803,15.7,11.1,20.3,444,301,587,15.1,10.3,19.9,"69,924","67,193","72,655",.,.,.,.,.,.
26,011,MI,Arenac County,"1,754","1,364","2,144",11.7,9.1,14.3,464,285,643,17.1,10.5,23.7,339,193,485,16.6,9.5,23.7,"58,859","55,505","62,213",.,.,.,.,.,.
26,013,MI,Baraga County,"1,079",842,"1,316",14.6,11.4,17.8,255,183,327,18.4,13.2,23.6,190,131,249,19.2,13.3,25.1,"59,617","52,998","66,236",.,.,.,.,.,.
26,015,MI,Barry County,"5,702","4,678","6,726",9.0,7.4,10.6,"1,462","1,097","1,827",11.0,8.3,13.7,"1,033",751,"1,315",10.1,7.3,12.9,"81,939","75,032","88,846",.,.,.,.,.,.
26,017,MI,Bay County,"12,023","9,717","14,329",11.8,9.5,14.1,"3,052","2,180","3,924",15.9,11.4,20.4,"2,008","1,286","2,730",14.0,9.0,19.0,"64,751","60,701","68,801",.,.,.,.,.,.
26,019,MI,Benzie County,"1,681","1,305","2,057",9.2,7.1,11.3,396,270,522,13.2,9.0,17.4,289,189,389,12.8,8.4,17.2,"76,215","69,691","82,739",.,.,.,.,.,.
26,021,MI,Berrien County,"20,120","16,658","23,582",13.4,11.1,15.7,"5,623","4,163","7,083",18.1,13.4,22.8,"3,924","2,808","5,040",16.8,12.0,21.6,"68,882","64,981","72,783",.,.,.,.,.,.
26,023,MI,Branch County,"5,857","4,746","6,968",13.2,10.7,15.7,"1,866","1,320","2,412",17.8,12.6,23.0,"1,292",859,"1,725",17.4,11.6,23.2,"64,636","60,372","68,900",.,.,.,.,.,.
26,025,MI,Calhoun County,"19,002","15,862","22,142",14.5,12.1,16.9,"5,813","4,343","7,283",20.1,15.0,25.2,"3,922","2,703","5,141",18.2,12.5,23.9,"65,049","61,837","68,261",.,.,.,.,.,.
26,027,MI,Cass County,"6,456","5,421","7,491",12.7,10.7,14.7,"1,669","1,272","2,066",16.9,12.9,20.9,"1,253",927,"1,579",16.7,12.4,21.0,"69,579","63,500","75,658",.,.,.,.,.,.
26,029,MI,Charlevoix County,"2,572","2,093","3,051",9.9,8.0,11.8,551,374,728,12.7,8.6,16.8,373,236,510,11.3,7.1,15.5,"71,544","66,104","76,984",.,.,.,.,.,.
26,031,MI,Cheboygan County,"3,219","2,583","3,855",12.5,10.0,15.0,731,494,968,19.3,13.1,25.5,515,323,707,18.0,11.3,24.7,"58,842","53,914","63,770",.,.,.,.,.,.
26,033,MI,Chippewa County,"4,641","3,711","5,571",14.4,11.5,17.3,"1,142",818,"1,466",18.2,13.0,23.4,820,560,"1,080",17.2,11.7,22.7,"61,705","57,390","66,020",.,.,.,.,.,.
26,035,MI,Clare County,"5,998","5,032","6,964",19.3,16.2,22.4,"1,792","1,393","2,191",30.3,23.6,37.0,"1,318","1,015","1,621",30.4,23.4,37.4,"48,238","43,733","52,743",.,.,.,.,.,.
26,037,MI,Clinton County,"6,664","5,757","7,571",8.4,7.3,9.5,"1,191",851,"1,531",7.3,5.2,9.4,880,609,"1,151",7.0,4.8,9.2,"90,150","82,223","98,077",.,.,.,.,.,.
26,039,MI,Crawford County,"1,930","1,540","2,320",14.4,11.5,17.3,505,337,673,21.8,14.6,29.0,365,228,502,21.0,13.1,28.9,"57,605","51,591","63,619",.,.,.,.,.,.
26,041,MI,Delta County,"4,390","3,600","5,180",12.1,9.9,14.3,"1,011",734,"1,288",15.3,11.1,19.5,709,490,928,13.8,9.5,18.1,"59,827","55,649","64,005",.,.,.,.,.,.
26,043,MI,Dickinson County,"2,885","2,287","3,483",11.2,8.9,13.5,614,405,823,12.4,8.2,16.6,422,255,589,11.2,6.8,15.6,"69,360","64,302","74,418",.,.,.,.,.,.
26,045,MI,Eaton County,"8,864","7,235","10,493",8.2,6.7,9.7,"2,272","1,558","2,986",10.5,7.2,13.8,"1,615","1,043","2,187",9.9,6.4,13.4,"80,080","76,140","84,020",.,.,.,.,.,.
26,047,MI,Emmet County,"2,802","2,188","3,416",8.4,6.6,10.2,583,384,782,10.1,6.7,13.5,422,261,583,9.3,5.8,12.8,"79,295","71,890","86,700",.,.,.,.,.,.
26,049,MI,Genesee County,"71,580","65,832","77,328",18.0,16.6,19.4,"21,297","18,242","24,352",24.8,21.2,28.4,"15,580","13,184","17,976",24.3,20.6,28.0,"63,828","60,863","66,793",.,.,.,.,.,.
26,051,MI,Gladwin County,"4,349","3,654","5,044",16.9,14.2,19.6,"1,134",805,"1,463",23.6,16.7,30.5,788,514,"1,062",22.0,14.4,29.6,"56,272","51,807","60,737",.,.,.,.,.,.
26,053,MI,Gogebic County,"2,442","1,945","2,939",17.5,13.9,21.1,580,399,761,25.6,17.6,33.6,413,266,560,23.5,15.1,31.9,"53,013","47,510","58,516",.,.,.,.,.,.
26,055,MI,Grand Traverse County,"8,026","6,602","9,450",8.4,6.9,9.9,"1,667","1,186","2,148",9.3,6.6,12.0,"1,145",758,"1,532",8.5,5.6,11.4,"82,515","77,048","87,982",.,.,.,.,.,.
26,057,MI,Gratiot County,"5,185","4,101","6,269",14.6,11.5,17.7,"1,338",973,"1,703",17.3,12.6,22.0,959,666,"1,252",16.6,11.5,21.7,"64,157","58,256","70,058",.,.,.,.,.,.
26,059,MI,Hillsdale County,"5,655","4,571","6,739",12.8,10.3,15.3,"1,745","1,273","2,217",18.3,13.4,23.2,"1,198",817,"1,579",16.7,11.4,22.0,"66,118","63,424","68,812",.,.,.,.,.,.
26,061,MI,Houghton County,"5,953","5,063","6,843",17.4,14.8,20.0,887,626,"1,148",12.1,8.5,15.7,606,404,808,11.2,7.5,14.9,"55,547","50,773","60,321",.,.,.,.,.,.
26,063,MI,Huron County,"4,332","3,733","4,931",14.2,12.2,16.2,982,751,"1,213",17.5,13.4,21.6,707,515,899,16.5,12.0,21.0,"61,317","56,931","65,703",.,.,.,.,.,.
26,065,MI,Ingham County,"49,061","44,183","53,939",18.1,16.3,19.9,"10,526","8,540","12,512",19.2,15.6,22.8,"6,700","5,140","8,260",16.6,12.7,20.5,"66,388","61,924","70,852",.,.,.,.,.,.
26,067,MI,Ionia County,"6,345","5,039","7,651",10.5,8.3,12.7,"1,524","1,033","2,015",11.6,7.9,15.3,"1,120",736,"1,504",11.2,7.3,15.1,"75,362","69,797","80,927",.,.,.,.,.,.
26,069,MI,Iosco County,"3,624","2,970","4,278",14.4,11.8,17.0,858,585,"1,131",20.4,13.9,26.9,636,406,866,20.0,12.8,27.2,"58,092","54,737","61,447",.,.,.,.,.,.
26,071,MI,Iron County,"1,625","1,321","1,929",14.2,11.5,16.9,391,258,524,20.1,13.3,26.9,281,166,396,18.2,10.7,25.7,"53,519","49,159","57,879",.,.,.,.,.,.
26,073,MI,Isabella County,"11,579","10,114","13,044",19.0,16.6,21.4,"1,776","1,291","2,261",15.7,11.4,20.0,"1,228",837,"1,619",14.8,10.1,19.5,"56,734","53,310","60,158",.,.,.,.,.,.
26,075,MI,Jackson County,"17,057","14,278","19,836",11.3,9.5,13.1,"4,780","3,404","6,156",15.0,10.7,19.3,"3,381","2,268","4,494",14.2,9.5,18.9,"67,303","62,825","71,781",.,.,.,.,.,.
26,077,MI,Kalamazoo County,"29,871","25,603","34,139",11.6,9.9,13.3,"5,678","3,674","7,682",10.5,6.8,14.2,"4,060","2,482","5,638",10.0,6.1,13.9,"72,071","68,190","75,952",.,.,.,.,.,.
26,079,MI,Kalkaska County,"2,037","1,569","2,505",11.1,8.6,13.6,595,403,787,16.7,11.3,22.1,436,275,597,16.3,10.3,22.3,"71,627","67,441","75,813",.,.,.,.,.,.
26,081,MI,Kent County,"60,909","53,071","68,747",9.2,8.0,10.4,"17,066","13,115","21,017",11.2,8.6,13.8,"12,578","9,747","15,409",11.2,8.7,13.7,"80,768","79,002","82,534",.,.,.,.,.,.
26,083,MI,Keweenaw County,254,195,313,11.8,9.1,14.5,45,31,59,13.5,9.3,17.7,32,20,44,12.3,7.8,16.8,"58,613","51,739","65,487",.,.,.,.,.,.
26,085,MI,Lake County,"2,843","2,349","3,337",24.2,20.0,28.4,664,510,818,36.1,27.8,44.4,504,374,634,36.3,26.9,45.7,"48,557","44,052","53,062",.,.,.,.,.,.
26,087,MI,Lapeer County,"7,918","6,337","9,499",9.0,7.2,10.8,"2,007","1,427","2,587",11.9,8.5,15.3,"1,427",938,"1,916",11.2,7.4,15.0,"78,002","71,632","84,372",.,.,.,.,.,.
26,089,MI,Leelanau County,"1,483","1,141","1,825",6.5,5.0,8.0,315,208,422,9.3,6.1,12.5,206,119,293,8.0,4.6,11.4,"96,419","88,829","104,009",.,.,.,.,.,.
26,091,MI,Lenawee County,"9,021","7,341","10,701",9.6,7.8,11.4,"2,096","1,467","2,725",10.9,7.6,14.2,"1,402",890,"1,914",9.6,6.1,13.1,"71,849","69,119","74,579",.,.,.,.,.,.
26,093,MI,Livingston County,"10,466","8,671","12,261",5.4,4.5,6.3,"2,221","1,697","2,745",5.8,4.4,7.2,"1,379",912,"1,846",4.7,3.1,6.3,"101,995","96,501","107,489",.,.,.,.,.,.
26,095,MI,Luce County,987,754,"1,220",19.4,14.8,24.0,233,155,311,24.4,16.2,32.6,171,108,234,23.2,14.7,31.7,"56,009","50,723","61,295",.,.,.,.,.,.
26,097,MI,Mackinac County,"1,327","1,050","1,604",12.0,9.5,14.5,301,203,399,18.5,12.4,24.6,224,142,306,18.6,11.8,25.4,"60,831","55,161","66,501",.,.,.,.,.,.
26,099,MI,Macomb County,"95,073","86,797","103,349",10.8,9.9,11.7,"25,948","22,129","29,767",14.7,12.5,16.9,"19,519","16,477","22,561",14.7,12.4,17.0,"77,928","75,430","80,426",.,.,.,.,.,.
26,101,MI,Manistee County,"3,322","2,665","3,979",13.7,11.0,16.4,853,628,"1,078",21.1,15.5,26.7,641,461,821,20.8,14.9,26.7,"62,668","58,640","66,696",.,.,.,.,.,.
26,103,MI,Marquette County,"8,430","7,432","9,428",13.4,11.8,15.0,"1,168",760,"1,576",10.3,6.7,13.9,774,459,"1,089",9.1,5.4,12.8,"67,030","62,039","72,021",.,.,.,.,.,.
26,105,MI,Mason County,"3,353","2,740","3,966",11.7,9.6,13.8,833,573,"1,093",15.7,10.8,20.6,614,401,827,15.0,9.8,20.2,"64,623","58,793","70,453",.,.,.,.,.,.
26,107,MI,Mecosta County,"7,777","6,703","8,851",19.3,16.6,22.0,"1,832","1,413","2,251",23.8,18.4,29.2,"1,425","1,100","1,750",25.1,19.4,30.8,"62,074","56,266","67,882",.,.,.,.,.,.
26,109,MI,Menominee County,"2,957","2,385","3,529",13.0,10.5,15.5,644,454,834,17.3,12.2,22.4,453,302,604,15.6,10.4,20.8,"58,100","52,159","64,041",.,.,.,.,.,.
26,111,MI,Midland County,"7,892","6,422","9,362",9.5,7.7,11.3,"1,788","1,267","2,309",10.5,7.4,13.6,"1,254",831,"1,677",9.8,6.5,13.1,"78,615","74,392","82,838",.,.,.,.,.,.
26,113,MI,Missaukee County,"1,830","1,472","2,188",12.1,9.7,14.5,495,354,636,15.3,10.9,19.7,343,226,460,14.1,9.3,18.9,"66,502","60,848","72,156",.,.,.,.,.,.
26,115,MI,Monroe County,"15,017","12,569","17,465",9.7,8.1,11.3,"3,640","2,634","4,646",11.6,8.4,14.8,"2,587","1,784","3,390",10.9,7.5,14.3,"76,490","73,627","79,353",.,.,.,.,.,.
26,117,MI,Montcalm County,"9,019","7,264","10,774",14.2,11.4,17.0,"2,589","1,912","3,266",18.9,13.9,23.9,"1,977","1,446","2,508",19.6,14.3,24.9,"66,100","62,077","70,123",.,.,.,.,.,.
26,119,MI,Montmorency County,"1,494","1,176","1,812",15.3,12.0,18.6,359,239,479,24.3,16.2,32.4,267,164,370,24.5,15.0,34.0,"51,992","47,178","56,806",.,.,.,.,.,.
26,121,MI,Muskegon County,"29,034","25,720","32,348",16.8,14.9,18.7,"9,118","7,669","10,567",24.0,20.2,27.8,"6,403","5,167","7,639",22.6,18.2,27.0,"61,598","58,265","64,931",.,.,.,.,.,.
26,123,MI,Newaygo County,"5,937","4,814","7,060",11.7,9.5,13.9,"1,663","1,111","2,215",15.4,10.3,20.5,"1,189",760,"1,618",14.6,9.3,19.9,"66,127","61,267","70,987",.,.,.,.,.,.
26,125,MI,Oakland County,"98,067","88,796","107,338",7.6,6.9,8.3,"20,328","16,515","24,141",8.0,6.5,9.5,"13,593","10,505","16,681",7.2,5.6,8.8,"99,070","95,889","102,251",.,.,.,.,.,.
26,127,MI,Oceana County,"3,872","3,149","4,595",14.5,11.8,17.2,"1,097",812,"1,382",20.3,15.0,25.6,771,527,"1,015",19.1,13.1,25.1,"60,449","56,990","63,908",.,.,.,.,.,.
26,129,MI,Ogemaw County,"3,250","2,627","3,873",15.7,12.7,18.7,821,584,"1,058",23.0,16.4,29.6,627,437,817,23.2,16.2,30.2,"55,057","51,296","58,818",.,.,.,.,.,.
26,131,MI,Ontonagon County,824,653,995,14.3,11.3,17.3,146,98,194,20.9,14.0,27.8,103,63,143,18.7,11.4,26.0,"52,958","47,811","58,105",.,.,.,.,.,.
26,133,MI,Osceola County,"3,609","3,134","4,084",15.6,13.5,17.7,994,743,"1,245",20.7,15.5,25.9,682,484,880,19.3,13.7,24.9,"54,928","51,385","58,471",.,.,.,.,.,.
26,135,MI,Oscoda County,"1,406","1,083","1,729",16.5,12.7,20.3,434,303,565,26.4,18.4,34.4,332,223,441,26.9,18.0,35.8,"52,462","47,829","57,095",.,.,.,.,.,.
26,137,MI,Otsego County,"2,208","1,673","2,743",8.5,6.4,10.6,672,453,891,12.9,8.7,17.1,486,301,671,12.4,7.7,17.1,"69,981","63,780","76,182",.,.,.,.,.,.
26,139,MI,Ottawa County,"26,282","23,188","29,376",8.8,7.8,9.8,"5,717","4,693","6,741",8.5,7.0,10.0,"4,175","3,369","4,981",8.2,6.6,9.8,"89,708","86,742","92,674",.,.,.,.,.,.
26,141,MI,Presque Isle County,"1,728","1,428","2,028",13.2,10.9,15.5,450,337,563,22.7,17.0,28.4,278,175,381,18.1,11.4,24.8,"59,991","54,200","65,782",.,.,.,.,.,.
26,143,MI,Roscommon County,"3,872","3,081","4,663",16.3,13.0,19.6,887,616,"1,158",26.9,18.7,35.1,627,409,845,25.4,16.6,34.2,"50,727","47,417","54,037",.,.,.,.,.,.
26,145,MI,Saginaw County,"30,637","26,776","34,498",16.8,14.7,18.9,"9,259","7,323","11,195",24.0,19.0,29.0,"6,395","4,757","8,033",22.2,16.5,27.9,"61,572","58,175","64,969",.,.,.,.,.,.
26,147,MI,St. Clair County,"17,239","14,396","20,082",10.9,9.1,12.7,"4,378","3,236","5,520",14.1,10.4,17.8,"3,148","2,203","4,093",13.4,9.4,17.4,"71,545","68,730","74,360",.,.,.,.,.,.
26,149,MI,St. Joseph County,"7,445","6,145","8,745",12.3,10.2,14.4,"2,529","1,915","3,143",17.7,13.4,22.0,"1,876","1,399","2,353",17.6,13.1,22.1,"65,096","59,712","70,480",.,.,.,.,.,.
26,151,MI,Sanilac County,"6,627","5,786","7,468",16.6,14.5,18.7,"1,821","1,461","2,181",22.5,18.0,27.0,"1,259",957,"1,561",20.6,15.7,25.5,"58,383","53,878","62,888",.,.,.,.,.,.
26,153,MI,Schoolcraft County,"1,114",871,"1,357",13.8,10.8,16.8,315,211,419,22.9,15.3,30.5,228,143,313,21.6,13.6,29.6,"58,519","53,166","63,872",.,.,.,.,.,.
26,155,MI,Shiawassee County,"8,324","6,942","9,706",12.4,10.3,14.5,"2,025","1,471","2,579",15.0,10.9,19.1,"1,457","1,007","1,907",14.5,10.0,19.0,"71,235","67,313","75,157",.,.,.,.,.,.
26,157,MI,Tuscola County,"5,888","4,814","6,962",11.3,9.2,13.4,"1,506","1,029","1,983",15.2,10.4,20.0,"1,062",671,"1,453",14.3,9.0,19.6,"62,492","58,258","66,726",.,.,.,.,.,.
26,159,MI,Van Buren County,"10,286","8,712","11,860",13.6,11.5,15.7,"3,097","2,353","3,841",18.5,14.1,22.9,"2,209","1,595","2,823",17.5,12.6,22.4,"67,463","62,948","71,978",.,.,.,.,.,.
26,161,MI,Washtenaw County,"49,125","44,680","53,570",13.9,12.6,15.2,"7,426","5,834","9,018",11.3,8.9,13.7,"5,060","3,764","6,356",10.2,7.6,12.8,"90,907","87,461","94,353",.,.,.,.,.,.
26,163,MI,Wayne County,"386,973","371,823","402,123",22.1,21.2,23.0,"134,836","126,951","142,721",33.2,31.3,35.1,"94,792","88,592","100,992",31.5,29.4,33.6,"59,484","57,693","61,275",.,.,.,.,.,.
26,165,MI,Wexford County,"4,949","4,118","5,780",14.6,12.2,17.0,"1,339",970,"1,708",17.9,13.0,22.8,973,680,"1,266",17.5,12.2,22.8,"56,558","52,201","60,915",.,.,.,.,.,.
27,000,MN,Minnesota,"528,907","513,183","544,631",9.3,9.0,9.6,"122,503","113,686","131,320",9.6,8.9,10.3,"81,654","73,968","89,340",8.6,7.8,9.4,"87,120","86,179","88,061","34,562","30,897","38,227",10.9,9.7,12.1
27,001,MN,Aitkin County,"2,238","1,893","2,583",13.9,11.8,16.0,350,235,465,14.5,9.7,19.3,240,146,334,13.0,7.9,18.1,"62,351","57,679","67,023",.,.,.,.,.,.
27,003,MN,Anoka County,"25,712","21,735","29,689",6.9,5.8,8.0,"7,242","5,513","8,971",8.4,6.4,10.4,"4,746","3,358","6,134",7.3,5.2,9.4,"100,616","95,961","105,271",.,.,.,.,.,.
27,005,MN,Becker County,"4,490","3,824","5,156",12.8,10.9,14.7,"1,168",899,"1,437",14.9,11.5,18.3,812,599,"1,025",13.5,10.0,17.0,"71,821","66,499","77,143",.,.,.,.,.,.
27,007,MN,Beltrami County,"7,708","6,535","8,881",17.3,14.7,19.9,"2,220","1,616","2,824",20.3,14.8,25.8,"1,429",941,"1,917",17.4,11.5,23.3,"63,322","58,889","67,755",.,.,.,.,.,.
27,009,MN,Benton County,"3,907","3,168","4,646",9.5,7.7,11.3,910,595,"1,225",9.0,5.9,12.1,563,312,814,7.4,4.1,10.7,"77,562","70,070","85,054",.,.,.,.,.,.
27,011,MN,Big Stone County,608,485,731,12.3,9.8,14.8,148,96,200,13.5,8.8,18.2,105,63,147,13.2,7.9,18.5,"69,982","62,867","77,097",.,.,.,.,.,.
27,013,MN,Blue Earth County,"9,380","8,039","10,721",14.1,12.1,16.1,"1,381",904,"1,858",10.3,6.7,13.9,954,577,"1,331",9.6,5.8,13.4,"72,501","67,023","77,979",.,.,.,.,.,.
27,015,MN,Brown County,"2,367","1,962","2,772",9.6,8.0,11.2,445,297,593,8.0,5.3,10.7,295,178,412,7.0,4.2,9.8,"71,234","65,580","76,888",.,.,.,.,.,.
27,017,MN,Carlton County,"3,902","3,277","4,527",11.2,9.4,13.0,847,646,"1,048",11.2,8.5,13.9,528,358,698,9.2,6.2,12.2,"74,613","66,607","82,619",.,.,.,.,.,.
27,019,MN,Carver County,"5,239","4,243","6,235",4.7,3.8,5.6,938,621,"1,255",3.5,2.3,4.7,589,351,827,2.8,1.6,4.0,"128,341","122,631","134,051",.,.,.,.,.,.
27,021,MN,Cass County,"3,640","2,950","4,330",11.7,9.5,13.9,946,611,"1,281",16.0,10.4,21.6,648,370,926,14.2,8.1,20.3,"74,471","70,564","78,378",.,.,.,.,.,.
27,023,MN,Chippewa County,"1,491","1,218","1,764",12.4,10.1,14.7,550,415,685,18.1,13.7,22.5,414,310,518,18.9,14.1,23.7,"70,511","65,784","75,238",.,.,.,.,.,.
27,025,MN,Chisago County,"3,699","2,882","4,516",6.4,5.0,7.8,798,548,"1,048",6.3,4.3,8.3,502,310,694,5.2,3.2,7.2,"100,209","92,903","107,515",.,.,.,.,.,.
27,027,MN,Clay County,"7,116","5,833","8,399",11.2,9.2,13.2,"1,667","1,051","2,283",10.6,6.7,14.5,"1,157",661,"1,653",9.5,5.4,13.6,"81,226","76,217","86,235",.,.,.,.,.,.
27,029,MN,Clearwater County,"1,205",965,"1,445",14.1,11.3,16.9,385,267,503,18.5,12.8,24.2,263,167,359,16.5,10.5,22.5,"65,723","58,792","72,654",.,.,.,.,.,.
27,031,MN,Cook County,541,412,670,9.8,7.5,12.1,100,65,135,12.6,8.2,17.0,66,39,93,11.0,6.5,15.5,"68,087","60,584","75,590",.,.,.,.,.,.
27,033,MN,Cottonwood County,"1,295","1,011","1,579",11.7,9.1,14.3,439,291,587,15.4,10.2,20.6,306,189,423,14.4,8.9,19.9,"73,902","69,225","78,579",.,.,.,.,.,.
27,035,MN,Crow Wing County,"7,284","6,078","8,490",10.8,9.0,12.6,"1,702","1,245","2,159",12.8,9.4,16.2,"1,103",764,"1,442",10.9,7.5,14.3,"73,595","69,302","77,888",.,.,.,.,.,.
27,037,MN,Dakota County,"31,798","28,309","35,287",7.1,6.3,7.9,"7,218","5,565","8,871",6.9,5.3,8.5,"4,720","3,370","6,070",5.9,4.2,7.6,"105,495","102,219","108,771",.,.,.,.,.,.
27,039,MN,Dodge County,"1,570","1,283","1,857",7.4,6.0,8.8,377,280,474,7.4,5.5,9.3,267,189,345,7.1,5.0,9.2,"97,714","91,857","103,571",.,.,.,.,.,.
27,041,MN,Douglas County,"3,648","3,024","4,272",9.3,7.7,10.9,664,459,869,8.0,5.5,10.5,451,288,614,7.3,4.7,9.9,"79,503","74,863","84,143",.,.,.,.,.,.
27,043,MN,Faribault County,"1,478","1,171","1,785",10.8,8.6,13.0,401,269,533,13.6,9.1,18.1,286,181,391,12.4,7.9,16.9,"65,607","60,738","70,476",.,.,.,.,.,.
27,045,MN,Fillmore County,"1,708","1,319","2,097",8.1,6.3,9.9,489,303,675,9.6,5.9,13.3,336,187,485,8.7,4.9,12.5,"77,883","72,800","82,966",.,.,.,.,.,.
27,047,MN,Freeborn County,"3,375","2,725","4,025",11.3,9.1,13.5,828,553,"1,103",13.1,8.7,17.5,584,365,803,12.2,7.6,16.8,"69,863","65,533","74,193",.,.,.,.,.,.
27,049,MN,Goodhue County,"3,407","2,721","4,093",7.2,5.7,8.7,723,478,968,7.2,4.8,9.6,505,308,702,6.7,4.1,9.3,"84,127","78,518","89,736",.,.,.,.,.,.
27,051,MN,Grant County,592,470,714,9.8,7.8,11.8,142,92,192,10.2,6.6,13.8,96,56,136,9.3,5.4,13.2,"69,963","62,884","77,042",.,.,.,.,.,.
27,053,MN,Hennepin County,"119,337","109,196","129,478",9.5,8.7,10.3,"26,022","20,772","31,272",9.8,7.8,11.8,"17,430","13,102","21,758",8.9,6.7,11.1,"95,372","92,089","98,655",.,.,.,.,.,.
27,055,MN,Houston County,"1,563","1,272","1,854",8.6,7.0,10.2,293,203,383,8.0,5.5,10.5,201,131,271,6.8,4.4,9.2,"77,735","69,620","85,850",.,.,.,.,.,.
27,057,MN,Hubbard County,"2,713","2,296","3,130",12.4,10.5,14.3,626,446,806,14.8,10.6,19.0,424,276,572,13.0,8.5,17.5,"72,189","66,994","77,384",.,.,.,.,.,.
27,059,MN,Isanti County,"3,105","2,442","3,768",7.2,5.7,8.7,761,513,"1,009",7.8,5.2,10.4,520,314,726,7.1,4.3,9.9,"92,468","86,708","98,228",.,.,.,.,.,.
27,061,MN,Itasca County,"4,884","4,040","5,728",11.0,9.1,12.9,"1,036",684,"1,388",11.9,7.9,15.9,705,417,993,10.7,6.3,15.1,"71,607","67,202","76,012",.,.,.,.,.,.
27,063,MN,Jackson County,912,706,"1,118",9.4,7.3,11.5,204,136,272,10.2,6.8,13.6,140,84,196,9.1,5.5,12.7,"79,179","73,913","84,445",.,.,.,.,.,.
27,065,MN,Kanabec County,"1,809","1,439","2,179",11.0,8.7,13.3,410,255,565,12.1,7.5,16.7,265,136,394,10.4,5.4,15.4,"71,812","65,609","78,015",.,.,.,.,.,.
27,067,MN,Kandiyohi County,"3,912","2,943","4,881",8.9,6.7,11.1,"1,209",768,"1,650",11.3,7.2,15.4,750,394,"1,106",9.7,5.1,14.3,"76,575","71,614","81,536",.,.,.,.,.,.
27,069,MN,Kittson County,390,300,480,10.0,7.7,12.3,100,66,134,11.5,7.6,15.4,68,40,96,10.0,5.9,14.1,"77,479","70,873","84,085",.,.,.,.,.,.
27,071,MN,Koochiching County,"1,525","1,213","1,837",13.4,10.7,16.1,299,195,403,15.1,9.8,20.4,210,125,295,14.2,8.4,20.0,"64,165","57,003","71,327",.,.,.,.,.,.
27,073,MN,Lac qui Parle County,604,465,743,9.3,7.2,11.4,158,102,214,11.2,7.3,15.1,112,65,159,10.8,6.3,15.3,"72,965","65,928","80,002",.,.,.,.,.,.
27,075,MN,Lake County,"1,055",837,"1,273",10.0,7.9,12.1,228,157,299,11.8,8.1,15.5,145,89,201,9.7,6.0,13.4,"73,427","67,757","79,097",.,.,.,.,.,.
27,077,MN,Lake of the Woods County,388,291,485,10.3,7.7,12.9,77,50,104,11.1,7.2,15.0,54,32,76,10.9,6.4,15.4,"68,245","60,320","76,170",.,.,.,.,.,.
27,079,MN,Le Sueur County,"2,168","1,706","2,630",7.4,5.8,9.0,463,311,615,7.1,4.8,9.4,319,194,444,6.4,3.9,8.9,"97,422","91,870","102,974",.,.,.,.,.,.
27,081,MN,Lincoln County,672,561,783,12.3,10.3,14.3,140,106,174,11.4,8.6,14.2,91,63,119,9.4,6.5,12.3,"67,555","60,067","75,043",.,.,.,.,.,.
27,083,MN,Lyon County,"2,763","2,227","3,299",11.1,8.9,13.3,796,565,"1,027",12.2,8.7,15.7,548,362,734,11.1,7.3,14.9,"75,285","70,549","80,021",.,.,.,.,.,.
27,085,MN,McLeod County,"2,890","2,383","3,397",8.0,6.6,9.4,593,423,763,7.7,5.5,9.9,393,254,532,6.9,4.5,9.3,"81,839","76,305","87,373",.,.,.,.,.,.
27,087,MN,Mahnomen County,858,692,"1,024",16.4,13.2,19.6,336,222,450,20.9,13.8,28.0,249,155,343,20.6,12.8,28.4,"60,812","56,102","65,522",.,.,.,.,.,.
27,089,MN,Marshall County,785,622,948,9.0,7.1,10.9,181,119,243,9.2,6.0,12.4,122,71,173,8.0,4.6,11.4,"73,025","68,347","77,703",.,.,.,.,.,.
27,091,MN,Martin County,"2,447","1,971","2,923",12.7,10.2,15.2,672,450,894,15.3,10.3,20.3,477,296,658,14.6,9.1,20.1,"61,311","55,968","66,654",.,.,.,.,.,.
27,093,MN,Meeker County,"2,157","1,784","2,530",9.3,7.7,10.9,422,284,560,7.9,5.3,10.5,289,176,402,7.0,4.3,9.7,"75,367","68,584","82,150",.,.,.,.,.,.
27,095,MN,Mille Lacs County,"2,926","2,392","3,460",10.8,8.8,12.8,783,532,"1,034",12.9,8.8,17.0,547,344,750,11.9,7.5,16.3,"76,062","69,788","82,336",.,.,.,.,.,.
27,097,MN,Morrison County,"3,940","3,296","4,584",11.5,9.6,13.4,831,587,"1,075",10.9,7.7,14.1,513,317,709,8.8,5.4,12.2,"71,508","67,172","75,844",.,.,.,.,.,.
27,099,MN,Mower County,"3,721","2,839","4,603",9.2,7.0,11.4,"1,140",745,"1,535",11.3,7.4,15.2,770,444,"1,096",10.2,5.9,14.5,"70,499","65,185","75,813",.,.,.,.,.,.
27,101,MN,Murray County,816,649,983,10.2,8.1,12.3,205,142,268,12.3,8.5,16.1,148,97,199,11.5,7.6,15.4,"73,306","65,547","81,065",.,.,.,.,.,.
27,103,MN,Nicollet County,"2,493","1,931","3,055",7.8,6.0,9.6,561,363,759,8.0,5.2,10.8,376,221,531,7.0,4.1,9.9,"82,044","75,338","88,750",.,.,.,.,.,.
27,105,MN,Nobles County,"2,867","2,366","3,368",13.3,11.0,15.6,885,629,"1,141",13.9,9.9,17.9,584,376,792,12.9,8.3,17.5,"70,123","62,231","78,015",.,.,.,.,.,.
27,107,MN,Norman County,652,499,805,10.5,8.0,13.0,177,112,242,12.5,7.9,17.1,130,77,183,11.9,7.1,16.7,"71,780","66,845","76,715",.,.,.,.,.,.
27,109,MN,Olmsted County,"11,111","9,042","13,180",6.8,5.5,8.1,"2,839","1,819","3,859",7.4,4.7,10.1,"1,929","1,089","2,769",6.8,3.8,9.8,"94,129","88,051","100,207",.,.,.,.,.,.
27,111,MN,Otter Tail County,"6,309","5,306","7,312",10.5,8.8,12.2,"1,435","1,014","1,856",11.1,7.8,14.4,913,585,"1,241",9.4,6.0,12.8,"71,907","67,180","76,634",.,.,.,.,.,.
27,113,MN,Pennington County,"1,423","1,126","1,720",10.7,8.5,12.9,303,203,403,10.3,6.9,13.7,212,131,293,9.5,5.9,13.1,"72,712","66,037","79,387",.,.,.,.,.,.
27,115,MN,Pine County,"3,879","3,370","4,388",13.5,11.7,15.3,692,460,924,12.6,8.4,16.8,464,278,650,11.3,6.8,15.8,"67,872","61,357","74,387",.,.,.,.,.,.
27,117,MN,Pipestone County,892,684,"1,100",10.0,7.7,12.3,264,174,354,11.0,7.3,14.7,181,111,251,9.9,6.1,13.7,"70,885","66,692","75,078",.,.,.,.,.,.
27,119,MN,Polk County,"3,863","3,266","4,460",13.2,11.2,15.2,994,750,"1,238",13.9,10.5,17.3,671,471,871,12.0,8.4,15.6,"75,047","69,619","80,475",.,.,.,.,.,.
27,121,MN,Pope County,975,764,"1,186",8.6,6.7,10.5,211,137,285,8.5,5.5,11.5,145,85,205,7.8,4.6,11.0,"76,823","73,482","80,164",.,.,.,.,.,.
27,123,MN,Ramsey County,"70,320","63,519","77,121",13.3,12.0,14.6,"17,421","13,579","21,263",14.4,11.2,17.6,"11,460","8,356","14,564",12.9,9.4,16.4,"78,562","75,379","81,745",.,.,.,.,.,.
27,125,MN,Red Lake County,351,262,440,9.1,6.8,11.4,88,57,119,9.8,6.4,13.2,59,34,84,8.8,5.1,12.5,"72,158","67,167","77,149",.,.,.,.,.,.
27,127,MN,Redwood County,"1,656","1,383","1,929",11.0,9.2,12.8,444,309,579,12.1,8.4,15.8,303,190,416,11.2,7.0,15.4,"66,279","60,837","71,721",.,.,.,.,.,.
27,129,MN,Renville County,"1,521","1,215","1,827",10.8,8.6,13.0,427,297,557,12.9,9.0,16.8,299,196,402,12.4,8.1,16.7,"74,186","67,523","80,849",.,.,.,.,.,.
27,131,MN,Rice County,"6,523","5,307","7,739",10.6,8.6,12.6,"1,614","1,174","2,054",11.3,8.2,14.4,"1,109",755,"1,463",10.5,7.1,13.9,"83,933","77,595","90,271",.,.,.,.,.,.
27,133,MN,Rock County,833,651,"1,015",8.9,6.9,10.9,177,113,241,8.4,5.3,11.5,123,72,174,7.4,4.3,10.5,"77,403","69,432","85,374",.,.,.,.,.,.
27,135,MN,Roseau County,"1,327","1,057","1,597",8.8,7.0,10.6,333,234,432,9.4,6.6,12.2,189,107,271,7.1,4.0,10.2,"76,342","69,633","83,051",.,.,.,.,.,.
27,137,MN,St. Louis County,"24,564","21,771","27,357",12.7,11.3,14.1,"3,770","2,699","4,841",10.6,7.6,13.6,"2,408","1,530","3,286",9.2,5.9,12.5,"69,200","66,653","71,747",.,.,.,.,.,.
27,139,MN,Scott County,"8,303","6,761","9,845",5.3,4.3,6.3,"2,113","1,448","2,778",5.5,3.8,7.2,"1,460",908,"2,012",4.9,3.0,6.8,"121,666","111,670","131,662",.,.,.,.,.,.
27,141,MN,Sherburne County,"5,896","4,693","7,099",5.9,4.7,7.1,"1,555","1,009","2,101",6.1,4.0,8.2,"1,081",640,"1,522",5.6,3.3,7.9,"110,997","104,027","117,967",.,.,.,.,.,.
27,143,MN,Sibley County,"1,212",928,"1,496",8.1,6.2,10.0,290,190,390,8.7,5.7,11.7,192,114,270,7.9,4.7,11.1,"79,069","72,606","85,532",.,.,.,.,.,.
27,145,MN,Stearns County,"18,539","15,838","21,240",11.7,10.0,13.4,"4,889","3,606","6,172",12.9,9.5,16.3,"3,202","2,149","4,255",11.5,7.7,15.3,"76,793","73,051","80,535",.,.,.,.,.,.
27,147,MN,Steele County,"3,079","2,421","3,737",8.3,6.5,10.1,785,514,"1,056",9.0,5.9,12.1,549,331,767,8.3,5.0,11.6,"83,225","74,741","91,709",.,.,.,.,.,.
27,149,MN,Stevens County,993,816,"1,170",10.9,9.0,12.8,146,96,196,6.7,4.4,9.0,89,51,127,5.7,3.2,8.2,"73,103","65,598","80,608",.,.,.,.,.,.
27,151,MN,Swift County,"1,238","1,057","1,419",13.2,11.3,15.1,353,282,424,16.5,13.2,19.8,218,160,276,13.9,10.2,17.6,"65,656","60,115","71,197",.,.,.,.,.,.
27,153,MN,Todd County,"2,691","2,093","3,289",10.5,8.2,12.8,807,516,"1,098",12.7,8.1,17.3,528,295,761,11.3,6.3,16.3,"70,856","66,574","75,138",.,.,.,.,.,.
27,155,MN,Traverse County,397,304,490,13.1,10.0,16.2,115,75,155,17.1,11.2,23.0,80,47,113,16.1,9.5,22.7,"68,666","60,711","76,621",.,.,.,.,.,.
27,157,MN,Wabasha County,"1,480","1,143","1,817",7.0,5.4,8.6,327,205,449,7.2,4.5,9.9,232,133,331,6.7,3.8,9.6,"81,105","75,671","86,539",.,.,.,.,.,.
27,159,MN,Wadena County,"2,136","1,781","2,491",15.1,12.6,17.6,606,423,789,16.1,11.2,21.0,426,280,572,15.4,10.1,20.7,"61,394","56,700","66,088",.,.,.,.,.,.
27,161,MN,Waseca County,"1,587","1,245","1,929",8.9,7.0,10.8,380,243,517,9.4,6.0,12.8,266,150,382,8.7,4.9,12.5,"79,832","73,732","85,932",.,.,.,.,.,.
27,163,MN,Washington County,"13,767","11,617","15,917",4.9,4.1,5.7,"2,850","1,893","3,807",4.3,2.8,5.8,"1,971","1,192","2,750",3.9,2.4,5.4,"113,057","107,278","118,836",.,.,.,.,.,.
27,165,MN,Watonwan County,"1,167",892,"1,442",10.6,8.1,13.1,383,251,515,12.7,8.3,17.1,260,153,367,12.5,7.4,17.6,"71,892","68,002","75,782",.,.,.,.,.,.
27,167,MN,Wilkin County,527,394,660,8.5,6.3,10.7,128,83,173,9.3,6.0,12.6,90,53,127,8.5,5.1,11.9,"80,591","72,273","88,909",.,.,.,.,.,.
27,169,MN,Winona County,"6,171","5,109","7,233",13.3,11.0,15.6,718,458,978,8.7,5.6,11.8,461,255,667,7.3,4.0,10.6,"74,003","67,580","80,426",.,.,.,.,.,.
27,171,MN,Wright County,"9,523","8,061","10,985",6.2,5.2,7.2,"2,130","1,577","2,683",5.3,3.9,6.7,"1,381",936,"1,826",4.6,3.1,6.1,"102,130","96,691","107,569",.,.,.,.,.,.
27,173,MN,Yellow Medicine County,906,722,"1,090",9.8,7.8,11.8,230,150,310,10.9,7.1,14.7,158,93,223,10.1,6.0,14.2,"80,444","75,473","85,415",.,.,.,.,.,.
28,000,MS,Mississippi,"508,188","492,847","523,529",17.8,17.3,18.3,"165,015","157,034","172,996",25.0,23.8,26.2,"119,087","111,847","126,327",24.3,22.8,25.8,"59,301","57,815","60,787","43,563","40,296","46,830",26.0,24.1,27.9
28,001,MS,Adams County,"6,741","5,109","8,373",24.0,18.2,29.8,"1,952","1,328","2,576",36.0,24.5,47.5,"1,446",935,"1,957",35.7,23.1,48.3,"45,515","40,603","50,427",.,.,.,.,.,.
28,003,MS,Alcorn County,"5,169","4,037","6,301",15.4,12.0,18.8,"1,481",980,"1,982",20.1,13.3,26.9,"1,104",685,"1,523",20.2,12.5,27.9,"54,635","49,135","60,135",.,.,.,.,.,.
28,005,MS,Amite County,"2,712","2,145","3,279",22.0,17.4,26.6,723,509,937,29.7,20.9,38.5,547,369,725,29.8,20.1,39.5,"48,604","42,936","54,272",.,.,.,.,.,.
28,007,MS,Attala County,"3,296","2,505","4,087",19.5,14.8,24.2,"1,227",838,"1,616",29.1,19.9,38.3,884,570,"1,198",27.6,17.8,37.4,"49,806","44,747","54,865",.,.,.,.,.,.
28,009,MS,Benton County,"1,486","1,128","1,844",19.9,15.1,24.7,448,300,596,29.1,19.5,38.7,334,209,459,29.5,18.4,40.6,"49,106","43,754","54,458",.,.,.,.,.,.
28,011,MS,Bolivar County,"8,098","6,972","9,224",30.0,25.8,34.2,"3,262","2,725","3,799",47.6,39.8,55.4,"2,432","2,016","2,848",47.6,39.5,55.7,"44,329","39,900","48,758",.,.,.,.,.,.
28,013,MS,Calhoun County,"2,317","1,826","2,808",18.6,14.7,22.5,659,444,874,24.2,16.3,32.1,484,307,661,24.9,15.8,34.0,"46,890","42,532","51,248",.,.,.,.,.,.
28,015,MS,Carroll County,"1,381","1,027","1,735",15.8,11.8,19.8,349,232,466,22.9,15.2,30.6,259,160,358,22.1,13.7,30.5,"55,737","49,397","62,077",.,.,.,.,.,.
28,017,MS,Chickasaw County,"3,747","3,027","4,467",23.1,18.7,27.5,"1,266",883,"1,649",30.8,21.5,40.1,918,605,"1,231",30.5,20.1,40.9,"46,080","40,771","51,389",.,.,.,.,.,.
28,019,MS,Choctaw County,"1,639","1,280","1,998",20.6,16.1,25.1,463,309,617,27.3,18.2,36.4,329,204,454,26.1,16.2,36.0,"53,406","47,387","59,425",.,.,.,.,.,.
28,021,MS,Claiborne County,"2,498","1,980","3,016",33.3,26.4,40.2,827,589,"1,065",45.2,32.2,58.2,623,426,820,46.5,31.8,61.2,"38,548","33,930","43,166",.,.,.,.,.,.
28,023,MS,Clarke County,"2,935","2,236","3,634",19.6,14.9,24.3,836,559,"1,113",26.2,17.5,34.9,601,370,832,25.6,15.7,35.5,"52,695","46,493","58,897",.,.,.,.,.,.
28,025,MS,Clay County,"3,697","2,807","4,587",20.6,15.6,25.6,"1,247",843,"1,651",31.3,21.2,41.4,901,572,"1,230",31.4,19.9,42.9,"46,829","41,405","52,253",.,.,.,.,.,.
28,027,MS,Coahoma County,"6,835","5,707","7,963",34.9,29.1,40.7,"2,435","1,809","3,061",46.9,34.8,59.0,"1,725","1,212","2,238",44.9,31.6,58.2,"37,206","32,972","41,440",.,.,.,.,.,.
28,029,MS,Copiah County,"5,191","3,927","6,455",19.5,14.7,24.3,"1,731","1,182","2,280",28.9,19.7,38.1,"1,323",880,"1,766",30.3,20.2,40.4,"52,118","46,629","57,607",.,.,.,.,.,.
28,031,MS,Covington County,"3,540","2,792","4,288",20.0,15.8,24.2,"1,156",756,"1,556",26.9,17.6,36.2,849,513,"1,185",27.0,16.3,37.7,"51,171","45,176","57,166",.,.,.,.,.,.
28,033,MS,DeSoto County,"18,652","15,651","21,653",9.6,8.1,11.1,"6,262","4,814","7,710",13.4,10.3,16.5,"4,506","3,317","5,695",12.5,9.2,15.8,"85,117","79,877","90,357",.,.,.,.,.,.
28,035,MS,Forrest County,"15,560","12,688","18,432",21.4,17.4,25.4,"4,794","3,427","6,161",27.8,19.9,35.7,"3,335","2,262","4,408",26.2,17.8,34.6,"49,352","46,054","52,650",.,.,.,.,.,.
28,037,MS,Franklin County,"1,400","1,065","1,735",18.8,14.3,23.3,447,300,594,26.2,17.6,34.8,322,201,443,25.7,16.1,35.3,"53,267","47,194","59,340",.,.,.,.,.,.
28,039,MS,George County,"3,579","2,747","4,411",14.1,10.8,17.4,"1,349",892,"1,806",20.2,13.4,27.0,980,605,"1,355",19.9,12.3,27.5,"66,266","59,389","73,143",.,.,.,.,.,.
28,041,MS,Greene County,"2,390","1,835","2,945",22.0,16.9,27.1,570,394,746,23.1,16.0,30.2,411,264,558,23.3,15.0,31.6,"56,231","49,723","62,739",.,.,.,.,.,.
28,043,MS,Grenada County,"3,992","3,153","4,831",19.4,15.3,23.5,"1,379",952,"1,806",27.9,19.3,36.5,"1,046",695,"1,397",28.0,18.6,37.4,"50,210","44,769","55,651",.,.,.,.,.,.
28,045,MS,Hancock County,"7,617","6,259","8,975",16.5,13.6,19.4,"1,796","1,282","2,310",21.1,15.1,27.1,"1,372",954,"1,790",22.0,15.3,28.7,"62,485","55,999","68,971",.,.,.,.,.,.
28,047,MS,Harrison County,"33,275","28,953","37,597",15.9,13.8,18.0,"11,180","8,714","13,646",23.2,18.1,28.3,"8,154","6,193","10,115",22.7,17.2,28.2,"63,362","59,605","67,119",.,.,.,.,.,.
28,049,MS,Hinds County,"45,418","39,881","50,955",22.2,19.5,24.9,"15,061","12,196","17,926",31.6,25.6,37.6,"10,802","8,512","13,092",30.7,24.2,37.2,"51,926","47,818","56,034",.,.,.,.,.,.
28,051,MS,Holmes County,"4,999","3,872","6,126",34.3,26.6,42.0,"1,706","1,203","2,209",46.8,33.0,60.6,"1,296",893,"1,699",48.3,33.3,63.3,"38,543","35,528","41,558",.,.,.,.,.,.
28,053,MS,Humphreys County,"2,343","1,792","2,894",33.3,25.5,41.1,885,614,"1,156",51.8,36.0,67.6,640,415,865,49.8,32.3,67.3,"39,287","35,454","43,120",.,.,.,.,.,.
28,055,MS,Issaquena County,412,299,525,55.7,40.4,71.0,30,18,41,73.2,44.5,100.0,23,13,30,76.7,43.3,100.0,"38,770","34,080","43,460",.,.,.,.,.,.
28,057,MS,Itawamba County,"4,221","3,552","4,890",18.7,15.7,21.7,"1,232",984,"1,480",24.7,19.7,29.7,864,659,"1,069",23.8,18.2,29.4,"58,396","51,800","64,992",.,.,.,.,.,.
28,059,MS,Jackson County,"20,113","16,876","23,350",13.8,11.6,16.0,"6,408","4,968","7,848",19.8,15.3,24.3,"4,647","3,510","5,784",19.1,14.4,23.8,"69,544","65,188","73,900",.,.,.,.,.,.
28,061,MS,Jasper County,"3,088","2,395","3,781",19.6,15.2,24.0,"1,000",670,"1,330",28.1,18.8,37.4,725,450,"1,000",27.7,17.2,38.2,"49,500","43,640","55,360",.,.,.,.,.,.
28,063,MS,Jefferson County,"1,999","1,523","2,475",30.5,23.2,37.8,595,402,788,40.4,27.3,53.5,439,280,598,38.6,24.6,52.6,"39,950","35,473","44,427",.,.,.,.,.,.
28,065,MS,Jefferson Davis County,"2,617","2,003","3,231",23.9,18.3,29.5,780,530,"1,030",35.9,24.4,47.4,590,385,795,36.7,24.0,49.4,"41,586","36,777","46,395",.,.,.,.,.,.
28,067,MS,Jones County,"12,338","10,192","14,484",19.2,15.9,22.5,"4,433","3,426","5,440",28.0,21.7,34.3,"3,271","2,452","4,090",28.0,21.0,35.0,"53,046","48,777","57,315",.,.,.,.,.,.
28,069,MS,Kemper County,"1,963","1,496","2,430",25.4,19.4,31.4,513,356,670,35.0,24.3,45.7,369,237,501,33.8,21.7,45.9,"43,991","39,063","48,919",.,.,.,.,.,.
28,071,MS,Lafayette County,"9,407","7,908","10,906",17.9,15.1,20.7,"1,463",981,"1,945",14.0,9.4,18.6,"1,001",602,"1,400",13.0,7.8,18.2,"67,571","61,003","74,139",.,.,.,.,.,.
28,073,MS,Lamar County,"7,646","6,192","9,100",11.6,9.4,13.8,"2,373","1,720","3,026",15.3,11.1,19.5,"1,701","1,138","2,264",14.5,9.7,19.3,"79,568","74,218","84,918",.,.,.,.,.,.
28,075,MS,Lauderdale County,"13,499","10,933","16,065",20.0,16.2,23.8,"4,475","3,248","5,702",28.3,20.5,36.1,"3,275","2,252","4,298",28.1,19.3,36.9,"56,828","51,459","62,197",.,.,.,.,.,.
28,077,MS,Lawrence County,"2,308","1,845","2,771",19.9,15.9,23.9,724,507,941,26.4,18.5,34.3,554,377,731,27.1,18.4,35.8,"52,187","45,988","58,386",.,.,.,.,.,.
28,079,MS,Leake County,"4,359","3,439","5,279",20.8,16.4,25.2,"1,517","1,057","1,977",30.5,21.2,39.8,"1,080",690,"1,470",30.7,19.6,41.8,"57,130","53,318","60,942",.,.,.,.,.,.
28,081,MS,Lee County,"13,266","11,299","15,233",16.2,13.8,18.6,"4,378","3,352","5,404",22.1,16.9,27.3,"3,159","2,299","4,019",21.3,15.5,27.1,"61,826","55,493","68,159",.,.,.,.,.,.
28,083,MS,Leflore County,"7,780","6,209","9,351",31.2,24.9,37.5,"3,017","2,162","3,872",44.2,31.7,56.7,"2,134","1,417","2,851",41.5,27.6,55.4,"39,033","35,270","42,796",.,.,.,.,.,.
28,085,MS,Lincoln County,"5,577","4,247","6,907",16.2,12.3,20.1,"1,700","1,160","2,240",22.0,15.0,29.0,"1,213",775,"1,651",21.1,13.5,28.7,"57,959","52,303","63,615",.,.,.,.,.,.
28,087,MS,Lowndes County,"9,678","7,583","11,773",17.5,13.7,21.3,"3,470","2,415","4,525",26.1,18.2,34.0,"2,490","1,594","3,386",25.4,16.2,34.6,"56,293","51,033","61,553",.,.,.,.,.,.
28,089,MS,Madison County,"11,122","8,861","13,383",9.9,7.9,11.9,"3,648","2,531","4,765",13.7,9.5,17.9,"2,530","1,625","3,435",12.7,8.2,17.2,"90,259","83,626","96,892",.,.,.,.,.,.
28,091,MS,Marion County,"4,629","3,595","5,663",19.8,15.4,24.2,"1,523","1,072","1,974",28.7,20.2,37.2,"1,143",772,"1,514",28.3,19.1,37.5,"49,639","44,053","55,225",.,.,.,.,.,.
28,093,MS,Marshall County,"6,628","5,284","7,972",20.4,16.3,24.5,"1,939","1,336","2,542",28.0,19.3,36.7,"1,408",907,"1,909",27.4,17.6,37.2,"54,244","48,120","60,368",.,.,.,.,.,.
28,095,MS,Monroe County,"5,982","4,929","7,035",18.2,15.0,21.4,"1,775","1,330","2,220",24.5,18.4,30.6,"1,266",893,"1,639",23.8,16.8,30.8,"49,747","45,185","54,309",.,.,.,.,.,.
28,097,MS,Montgomery County,"2,127","1,650","2,604",22.8,17.7,27.9,721,508,934,35.0,24.6,45.4,545,369,721,37.2,25.2,49.2,"47,011","41,415","52,607",.,.,.,.,.,.
28,099,MS,Neshoba County,"5,260","4,068","6,452",18.6,14.4,22.8,"2,027","1,399","2,655",26.3,18.1,34.5,"1,380",869,"1,891",24.9,15.7,34.1,"59,316","54,155","64,477",.,.,.,.,.,.
28,101,MS,Newton County,"4,360","3,599","5,121",21.6,17.8,25.4,"1,565","1,225","1,905",30.9,24.2,37.6,"1,197",922,"1,472",33.0,25.4,40.6,"49,159","43,524","54,794",.,.,.,.,.,.
28,103,MS,Noxubee County,"2,646","2,035","3,257",27.4,21.1,33.7,917,620,"1,214",38.0,25.7,50.3,681,439,923,38.9,25.1,52.7,"41,273","36,341","46,205",.,.,.,.,.,.
28,105,MS,Oktibbeha County,"8,985","7,169","10,801",19.4,15.5,23.3,"2,132","1,426","2,838",23.8,15.9,31.7,"1,415",840,"1,990",22.2,13.2,31.2,"54,391","48,565","60,217",.,.,.,.,.,.
28,107,MS,Panola County,"6,709","5,224","8,194",20.7,16.1,25.3,"2,456","1,743","3,169",31.5,22.4,40.6,"1,857","1,281","2,433",32.5,22.4,42.6,"51,437","48,410","54,464",.,.,.,.,.,.
28,109,MS,Pearl River County,"9,507","7,755","11,259",16.5,13.5,19.5,"2,958","2,113","3,803",22.2,15.8,28.6,"2,019","1,320","2,718",20.3,13.3,27.3,"56,958","51,686","62,230",.,.,.,.,.,.
28,111,MS,Perry County,"2,010","1,532","2,488",17.8,13.6,22.0,617,415,819,25.3,17.0,33.6,447,284,610,25.0,15.9,34.1,"53,764","47,423","60,105",.,.,.,.,.,.
28,113,MS,Pike County,"8,103","6,293","9,913",21.4,16.6,26.2,"2,968","1,955","3,981",31.0,20.4,41.6,"2,173","1,340","3,006",30.3,18.7,41.9,"46,164","41,171","51,157",.,.,.,.,.,.
28,115,MS,Pontotoc County,"4,712","3,791","5,633",14.9,12.0,17.8,"1,736","1,312","2,160",21.8,16.5,27.1,"1,173",796,"1,550",20.1,13.6,26.6,"59,898","53,269","66,527",.,.,.,.,.,.
28,117,MS,Prentiss County,"4,862","3,995","5,729",20.3,16.7,23.9,"1,248",872,"1,624",22.8,15.9,29.7,904,595,"1,213",22.6,14.9,30.3,"48,711","44,322","53,100",.,.,.,.,.,.
28,119,MS,Quitman County,"1,726","1,339","2,113",31.9,24.7,39.1,563,372,754,44.3,29.3,59.3,399,242,556,43.8,26.5,61.1,"37,474","33,020","41,928",.,.,.,.,.,.
28,121,MS,Rankin County,"13,901","11,045","16,757",8.9,7.1,10.7,"3,796","2,600","4,992",11.0,7.5,14.5,"2,769","1,789","3,749",10.7,6.9,14.5,"84,139","78,356","89,922",.,.,.,.,.,.
28,123,MS,Scott County,"5,258","4,178","6,338",19.2,15.3,23.1,"2,308","1,686","2,930",30.3,22.1,38.5,"1,555","1,023","2,087",28.6,18.8,38.4,"52,147","46,603","57,691",.,.,.,.,.,.
28,125,MS,Sharkey County,"1,036",785,"1,287",32.6,24.7,40.5,382,254,510,51.6,34.3,68.9,278,173,383,52.7,32.7,72.7,"40,518","35,607","45,429",.,.,.,.,.,.
28,127,MS,Simpson County,"4,966","3,873","6,059",19.7,15.4,24.0,"1,616","1,153","2,079",28.7,20.5,36.9,"1,143",755,"1,531",27.7,18.3,37.1,"55,167","49,706","60,628",.,.,.,.,.,.
28,129,MS,Smith County,"2,323","1,823","2,823",16.7,13.1,20.3,772,560,984,24.5,17.8,31.2,545,366,724,23.5,15.8,31.2,"57,932","51,167","64,697",.,.,.,.,.,.
28,131,MS,Stone County,"2,874","2,190","3,558",16.0,12.2,19.8,883,592,"1,174",22.1,14.8,29.4,621,388,854,20.9,13.1,28.7,"62,350","55,761","68,939",.,.,.,.,.,.
28,133,MS,Sunflower County,"5,997","4,675","7,319",29.8,23.2,36.4,"1,983","1,423","2,543",40.6,29.1,52.1,"1,498","1,065","1,931",41.5,29.5,53.5,"41,873","37,160","46,586",.,.,.,.,.,.
28,135,MS,Tallahatchie County,"3,225","2,572","3,878",32.3,25.8,38.8,965,707,"1,223",44.0,32.2,55.8,661,439,883,40.4,26.8,54.0,"43,074","37,852","48,296",.,.,.,.,.,.
28,137,MS,Tate County,"4,086","3,147","5,025",15.0,11.5,18.5,"1,132",767,"1,497",18.9,12.8,25.0,837,541,"1,133",18.7,12.1,25.3,"68,786","62,225","75,347",.,.,.,.,.,.
28,139,MS,Tippah County,"3,379","2,612","4,146",16.2,12.5,19.9,"1,033",719,"1,347",21.2,14.7,27.7,747,491,"1,003",20.8,13.7,27.9,"53,948","48,343","59,553",.,.,.,.,.,.
28,141,MS,Tishomingo County,"2,859","2,296","3,422",15.7,12.6,18.8,741,508,974,19.1,13.1,25.1,530,333,727,18.3,11.5,25.1,"56,250","51,537","60,963",.,.,.,.,.,.
28,143,MS,Tunica County,"2,256","1,718","2,794",25.0,19.1,30.9,970,650,"1,290",39.8,26.7,52.9,709,442,976,39.5,24.6,54.4,"45,292","39,938","50,646",.,.,.,.,.,.
28,145,MS,Union County,"3,924","3,109","4,739",14.0,11.1,16.9,"1,252",893,"1,611",18.5,13.2,23.8,929,638,"1,220",18.3,12.6,24.0,"58,849","53,227","64,471",.,.,.,.,.,.
28,147,MS,Walthall County,"3,050","2,338","3,762",22.3,17.1,27.5,"1,030",718,"1,342",34.0,23.7,44.3,779,524,"1,034",34.9,23.4,46.4,"46,285","41,357","51,213",.,.,.,.,.,.
28,149,MS,Warren County,"7,818","6,295","9,341",18.8,15.1,22.5,"2,865","2,059","3,671",30.0,21.6,38.4,"2,005","1,326","2,684",27.9,18.5,37.3,"60,686","54,667","66,705",.,.,.,.,.,.
28,151,MS,Washington County,"11,875","9,794","13,956",29.4,24.2,34.6,"4,496","3,426","5,566",43.6,33.2,54.0,"3,394","2,532","4,256",44.2,33.0,55.4,"43,941","38,978","48,904",.,.,.,.,.,.
28,153,MS,Wayne County,"4,191","3,239","5,143",21.3,16.5,26.1,"1,583","1,102","2,064",32.8,22.8,42.8,"1,094",702,"1,486",30.5,19.6,41.4,"48,582","43,195","53,969",.,.,.,.,.,.
28,155,MS,Webster County,"1,504","1,131","1,877",15.3,11.5,19.1,497,322,672,20.8,13.5,28.1,366,220,512,20.8,12.5,29.1,"57,401","50,704","64,098",.,.,.,.,.,.
28,157,MS,Wilkinson County,"2,158","1,634","2,682",31.6,23.9,39.3,554,378,730,37.7,25.8,49.6,405,260,550,36.5,23.4,49.6,"38,349","33,737","42,961",.,.,.,.,.,.
28,159,MS,Winston County,"3,738","2,893","4,583",22.0,17.0,27.0,"1,149",796,"1,502",31.2,21.6,40.8,845,546,"1,144",30.6,19.8,41.4,"50,729","44,900","56,558",.,.,.,.,.,.
28,161,MS,Yalobusha County,"2,260","1,710","2,810",18.7,14.2,23.2,731,484,978,28.1,18.6,37.6,526,323,729,27.7,17.0,38.4,"49,848","44,216","55,480",.,.,.,.,.,.
28,163,MS,Yazoo County,"5,365","4,008","6,722",25.5,19.0,32.0,"1,883","1,254","2,512",35.4,23.6,47.2,"1,156",671,"1,641",29.4,17.1,41.7,"45,496","40,100","50,892",.,.,.,.,.,.
29,000,MO,Missouri,"740,873","722,430","759,316",12.2,11.9,12.5,"205,264","194,981","215,547",15.3,14.5,16.1,"141,975","132,491","151,459",14.2,13.2,15.2,"71,583","70,889","72,277","56,602","52,264","60,940",16.7,15.4,18.0
29,001,MO,Adair County,"5,021","4,224","5,818",21.9,18.4,25.4,852,606,"1,098",18.5,13.2,23.8,562,361,763,17.3,11.1,23.5,"58,548","53,944","63,152",.,.,.,.,.,.
29,003,MO,Andrew County,"1,394","1,039","1,749",7.8,5.8,9.8,355,229,481,8.9,5.7,12.1,257,154,360,8.3,5.0,11.6,"78,305","71,044","85,566",.,.,.,.,.,.
29,005,MO,Atchison County,613,473,753,12.1,9.3,14.9,157,109,205,15.4,10.7,20.1,111,71,151,14.2,9.1,19.3,"61,928","54,647","69,209",.,.,.,.,.,.
29,007,MO,Audrain County,"3,585","2,890","4,280",15.4,12.4,18.4,"1,025",698,"1,352",19.4,13.2,25.6,676,403,949,17.8,10.6,25.0,"59,562","53,239","65,885",.,.,.,.,.,.
29,009,MO,Barry County,"5,528","4,332","6,724",15.7,12.3,19.1,"1,706","1,168","2,244",21.4,14.7,28.1,"1,262",829,"1,695",21.7,14.2,29.2,"61,057","56,238","65,876",.,.,.,.,.,.
29,011,MO,Barton County,"1,596","1,210","1,982",13.7,10.4,17.0,518,344,692,19.7,13.1,26.3,358,216,500,18.8,11.3,26.3,"57,158","52,618","61,698",.,.,.,.,.,.
29,013,MO,Bates County,"1,782","1,317","2,247",11.1,8.2,14.0,565,371,759,15.5,10.2,20.8,413,253,573,15.3,9.4,21.2,"66,501","62,551","70,451",.,.,.,.,.,.
29,015,MO,Benton County,"3,833","3,248","4,418",18.8,15.9,21.7,729,482,976,21.0,13.9,28.1,546,335,757,20.8,12.8,28.8,"49,634","45,483","53,785",.,.,.,.,.,.
29,017,MO,Bollinger County,"1,514","1,159","1,869",14.5,11.1,17.9,450,297,603,20.0,13.2,26.8,328,201,455,20.3,12.4,28.2,"65,175","59,197","71,153",.,.,.,.,.,.
29,019,MO,Boone County,"25,917","22,989","28,845",14.3,12.7,15.9,"4,377","3,192","5,562",11.8,8.6,15.0,"3,068","2,114","4,022",11.2,7.7,14.7,"80,041","75,773","84,309",.,.,.,.,.,.
29,021,MO,Buchanan County,"10,793","8,950","12,636",13.5,11.2,15.8,"2,860","1,908","3,812",15.9,10.6,21.2,"2,034","1,278","2,790",15.6,9.8,21.4,"63,736","59,020","68,452",.,.,.,.,.,.
29,023,MO,Butler County,"8,300","6,864","9,736",20.3,16.8,23.8,"2,618","1,916","3,320",27.8,20.3,35.3,"1,823","1,232","2,414",26.4,17.8,35.0,"48,191","43,343","53,039",.,.,.,.,.,.
29,025,MO,Caldwell County,951,717,"1,185",10.9,8.2,13.6,290,187,393,14.1,9.1,19.1,196,114,278,12.9,7.5,18.3,"65,282","59,042","71,522",.,.,.,.,.,.
29,027,MO,Callaway County,"4,949","4,087","5,811",11.8,9.7,13.9,"1,345","1,026","1,664",15.1,11.5,18.7,913,649,"1,177",14.1,10.0,18.2,"71,868","65,381","78,355",.,.,.,.,.,.
29,029,MO,Camden County,"5,047","4,031","6,063",11.6,9.3,13.9,"1,093",711,"1,475",15.4,10.0,20.8,766,439,"1,093",14.5,8.3,20.7,"68,312","63,590","73,034",.,.,.,.,.,.
29,031,MO,Cape Girardeau County,"9,889","8,165","11,613",12.4,10.2,14.6,"2,172","1,468","2,876",12.5,8.4,16.6,"1,482",931,"2,033",11.6,7.3,15.9,"66,862","61,765","71,959",.,.,.,.,.,.
29,033,MO,Carroll County,"1,183",927,"1,439",14.3,11.2,17.4,329,230,428,18.2,12.7,23.7,239,160,318,17.5,11.7,23.3,"64,304","57,231","71,377",.,.,.,.,.,.
29,035,MO,Carter County,909,674,"1,144",17.1,12.7,21.5,327,211,443,26.1,16.8,35.4,243,144,342,26.8,15.9,37.7,"50,268","45,586","54,950",.,.,.,.,.,.
29,037,MO,Cass County,"7,878","6,180","9,576",7.0,5.5,8.5,"2,117","1,441","2,793",8.3,5.6,11.0,"1,481",939,"2,023",7.7,4.9,10.5,"83,378","78,759","87,997",.,.,.,.,.,.
29,039,MO,Cedar County,"2,430","1,867","2,993",16.5,12.7,20.3,848,572,"1,124",23.2,15.6,30.8,632,408,856,24.5,15.8,33.2,"53,079","47,080","59,078",.,.,.,.,.,.
29,041,MO,Chariton County,836,631,"1,041",11.7,8.8,14.6,236,157,315,14.0,9.3,18.7,173,107,239,13.4,8.2,18.6,"68,312","61,625","74,999",.,.,.,.,.,.
29,043,MO,Christian County,"7,654","6,108","9,200",8.0,6.4,9.6,"2,078","1,441","2,715",9.0,6.2,11.8,"1,459",936,"1,982",8.3,5.3,11.3,"81,892","75,096","88,688",.,.,.,.,.,.
29,045,MO,Clark County,893,676,"1,110",13.7,10.4,17.0,303,203,403,20.1,13.5,26.7,227,143,311,20.5,12.9,28.1,"59,565","52,608","66,522",.,.,.,.,.,.
29,047,MO,Clay County,"23,262","20,621","25,903",8.9,7.9,9.9,"5,676","4,497","6,855",9.6,7.6,11.6,"3,749","2,762","4,736",8.5,6.3,10.7,"88,044","83,508","92,580",.,.,.,.,.,.
29,049,MO,Clinton County,"2,022","1,560","2,484",9.5,7.3,11.7,555,376,734,11.4,7.7,15.1,398,254,542,10.9,6.9,14.9,"78,703","70,462","86,944",.,.,.,.,.,.
29,051,MO,Cole County,"7,020","5,443","8,597",9.6,7.4,11.8,"1,891","1,285","2,497",11.5,7.8,15.2,"1,375",903,"1,847",11.1,7.3,14.9,"75,881","70,060","81,702",.,.,.,.,.,.
29,053,MO,Cooper County,"1,899","1,491","2,307",11.6,9.1,14.1,517,364,670,14.2,10.0,18.4,378,254,502,14.1,9.5,18.7,"73,980","69,644","78,316",.,.,.,.,.,.
29,055,MO,Crawford County,"3,389","2,649","4,129",15.1,11.8,18.4,"1,014",692,"1,336",21.1,14.4,27.8,724,460,988,20.2,12.8,27.6,"59,081","54,343","63,819",.,.,.,.,.,.
29,057,MO,Dade County,"1,001",760,"1,242",13.5,10.3,16.7,272,181,363,18.2,12.1,24.3,201,127,275,17.4,11.0,23.8,"56,747","50,426","63,068",.,.,.,.,.,.
29,059,MO,Dallas County,"3,000","2,370","3,630",17.0,13.4,20.6,898,596,"1,200",21.8,14.5,29.1,577,333,821,19.3,11.1,27.5,"53,767","47,429","60,105",.,.,.,.,.,.
29,061,MO,Daviess County,"1,144",878,"1,410",13.7,10.5,16.9,417,286,548,20.1,13.8,26.4,285,180,390,19.1,12.1,26.1,"63,306","57,728","68,884",.,.,.,.,.,.
29,063,MO,DeKalb County,"1,045",790,"1,300",11.5,8.7,14.3,272,178,366,13.0,8.5,17.5,197,120,274,12.5,7.6,17.4,"64,148","56,738","71,558",.,.,.,.,.,.
29,065,MO,Dent County,"2,096","1,564","2,628",14.4,10.7,18.1,634,400,868,19.6,12.4,26.8,458,268,648,18.9,11.1,26.7,"54,798","49,551","60,045",.,.,.,.,.,.
29,067,MO,Douglas County,"2,162","1,706","2,618",17.8,14.0,21.6,650,440,860,23.1,15.7,30.5,493,323,663,23.7,15.5,31.9,"47,781","42,841","52,721",.,.,.,.,.,.
29,069,MO,Dunklin County,"6,654","5,633","7,675",25.4,21.5,29.3,"2,393","1,857","2,929",34.9,27.1,42.7,"1,675","1,230","2,120",33.0,24.2,41.8,"47,022","41,848","52,196",.,.,.,.,.,.
29,071,MO,Franklin County,"9,527","7,659","11,395",9.0,7.2,10.8,"2,290","1,572","3,008",10.0,6.9,13.1,"1,688","1,107","2,269",9.8,6.4,13.2,"75,569","69,249","81,889",.,.,.,.,.,.
29,073,MO,Gasconade County,"1,747","1,383","2,111",12.1,9.6,14.6,440,307,573,15.1,10.5,19.7,323,215,431,14.8,9.9,19.7,"63,921","57,108","70,734",.,.,.,.,.,.
29,075,MO,Gentry County,852,675,"1,029",13.8,10.9,16.7,318,226,410,19.5,13.8,25.2,240,162,318,19.5,13.2,25.8,"59,821","53,422","66,220",.,.,.,.,.,.
29,077,MO,Greene County,"31,304","26,792","35,816",10.5,9.0,12.0,"7,169","5,038","9,300",11.7,8.2,15.2,"4,870","3,228","6,512",10.8,7.2,14.4,"66,286","63,801","68,771",.,.,.,.,.,.
29,079,MO,Grundy County,"1,584","1,227","1,941",16.8,13.0,20.6,630,437,823,26.0,18.1,33.9,454,303,605,25.6,17.1,34.1,"52,924","48,522","57,326",.,.,.,.,.,.
29,081,MO,Harrison County,"1,287",996,"1,578",15.9,12.3,19.5,448,307,589,23.7,16.2,31.2,330,217,443,22.9,15.1,30.7,"55,569","49,275","61,863",.,.,.,.,.,.
29,083,MO,Henry County,"3,216","2,554","3,878",14.4,11.4,17.4,969,692,"1,246",19.8,14.1,25.5,667,438,896,18.5,12.2,24.8,"57,409","51,778","63,040",.,.,.,.,.,.
29,085,MO,Hickory County,"1,372","1,048","1,696",16.0,12.2,19.8,393,258,528,25.7,16.8,34.6,292,178,406,26.7,16.3,37.1,"52,694","47,649","57,739",.,.,.,.,.,.
29,087,MO,Holt County,526,401,651,12.7,9.7,15.7,137,92,182,15.7,10.5,20.9,99,62,136,15.1,9.4,20.8,"65,650","59,521","71,779",.,.,.,.,.,.
29,089,MO,Howard County,"1,050",790,"1,310",11.2,8.4,14.0,286,186,386,13.6,8.8,18.4,194,115,273,12.3,7.3,17.3,"60,980","54,667","67,293",.,.,.,.,.,.
29,091,MO,Howell County,"7,434","6,129","8,739",18.6,15.3,21.9,"2,251","1,643","2,859",23.9,17.5,30.3,"1,536","1,009","2,063",21.4,14.1,28.7,"50,137","45,321","54,953",.,.,.,.,.,.
29,093,MO,Iron County,"1,657","1,288","2,026",18.2,14.2,22.2,475,322,628,24.5,16.6,32.4,360,235,485,24.8,16.2,33.4,"48,448","44,172","52,724",.,.,.,.,.,.
29,095,MO,Jackson County,"102,524","92,730","112,318",14.3,12.9,15.7,"30,971","26,394","35,548",19.0,16.2,21.8,"19,108","15,219","22,997",16.0,12.7,19.3,"70,661","68,308","73,014",.,.,.,.,.,.
29,097,MO,Jasper County,"16,776","13,789","19,763",13.5,11.1,15.9,"4,990","3,542","6,438",16.7,11.9,21.5,"3,344","2,225","4,463",15.2,10.1,20.3,"62,016","57,817","66,215",.,.,.,.,.,.
29,099,MO,Jefferson County,"21,343","18,262","24,424",9.3,8.0,10.6,"5,526","4,399","6,653",11.1,8.8,13.4,"3,982","3,148","4,816",10.6,8.4,12.8,"86,073","81,386","90,760",.,.,.,.,.,.
29,101,MO,Johnson County,"6,196","4,867","7,525",11.8,9.3,14.3,"1,588","1,128","2,048",12.9,9.2,16.6,"1,132",770,"1,494",12.8,8.7,16.9,"68,188","61,628","74,748",.,.,.,.,.,.
29,103,MO,Knox County,539,400,678,14.7,10.9,18.5,189,122,256,22.4,14.4,30.4,137,81,193,23.1,13.7,32.5,"56,319","50,088","62,550",.,.,.,.,.,.
29,105,MO,Laclede County,"5,390","4,305","6,475",14.9,11.9,17.9,"1,720","1,204","2,236",19.6,13.7,25.5,"1,138",728,"1,548",17.5,11.2,23.8,"58,327","52,931","63,723",.,.,.,.,.,.
29,107,MO,Lafayette County,"3,201","2,480","3,922",9.7,7.5,11.9,899,597,"1,201",12.1,8.0,16.2,645,407,883,11.7,7.4,16.0,"74,488","67,521","81,455",.,.,.,.,.,.
29,109,MO,Lawrence County,"4,862","3,811","5,913",12.6,9.9,15.3,"1,475",920,"2,030",15.1,9.4,20.8,"1,035",586,"1,484",14.4,8.2,20.6,"62,434","56,823","68,045",.,.,.,.,.,.
29,111,MO,Lewis County,"1,190",892,"1,488",13.4,10.0,16.8,314,206,422,15.6,10.2,21.0,221,134,308,14.4,8.8,20.0,"66,006","59,180","72,832",.,.,.,.,.,.
29,113,MO,Lincoln County,"5,140","4,028","6,252",7.9,6.2,9.6,"1,527","1,054","2,000",9.6,6.6,12.6,"1,048",682,"1,414",9.0,5.9,12.1,"93,517","88,075","98,959",.,.,.,.,.,.
29,115,MO,Linn County,"1,418","1,054","1,782",12.1,9.0,15.2,489,311,667,18.0,11.4,24.6,350,202,498,17.3,10.0,24.6,"57,520","53,432","61,608",.,.,.,.,.,.
29,117,MO,Livingston County,"1,887","1,480","2,294",14.3,11.2,17.4,540,377,703,17.4,12.1,22.7,389,257,521,16.8,11.1,22.5,"62,122","55,942","68,302",.,.,.,.,.,.
29,119,MO,McDonald County,"4,284","3,461","5,107",18.0,14.5,21.5,"1,388",963,"1,813",23.4,16.2,30.6,960,610,"1,310",22.1,14.1,30.1,"54,502","48,794","60,210",.,.,.,.,.,.
29,121,MO,Macon County,"1,786","1,341","2,231",12.0,9.0,15.0,564,369,759,16.6,10.9,22.3,405,248,562,15.9,9.8,22.0,"60,822","54,608","67,036",.,.,.,.,.,.
29,123,MO,Madison County,"1,874","1,429","2,319",15.1,11.5,18.7,531,354,708,19.5,13.0,26.0,365,225,505,17.7,10.9,24.5,"52,177","48,467","55,887",.,.,.,.,.,.
29,125,MO,Maries County,965,720,"1,210",11.5,8.6,14.4,270,179,361,15.6,10.3,20.9,194,119,269,15.5,9.5,21.5,"61,970","54,924","69,016",.,.,.,.,.,.
29,127,MO,Marion County,"3,852","3,182","4,522",14.1,11.6,16.6,931,626,"1,236",14.6,9.8,19.4,654,409,899,13.9,8.7,19.1,"59,490","54,339","64,641",.,.,.,.,.,.
29,129,MO,Mercer County,464,348,580,13.7,10.3,17.1,178,116,240,20.3,13.2,27.4,132,80,184,21.8,13.2,30.4,"56,564","49,943","63,185",.,.,.,.,.,.
29,131,MO,Miller County,"3,316","2,576","4,056",13.1,10.2,16.0,969,652,"1,286",16.5,11.1,21.9,644,381,907,14.8,8.8,20.8,"64,343","59,515","69,171",.,.,.,.,.,.
29,133,MO,Mississippi County,"2,261","1,701","2,821",21.0,15.8,26.2,726,473,979,27.8,18.1,37.5,533,320,746,28.7,17.2,40.2,"44,755","40,069","49,441",.,.,.,.,.,.
29,135,MO,Moniteau County,"1,643","1,304","1,982",11.2,8.9,13.5,560,407,713,14.7,10.7,18.7,427,304,550,15.3,10.9,19.7,"69,870","62,325","77,415",.,.,.,.,.,.
29,137,MO,Monroe County,"1,081",821,"1,341",12.4,9.4,15.4,325,214,436,17.1,11.3,22.9,239,147,331,17.3,10.7,23.9,"63,949","57,045","70,853",.,.,.,.,.,.
29,139,MO,Montgomery County,"1,373","1,076","1,670",12.2,9.6,14.8,380,252,508,15.7,10.4,21.0,262,158,366,14.6,8.8,20.4,"67,180","61,870","72,490",.,.,.,.,.,.
29,141,MO,Morgan County,"3,610","2,913","4,307",16.4,13.2,19.6,"1,052",727,"1,377",21.1,14.6,27.6,746,478,"1,014",20.4,13.1,27.7,"56,159","50,170","62,148",.,.,.,.,.,.
29,143,MO,New Madrid County,"2,835","2,212","3,458",19.1,14.9,23.3,957,686,"1,228",27.4,19.6,35.2,656,434,878,25.1,16.6,33.6,"53,120","47,594","58,646",.,.,.,.,.,.
29,145,MO,Newton County,"7,461","5,967","8,955",12.4,9.9,14.9,"2,335","1,697","2,973",16.3,11.8,20.8,"1,739","1,241","2,237",16.3,11.6,21.0,"66,231","61,383","71,079",.,.,.,.,.,.
29,147,MO,Nodaway County,"2,806","2,279","3,333",15.0,12.2,17.8,363,240,486,10.7,7.1,14.3,239,139,339,9.8,5.7,13.9,"63,242","56,811","69,673",.,.,.,.,.,.
29,149,MO,Oregon County,"1,718","1,334","2,102",20.1,15.6,24.6,513,335,691,26.2,17.1,35.3,382,236,528,26.7,16.5,36.9,"44,812","39,848","49,776",.,.,.,.,.,.
29,151,MO,Osage County,"1,022",782,"1,262",7.7,5.9,9.5,258,166,350,8.6,5.5,11.7,180,105,255,8.2,4.8,11.6,"79,468","70,829","88,107",.,.,.,.,.,.
29,153,MO,Ozark County,"1,746","1,329","2,163",19.4,14.8,24.0,523,351,695,30.7,20.6,40.8,375,232,518,28.6,17.7,39.5,"48,903","43,293","54,513",.,.,.,.,.,.
29,155,MO,Pemiscot County,"3,349","2,509","4,189",23.7,17.8,29.6,"1,325",860,"1,790",35.7,23.2,48.2,929,550,"1,308",33.6,19.9,47.3,"43,377","38,666","48,088",.,.,.,.,.,.
29,157,MO,Perry County,"2,161","1,761","2,561",11.5,9.4,13.6,572,430,714,14.1,10.6,17.6,381,256,506,12.8,8.6,17.0,"69,940","62,107","77,773",.,.,.,.,.,.
29,159,MO,Pettis County,"6,730","5,638","7,822",15.7,13.1,18.3,"2,233","1,685","2,781",21.3,16.1,26.5,"1,698","1,278","2,118",22.2,16.7,27.7,"60,038","54,313","65,763",.,.,.,.,.,.
29,161,MO,Phelps County,"7,313","6,149","8,477",17.1,14.4,19.8,"1,518","1,016","2,020",16.4,11.0,21.8,"1,020",621,"1,419",14.5,8.8,20.2,"58,629","52,907","64,351",.,.,.,.,.,.
29,163,MO,Pike County,"2,598","2,028","3,168",15.9,12.4,19.4,833,606,"1,060",21.1,15.3,26.9,631,447,815,21.5,15.2,27.8,"60,541","54,127","66,955",.,.,.,.,.,.
29,165,MO,Platte County,"6,128","4,886","7,370",5.5,4.4,6.6,"1,598","1,104","2,092",6.4,4.4,8.4,"1,054",655,"1,453",5.6,3.5,7.7,"92,305","85,786","98,824",.,.,.,.,.,.
29,167,MO,Polk County,"4,857","3,964","5,750",15.2,12.4,18.0,"1,321",928,"1,714",18.1,12.7,23.5,941,634,"1,248",17.5,11.8,23.2,"60,993","55,839","66,147",.,.,.,.,.,.
29,169,MO,Pulaski County,"6,378","5,181","7,575",14.7,11.9,17.5,"1,827","1,378","2,276",16.1,12.2,20.0,"1,206",817,"1,595",15.0,10.2,19.8,"59,368","54,976","63,760",.,.,.,.,.,.
29,171,MO,Putnam County,615,455,775,13.8,10.2,17.4,200,128,272,19.0,12.2,25.8,143,84,202,18.8,11.1,26.5,"56,997","50,628","63,366",.,.,.,.,.,.
29,173,MO,Ralls County,879,647,"1,111",8.5,6.3,10.7,240,156,324,11.4,7.4,15.4,169,102,236,10.6,6.4,14.8,"80,041","73,649","86,433",.,.,.,.,.,.
29,175,MO,Randolph County,"2,875","2,192","3,558",12.8,9.8,15.8,883,595,"1,171",16.9,11.4,22.4,632,395,869,16.8,10.5,23.1,"61,452","54,563","68,341",.,.,.,.,.,.
29,177,MO,Ray County,"2,057","1,586","2,528",9.0,6.9,11.1,581,384,778,11.2,7.4,15.0,415,254,576,10.7,6.6,14.8,"76,920","69,068","84,772",.,.,.,.,.,.
29,179,MO,Reynolds County,"1,069",832,"1,306",18.6,14.5,22.7,267,175,359,25.4,16.7,34.1,188,114,262,24.5,14.8,34.2,"49,206","43,694","54,718",.,.,.,.,.,.
29,181,MO,Ripley County,"2,331","1,867","2,795",21.9,17.5,26.3,841,621,"1,061",33.0,24.4,41.6,612,430,794,32.3,22.7,41.9,"44,357","39,089","49,625",.,.,.,.,.,.
29,183,MO,St. Charles County,"26,328","22,635","30,021",6.3,5.4,7.2,"5,638","4,392","6,884",6.2,4.8,7.6,"4,307","3,363","5,251",6.2,4.8,7.6,"103,890","101,466","106,314",.,.,.,.,.,.
29,185,MO,St. Clair County,"1,542","1,150","1,934",16.0,11.9,20.1,512,332,692,24.9,16.2,33.6,356,207,505,23.8,13.9,33.7,"58,334","53,415","63,253",.,.,.,.,.,.
29,186,MO,Ste. Genevieve County,"1,743","1,350","2,136",9.8,7.6,12.0,416,271,561,10.9,7.1,14.7,293,178,408,10.2,6.2,14.2,"78,977","72,489","85,465",.,.,.,.,.,.
29,187,MO,St. Francois County,"8,936","7,321","10,551",14.6,12.0,17.2,"2,145","1,454","2,836",15.9,10.8,21.0,"1,514",949,"2,079",15.0,9.4,20.6,"58,563","52,531","64,595",.,.,.,.,.,.
29,189,MO,St. Louis County,"94,953","84,604","105,302",9.8,8.7,10.9,"27,675","23,382","31,968",13.1,11.1,15.1,"19,854","16,521","23,187",12.5,10.4,14.6,"84,109","81,385","86,833",.,.,.,.,.,.
29,195,MO,Saline County,"3,274","2,621","3,927",15.5,12.4,18.6,863,594,"1,132",17.7,12.2,23.2,651,437,865,18.2,12.2,24.2,"60,641","53,962","67,320",.,.,.,.,.,.
29,197,MO,Schuyler County,588,438,738,14.7,10.9,18.5,255,168,342,24.0,15.8,32.2,189,116,262,24.2,14.8,33.6,"70,835","65,830","75,840",.,.,.,.,.,.
29,199,MO,Scotland County,627,476,778,13.6,10.3,16.9,260,173,347,19.1,12.7,25.5,186,114,258,19.5,12.0,27.0,"60,091","53,097","67,085",.,.,.,.,.,.
29,201,MO,Scott County,"5,027","3,932","6,122",13.5,10.6,16.4,"1,560","1,001","2,119",17.5,11.2,23.8,"1,019",570,"1,468",15.6,8.7,22.5,"60,671","56,435","64,907",.,.,.,.,.,.
29,203,MO,Shannon County,"1,529","1,177","1,881",21.3,16.4,26.2,518,351,685,30.9,21.0,40.8,377,237,517,30.8,19.4,42.2,"45,440","40,378","50,502",.,.,.,.,.,.
29,205,MO,Shelby County,892,702,"1,082",15.6,12.3,18.9,249,170,328,18.4,12.6,24.2,160,95,225,15.7,9.4,22.0,"55,114","48,983","61,245",.,.,.,.,.,.
29,207,MO,Stoddard County,"4,139","3,260","5,018",14.8,11.7,17.9,"1,150",784,"1,516",18.7,12.7,24.7,783,503,"1,063",17.9,11.5,24.3,"55,245","50,045","60,445",.,.,.,.,.,.
29,209,MO,Stone County,"4,545","3,741","5,349",14.1,11.6,16.6,"1,209",908,"1,510",22.9,17.2,28.6,878,631,"1,125",22.5,16.2,28.8,"64,377","58,654","70,100",.,.,.,.,.,.
29,211,MO,Sullivan County,714,513,915,12.7,9.1,16.3,198,126,270,16.4,10.5,22.3,150,92,208,17.1,10.5,23.7,"54,486","48,743","60,229",.,.,.,.,.,.
29,213,MO,Taney County,"7,386","6,064","8,708",13.6,11.2,16.0,"2,267","1,637","2,897",19.8,14.3,25.3,"1,630","1,134","2,126",19.0,13.2,24.8,"57,978","52,788","63,168",.,.,.,.,.,.
29,215,MO,Texas County,"4,601","3,713","5,489",19.3,15.6,23.0,"1,284",896,"1,672",23.8,16.6,31.0,938,630,"1,246",23.2,15.6,30.8,"49,849","44,964","54,734",.,.,.,.,.,.
29,217,MO,Vernon County,"2,847","2,170","3,524",14.9,11.3,18.5,947,631,"1,263",20.7,13.8,27.6,659,408,910,19.6,12.1,27.1,"56,007","49,709","62,305",.,.,.,.,.,.
29,219,MO,Warren County,"3,064","2,363","3,765",8.0,6.2,9.8,837,554,"1,120",9.8,6.5,13.1,582,352,812,9.3,5.6,13.0,"85,698","77,805","93,591",.,.,.,.,.,.
29,221,MO,Washington County,"4,049","3,258","4,840",18.0,14.5,21.5,"1,269",917,"1,621",24.4,17.6,31.2,828,518,"1,138",21.5,13.5,29.5,"54,645","49,438","59,852",.,.,.,.,.,.
29,223,MO,Wayne County,"2,088","1,587","2,589",19.6,14.9,24.3,613,411,815,28.7,19.2,38.2,445,275,615,28.5,17.6,39.4,"51,716","47,180","56,252",.,.,.,.,.,.
29,225,MO,Webster County,"6,190","4,991","7,389",15.0,12.1,17.9,"2,679","1,968","3,390",23.5,17.3,29.7,"1,896","1,299","2,493",22.7,15.5,29.9,"65,325","61,118","69,532",.,.,.,.,.,.
29,227,MO,Worth County,272,207,337,14.8,11.3,18.3,81,54,108,21.8,14.4,29.2,58,36,80,22.0,13.6,30.4,"65,490","60,350","70,630",.,.,.,.,.,.
29,229,MO,Wright County,"3,653","2,921","4,385",19.0,15.2,22.8,"1,153",781,"1,525",23.3,15.8,30.8,802,499,"1,105",21.8,13.6,30.0,"50,836","45,438","56,234",.,.,.,.,.,.
29,510,MO,St. Louis city,"59,239","53,589","64,889",21.8,19.7,23.9,"15,856","12,832","18,880",32.4,26.2,38.6,"10,928","8,275","13,581",32.0,24.2,39.8,"53,962","50,258","57,666",.,.,.,.,.,.
30,000,MT,Montana,"116,104","110,419","121,789",10.4,9.9,10.9,"26,628","24,048","29,208",11.7,10.6,12.8,"18,633","16,265","21,001",10.9,9.5,12.3,"75,520","73,980","77,060","6,920","5,998","7,842",12.5,10.8,14.2
30,001,MT,Beaverhead County,"1,151",848,"1,454",12.0,8.9,15.1,205,116,294,12.9,7.3,18.5,144,72,216,12.2,6.1,18.3,"65,999","58,939","73,059",.,.,.,.,.,.
30,003,MT,Big Horn County,"2,787","2,102","3,472",22.2,16.7,27.7,"1,062",689,"1,435",27.4,17.8,37.0,732,435,"1,029",24.8,14.7,34.9,"59,112","55,730","62,494",.,.,.,.,.,.
30,005,MT,Blaine County,"1,234",910,"1,558",18.1,13.3,22.9,405,241,569,21.5,12.8,30.2,279,150,408,19.4,10.4,28.4,"54,676","48,736","60,616",.,.,.,.,.,.
30,007,MT,Broadwater County,682,522,842,8.3,6.4,10.2,144,89,199,8.8,5.5,12.1,99,53,145,8.4,4.5,12.3,"91,182","83,122","99,242",.,.,.,.,.,.
30,009,MT,Carbon County,"1,070",788,"1,352",9.4,6.9,11.9,187,109,265,9.7,5.6,13.8,135,70,200,9.2,4.8,13.6,"82,545","75,166","89,924",.,.,.,.,.,.
30,011,MT,Carter County,179,133,225,13.0,9.7,16.3,40,24,56,13.6,8.1,19.1,31,17,45,13.9,7.6,20.2,"63,694","56,735","70,653",.,.,.,.,.,.
30,013,MT,Cascade County,"9,488","7,659","11,317",11.6,9.4,13.8,"2,346","1,560","3,132",13.1,8.7,17.5,"1,614",995,"2,233",12.1,7.5,16.7,"63,905","58,787","69,023",.,.,.,.,.,.
30,015,MT,Chouteau County,801,581,"1,021",13.8,10.0,17.6,210,122,298,18.4,10.7,26.1,157,85,229,17.6,9.5,25.7,"62,944","56,403","69,485",.,.,.,.,.,.
30,017,MT,Custer County,"1,290",972,"1,608",11.2,8.4,14.0,271,162,380,11.9,7.1,16.7,191,103,279,11.4,6.2,16.6,"68,101","61,292","74,910",.,.,.,.,.,.
30,019,MT,Daniels County,183,134,232,11.4,8.4,14.4,42,25,59,13.0,7.7,18.3,31,17,45,11.5,6.2,16.8,"60,107","52,817","67,397",.,.,.,.,.,.
30,021,MT,Dawson County,990,743,"1,237",12.0,9.0,15.0,215,133,297,12.0,7.4,16.6,154,88,220,11.1,6.3,15.9,"67,029","59,216","74,842",.,.,.,.,.,.
30,023,MT,Deer Lodge County,"1,157",842,"1,472",12.2,8.9,15.5,135,80,190,12.3,7.3,17.3,97,52,142,12.8,6.8,18.8,"63,310","57,162","69,458",.,.,.,.,.,.
30,025,MT,Fallon County,270,197,343,9.3,6.8,11.8,72,43,101,9.8,5.9,13.7,52,28,76,9.4,5.0,13.8,"76,163","68,369","83,957",.,.,.,.,.,.
30,027,MT,Fergus County,"1,419","1,077","1,761",12.3,9.3,15.3,344,215,473,14.4,9.0,19.8,251,146,356,14.4,8.4,20.4,"63,752","57,467","70,037",.,.,.,.,.,.
30,029,MT,Flathead County,"9,741","7,878","11,604",8.6,7.0,10.2,"2,023","1,252","2,794",8.4,5.2,11.6,"1,438",775,"2,101",8.0,4.3,11.7,"76,444","71,382","81,506",.,.,.,.,.,.
30,031,MT,Gallatin County,"8,720","6,981","10,459",7.1,5.7,8.5,"1,246",767,"1,725",5.5,3.4,7.6,852,486,"1,218",5.0,2.9,7.1,"100,953","93,786","108,120",.,.,.,.,.,.
30,033,MT,Garfield County,174,128,220,15.0,11.1,18.9,59,35,83,20.8,12.4,29.2,43,23,63,22.2,12.0,32.4,"56,274","49,843","62,705",.,.,.,.,.,.
30,035,MT,Glacier County,"3,434","2,836","4,032",25.9,21.4,30.4,"1,102",779,"1,425",29.1,20.6,37.6,758,485,"1,031",26.6,17.0,36.2,"54,492","48,253","60,731",.,.,.,.,.,.
30,037,MT,Golden Valley County,169,130,208,20.2,15.5,24.9,46,27,65,33.3,19.6,47.0,36,19,53,46.2,24.7,67.7,"49,939","44,462","55,416",.,.,.,.,.,.
30,039,MT,Granite County,435,330,540,12.2,9.3,15.1,84,50,118,15.8,9.5,22.1,60,33,87,14.9,8.1,21.7,"66,105","58,576","73,634",.,.,.,.,.,.
30,041,MT,Hill County,"2,310","1,767","2,853",14.8,11.3,18.3,716,428,"1,004",16.7,10.0,23.4,501,272,730,15.8,8.6,23.0,"63,163","57,648","68,678",.,.,.,.,.,.
30,043,MT,Jefferson County,964,712,"1,216",7.4,5.5,9.3,197,118,276,7.7,4.6,10.8,141,76,206,7.1,3.8,10.4,"95,295","85,766","104,824",.,.,.,.,.,.
30,045,MT,Judith Basin County,260,186,334,12.3,8.8,15.8,74,44,104,19.0,11.3,26.7,53,28,78,18.6,9.9,27.3,"63,014","56,015","70,013",.,.,.,.,.,.
30,047,MT,Lake County,"4,924","4,030","5,818",14.9,12.2,17.6,"1,235",886,"1,584",18.1,13.0,23.2,892,618,"1,166",17.0,11.8,22.2,"61,452","55,845","67,059",.,.,.,.,.,.
30,049,MT,Lewis and Clark County,"5,599","4,227","6,971",7.6,5.7,9.5,"1,201",716,"1,686",7.9,4.7,11.1,825,445,"1,205",7.1,3.8,10.4,"85,284","78,576","91,992",.,.,.,.,.,.
30,051,MT,Liberty County,273,205,341,14.6,11.0,18.2,95,57,133,25.1,15.0,35.2,68,37,99,27.0,14.5,39.5,"64,790","57,264","72,316",.,.,.,.,.,.
30,053,MT,Lincoln County,"3,311","2,536","4,086",15.1,11.6,18.6,805,490,"1,120",21.1,12.9,29.3,584,324,844,20.5,11.3,29.7,"55,573","49,174","61,972",.,.,.,.,.,.
30,055,MT,McCone County,230,168,292,13.6,10.0,17.2,52,31,73,15.3,9.2,21.4,37,20,54,14.7,8.0,21.4,"58,865","51,936","65,794",.,.,.,.,.,.
30,057,MT,Madison County,810,591,"1,029",8.4,6.1,10.7,138,83,193,9.2,5.5,12.9,97,52,142,9.0,4.9,13.1,"76,300","68,173","84,427",.,.,.,.,.,.
30,059,MT,Meagher County,305,229,381,15.2,11.4,19.0,54,33,75,16.7,10.1,23.3,37,20,54,16.9,9.0,24.8,"60,176","53,132","67,220",.,.,.,.,.,.
30,061,MT,Mineral County,650,478,822,12.6,9.3,15.9,167,101,233,18.3,11.1,25.5,122,67,177,17.7,9.7,25.7,"61,150","53,966","68,334",.,.,.,.,.,.
30,063,MT,Missoula County,"11,021","8,884","13,158",9.2,7.4,11.0,"1,790","1,110","2,470",8.5,5.3,11.7,"1,197",662,"1,732",7.6,4.2,11.0,"76,277","71,029","81,525",.,.,.,.,.,.
30,065,MT,Musselshell County,786,587,985,14.5,10.8,18.2,218,129,307,20.6,12.2,29.0,162,86,238,20.6,11.0,30.2,"58,416","51,598","65,234",.,.,.,.,.,.
30,067,MT,Park County,"1,653","1,246","2,060",9.2,6.9,11.5,291,176,406,9.8,5.9,13.7,205,113,297,9.4,5.2,13.6,"73,761","67,017","80,505",.,.,.,.,.,.
30,069,MT,Petroleum County,76,56,96,14.5,10.6,18.4,18,11,25,21.7,13.1,30.3,13,7,19,21.7,11.6,31.8,"56,394","49,586","63,202",.,.,.,.,.,.
30,071,MT,Phillips County,638,465,811,15.4,11.2,19.6,204,122,286,21.1,12.7,29.5,149,81,217,20.2,11.0,29.4,"56,463","51,301","61,625",.,.,.,.,.,.
30,073,MT,Pondera County,931,700,"1,162",15.8,11.9,19.7,276,160,392,21.0,12.2,29.8,192,96,288,20.8,10.5,31.1,"63,135","57,398","68,872",.,.,.,.,.,.
30,075,MT,Powder River County,190,141,239,11.1,8.2,14.0,41,25,57,14.5,8.8,20.2,31,17,45,14.6,8.1,21.1,"61,612","54,367","68,857",.,.,.,.,.,.
30,077,MT,Powell County,816,576,"1,056",15.0,10.6,19.4,164,96,232,16.0,9.4,22.6,118,61,175,15.1,7.9,22.3,"65,069","57,644","72,494",.,.,.,.,.,.
30,079,MT,Prairie County,122,87,157,11.2,8.0,14.4,35,21,49,14.8,8.8,20.8,25,13,37,14.5,7.7,21.3,"62,469","56,937","68,001",.,.,.,.,.,.
30,081,MT,Ravalli County,"5,221","4,107","6,335",10.9,8.6,13.2,"1,156",747,"1,565",13.5,8.7,18.3,791,456,"1,126",12.3,7.1,17.5,"72,460","65,955","78,965",.,.,.,.,.,.
30,083,MT,Richland County,"1,073",819,"1,327",9.8,7.5,12.1,305,195,415,11.4,7.3,15.5,225,137,313,11.2,6.8,15.6,"81,961","72,402","91,520",.,.,.,.,.,.
30,085,MT,Roosevelt County,"2,261","1,739","2,783",22.8,17.5,28.1,903,590,"1,216",28.1,18.4,37.8,664,417,911,27.1,17.0,37.2,"55,302","50,243","60,361",.,.,.,.,.,.
30,087,MT,Rosebud County,"1,322","1,007","1,637",16.3,12.4,20.2,484,314,654,21.2,13.7,28.7,348,210,486,20.7,12.5,28.9,"70,245","62,344","78,146",.,.,.,.,.,.
30,089,MT,Sanders County,"1,905","1,449","2,361",13.9,10.6,17.2,408,244,572,18.2,10.9,25.5,295,159,431,18.0,9.7,26.3,"59,864","53,553","66,175",.,.,.,.,.,.
30,091,MT,Sheridan County,423,322,524,12.4,9.4,15.4,95,59,131,13.8,8.6,19.0,64,34,94,12.5,6.7,18.3,"62,725","55,706","69,744",.,.,.,.,.,.
30,093,MT,Silver Bow County,"4,573","3,681","5,465",12.9,10.4,15.4,897,551,"1,243",12.9,7.9,17.9,628,344,912,11.8,6.5,17.1,"65,459","60,383","70,535",.,.,.,.,.,.
30,095,MT,Stillwater County,775,594,956,8.3,6.4,10.2,160,96,224,8.3,5.0,11.6,114,62,166,7.8,4.2,11.4,"85,796","75,949","95,643",.,.,.,.,.,.
30,097,MT,Sweet Grass County,364,267,461,9.8,7.2,12.4,77,46,108,11.9,7.1,16.7,56,30,82,11.0,5.9,16.1,"73,627","65,349","81,905",.,.,.,.,.,.
30,099,MT,Teton County,880,685,"1,075",14.0,10.9,17.1,282,192,372,19.3,13.1,25.5,215,144,286,20.3,13.6,27.0,"64,349","57,035","71,663",.,.,.,.,.,.
30,101,MT,Toole County,678,506,850,15.6,11.6,19.6,194,118,270,18.1,11.0,25.2,137,77,197,17.3,9.8,24.8,"64,644","58,071","71,217",.,.,.,.,.,.
30,103,MT,Treasure County,89,66,112,12.1,9.0,15.2,34,20,48,18.5,11.1,25.9,24,13,35,17.9,9.5,26.3,"59,759","52,399","67,119",.,.,.,.,.,.
30,105,MT,Valley County,847,627,"1,067",11.6,8.6,14.6,248,157,339,15.7,10.0,21.4,182,107,257,15.7,9.2,22.2,"70,009","63,126","76,892",.,.,.,.,.,.
30,107,MT,Wheatland County,346,254,438,17.3,12.7,21.9,133,77,189,27.9,16.2,39.6,97,50,144,28.7,14.9,42.5,"47,920","42,255","53,585",.,.,.,.,.,.
30,109,MT,Wibaux County,101,73,129,11.5,8.4,14.6,33,20,46,16.0,9.6,22.4,24,13,35,14.9,7.9,21.9,"61,158","54,249","68,067",.,.,.,.,.,.
30,111,MT,Yellowstone County,"14,006","11,500","16,512",8.3,6.8,9.8,"3,207","2,121","4,293",8.6,5.7,11.5,"2,166","1,279","3,053",7.7,4.5,10.9,"77,321","73,106","81,536",.,.,.,.,.,.
31,000,NE,Nebraska,"207,151","198,332","215,970",10.6,10.1,11.1,"54,899","49,882","59,916",11.6,10.5,12.7,"38,219","33,716","42,722",10.9,9.6,12.2,"76,578","75,251","77,905","14,721","12,801","16,641",12.2,10.6,13.8
31,001,NE,Adams County,"3,315","2,624","4,006",11.0,8.7,13.3,914,645,"1,183",12.7,9.0,16.4,617,406,828,11.7,7.7,15.7,"74,092","66,630","81,554",.,.,.,.,.,.
31,003,NE,Antelope County,715,547,883,11.4,8.7,14.1,206,132,280,13.4,8.6,18.2,149,88,210,13.3,7.9,18.7,"69,146","61,693","76,599",.,.,.,.,.,.
31,005,NE,Arthur County,50,37,63,11.8,8.8,14.8,12,7,17,13.5,8.3,18.7,9,5,13,12.3,6.8,17.8,"66,597","58,560","74,634",.,.,.,.,.,.
31,007,NE,Banner County,72,53,91,10.8,8.0,13.6,24,15,33,15.5,10.0,21.0,18,11,25,14.4,8.4,20.4,"70,797","62,598","78,996",.,.,.,.,.,.
31,009,NE,Blaine County,66,49,83,14.5,10.7,18.3,15,9,21,14.9,9.4,20.4,11,6,16,14.9,8.8,21.0,"62,390","55,016","69,764",.,.,.,.,.,.
31,011,NE,Boone County,489,371,607,9.3,7.1,11.5,133,87,179,10.3,6.7,13.9,94,57,131,9.9,6.0,13.8,"78,571","70,609","86,533",.,.,.,.,.,.
31,013,NE,Box Butte County,"1,143",859,"1,427",10.8,8.1,13.5,390,243,537,14.7,9.2,20.2,273,155,391,13.5,7.7,19.3,"70,664","62,285","79,043",.,.,.,.,.,.
31,015,NE,Boyd County,217,159,275,13.1,9.6,16.6,55,35,75,17.9,11.3,24.5,40,23,57,16.3,9.4,23.2,"61,388","54,208","68,568",.,.,.,.,.,.
31,017,NE,Brown County,321,244,398,11.3,8.6,14.0,84,52,116,14.0,8.7,19.3,60,35,85,14.1,8.1,20.1,"63,089","55,652","70,526",.,.,.,.,.,.
31,019,NE,Buffalo County,"4,255","3,249","5,261",8.7,6.6,10.8,918,563,"1,273",8.2,5.0,11.4,653,370,936,7.9,4.5,11.3,"75,364","68,014","82,714",.,.,.,.,.,.
31,021,NE,Burt County,663,505,821,10.0,7.6,12.4,153,93,213,10.3,6.3,14.3,120,68,172,10.6,6.0,15.2,"71,088","63,328","78,848",.,.,.,.,.,.
31,023,NE,Butler County,784,609,959,9.5,7.4,11.6,236,168,304,11.8,8.4,15.2,158,104,212,10.4,6.9,13.9,"80,401","72,176","88,626",.,.,.,.,.,.
31,025,NE,Cass County,"1,690","1,308","2,072",6.2,4.8,7.6,380,230,530,6.4,3.9,8.9,256,142,370,5.5,3.0,8.0,"92,296","86,480","98,112",.,.,.,.,.,.
31,027,NE,Cedar County,713,546,880,8.7,6.7,10.7,184,117,251,9.0,5.8,12.2,132,76,188,8.5,4.9,12.1,"77,048","68,993","85,103",.,.,.,.,.,.
31,029,NE,Chase County,370,277,463,10.1,7.6,12.6,107,69,145,11.7,7.6,15.8,79,48,110,11.7,7.2,16.2,"72,801","65,317","80,285",.,.,.,.,.,.
31,031,NE,Cherry County,562,412,712,10.2,7.5,12.9,174,108,240,13.3,8.3,18.3,121,69,173,13.0,7.4,18.6,"65,705","62,135","69,275",.,.,.,.,.,.
31,033,NE,Cheyenne County,"1,117",861,"1,373",11.8,9.1,14.5,312,195,429,14.5,9.0,20.0,221,126,316,13.7,7.8,19.6,"63,179","57,062","69,296",.,.,.,.,.,.
31,035,NE,Clay County,578,432,724,9.6,7.2,12.0,162,101,223,11.0,6.8,15.2,118,67,169,11.1,6.3,15.9,"83,266","78,029","88,503",.,.,.,.,.,.
31,037,NE,Colfax County,900,647,"1,153",8.4,6.0,10.8,343,211,475,10.7,6.6,14.8,241,134,348,10.2,5.7,14.7,"74,226","65,720","82,732",.,.,.,.,.,.
31,039,NE,Cuming County,757,564,950,8.6,6.4,10.8,219,137,301,9.8,6.1,13.5,153,88,218,9.7,5.6,13.8,"74,666","66,643","82,689",.,.,.,.,.,.
31,041,NE,Custer County,"1,189",915,"1,463",11.5,8.9,14.1,354,230,478,14.2,9.2,19.2,249,147,351,13.6,8.0,19.2,"63,524","56,986","70,062",.,.,.,.,.,.
31,043,NE,Dakota County,"2,353","1,836","2,870",11.2,8.7,13.7,864,559,"1,169",14.0,9.1,18.9,605,355,855,13.6,8.0,19.2,"75,195","66,715","83,675",.,.,.,.,.,.
31,045,NE,Dawes County,"1,163",870,"1,456",15.9,11.9,19.9,226,143,309,15.3,9.7,20.9,140,81,199,13.5,7.8,19.2,"58,219","51,270","65,168",.,.,.,.,.,.
31,047,NE,Dawson County,"2,458","1,850","3,066",10.1,7.6,12.6,819,506,"1,132",12.1,7.5,16.7,595,339,851,12.2,6.9,17.5,"73,090","66,283","79,897",.,.,.,.,.,.
31,049,NE,Deuel County,224,167,281,11.9,8.9,14.9,70,44,96,18.2,11.3,25.1,54,31,77,19.0,11.0,27.0,"59,028","52,209","65,847",.,.,.,.,.,.
31,051,NE,Dixon County,481,359,603,8.9,6.6,11.2,130,81,179,9.5,5.9,13.1,92,53,131,8.6,4.9,12.3,"76,265","69,739","82,791",.,.,.,.,.,.
31,053,NE,Dodge County,"4,842","4,111","5,573",13.1,11.1,15.1,"1,259",922,"1,596",13.5,9.9,17.1,935,673,"1,197",13.9,10.0,17.8,"70,530","63,717","77,343",.,.,.,.,.,.
31,055,NE,Douglas County,"69,272","63,582","74,962",11.8,10.8,12.8,"20,057","17,122","22,992",13.7,11.7,15.7,"13,590","11,273","15,907",12.6,10.4,14.8,"80,742","77,962","83,522",.,.,.,.,.,.
31,057,NE,Dundy County,200,150,250,12.9,9.7,16.1,54,34,74,18.4,11.6,25.2,39,22,56,18.2,10.4,26.0,"61,146","53,824","68,468",.,.,.,.,.,.
31,059,NE,Fillmore County,458,346,570,8.5,6.4,10.6,92,61,123,8.5,5.6,11.4,60,34,86,7.7,4.4,11.0,"76,307","68,613","84,001",.,.,.,.,.,.
31,061,NE,Franklin County,338,254,422,12.1,9.1,15.1,84,53,115,14.4,9.1,19.7,60,34,86,13.5,7.6,19.4,"63,738","57,383","70,093",.,.,.,.,.,.
31,063,NE,Frontier County,271,197,345,11.3,8.2,14.4,74,47,101,14.8,9.3,20.3,55,32,78,14.2,8.2,20.2,"66,591","59,095","74,087",.,.,.,.,.,.
31,065,NE,Furnas County,585,470,700,13.2,10.6,15.8,150,99,201,16.2,10.7,21.7,106,65,147,15.5,9.5,21.5,"62,039","54,985","69,093",.,.,.,.,.,.
31,067,NE,Gage County,"2,284","1,845","2,723",10.7,8.6,12.8,512,330,694,10.6,6.8,14.4,351,204,498,9.5,5.5,13.5,"74,705","67,041","82,369",.,.,.,.,.,.
31,069,NE,Garden County,300,232,368,16.9,13.1,20.7,72,50,94,23.2,16.0,30.4,53,34,72,23.3,14.9,31.7,"50,767","44,821","56,713",.,.,.,.,.,.
31,071,NE,Garfield County,193,143,243,11.8,8.7,14.9,41,26,56,12.2,7.7,16.7,30,17,43,13.0,7.4,18.6,"57,062","51,929","62,195",.,.,.,.,.,.
31,073,NE,Gosper County,158,119,197,8.9,6.7,11.1,42,27,57,11.9,7.7,16.1,32,19,45,11.6,6.9,16.3,"76,403","70,730","82,076",.,.,.,.,.,.
31,075,NE,Grant County,64,47,81,11.2,8.3,14.1,31,19,43,22.5,14.1,30.9,23,13,33,21.3,12.0,30.6,"70,112","61,718","78,506",.,.,.,.,.,.
31,077,NE,Greeley County,231,173,289,10.7,8.0,13.4,53,33,73,10.4,6.5,14.3,38,22,54,9.9,5.6,14.2,"67,393","60,024","74,762",.,.,.,.,.,.
31,079,NE,Hall County,"9,333","8,068","10,598",15.1,13.1,17.1,"3,147","2,571","3,723",19.0,15.5,22.5,"2,117","1,655","2,579",17.7,13.8,21.6,"71,025","63,723","78,327",.,.,.,.,.,.
31,081,NE,Hamilton County,627,455,799,6.6,4.8,8.4,167,106,228,7.4,4.7,10.1,118,68,168,6.9,4.0,9.8,"85,288","76,050","94,526",.,.,.,.,.,.
31,083,NE,Harlan County,306,224,388,10.3,7.6,13.0,87,55,119,13.2,8.4,18.0,62,36,88,12.5,7.3,17.7,"66,017","58,206","73,828",.,.,.,.,.,.
31,085,NE,Hayes County,109,81,137,12.9,9.6,16.2,33,21,45,14.6,9.3,19.9,24,14,34,14.5,8.4,20.6,"71,367","69,664","73,070",.,.,.,.,.,.
31,087,NE,Hitchcock County,327,248,406,13.4,10.2,16.6,94,59,129,16.8,10.5,23.1,69,40,98,15.8,9.1,22.5,"60,179","53,098","67,260",.,.,.,.,.,.
31,089,NE,Holt County,"1,111",848,"1,374",11.1,8.5,13.7,340,219,461,13.1,8.5,17.7,248,149,347,12.9,7.7,18.1,"69,781","63,308","76,254",.,.,.,.,.,.
31,091,NE,Hooker County,54,40,68,7.8,5.8,9.8,12,8,16,7.7,4.9,10.5,9,5,13,7.1,4.2,10.0,"66,174","59,558","72,790",.,.,.,.,.,.
31,093,NE,Howard County,612,450,774,9.5,7.0,12.0,185,117,253,12.1,7.7,16.5,135,78,192,11.9,6.9,16.9,"73,933","65,900","81,966",.,.,.,.,.,.
31,095,NE,Jefferson County,688,501,875,9.8,7.1,12.5,207,127,287,12.6,7.7,17.5,147,82,212,12.3,6.9,17.7,"63,621","57,149","70,093",.,.,.,.,.,.
31,097,NE,Johnson County,561,421,701,13.7,10.3,17.1,121,79,163,12.9,8.4,17.4,89,54,124,12.3,7.5,17.1,"67,442","59,686","75,198",.,.,.,.,.,.
31,099,NE,Kearney County,517,385,649,7.8,5.8,9.8,130,81,179,8.2,5.1,11.3,93,53,133,8.1,4.6,11.6,"82,540","73,045","92,035",.,.,.,.,.,.
31,101,NE,Keith County,852,625,"1,079",10.6,7.8,13.4,271,170,372,16.5,10.4,22.6,184,104,264,15.1,8.5,21.7,"63,394","58,939","67,849",.,.,.,.,.,.
31,103,NE,Keya Paha County,131,97,165,16.0,11.8,20.2,19,12,26,12.8,8.1,17.5,13,8,18,11.8,6.8,16.8,"62,133","55,035","69,231",.,.,.,.,.,.
31,105,NE,Kimball County,417,313,521,12.9,9.7,16.1,100,65,135,15.7,10.2,21.2,69,41,97,14.9,8.8,21.0,"60,362","53,424","67,300",.,.,.,.,.,.
31,107,NE,Knox County,984,745,"1,223",12.1,9.2,15.0,287,181,393,14.5,9.1,19.9,204,118,290,13.4,7.7,19.1,"60,681","55,014","66,348",.,.,.,.,.,.
31,109,NE,Lancaster County,"37,861","34,124","41,598",11.8,10.6,13.0,"7,740","5,958","9,522",10.8,8.3,13.3,"5,614","4,170","7,058",10.5,7.8,13.2,"76,062","72,488","79,636",.,.,.,.,.,.
31,111,NE,Lincoln County,"3,596","2,848","4,344",11.0,8.7,13.3,869,560,"1,178",12.0,7.7,16.3,614,371,857,11.2,6.8,15.6,"69,128","62,161","76,095",.,.,.,.,.,.
31,113,NE,Logan County,62,46,78,9.0,6.7,11.3,11,7,15,7.0,4.3,9.7,8,4,12,6.7,3.8,9.6,"72,126","63,528","80,724",.,.,.,.,.,.
31,115,NE,Loup County,86,64,108,14.9,11.0,18.8,28,18,38,24.1,15.1,33.1,21,12,30,23.1,13.5,32.7,"66,693","58,814","74,572",.,.,.,.,.,.
31,117,NE,McPherson County,44,33,55,11.7,8.7,14.7,7,4,10,12.7,7.3,18.1,6,3,9,14.0,8.0,20.0,"67,039","58,847","75,231",.,.,.,.,.,.
31,119,NE,Madison County,"4,223","3,516","4,930",12.3,10.2,14.4,905,600,"1,210",10.4,6.9,13.9,619,369,869,9.7,5.8,13.6,"69,056","62,220","75,892",.,.,.,.,.,.
31,121,NE,Merrick County,755,580,930,9.8,7.5,12.1,194,130,258,11.1,7.4,14.8,137,85,189,10.5,6.5,14.5,"73,291","65,239","81,343",.,.,.,.,.,.
31,123,NE,Morrill County,588,440,736,13.4,10.0,16.8,171,108,234,16.8,10.7,22.9,120,70,170,16.2,9.4,23.0,"67,099","59,220","74,978",.,.,.,.,.,.
31,125,NE,Nance County,347,260,434,10.9,8.2,13.6,91,58,124,12.0,7.6,16.4,63,36,90,11.2,6.5,15.9,"69,105","61,239","76,971",.,.,.,.,.,.
31,127,NE,Nemaha County,765,575,955,11.7,8.8,14.6,183,118,248,11.6,7.5,15.7,128,75,181,10.9,6.4,15.4,"66,996","61,269","72,723",.,.,.,.,.,.
31,129,NE,Nuckolls County,432,317,547,10.7,7.9,13.5,115,72,158,14.1,8.8,19.4,83,47,119,13.7,7.8,19.6,"67,032","59,604","74,460",.,.,.,.,.,.
31,131,NE,Otoe County,"1,301",973,"1,629",8.0,6.0,10.0,346,214,478,8.6,5.3,11.9,243,138,348,8.1,4.6,11.6,"81,191","75,114","87,268",.,.,.,.,.,.
31,133,NE,Pawnee County,321,242,400,12.9,9.7,16.1,108,67,149,18.2,11.3,25.1,80,45,115,18.1,10.3,25.9,"62,600","56,013","69,187",.,.,.,.,.,.
31,135,NE,Perkins County,257,189,325,9.3,6.8,11.8,66,42,90,10.2,6.4,14.0,46,26,66,9.1,5.2,13.0,"78,023","71,549","84,497",.,.,.,.,.,.
31,137,NE,Phelps County,737,539,935,8.4,6.2,10.6,230,146,314,10.5,6.7,14.3,164,95,233,10.2,5.9,14.5,"78,735","70,387","87,083",.,.,.,.,.,.
31,139,NE,Pierce County,653,488,818,9.0,6.7,11.3,176,111,241,9.5,6.0,13.0,123,71,175,9.1,5.3,12.9,"85,583","75,532","95,634",.,.,.,.,.,.
31,141,NE,Platte County,"2,980","2,312","3,648",8.5,6.6,10.4,808,542,"1,074",8.8,5.9,11.7,544,332,756,7.9,4.8,11.0,"74,367","67,076","81,658",.,.,.,.,.,.
31,143,NE,Polk County,413,318,508,8.0,6.2,9.8,104,68,140,9.0,5.9,12.1,74,46,102,8.6,5.3,11.9,"76,692","68,831","84,553",.,.,.,.,.,.
31,145,NE,Red Willow County,"1,132",866,"1,398",11.2,8.6,13.8,307,211,403,13.4,9.2,17.6,230,152,308,13.6,9.0,18.2,"66,951","59,271","74,631",.,.,.,.,.,.
31,147,NE,Richardson County,856,653,"1,059",11.4,8.7,14.1,208,134,282,12.8,8.2,17.4,149,88,210,12.0,7.1,16.9,"65,056","57,710","72,402",.,.,.,.,.,.
31,149,NE,Rock County,159,117,201,13.1,9.6,16.6,46,29,63,17.4,10.8,24.0,33,19,47,18.0,10.3,25.7,"65,811","58,295","73,327",.,.,.,.,.,.
31,151,NE,Saline County,"1,057",735,"1,379",7.6,5.3,9.9,362,223,501,9.5,5.8,13.2,259,144,374,9.2,5.1,13.3,"80,352","74,351","86,353",.,.,.,.,.,.
31,153,NE,Sarpy County,"11,707","9,877","13,537",5.8,4.9,6.7,"2,706","1,840","3,572",5.3,3.6,7.0,"1,899","1,221","2,577",4.9,3.1,6.7,"102,043","97,526","106,560",.,.,.,.,.,.
31,155,NE,Saunders County,"1,385","1,016","1,754",6.0,4.4,7.6,326,207,445,5.8,3.7,7.9,225,131,319,5.3,3.1,7.5,"90,988","82,158","99,818",.,.,.,.,.,.
31,157,NE,Scotts Bluff County,"3,813","2,756","4,870",11.0,8.0,14.0,"1,257",772,"1,742",15.1,9.3,20.9,889,501,"1,277",14.4,8.1,20.7,"64,569","59,108","70,030",.,.,.,.,.,.
31,159,NE,Seward County,"1,298","1,008","1,588",7.9,6.1,9.7,254,160,348,6.4,4.0,8.8,176,101,251,5.8,3.3,8.3,"82,422","73,923","90,921",.,.,.,.,.,.
31,161,NE,Sheridan County,674,512,836,14.1,10.7,17.5,192,120,264,18.8,11.8,25.8,136,77,195,17.8,10.1,25.5,"59,796","52,845","66,747",.,.,.,.,.,.
31,163,NE,Sherman County,335,247,423,11.6,8.5,14.7,111,70,152,17.5,11.1,23.9,78,45,111,16.6,9.6,23.6,"61,724","54,964","68,484",.,.,.,.,.,.
31,165,NE,Sioux County,163,122,204,14.9,11.2,18.6,32,20,44,16.2,10.3,22.1,24,14,34,16.9,10.1,23.7,"67,434","59,264","75,604",.,.,.,.,.,.
31,167,NE,Stanton County,442,339,545,7.8,6.0,9.6,107,69,145,7.9,5.1,10.7,78,46,110,7.6,4.5,10.7,"78,313","69,688","86,938",.,.,.,.,.,.
31,169,NE,Thayer County,517,399,635,10.8,8.3,13.3,148,98,198,13.4,8.8,18.0,108,66,150,12.8,7.9,17.7,"67,526","60,409","74,643",.,.,.,.,.,.
31,171,NE,Thomas County,85,63,107,13.4,10.0,16.8,24,15,33,18.5,11.8,25.2,18,10,26,17.5,10.2,24.8,"60,299","53,069","67,529",.,.,.,.,.,.
31,173,NE,Thurston County,"1,100",820,"1,380",16.9,12.6,21.2,492,310,674,21.9,13.8,30.0,352,200,504,21.8,12.4,31.2,"65,125","58,436","71,814",.,.,.,.,.,.
31,175,NE,Valley County,431,317,545,10.8,8.0,13.6,129,81,177,14.1,8.9,19.3,93,53,133,14.0,8.0,20.0,"67,775","60,592","74,958",.,.,.,.,.,.
31,177,NE,Washington County,"1,363","1,052","1,674",6.5,5.0,8.0,269,172,366,5.5,3.5,7.5,180,105,255,4.7,2.7,6.7,"97,167","86,331","108,003",.,.,.,.,.,.
31,179,NE,Wayne County,"1,077",808,"1,346",12.5,9.4,15.6,191,121,261,9.4,6.0,12.8,132,77,187,8.8,5.1,12.5,"70,905","64,144","77,666",.,.,.,.,.,.
31,181,NE,Webster County,352,264,440,10.8,8.1,13.5,75,48,102,10.0,6.4,13.6,52,30,74,9.3,5.3,13.3,"61,235","54,817","67,653",.,.,.,.,.,.
31,183,NE,Wheeler County,92,68,116,11.4,8.4,14.4,26,16,36,13.3,8.3,18.3,18,10,26,14.2,8.1,20.3,"67,058","61,326","72,790",.,.,.,.,.,.
31,185,NE,York County,"1,222",929,"1,515",9.1,6.9,11.3,281,177,385,8.6,5.4,11.8,192,111,273,7.9,4.6,11.2,"74,591","66,066","83,116",.,.,.,.,.,.
32,000,NV,Nevada,"382,609","367,890","397,328",11.8,11.3,12.3,"105,022","96,757","113,287",15.5,14.3,16.7,"73,928","66,525","81,331",14.5,13.1,15.9,"81,129","80,048","82,210","29,260","26,136","32,384",17.7,15.8,19.6
32,001,NV,Churchill County,"2,533","1,916","3,150",9.9,7.5,12.3,728,472,984,12.7,8.2,17.2,509,306,712,12.0,7.2,16.8,"75,479","69,522","81,436",.,.,.,.,.,.
32,003,NV,Clark County,"296,097","280,899","311,295",12.5,11.9,13.1,"83,253","75,079","91,427",16.4,14.8,18.0,"58,577","52,246","64,908",15.3,13.6,17.0,"80,047","78,552","81,542",.,.,.,.,.,.
32,005,NV,Douglas County,"4,069","3,250","4,888",8.2,6.5,9.9,739,515,963,10.7,7.5,13.9,524,349,699,9.9,6.6,13.2,"101,862","92,807","110,917",.,.,.,.,.,.
32,007,NV,Elko County,"5,093","4,112","6,074",9.5,7.7,11.3,"1,372",932,"1,812",10.0,6.8,13.2,910,570,"1,250",8.7,5.5,11.9,"91,128","84,417","97,839",.,.,.,.,.,.
32,009,NV,Esmeralda County,106,79,133,14.8,11.1,18.5,17,11,23,19.8,13.2,26.4,13,8,18,18.8,11.4,26.2,"66,369","58,359","74,379",.,.,.,.,.,.
32,011,NV,Eureka County,208,156,260,11.1,8.3,13.9,54,36,72,13.6,9.2,18.0,39,24,54,12.2,7.6,16.8,"82,162","72,788","91,536",.,.,.,.,.,.
32,013,NV,Humboldt County,"1,800","1,380","2,220",10.6,8.1,13.1,634,445,823,14.5,10.2,18.8,457,310,604,13.7,9.3,18.1,"85,433","77,095","93,771",.,.,.,.,.,.
32,015,NV,Lander County,625,465,785,10.9,8.1,13.7,194,129,259,13.4,8.9,17.9,138,84,192,12.4,7.6,17.2,"92,510","81,811","103,209",.,.,.,.,.,.
32,017,NV,Lincoln County,552,413,691,13.2,9.9,16.5,136,91,181,16.7,11.1,22.3,97,60,134,17.0,10.5,23.5,"72,249","63,804","80,694",.,.,.,.,.,.
32,019,NV,Lyon County,"7,254","6,108","8,400",11.4,9.6,13.2,"1,806","1,338","2,274",14.2,10.5,17.9,"1,311",925,"1,697",13.7,9.7,17.7,"77,802","71,231","84,373",.,.,.,.,.,.
32,021,NV,Mineral County,778,595,961,17.6,13.5,21.7,197,132,262,23.6,15.8,31.4,136,85,187,21.4,13.4,29.4,"58,610","51,717","65,503",.,.,.,.,.,.
32,023,NV,Nye County,"7,576","6,017","9,135",13.8,11.0,16.6,"2,030","1,410","2,650",22.8,15.8,29.8,"1,464",942,"1,986",21.5,13.8,29.2,"65,910","58,819","73,001",.,.,.,.,.,.
32,027,NV,Pershing County,909,688,"1,130",18.3,13.9,22.7,176,120,232,16.9,11.5,22.3,127,81,173,15.6,9.9,21.3,"68,559","61,500","75,618",.,.,.,.,.,.
32,029,NV,Storey County,294,219,369,7.2,5.4,9.0,35,23,47,7.4,4.9,9.9,26,16,36,6.9,4.3,9.5,"92,548","81,497","103,599",.,.,.,.,.,.
32,031,NV,Washoe County,"47,251","40,982","53,520",9.4,8.1,10.7,"11,684","8,996","14,372",11.7,9.0,14.4,"8,235","6,193","10,277",10.9,8.2,13.6,"91,178","87,922","94,434",.,.,.,.,.,.
32,033,NV,White Pine County,999,768,"1,230",12.6,9.7,15.5,229,151,307,13.7,9.1,18.3,161,99,223,12.4,7.6,17.2,"71,474","63,072","79,876",.,.,.,.,.,.
32,510,NV,Carson City,"6,467","5,246","7,688",11.7,9.5,13.9,"1,741","1,270","2,212",15.8,11.5,20.1,"1,204",836,"1,572",14.3,9.9,18.7,"72,143","64,412","79,874",.,.,.,.,.,.
33,000,NH,New Hampshire,"100,256","94,345","106,167",7.3,6.9,7.7,"17,170","14,690","19,650",7.0,6.0,8.0,"11,334","9,157","13,511",6.2,5.0,7.4,"100,364","98,151","102,577","5,108","4,037","6,179",8.5,6.7,10.3
33,001,NH,Belknap County,"5,466","4,399","6,533",8.5,6.8,10.2,"1,024",673,"1,375",9.7,6.4,13.0,661,386,936,8.1,4.7,11.5,"88,870","80,315","97,425",.,.,.,.,.,.
33,003,NH,Carroll County,"4,092","3,095","5,089",7.9,6.0,9.8,814,529,"1,099",11.1,7.2,15.0,557,332,782,9.8,5.9,13.7,"90,255","82,881","97,629",.,.,.,.,.,.
33,005,NH,Cheshire County,"6,159","4,771","7,547",8.2,6.3,10.1,"1,244",771,"1,717",9.3,5.8,12.8,840,469,"1,211",8.4,4.7,12.1,"81,728","76,722","86,734",.,.,.,.,.,.
33,007,NH,Coos County,"4,118","3,385","4,851",13.8,11.3,16.3,762,518,"1,006",15.9,10.8,21.0,499,306,692,13.8,8.5,19.1,"59,499","54,352","64,646",.,.,.,.,.,.
33,009,NH,Grafton County,"8,212","6,716","9,708",9.6,7.9,11.3,"1,206",807,"1,605",8.8,5.9,11.7,792,481,"1,103",7.6,4.6,10.6,"85,260","79,118","91,402",.,.,.,.,.,.
33,011,NH,Hillsborough County,"29,420","25,267","33,573",7.0,6.0,8.0,"5,444","3,922","6,966",6.8,4.9,8.7,"3,700","2,525","4,875",6.2,4.2,8.2,"105,060","100,997","109,123",.,.,.,.,.,.
33,013,NH,Merrimack County,"11,346","9,170","13,522",7.5,6.1,8.9,"1,920","1,263","2,577",7.0,4.6,9.4,"1,279",763,"1,795",6.2,3.7,8.7,"95,305","89,854","100,756",.,.,.,.,.,.
33,015,NH,Rockingham County,"16,873","14,240","19,506",5.3,4.5,6.1,"2,122","1,386","2,858",3.7,2.4,5.0,"1,390",820,"1,960",3.3,2.0,4.6,"119,559","112,949","126,169",.,.,.,.,.,.
33,017,NH,Strafford County,"10,803","8,622","12,984",8.6,6.9,10.3,"1,813","1,193","2,433",8.1,5.3,10.9,"1,072",580,"1,564",6.5,3.5,9.5,"82,816","77,685","87,947",.,.,.,.,.,.
33,019,NH,Sullivan County,"3,768","2,853","4,683",8.7,6.6,10.8,820,520,"1,120",11.2,7.1,15.3,544,311,777,9.8,5.6,14.0,"88,661","84,268","93,054",.,.,.,.,.,.
34,000,NJ,New Jersey,"864,015","842,577","885,453",9.2,9.0,9.4,"237,170","225,276","249,064",11.8,11.2,12.4,"171,103","160,703","181,503",11.4,10.7,12.1,"104,202","103,226","105,178","60,370","54,772","65,968",11.8,10.7,12.9
34,001,NJ,Atlantic County,"30,287","25,098","35,476",11.1,9.2,13.0,"8,013","5,778","10,248",14.4,10.4,18.4,"6,068","4,274","7,862",14.5,10.2,18.8,"74,693","70,449","78,937",.,.,.,.,.,.
34,003,NJ,Bergen County,"65,171","56,874","73,468",6.7,5.8,7.6,"14,560","11,515","17,605",7.3,5.8,8.8,"10,340","7,968","12,712",6.9,5.3,8.5,"121,894","119,323","124,465",.,.,.,.,.,.
34,005,NJ,Burlington County,"25,492","20,721","30,263",5.5,4.5,6.5,"5,212","3,439","6,985",5.5,3.6,7.4,"3,746","2,322","5,170",5.3,3.3,7.3,"106,525","101,888","111,162",.,.,.,.,.,.
34,007,NJ,Camden County,"60,444","53,420","67,468",11.4,10.1,12.7,"19,467","16,299","22,635",16.5,13.8,19.2,"14,432","11,982","16,882",16.6,13.8,19.4,"91,411","88,136","94,686",.,.,.,.,.,.
34,009,NJ,Cape May County,"9,067","7,311","10,823",9.8,7.9,11.7,"2,027","1,403","2,651",13.2,9.1,17.3,"1,461",953,"1,969",12.5,8.1,16.9,"91,758","87,116","96,400",.,.,.,.,.,.
34,011,NJ,Cumberland County,"20,754","17,148","24,360",14.2,11.7,16.7,"6,510","4,630","8,390",17.7,12.6,22.8,"4,760","3,277","6,243",17.3,11.9,22.7,"66,986","61,794","72,178",.,.,.,.,.,.
34,013,NJ,Essex County,"115,332","103,154","127,510",13.4,12.0,14.8,"33,689","28,150","39,228",16.6,13.9,19.3,"23,900","19,257","28,543",15.9,12.8,19.0,"84,900","80,760","89,040",.,.,.,.,.,.
34,015,NJ,Gloucester County,"21,467","17,850","25,084",7.1,5.9,8.3,"4,968","3,557","6,379",7.7,5.5,9.9,"3,670","2,522","4,818",7.5,5.1,9.9,"104,403","99,330","109,476",.,.,.,.,.,.
34,017,NJ,Hudson County,"107,427","98,514","116,340",14.7,13.5,15.9,"29,023","24,348","33,698",20.8,17.4,24.2,"22,717","19,192","26,242",23.4,19.8,27.0,"93,468","89,111","97,825",.,.,.,.,.,.
34,019,NJ,Hunterdon County,"5,797","4,593","7,001",4.5,3.6,5.4,925,606,"1,244",3.7,2.4,5.0,656,396,916,3.5,2.1,4.9,"136,956","128,682","145,230",.,.,.,.,.,.
34,021,NJ,Mercer County,"37,686","32,192","43,180",10.0,8.5,11.5,"11,325","8,759","13,891",13.3,10.3,16.3,"8,048","5,890","10,206",12.7,9.3,16.1,"102,760","98,661","106,859",.,.,.,.,.,.
34,023,NJ,Middlesex County,"71,867","63,330","80,404",8.3,7.3,9.3,"17,479","13,923","21,035",9.5,7.6,11.4,"11,985","9,196","14,774",8.6,6.6,10.6,"113,828","109,987","117,669",.,.,.,.,.,.
34,025,NJ,Monmouth County,"44,218","37,062","51,374",6.9,5.8,8.0,"10,025","7,595","12,455",7.6,5.7,9.5,"7,628","5,757","9,499",7.7,5.8,9.6,"121,051","117,951","124,151",.,.,.,.,.,.
34,027,NJ,Morris County,"24,128","19,704","28,552",4.7,3.8,5.6,"4,539","3,166","5,912",4.3,3.0,5.6,"3,192","2,124","4,260",4.0,2.6,5.4,"137,213","130,706","143,720",.,.,.,.,.,.
34,029,NJ,Ocean County,"59,660","52,158","67,162",9.1,8.0,10.2,"19,961","15,769","24,153",12.2,9.6,14.8,"13,749","10,261","17,237",11.9,8.9,14.9,"94,954","90,910","98,998",.,.,.,.,.,.
34,031,NJ,Passaic County,"62,823","53,789","71,857",12.1,10.4,13.8,"22,363","18,253","26,473",18.4,15.0,21.8,"15,411","12,120","18,702",17.2,13.5,20.9,"85,224","81,318","89,130",.,.,.,.,.,.
34,033,NJ,Salem County,"8,080","6,645","9,515",12.4,10.2,14.6,"2,586","1,983","3,189",18.2,14.0,22.4,"1,953","1,472","2,434",18.5,13.9,23.1,"81,009","74,753","87,265",.,.,.,.,.,.
34,035,NJ,Somerset County,"20,378","16,934","23,822",5.8,4.8,6.8,"4,083","3,079","5,087",5.6,4.2,7.0,"3,160","2,360","3,960",5.7,4.3,7.1,"134,499","127,931","141,067",.,.,.,.,.,.
34,037,NJ,Sussex County,"7,699","6,120","9,278",5.2,4.1,6.3,"1,581","1,051","2,111",5.6,3.7,7.5,"1,154",725,"1,583",5.5,3.4,7.6,"114,993","109,182","120,804",.,.,.,.,.,.
34,039,NJ,Union County,"57,098","50,300","63,896",9.7,8.5,10.9,"16,703","13,752","19,654",12.2,10.0,14.4,"11,495","9,161","13,829",11.3,9.0,13.6,"101,023","97,531","104,515",.,.,.,.,.,.
34,041,NJ,Warren County,"9,138","7,480","10,796",8.2,6.7,9.7,"2,130","1,572","2,688",10.2,7.5,12.9,"1,578","1,122","2,034",10.0,7.1,12.9,"94,865","87,672","102,058",.,.,.,.,.,.
35,000,NM,New Mexico,"330,455","318,152","342,758",15.8,15.2,16.4,"90,274","83,825","96,723",20.5,19.0,22.0,"66,033","60,203","71,863",19.7,18.0,21.4,"67,838","66,102","69,574","22,114","19,798","24,430",21.4,19.2,23.6
35,001,NM,Bernalillo County,"90,877","82,927","98,827",13.7,12.5,14.9,"21,608","17,954","25,262",16.8,14.0,19.6,"15,236","12,284","18,188",15.6,12.6,18.6,"72,986","70,530","75,442",.,.,.,.,.,.
35,003,NM,Catron County,718,532,904,19.0,14.1,23.9,158,102,214,38.5,24.8,52.2,121,73,169,38.3,23.2,53.4,"48,654","42,941","54,367",.,.,.,.,.,.
35,005,NM,Chaves County,"13,363","11,355","15,371",21.6,18.4,24.8,"3,614","2,666","4,562",24.2,17.9,30.5,"2,791","2,033","3,549",24.6,17.9,31.3,"55,258","50,115","60,401",.,.,.,.,.,.
35,006,NM,Cibola County,"6,359","5,075","7,643",25.9,20.7,31.1,"1,944","1,350","2,538",33.4,23.2,43.6,"1,450",960,"1,940",31.8,21.1,42.5,"49,500","43,877","55,123",.,.,.,.,.,.
35,007,NM,Colfax County,"2,093","1,560","2,626",17.9,13.3,22.5,518,342,694,26.3,17.3,35.3,376,233,519,24.9,15.4,34.4,"55,466","50,696","60,236",.,.,.,.,.,.
35,009,NM,Curry County,"7,747","6,233","9,261",16.8,13.5,20.1,"2,565","1,727","3,403",21.1,14.2,28.0,"1,900","1,223","2,577",22.0,14.2,29.8,"57,333","52,230","62,436",.,.,.,.,.,.
35,011,NM,DeBaca County,279,205,353,16.9,12.4,21.4,106,68,144,29.7,19.1,40.3,81,49,113,29.2,17.7,40.7,"48,169","42,424","53,914",.,.,.,.,.,.
35,013,NM,Dona Ana County,"40,196","34,533","45,859",17.9,15.4,20.4,"11,873","9,176","14,570",23.6,18.2,29.0,"9,037","6,809","11,265",23.7,17.9,29.5,"60,154","56,418","63,890",.,.,.,.,.,.
35,015,NM,Eddy County,"9,151","7,431","10,871",15.1,12.3,17.9,"2,538","1,710","3,366",16.2,10.9,21.5,"1,906","1,235","2,577",16.2,10.5,21.9,"75,342","66,788","83,896",.,.,.,.,.,.
35,017,NM,Grant County,"4,663","3,544","5,782",17.3,13.1,21.5,"1,263",842,"1,684",26.7,17.8,35.6,932,597,"1,267",25.8,16.5,35.1,"49,111","44,027","54,195",.,.,.,.,.,.
35,019,NM,Guadalupe County,841,622,"1,060",22.3,16.5,28.1,199,129,269,24.6,15.9,33.3,149,91,207,22.6,13.8,31.4,"47,579","41,951","53,207",.,.,.,.,.,.
35,021,NM,Harding County,91,67,115,14.4,10.6,18.2,22,14,30,23.7,15.3,32.1,17,10,24,25.8,15.5,36.1,"51,842","45,603","58,081",.,.,.,.,.,.
35,023,NM,Hidalgo County,931,710,"1,152",24.0,18.3,29.7,283,193,373,34.1,23.2,45.0,213,140,286,33.2,21.9,44.5,"48,112","42,386","53,838",.,.,.,.,.,.
35,025,NM,Lea County,"11,421","9,072","13,770",15.7,12.5,18.9,"3,932","2,745","5,119",18.6,13.0,24.2,"2,816","1,853","3,779",17.8,11.7,23.9,"73,147","66,397","79,897",.,.,.,.,.,.
35,027,NM,Lincoln County,"3,091","2,355","3,827",15.5,11.8,19.2,825,529,"1,121",24.4,15.6,33.2,614,377,851,24.0,14.8,33.2,"61,803","55,022","68,584",.,.,.,.,.,.
35,028,NM,Los Alamos County,738,551,925,3.8,2.8,4.8,114,74,154,2.8,1.8,3.8,82,51,113,2.6,1.6,3.6,"149,062","132,589","165,535",.,.,.,.,.,.
35,029,NM,Luna County,"5,997","4,689","7,305",23.9,18.7,29.1,"2,154","1,442","2,866",33.3,22.3,44.3,"1,555",969,"2,141",32.9,20.5,45.3,"41,456","36,805","46,107",.,.,.,.,.,.
35,031,NM,McKinley County,"17,951","15,415","20,487",26.2,22.5,29.9,"5,664","4,278","7,050",31.9,24.1,39.7,"4,337","3,277","5,397",31.1,23.5,38.7,"45,517","40,943","50,091",.,.,.,.,.,.
35,033,NM,Mora County,786,578,994,19.2,14.1,24.3,154,100,208,23.8,15.4,32.2,111,67,155,23.0,13.9,32.1,"50,842","44,980","56,704",.,.,.,.,.,.
35,035,NM,Otero County,"12,758","10,515","15,001",19.3,15.9,22.7,"4,114","3,023","5,205",28.3,20.8,35.8,"3,197","2,279","4,115",29.8,21.2,38.4,"56,152","51,193","61,111",.,.,.,.,.,.
35,037,NM,Quay County,"1,719","1,274","2,164",20.6,15.3,25.9,523,336,710,31.4,20.2,42.6,396,241,551,30.9,18.8,43.0,"47,346","42,668","52,024",.,.,.,.,.,.
35,039,NM,Rio Arriba County,"6,791","5,296","8,286",17.1,13.3,20.9,"1,919","1,265","2,573",22.3,14.7,29.9,"1,380",860,"1,900",20.7,12.9,28.5,"62,153","58,137","66,169",.,.,.,.,.,.
35,041,NM,Roosevelt County,"3,549","2,786","4,312",20.1,15.8,24.4,"1,149",794,"1,504",26.9,18.6,35.2,872,577,"1,167",27.2,18.0,36.4,"53,508","47,976","59,040",.,.,.,.,.,.
35,043,NM,Sandoval County,"14,810","11,973","17,647",9.4,7.6,11.2,"3,792","2,670","4,914",11.7,8.2,15.2,"2,714","1,780","3,648",10.6,6.9,14.3,"90,023","84,528","95,518",.,.,.,.,.,.
35,045,NM,San Juan County,"21,774","18,607","24,941",18.2,15.6,20.8,"6,346","4,853","7,839",22.2,17.0,27.4,"4,350","3,066","5,634",19.9,14.0,25.8,"64,999","61,316","68,682",.,.,.,.,.,.
35,047,NM,San Miguel County,"6,618","5,520","7,716",26.0,21.7,30.3,"1,512","1,188","1,836",36.3,28.5,44.1,"1,097",830,"1,364",35.5,26.8,44.2,"49,553","44,414","54,692",.,.,.,.,.,.
35,049,NM,Santa Fe County,"16,912","13,749","20,075",10.9,8.9,12.9,"3,493","2,401","4,585",14.8,10.2,19.4,"2,568","1,665","3,471",14.2,9.2,19.2,"85,540","79,357","91,723",.,.,.,.,.,.
35,051,NM,Sierra County,"2,312","1,690","2,934",20.6,15.0,26.2,613,397,829,34.1,22.1,46.1,458,279,637,32.8,20.0,45.6,"41,829","36,942","46,716",.,.,.,.,.,.
35,053,NM,Socorro County,"4,305","3,506","5,104",28.5,23.2,33.8,"1,219",878,"1,560",37.5,27.0,48.0,962,693,"1,231",38.7,27.9,49.5,"47,105","41,501","52,709",.,.,.,.,.,.
35,055,NM,Taos County,"5,889","4,495","7,283",17.2,13.1,21.3,"1,267",850,"1,684",25.2,16.9,33.5,725,418,"1,032",18.6,10.7,26.5,"52,728","47,188","58,268",.,.,.,.,.,.
35,057,NM,Torrance County,"3,166","2,383","3,949",20.2,15.2,25.2,972,653,"1,291",30.1,20.2,40.0,732,475,989,30.2,19.6,40.8,"56,736","50,728","62,744",.,.,.,.,.,.
35,059,NM,Union County,633,478,788,18.3,13.8,22.8,203,132,274,25.7,16.7,34.7,148,90,206,24.2,14.7,33.7,"49,814","43,891","55,737",.,.,.,.,.,.
35,061,NM,Valencia County,"11,924","9,664","14,184",15.0,12.2,17.8,"3,620","2,597","4,643",20.3,14.6,26.0,"2,710","1,903","3,517",20.1,14.1,26.1,"69,309","65,438","73,180",.,.,.,.,.,.
36,000,NY,New York,"2,702,081","2,665,052","2,739,110",14.0,13.8,14.2,"697,721","676,258","719,184",17.9,17.3,18.5,"490,038","471,519","508,557",17.1,16.5,17.7,"85,768","85,121","86,415","188,872","178,927","198,817",18.9,17.9,19.9
36,001,NY,Albany County,"38,076","33,187","42,965",12.6,11.0,14.2,"7,458","5,554","9,362",13.4,10.0,16.8,"5,002","3,493","6,511",12.1,8.5,15.7,"81,237","77,743","84,731",.,.,.,.,.,.
36,003,NY,Allegany County,"6,786","5,810","7,762",16.4,14.0,18.8,"1,665","1,253","2,077",18.8,14.1,23.5,"1,141",824,"1,458",17.7,12.8,22.6,"61,154","57,300","65,008",.,.,.,.,.,.
36,005,NY,Bronx County,"388,640","370,599","406,681",28.7,27.4,30.0,"123,099","112,979","133,219",38.1,35.0,41.2,"90,464","82,963","97,965",38.0,34.8,41.2,"46,486","44,572","48,400",.,.,.,.,.,.
36,007,NY,Broome County,"29,198","25,653","32,743",15.9,14.0,17.8,"6,535","5,051","8,019",18.3,14.1,22.5,"4,089","2,818","5,360",15.2,10.5,19.9,"64,727","60,665","68,789",.,.,.,.,.,.
36,009,NY,Cattaraugus County,"13,699","12,063","15,335",18.7,16.5,20.9,"4,317","3,593","5,041",27.5,22.9,32.1,"3,240","2,683","3,797",27.5,22.8,32.2,"61,376","59,271","63,481",.,.,.,.,.,.
36,011,NY,Cayuga County,"9,655","8,017","11,293",13.5,11.2,15.8,"2,250","1,643","2,857",16.5,12.0,21.0,"1,489",976,"2,002",14.7,9.6,19.8,"67,774","63,243","72,305",.,.,.,.,.,.
36,013,NY,Chautauqua County,"22,564","19,962","25,166",18.7,16.5,20.9,"7,016","5,873","8,159",28.6,23.9,33.3,"5,027","4,114","5,940",27.4,22.4,32.4,"60,051","55,611","64,491",.,.,.,.,.,.
36,015,NY,Chemung County,"11,033","9,457","12,609",14.2,12.2,16.2,"3,004","2,213","3,795",18.4,13.6,23.2,"2,185","1,560","2,810",18.0,12.8,23.2,"66,441","63,351","69,531",.,.,.,.,.,.
36,017,NY,Chenango County,"5,444","4,388","6,500",12.1,9.8,14.4,"1,331",872,"1,790",14.5,9.5,19.5,928,553,"1,303",13.7,8.2,19.2,"63,204","59,069","67,339",.,.,.,.,.,.
36,019,NY,Clinton County,"9,670","8,034","11,306",13.2,11.0,15.4,"2,086","1,578","2,594",15.5,11.7,19.3,"1,411","1,004","1,818",13.8,9.8,17.8,"69,302","63,630","74,974",.,.,.,.,.,.
36,021,NY,Columbia County,"6,560","5,333","7,787",11.1,9.0,13.2,"1,209",827,"1,591",13.8,9.4,18.2,869,569,"1,169",13.2,8.6,17.8,"80,397","73,235","87,559",.,.,.,.,.,.
36,023,NY,Cortland County,"6,161","4,873","7,449",14.7,11.6,17.8,"1,260",880,"1,640",15.5,10.8,20.2,910,616,"1,204",15.3,10.4,20.2,"71,551","65,807","77,295",.,.,.,.,.,.
36,025,NY,Delaware County,"5,274","4,218","6,330",12.7,10.2,15.2,"1,055",715,"1,395",16.0,10.8,21.2,765,493,"1,037",15.7,10.1,21.3,"63,958","57,987","69,929",.,.,.,.,.,.
36,027,NY,Dutchess County,"23,870","20,758","26,982",8.4,7.3,9.5,"4,143","2,713","5,573",7.9,5.2,10.6,"3,002","1,807","4,197",7.7,4.6,10.8,"94,933","89,107","100,759",.,.,.,.,.,.
36,029,NY,Erie County,"117,980","108,013","127,947",12.8,11.7,13.9,"29,740","25,432","34,048",16.0,13.7,18.3,"19,701","16,318","23,084",14.2,11.8,16.6,"73,040","70,837","75,243",.,.,.,.,.,.
36,031,NY,Essex County,"4,082","3,317","4,847",11.6,9.4,13.8,718,482,954,13.8,9.3,18.3,510,321,699,13.3,8.4,18.2,"67,881","62,091","73,671",.,.,.,.,.,.
36,033,NY,Franklin County,"7,838","6,871","8,805",18.0,15.8,20.2,"1,785","1,369","2,201",20.1,15.4,24.8,"1,250",931,"1,569",18.8,14.0,23.6,"63,460","57,070","69,850",.,.,.,.,.,.
36,035,NY,Fulton County,"6,508","5,181","7,835",12.7,10.1,15.3,"1,823","1,259","2,387",18.4,12.7,24.1,"1,319",861,"1,777",17.8,11.6,24.0,"66,757","61,721","71,793",.,.,.,.,.,.
36,037,NY,Genesee County,"5,552","4,640","6,464",9.9,8.3,11.5,"1,340",946,"1,734",11.9,8.4,15.4,982,663,"1,301",11.7,7.9,15.5,"72,993","68,046","77,940",.,.,.,.,.,.
36,039,NY,Greene County,"5,045","3,918","6,172",11.3,8.8,13.8,"1,099",735,"1,463",15.3,10.2,20.4,758,470,"1,046",14.5,9.0,20.0,"79,124","74,209","84,039",.,.,.,.,.,.
36,041,NY,Hamilton County,540,427,653,10.7,8.5,12.9,84,57,111,14.3,9.7,18.9,57,36,78,12.3,7.7,16.9,"69,045","61,888","76,202",.,.,.,.,.,.
36,043,NY,Herkimer County,"8,546","7,138","9,954",14.6,12.2,17.0,"2,119","1,569","2,669",18.2,13.5,22.9,"1,377",927,"1,827",15.8,10.6,21.0,"64,913","59,502","70,324",.,.,.,.,.,.
36,045,NY,Jefferson County,"14,559","12,254","16,864",13.5,11.4,15.6,"4,673","3,618","5,728",17.5,13.5,21.5,"2,887","2,016","3,758",15.6,10.9,20.3,"69,193","64,561","73,825",.,.,.,.,.,.
36,047,NY,Kings County,"497,973","472,599","523,347",19.2,18.2,20.2,"148,111","134,220","162,002",26.9,24.4,29.4,"104,998","94,747","115,249",26.5,23.9,29.1,"80,696","79,612","81,780",.,.,.,.,.,.
36,049,NY,Lewis County,"3,301","2,658","3,944",12.6,10.2,15.0,903,638,"1,168",15.5,11.0,20.0,638,428,848,14.7,9.9,19.5,"70,954","64,907","77,001",.,.,.,.,.,.
36,051,NY,Livingston County,"5,639","4,380","6,898",9.9,7.7,12.1,"1,207",810,"1,604",11.5,7.7,15.3,838,519,"1,157",10.8,6.7,14.9,"77,486","71,679","83,293",.,.,.,.,.,.
36,053,NY,Madison County,"6,635","5,613","7,657",10.7,9.1,12.3,"1,307",906,"1,708",11.0,7.6,14.4,884,557,"1,211",9.9,6.2,13.6,"73,747","69,885","77,609",.,.,.,.,.,.
36,055,NY,Monroe County,"102,195","95,236","109,154",14.1,13.1,15.1,"24,717","21,467","27,967",16.9,14.7,19.1,"16,904","14,525","19,283",15.5,13.3,17.7,"76,594","74,224","78,964",.,.,.,.,.,.
36,057,NY,Montgomery County,"7,529","6,241","8,817",15.5,12.9,18.1,"2,639","1,991","3,287",23.5,17.7,29.3,"1,793","1,262","2,324",22.2,15.6,28.8,"61,581","56,088","67,074",.,.,.,.,.,.
36,059,NY,Nassau County,"81,127","70,054","92,200",5.9,5.1,6.7,"19,602","14,897","24,307",6.8,5.2,8.4,"13,343","9,564","17,122",6.1,4.4,7.8,"141,824","138,625","145,023",.,.,.,.,.,.
36,061,NY,New York County,"250,718","234,962","266,474",15.5,14.5,16.5,"42,603","35,980","49,226",19.8,16.7,22.9,"30,368","25,562","35,174",19.7,16.6,22.8,"105,713","101,122","110,304",.,.,.,.,.,.
36,063,NY,Niagara County,"27,102","23,102","31,102",13.2,11.3,15.1,"7,146","5,573","8,719",17.8,13.9,21.7,"4,829","3,560","6,098",16.0,11.8,20.2,"70,329","66,506","74,152",.,.,.,.,.,.
36,065,NY,Oneida County,"36,318","32,467","40,169",16.7,14.9,18.5,"11,926","10,207","13,645",25.3,21.7,28.9,"8,487","7,170","9,804",24.1,20.4,27.8,"72,137","68,609","75,665",.,.,.,.,.,.
36,067,NY,Onondaga County,"56,380","49,686","63,074",12.5,11.0,14.0,"14,611","11,569","17,653",15.5,12.3,18.7,"9,953","7,681","12,225",14.1,10.9,17.3,"78,198","75,148","81,248",.,.,.,.,.,.
36,069,NY,Ontario County,"9,863","8,259","11,467",9.0,7.5,10.5,"2,170","1,574","2,766",10.5,7.6,13.4,"1,496","1,041","1,951",9.5,6.6,12.4,"83,661","79,179","88,143",.,.,.,.,.,.
36,071,NY,Orange County,"48,077","41,337","54,817",12.0,10.3,13.7,"16,896","12,911","20,881",16.5,12.6,20.4,"11,396","8,194","14,598",15.1,10.9,19.3,"94,789","91,102","98,476",.,.,.,.,.,.
36,073,NY,Orleans County,"4,131","3,209","5,053",10.8,8.4,13.2,"1,078",704,"1,452",15.2,9.9,20.5,809,493,"1,125",15.5,9.4,21.6,"68,338","65,042","71,634",.,.,.,.,.,.
36,075,NY,Oswego County,"17,740","15,297","20,183",15.7,13.5,17.9,"4,656","3,653","5,659",20.0,15.7,24.3,"3,604","2,819","4,389",20.7,16.2,25.2,"68,379","62,996","73,762",.,.,.,.,.,.
36,077,NY,Otsego County,"7,234","5,869","8,599",13.7,11.1,16.3,"1,297",942,"1,652",15.2,11.0,19.4,861,557,"1,165",14.0,9.1,18.9,"67,404","61,388","73,420",.,.,.,.,.,.
36,079,NY,Putnam County,"6,557","5,371","7,743",6.8,5.6,8.0,"1,186",805,"1,567",6.4,4.3,8.5,832,514,"1,150",6.0,3.7,8.3,"120,898","110,847","130,949",.,.,.,.,.,.
36,081,NY,Queens County,"307,900","288,073","327,727",13.4,12.5,14.3,"65,132","56,128","74,136",15.2,13.1,17.3,"46,509","39,543","53,475",14.9,12.7,17.1,"84,684","83,166","86,202",.,.,.,.,.,.
36,083,NY,Rensselaer County,"17,182","14,768","19,596",11.2,9.6,12.8,"4,317","3,344","5,290",14.8,11.5,18.1,"2,897","2,096","3,698",13.4,9.7,17.1,"83,097","76,470","89,724",.,.,.,.,.,.
36,085,NY,Richmond County,"56,518","49,004","64,032",11.5,10.0,13.0,"14,303","10,429","18,177",13.8,10.1,17.5,"9,715","6,655","12,775",12.4,8.5,16.3,"96,437","92,486","100,388",.,.,.,.,.,.
36,087,NY,Rockland County,"51,956","46,442","57,470",15.2,13.6,16.8,"24,747","21,275","28,219",23.9,20.5,27.3,"16,470","13,634","19,306",22.7,18.8,26.6,"103,771","97,018","110,524",.,.,.,.,.,.
36,089,NY,St. Lawrence County,"16,181","13,895","18,467",16.8,14.4,19.2,"3,907","3,092","4,722",19.5,15.4,23.6,"2,375","1,717","3,033",15.7,11.4,20.0,"62,800","58,094","67,506",.,.,.,.,.,.
36,091,NY,Saratoga County,"16,901","14,261","19,541",7.1,6.0,8.2,"3,113","2,282","3,944",7.1,5.2,9.0,"2,062","1,375","2,749",6.2,4.1,8.3,"101,168","97,328","105,008",.,.,.,.,.,.
36,093,NY,Schenectady County,"19,742","17,118","22,366",12.6,10.9,14.3,"4,943","3,521","6,365",14.7,10.5,18.9,"3,424","2,275","4,573",13.9,9.2,18.6,"79,899","75,334","84,464",.,.,.,.,.,.
36,095,NY,Schoharie County,"3,788","3,133","4,443",13.2,10.9,15.5,758,535,981,15.2,10.7,19.7,511,332,690,13.8,9.0,18.6,"69,107","61,715","76,499",.,.,.,.,.,.
36,097,NY,Schuyler County,"2,599","2,207","2,991",15.3,13.0,17.6,599,439,759,19.8,14.5,25.1,412,279,545,18.1,12.3,23.9,"64,202","58,237","70,167",.,.,.,.,.,.
36,099,NY,Seneca County,"4,192","3,465","4,919",13.4,11.1,15.7,"1,070",753,"1,387",16.6,11.7,21.5,786,531,"1,041",16.5,11.2,21.8,"68,055","62,391","73,719",.,.,.,.,.,.
36,101,NY,Steuben County,"13,110","11,486","14,734",14.5,12.7,16.3,"3,650","2,844","4,456",19.2,15.0,23.4,"2,575","1,929","3,221",18.2,13.6,22.8,"68,152","62,994","73,310",.,.,.,.,.,.
36,103,NY,Suffolk County,"101,095","90,842","111,348",6.7,6.0,7.4,"22,570","17,522","27,618",7.4,5.8,9.0,"15,477","11,132","19,822",6.8,4.9,8.7,"125,969","123,219","128,719",.,.,.,.,.,.
36,105,NY,Sullivan County,"14,452","12,389","16,515",18.7,16.0,21.4,"5,050","4,078","6,022",30.2,24.4,36.0,"3,494","2,701","4,287",29.8,23.0,36.6,"66,973","63,336","70,610",.,.,.,.,.,.
36,107,NY,Tioga County,"5,074","4,143","6,005",10.8,8.8,12.8,"1,198",826,"1,570",12.9,8.9,16.9,834,546,"1,122",12.0,7.9,16.1,"72,102","65,801","78,403",.,.,.,.,.,.
36,109,NY,Tompkins County,"15,633","13,577","17,689",17.3,15.0,19.6,"1,764","1,242","2,286",12.5,8.8,16.2,"1,169",773,"1,565",10.9,7.2,14.6,"72,326","66,287","78,365",.,.,.,.,.,.
36,111,NY,Ulster County,"22,211","19,593","24,829",12.7,11.2,14.2,"3,628","2,466","4,790",12.4,8.4,16.4,"2,474","1,532","3,416",11.5,7.1,15.9,"85,977","81,153","90,801",.,.,.,.,.,.
36,113,NY,Warren County,"7,970","6,853","9,087",12.4,10.7,14.1,"1,531","1,098","1,964",14.0,10.0,18.0,"1,002",633,"1,371",12.3,7.8,16.8,"72,604","66,144","79,064",.,.,.,.,.,.
36,115,NY,Washington County,"6,711","5,415","8,007",11.6,9.4,13.8,"1,680","1,218","2,142",15.8,11.5,20.1,"1,154",779,"1,529",14.6,9.9,19.3,"71,254","68,325","74,183",.,.,.,.,.,.
36,117,NY,Wayne County,"10,470","8,889","12,051",11.7,9.9,13.5,"2,558","1,899","3,217",14.1,10.5,17.7,"1,834","1,309","2,359",13.4,9.6,17.2,"70,826","65,155","76,497",.,.,.,.,.,.
36,119,NY,Westchester County,"85,474","75,737","95,211",8.7,7.7,9.7,"17,381","13,201","21,561",8.5,6.4,10.6,"12,094","8,781","15,407",7.9,5.7,10.1,"117,896","112,756","123,036",.,.,.,.,.,.
36,121,NY,Wyoming County,"4,197","3,430","4,964",11.4,9.3,13.5,950,697,"1,203",13.5,9.9,17.1,676,470,882,12.9,9.0,16.8,"69,751","63,017","76,485",.,.,.,.,.,.
36,123,NY,Yates County,"2,927","2,257","3,597",12.6,9.7,15.5,"1,005",687,"1,323",18.9,12.9,24.9,698,446,950,18.6,11.9,25.3,"70,635","64,372","76,898",.,.,.,.,.,.
37,000,NC,North Carolina,"1,353,622","1,329,812","1,377,432",12.6,12.4,12.8,"384,085","370,365","397,805",16.6,16.0,17.2,"272,163","260,127","284,199",15.9,15.2,16.6,"74,055","73,206","74,904","103,979","97,707","110,251",17.4,16.4,18.4
37,001,NC,Alamance County,"24,501","20,971","28,031",13.8,11.8,15.8,"7,139","5,561","8,717",18.2,14.2,22.2,"5,467","4,263","6,671",18.7,14.6,22.8,"66,652","63,481","69,823",.,.,.,.,.,.
37,003,NC,Alexander County,"4,323","3,437","5,209",12.2,9.7,14.7,"1,028",719,"1,337",15.0,10.5,19.5,779,531,"1,027",15.1,10.3,19.9,"66,198","58,721","73,675",.,.,.,.,.,.
37,005,NC,Alleghany County,"1,695","1,282","2,108",15.1,11.4,18.8,445,302,588,24.0,16.3,31.7,319,202,436,23.6,14.9,32.3,"53,354","48,665","58,043",.,.,.,.,.,.
37,007,NC,Anson County,"4,311","3,357","5,265",21.3,16.6,26.0,"1,126",738,"1,514",26.0,17.0,35.0,860,529,"1,191",28.0,17.2,38.8,"57,324","52,770","61,878",.,.,.,.,.,.
37,009,NC,Ashe County,"4,170","3,381","4,959",15.5,12.6,18.4,"1,051",795,"1,307",24.4,18.5,30.3,840,642,"1,038",25.4,19.4,31.4,"57,567","51,798","63,336",.,.,.,.,.,.
37,011,NC,Avery County,"2,491","1,909","3,073",15.8,12.1,19.5,497,332,662,19.9,13.3,26.5,345,213,477,18.7,11.5,25.9,"58,017","51,423","64,611",.,.,.,.,.,.
37,013,NC,Beaufort County,"7,113","5,613","8,613",16.1,12.7,19.5,"1,964","1,367","2,561",23.9,16.6,31.2,"1,522","1,037","2,007",24.8,16.9,32.7,"58,625","53,716","63,534",.,.,.,.,.,.
37,015,NC,Bertie County,"3,136","2,296","3,976",20.1,14.7,25.5,691,443,939,25.4,16.3,34.5,461,261,661,22.6,12.8,32.4,"47,587","42,483","52,691",.,.,.,.,.,.
37,017,NC,Bladen County,"6,052","4,993","7,111",20.6,17.0,24.2,"1,699","1,273","2,125",28.2,21.1,35.3,"1,220",871,"1,569",28.0,20.0,36.0,"49,547","44,030","55,064",.,.,.,.,.,.
37,019,NC,Brunswick County,"14,902","12,368","17,436",9.0,7.5,10.5,"3,562","2,589","4,535",16.2,11.8,20.6,"2,507","1,706","3,308",15.6,10.6,20.6,"81,361","77,265","85,457",.,.,.,.,.,.
37,021,NC,Buncombe County,"33,839","29,043","38,635",12.4,10.6,14.2,"7,399","5,505","9,293",15.7,11.7,19.7,"5,100","3,529","6,671",14.5,10.0,19.0,"78,993","74,869","83,117",.,.,.,.,.,.
37,023,NC,Burke County,"12,077","10,171","13,983",14.0,11.8,16.2,"3,407","2,746","4,068",22.1,17.8,26.4,"2,731","2,217","3,245",24.1,19.6,28.6,"61,006","55,909","66,103",.,.,.,.,.,.
37,025,NC,Cabarrus County,"20,663","17,395","23,931",8.5,7.2,9.8,"6,033","4,428","7,638",10.2,7.5,12.9,"4,199","2,865","5,533",9.3,6.3,12.3,"87,867","82,391","93,343",.,.,.,.,.,.
37,027,NC,Caldwell County,"11,181","8,999","13,363",14.0,11.3,16.7,"2,817","1,980","3,654",18.3,12.9,23.7,"1,953","1,298","2,608",17.0,11.3,22.7,"59,968","54,538","65,398",.,.,.,.,.,.
37,029,NC,Camden County,837,632,"1,042",7.5,5.7,9.3,186,126,246,7.8,5.3,10.3,132,84,180,6.8,4.3,9.3,"89,509","79,169","99,849",.,.,.,.,.,.
37,031,NC,Carteret County,"6,605","5,326","7,884",9.5,7.7,11.3,"1,491","1,004","1,978",13.2,8.9,17.5,972,574,"1,370",11.0,6.5,15.5,"76,739","70,820","82,658",.,.,.,.,.,.
37,033,NC,Caswell County,"3,608","2,853","4,363",16.8,13.3,20.3,958,695,"1,221",23.6,17.1,30.1,729,523,935,24.1,17.3,30.9,"60,453","53,915","66,991",.,.,.,.,.,.
37,035,NC,Catawba County,"21,305","17,810","24,800",13.0,10.9,15.1,"5,852","4,436","7,268",16.9,12.8,21.0,"4,475","3,391","5,559",17.2,13.0,21.4,"70,879","66,685","75,073",.,.,.,.,.,.
37,037,NC,Chatham County,"7,229","5,788","8,670",8.7,7.0,10.4,"1,658","1,193","2,123",10.8,7.8,13.8,"1,174",804,"1,544",10.1,6.9,13.3,"100,222","93,236","107,208",.,.,.,.,.,.
37,039,NC,Cherokee County,"4,615","3,600","5,630",15.4,12.0,18.8,"1,127",790,"1,464",23.9,16.7,31.1,843,569,"1,117",24.6,16.6,32.6,"55,351","49,462","61,240",.,.,.,.,.,.
37,041,NC,Chowan County,"2,166","1,658","2,674",15.9,12.2,19.6,661,464,858,24.8,17.4,32.2,467,300,634,23.9,15.4,32.4,"57,780","51,276","64,284",.,.,.,.,.,.
37,043,NC,Clay County,"1,368","1,020","1,716",11.5,8.6,14.4,331,219,443,19.1,12.6,25.6,229,139,319,17.9,10.8,25.0,"64,569","57,475","71,663",.,.,.,.,.,.
37,045,NC,Cleveland County,"16,311","13,619","19,003",16.3,13.6,19.0,"4,787","3,498","6,076",21.6,15.8,27.4,"3,143","2,098","4,188",19.2,12.8,25.6,"61,392","56,654","66,130",.,.,.,.,.,.
37,047,NC,Columbus County,"9,139","7,332","10,946",19.3,15.5,23.1,"2,578","1,814","3,342",25.6,18.0,33.2,"1,849","1,210","2,488",25.3,16.6,34.0,"50,741","45,910","55,572",.,.,.,.,.,.
37,049,NC,Craven County,"12,699","10,353","15,045",12.7,10.3,15.1,"3,543","2,431","4,655",16.6,11.4,21.8,"2,512","1,627","3,397",16.4,10.6,22.2,"65,661","59,644","71,678",.,.,.,.,.,.
37,051,NC,Cumberland County,"53,000","47,651","58,349",16.5,14.8,18.2,"18,634","15,725","21,543",22.2,18.7,25.7,"12,842","10,489","15,195",21.5,17.6,25.4,"60,831","58,829","62,833",.,.,.,.,.,.
37,053,NC,Currituck County,"2,615","2,025","3,205",8.1,6.3,9.9,715,483,947,10.4,7.0,13.8,520,334,706,9.8,6.3,13.3,"94,709","86,475","102,943",.,.,.,.,.,.
37,055,NC,Dare County,"3,189","2,445","3,933",8.4,6.4,10.4,761,513,"1,009",11.9,8.0,15.8,550,345,755,11.0,6.9,15.1,"87,321","78,690","95,952",.,.,.,.,.,.
37,057,NC,Davidson County,"19,703","15,977","23,429",11.2,9.1,13.3,"5,503","3,972","7,034",14.8,10.7,18.9,"4,023","2,755","5,291",14.4,9.9,18.9,"65,644","61,748","69,540",.,.,.,.,.,.
37,059,NC,Davie County,"4,664","3,737","5,591",10.4,8.3,12.5,"1,184",839,"1,529",13.0,9.2,16.8,735,461,"1,009",10.6,6.7,14.5,"77,417","69,917","84,917",.,.,.,.,.,.
37,061,NC,Duplin County,"10,555","9,054","12,056",21.1,18.1,24.1,"3,625","2,978","4,272",30.5,25.1,35.9,"2,407","1,887","2,927",28.5,22.3,34.7,"56,729","52,658","60,800",.,.,.,.,.,.
37,063,NC,Durham County,"37,319","31,030","43,608",11.3,9.4,13.2,"10,348","7,355","13,341",15.7,11.2,20.2,"6,920","4,599","9,241",15.0,10.0,20.0,"84,375","80,499","88,251",.,.,.,.,.,.
37,065,NC,Edgecombe County,"10,243","8,306","12,180",21.1,17.1,25.1,"3,299","2,244","4,354",30.4,20.7,40.1,"2,334","1,457","3,211",29.0,18.1,39.9,"49,283","44,268","54,298",.,.,.,.,.,.
37,067,NC,Forsyth County,"51,293","45,019","57,567",13.3,11.7,14.9,"14,478","11,061","17,895",16.6,12.7,20.5,"10,147","7,483","12,811",15.7,11.6,19.8,"67,638","63,230","72,046",.,.,.,.,.,.
37,069,NC,Franklin County,"9,913","8,309","11,517",12.6,10.6,14.6,"2,551","1,900","3,202",15.2,11.3,19.1,"1,867","1,358","2,376",15.3,11.1,19.5,"72,026","65,412","78,640",.,.,.,.,.,.
37,071,NC,Gaston County,"29,437","24,887","33,987",12.4,10.5,14.3,"8,316","6,225","10,407",15.9,11.9,19.9,"5,539","3,801","7,277",14.4,9.9,18.9,"70,318","67,215","73,421",.,.,.,.,.,.
37,073,NC,Gates County,"1,451","1,096","1,806",14.3,10.8,17.8,326,222,430,17.5,11.9,23.1,236,151,321,16.5,10.5,22.5,"68,522","60,611","76,433",.,.,.,.,.,.
37,075,NC,Graham County,"1,325",987,"1,663",16.4,12.2,20.6,337,228,446,22.3,15.1,29.5,245,155,335,23.4,14.8,32.0,"55,006","49,115","60,897",.,.,.,.,.,.
37,077,NC,Granville County,"7,925","6,486","9,364",13.5,11.1,15.9,"2,193","1,677","2,709",18.3,14.0,22.6,"1,535","1,097","1,973",17.2,12.3,22.1,"70,353","63,317","77,389",.,.,.,.,.,.
37,079,NC,Greene County,"3,433","2,561","4,305",19.9,14.8,25.0,923,611,"1,235",24.5,16.2,32.8,667,405,929,23.9,14.5,33.3,"57,307","51,869","62,745",.,.,.,.,.,.
37,081,NC,Guilford County,"71,916","63,372","80,460",13.5,11.9,15.1,"22,161","18,077","26,245",18.6,15.2,22.0,"15,995","12,910","19,080",18.0,14.5,21.5,"70,304","67,316","73,292",.,.,.,.,.,.
37,083,NC,Halifax County,"8,630","6,918","10,342",18.8,15.1,22.5,"2,640","1,742","3,538",26.8,17.7,35.9,"1,782","1,062","2,502",24.5,14.6,34.4,"47,318","42,900","51,736",.,.,.,.,.,.
37,085,NC,Harnett County,"18,817","15,969","21,665",13.2,11.2,15.2,"5,120","3,795","6,445",14.3,10.6,18.0,"3,557","2,481","4,633",13.7,9.6,17.8,"72,961","68,795","77,127",.,.,.,.,.,.
37,087,NC,Haywood County,"8,467","7,060","9,874",13.6,11.3,15.9,"1,945","1,430","2,460",18.4,13.5,23.3,"1,463","1,057","1,869",18.4,13.3,23.5,"65,113","59,845","70,381",.,.,.,.,.,.
37,089,NC,Henderson County,"11,756","9,559","13,953",9.8,8.0,11.6,"3,137","2,326","3,948",14.7,10.9,18.5,"2,241","1,582","2,900",13.9,9.8,18.0,"72,820","66,066","79,574",.,.,.,.,.,.
37,091,NC,Hertford County,"4,127","3,319","4,935",22.9,18.4,27.4,"1,106",808,"1,404",30.1,22.0,38.2,776,527,"1,025",28.3,19.2,37.4,"48,051","42,712","53,390",.,.,.,.,.,.
37,093,NC,Hoke County,"8,861","7,503","10,219",16.2,13.7,18.7,"3,293","2,619","3,967",23.0,18.3,27.7,"2,327","1,774","2,880",23.0,17.5,28.5,"68,243","62,528","73,958",.,.,.,.,.,.
37,095,NC,Hyde County,793,594,992,20.7,15.5,25.9,168,113,223,26.4,17.8,35.0,126,79,173,26.0,16.3,35.7,"53,386","47,245","59,527",.,.,.,.,.,.
37,097,NC,Iredell County,"19,662","16,526","22,798",9.6,8.1,11.1,"5,192","3,982","6,402",11.8,9.0,14.6,"3,715","2,703","4,727",11.3,8.2,14.4,"85,180","79,015","91,345",.,.,.,.,.,.
37,099,NC,Jackson County,"6,811","5,427","8,195",16.9,13.5,20.3,"1,486","1,074","1,898",21.0,15.2,26.8,"1,122",793,"1,451",21.2,15.0,27.4,"62,044","56,383","67,705",.,.,.,.,.,.
37,101,NC,Johnston County,"23,783","18,969","28,597",9.6,7.7,11.5,"7,966","6,012","9,920",13.4,10.1,16.7,"5,663","4,117","7,209",12.7,9.2,16.2,"88,688","85,257","92,119",.,.,.,.,.,.
37,103,NC,Jones County,"1,623","1,252","1,994",17.3,13.3,21.3,483,344,622,27.7,19.7,35.7,349,235,463,27.6,18.6,36.6,"56,456","50,009","62,903",.,.,.,.,.,.
37,105,NC,Lee County,"9,108","7,538","10,678",13.5,11.2,15.8,"2,876","2,120","3,632",18.6,13.7,23.5,"2,129","1,517","2,741",18.6,13.3,23.9,"71,876","65,702","78,050",.,.,.,.,.,.
37,107,NC,Lenoir County,"10,360","8,442","12,278",19.1,15.6,22.6,"3,384","2,496","4,272",27.6,20.3,34.9,"2,389","1,624","3,154",27.0,18.4,35.6,"52,084","46,626","57,542",.,.,.,.,.,.
37,109,NC,Lincoln County,"9,353","7,430","11,276",9.7,7.7,11.7,"2,428","1,748","3,108",12.5,9.0,16.0,"1,735","1,189","2,281",12.0,8.2,15.8,"83,859","77,099","90,619",.,.,.,.,.,.
37,111,NC,McDowell County,"6,803","5,536","8,070",15.5,12.6,18.4,"1,735","1,252","2,218",20.9,15.1,26.7,"1,199",793,"1,605",19.2,12.7,25.7,"57,124","52,429","61,819",.,.,.,.,.,.
37,113,NC,Macon County,"4,691","3,608","5,774",12.2,9.4,15.0,"1,349",905,"1,793",19.9,13.3,26.5,934,580,"1,288",18.6,11.6,25.6,"58,888","53,118","64,658",.,.,.,.,.,.
37,115,NC,Madison County,"3,188","2,455","3,921",14.9,11.5,18.3,703,475,931,19.3,13.0,25.6,504,320,688,18.5,11.7,25.3,"61,754","56,080","67,428",.,.,.,.,.,.
37,117,NC,Martin County,"4,198","3,303","5,093",19.7,15.5,23.9,"1,227",853,"1,601",28.4,19.7,37.1,900,597,"1,203",28.2,18.7,37.7,"52,295","46,920","57,670",.,.,.,.,.,.
37,119,NC,Mecklenburg County,"125,805","116,212","135,398",10.6,9.8,11.4,"37,897","32,624","43,170",14.3,12.3,16.3,"26,828","22,887","30,769",14.1,12.0,16.2,"90,698","88,250","93,146",.,.,.,.,.,.
37,121,NC,Mitchell County,"2,019","1,525","2,513",13.5,10.2,16.8,500,339,661,19.1,12.9,25.3,372,239,505,18.4,11.8,25.0,"58,182","52,072","64,292",.,.,.,.,.,.
37,123,NC,Montgomery County,"4,099","3,238","4,960",16.0,12.6,19.4,"1,206",887,"1,525",23.0,16.9,29.1,893,644,"1,142",22.8,16.5,29.1,"57,356","53,654","61,058",.,.,.,.,.,.
37,125,NC,Moore County,"11,660","9,668","13,652",10.9,9.0,12.8,"3,074","2,284","3,864",13.4,10.0,16.8,"2,194","1,546","2,842",12.9,9.1,16.7,"85,211","78,556","91,866",.,.,.,.,.,.
37,127,NC,Nash County,"12,023","9,385","14,661",12.5,9.8,15.2,"3,891","2,690","5,092",18.4,12.7,24.1,"2,894","1,878","3,910",18.6,12.1,25.1,"66,531","61,946","71,116",.,.,.,.,.,.
37,129,NC,New Hanover County,"27,704","23,423","31,985",11.7,9.9,13.5,"5,791","4,228","7,354",14.0,10.2,17.8,"3,977","2,742","5,212",13.1,9.0,17.2,"77,098","72,405","81,791",.,.,.,.,.,.
37,131,NC,Northampton County,"3,646","2,932","4,360",22.5,18.1,26.9,988,722,"1,254",34.5,25.2,43.8,708,482,934,33.6,22.9,44.3,"51,986","46,995","56,977",.,.,.,.,.,.
37,133,NC,Onslow County,"21,954","17,700","26,208",11.5,9.3,13.7,"7,699","5,336","10,062",14.8,10.3,19.3,"5,169","3,318","7,020",14.6,9.4,19.8,"71,800","68,136","75,464",.,.,.,.,.,.
37,135,NC,Orange County,"17,654","15,344","19,964",12.4,10.8,14.0,"2,462","1,715","3,209",9.1,6.3,11.9,"1,657","1,073","2,241",7.9,5.1,10.7,"83,872","78,027","89,717",.,.,.,.,.,.
37,137,NC,Pamlico County,"2,083","1,697","2,469",17.6,14.3,20.9,406,280,532,23.6,16.3,30.9,307,205,409,24.4,16.3,32.5,"63,059","55,764","70,354",.,.,.,.,.,.
37,139,NC,Pasquotank County,"5,976","4,655","7,297",15.3,11.9,18.7,"1,810","1,228","2,392",21.8,14.8,28.8,"1,292",810,"1,774",21.1,13.2,29.0,"64,384","58,286","70,482",.,.,.,.,.,.
37,141,NC,Pender County,"7,188","5,575","8,801",10.4,8.1,12.7,"1,888","1,290","2,486",12.3,8.4,16.2,"1,389",901,"1,877",12.0,7.8,16.2,"79,480","71,852","87,108",.,.,.,.,.,.
37,143,NC,Perquimans County,"1,842","1,386","2,298",13.8,10.4,17.2,531,356,706,22.2,14.9,29.5,405,254,556,22.0,13.8,30.2,"71,446","64,599","78,293",.,.,.,.,.,.
37,145,NC,Person County,"5,685","4,572","6,798",14.3,11.5,17.1,"1,597","1,169","2,025",19.9,14.6,25.2,"1,107",770,"1,444",18.6,13.0,24.2,"60,520","54,006","67,034",.,.,.,.,.,.
37,147,NC,Pitt County,"34,027","30,035","38,019",19.8,17.5,22.1,"8,007","6,345","9,669",21.7,17.2,26.2,"5,065","3,587","6,543",18.7,13.2,24.2,"59,430","54,939","63,921",.,.,.,.,.,.
37,149,NC,Polk County,"2,434","1,914","2,954",12.3,9.7,14.9,542,377,707,18.1,12.6,23.6,406,267,545,17.7,11.7,23.7,"74,525","67,491","81,559",.,.,.,.,.,.
37,151,NC,Randolph County,"18,340","15,135","21,545",12.5,10.3,14.7,"5,257","3,773","6,741",16.5,11.8,21.2,"3,710","2,508","4,912",15.5,10.5,20.5,"63,374","59,679","67,069",.,.,.,.,.,.
37,153,NC,Richmond County,"8,878","7,162","10,594",21.5,17.3,25.7,"3,086","2,306","3,866",31.9,23.8,40.0,"1,973","1,361","2,585",27.9,19.3,36.5,"50,515","44,988","56,042",.,.,.,.,.,.
37,155,NC,Robeson County,"27,291","24,721","29,861",23.7,21.5,25.9,"9,385","7,796","10,974",30.8,25.6,36.0,"6,406","5,147","7,665",29.7,23.9,35.5,"46,927","43,723","50,131",.,.,.,.,.,.
37,157,NC,Rockingham County,"15,944","13,689","18,199",17.2,14.8,19.6,"4,559","3,646","5,472",24.5,19.6,29.4,"2,979","2,162","3,796",21.7,15.8,27.6,"56,141","51,127","61,155",.,.,.,.,.,.
37,159,NC,Rowan County,"20,976","17,933","24,019",14.1,12.1,16.1,"6,086","4,533","7,639",18.6,13.9,23.3,"4,733","3,474","5,992",19.4,14.2,24.6,"65,555","61,556","69,554",.,.,.,.,.,.
37,161,NC,Rutherford County,"9,525","7,596","11,454",14.8,11.8,17.8,"2,583","1,779","3,387",20.4,14.0,26.8,"1,846","1,181","2,511",19.6,12.5,26.7,"57,208","51,942","62,474",.,.,.,.,.,.
37,163,NC,Sampson County,"11,372","9,577","13,167",19.1,16.1,22.1,"3,891","3,033","4,749",26.5,20.6,32.4,"2,717","1,991","3,443",25.5,18.7,32.3,"55,628","52,001","59,255",.,.,.,.,.,.
37,165,NC,Scotland County,"7,116","5,874","8,358",22.9,18.9,26.9,"2,680","2,020","3,340",34.7,26.2,43.2,"1,945","1,420","2,470",33.9,24.7,43.1,"55,335","51,164","59,506",.,.,.,.,.,.
37,167,NC,Stanly County,"8,305","6,662","9,948",12.6,10.1,15.1,"2,276","1,650","2,902",15.9,11.5,20.3,"1,666","1,146","2,186",15.8,10.9,20.7,"64,791","58,646","70,936",.,.,.,.,.,.
37,169,NC,Stokes County,"5,341","4,191","6,491",11.8,9.3,14.3,"1,267",874,"1,660",15.1,10.4,19.8,906,584,"1,228",14.4,9.3,19.5,"67,343","60,215","74,471",.,.,.,.,.,.
37,171,NC,Surry County,"11,805","10,198","13,412",16.7,14.4,19.0,"3,496","2,923","4,069",23.9,20.0,27.8,"2,715","2,240","3,190",24.9,20.5,29.3,"55,191","51,563","58,819",.,.,.,.,.,.
37,173,NC,Swain County,"2,116","1,658","2,574",15.6,12.2,19.0,640,435,845,22.0,15.0,29.0,452,287,617,21.2,13.5,28.9,"53,257","48,514","58,000",.,.,.,.,.,.
37,175,NC,Transylvania County,"3,991","3,163","4,819",12.0,9.5,14.5,872,586,"1,158",16.9,11.4,22.4,617,390,844,15.9,10.0,21.8,"71,679","65,514","77,844",.,.,.,.,.,.
37,177,NC,Tyrrell County,633,475,791,19.5,14.6,24.4,169,115,223,25.2,17.1,33.3,119,74,164,24.5,15.1,33.9,"49,846","43,852","55,840",.,.,.,.,.,.
37,179,NC,Union County,"19,794","16,323","23,265",7.6,6.3,8.9,"5,870","4,451","7,289",9.1,6.9,11.3,"4,377","3,291","5,463",8.7,6.5,10.9,"107,681","100,049","115,313",.,.,.,.,.,.
37,181,NC,Vance County,"7,568","5,946","9,190",18.1,14.2,22.0,"2,630","1,765","3,495",26.6,17.9,35.3,"1,932","1,227","2,637",27.1,17.2,37.0,"54,441","49,290","59,592",.,.,.,.,.,.
37,183,NC,Wake County,"103,558","94,264","112,852",8.6,7.8,9.4,"27,180","23,236","31,124",10.1,8.6,11.6,"19,416","16,336","22,496",9.6,8.1,11.1,"107,083","104,057","110,109",.,.,.,.,.,.
37,185,NC,Warren County,"3,695","2,947","4,443",20.1,16.0,24.2,922,632,"1,212",27.8,19.1,36.5,702,462,942,28.8,19.0,38.6,"55,287","51,741","58,833",.,.,.,.,.,.
37,187,NC,Washington County,"2,080","1,556","2,604",19.9,14.9,24.9,650,437,863,32.4,21.8,43.0,470,288,652,32.0,19.6,44.4,"51,253","45,548","56,958",.,.,.,.,.,.
37,189,NC,Watauga County,"9,804","8,613","10,995",20.8,18.3,23.3,823,621,"1,025",13.0,9.8,16.2,547,383,711,11.3,7.9,14.7,"58,832","53,758","63,906",.,.,.,.,.,.
37,191,NC,Wayne County,"22,419","19,768","25,070",19.3,17.0,21.6,"8,281","7,091","9,471",29.6,25.3,33.9,"5,800","4,861","6,739",28.8,24.1,33.5,"59,786","56,291","63,281",.,.,.,.,.,.
37,193,NC,Wilkes County,"9,931","8,256","11,606",15.3,12.7,17.9,"2,555","1,884","3,226",20.3,15.0,25.6,"1,931","1,397","2,465",20.9,15.1,26.7,"56,053","51,402","60,704",.,.,.,.,.,.
37,195,NC,Wilson County,"13,820","11,443","16,197",17.6,14.6,20.6,"4,904","3,880","5,928",27.7,21.9,33.5,"3,666","2,797","4,535",27.8,21.2,34.4,"62,252","57,035","67,469",.,.,.,.,.,.
37,197,NC,Yadkin County,"5,440","4,565","6,315",14.5,12.2,16.8,"1,463","1,138","1,788",19.1,14.9,23.3,"1,107",845,"1,369",19.5,14.9,24.1,"66,012","59,349","72,675",.,.,.,.,.,.
37,199,NC,Yancey County,"2,737","2,097","3,377",14.5,11.1,17.9,651,435,867,19.8,13.2,26.4,467,293,641,19.4,12.2,26.6,"62,198","55,748","68,648",.,.,.,.,.,.
38,000,ND,North Dakota,"82,590","77,703","87,477",10.8,10.2,11.4,"21,370","18,699","24,041",11.7,10.2,13.2,"14,573","12,139","17,007",10.8,9.0,12.6,"80,132","77,672","82,592","6,197","5,270","7,124",13.0,11.1,14.9
38,001,ND,Adams County,254,193,315,12.2,9.3,15.1,63,42,84,15.4,10.2,20.6,46,28,64,14.7,9.0,20.4,"62,028","54,706","69,350",.,.,.,.,.,.
38,003,ND,Barnes County,"1,073",828,"1,318",10.4,8.0,12.8,233,149,317,11.2,7.2,15.2,158,91,225,9.9,5.7,14.1,"72,486","64,884","80,088",.,.,.,.,.,.
38,005,ND,Benson County,"1,375","1,079","1,671",24.2,19.0,29.4,619,406,832,33.5,22.0,45.0,424,252,596,31.6,18.8,44.4,"57,730","50,951","64,509",.,.,.,.,.,.
38,007,ND,Billings County,96,71,121,9.0,6.7,11.3,18,12,24,7.9,5.2,10.6,13,8,18,8.2,5.0,11.4,"92,448","81,352","103,544",.,.,.,.,.,.
38,009,ND,Bottineau County,617,467,767,10.0,7.6,12.4,155,100,210,11.3,7.3,15.3,105,62,148,10.3,6.1,14.5,"73,589","66,297","80,881",.,.,.,.,.,.
38,011,ND,Bowman County,284,221,347,10.0,7.8,12.2,77,50,104,10.6,6.9,14.3,56,33,79,10.1,6.0,14.2,"73,734","65,170","82,298",.,.,.,.,.,.
38,013,ND,Burke County,208,158,258,9.7,7.4,12.0,50,33,67,9.5,6.2,12.8,36,22,50,8.9,5.3,12.5,"80,825","70,975","90,675",.,.,.,.,.,.
38,015,ND,Burleigh County,"7,952","6,593","9,311",8.1,6.7,9.5,"1,827","1,320","2,334",7.9,5.7,10.1,"1,191",729,"1,653",6.8,4.2,9.4,"91,254","82,598","99,910",.,.,.,.,.,.
38,017,ND,Cass County,"21,131","18,491","23,771",11.0,9.6,12.4,"4,529","3,491","5,567",10.5,8.1,12.9,"3,277","2,473","4,081",10.5,7.9,13.1,"77,791","73,444","82,138",.,.,.,.,.,.
38,019,ND,Cavalier County,341,260,422,9.7,7.4,12.0,97,64,130,12.3,8.1,16.5,67,40,94,11.0,6.5,15.5,"81,012","71,431","90,593",.,.,.,.,.,.
38,021,ND,Dickey County,593,469,717,12.5,9.9,15.1,177,115,239,15.6,10.2,21.0,124,74,174,14.9,8.9,20.9,"79,692","70,736","88,648",.,.,.,.,.,.
38,023,ND,Divide County,241,186,296,11.6,8.9,14.3,78,55,101,15.3,10.8,19.8,56,36,76,13.9,9.0,18.8,"75,544","66,950","84,138",.,.,.,.,.,.
38,025,ND,Dunn County,376,276,476,9.5,7.0,12.0,145,93,197,14.5,9.3,19.7,99,57,141,14.1,8.1,20.1,"94,726","83,741","105,711",.,.,.,.,.,.
38,027,ND,Eddy County,278,212,344,12.4,9.5,15.3,101,68,134,16.4,11.0,21.8,69,42,96,15.4,9.4,21.4,"70,413","62,230","78,596",.,.,.,.,.,.
38,029,ND,Emmons County,443,335,551,14.0,10.6,17.4,104,67,141,15.9,10.3,21.5,72,42,102,15.2,8.9,21.5,"67,994","62,196","73,792",.,.,.,.,.,.
38,031,ND,Foster County,274,203,345,8.4,6.2,10.6,57,37,77,7.9,5.1,10.7,40,24,56,7.2,4.3,10.1,"81,256","73,447","89,065",.,.,.,.,.,.
38,033,ND,Golden Valley County,195,146,244,11.1,8.3,13.9,33,22,44,10.0,6.5,13.5,23,14,32,10.6,6.4,14.8,"68,890","60,758","77,022",.,.,.,.,.,.
38,035,ND,Grand Forks County,"8,630","7,287","9,973",12.4,10.5,14.3,"1,635","1,128","2,142",10.8,7.5,14.1,"1,071",681,"1,461",9.6,6.1,13.1,"70,919","64,787","77,051",.,.,.,.,.,.
38,037,ND,Grant County,373,283,463,16.9,12.8,21.0,126,81,171,26.5,16.9,36.1,88,51,125,24.6,14.4,34.8,"51,175","46,144","56,206",.,.,.,.,.,.
38,039,ND,Griggs County,250,191,309,11.7,8.9,14.5,62,40,84,14.0,9.0,19.0,44,26,62,12.9,7.5,18.3,"68,986","61,439","76,533",.,.,.,.,.,.
38,041,ND,Hettinger County,296,222,370,13.0,9.7,16.3,106,69,143,18.3,12.0,24.6,76,45,107,16.7,10.0,23.4,"66,824","59,297","74,351",.,.,.,.,.,.
38,043,ND,Kidder County,328,247,409,13.9,10.5,17.3,80,52,108,15.3,9.9,20.7,58,34,82,14.5,8.6,20.4,"78,009","72,759","83,259",.,.,.,.,.,.
38,045,ND,LaMoure County,438,338,538,10.9,8.4,13.4,92,60,124,10.6,6.9,14.3,62,36,88,9.9,5.7,14.1,"87,326","80,754","93,898",.,.,.,.,.,.
38,047,ND,Logan County,234,176,292,12.9,9.7,16.1,84,55,113,18.5,12.0,25.0,62,37,87,19.9,11.9,27.9,"66,995","59,360","74,630",.,.,.,.,.,.
38,049,ND,McHenry County,596,451,741,11.7,8.8,14.6,185,123,247,14.7,9.7,19.7,129,78,180,13.8,8.4,19.2,"77,267","71,294","83,240",.,.,.,.,.,.
38,051,ND,McIntosh County,290,210,370,12.3,8.9,15.7,89,58,120,17.7,11.6,23.8,64,38,90,17.8,10.6,25.0,"62,513","55,886","69,140",.,.,.,.,.,.
38,053,ND,McKenzie County,"1,198",917,"1,479",8.2,6.3,10.1,473,305,641,10.3,6.6,14.0,330,193,467,9.8,5.7,13.9,"110,682","99,069","122,295",.,.,.,.,.,.
38,055,ND,McLean County,"1,039",823,"1,255",10.8,8.6,13.0,243,164,322,11.8,8.0,15.6,172,109,235,10.8,6.8,14.8,"81,639","72,503","90,775",.,.,.,.,.,.
38,057,ND,Mercer County,670,504,836,8.1,6.1,10.1,155,103,207,8.0,5.3,10.7,107,65,149,7.2,4.4,10.0,"93,154","82,573","103,735",.,.,.,.,.,.
38,059,ND,Morton County,"3,070","2,368","3,772",9.2,7.1,11.3,868,583,"1,153",11.1,7.5,14.7,620,390,850,10.8,6.8,14.8,"83,323","74,793","91,853",.,.,.,.,.,.
38,061,ND,Mountrail County,"1,098",871,"1,325",11.7,9.3,14.1,381,255,507,14.1,9.4,18.8,266,166,366,13.7,8.5,18.9,"77,966","69,424","86,508",.,.,.,.,.,.
38,063,ND,Nelson County,318,238,398,11.0,8.2,13.8,86,56,116,14.3,9.3,19.3,61,37,85,13.4,8.0,18.8,"69,654","61,789","77,519",.,.,.,.,.,.
38,065,ND,Oliver County,221,166,276,11.8,8.9,14.7,81,53,109,18.7,12.2,25.2,59,35,83,17.3,10.3,24.3,"84,193","74,379","94,007",.,.,.,.,.,.
38,067,ND,Pembina County,615,472,758,9.5,7.3,11.7,134,92,176,9.7,6.6,12.8,94,60,128,8.9,5.7,12.1,"77,534","68,656","86,412",.,.,.,.,.,.
38,069,ND,Pierce County,436,334,538,11.7,9.0,14.4,121,79,163,13.9,9.1,18.7,82,49,115,11.8,7.1,16.5,"65,205","57,733","72,677",.,.,.,.,.,.
38,071,ND,Ramsey County,"1,281",954,"1,608",11.6,8.6,14.6,442,291,593,16.2,10.7,21.7,303,182,424,14.9,9.0,20.8,"74,421","66,168","82,674",.,.,.,.,.,.
38,073,ND,Ransom County,466,348,584,8.7,6.5,10.9,134,88,180,11.8,7.7,15.9,93,56,130,10.7,6.4,15.0,"81,543","73,418","89,668",.,.,.,.,.,.
38,075,ND,Renville County,224,170,278,9.6,7.3,11.9,57,38,76,10.1,6.7,13.5,40,24,56,9.1,5.5,12.7,"83,417","76,426","90,408",.,.,.,.,.,.
38,077,ND,Richland County,"1,620","1,256","1,984",10.4,8.1,12.7,347,238,456,10.1,6.9,13.3,244,160,328,9.5,6.2,12.8,"80,180","73,653","86,707",.,.,.,.,.,.
38,079,ND,Rolette County,"2,706","2,194","3,218",23.4,19.0,27.8,"1,056",764,"1,348",28.8,20.8,36.8,741,516,966,26.6,18.5,34.7,"59,505","52,764","66,246",.,.,.,.,.,.
38,081,ND,Sargent County,297,223,371,8.1,6.1,10.1,82,53,111,11.0,7.2,14.8,60,36,84,10.7,6.4,15.0,"79,922","71,173","88,671",.,.,.,.,.,.
38,083,ND,Sheridan County,195,144,246,15.5,11.4,19.6,58,37,79,24.5,15.8,33.2,42,25,59,24.1,14.0,34.2,"60,820","53,671","67,969",.,.,.,.,.,.
38,085,ND,Sioux County,"1,088",818,"1,358",29.9,22.5,37.3,510,332,688,41.8,27.2,56.4,352,210,494,36.9,22.0,51.8,"48,187","42,434","53,940",.,.,.,.,.,.
38,087,ND,Slope County,90,68,112,13.6,10.2,17.0,21,14,28,17.9,11.5,24.3,15,9,21,17.2,9.9,24.5,"62,887","55,523","70,251",.,.,.,.,.,.
38,089,ND,Stark County,"3,355","2,675","4,035",10.1,8.0,12.2,982,683,"1,281",10.8,7.5,14.1,694,452,936,10.5,6.9,14.1,"88,681","80,652","96,710",.,.,.,.,.,.
38,091,ND,Steele County,130,97,163,7.4,5.5,9.3,28,18,38,7.6,4.9,10.3,20,12,28,6.9,4.1,9.7,"89,815","79,428","100,202",.,.,.,.,.,.
38,093,ND,Stutsman County,"2,335","1,853","2,817",11.7,9.3,14.1,517,342,692,12.4,8.2,16.6,336,199,473,10.8,6.4,15.2,"75,277","69,065","81,489",.,.,.,.,.,.
38,095,ND,Towner County,202,152,252,10.0,7.6,12.4,54,35,73,11.9,7.8,16.0,37,22,52,10.7,6.3,15.1,"76,383","67,274","85,492",.,.,.,.,.,.
38,097,ND,Traill County,793,661,925,10.4,8.7,12.1,128,84,172,7.1,4.7,9.5,89,54,124,6.4,3.8,9.0,"85,101","77,652","92,550",.,.,.,.,.,.
38,099,ND,Walsh County,"1,177",928,"1,426",11.7,9.2,14.2,321,224,418,13.5,9.4,17.6,221,144,298,12.5,8.2,16.8,"73,571","65,570","81,572",.,.,.,.,.,.
38,101,ND,Ward County,"7,131","5,891","8,371",10.7,8.8,12.6,"1,981","1,479","2,483",12.4,9.3,15.5,"1,094",679,"1,509",9.6,6.0,13.2,"73,522","66,244","80,800",.,.,.,.,.,.
38,103,ND,Wells County,478,371,585,12.8,9.9,15.7,113,76,150,14.5,9.7,19.3,79,48,110,12.7,7.8,17.6,"74,565","65,835","83,295",.,.,.,.,.,.
38,105,ND,Williams County,"3,194","2,481","3,907",7.9,6.1,9.7,"1,175",803,"1,547",9.7,6.6,12.8,812,511,"1,113",9.4,5.9,12.9,"98,038","87,532","108,544",.,.,.,.,.,.
39,000,OH,Ohio,"1,463,705","1,438,148","1,489,262",12.6,12.4,12.8,"415,575","400,034","431,116",16.4,15.8,17.0,"290,196","276,107","304,285",15.4,14.7,16.1,"72,259","71,724","72,794","113,901","106,921","120,881",17.9,16.8,19.0
39,001,OH,Adams County,"4,755","3,932","5,578",17.4,14.4,20.4,"1,388",947,"1,829",21.3,14.5,28.1,"1,025",661,"1,389",21.1,13.6,28.6,"55,832","49,353","62,311",.,.,.,.,.,.
39,003,OH,Allen County,"14,364","12,230","16,498",14.8,12.6,17.0,"4,184","3,084","5,284",18.2,13.4,23.0,"3,148","2,285","4,011",18.6,13.5,23.7,"67,677","64,897","70,457",.,.,.,.,.,.
39,005,OH,Ashland County,"5,971","4,696","7,246",11.6,9.1,14.1,"1,938","1,430","2,446",17.0,12.6,21.4,"1,379",976,"1,782",16.4,11.6,21.2,"73,005","67,863","78,147",.,.,.,.,.,.
39,007,OH,Ashtabula County,"14,237","11,909","16,565",15.2,12.7,17.7,"4,510","3,455","5,565",22.1,16.9,27.3,"3,196","2,340","4,052",20.9,15.3,26.5,"60,480","56,444","64,516",.,.,.,.,.,.
39,009,OH,Athens County,"13,748","12,019","15,477",25.3,22.1,28.5,"1,715","1,180","2,250",19.3,13.3,25.3,"1,199",794,"1,604",18.4,12.2,24.6,"54,806","50,323","59,289",.,.,.,.,.,.
39,011,OH,Auglaize County,"3,177","2,424","3,930",7.0,5.3,8.7,852,579,"1,125",8.1,5.5,10.7,580,365,795,7.3,4.6,10.0,"82,460","76,725","88,195",.,.,.,.,.,.
39,013,OH,Belmont County,"9,183","7,818","10,548",15.1,12.9,17.3,"2,206","1,732","2,680",19.1,15.0,23.2,"1,583","1,170","1,996",17.9,13.2,22.6,"58,332","53,932","62,732",.,.,.,.,.,.
39,015,OH,Brown County,"6,652","5,498","7,806",15.2,12.6,17.8,"1,988","1,486","2,490",20.2,15.1,25.3,"1,488","1,105","1,871",20.3,15.1,25.5,"68,663","61,842","75,484",.,.,.,.,.,.
39,017,OH,Butler County,"50,112","45,005","55,219",13.0,11.7,14.3,"13,916","11,658","16,174",15.5,13.0,18.0,"9,998","8,299","11,697",14.8,12.3,17.3,"80,560","78,198","82,922",.,.,.,.,.,.
39,019,OH,Carroll County,"3,024","2,351","3,697",11.6,9.0,14.2,870,613,"1,127",16.5,11.6,21.4,617,410,824,15.4,10.2,20.6,"70,614","65,023","76,205",.,.,.,.,.,.
39,021,OH,Champaign County,"3,155","2,363","3,947",8.2,6.1,10.3,913,606,"1,220",11.1,7.4,14.8,649,411,887,10.7,6.8,14.6,"73,034","66,651","79,417",.,.,.,.,.,.
39,023,OH,Clark County,"18,704","16,000","21,408",14.1,12.1,16.1,"5,896","4,463","7,329",20.0,15.1,24.9,"3,785","2,581","4,989",17.4,11.9,22.9,"65,529","60,043","71,015",.,.,.,.,.,.
39,025,OH,Clermont County,"18,312","15,466","21,158",8.6,7.3,9.9,"4,086","3,015","5,157",9.0,6.6,11.4,"2,794","1,906","3,682",8.2,5.6,10.8,"87,991","83,656","92,326",.,.,.,.,.,.
39,027,OH,Clinton County,"4,849","3,944","5,754",11.9,9.7,14.1,"1,290",888,"1,692",13.9,9.6,18.2,952,636,"1,268",13.9,9.3,18.5,"67,463","60,029","74,897",.,.,.,.,.,.
39,029,OH,Columbiana County,"14,068","11,954","16,182",14.7,12.5,16.9,"4,037","3,224","4,850",20.8,16.6,25.0,"2,882","2,258","3,506",19.8,15.5,24.1,"59,141","55,606","62,676",.,.,.,.,.,.
39,031,OH,Coshocton County,"4,255","3,373","5,137",11.6,9.2,14.0,"1,412","1,016","1,808",16.6,12.0,21.2,942,610,"1,274",14.9,9.6,20.2,"61,297","56,711","65,883",.,.,.,.,.,.
39,033,OH,Crawford County,"4,598","3,567","5,629",11.2,8.7,13.7,"1,384",911,"1,857",15.9,10.4,21.4,928,555,"1,301",14.5,8.7,20.3,"59,571","55,844","63,298",.,.,.,.,.,.
39,035,OH,Cuyahoga County,"181,129","169,223","193,035",14.9,13.9,15.9,"53,508","47,515","59,501",21.7,19.3,24.1,"39,310","34,384","44,236",21.6,18.9,24.3,"66,081","64,566","67,596",.,.,.,.,.,.
39,037,OH,Darke County,"5,872","5,032","6,712",11.6,9.9,13.3,"1,476","1,095","1,857",12.5,9.3,15.7,988,672,"1,304",11.2,7.6,14.8,"70,987","64,407","77,567",.,.,.,.,.,.
39,039,OH,Defiance County,"3,366","2,590","4,142",8.9,6.9,10.9,"1,009",698,"1,320",12.1,8.4,15.8,711,457,965,11.4,7.3,15.5,"71,913","65,141","78,685",.,.,.,.,.,.
39,041,OH,Delaware County,"10,212","8,349","12,075",4.3,3.5,5.1,"2,007","1,369","2,645",3.6,2.5,4.7,"1,457",960,"1,954",3.3,2.2,4.4,"136,215","126,366","146,064",.,.,.,.,.,.
39,043,OH,Erie County,"9,487","8,039","10,935",13.1,11.1,15.1,"2,739","2,106","3,372",19.7,15.1,24.3,"1,974","1,460","2,488",18.8,13.9,23.7,"72,400","66,306","78,494",.,.,.,.,.,.
39,045,OH,Fairfield County,"13,303","11,032","15,574",8.1,6.7,9.5,"3,615","2,644","4,586",9.3,6.8,11.8,"2,593","1,827","3,359",8.8,6.2,11.4,"90,728","86,447","95,009",.,.,.,.,.,.
39,047,OH,Fayette County,"3,423","2,680","4,166",12.1,9.5,14.7,"1,080",729,"1,431",16.8,11.4,22.2,756,478,"1,034",15.9,10.1,21.7,"68,224","61,254","75,194",.,.,.,.,.,.
39,049,OH,Franklin County,"184,028","172,146","195,910",13.9,13.0,14.8,"54,487","47,890","61,084",17.8,15.6,20.0,"36,607","30,918","42,296",16.5,13.9,19.1,"76,578","74,917","78,239",.,.,.,.,.,.
39,051,OH,Fulton County,"3,462","2,722","4,202",8.3,6.5,10.1,972,694,"1,250",10.4,7.4,13.4,650,420,880,9.2,6.0,12.4,"75,421","67,698","83,144",.,.,.,.,.,.
39,053,OH,Gallia County,"5,661","4,765","6,557",20.1,16.9,23.3,"1,841","1,452","2,230",28.3,22.3,34.3,"1,404","1,093","1,715",29.1,22.6,35.6,"54,723","49,318","60,128",.,.,.,.,.,.
39,055,OH,Geauga County,"5,411","4,260","6,562",5.7,4.5,6.9,"1,199",835,"1,563",5.9,4.1,7.7,818,526,"1,110",5.3,3.4,7.2,"110,508","103,840","117,176",.,.,.,.,.,.
39,057,OH,Greene County,"16,306","13,999","18,613",9.9,8.5,11.3,"3,829","2,939","4,719",11.1,8.5,13.7,"2,532","1,757","3,307",9.8,6.8,12.8,"87,684","81,140","94,228",.,.,.,.,.,.
39,059,OH,Guernsey County,"5,228","4,149","6,307",13.8,10.9,16.7,"1,564","1,103","2,025",19.0,13.4,24.6,"1,171",807,"1,535",19.2,13.2,25.2,"62,931","57,434","68,428",.,.,.,.,.,.
39,061,OH,Hamilton County,"115,791","105,568","126,014",14.2,12.9,15.5,"34,879","29,859","39,899",18.7,16.0,21.4,"23,594","19,626","27,562",17.3,14.4,20.2,"73,166","69,840","76,492",.,.,.,.,.,.
39,063,OH,Hancock County,"6,565","5,343","7,787",9.0,7.3,10.7,"1,619","1,101","2,137",10.3,7.0,13.6,"1,186",772,"1,600",10.3,6.7,13.9,"80,864","75,572","86,156",.,.,.,.,.,.
39,065,OH,Hardin County,"4,060","3,239","4,881",14.3,11.4,17.2,"1,141",811,"1,471",16.5,11.7,21.3,796,521,"1,071",15.7,10.3,21.1,"68,612","63,692","73,532",.,.,.,.,.,.
39,067,OH,Harrison County,"1,908","1,498","2,318",13.8,10.8,16.8,494,335,653,17.5,11.9,23.1,338,213,463,16.1,10.1,22.1,"60,099","53,912","66,286",.,.,.,.,.,.
39,069,OH,Henry County,"2,132","1,659","2,605",7.9,6.2,9.6,566,378,754,9.3,6.2,12.4,389,238,540,8.5,5.2,11.8,"69,439","64,971","73,907",.,.,.,.,.,.
39,071,OH,Highland County,"6,335","5,272","7,398",14.6,12.1,17.1,"1,744","1,194","2,294",17.1,11.7,22.5,"1,187",744,"1,630",16.0,10.0,22.0,"62,366","55,730","69,002",.,.,.,.,.,.
39,073,OH,Hocking County,"3,585","2,775","4,395",13.2,10.2,16.2,"1,038",705,"1,371",18.3,12.4,24.2,740,472,"1,008",17.2,11.0,23.4,"63,690","56,676","70,704",.,.,.,.,.,.
39,075,OH,Holmes County,"3,936","3,080","4,792",9.0,7.0,11.0,"1,358",926,"1,790",10.3,7.0,13.6,963,616,"1,310",10.1,6.5,13.7,"77,621","71,052","84,190",.,.,.,.,.,.
39,077,OH,Huron County,"6,709","5,533","7,885",11.7,9.7,13.7,"2,106","1,535","2,677",16.0,11.6,20.4,"1,449",993,"1,905",14.7,10.1,19.3,"72,260","67,348","77,172",.,.,.,.,.,.
39,079,OH,Jackson County,"5,018","3,961","6,075",15.5,12.2,18.8,"1,571","1,096","2,046",20.9,14.6,27.2,"1,098",714,"1,482",19.7,12.8,26.6,"59,581","53,068","66,094",.,.,.,.,.,.
39,081,OH,Jefferson County,"10,861","9,192","12,530",17.7,15.0,20.4,"3,116","2,458","3,774",25.6,20.2,31.0,"2,274","1,742","2,806",24.8,19.0,30.6,"60,327","57,033","63,621",.,.,.,.,.,.
39,083,OH,Knox County,"6,447","5,120","7,774",10.7,8.5,12.9,"1,820","1,295","2,345",12.9,9.2,16.6,"1,253",846,"1,660",12.1,8.2,16.0,"72,305","67,117","77,493",.,.,.,.,.,.
39,085,OH,Lake County,"17,162","14,226","20,098",7.5,6.2,8.8,"4,166","2,999","5,333",9.7,7.0,12.4,"2,906","1,968","3,844",9.0,6.1,11.9,"84,484","80,703","88,265",.,.,.,.,.,.
39,087,OH,Lawrence County,"8,267","6,484","10,050",15.0,11.8,18.2,"2,174","1,520","2,828",18.9,13.2,24.6,"1,549","1,004","2,094",17.8,11.5,24.1,"61,638","56,373","66,903",.,.,.,.,.,.
39,089,OH,Licking County,"16,630","14,023","19,237",9.2,7.8,10.6,"4,529","3,409","5,649",11.1,8.3,13.9,"3,022","2,062","3,982",9.8,6.7,12.9,"86,157","82,819","89,495",.,.,.,.,.,.
39,091,OH,Logan County,"4,433","3,463","5,403",9.7,7.6,11.8,"1,306",930,"1,682",13.0,9.3,16.7,859,540,"1,178",11.5,7.2,15.8,"75,055","69,026","81,084",.,.,.,.,.,.
39,093,OH,Lorain County,"33,931","29,298","38,564",10.8,9.3,12.3,"10,566","8,395","12,737",15.8,12.6,19.0,"7,321","5,585","9,057",14.5,11.1,17.9,"79,139","75,148","83,130",.,.,.,.,.,.
39,095,OH,Lucas County,"70,060","63,363","76,757",16.8,15.2,18.4,"21,332","17,621","25,043",22.8,18.8,26.8,"14,223","10,996","17,450",20.5,15.8,25.2,"63,774","61,471","66,077",.,.,.,.,.,.
39,097,OH,Madison County,"3,588","2,620","4,556",8.8,6.4,11.2,915,591,"1,239",10.6,6.9,14.3,690,427,953,10.9,6.8,15.0,"84,632","76,862","92,402",.,.,.,.,.,.
39,099,OH,Mahoning County,"42,306","38,910","45,702",19.3,17.7,20.9,"11,826","9,849","13,803",26.5,22.1,30.9,"8,654","7,021","10,287",26.4,21.4,31.4,"58,133","54,859","61,407",.,.,.,.,.,.
39,101,OH,Marion County,"9,520","7,915","11,125",16.0,13.3,18.7,"2,886","2,154","3,618",21.2,15.8,26.6,"2,157","1,577","2,737",21.5,15.7,27.3,"63,276","58,384","68,168",.,.,.,.,.,.
39,103,OH,Medina County,"11,083","8,958","13,208",6.1,4.9,7.3,"2,549","1,815","3,283",6.8,4.8,8.8,"1,676","1,095","2,257",5.8,3.8,7.8,"93,471","89,415","97,527",.,.,.,.,.,.
39,105,OH,Meigs County,"3,168","2,442","3,894",14.9,11.5,18.3,932,667,"1,197",22.1,15.8,28.4,648,427,869,20.0,13.2,26.8,"54,483","48,648","60,318",.,.,.,.,.,.
39,107,OH,Mercer County,"3,363","2,721","4,005",8.0,6.5,9.5,793,558,"1,028",7.2,5.1,9.3,583,402,764,7.4,5.1,9.7,"75,311","68,145","82,477",.,.,.,.,.,.
39,109,OH,Miami County,"11,050","9,208","12,892",10.0,8.3,11.7,"3,030","2,308","3,752",12.2,9.3,15.1,"2,011","1,396","2,626",10.8,7.5,14.1,"83,948","78,592","89,304",.,.,.,.,.,.
39,111,OH,Monroe County,"1,783","1,379","2,187",13.8,10.7,16.9,483,336,630,18.9,13.1,24.7,358,237,479,18.4,12.2,24.6,"58,813","52,276","65,350",.,.,.,.,.,.
39,113,OH,Montgomery County,"75,497","67,434","83,560",14.4,12.9,15.9,"23,356","19,088","27,624",20.2,16.5,23.9,"16,168","12,815","19,521",18.8,14.9,22.7,"66,349","63,461","69,237",.,.,.,.,.,.
39,115,OH,Morgan County,"1,971","1,507","2,435",14.8,11.3,18.3,539,369,709,20.1,13.8,26.4,353,216,490,17.7,10.8,24.6,"64,911","60,892","68,930",.,.,.,.,.,.
39,117,OH,Morrow County,"3,699","2,891","4,507",10.4,8.1,12.7,"1,030",717,"1,343",13.7,9.5,17.9,728,473,983,13.0,8.4,17.6,"84,191","80,016","88,366",.,.,.,.,.,.
39,119,OH,Muskingum County,"11,062","9,245","12,879",13.0,10.9,15.1,"3,334","2,419","4,249",17.5,12.7,22.3,"2,179","1,416","2,942",15.5,10.1,20.9,"63,161","57,508","68,814",.,.,.,.,.,.
39,121,OH,Noble County,"1,592","1,220","1,964",13.9,10.7,17.1,379,258,500,14.4,9.8,19.0,273,177,369,14.2,9.2,19.2,"63,623","56,114","71,132",.,.,.,.,.,.
39,123,OH,Ottawa County,"3,622","3,010","4,234",9.3,7.7,10.9,744,519,969,11.4,8.0,14.8,524,336,712,10.3,6.6,14.0,"76,709","71,657","81,761",.,.,.,.,.,.
39,125,OH,Paulding County,"1,924","1,531","2,317",10.4,8.3,12.5,539,374,704,12.6,8.7,16.5,364,234,494,11.6,7.5,15.7,"68,923","61,500","76,346",.,.,.,.,.,.
39,127,OH,Perry County,"4,843","3,890","5,796",13.7,11.0,16.4,"1,387",974,"1,800",17.4,12.2,22.6,"1,011",683,"1,339",16.9,11.4,22.4,"68,322","61,137","75,507",.,.,.,.,.,.
39,129,OH,Pickaway County,"5,345","4,105","6,585",9.3,7.2,11.4,"1,411",953,"1,869",10.9,7.4,14.4,962,584,"1,340",10.1,6.2,14.0,"81,135","74,258","88,012",.,.,.,.,.,.
39,131,OH,Pike County,"5,102","4,146","6,058",19.1,15.5,22.7,"1,638","1,224","2,052",26.7,20.0,33.4,"1,257",938,"1,576",27.6,20.6,34.6,"59,100","52,990","65,210",.,.,.,.,.,.
39,133,OH,Portage County,"18,333","15,805","20,861",11.7,10.1,13.3,"2,988","2,109","3,867",10.5,7.4,13.6,"2,026","1,310","2,742",9.4,6.1,12.7,"79,710","73,736","85,684",.,.,.,.,.,.
39,135,OH,Preble County,"4,195","3,444","4,946",10.4,8.5,12.3,"1,147",843,"1,451",13.2,9.7,16.7,771,523,"1,019",11.7,7.9,15.5,"71,966","66,140","77,792",.,.,.,.,.,.
39,137,OH,Putnam County,"2,042","1,515","2,569",6.0,4.4,7.6,497,328,666,5.8,3.8,7.8,337,205,469,5.2,3.2,7.2,"88,101","83,245","92,957",.,.,.,.,.,.
39,139,OH,Richland County,"15,821","12,874","18,768",13.5,11.0,16.0,"4,883","3,653","6,113",18.7,14.0,23.4,"3,252","2,246","4,258",16.9,11.7,22.1,"66,025","62,540","69,510",.,.,.,.,.,.
39,141,OH,Ross County,"9,446","7,587","11,305",13.4,10.8,16.0,"2,778","2,013","3,543",18.2,13.2,23.2,"1,751","1,127","2,375",15.3,9.8,20.8,"67,519","63,048","71,990",.,.,.,.,.,.
39,143,OH,Sandusky County,"7,712","6,639","8,785",13.3,11.4,15.2,"2,309","1,861","2,757",18.8,15.2,22.4,"1,621","1,258","1,984",17.5,13.6,21.4,"66,851","59,908","73,794",.,.,.,.,.,.
39,145,OH,Scioto County,"13,126","10,939","15,313",19.1,15.9,22.3,"3,496","2,528","4,464",23.1,16.7,29.5,"2,461","1,641","3,281",21.8,14.5,29.1,"55,235","50,346","60,124",.,.,.,.,.,.
39,147,OH,Seneca County,"6,832","5,699","7,965",13.0,10.8,15.2,"1,756","1,290","2,222",15.6,11.5,19.7,"1,249",870,"1,628",15.1,10.5,19.7,"65,260","59,843","70,677",.,.,.,.,.,.
39,149,OH,Shelby County,"4,235","3,359","5,111",8.9,7.1,10.7,"1,210",834,"1,586",10.7,7.4,14.0,864,556,"1,172",10.5,6.8,14.2,"75,593","68,611","82,575",.,.,.,.,.,.
39,151,OH,Stark County,"45,607","39,889","51,325",12.4,10.8,14.0,"14,122","11,615","16,629",18.1,14.9,21.3,"9,992","8,005","11,979",17.2,13.8,20.6,"69,455","66,257","72,653",.,.,.,.,.,.
39,153,OH,Summit County,"70,423","63,716","77,130",13.3,12.0,14.6,"19,381","16,211","22,551",18.0,15.1,20.9,"13,043","10,278","15,808",16.3,12.9,19.7,"70,449","67,260","73,638",.,.,.,.,.,.
39,155,OH,Trumbull County,"26,162","22,658","29,666",13.3,11.5,15.1,"6,883","5,019","8,747",17.1,12.5,21.7,"5,185","3,667","6,703",17.3,12.2,22.4,"60,389","56,211","64,567",.,.,.,.,.,.
39,157,OH,Tuscarawas County,"10,251","8,577","11,925",11.3,9.5,13.1,"2,929","2,153","3,705",14.0,10.3,17.7,"2,091","1,484","2,698",13.8,9.8,17.8,"66,524","63,177","69,871",.,.,.,.,.,.
39,159,OH,Union County,"3,631","2,822","4,440",5.3,4.1,6.5,715,472,958,4.3,2.8,5.8,503,310,696,4.0,2.5,5.5,"119,133","108,801","129,465",.,.,.,.,.,.
39,161,OH,Van Wert County,"2,522","1,986","3,058",8.9,7.0,10.8,776,558,994,12.0,8.6,15.4,567,392,742,12.1,8.4,15.8,"72,213","66,161","78,265",.,.,.,.,.,.
39,163,OH,Vinton County,"2,091","1,595","2,587",16.8,12.8,20.8,640,447,833,24.3,17.0,31.6,443,285,601,23.2,14.9,31.5,"59,038","52,375","65,701",.,.,.,.,.,.
39,165,OH,Warren County,"16,576","14,251","18,901",6.6,5.7,7.5,"3,903","2,979","4,827",6.6,5.0,8.2,"2,976","2,268","3,684",6.6,5.0,8.2,"113,333","106,273","120,393",.,.,.,.,.,.
39,167,OH,Washington County,"7,877","6,523","9,231",13.8,11.4,16.2,"2,094","1,601","2,587",18.9,14.5,23.3,"1,553","1,161","1,945",18.6,13.9,23.3,"65,321","59,440","71,202",.,.,.,.,.,.
39,169,OH,Wayne County,"12,787","10,558","15,016",11.3,9.3,13.3,"3,814","2,967","4,661",14.1,11.0,17.2,"2,692","2,014","3,370",13.4,10.0,16.8,"72,275","66,107","78,443",.,.,.,.,.,.
39,171,OH,Williams County,"3,647","2,916","4,378",10.3,8.2,12.4,"1,048",762,"1,334",13.6,9.9,17.3,767,541,993,13.5,9.5,17.5,"63,288","58,751","67,825",.,.,.,.,.,.
39,173,OH,Wood County,"14,006","12,318","15,694",11.0,9.7,12.3,"2,507","1,957","3,057",9.7,7.6,11.8,"1,858","1,422","2,294",9.5,7.3,11.7,"77,522","71,815","83,229",.,.,.,.,.,.
39,175,OH,Wyandot County,"1,985","1,582","2,388",9.4,7.5,11.3,495,351,639,11.0,7.8,14.2,335,219,451,9.9,6.5,13.3,"63,875","58,991","68,759",.,.,.,.,.,.
40,000,OK,Oklahoma,"588,757","576,372","601,142",14.8,14.5,15.1,"177,739","170,222","185,256",18.7,17.9,19.5,"123,285","116,823","129,747",17.4,16.5,18.3,"66,124","65,468","66,780","50,335","46,684","53,986",21.3,19.8,22.8
40,001,OK,Adair County,"4,388","3,721","5,055",22.4,19.0,25.8,"1,549","1,164","1,934",29.9,22.5,37.3,"1,084",768,"1,400",29.1,20.6,37.6,"48,550","44,115","52,985",.,.,.,.,.,.
40,003,OK,Alfalfa County,819,622,"1,016",18.1,13.7,22.5,199,139,259,18.4,12.9,23.9,142,94,190,17.0,11.2,22.8,"63,241","56,281","70,201",.,.,.,.,.,.
40,005,OK,Atoka County,"2,536","2,017","3,055",19.5,15.5,23.5,744,548,940,24.9,18.3,31.5,535,377,693,23.3,16.4,30.2,"52,248","47,581","56,915",.,.,.,.,.,.
40,007,OK,Beaver County,621,468,774,12.5,9.4,15.6,201,135,267,17.4,11.7,23.1,148,94,202,17.1,10.9,23.3,"70,555","62,504","78,606",.,.,.,.,.,.
40,009,OK,Beckham County,"3,989","3,208","4,770",20.2,16.2,24.2,"1,263",922,"1,604",24.9,18.2,31.6,911,631,"1,191",24.1,16.7,31.5,"57,449","51,338","63,560",.,.,.,.,.,.
40,011,OK,Blaine County,"1,524","1,255","1,793",18.1,14.9,21.3,488,356,620,22.6,16.5,28.7,340,231,449,21.1,14.4,27.8,"59,556","53,349","65,763",.,.,.,.,.,.
40,013,OK,Bryan County,"6,961","5,600","8,322",14.2,11.4,17.0,"1,971","1,337","2,605",16.9,11.5,22.3,"1,350",850,"1,850",16.0,10.1,21.9,"60,458","54,950","65,966",.,.,.,.,.,.
40,015,OK,Caddo County,"4,269","3,365","5,173",18.9,14.9,22.9,"1,266",839,"1,693",21.3,14.1,28.5,935,593,"1,277",21.1,13.4,28.8,"56,389","52,088","60,690",.,.,.,.,.,.
40,017,OK,Canadian County,"12,381","10,130","14,632",6.9,5.6,8.2,"3,786","2,761","4,811",8.5,6.2,10.8,"2,570","1,776","3,364",7.6,5.2,10.0,"91,636","86,768","96,504",.,.,.,.,.,.
40,019,OK,Carter County,"8,163","7,019","9,307",16.8,14.4,19.2,"2,413","1,805","3,021",20.3,15.2,25.4,"1,624","1,113","2,135",18.6,12.7,24.5,"60,179","56,660","63,698",.,.,.,.,.,.
40,021,OK,Cherokee County,"8,367","7,077","9,657",17.8,15.1,20.5,"2,126","1,590","2,662",21.1,15.8,26.4,"1,389",928,"1,850",18.6,12.4,24.8,"54,705","49,660","59,750",.,.,.,.,.,.
40,023,OK,Choctaw County,"3,695","3,178","4,212",26.4,22.7,30.1,"1,188",932,"1,444",35.6,27.9,43.3,804,588,"1,020",32.2,23.5,40.9,"39,680","36,488","42,872",.,.,.,.,.,.
40,025,OK,Cimarron County,366,276,456,17.2,12.9,21.5,168,114,222,29.5,19.9,39.1,123,79,167,27.8,17.9,37.7,"60,094","52,864","67,324",.,.,.,.,.,.
40,027,OK,Cleveland County,"34,813","30,985","38,641",12.0,10.7,13.3,"7,517","5,854","9,180",12.8,10.0,15.6,"5,160","3,787","6,533",11.5,8.5,14.5,"78,643","73,750","83,536",.,.,.,.,.,.
40,029,OK,Coal County,996,771,"1,221",18.6,14.4,22.8,317,213,421,24.4,16.4,32.4,212,130,294,23.3,14.3,32.3,"50,771","44,923","56,619",.,.,.,.,.,.
40,031,OK,Comanche County,"18,916","16,669","21,163",16.9,14.9,18.9,"6,387","5,285","7,489",22.9,19.0,26.8,"4,325","3,458","5,192",21.2,16.9,25.5,"62,306","59,819","64,793",.,.,.,.,.,.
40,033,OK,Cotton County,933,724,"1,142",17.1,13.3,20.9,281,188,374,23.0,15.4,30.6,197,120,274,21.2,12.9,29.5,"53,567","47,455","59,679",.,.,.,.,.,.
40,035,OK,Craig County,"2,406","1,889","2,923",17.6,13.8,21.4,818,560,"1,076",25.8,17.7,33.9,576,362,790,24.0,15.1,32.9,"55,309","50,739","59,879",.,.,.,.,.,.
40,037,OK,Creek County,"11,182","9,645","12,719",15.3,13.2,17.4,"3,414","2,731","4,097",20.4,16.3,24.5,"2,549","1,989","3,109",20.4,15.9,24.9,"61,799","59,300","64,298",.,.,.,.,.,.
40,039,OK,Custer County,"4,315","3,487","5,143",16.1,13.0,19.2,"1,292",906,"1,678",18.8,13.2,24.4,917,605,"1,229",17.7,11.7,23.7,"60,435","55,255","65,615",.,.,.,.,.,.
40,041,OK,Delaware County,"7,553","6,425","8,681",18.3,15.6,21.0,"1,970","1,406","2,534",24.6,17.5,31.7,"1,453","1,014","1,892",24.3,16.9,31.7,"53,179","49,562","56,796",.,.,.,.,.,.
40,043,OK,Dewey County,540,412,668,12.9,9.9,15.9,183,126,240,16.6,11.5,21.7,129,83,175,15.2,9.8,20.6,"65,276","60,837","69,715",.,.,.,.,.,.
40,045,OK,Ellis County,453,340,566,12.8,9.6,16.0,137,93,181,17.5,11.9,23.1,99,63,135,15.9,10.2,21.6,"65,593","59,939","71,247",.,.,.,.,.,.
40,047,OK,Garfield County,"7,764","6,090","9,438",12.8,10.0,15.6,"2,552","1,705","3,399",16.5,11.0,22.0,"1,786","1,102","2,470",15.6,9.6,21.6,"65,358","60,864","69,852",.,.,.,.,.,.
40,049,OK,Garvin County,"5,031","4,295","5,767",19.4,16.6,22.2,"1,704","1,376","2,032",26.5,21.4,31.6,"1,052",756,"1,348",21.8,15.7,27.9,"56,297","51,750","60,844",.,.,.,.,.,.
40,051,OK,Grady County,"6,707","5,558","7,856",11.9,9.9,13.9,"1,795","1,283","2,307",13.7,9.8,17.6,"1,301",907,"1,695",12.9,9.0,16.8,"74,426","69,216","79,636",.,.,.,.,.,.
40,053,OK,Grant County,607,468,746,15.1,11.7,18.5,207,143,271,21.1,14.5,27.7,152,101,203,20.5,13.6,27.4,"61,169","54,032","68,306",.,.,.,.,.,.
40,055,OK,Greer County,"1,182",923,"1,441",26.0,20.3,31.7,330,222,438,30.3,20.4,40.2,228,139,317,28.9,17.7,40.1,"47,060","41,548","52,572",.,.,.,.,.,.
40,057,OK,Harmon County,552,415,689,24.5,18.4,30.6,211,140,282,36.5,24.2,48.8,156,96,216,37.6,23.1,52.1,"44,893","39,937","49,849",.,.,.,.,.,.
40,059,OK,Harper County,355,270,440,11.2,8.5,13.9,108,72,144,14.8,9.9,19.7,80,50,110,14.0,8.8,19.2,"66,682","59,283","74,081",.,.,.,.,.,.
40,061,OK,Haskell County,"2,455","2,015","2,895",20.9,17.1,24.7,750,545,955,27.2,19.8,34.6,568,397,739,28.4,19.9,36.9,"50,066","45,288","54,844",.,.,.,.,.,.
40,063,OK,Hughes County,"2,594","2,041","3,147",22.4,17.6,27.2,773,548,998,27.5,19.5,35.5,560,378,742,27.2,18.4,36.0,"52,070","47,201","56,939",.,.,.,.,.,.
40,065,OK,Jackson County,"3,896","3,108","4,684",16.4,13.1,19.7,"1,411","1,052","1,770",23.7,17.7,29.7,"1,015",722,"1,308",23.6,16.8,30.4,"61,097","54,931","67,263",.,.,.,.,.,.
40,067,OK,Jefferson County,"1,010",811,"1,209",19.0,15.2,22.8,306,211,401,24.2,16.7,31.7,221,142,300,23.0,14.8,31.2,"51,511","46,915","56,107",.,.,.,.,.,.
40,069,OK,Johnston County,"2,124","1,745","2,503",21.5,17.7,25.3,713,569,857,30.8,24.6,37.0,496,375,617,28.0,21.2,34.8,"49,529","45,480","53,578",.,.,.,.,.,.
40,071,OK,Kay County,"7,117","5,770","8,464",16.8,13.6,20.0,"2,416","1,685","3,147",23.2,16.2,30.2,"1,723","1,152","2,294",22.0,14.7,29.3,"57,006","53,066","60,946",.,.,.,.,.,.
40,073,OK,Kingfisher County,"1,694","1,316","2,072",10.9,8.5,13.3,582,405,759,14.0,9.8,18.2,406,263,549,12.7,8.2,17.2,"83,475","75,260","91,690",.,.,.,.,.,.
40,075,OK,Kiowa County,"1,805","1,468","2,142",22.2,18.0,26.4,597,418,776,30.5,21.4,39.6,420,271,569,27.8,17.9,37.7,"50,300","46,611","53,989",.,.,.,.,.,.
40,077,OK,Latimer County,"1,944","1,591","2,297",21.1,17.3,24.9,582,423,741,27.9,20.3,35.5,392,259,525,24.7,16.3,33.1,"47,142","42,155","52,129",.,.,.,.,.,.
40,079,OK,Le Flore County,"9,231","7,978","10,484",19.2,16.6,21.8,"2,631","1,992","3,270",21.9,16.6,27.2,"1,844","1,341","2,347",20.9,15.2,26.6,"52,370","48,681","56,059",.,.,.,.,.,.
40,081,OK,Lincoln County,"5,947","5,099","6,795",17.2,14.8,19.6,"1,891","1,537","2,245",23.7,19.3,28.1,"1,449","1,186","1,712",23.7,19.4,28.0,"63,528","59,603","67,453",.,.,.,.,.,.
40,083,OK,Logan County,"4,861","3,703","6,019",9.3,7.1,11.5,"1,117",708,"1,526",10.0,6.3,13.7,854,504,"1,204",10.1,6.0,14.2,"81,339","75,572","87,106",.,.,.,.,.,.
40,085,OK,Love County,"1,563","1,273","1,853",15.1,12.3,17.9,512,382,642,21.0,15.7,26.3,361,253,469,19.7,13.8,25.6,"63,781","56,630","70,932",.,.,.,.,.,.
40,087,OK,McClain County,"4,273","3,355","5,191",8.9,7.0,10.8,"1,226",813,"1,639",10.5,7.0,14.0,869,531,"1,207",9.6,5.9,13.3,"82,649","74,522","90,776",.,.,.,.,.,.
40,089,OK,McCurtain County,"6,446","5,324","7,568",21.2,17.5,24.9,"2,170","1,556","2,784",27.2,19.5,34.9,"1,525","1,025","2,025",25.9,17.4,34.4,"50,467","46,220","54,714",.,.,.,.,.,.
40,091,OK,McIntosh County,"3,682","2,946","4,418",18.9,15.1,22.7,"1,021",715,"1,327",26.0,18.2,33.8,707,458,956,24.4,15.8,33.0,"51,124","45,875","56,373",.,.,.,.,.,.
40,093,OK,Major County,934,715,"1,153",12.5,9.6,15.4,321,224,418,17.1,11.9,22.3,233,157,309,16.3,11.0,21.6,"65,653","59,411","71,895",.,.,.,.,.,.
40,095,OK,Marshall County,"2,319","1,822","2,816",14.6,11.5,17.7,652,444,860,18.8,12.8,24.8,473,304,642,18.8,12.1,25.5,"58,563","52,196","64,930",.,.,.,.,.,.
40,097,OK,Mayes County,"5,769","4,715","6,823",14.5,11.8,17.2,"1,610","1,148","2,072",18.0,12.8,23.2,"1,209",838,"1,580",18.1,12.6,23.6,"65,597","60,769","70,425",.,.,.,.,.,.
40,099,OK,Murray County,"1,822","1,422","2,222",13.7,10.7,16.7,491,320,662,16.3,10.6,22.0,341,205,477,15.1,9.1,21.1,"65,183","58,602","71,764",.,.,.,.,.,.
40,101,OK,Muskogee County,"12,395","10,545","14,245",19.6,16.7,22.5,"3,711","2,781","4,641",23.5,17.6,29.4,"2,543","1,799","3,287",21.9,15.5,28.3,"55,536","52,009","59,063",.,.,.,.,.,.
40,103,OK,Noble County,"1,394","1,111","1,677",13.1,10.4,15.8,381,276,486,16.1,11.7,20.5,247,157,337,13.5,8.6,18.4,"65,288","57,618","72,958",.,.,.,.,.,.
40,105,OK,Nowata County,"1,451","1,128","1,774",15.3,11.9,18.7,495,342,648,22.6,15.6,29.6,367,245,489,22.2,14.8,29.6,"55,783","49,873","61,693",.,.,.,.,.,.
40,107,OK,Okfuskee County,"2,500","2,055","2,945",24.3,20.0,28.6,744,558,930,29.2,21.9,36.5,524,377,671,27.9,20.1,35.7,"49,016","44,154","53,878",.,.,.,.,.,.
40,109,OK,Oklahoma County,"129,962","121,749","138,175",16.2,15.2,17.2,"43,040","38,259","47,821",21.6,19.2,24.0,"29,432","25,839","33,025",20.1,17.6,22.6,"68,006","65,704","70,308",.,.,.,.,.,.
40,111,OK,Okmulgee County,"6,997","5,797","8,197",19.6,16.2,23.0,"2,043","1,488","2,598",23.9,17.4,30.4,"1,579","1,142","2,016",24.5,17.7,31.3,"52,198","47,483","56,913",.,.,.,.,.,.
40,113,OK,Osage County,"6,899","5,898","7,900",15.3,13.1,17.5,"1,713","1,236","2,190",18.6,13.4,23.8,"1,204",820,"1,588",17.0,11.6,22.4,"68,398","63,267","73,529",.,.,.,.,.,.
40,115,OK,Ottawa County,"5,637","4,837","6,437",19.2,16.5,21.9,"1,810","1,392","2,228",24.1,18.5,29.7,"1,229",872,"1,586",22.1,15.7,28.5,"52,587","49,125","56,049",.,.,.,.,.,.
40,117,OK,Pawnee County,"2,780","2,284","3,276",17.5,14.4,20.6,846,611,"1,081",22.8,16.5,29.1,629,437,821,22.0,15.3,28.7,"57,903","52,391","63,415",.,.,.,.,.,.
40,119,OK,Payne County,"15,197","13,353","17,041",20.3,17.8,22.8,"2,535","1,830","3,240",17.0,12.3,21.7,"1,677","1,099","2,255",15.3,10.0,20.6,"54,326","50,420","58,232",.,.,.,.,.,.
40,121,OK,Pittsburg County,"7,749","6,568","8,930",18.8,15.9,21.7,"2,225","1,659","2,791",23.4,17.4,29.4,"1,470",998,"1,942",20.4,13.9,26.9,"54,668","50,930","58,406",.,.,.,.,.,.
40,123,OK,Pontotoc County,"4,936","3,827","6,045",13.2,10.2,16.2,"1,506","1,023","1,989",16.1,10.9,21.3,"1,060",662,"1,458",15.1,9.4,20.8,"60,954","55,877","66,031",.,.,.,.,.,.
40,125,OK,Pottawatomie County,"12,006","10,335","13,677",16.9,14.5,19.3,"3,622","2,821","4,423",21.8,17.0,26.6,"2,585","1,961","3,209",20.7,15.7,25.7,"61,709","57,992","65,426",.,.,.,.,.,.
40,127,OK,Pushmataha County,"2,005","1,559","2,451",18.8,14.6,23.0,604,406,802,26.5,17.8,35.2,443,278,608,25.4,16.0,34.8,"48,392","43,575","53,209",.,.,.,.,.,.
40,129,OK,Roger Mills County,463,342,584,14.1,10.4,17.8,158,103,213,20.4,13.4,27.4,110,66,154,18.2,10.9,25.5,"77,451","72,927","81,975",.,.,.,.,.,.
40,131,OK,Rogers County,"7,896","6,470","9,322",7.9,6.5,9.3,"2,167","1,502","2,832",9.5,6.6,12.4,"1,537",968,"2,106",8.9,5.6,12.2,"81,443","77,056","85,830",.,.,.,.,.,.
40,133,OK,Seminole County,"4,464","3,588","5,340",19.7,15.8,23.6,"1,399",972,"1,826",25.4,17.7,33.1,"1,031",689,"1,373",24.7,16.5,32.9,"50,893","46,907","54,879",.,.,.,.,.,.
40,135,OK,Sequoyah County,"7,859","6,638","9,080",19.6,16.6,22.6,"2,665","2,061","3,269",27.8,21.5,34.1,"1,888","1,382","2,394",27.0,19.8,34.2,"52,486","48,725","56,247",.,.,.,.,.,.
40,137,OK,Stephens County,"6,985","5,851","8,119",16.1,13.5,18.7,"2,025","1,515","2,535",21.0,15.7,26.3,"1,374",950,"1,798",18.9,13.1,24.7,"59,105","54,500","63,710",.,.,.,.,.,.
40,139,OK,Texas County,"2,724","2,145","3,303",13.5,10.6,16.4,953,658,"1,248",16.4,11.3,21.5,650,422,878,15.2,9.9,20.5,"68,754","61,087","76,421",.,.,.,.,.,.
40,141,OK,Tillman County,"1,472","1,171","1,773",22.2,17.7,26.7,458,320,596,31.5,22.0,41.0,343,231,455,30.4,20.5,40.3,"47,148","41,840","52,456",.,.,.,.,.,.
40,143,OK,Tulsa County,"90,357","84,261","96,453",13.3,12.4,14.2,"28,013","24,556","31,470",16.7,14.6,18.8,"18,868","16,156","21,580",15.2,13.0,17.4,"70,089","68,605","71,573",.,.,.,.,.,.
40,145,OK,Wagoner County,"7,838","6,318","9,358",8.6,6.9,10.3,"2,297","1,631","2,963",11.0,7.8,14.2,"1,672","1,145","2,199",10.5,7.2,13.8,"82,745","76,838","88,652",.,.,.,.,.,.
40,147,OK,Washington County,"7,278","6,137","8,419",13.8,11.6,16.0,"2,247","1,693","2,801",17.7,13.3,22.1,"1,544","1,077","2,011",16.0,11.1,20.9,"67,652","61,755","73,549",.,.,.,.,.,.
40,149,OK,Washita County,"1,732","1,360","2,104",16.3,12.8,19.8,580,400,760,22.8,15.7,29.9,437,293,581,22.4,15.0,29.8,"59,351","53,506","65,196",.,.,.,.,.,.
40,151,OK,Woods County,"1,127",841,"1,413",14.9,11.1,18.7,285,185,385,16.2,10.5,21.9,209,126,292,16.0,9.7,22.3,"65,351","60,397","70,305",.,.,.,.,.,.
40,153,OK,Woodward County,"2,786","2,164","3,408",15.0,11.7,18.3,861,585,"1,137",18.8,12.8,24.8,640,414,866,18.7,12.1,25.3,"62,279","55,584","68,974",.,.,.,.,.,.
41,000,OR,Oregon,"489,364","474,831","503,897",11.7,11.4,12.0,"104,949","97,914","111,984",13.0,12.1,13.9,"72,345","66,212","78,478",11.8,10.8,12.8,"84,897","83,555","86,239","28,416","25,323","31,509",14.7,13.1,16.3
41,001,OR,Baker County,"2,221","1,679","2,763",13.6,10.3,16.9,575,383,767,18.0,12.0,24.0,406,245,567,16.7,10.1,23.3,"61,369","55,868","66,870",.,.,.,.,.,.
41,003,OR,Benton County,"13,309","11,530","15,088",14.3,12.4,16.2,"1,443",989,"1,897",10.0,6.9,13.1,984,626,"1,342",8.7,5.5,11.9,"79,863","73,127","86,599",.,.,.,.,.,.
41,005,OR,Clackamas County,"34,309","29,603","39,015",8.1,7.0,9.2,"7,155","5,482","8,828",8.4,6.4,10.4,"4,964","3,749","6,179",7.5,5.7,9.3,"103,479","99,246","107,712",.,.,.,.,.,.
41,007,OR,Clatsop County,"5,397","4,388","6,406",13.3,10.8,15.8,"1,171",890,"1,452",16.9,12.8,21.0,851,629,"1,073",16.1,11.9,20.3,"76,494","70,011","82,977",.,.,.,.,.,.
41,009,OR,Columbia County,"5,267","4,098","6,436",9.8,7.6,12.0,"1,298",917,"1,679",12.2,8.6,15.8,913,619,"1,207",11.3,7.7,14.9,"88,138","80,310","95,966",.,.,.,.,.,.
41,011,OR,Coos County,"10,565","8,658","12,472",16.8,13.8,19.8,"2,472","1,860","3,084",23.4,17.6,29.2,"1,738","1,234","2,242",21.7,15.4,28.0,"60,914","55,441","66,387",.,.,.,.,.,.
41,013,OR,Crook County,"3,080","2,372","3,788",11.3,8.7,13.9,847,606,"1,088",16.3,11.7,20.9,563,367,759,14.6,9.5,19.7,"76,704","68,540","84,868",.,.,.,.,.,.
41,015,OR,Curry County,"3,718","2,969","4,467",16.4,13.1,19.7,729,527,931,23.7,17.1,30.3,523,352,694,22.4,15.1,29.7,"56,805","51,312","62,298",.,.,.,.,.,.
41,017,OR,Deschutes County,"15,728","12,858","18,598",7.5,6.1,8.9,"3,311","2,365","4,257",8.8,6.3,11.3,"2,289","1,555","3,023",8.0,5.4,10.6,"99,705","94,363","105,047",.,.,.,.,.,.
41,019,OR,Douglas County,"16,334","13,658","19,010",14.7,12.3,17.1,"3,704","2,615","4,793",17.9,12.6,23.2,"2,607","1,756","3,458",16.6,11.2,22.0,"61,341","57,629","65,053",.,.,.,.,.,.
41,021,OR,Gilliam County,222,168,276,11.5,8.7,14.3,51,34,68,13.8,9.1,18.5,38,23,53,13.9,8.4,19.4,"76,759","67,770","85,748",.,.,.,.,.,.
41,023,OR,Grant County,938,702,"1,174",13.4,10.0,16.8,237,153,321,18.7,12.0,25.4,170,102,238,18.0,10.8,25.2,"61,302","55,123","67,481",.,.,.,.,.,.
41,025,OR,Harney County,"1,040",790,"1,290",14.3,10.9,17.7,274,183,365,19.1,12.8,25.4,197,122,272,18.4,11.4,25.4,"59,576","52,489","66,663",.,.,.,.,.,.
41,027,OR,Hood River County,"2,539","1,951","3,127",10.8,8.3,13.3,639,446,832,13.3,9.3,17.3,456,306,606,12.6,8.5,16.7,"85,628","76,672","94,584",.,.,.,.,.,.
41,029,OR,Jackson County,"27,506","23,397","31,615",12.6,10.7,14.5,"6,385","4,696","8,074",14.8,10.9,18.7,"4,177","2,861","5,493",12.7,8.7,16.7,"73,899","69,915","77,883",.,.,.,.,.,.
41,031,OR,Jefferson County,"3,354","2,589","4,119",13.7,10.6,16.8,"1,069",758,"1,380",19.5,13.8,25.2,731,474,988,18.0,11.7,24.3,"69,959","62,995","76,923",.,.,.,.,.,.
41,033,OR,Josephine County,"12,040","9,740","14,340",13.8,11.2,16.4,"3,167","2,163","4,171",19.3,13.2,25.4,"2,311","1,522","3,100",18.9,12.5,25.3,"60,157","54,149","66,165",.,.,.,.,.,.
41,035,OR,Klamath County,"11,479","9,495","13,463",16.6,13.7,19.5,"2,742","1,831","3,653",18.5,12.4,24.6,"1,920","1,195","2,645",17.3,10.8,23.8,"64,076","59,407","68,745",.,.,.,.,.,.
41,037,OR,Lake County,"1,363","1,057","1,669",17.8,13.8,21.8,361,239,483,22.0,14.5,29.5,266,164,368,21.4,13.2,29.6,"63,181","56,785","69,577",.,.,.,.,.,.
41,039,OR,Lane County,"54,647","49,060","60,234",14.6,13.1,16.1,"9,301","7,055","11,547",14.7,11.2,18.2,"6,863","5,204","8,522",14.3,10.8,17.8,"73,137","69,834","76,440",.,.,.,.,.,.
41,041,OR,Lincoln County,"8,177","6,868","9,486",16.3,13.7,18.9,"1,679","1,244","2,114",22.5,16.7,28.3,"1,172",816,"1,528",20.9,14.6,27.2,"65,436","60,543","70,329",.,.,.,.,.,.
41,043,OR,Linn County,"16,759","14,329","19,189",12.8,10.9,14.7,"3,942","2,882","5,002",14.2,10.4,18.0,"2,526","1,643","3,409",12.2,7.9,16.5,"77,936","72,680","83,192",.,.,.,.,.,.
41,045,OR,Malheur County,"5,379","4,072","6,686",18.5,14.0,23.0,"1,916","1,258","2,574",23.5,15.4,31.6,"1,350",812,"1,888",21.9,13.2,30.6,"60,814","55,971","65,657",.,.,.,.,.,.
41,047,OR,Marion County,"40,878","35,105","46,651",11.9,10.2,13.6,"11,258","8,708","13,808",14.3,11.1,17.5,"7,704","5,779","9,629",13.0,9.8,16.2,"80,192","77,428","82,956",.,.,.,.,.,.
41,049,OR,Morrow County,"1,421","1,062","1,780",11.5,8.6,14.4,463,307,619,14.3,9.5,19.1,324,200,448,13.1,8.1,18.1,"77,596","68,826","86,366",.,.,.,.,.,.
41,051,OR,Multnomah County,"99,443","91,446","107,440",12.7,11.7,13.7,"17,078","13,777","20,379",12.9,10.4,15.4,"11,864","9,317","14,411",12.1,9.5,14.7,"90,423","88,443","92,403",.,.,.,.,.,.
41,053,OR,Polk County,"9,343","7,592","11,094",10.6,8.6,12.6,"2,295","1,652","2,938",12.3,8.8,15.8,"1,633","1,107","2,159",11.6,7.9,15.3,"94,166","88,598","99,734",.,.,.,.,.,.
41,055,OR,Sherman County,281,218,344,14.1,10.9,17.3,79,56,102,18.5,13.2,23.8,55,36,74,18.6,12.2,25.0,"68,339","60,124","76,554",.,.,.,.,.,.
41,057,OR,Tillamook County,"4,147","3,526","4,768",15.4,13.1,17.7,"1,196","1,003","1,389",25.3,21.2,29.4,"1,007",863,"1,151",27.7,23.7,31.7,"66,296","59,477","73,115",.,.,.,.,.,.
41,059,OR,Umatilla County,"9,472","7,546","11,398",12.4,9.9,14.9,"2,707","1,828","3,586",14.3,9.7,18.9,"1,884","1,227","2,541",13.1,8.5,17.7,"67,908","64,226","71,590",.,.,.,.,.,.
41,061,OR,Union County,"3,656","3,020","4,292",14.3,11.8,16.8,946,689,"1,203",17.3,12.6,22.0,624,423,825,14.9,10.1,19.7,"67,339","60,503","74,175",.,.,.,.,.,.
41,063,OR,Wallowa County,873,646,"1,100",11.7,8.7,14.7,224,148,300,15.5,10.2,20.8,152,92,212,13.5,8.2,18.8,"67,150","59,366","74,934",.,.,.,.,.,.
41,065,OR,Wasco County,"3,320","2,507","4,133",12.8,9.7,15.9,883,597,"1,169",16.3,11.0,21.6,643,414,872,15.9,10.2,21.6,"63,941","57,490","70,392",.,.,.,.,.,.
41,067,OR,Washington County,"50,484","44,879","56,089",8.4,7.5,9.3,"10,966","8,717","13,215",8.8,7.0,10.6,"6,707","4,825","8,589",7.1,5.1,9.1,"107,040","103,605","110,475",.,.,.,.,.,.
41,069,OR,Wheeler County,246,184,308,17.1,12.8,21.4,43,28,58,23.6,15.5,31.7,31,19,43,22.3,13.5,31.1,"54,011","47,668","60,354",.,.,.,.,.,.
41,071,OR,Yamhill County,"10,429","8,381","12,477",9.9,8.0,11.8,"2,342","1,645","3,039",10.7,7.5,13.9,"1,702","1,162","2,242",10.3,7.0,13.6,"92,193","87,379","97,007",.,.,.,.,.,.
42,000,PA,Pennsylvania,"1,463,161","1,437,235","1,489,087",11.6,11.4,11.8,"393,518","378,621","408,415",15.3,14.7,15.9,"282,090","269,388","294,792",14.7,14.0,15.4,"77,532","76,729","78,335","101,710","94,583","108,837",15.8,14.7,16.9
42,001,PA,Adams County,"7,949","6,230","9,668",7.7,6.0,9.4,"2,126","1,506","2,746",10.7,7.6,13.8,"1,459",952,"1,966",9.7,6.3,13.1,"85,854","82,829","88,879",.,.,.,.,.,.
42,003,PA,Allegheny County,"139,405","129,278","149,532",11.7,10.9,12.5,"32,131","27,656","36,606",14.5,12.5,16.5,"22,243","18,631","25,855",13.5,11.3,15.7,"80,878","79,025","82,731",.,.,.,.,.,.
42,005,PA,Armstrong County,"7,836","6,554","9,118",12.4,10.4,14.4,"1,784","1,276","2,292",15.4,11.0,19.8,"1,045",636,"1,454",11.8,7.2,16.4,"63,472","58,721","68,223",.,.,.,.,.,.
42,007,PA,Beaver County,"18,273","14,930","21,616",11.2,9.2,13.2,"4,636","3,528","5,744",15.0,11.4,18.6,"3,013","2,074","3,952",12.9,8.9,16.9,"73,077","68,813","77,341",.,.,.,.,.,.
42,009,PA,Bedford County,"5,515","4,580","6,450",11.7,9.7,13.7,"1,302",947,"1,657",14.4,10.5,18.3,913,637,"1,189",13.7,9.6,17.8,"59,645","54,543","64,747",.,.,.,.,.,.
42,011,PA,Berks County,"54,537","49,455","59,619",12.8,11.6,14.0,"16,466","14,183","18,749",17.7,15.2,20.2,"12,070","10,233","13,907",17.3,14.7,19.9,"78,176","74,896","81,456",.,.,.,.,.,.
42,013,PA,Blair County,"13,967","12,045","15,889",12.0,10.4,13.6,"3,916","3,047","4,785",16.8,13.1,20.5,"2,583","1,773","3,393",14.7,10.1,19.3,"65,984","62,270","69,698",.,.,.,.,.,.
42,015,PA,Bradford County,"6,850","5,786","7,914",11.6,9.8,13.4,"1,652","1,140","2,164",12.9,8.9,16.9,"1,085",663,"1,507",11.2,6.8,15.6,"62,009","58,140","65,878",.,.,.,.,.,.
42,017,PA,Bucks County,"39,278","33,797","44,759",6.1,5.2,7.0,"8,242","6,246","10,238",6.6,5.0,8.2,"5,992","4,390","7,594",6.3,4.6,8.0,"112,331","108,099","116,563",.,.,.,.,.,.
42,019,PA,Butler County,"15,200","12,663","17,737",7.9,6.6,9.2,"2,578","1,825","3,331",7.0,4.9,9.1,"1,795","1,204","2,386",6.5,4.4,8.6,"95,450","91,067","99,833",.,.,.,.,.,.
42,021,PA,Cambria County,"18,100","15,564","20,636",14.5,12.5,16.5,"5,153","4,226","6,080",21.2,17.4,25.0,"3,710","2,976","4,444",20.2,16.2,24.2,"61,223","58,518","63,928",.,.,.,.,.,.
42,023,PA,Cameron County,548,402,694,12.7,9.3,16.1,174,118,230,22.8,15.5,30.1,127,80,174,21.2,13.4,29.0,"56,595","50,571","62,619",.,.,.,.,.,.
42,025,PA,Carbon County,"7,294","5,860","8,728",11.3,9.1,13.5,"1,868","1,334","2,402",15.8,11.3,20.3,"1,349",937,"1,761",15.1,10.5,19.7,"66,998","60,738","73,258",.,.,.,.,.,.
42,027,PA,Centre County,"20,042","16,941","23,143",14.3,12.1,16.5,"2,142","1,527","2,757",9.5,6.8,12.2,"1,457",989,"1,925",8.5,5.8,11.2,"76,524","71,951","81,097",.,.,.,.,.,.
42,029,PA,Chester County,"34,512","29,716","39,308",6.4,5.5,7.3,"7,233","5,760","8,706",6.2,4.9,7.5,"5,283","4,109","6,457",6.0,4.7,7.3,"130,877","125,580","136,174",.,.,.,.,.,.
42,031,PA,Clarion County,"4,119","3,335","4,903",11.8,9.5,14.1,904,587,"1,221",13.2,8.6,17.8,639,379,899,12.5,7.4,17.6,"60,755","56,657","64,853",.,.,.,.,.,.
42,033,PA,Clearfield County,"10,898","9,288","12,508",14.9,12.7,17.1,"2,747","2,190","3,304",20.2,16.1,24.3,"2,040","1,610","2,470",19.8,15.6,24.0,"61,276","56,175","66,377",.,.,.,.,.,.
42,035,PA,Clinton County,"5,298","4,246","6,350",14.8,11.9,17.7,"1,604","1,244","1,964",22.0,17.1,26.9,"1,172",880,"1,464",22.4,16.8,28.0,"65,983","60,626","71,340",.,.,.,.,.,.
42,037,PA,Columbia County,"8,340","6,676","10,004",13.5,10.8,16.2,"1,609","1,127","2,091",14.3,10.0,18.6,"1,221",837,"1,605",14.7,10.1,19.3,"65,026","60,580","69,472",.,.,.,.,.,.
42,039,PA,Crawford County,"13,187","11,678","14,696",16.8,14.9,18.7,"3,682","3,088","4,276",22.7,19.0,26.4,"2,480","1,993","2,967",20.8,16.7,24.9,"58,757","55,019","62,495",.,.,.,.,.,.
42,041,PA,Cumberland County,"21,126","17,039","25,213",8.1,6.5,9.7,"5,903","4,439","7,367",10.7,8.0,13.4,"4,192","2,996","5,388",10.2,7.3,13.1,"90,939","87,272","94,606",.,.,.,.,.,.
42,043,PA,Dauphin County,"37,159","32,297","42,021",13.0,11.3,14.7,"11,270","8,791","13,749",18.0,14.0,22.0,"8,603","6,685","10,521",19.0,14.8,23.2,"72,875","69,854","75,896",.,.,.,.,.,.
42,045,PA,Delaware County,"59,954","53,401","66,507",10.7,9.5,11.9,"17,399","14,544","20,254",13.9,11.6,16.2,"12,461","10,301","14,621",13.4,11.1,15.7,"90,113","86,572","93,654",.,.,.,.,.,.
42,047,PA,Elk County,"2,983","2,349","3,617",10.0,7.9,12.1,677,465,889,12.2,8.4,16.0,469,303,635,11.0,7.1,14.9,"66,741","62,008","71,474",.,.,.,.,.,.
42,049,PA,Erie County,"37,440","33,043","41,837",14.7,13.0,16.4,"10,542","8,459","12,625",19.9,16.0,23.8,"7,251","5,597","8,905",18.2,14.0,22.4,"63,912","59,451","68,373",.,.,.,.,.,.
42,051,PA,Fayette County,"17,690","14,772","20,608",14.7,12.3,17.1,"4,707","3,562","5,852",20.8,15.7,25.9,"2,889","1,921","3,857",16.7,11.1,22.3,"60,039","56,108","63,970",.,.,.,.,.,.
42,053,PA,Forest County,900,636,"1,164",22.8,16.1,29.5,151,100,202,28.5,18.9,38.1,90,55,125,21.8,13.4,30.2,"55,213","50,729","59,697",.,.,.,.,.,.
42,055,PA,Franklin County,"14,596","11,772","17,420",9.3,7.5,11.1,"4,482","3,380","5,584",13.3,10.0,16.6,"2,932","1,982","3,882",11.8,8.0,15.6,"75,061","70,138","79,984",.,.,.,.,.,.
42,057,PA,Fulton County,"1,521","1,180","1,862",10.7,8.3,13.1,407,282,532,14.9,10.3,19.5,298,199,397,14.7,9.8,19.6,"69,381","64,385","74,377",.,.,.,.,.,.
42,059,PA,Greene County,"5,516","4,600","6,432",17.7,14.8,20.6,"1,418","1,142","1,694",23.2,18.7,27.7,"1,044",837,"1,251",21.8,17.5,26.1,"63,608","57,816","69,400",.,.,.,.,.,.
42,061,PA,Huntingdon County,"4,131","3,226","5,036",10.7,8.3,13.1,"1,055",726,"1,384",14.3,9.8,18.8,704,437,971,12.8,7.9,17.7,"66,355","63,797","68,913",.,.,.,.,.,.
42,063,PA,Indiana County,"12,365","10,309","14,421",16.0,13.3,18.7,"2,904","2,194","3,614",20.2,15.3,25.1,"2,139","1,580","2,698",20.1,14.8,25.4,"61,768","57,301","66,235",.,.,.,.,.,.
42,065,PA,Jefferson County,"4,932","4,086","5,778",11.6,9.6,13.6,"1,371",997,"1,745",15.4,11.2,19.6,903,596,"1,210",13.5,8.9,18.1,"61,167","57,181","65,153",.,.,.,.,.,.
42,067,PA,Juniata County,"2,233","1,747","2,719",9.7,7.6,11.8,613,422,804,12.3,8.5,16.1,427,275,579,11.9,7.7,16.1,"71,150","65,071","77,229",.,.,.,.,.,.
42,069,PA,Lackawanna County,"31,082","27,311","34,853",14.9,13.1,16.7,"8,757","7,292","10,222",20.3,16.9,23.7,"5,987","4,838","7,136",18.3,14.8,21.8,"67,341","63,475","71,207",.,.,.,.,.,.
42,071,PA,Lancaster County,"41,846","35,481","48,211",7.7,6.5,8.9,"12,857","9,912","15,802",10.2,7.9,12.5,"9,355","7,073","11,637",10.2,7.7,12.7,"85,829","83,124","88,534",.,.,.,.,.,.
42,073,PA,Lawrence County,"11,770","9,899","13,641",14.3,12.0,16.6,"3,409","2,685","4,133",20.9,16.5,25.3,"2,402","1,822","2,982",19.6,14.9,24.3,"59,609","55,690","63,528",.,.,.,.,.,.
42,075,PA,Lebanon County,"13,413","11,339","15,487",9.5,8.0,11.0,"3,738","2,849","4,627",11.8,9.0,14.6,"2,398","1,618","3,178",10.1,6.8,13.4,"74,200","68,327","80,073",.,.,.,.,.,.
42,077,PA,Lehigh County,"41,820","35,812","47,828",11.1,9.5,12.7,"13,061","10,462","15,660",15.8,12.7,18.9,"8,725","6,533","10,917",14.0,10.5,17.5,"80,820","76,966","84,674",.,.,.,.,.,.
42,079,PA,Luzerne County,"42,939","37,726","48,152",13.4,11.8,15.0,"12,844","10,423","15,265",19.6,15.9,23.3,"9,440","7,562","11,318",19.2,15.4,23.0,"66,221","62,976","69,466",.,.,.,.,.,.
42,081,PA,Lycoming County,"16,235","13,988","18,482",15.1,13.0,17.2,"4,816","4,002","5,630",21.6,17.9,25.3,"2,843","2,118","3,568",17.1,12.7,21.5,"61,034","58,177","63,891",.,.,.,.,.,.
42,083,PA,Mc Kean County,"5,234","4,232","6,236",14.3,11.6,17.0,"1,327",964,"1,690",18.4,13.4,23.4,933,641,"1,225",16.9,11.6,22.2,"59,147","54,289","64,005",.,.,.,.,.,.
42,085,PA,Mercer County,"13,396","11,398","15,394",13.1,11.1,15.1,"3,389","2,593","4,185",17.3,13.2,21.4,"2,494","1,891","3,097",17.2,13.0,21.4,"61,006","56,710","65,302",.,.,.,.,.,.
42,087,PA,Mifflin County,"5,671","4,404","6,938",12.5,9.7,15.3,"1,941","1,407","2,475",19.4,14.1,24.7,"1,359",949,"1,769",18.6,13.0,24.2,"64,972","59,208","70,736",.,.,.,.,.,.
42,089,PA,Monroe County,"17,643","14,648","20,638",10.8,9.0,12.6,"4,963","3,819","6,107",16.3,12.5,20.1,"3,611","2,687","4,535",15.5,11.5,19.5,"76,974","72,951","80,997",.,.,.,.,.,.
42,091,PA,Montgomery County,"53,246","46,330","60,162",6.2,5.4,7.0,"12,381","10,006","14,756",6.9,5.6,8.2,"8,883","6,916","10,850",6.5,5.1,7.9,"111,915","108,654","115,176",.,.,.,.,.,.
42,093,PA,Montour County,"1,716","1,333","2,099",9.8,7.6,12.0,425,303,547,12.3,8.8,15.8,317,223,411,12.9,9.1,16.7,"78,039","70,021","86,057",.,.,.,.,.,.
42,095,PA,Northampton County,"26,940","22,492","31,388",8.8,7.3,10.3,"6,176","4,683","7,669",10.5,8.0,13.0,"4,543","3,361","5,725",10.2,7.6,12.8,"89,712","86,443","92,981",.,.,.,.,.,.
42,097,PA,Northumberland County,"12,363","10,474","14,252",14.2,12.0,16.4,"3,612","2,929","4,295",21.2,17.2,25.2,"2,246","1,688","2,804",17.5,13.2,21.8,"61,984","59,110","64,858",.,.,.,.,.,.
42,099,PA,Perry County,"3,978","3,091","4,865",8.6,6.7,10.5,"1,069",744,"1,394",11.3,7.9,14.7,771,513,"1,029",11.0,7.3,14.7,"77,074","72,604","81,544",.,.,.,.,.,.
42,101,PA,Philadelphia County,"299,377","279,153","319,601",19.7,18.4,21.0,"89,018","79,506","98,530",27.8,24.8,30.8,"66,837","59,664","74,010",28.9,25.8,32.0,"60,500","58,693","62,307",.,.,.,.,.,.
42,103,PA,Pike County,"6,100","4,854","7,346",9.9,7.9,11.9,"1,404","1,012","1,796",13.6,9.8,17.4,"1,018",690,"1,346",12.8,8.7,16.9,"81,717","75,888","87,546",.,.,.,.,.,.
42,105,PA,Potter County,"2,193","1,753","2,633",13.9,11.1,16.7,599,419,779,19.9,13.9,25.9,401,256,546,18.1,11.5,24.7,"56,229","50,961","61,497",.,.,.,.,.,.
42,107,PA,Schuylkill County,"17,197","14,292","20,102",12.5,10.4,14.6,"4,895","3,742","6,048",17.4,13.3,21.5,"3,640","2,683","4,597",16.9,12.4,21.4,"68,552","65,831","71,273",.,.,.,.,.,.
42,109,PA,Snyder County,"4,459","3,720","5,198",12.0,10.0,14.0,"1,434","1,184","1,684",18.4,15.2,21.6,"1,007",801,"1,213",17.3,13.8,20.8,"65,157","61,441","68,873",.,.,.,.,.,.
42,111,PA,Somerset County,"8,378","6,838","9,918",12.4,10.1,14.7,"2,132","1,574","2,690",16.8,12.4,21.2,"1,440",986,"1,894",15.1,10.3,19.9,"62,644","58,883","66,405",.,.,.,.,.,.
42,113,PA,Sullivan County,732,551,913,12.8,9.6,16.0,92,63,121,16.0,11.0,21.0,57,35,79,14.7,9.1,20.3,"67,001","60,465","73,537",.,.,.,.,.,.
42,115,PA,Susquehanna County,"4,550","3,779","5,321",12.1,10.1,14.1,"1,165",839,"1,491",16.6,11.9,21.3,801,533,"1,069",15.5,10.3,20.7,"69,771","65,736","73,806",.,.,.,.,.,.
42,117,PA,Tioga County,"4,483","3,568","5,398",11.4,9.1,13.7,"1,189",822,"1,556",15.4,10.6,20.2,802,508,"1,096",13.9,8.8,19.0,"63,734","59,545","67,923",.,.,.,.,.,.
42,119,PA,Union County,"3,824","2,879","4,769",10.8,8.1,13.5,803,555,"1,051",11.4,7.9,14.9,589,387,791,11.3,7.4,15.2,"74,727","68,523","80,931",.,.,.,.,.,.
42,121,PA,Venango County,"6,426","5,168","7,684",13.2,10.6,15.8,"1,757","1,252","2,262",19.3,13.7,24.9,"1,279",882,"1,676",18.5,12.7,24.3,"59,729","55,173","64,285",.,.,.,.,.,.
42,123,PA,Warren County,"3,702","2,856","4,548",10.1,7.8,12.4,"1,096",707,"1,485",15.4,9.9,20.9,748,442,"1,054",14.2,8.4,20.0,"61,919","58,657","65,181",.,.,.,.,.,.
42,125,PA,Washington County,"21,104","17,458","24,750",10.3,8.5,12.1,"4,878","3,658","6,098",12.2,9.1,15.3,"3,540","2,600","4,480",11.7,8.6,14.8,"76,961","73,523","80,399",.,.,.,.,.,.
42,127,PA,Wayne County,"6,281","5,291","7,271",13.0,11.0,15.0,"1,314",935,"1,693",15.9,11.3,20.5,946,625,"1,267",15.2,10.0,20.4,"67,672","61,991","73,353",.,.,.,.,.,.
42,129,PA,Westmoreland County,"36,134","31,496","40,772",10.5,9.2,11.8,"9,053","7,542","10,564",14.7,12.2,17.2,"6,461","5,199","7,723",13.8,11.1,16.5,"75,550","72,609","78,491",.,.,.,.,.,.
42,131,PA,Wyoming County,"2,435","1,885","2,985",9.7,7.5,11.9,685,483,887,14.6,10.3,18.9,492,334,650,13.9,9.4,18.4,"74,590","68,145","81,035",.,.,.,.,.,.
42,133,PA,York County,"42,799","37,428","48,170",9.2,8.0,10.4,"12,391","10,165","14,617",12.4,10.2,14.6,"9,647","7,907","11,387",13.0,10.7,15.3,"81,537","79,104","83,970",.,.,.,.,.,.
44,000,RI,Rhode Island,"128,454","121,271","135,637",12.0,11.3,12.7,"31,119","28,061","34,177",15.5,14.0,17.0,"21,312","18,589","24,035",14.2,12.4,16.0,"83,250","80,442","86,058","9,216","8,007","10,425",18.3,15.9,20.7
44,001,RI,Bristol County,"3,165","2,278","4,052",6.7,4.8,8.6,490,296,684,5.8,3.5,8.1,350,197,503,5.2,2.9,7.5,"113,867","106,527","121,207",.,.,.,.,.,.
44,003,RI,Kent County,"13,373","10,516","16,230",7.8,6.1,9.5,"2,606","1,755","3,457",8.8,5.9,11.7,"1,846","1,174","2,518",8.3,5.3,11.3,"91,417","83,218","99,616",.,.,.,.,.,.
44,005,RI,Newport County,"6,155","4,620","7,690",7.7,5.8,9.6,"1,101",676,"1,526",8.8,5.4,12.2,760,438,"1,082",8.1,4.7,11.5,"97,763","89,345","106,181",.,.,.,.,.,.
44,007,RI,Providence County,"96,118","88,725","103,511",14.8,13.7,15.9,"25,567","22,440","28,694",19.5,17.1,21.9,"17,364","15,011","19,717",17.9,15.5,20.3,"73,462","70,518","76,406",.,.,.,.,.,.
44,009,RI,Washington County,"9,642","7,482","11,802",7.8,6.0,9.6,"1,355",843,"1,867",7.2,4.5,9.9,992,586,"1,398",6.9,4.1,9.7,"105,806","99,535","112,077",.,.,.,.,.,.
45,000,SC,South Carolina,"708,371","690,064","726,678",13.3,13.0,13.6,"205,764","195,658","215,870",18.1,17.2,19.0,"145,850","136,410","155,290",17.3,16.2,18.4,"72,507","71,566","73,448","53,928","49,937","57,919",18.9,17.5,20.3
45,001,SC,Abbeville County,"3,982","3,145","4,819",16.7,13.2,20.2,975,676,"1,274",20.9,14.5,27.3,724,479,969,20.6,13.6,27.6,"57,365","51,282","63,448",.,.,.,.,.,.
45,003,SC,Aiken County,"24,232","20,585","27,879",13.7,11.6,15.8,"8,087","6,453","9,721",21.3,17.0,25.6,"6,231","4,926","7,536",22.7,18.0,27.4,"71,314","66,188","76,440",.,.,.,.,.,.
45,005,SC,Allendale County,"2,074","1,563","2,585",31.6,23.8,39.4,578,388,768,44.7,30.0,59.4,419,261,577,44.0,27.4,60.6,"41,336","36,794","45,878",.,.,.,.,.,.
45,007,SC,Anderson County,"27,881","24,052","31,710",13.1,11.3,14.9,"8,141","6,529","9,753",17.1,13.7,20.5,"5,851","4,525","7,177",16.4,12.7,20.1,"69,775","65,099","74,451",.,.,.,.,.,.
45,009,SC,Bamberg County,"2,952","2,231","3,673",24.2,18.3,30.1,759,507,"1,011",33.4,22.3,44.5,512,305,719,31.0,18.5,43.5,"45,231","40,658","49,804",.,.,.,.,.,.
45,011,SC,Barnwell County,"4,062","3,119","5,005",20.3,15.6,25.0,"1,425",972,"1,878",30.0,20.5,39.5,"1,022",652,"1,392",29.4,18.8,40.0,"50,145","44,823","55,467",.,.,.,.,.,.
45,013,SC,Beaufort County,"16,395","12,759","20,031",8.4,6.5,10.3,"4,489","3,039","5,939",13.4,9.1,17.7,"3,013","1,844","4,182",12.3,7.5,17.1,"91,129","86,187","96,071",.,.,.,.,.,.
45,015,SC,Berkeley County,"23,078","19,080","27,076",8.9,7.4,10.4,"7,420","5,489","9,351",12.4,9.2,15.6,"5,358","3,752","6,964",12.2,8.5,15.9,"86,187","81,324","91,050",.,.,.,.,.,.
45,017,SC,Calhoun County,"2,085","1,573","2,597",14.8,11.2,18.4,554,371,737,21.5,14.4,28.6,407,254,560,20.9,13.0,28.8,"61,091","54,486","67,696",.,.,.,.,.,.
45,019,SC,Charleston County,"43,611","37,087","50,135",10.3,8.8,11.8,"11,161","8,151","14,171",13.7,10.0,17.4,"8,037","5,629","10,445",13.9,9.7,18.1,"92,635","88,856","96,414",.,.,.,.,.,.
45,021,SC,Cherokee County,"9,284","7,679","10,889",16.4,13.6,19.2,"2,819","2,052","3,586",22.1,16.1,28.1,"1,944","1,317","2,571",20.6,14.0,27.2,"57,070","51,114","63,026",.,.,.,.,.,.
45,023,SC,Chester County,"5,273","4,254","6,292",16.4,13.2,19.6,"1,480","1,006","1,954",21.5,14.6,28.4,"1,034",642,"1,426",19.9,12.4,27.4,"55,584","50,459","60,709",.,.,.,.,.,.
45,025,SC,Chesterfield County,"8,124","6,527","9,721",18.5,14.9,22.1,"2,484","1,807","3,161",25.7,18.7,32.7,"1,815","1,284","2,346",25.4,18.0,32.8,"53,144","48,106","58,182",.,.,.,.,.,.
45,027,SC,Clarendon County,"5,171","3,965","6,377",17.4,13.3,21.5,"1,286",856,"1,716",24.4,16.2,32.6,950,598,"1,302",24.5,15.4,33.6,"53,106","48,602","57,610",.,.,.,.,.,.
45,029,SC,Colleton County,"8,168","6,797","9,539",21.0,17.5,24.5,"2,558","1,855","3,261",29.2,21.2,37.2,"1,749","1,161","2,337",26.5,17.6,35.4,"55,301","49,596","61,006",.,.,.,.,.,.
45,031,SC,Darlington County,"15,090","13,179","17,001",24.6,21.5,27.7,"4,224","3,299","5,149",30.8,24.1,37.5,"2,699","1,954","3,444",26.8,19.4,34.2,"53,035","47,716","58,354",.,.,.,.,.,.
45,033,SC,Dillon County,"6,457","5,218","7,696",23.8,19.2,28.4,"2,160","1,510","2,810",31.9,22.3,41.5,"1,534",995,"2,073",30.6,19.8,41.4,"47,478","42,063","52,893",.,.,.,.,.,.
45,035,SC,Dorchester County,"15,740","12,635","18,845",9.1,7.3,10.9,"5,169","3,772","6,566",12.7,9.3,16.1,"3,585","2,421","4,749",11.8,8.0,15.6,"84,239","77,377","91,101",.,.,.,.,.,.
45,037,SC,Edgefield County,"4,434","3,583","5,285",16.8,13.6,20.0,987,730,"1,244",21.3,15.7,26.9,671,440,902,19.0,12.5,25.5,"75,118","69,059","81,177",.,.,.,.,.,.
45,039,SC,Fairfield County,"3,397","2,554","4,240",16.9,12.7,21.1,939,626,"1,252",26.3,17.5,35.1,662,405,919,24.7,15.1,34.3,"54,536","48,362","60,710",.,.,.,.,.,.
45,041,SC,Florence County,"23,592","20,144","27,040",17.5,14.9,20.1,"6,848","5,248","8,448",21.7,16.6,26.8,"4,753","3,417","6,089",20.0,14.4,25.6,"61,320","56,865","65,775",.,.,.,.,.,.
45,043,SC,Georgetown County,"11,410","9,765","13,055",17.4,14.9,19.9,"2,957","2,379","3,535",28.1,22.6,33.6,"2,264","1,784","2,744",28.0,22.1,33.9,"67,196","61,108","73,284",.,.,.,.,.,.
45,045,SC,Greenville County,"55,410","48,907","61,913",9.9,8.7,11.1,"16,796","13,508","20,084",13.3,10.7,15.9,"11,241","8,405","14,077",12.0,9.0,15.0,"82,531","80,670","84,392",.,.,.,.,.,.
45,047,SC,Greenwood County,"10,957","8,896","13,018",16.3,13.2,19.4,"3,380","2,443","4,317",22.5,16.3,28.7,"2,458","1,700","3,216",21.7,15.0,28.4,"57,337","52,391","62,283",.,.,.,.,.,.
45,049,SC,Hampton County,"3,445","2,629","4,261",20.5,15.6,25.4,"1,052",713,"1,391",28.9,19.6,38.2,761,484,"1,038",28.3,18.0,38.6,"49,822","44,364","55,280",.,.,.,.,.,.
45,051,SC,Horry County,"56,632","50,938","62,326",14.0,12.6,15.4,"15,423","13,032","17,814",23.2,19.6,26.8,"10,942","8,960","12,924",22.1,18.1,26.1,"68,932","65,384","72,480",.,.,.,.,.,.
45,053,SC,Jasper County,"4,973","3,847","6,099",14.5,11.2,17.8,"1,599","1,076","2,122",26.5,17.8,35.2,"1,185",743,"1,627",28.5,17.9,39.1,"67,873","60,584","75,162",.,.,.,.,.,.
45,055,SC,Kershaw County,"8,691","7,036","10,346",12.2,9.9,14.5,"2,670","1,882","3,458",16.4,11.6,21.2,"1,950","1,287","2,613",16.0,10.6,21.4,"73,494","67,227","79,761",.,.,.,.,.,.
45,057,SC,Lancaster County,"11,162","8,953","13,371",10.2,8.2,12.2,"3,149","2,293","4,005",13.3,9.7,16.9,"2,225","1,527","2,923",13.0,8.9,17.1,"83,171","77,531","88,811",.,.,.,.,.,.
45,059,SC,Laurens County,"11,646","9,587","13,705",16.9,13.9,19.9,"3,871","3,017","4,725",25.9,20.2,31.6,"3,027","2,365","3,689",27.2,21.2,33.2,"60,433","54,863","66,003",.,.,.,.,.,.
45,061,SC,Lee County,"3,343","2,591","4,095",22.8,17.7,27.9,999,674,"1,324",32.5,21.9,43.1,722,449,995,31.6,19.6,43.6,"48,020","43,297","52,743",.,.,.,.,.,.
45,063,SC,Lexington County,"35,089","30,633","39,545",11.3,9.9,12.7,"10,503","8,526","12,480",15.0,12.2,17.8,"7,464","5,961","8,967",14.1,11.3,16.9,"78,712","75,886","81,538",.,.,.,.,.,.
45,065,SC,McCormick County,"1,256",913,"1,599",13.4,9.7,17.1,282,189,375,28.9,19.4,38.4,208,130,286,29.4,18.3,40.5,"62,222","54,877","69,567",.,.,.,.,.,.
45,067,SC,Marion County,"8,672","7,503","9,841",30.8,26.6,35.0,"2,964","2,531","3,397",49.0,41.8,56.2,"1,948","1,569","2,327",43.0,34.6,51.4,"44,214","39,058","49,370",.,.,.,.,.,.
45,069,SC,Marlboro County,"6,898","5,751","8,045",30.2,25.2,35.2,"1,803","1,315","2,291",36.5,26.6,46.4,"1,194",779,"1,609",32.6,21.3,43.9,"45,380","39,976","50,784",.,.,.,.,.,.
45,071,SC,Newberry County,"6,529","5,365","7,693",17.3,14.2,20.4,"2,167","1,687","2,647",26.7,20.8,32.6,"1,643","1,259","2,027",27.3,20.9,33.7,"64,521","59,934","69,108",.,.,.,.,.,.
45,073,SC,Oconee County,"13,132","11,540","14,724",16.1,14.2,18.0,"4,422","3,842","5,002",29.5,25.6,33.4,"3,704","3,278","4,130",32.3,28.6,36.0,"69,144","62,572","75,716",.,.,.,.,.,.
45,075,SC,Orangeburg County,"16,564","13,501","19,627",21.0,17.1,24.9,"4,975","3,612","6,338",29.0,21.1,36.9,"3,482","2,364","4,600",26.9,18.3,35.5,"52,964","48,711","57,217",.,.,.,.,.,.
45,077,SC,Pickens County,"20,066","17,354","22,778",15.6,13.5,17.7,"3,747","2,674","4,820",15.1,10.8,19.4,"2,671","1,835","3,507",14.5,10.0,19.0,"65,163","60,485","69,841",.,.,.,.,.,.
45,079,SC,Richland County,"64,101","57,475","70,727",15.8,14.2,17.4,"17,919","14,729","21,109",20.0,16.4,23.6,"12,044","9,344","14,744",18.0,14.0,22.0,"66,644","63,240","70,048",.,.,.,.,.,.
45,081,SC,Saluda County,"2,913","2,230","3,596",15.1,11.5,18.7,918,617,"1,219",21.5,14.4,28.6,670,428,912,21.5,13.7,29.3,"61,432","54,192","68,672",.,.,.,.,.,.
45,083,SC,Spartanburg County,"45,036","38,595","51,477",12.5,10.7,14.3,"13,360","10,354","16,366",15.9,12.3,19.5,"9,915","7,448","12,382",15.9,11.9,19.9,"70,103","67,158","73,048",.,.,.,.,.,.
45,085,SC,Sumter County,"17,075","13,849","20,301",16.7,13.5,19.9,"5,821","4,266","7,376",24.2,17.7,30.7,"3,862","2,588","5,136",22.1,14.8,29.4,"57,234","53,264","61,204",.,.,.,.,.,.
45,087,SC,Union County,"4,909","3,968","5,850",18.7,15.1,22.3,"1,401","1,026","1,776",26.7,19.6,33.8,"1,025",718,"1,332",25.4,17.8,33.0,"50,730","45,045","56,415",.,.,.,.,.,.
45,089,SC,Williamsburg County,"7,198","5,799","8,597",25.5,20.6,30.4,"1,848","1,302","2,394",33.9,23.9,43.9,"1,263",845,"1,681",30.6,20.5,40.7,"46,174","41,703","50,645",.,.,.,.,.,.
45,091,SC,York County,"26,180","22,102","30,258",8.8,7.4,10.2,"7,197","5,604","8,790",10.4,8.1,12.7,"5,012","3,654","6,370",9.5,6.9,12.1,"94,037","89,819","98,255",.,.,.,.,.,.
46,000,SD,South Dakota,"94,450","89,523","99,377",10.5,9.9,11.1,"25,758","23,252","28,264",11.9,10.7,13.1,"17,797","15,641","19,953",11.2,9.8,12.6,"77,494","75,658","79,330","7,083","5,929","8,237",12.7,10.6,14.8
46,003,SD,Aurora County,282,215,349,10.6,8.1,13.1,76,49,103,11.7,7.5,15.9,52,30,74,11.6,6.7,16.5,"68,117","60,243","75,991",.,.,.,.,.,.
46,005,SD,Beadle County,"2,043","1,559","2,527",10.7,8.2,13.2,787,494,"1,080",14.7,9.2,20.2,540,301,779,13.9,7.7,20.1,"75,646","71,187","80,105",.,.,.,.,.,.
46,007,SD,Bennett County,953,734,"1,172",29.4,22.7,36.1,363,229,497,36.3,22.9,49.7,257,149,365,34.7,20.2,49.2,"51,441","45,240","57,642",.,.,.,.,.,.
46,009,SD,Bon Homme County,800,614,986,14.2,10.9,17.5,172,108,236,13.0,8.2,17.8,118,66,170,12.8,7.2,18.4,"67,215","59,426","75,004",.,.,.,.,.,.
46,011,SD,Brookings County,"3,572","2,889","4,255",10.8,8.7,12.9,511,322,700,7.0,4.4,9.6,344,197,491,6.3,3.6,9.0,"75,653","69,837","81,469",.,.,.,.,.,.
46,013,SD,Brown County,"4,244","3,505","4,983",11.6,9.6,13.6,821,557,"1,085",9.7,6.6,12.8,577,370,784,8.8,5.6,12.0,"72,244","67,456","77,032",.,.,.,.,.,.
46,015,SD,Brule County,649,490,808,12.7,9.6,15.8,213,134,292,17.0,10.7,23.3,147,84,210,15.6,8.8,22.4,"71,448","64,919","77,977",.,.,.,.,.,.
46,017,SD,Buffalo County,659,509,809,36.3,28.0,44.6,269,175,363,41.9,27.3,56.5,190,115,265,38.9,23.6,54.2,"35,054","30,789","39,319",.,.,.,.,.,.
46,019,SD,Butte County,"1,255",961,"1,549",11.6,8.9,14.3,359,227,491,13.7,8.6,18.8,247,140,354,12.7,7.2,18.2,"64,896","57,474","72,318",.,.,.,.,.,.
46,021,SD,Campbell County,141,106,176,10.5,7.9,13.1,29,18,40,11.0,6.9,15.1,22,13,31,13.2,7.5,18.9,"71,257","63,170","79,344",.,.,.,.,.,.
46,023,SD,Charles Mix County,"1,844","1,445","2,243",20.3,15.9,24.7,717,465,969,26.1,16.9,35.3,491,296,686,25.0,15.1,34.9,"59,612","53,002","66,222",.,.,.,.,.,.
46,025,SD,Clark County,373,278,468,10.0,7.5,12.5,116,71,161,11.6,7.1,16.1,77,42,112,11.6,6.4,16.8,"79,333","71,351","87,315",.,.,.,.,.,.
46,027,SD,Clay County,"2,457","1,954","2,960",19.3,15.3,23.3,367,232,502,14.2,9.0,19.4,243,141,345,12.5,7.2,17.8,"59,556","52,944","66,168",.,.,.,.,.,.
46,029,SD,Codington County,"2,386","1,821","2,951",8.3,6.3,10.3,522,325,719,8.1,5.1,11.1,335,183,487,6.8,3.7,9.9,"78,115","70,623","85,607",.,.,.,.,.,.
46,031,SD,Corson County,"1,415","1,151","1,679",37.9,30.8,45.0,704,512,896,54.4,39.6,69.2,481,332,630,53.0,36.6,69.4,"42,573","37,600","47,546",.,.,.,.,.,.
46,033,SD,Custer County,883,693,"1,073",9.6,7.5,11.7,152,96,208,11.8,7.5,16.1,108,62,154,11.6,6.6,16.6,"80,312","70,713","89,911",.,.,.,.,.,.
46,035,SD,Davison County,"2,101","1,615","2,587",10.8,8.3,13.3,478,305,651,10.8,6.9,14.7,330,194,466,10.1,6.0,14.2,"72,516","64,633","80,399",.,.,.,.,.,.
46,037,SD,Day County,823,673,973,15.5,12.7,18.3,213,152,274,18.2,13.0,23.4,166,117,215,18.4,13.0,23.8,"66,991","59,236","74,746",.,.,.,.,.,.
46,039,SD,Deuel County,367,279,455,8.6,6.5,10.7,74,46,102,7.0,4.4,9.6,50,27,73,6.5,3.6,9.4,"83,163","76,281","90,045",.,.,.,.,.,.
46,041,SD,Dewey County,"1,526","1,269","1,783",28.8,24.0,33.6,599,388,810,27.7,17.9,37.5,413,238,588,28.6,16.5,40.7,"46,718","41,415","52,021",.,.,.,.,.,.
46,043,SD,Douglas County,282,215,349,10.3,7.9,12.7,82,51,113,10.9,6.7,15.1,57,31,83,10.9,6.0,15.8,"74,820","66,499","83,141",.,.,.,.,.,.
46,045,SD,Edmunds County,425,323,527,11.0,8.4,13.6,110,70,150,13.7,8.7,18.7,76,44,108,13.9,8.0,19.8,"80,423","71,263","89,583",.,.,.,.,.,.
46,047,SD,Fall River County,835,617,"1,053",11.7,8.7,14.7,188,118,258,16.3,10.2,22.4,131,74,188,14.4,8.1,20.7,"71,364","64,912","77,816",.,.,.,.,.,.
46,049,SD,Faulk County,267,199,335,13.7,10.2,17.2,95,58,132,20.4,12.5,28.3,66,36,96,25.4,14.0,36.8,"71,926","63,477","80,375",.,.,.,.,.,.
46,051,SD,Grant County,641,483,799,8.6,6.5,10.7,162,99,225,9.5,5.8,13.2,116,63,169,9.3,5.0,13.6,"77,781","69,114","86,448",.,.,.,.,.,.
46,053,SD,Gregory County,568,431,705,14.1,10.7,17.5,165,102,228,16.8,10.4,23.2,114,63,165,15.4,8.5,22.3,"56,836","50,427","63,245",.,.,.,.,.,.
46,055,SD,Haakon County,195,149,241,10.8,8.2,13.4,46,29,63,10.4,6.6,14.2,32,18,46,9.9,5.7,14.1,"74,649","67,702","81,596",.,.,.,.,.,.
46,057,SD,Hamlin County,527,408,646,8.2,6.4,10.0,158,98,218,7.4,4.6,10.2,109,61,157,7.5,4.2,10.8,"80,325","73,534","87,116",.,.,.,.,.,.
46,059,SD,Hand County,256,196,316,8.4,6.4,10.4,45,28,62,6.3,3.9,8.7,30,17,43,5.5,3.1,7.9,"73,983","65,302","82,664",.,.,.,.,.,.
46,061,SD,Hanson County,293,220,366,8.7,6.5,10.9,89,55,123,10.6,6.5,14.7,61,34,88,11.0,6.1,15.9,"87,793","78,061","97,525",.,.,.,.,.,.
46,063,SD,Harding County,157,118,196,11.8,8.9,14.7,41,25,57,13.4,8.2,18.6,29,16,42,13.4,7.3,19.5,"65,228","58,781","71,675",.,.,.,.,.,.
46,065,SD,Hughes County,"1,458","1,103","1,813",8.7,6.6,10.8,374,225,523,9.1,5.5,12.7,250,132,368,8.1,4.3,11.9,"83,936","74,165","93,707",.,.,.,.,.,.
46,067,SD,Hutchinson County,860,692,"1,028",12.2,9.8,14.6,229,146,312,13.1,8.3,17.9,159,93,225,13.1,7.7,18.5,"73,237","65,674","80,800",.,.,.,.,.,.
46,069,SD,Hyde County,138,103,173,11.7,8.7,14.7,43,27,59,15.0,9.4,20.6,31,18,44,15.2,8.7,21.7,"62,207","55,579","68,835",.,.,.,.,.,.
46,071,SD,Jackson County,785,612,958,29.1,22.7,35.5,411,259,563,42.5,26.8,58.2,291,167,415,42.7,24.6,60.8,"50,228","44,181","56,275",.,.,.,.,.,.
46,073,SD,Jerauld County,233,176,290,14.3,10.8,17.8,67,42,92,17.6,11.0,24.2,47,27,67,19.7,11.3,28.1,"66,644","59,042","74,246",.,.,.,.,.,.
46,075,SD,Jones County,115,86,144,13.2,9.9,16.5,42,26,58,22.0,13.5,30.5,31,17,45,21.4,11.9,30.9,"62,147","54,627","69,667",.,.,.,.,.,.
46,077,SD,Kingsbury County,462,352,572,9.0,6.8,11.2,132,83,181,10.3,6.5,14.1,96,56,136,10.5,6.1,14.9,"75,613","68,374","82,852",.,.,.,.,.,.
46,079,SD,Lake County,924,691,"1,157",8.8,6.6,11.0,181,114,248,8.3,5.2,11.4,123,69,177,7.7,4.3,11.1,"80,099","70,873","89,325",.,.,.,.,.,.
46,081,SD,Lawrence County,"3,144","2,499","3,789",11.3,9.0,13.6,459,297,621,10.3,6.7,13.9,303,182,424,9.1,5.5,12.7,"78,721","70,883","86,559",.,.,.,.,.,.
46,083,SD,Lincoln County,"2,825","2,179","3,471",3.8,2.9,4.7,669,420,918,3.6,2.3,4.9,455,257,653,3.2,1.8,4.6,"106,557","97,917","115,197",.,.,.,.,.,.
46,085,SD,Lyman County,785,625,945,21.4,17.0,25.8,285,193,377,28.4,19.2,37.6,196,125,267,28.4,18.1,38.7,"62,598","57,250","67,946",.,.,.,.,.,.
46,087,SD,McCook County,464,355,573,8.3,6.3,10.3,143,92,194,8.9,5.7,12.1,101,57,145,8.6,4.9,12.3,"83,250","77,485","89,015",.,.,.,.,.,.
46,089,SD,McPherson County,385,318,452,17.9,14.8,21.0,104,64,144,24.9,15.4,34.4,70,39,101,24.2,13.4,35.0,"75,475","69,957","80,993",.,.,.,.,.,.
46,091,SD,Marshall County,402,289,515,9.5,6.8,12.2,168,105,231,16.7,10.5,22.9,118,66,170,17.7,10.0,25.4,"74,964","68,231","81,697",.,.,.,.,.,.
46,093,SD,Meade County,"2,415","1,872","2,958",8.1,6.3,9.9,482,301,663,7.8,4.9,10.7,326,184,468,6.9,3.9,9.9,"76,427","68,529","84,325",.,.,.,.,.,.
46,095,SD,Mellette County,462,349,575,25.9,19.6,32.2,175,111,239,31.7,20.2,43.2,122,71,173,29.7,17.3,42.1,"51,141","44,983","57,299",.,.,.,.,.,.
46,097,SD,Miner County,251,190,312,11.3,8.6,14.0,65,41,89,12.7,8.1,17.3,45,26,64,12.1,7.0,17.2,"74,548","70,274","78,822",.,.,.,.,.,.
46,099,SD,Minnehaha County,"15,301","12,935","17,667",7.5,6.3,8.7,"3,798","2,650","4,946",7.4,5.2,9.6,"2,748","1,859","3,637",7.3,4.9,9.7,"80,546","74,349","86,743",.,.,.,.,.,.
46,101,SD,Moody County,649,517,781,10.1,8.0,12.2,156,99,213,9.2,5.9,12.5,110,65,155,9.0,5.3,12.7,"77,922","69,517","86,327",.,.,.,.,.,.
46,102,SD,Oglala Lakota County,"4,632","3,567","5,697",35.8,27.6,44.0,"1,834","1,215","2,453",39.7,26.3,53.1,"1,279",784,"1,774",36.4,22.3,50.5,"44,706","39,299","50,113",.,.,.,.,.,.
46,103,SD,Pennington County,"11,021","9,157","12,885",9.8,8.1,11.5,"2,899","1,950","3,848",11.7,7.9,15.5,"1,956","1,224","2,688",10.7,6.7,14.7,"79,338","74,848","83,828",.,.,.,.,.,.
46,105,SD,Perkins County,358,266,450,12.8,9.5,16.1,110,69,151,16.9,10.6,23.2,76,43,109,15.8,8.9,22.7,"59,364","52,995","65,733",.,.,.,.,.,.
46,107,SD,Potter County,226,171,281,9.6,7.3,11.9,50,31,69,9.7,6.1,13.3,34,19,49,8.4,4.7,12.1,"70,736","62,727","78,745",.,.,.,.,.,.
46,109,SD,Roberts County,"1,626","1,269","1,983",16.2,12.6,19.8,558,362,754,19.3,12.5,26.1,384,228,540,17.9,10.6,25.2,"62,083","57,078","67,088",.,.,.,.,.,.
46,111,SD,Sanborn County,293,219,367,12.7,9.5,15.9,88,55,121,15.7,9.8,21.6,60,34,86,15.6,8.8,22.4,"74,310","67,627","80,993",.,.,.,.,.,.
46,115,SD,Spink County,689,535,843,11.7,9.1,14.3,185,120,250,14.1,9.1,19.1,126,76,176,13.5,8.2,18.8,"63,148","57,772","68,524",.,.,.,.,.,.
46,117,SD,Stanley County,222,168,276,7.4,5.6,9.2,47,30,64,7.4,4.8,10.0,33,20,46,6.8,4.0,9.6,"88,080","78,206","97,954",.,.,.,.,.,.
46,119,SD,Sully County,118,88,148,8.0,5.9,10.1,22,14,30,7.8,4.8,10.8,16,9,23,7.0,3.9,10.1,"80,411","72,020","88,802",.,.,.,.,.,.
46,121,SD,Todd County,"2,986","2,260","3,712",32.9,24.9,40.9,"1,515",961,"2,069",41.7,26.4,57.0,"1,036",597,"1,475",37.4,21.5,53.3,"45,187","39,806","50,568",.,.,.,.,.,.
46,123,SD,Tripp County,892,659,"1,125",16.3,12.0,20.6,312,197,427,22.8,14.4,31.2,216,123,309,22.9,13.0,32.8,"63,882","56,781","70,983",.,.,.,.,.,.
46,125,SD,Turner County,852,679,"1,025",9.5,7.6,11.4,192,126,258,8.6,5.7,11.5,137,81,193,8.2,4.9,11.5,"77,615","69,095","86,135",.,.,.,.,.,.
46,127,SD,Union County,"1,005",769,"1,241",5.8,4.4,7.2,193,121,265,4.7,2.9,6.5,125,69,181,4.0,2.2,5.8,"101,682","92,213","111,151",.,.,.,.,.,.
46,129,SD,Walworth County,758,579,937,14.6,11.1,18.1,233,150,316,18.5,11.9,25.1,156,89,223,17.4,9.9,24.9,"56,788","50,389","63,187",.,.,.,.,.,.
46,135,SD,Yankton County,"2,386","1,893","2,879",10.9,8.6,13.2,472,306,638,9.9,6.4,13.4,306,172,440,8.6,4.8,12.4,"73,710","66,572","80,848",.,.,.,.,.,.
46,137,SD,Ziebach County,"1,108",866,"1,350",45.8,35.8,55.8,342,237,447,55.0,38.1,71.9,226,144,308,60.3,38.5,82.1,"45,049","39,560","50,538",.,.,.,.,.,.
47,000,TN,Tennessee,"942,730","921,033","964,427",13.3,13.0,13.6,"285,986","271,680","300,292",18.4,17.5,19.3,"203,402","190,234","216,570",17.9,16.7,19.1,"72,007","71,375","72,639","72,238","67,119","77,357",17.9,16.6,19.2
47,001,TN,Anderson County,"9,263","7,334","11,192",11.5,9.1,13.9,"2,704","1,883","3,525",16.2,11.3,21.1,"1,852","1,196","2,508",14.9,9.6,20.2,"72,300","67,830","76,770",.,.,.,.,.,.
47,003,TN,Bedford County,"6,464","5,129","7,799",12.2,9.7,14.7,"2,600","2,036","3,164",19.7,15.4,24.0,"2,166","1,752","2,580",22.6,18.3,26.9,"69,879","63,434","76,324",.,.,.,.,.,.
47,005,TN,Benton County,"2,728","2,160","3,296",17.0,13.5,20.5,760,522,998,24.3,16.7,31.9,552,357,747,23.4,15.1,31.7,"56,138","53,145","59,131",.,.,.,.,.,.
47,007,TN,Bledsoe County,"2,585","1,954","3,216",19.4,14.7,24.1,496,341,651,21.9,15.1,28.7,362,236,488,21.8,14.2,29.4,"57,188","50,792","63,584",.,.,.,.,.,.
47,009,TN,Blount County,"12,931","10,411","15,451",9.2,7.4,11.0,"2,685","1,755","3,615",9.8,6.4,13.2,"1,897","1,123","2,671",9.3,5.5,13.1,"78,132","73,387","82,877",.,.,.,.,.,.
47,011,TN,Bradley County,"12,925","10,498","15,352",11.6,9.4,13.8,"3,636","2,536","4,736",15.1,10.5,19.7,"2,516","1,606","3,426",14.1,9.0,19.2,"70,651","66,180","75,122",.,.,.,.,.,.
47,013,TN,Campbell County,"7,511","6,074","8,948",18.9,15.3,22.5,"2,108","1,565","2,651",26.2,19.5,32.9,"1,580","1,138","2,022",26.9,19.4,34.4,"54,150","50,321","57,979",.,.,.,.,.,.
47,015,TN,Cannon County,"2,106","1,698","2,514",14.1,11.4,16.8,592,415,769,18.4,12.9,23.9,444,302,586,19.0,12.9,25.1,"65,364","59,024","71,704",.,.,.,.,.,.
47,017,TN,Carroll County,"4,584","3,653","5,515",16.5,13.2,19.8,"1,321",929,"1,713",21.1,14.9,27.3,925,611,"1,239",19.8,13.1,26.5,"55,245","49,703","60,787",.,.,.,.,.,.
47,019,TN,Carter County,"9,008","7,170","10,846",16.1,12.8,19.4,"2,013","1,366","2,660",20.8,14.1,27.5,"1,509",988,"2,030",21.0,13.8,28.2,"51,256","48,250","54,262",.,.,.,.,.,.
47,021,TN,Cheatham County,"3,559","2,700","4,418",8.4,6.4,10.4,986,660,"1,312",11.3,7.6,15.0,660,402,918,10.2,6.2,14.2,"89,490","81,728","97,252",.,.,.,.,.,.
47,023,TN,Chester County,"2,073","1,569","2,577",12.5,9.5,15.5,630,415,845,16.6,10.9,22.3,449,273,625,16.1,9.8,22.4,"64,789","57,463","72,115",.,.,.,.,.,.
47,025,TN,Claiborne County,"5,189","3,921","6,457",16.4,12.4,20.4,"1,281",829,"1,733",21.2,13.7,28.7,906,541,"1,271",20.4,12.2,28.6,"53,212","47,943","58,481",.,.,.,.,.,.
47,027,TN,Clay County,"1,530","1,203","1,857",19.7,15.5,23.9,433,304,562,28.4,19.9,36.9,334,227,441,29.2,19.8,38.6,"48,100","42,413","53,787",.,.,.,.,.,.
47,029,TN,Cocke County,"7,823","6,417","9,229",20.9,17.1,24.7,"2,435","1,867","3,003",32.9,25.2,40.6,"1,670","1,184","2,156",30.3,21.5,39.1,"50,830","46,421","55,239",.,.,.,.,.,.
47,031,TN,Coffee County,"9,354","7,973","10,735",15.5,13.2,17.8,"3,109","2,479","3,739",21.9,17.5,26.3,"2,469","1,973","2,965",23.5,18.8,28.2,"68,092","63,838","72,346",.,.,.,.,.,.
47,033,TN,Crockett County,"1,927","1,461","2,393",14.0,10.6,17.4,570,383,757,18.0,12.1,23.9,396,242,550,17.0,10.4,23.6,"60,637","54,764","66,510",.,.,.,.,.,.
47,035,TN,Cumberland County,"8,573","7,011","10,135",13.2,10.8,15.6,"2,231","1,618","2,844",20.8,15.1,26.5,"1,656","1,156","2,156",20.8,14.5,27.1,"63,432","58,419","68,445",.,.,.,.,.,.
47,037,TN,Davidson County,"86,412","75,958","96,866",12.2,10.7,13.7,"25,227","19,447","31,007",17.2,13.3,21.1,"17,234","12,400","22,068",17.3,12.4,22.2,"80,803","78,423","83,183",.,.,.,.,.,.
47,039,TN,Decatur County,"1,745","1,349","2,141",15.0,11.6,18.4,465,301,629,20.0,13.0,27.0,335,200,470,19.4,11.6,27.2,"53,616","47,529","59,703",.,.,.,.,.,.
47,041,TN,DeKalb County,"2,993","2,318","3,668",13.9,10.8,17.0,863,594,"1,132",18.9,13.0,24.8,597,369,825,18.6,11.5,25.7,"60,271","53,586","66,956",.,.,.,.,.,.
47,043,TN,Dickson County,"5,742","4,472","7,012",10.1,7.9,12.3,"1,595","1,057","2,133",12.8,8.5,17.1,"1,133",706,"1,560",12.5,7.8,17.2,"75,713","69,860","81,566",.,.,.,.,.,.
47,045,TN,Dyer County,"5,136","3,886","6,386",14.3,10.8,17.8,"1,707","1,138","2,276",20.1,13.4,26.8,"1,240",778,"1,702",19.9,12.5,27.3,"63,008","58,659","67,357",.,.,.,.,.,.
47,047,TN,Fayette County,"4,077","3,110","5,044",9.3,7.1,11.5,"1,093",727,"1,459",14.6,9.7,19.5,766,460,"1,072",14.2,8.5,19.9,"90,590","82,947","98,233",.,.,.,.,.,.
47,049,TN,Fentress County,"3,761","2,970","4,552",19.0,15.0,23.0,997,678,"1,316",25.1,17.1,33.1,732,467,997,24.4,15.5,33.3,"50,626","45,107","56,145",.,.,.,.,.,.
47,051,TN,Franklin County,"5,115","4,000","6,230",12.0,9.4,14.6,"1,372",946,"1,798",16.1,11.1,21.1,956,620,"1,292",15.3,9.9,20.7,"66,904","61,542","72,266",.,.,.,.,.,.
47,053,TN,Gibson County,"7,273","5,928","8,618",14.4,11.7,17.1,"2,122","1,491","2,753",17.5,12.3,22.7,"1,448",936,"1,960",15.9,10.3,21.5,"61,163","56,012","66,314",.,.,.,.,.,.
47,055,TN,Giles County,"3,993","3,102","4,884",13.3,10.3,16.3,"1,182",818,"1,546",19.0,13.1,24.9,833,530,"1,136",18.2,11.6,24.8,"65,859","59,415","72,303",.,.,.,.,.,.
47,057,TN,Grainger County,"3,536","2,716","4,356",14.2,10.9,17.5,881,601,"1,161",19.2,13.1,25.3,630,404,856,18.7,12.0,25.4,"52,222","47,698","56,746",.,.,.,.,.,.
47,059,TN,Greene County,"11,595","9,659","13,531",16.3,13.6,19.0,"2,784","2,087","3,481",21.0,15.7,26.3,"2,031","1,476","2,586",20.4,14.8,26.0,"58,962","53,463","64,461",.,.,.,.,.,.
47,061,TN,Grundy County,"2,805","2,200","3,410",20.2,15.8,24.6,783,550,"1,016",26.0,18.3,33.7,571,389,753,26.9,18.3,35.5,"49,568","44,442","54,694",.,.,.,.,.,.
47,063,TN,Hamblen County,"9,980","8,141","11,819",14.8,12.1,17.5,"2,872","1,982","3,762",18.2,12.6,23.8,"2,098","1,377","2,819",18.1,11.9,24.3,"60,725","55,408","66,042",.,.,.,.,.,.
47,065,TN,Hamilton County,"54,872","50,243","59,501",14.5,13.3,15.7,"17,420","15,369","19,471",22.0,19.4,24.6,"11,591","9,905","13,277",20.3,17.3,23.3,"78,271","74,907","81,635",.,.,.,.,.,.
47,067,TN,Hancock County,"1,798","1,425","2,171",26.1,20.7,31.5,563,404,722,38.7,27.7,49.7,388,250,526,35.1,22.6,47.6,"41,664","36,868","46,460",.,.,.,.,.,.
47,069,TN,Hardeman County,"4,638","3,609","5,667",21.5,16.7,26.3,"1,292",871,"1,713",26.5,17.9,35.1,940,593,"1,287",26.4,16.7,36.1,"45,433","41,457","49,409",.,.,.,.,.,.
47,071,TN,Hardin County,"4,858","3,919","5,797",18.0,14.5,21.5,"1,444","1,076","1,812",27.0,20.1,33.9,"1,064",764,"1,364",26.8,19.2,34.4,"55,243","49,503","60,983",.,.,.,.,.,.
47,073,TN,Hawkins County,"7,964","6,372","9,556",13.6,10.9,16.3,"1,932","1,285","2,579",17.7,11.8,23.6,"1,315",791,"1,839",16.2,9.7,22.7,"58,842","54,232","63,452",.,.,.,.,.,.
47,075,TN,Haywood County,"3,332","2,606","4,058",19.8,15.5,24.1,"1,102",791,"1,413",30.7,22.0,39.4,812,557,"1,067",30.3,20.8,39.8,"53,818","49,811","57,825",.,.,.,.,.,.
47,077,TN,Henderson County,"3,987","3,218","4,756",14.4,11.6,17.2,"1,184",872,"1,496",19.1,14.1,24.1,911,659,"1,163",19.7,14.2,25.2,"58,495","52,300","64,690",.,.,.,.,.,.
47,079,TN,Henry County,"5,559","4,603","6,515",17.1,14.2,20.0,"1,542","1,120","1,964",24.4,17.7,31.1,"1,063",699,"1,427",22.3,14.7,29.9,"54,189","49,241","59,137",.,.,.,.,.,.
47,081,TN,Hickman County,"3,234","2,396","4,072",13.2,9.8,16.6,963,631,"1,295",18.1,11.9,24.3,733,455,"1,011",19.1,11.9,26.3,"68,886","63,018","74,754",.,.,.,.,.,.
47,083,TN,Houston County,"1,305","1,009","1,601",15.6,12.1,19.1,392,275,509,22.3,15.7,28.9,268,171,365,19.9,12.7,27.1,"60,114","53,125","67,103",.,.,.,.,.,.
47,085,TN,Humphreys County,"2,319","1,768","2,870",12.2,9.3,15.1,560,358,762,15.6,10.0,21.2,452,280,624,17.0,10.5,23.5,"67,537","60,157","74,917",.,.,.,.,.,.
47,087,TN,Jackson County,"1,982","1,532","2,432",16.3,12.6,20.0,515,358,672,23.4,16.3,30.5,398,269,527,24.6,16.6,32.6,"54,877","49,094","60,660",.,.,.,.,.,.
47,089,TN,Jefferson County,"6,995","5,495","8,495",12.1,9.5,14.7,"1,781","1,217","2,345",16.4,11.2,21.6,"1,274",811,"1,737",15.5,9.9,21.1,"66,911","61,053","72,769",.,.,.,.,.,.
47,091,TN,Johnson County,"3,533","2,798","4,268",20.9,16.5,25.3,819,594,"1,044",27.8,20.2,35.4,585,398,772,27.1,18.4,35.8,"50,816","44,962","56,670",.,.,.,.,.,.
47,093,TN,Knox County,"63,196","57,764","68,628",12.8,11.7,13.9,"15,646","13,050","18,242",15.2,12.7,17.7,"11,789","9,744","13,834",15.6,12.9,18.3,"75,465","72,769","78,161",.,.,.,.,.,.
47,095,TN,Lake County,"1,478","1,109","1,847",31.2,23.4,39.0,366,246,486,38.4,25.8,51.0,257,159,355,39.5,24.5,54.5,"42,267","37,490","47,044",.,.,.,.,.,.
47,097,TN,Lauderdale County,"4,696","3,680","5,712",20.7,16.2,25.2,"1,456",996,"1,916",27.9,19.1,36.7,"1,070",698,"1,442",28.1,18.3,37.9,"53,232","48,562","57,902",.,.,.,.,.,.
47,099,TN,Lawrence County,"6,361","5,129","7,593",13.9,11.2,16.6,"2,028","1,366","2,690",17.8,12.0,23.6,"1,381",832,"1,930",16.4,9.9,22.9,"61,295","55,018","67,572",.,.,.,.,.,.
47,101,TN,Lewis County,"1,867","1,446","2,288",14.1,10.9,17.3,531,349,713,18.4,12.1,24.7,387,236,538,18.0,11.0,25.0,"62,426","55,354","69,498",.,.,.,.,.,.
47,103,TN,Lincoln County,"4,402","3,387","5,417",12.1,9.3,14.9,"1,343",897,"1,789",16.8,11.2,22.4,972,612,"1,332",16.5,10.4,22.6,"66,757","60,015","73,499",.,.,.,.,.,.
47,105,TN,Loudon County,"5,576","4,383","6,769",9.0,7.1,10.9,"1,570","1,110","2,030",13.8,9.8,17.8,"1,112",746,"1,478",13.2,8.8,17.6,"84,882","77,705","92,059",.,.,.,.,.,.
47,107,TN,McMinn County,"7,652","6,131","9,173",13.7,11.0,16.4,"2,160","1,515","2,805",18.3,12.8,23.8,"1,496",983,"2,009",17.4,11.4,23.4,"61,178","55,472","66,884",.,.,.,.,.,.
47,109,TN,McNairy County,"4,292","3,441","5,143",16.7,13.4,20.0,"1,262",911,"1,613",23.1,16.7,29.5,845,563,"1,127",20.9,13.9,27.9,"56,334","51,044","61,624",.,.,.,.,.,.
47,111,TN,Macon County,"4,278","3,425","5,131",16.0,12.8,19.2,"1,394",991,"1,797",21.0,14.9,27.1,951,626,"1,276",19.5,12.9,26.1,"59,183","52,737","65,629",.,.,.,.,.,.
47,113,TN,Madison County,"16,689","14,221","19,157",17.5,14.9,20.1,"5,276","4,082","6,470",24.1,18.7,29.5,"3,706","2,742","4,670",23.2,17.2,29.2,"63,628","58,496","68,760",.,.,.,.,.,.
47,115,TN,Marion County,"4,084","3,194","4,974",13.8,10.8,16.8,"1,136",765,"1,507",19.2,12.9,25.5,807,507,"1,107",18.7,11.7,25.7,"64,375","58,286","70,464",.,.,.,.,.,.
47,117,TN,Marshall County,"3,367","2,592","4,142",9.0,6.9,11.1,"1,032",684,"1,380",11.9,7.9,15.9,746,453,"1,039",11.7,7.1,16.3,"72,893","65,293","80,493",.,.,.,.,.,.
47,119,TN,Maury County,"9,756","7,722","11,790",8.7,6.9,10.5,"2,829","1,845","3,813",11.3,7.4,15.2,"1,959","1,176","2,742",10.9,6.5,15.3,"82,751","76,501","89,001",.,.,.,.,.,.
47,121,TN,Meigs County,"2,004","1,576","2,432",14.5,11.4,17.6,571,370,772,20.5,13.3,27.7,407,242,572,19.5,11.6,27.4,"61,354","56,136","66,572",.,.,.,.,.,.
47,123,TN,Monroe County,"6,103","4,813","7,393",12.6,9.9,15.3,"1,628","1,090","2,166",16.9,11.3,22.5,"1,160",728,"1,592",16.3,10.2,22.4,"62,682","57,543","67,821",.,.,.,.,.,.
47,125,TN,Montgomery County,"24,614","20,385","28,843",10.2,8.4,12.0,"9,075","6,867","11,283",14.3,10.8,17.8,"6,408","4,588","8,228",14.2,10.2,18.2,"78,956","74,461","83,451",.,.,.,.,.,.
47,127,TN,Moore County,594,439,749,8.9,6.6,11.2,148,99,197,11.7,7.8,15.6,109,67,151,11.5,7.1,15.9,"76,465","67,395","85,535",.,.,.,.,.,.
47,129,TN,Morgan County,"3,304","2,636","3,972",16.6,13.2,20.0,857,646,"1,068",20.9,15.8,26.0,610,437,783,19.3,13.8,24.8,"60,822","54,132","67,512",.,.,.,.,.,.
47,131,TN,Obion County,"4,672","3,818","5,526",15.6,12.7,18.5,"1,347",941,"1,753",20.9,14.6,27.2,973,643,"1,303",20.4,13.5,27.3,"58,186","54,378","61,994",.,.,.,.,.,.
47,133,TN,Overton County,"3,144","2,431","3,857",13.5,10.4,16.6,797,528,"1,066",17.0,11.3,22.7,559,338,780,15.9,9.6,22.2,"56,460","50,785","62,135",.,.,.,.,.,.
47,135,TN,Perry County,"1,397","1,064","1,730",15.9,12.1,19.7,462,316,608,23.5,16.1,30.9,344,222,466,23.9,15.4,32.4,"55,337","48,846","61,828",.,.,.,.,.,.
47,137,TN,Pickett County,795,615,975,15.8,12.2,19.4,204,145,263,24.5,17.4,31.6,156,107,205,25.2,17.3,33.1,"52,519","46,596","58,442",.,.,.,.,.,.
47,139,TN,Polk County,"2,638","2,093","3,183",14.6,11.6,17.6,610,407,813,18.4,12.3,24.5,453,280,626,18.3,11.3,25.3,"63,014","57,879","68,149",.,.,.,.,.,.
47,141,TN,Putnam County,"14,982","13,313","16,651",18.4,16.3,20.5,"3,759","3,125","4,393",21.8,18.1,25.5,"2,396","1,827","2,965",18.9,14.4,23.4,"61,722","56,227","67,217",.,.,.,.,.,.
47,143,TN,Rhea County,"4,712","3,721","5,703",14.0,11.1,16.9,"1,325",872,"1,778",18.4,12.1,24.7,969,591,"1,347",18.5,11.3,25.7,"56,791","50,647","62,935",.,.,.,.,.,.
47,145,TN,Roane County,"6,782","5,332","8,232",12.1,9.5,14.7,"1,661","1,144","2,178",15.9,10.9,20.9,"1,147",728,"1,566",14.6,9.3,19.9,"77,481","72,136","82,826",.,.,.,.,.,.
47,147,TN,Robertson County,"7,110","5,589","8,631",9.2,7.2,11.2,"2,235","1,578","2,892",12.2,8.6,15.8,"1,743","1,219","2,267",13.0,9.1,16.9,"81,231","76,561","85,901",.,.,.,.,.,.
47,149,TN,Rutherford County,"37,244","32,904","41,584",10.0,8.8,11.2,"11,324","9,307","13,341",12.5,10.3,14.7,"8,188","6,501","9,875",12.2,9.7,14.7,"90,118","85,061","95,175",.,.,.,.,.,.
47,151,TN,Scott County,"3,941","3,067","4,815",17.7,13.8,21.6,"1,097",748,"1,446",21.7,14.8,28.6,797,509,"1,085",21.6,13.8,29.4,"52,097","46,255","57,939",.,.,.,.,.,.
47,153,TN,Sequatchie County,"2,664","2,128","3,200",15.4,12.3,18.5,716,489,943,21.1,14.4,27.8,523,333,713,21.2,13.5,28.9,"65,760","58,969","72,551",.,.,.,.,.,.
47,155,TN,Sevier County,"13,090","11,011","15,169",13.2,11.1,15.3,"3,669","2,680","4,658",18.2,13.3,23.1,"2,478","1,682","3,274",16.8,11.4,22.2,"63,315","58,630","68,000",.,.,.,.,.,.
47,157,TN,Shelby County,"170,516","158,826","182,206",19.0,17.7,20.3,"67,584","60,909","74,259",29.9,26.9,32.9,"48,374","43,171","53,577",29.3,26.1,32.5,"65,005","62,719","67,291",.,.,.,.,.,.
47,159,TN,Smith County,"2,384","1,824","2,944",11.6,8.9,14.3,668,447,889,14.7,9.9,19.5,472,294,650,13.8,8.6,19.0,"71,325","63,434","79,216",.,.,.,.,.,.
47,161,TN,Stewart County,"2,412","2,065","2,759",17.1,14.6,19.6,696,563,829,24.1,19.5,28.7,404,286,522,18.6,13.2,24.0,"64,200","56,768","71,632",.,.,.,.,.,.
47,163,TN,Sullivan County,"25,200","21,921","28,479",15.7,13.7,17.7,"6,821","5,662","7,980",22.7,18.8,26.6,"4,986","4,066","5,906",22.4,18.3,26.5,"65,634","61,360","69,908",.,.,.,.,.,.
47,165,TN,Sumner County,"17,322","14,178","20,466",8.3,6.8,9.8,"5,083","3,846","6,320",10.8,8.2,13.4,"3,444","2,395","4,493",9.9,6.9,12.9,"95,878","93,396","98,360",.,.,.,.,.,.
47,167,TN,Tipton County,"8,343","6,901","9,785",13.6,11.2,16.0,"2,710","2,076","3,344",19.1,14.6,23.6,"1,981","1,451","2,511",18.5,13.5,23.5,"76,717","71,384","82,050",.,.,.,.,.,.
47,169,TN,Trousdale County,"1,450","1,075","1,825",14.5,10.7,18.3,342,227,457,14.9,9.9,19.9,237,147,327,14.2,8.8,19.6,"70,518","63,759","77,277",.,.,.,.,.,.
47,171,TN,Unicoi County,"2,524","1,955","3,093",14.4,11.2,17.6,620,424,816,20.0,13.7,26.3,421,264,578,18.1,11.4,24.8,"56,931","50,798","63,064",.,.,.,.,.,.
47,173,TN,Union County,"3,628","2,901","4,355",17.4,13.9,20.9,930,630,"1,230",22.1,15.0,29.2,701,455,947,22.2,14.4,30.0,"57,039","50,632","63,446",.,.,.,.,.,.
47,175,TN,Van Buren County,984,760,"1,208",14.9,11.5,18.3,299,201,397,22.8,15.3,30.3,219,135,303,22.7,13.9,31.5,"54,580","48,083","61,077",.,.,.,.,.,.
47,177,TN,Warren County,"6,577","5,135","8,019",15.2,11.9,18.5,"2,014","1,403","2,625",20.4,14.2,26.6,"1,349",857,"1,841",19.0,12.1,25.9,"59,779","55,831","63,727",.,.,.,.,.,.
47,179,TN,Washington County,"17,583","14,479","20,687",13.0,10.7,15.3,"3,974","2,889","5,059",16.0,11.6,20.4,"2,982","2,128","3,836",16.0,11.4,20.6,"64,816","60,062","69,570",.,.,.,.,.,.
47,181,TN,Wayne County,"2,692","2,090","3,294",18.8,14.6,23.0,566,395,737,22.5,15.7,29.3,413,273,553,22.6,14.9,30.3,"50,630","45,148","56,112",.,.,.,.,.,.
47,183,TN,Weakley County,"5,367","4,309","6,425",17.3,13.9,20.7,"1,353","1,003","1,703",22.0,16.3,27.7,928,641,"1,215",20.6,14.2,27.0,"52,803","48,170","57,436",.,.,.,.,.,.
47,185,TN,White County,"3,334","2,481","4,187",11.6,8.6,14.6,"1,109",718,"1,500",18.2,11.8,24.6,786,464,"1,108",17.3,10.2,24.4,"56,340","50,479","62,201",.,.,.,.,.,.
47,187,TN,Williamson County,"11,974","10,021","13,927",4.5,3.8,5.2,"2,284","1,631","2,937",3.5,2.5,4.5,"1,693","1,165","2,221",3.2,2.2,4.2,"147,807","140,029","155,585",.,.,.,.,.,.
47,189,TN,Wilson County,"12,286","9,973","14,599",7.3,5.9,8.7,"3,382","2,479","4,285",8.7,6.4,11.0,"2,373","1,625","3,121",8.2,5.6,10.8,"96,530","89,151","103,909",.,.,.,.,.,.
48,000,TX,Texas,"4,111,828","4,059,615","4,164,041",13.4,13.2,13.6,"1,352,889","1,319,092","1,386,686",17.9,17.5,18.3,"958,433","928,321","988,545",17.1,16.6,17.6,"79,723","79,163","80,283","372,104","356,332","387,876",19.3,18.5,20.1
48,001,TX,Anderson County,"9,083","7,074","11,092",20.0,15.6,24.4,"2,609","1,878","3,340",23.5,16.9,30.1,"1,830","1,241","2,419",22.0,14.9,29.1,"57,927","51,606","64,248",.,.,.,.,.,.
48,003,TX,Andrews County,"1,975","1,508","2,442",10.5,8.0,13.0,758,503,"1,013",12.9,8.5,17.3,533,325,741,12.2,7.4,17.0,"89,424","79,823","99,025",.,.,.,.,.,.
48,005,TX,Angelina County,"10,930","8,404","13,456",12.7,9.8,15.6,"4,008","2,583","5,433",18.8,12.1,25.5,"2,843","1,723","3,963",18.0,10.9,25.1,"62,937","58,201","67,673",.,.,.,.,.,.
48,007,TX,Aransas County,"3,593","2,647","4,539",14.3,10.5,18.1,"1,177",777,"1,577",27.1,17.9,36.3,843,516,"1,170",25.6,15.7,35.5,"67,768","60,995","74,541",.,.,.,.,.,.
48,009,TX,Archer County,838,657,"1,019",9.2,7.2,11.2,197,131,263,9.5,6.3,12.7,143,89,197,8.9,5.5,12.3,"79,806","71,063","88,549",.,.,.,.,.,.
48,011,TX,Armstrong County,178,133,223,10.1,7.5,12.7,60,40,80,15.8,10.6,21.0,44,27,61,15.5,9.6,21.4,"77,908","68,894","86,922",.,.,.,.,.,.
48,013,TX,Atascosa County,"8,286","6,602","9,970",15.9,12.7,19.1,"3,246","2,421","4,071",23.7,17.7,29.7,"2,580","1,912","3,248",25.1,18.6,31.6,"66,244","59,371","73,117",.,.,.,.,.,.
48,015,TX,Austin County,"3,576","2,764","4,388",11.1,8.6,13.6,"1,233",819,"1,647",16.4,10.9,21.9,903,560,"1,246",16.0,9.9,22.1,"74,343","66,529","82,157",.,.,.,.,.,.
48,017,TX,Bailey County,"1,075",791,"1,359",15.6,11.5,19.7,551,368,734,26.1,17.4,34.8,390,242,538,27.1,16.8,37.4,"61,259","55,930","66,588",.,.,.,.,.,.
48,019,TX,Bandera County,"2,502","1,931","3,073",11.0,8.5,13.5,671,473,869,17.9,12.6,23.2,465,298,632,16.6,10.6,22.6,"76,716","68,240","85,192",.,.,.,.,.,.
48,021,TX,Bastrop County,"10,781","8,191","13,371",9.6,7.3,11.9,"4,112","2,606","5,618",14.1,9.0,19.2,"2,890","1,660","4,120",13.2,7.6,18.8,"84,174","77,402","90,946",.,.,.,.,.,.
48,023,TX,Baylor County,557,423,691,16.1,12.2,20.0,184,126,242,23.6,16.2,31.0,133,86,180,23.1,15.0,31.2,"54,002","47,614","60,390",.,.,.,.,.,.
48,025,TX,Bee County,"5,529","4,145","6,913",24.2,18.1,30.3,"1,627","1,142","2,112",27.2,19.1,35.3,"1,166",764,"1,568",26.2,17.1,35.3,"56,414","51,328","61,500",.,.,.,.,.,.
48,027,TX,Bell County,"53,772","48,246","59,298",13.8,12.4,15.2,"20,187","16,756","23,618",18.9,15.7,22.1,"13,170","10,516","15,824",17.1,13.7,20.5,"69,108","65,608","72,608",.,.,.,.,.,.
48,029,TX,Bexar County,"304,387","286,397","322,377",14.6,13.7,15.5,"90,900","81,923","99,877",18.0,16.2,19.8,"63,847","56,754","70,940",17.1,15.2,19.0,"72,578","70,607","74,549",.,.,.,.,.,.
48,031,TX,Blanco County,"1,068",811,"1,325",8.0,6.1,9.9,239,157,321,11.2,7.4,15.0,177,107,247,11.1,6.7,15.5,"97,321","89,061","105,581",.,.,.,.,.,.
48,033,TX,Borden County,57,43,71,10.2,7.6,12.8,11,7,15,10.1,6.8,13.4,8,5,11,8.9,5.3,12.5,"96,586","84,711","108,461",.,.,.,.,.,.
48,035,TX,Bosque County,"2,713","2,200","3,226",14.5,11.8,17.2,692,476,908,18.2,12.5,23.9,493,313,673,17.1,10.8,23.4,"64,319","57,612","71,026",.,.,.,.,.,.
48,037,TX,Bowie County,"14,070","11,478","16,662",16.2,13.2,19.2,"4,833","3,542","6,124",22.7,16.6,28.8,"3,585","2,570","4,600",22.2,15.9,28.5,"62,559","57,418","67,700",.,.,.,.,.,.
48,039,TX,Brazoria County,"36,465","29,587","43,343",9.1,7.4,10.8,"11,602","8,441","14,763",11.4,8.3,14.5,"7,470","4,896","10,044",9.7,6.3,13.1,"100,255","96,493","104,017",.,.,.,.,.,.
48,041,TX,Brazos County,"50,404","46,214","54,594",22.1,20.3,23.9,"8,566","6,437","10,695",17.5,13.2,21.8,"5,631","4,008","7,254",15.9,11.3,20.5,"61,938","58,606","65,270",.,.,.,.,.,.
48,043,TX,Brewster County,"1,351","1,052","1,650",15.1,11.8,18.4,272,179,365,18.0,11.9,24.1,197,121,273,17.4,10.7,24.1,"63,982","57,268","70,696",.,.,.,.,.,.
48,045,TX,Briscoe County,219,166,272,14.7,11.1,18.3,76,51,101,23.2,15.7,30.7,55,35,75,22.1,14.1,30.1,"61,395","54,039","68,751",.,.,.,.,.,.
48,047,TX,Brooks County,"1,900","1,416","2,384",30.6,22.8,38.4,760,508,"1,012",44.7,29.9,59.5,545,334,756,43.2,26.5,59.9,"39,409","34,756","44,062",.,.,.,.,.,.
48,049,TX,Brown County,"6,179","5,090","7,268",16.7,13.8,19.6,"1,815","1,386","2,244",24.5,18.7,30.3,"1,213",863,"1,563",22.6,16.1,29.1,"60,291","54,397","66,185",.,.,.,.,.,.
48,051,TX,Burleson County,"2,739","2,120","3,358",13.7,10.6,16.8,929,646,"1,212",21.0,14.6,27.4,616,387,845,18.6,11.7,25.5,"70,451","62,981","77,921",.,.,.,.,.,.
48,053,TX,Burnet County,"5,037","3,965","6,109",9.2,7.2,11.2,"1,548","1,080","2,016",14.0,9.8,18.2,"1,079",686,"1,472",13.3,8.5,18.1,"78,699","72,179","85,219",.,.,.,.,.,.
48,055,TX,Caldwell County,"5,967","4,583","7,351",11.8,9.1,14.5,"1,943","1,293","2,593",16.9,11.2,22.6,"1,270",706,"1,834",16.0,8.9,23.1,"70,980","64,076","77,884",.,.,.,.,.,.
48,057,TX,Calhoun County,"2,847","2,145","3,549",14.5,10.9,18.1,855,553,"1,157",19.3,12.5,26.1,618,372,864,19.0,11.4,26.6,"69,077","61,004","77,150",.,.,.,.,.,.
48,059,TX,Callahan County,"1,658","1,225","2,091",11.5,8.5,14.5,499,324,674,16.1,10.5,21.7,385,236,534,16.4,10.1,22.7,"67,065","59,260","74,870",.,.,.,.,.,.
48,061,TX,Cameron County,"103,609","95,353","111,865",24.3,22.4,26.2,"39,265","34,710","43,820",33.2,29.4,37.0,"27,554","24,051","31,057",31.0,27.1,34.9,"52,973","50,310","55,636",.,.,.,.,.,.
48,063,TX,Camp County,"2,057","1,548","2,566",15.7,11.8,19.6,828,561,"1,095",24.7,16.7,32.7,603,383,823,24.3,15.4,33.2,"63,333","57,079","69,587",.,.,.,.,.,.
48,065,TX,Carson County,548,424,672,9.5,7.4,11.6,153,104,202,11.6,7.9,15.3,109,68,150,10.6,6.6,14.6,"81,564","74,279","88,849",.,.,.,.,.,.
48,067,TX,Cass County,"4,650","3,760","5,540",16.5,13.3,19.7,"1,358",907,"1,809",21.5,14.4,28.6,995,616,"1,374",20.7,12.8,28.6,"52,449","48,689","56,209",.,.,.,.,.,.
48,069,TX,Castro County,"1,212",935,"1,489",16.7,12.9,20.5,453,316,590,21.9,15.3,28.5,330,219,441,21.3,14.1,28.5,"66,616","58,637","74,595",.,.,.,.,.,.
48,071,TX,Chambers County,"4,403","3,350","5,456",7.9,6.0,9.8,"1,511","1,018","2,004",9.9,6.7,13.1,"1,103",697,"1,509",9.5,6.0,13.0,"106,175","94,063","118,287",.,.,.,.,.,.
48,073,TX,Cherokee County,"8,144","6,507","9,781",16.0,12.8,19.2,"2,656","1,780","3,532",20.4,13.7,27.1,"1,815","1,088","2,542",19.0,11.4,26.6,"59,341","54,058","64,624",.,.,.,.,.,.
48,075,TX,Childress County,"1,073",808,"1,338",20.0,15.1,24.9,299,206,392,23.8,16.4,31.2,211,137,285,22.8,14.8,30.8,"57,509","50,884","64,134",.,.,.,.,.,.
48,077,TX,Clay County,"1,166",890,"1,442",11.0,8.4,13.6,321,222,420,15.3,10.6,20.0,232,147,317,14.5,9.2,19.8,"74,944","66,794","83,094",.,.,.,.,.,.
48,079,TX,Cochran County,531,401,661,20.8,15.7,25.9,215,143,287,31.1,20.7,41.5,155,96,214,33.9,21.1,46.7,"52,164","46,072","58,256",.,.,.,.,.,.
48,081,TX,Coke County,492,388,596,15.0,11.8,18.2,152,111,193,21.3,15.6,27.0,115,82,148,21.3,15.2,27.4,"55,835","49,365","62,305",.,.,.,.,.,.
48,083,TX,Coleman County,"1,488","1,172","1,804",18.8,14.8,22.8,466,325,607,28.2,19.7,36.7,341,227,455,27.9,18.5,37.3,"52,648","46,635","58,661",.,.,.,.,.,.
48,085,TX,Collin County,"70,944","61,517","80,371",5.7,4.9,6.5,"18,134","13,785","22,483",6.1,4.6,7.6,"12,752","9,526","15,978",5.6,4.2,7.0,"124,920","121,256","128,584",.,.,.,.,.,.
48,087,TX,Collingsworth County,432,329,535,16.6,12.6,20.6,166,113,219,25.2,17.2,33.2,117,75,159,22.9,14.6,31.2,"55,421","48,830","62,012",.,.,.,.,.,.
48,089,TX,Colorado County,"2,813","2,137","3,489",13.4,10.2,16.6,"1,026",696,"1,356",20.7,14.0,27.4,727,455,999,19.8,12.4,27.2,"66,938","60,211","73,665",.,.,.,.,.,.
48,091,TX,Comal County,"13,723","10,967","16,479",6.9,5.5,8.3,"3,831","2,658","5,004",8.8,6.1,11.5,"2,815","1,877","3,753",8.5,5.7,11.3,"109,427","101,864","116,990",.,.,.,.,.,.
48,093,TX,Comanche County,"2,056","1,559","2,553",14.5,11.0,18.0,678,463,893,21.7,14.8,28.6,501,327,675,22.0,14.4,29.6,"58,941","52,564","65,318",.,.,.,.,.,.
48,095,TX,Concho County,499,372,626,22.0,16.4,27.6,79,54,104,23.0,15.8,30.2,59,38,80,23.4,15.0,31.8,"57,030","50,311","63,749",.,.,.,.,.,.
48,097,TX,Cooke County,"4,855","3,696","6,014",11.2,8.5,13.9,"1,513","1,019","2,007",15.3,10.3,20.3,"1,072",675,"1,469",14.6,9.2,20.0,"77,501","71,381","83,621",.,.,.,.,.,.
48,099,TX,Coryell County,"10,707","8,965","12,449",14.6,12.2,17.0,"3,391","2,636","4,146",18.0,14.0,22.0,"2,591","1,993","3,189",19.1,14.7,23.5,"64,049","58,321","69,777",.,.,.,.,.,.
48,101,TX,Cottle County,239,178,300,19.0,14.2,23.8,84,56,112,36.1,24.2,48.0,61,38,84,31.4,19.5,43.3,"57,388","51,284","63,492",.,.,.,.,.,.
48,103,TX,Crane County,510,389,631,11.4,8.7,14.1,210,144,276,15.7,10.8,20.6,149,93,205,14.8,9.2,20.4,"77,653","68,449","86,857",.,.,.,.,.,.
48,105,TX,Crockett County,403,304,502,14.7,11.1,18.3,131,87,175,19.3,12.9,25.7,93,58,128,18.1,11.2,25.0,"59,395","51,837","66,953",.,.,.,.,.,.
48,107,TX,Crosby County,"1,051",792,"1,310",21.2,16.0,26.4,446,307,585,34.8,24.0,45.6,341,227,455,35.3,23.5,47.1,"49,096","45,314","52,878",.,.,.,.,.,.
48,109,TX,Culberson County,409,306,512,18.2,13.6,22.8,146,98,194,28.2,18.9,37.5,103,64,142,27.6,17.2,38.0,"64,099","56,475","71,723",.,.,.,.,.,.
48,111,TX,Dallam County,875,662,"1,088",11.7,8.8,14.6,412,269,555,16.0,10.5,21.5,302,187,417,17.3,10.7,23.9,"63,621","55,896","71,346",.,.,.,.,.,.
48,113,TX,Dallas County,"328,986","300,700","357,272",12.5,11.4,13.6,"110,386","96,134","124,638",17.2,15.0,19.4,"74,633","63,485","85,781",16.0,13.6,18.4,"78,910","76,896","80,924",.,.,.,.,.,.
48,115,TX,Dawson County,"2,040","1,537","2,543",20.1,15.1,25.1,745,497,993,26.1,17.4,34.8,545,340,750,26.6,16.6,36.6,"58,227","51,348","65,106",.,.,.,.,.,.
48,117,TX,Deaf Smith County,"3,068","2,379","3,757",16.8,13.0,20.6,"1,307",870,"1,744",23.4,15.6,31.2,904,555,"1,253",22.5,13.8,31.2,"61,990","54,934","69,046",.,.,.,.,.,.
48,119,TX,Delta County,816,607,"1,025",14.6,10.9,18.3,326,219,433,23.3,15.6,31.0,237,148,326,24.1,15.1,33.1,"63,985","57,507","70,463",.,.,.,.,.,.
48,121,TX,Denton County,"64,177","56,308","72,046",6.2,5.4,7.0,"16,262","12,793","19,731",7.0,5.5,8.5,"11,138","8,379","13,897",6.4,4.8,8.0,"117,499","113,495","121,503",.,.,.,.,.,.
48,123,TX,DeWitt County,"3,405","2,693","4,117",18.5,14.6,22.4,"1,029",705,"1,353",23.2,15.9,30.5,734,468,"1,000",22.1,14.1,30.1,"63,383","55,971","70,795",.,.,.,.,.,.
48,125,TX,Dickens County,306,235,377,17.8,13.6,22.0,75,51,99,24.8,16.9,32.7,51,32,70,23.7,14.8,32.6,"52,796","46,559","59,033",.,.,.,.,.,.
48,127,TX,Dimmit County,"2,271","1,853","2,689",28.5,23.3,33.7,798,572,"1,024",35.9,25.7,46.1,602,416,788,36.5,25.2,47.8,"49,127","43,239","55,015",.,.,.,.,.,.
48,129,TX,Donley County,500,371,629,17.2,12.8,21.6,154,103,205,25.6,17.2,34.0,112,70,154,23.9,14.9,32.9,"51,408","45,551","57,265",.,.,.,.,.,.
48,131,TX,Duval County,"2,188","1,644","2,732",24.8,18.6,31.0,891,601,"1,181",36.8,24.8,48.8,668,428,908,37.9,24.3,51.5,"45,438","40,077","50,799",.,.,.,.,.,.
48,133,TX,Eastland County,"3,238","2,629","3,847",18.5,15.0,22.0,"1,000",772,"1,228",26.7,20.6,32.8,726,532,920,26.7,19.6,33.8,"54,528","48,665","60,391",.,.,.,.,.,.
48,135,TX,Ector County,"24,813","21,021","28,605",14.8,12.5,17.1,"9,466","7,222","11,710",18.6,14.2,23.0,"6,036","4,175","7,897",16.6,11.5,21.7,"75,887","70,356","81,418",.,.,.,.,.,.
48,137,TX,Edwards County,262,195,329,19.2,14.3,24.1,93,62,124,31.8,21.1,42.5,69,43,95,32.5,20.0,45.0,"57,450","51,176","63,724",.,.,.,.,.,.
48,139,TX,Ellis County,"17,258","13,496","21,020",7.5,5.9,9.1,"5,697","3,779","7,615",9.6,6.4,12.8,"4,139","2,568","5,710",9.3,5.8,12.8,"99,726","95,939","103,513",.,.,.,.,.,.
48,141,TX,El Paso County,"155,360","141,148","169,572",18.1,16.4,19.8,"51,106","43,707","58,505",23.4,20.0,26.8,"37,687","32,191","43,183",23.0,19.6,26.4,"59,883","57,458","62,308",.,.,.,.,.,.
48,143,TX,Erath County,"6,056","4,869","7,243",14.9,12.0,17.8,"1,434",983,"1,885",16.0,11.0,21.0,"1,000",636,"1,364",15.4,9.8,21.0,"65,488","59,114","71,862",.,.,.,.,.,.
48,145,TX,Falls County,"2,921","2,164","3,678",18.7,13.8,23.6,873,576,"1,170",24.0,15.9,32.1,635,390,880,23.7,14.5,32.9,"56,486","50,521","62,451",.,.,.,.,.,.
48,147,TX,Fannin County,"4,494","3,461","5,527",12.8,9.9,15.7,"1,357",961,"1,753",17.2,12.2,22.2,888,580,"1,196",15.0,9.8,20.2,"70,819","64,994","76,644",.,.,.,.,.,.
48,149,TX,Fayette County,"2,555","1,942","3,168",10.2,7.8,12.6,749,502,996,14.7,9.9,19.5,534,323,745,13.9,8.4,19.4,"76,540","70,464","82,616",.,.,.,.,.,.
48,151,TX,Fisher County,544,416,672,14.9,11.4,18.4,152,102,202,19.3,13.0,25.6,111,70,152,18.0,11.3,24.7,"64,430","57,733","71,127",.,.,.,.,.,.
48,153,TX,Floyd County,872,636,"1,108",17.3,12.6,22.0,374,250,498,30.1,20.1,40.1,271,169,373,28.1,17.5,38.7,"54,212","48,467","59,957",.,.,.,.,.,.
48,155,TX,Foard County,165,123,207,16.2,12.1,20.3,47,31,63,22.0,14.7,29.3,35,22,48,21.2,13.2,29.2,"52,717","46,402","59,032",.,.,.,.,.,.
48,157,TX,Fort Bend County,"73,289","63,272","83,306",7.7,6.6,8.8,"23,583","18,668","28,498",9.6,7.6,11.6,"16,959","13,105","20,813",8.8,6.8,10.8,"115,538","110,377","120,699",.,.,.,.,.,.
48,159,TX,Franklin County,"1,447","1,093","1,801",13.4,10.1,16.7,460,314,606,19.5,13.3,25.7,308,188,428,17.2,10.5,23.9,"67,120","60,317","73,923",.,.,.,.,.,.
48,161,TX,Freestone County,"2,418","1,781","3,055",12.7,9.4,16.0,794,515,"1,073",17.4,11.3,23.5,580,345,815,16.6,9.9,23.3,"69,048","63,707","74,389",.,.,.,.,.,.
48,163,TX,Frio County,"4,403","3,423","5,383",27.0,21.0,33.0,"1,534","1,071","1,997",37.4,26.1,48.7,"1,134",761,"1,507",37.8,25.4,50.2,"51,825","45,901","57,749",.,.,.,.,.,.
48,165,TX,Gaines County,"2,775","2,025","3,525",12.2,8.9,15.5,"1,602","1,036","2,168",19.8,12.8,26.8,"1,174",705,"1,643",20.2,12.1,28.3,"71,008","63,347","78,669",.,.,.,.,.,.
48,167,TX,Galveston County,"45,749","39,754","51,744",12.6,10.9,14.3,"14,049","11,183","16,915",16.9,13.5,20.3,"9,539","7,110","11,968",15.1,11.3,18.9,"86,354","80,843","91,865",.,.,.,.,.,.
48,169,TX,Garza County,717,530,904,17.2,12.7,21.7,200,134,266,23.1,15.5,30.7,143,89,197,22.3,13.9,30.7,"57,106","50,256","63,956",.,.,.,.,.,.
48,171,TX,Gillespie County,"2,285","1,707","2,863",8.2,6.1,10.3,683,450,916,12.7,8.4,17.0,490,298,682,12.1,7.4,16.8,"86,869","76,899","96,839",.,.,.,.,.,.
48,173,TX,Glasscock County,94,70,118,8.2,6.1,10.3,22,14,30,7.7,5.0,10.4,16,10,22,8.2,5.0,11.4,"107,849","94,673","121,025",.,.,.,.,.,.
48,175,TX,Goliad County,"1,102",884,"1,320",15.4,12.3,18.5,292,203,381,20.6,14.3,26.9,216,142,290,20.8,13.7,27.9,"68,784","60,502","77,066",.,.,.,.,.,.
48,177,TX,Gonzales County,"3,551","2,936","4,166",18.0,14.9,21.1,"1,484","1,166","1,802",28.8,22.6,35.0,"1,274","1,020","1,528",34.8,27.8,41.8,"60,783","53,470","68,096",.,.,.,.,.,.
48,179,TX,Gray County,"2,971","2,279","3,663",15.4,11.8,19.0,"1,034",725,"1,343",20.3,14.2,26.4,736,479,993,18.8,12.2,25.4,"69,749","64,239","75,259",.,.,.,.,.,.
48,181,TX,Grayson County,"16,352","13,211","19,493",11.0,8.9,13.1,"5,080","3,627","6,533",14.4,10.3,18.5,"3,589","2,396","4,782",13.7,9.1,18.3,"72,865","68,142","77,588",.,.,.,.,.,.
48,183,TX,Gregg County,"19,874","16,621","23,127",16.1,13.5,18.7,"6,991","5,307","8,675",22.1,16.8,27.4,"5,194","3,817","6,571",22.4,16.5,28.3,"62,490","56,611","68,369",.,.,.,.,.,.
48,185,TX,Grimes County,"4,564","3,552","5,576",15.0,11.7,18.3,"1,530","1,103","1,957",20.8,15.0,26.6,"1,105",751,"1,459",20.4,13.9,26.9,"67,168","59,748","74,588",.,.,.,.,.,.
48,187,TX,Guadalupe County,"15,247","12,240","18,254",7.9,6.3,9.5,"4,529","3,101","5,957",10.0,6.9,13.1,"3,327","2,175","4,479",9.6,6.3,12.9,"90,997","87,784","94,210",.,.,.,.,.,.
48,189,TX,Hale County,"5,533","4,344","6,722",18.6,14.6,22.6,"2,011","1,420","2,602",25.2,17.8,32.6,"1,553","1,081","2,025",25.9,18.0,33.8,"54,376","48,730","60,022",.,.,.,.,.,.
48,191,TX,Hall County,617,471,763,22.1,16.9,27.3,202,139,265,34.9,24.0,45.8,147,95,199,32.6,21.1,44.1,"52,797","48,776","56,818",.,.,.,.,.,.
48,193,TX,Hamilton County,"1,164",886,"1,442",13.7,10.4,17.0,393,278,508,21.4,15.1,27.7,291,193,389,19.9,13.2,26.6,"71,790","65,431","78,149",.,.,.,.,.,.
48,195,TX,Hansford County,548,412,684,11.1,8.3,13.9,200,133,267,14.1,9.4,18.8,140,86,194,13.1,8.0,18.2,"75,870","66,944","84,796",.,.,.,.,.,.
48,197,TX,Hardeman County,616,476,756,18.1,14.0,22.2,203,136,270,26.7,17.9,35.5,151,95,207,27.9,17.6,38.2,"53,275","47,098","59,452",.,.,.,.,.,.
48,199,TX,Hardin County,"6,282","4,883","7,681",10.8,8.4,13.2,"1,966","1,326","2,606",13.8,9.3,18.3,"1,419",899,"1,939",13.2,8.4,18.0,"81,183","73,514","88,852",.,.,.,.,.,.
48,201,TX,Harris County,"827,245","795,589","858,901",16.7,16.1,17.3,"292,108","275,090","309,126",23.3,21.9,24.7,"208,476","194,752","222,200",22.6,21.1,24.1,"74,682","73,324","76,040",.,.,.,.,.,.
48,203,TX,Harrison County,"9,935","8,004","11,866",14.5,11.7,17.3,"3,456","2,584","4,328",21.0,15.7,26.3,"2,566","1,886","3,246",20.6,15.1,26.1,"63,802","59,336","68,268",.,.,.,.,.,.
48,205,TX,Hartley County,379,284,474,9.2,6.9,11.5,105,71,139,9.8,6.6,13.0,79,50,108,10.4,6.6,14.2,"91,653","81,159","102,147",.,.,.,.,.,.
48,207,TX,Haskell County,"1,126",883,"1,369",22.8,17.9,27.7,282,201,363,29.6,21.1,38.1,210,143,277,29.0,19.8,38.2,"52,130","46,124","58,136",.,.,.,.,.,.
48,209,TX,Hays County,"30,760","27,474","34,046",10.8,9.6,12.0,"5,060","3,598","6,522",8.1,5.8,10.4,"3,478","2,327","4,629",7.5,5.0,10.0,"91,880","87,252","96,508",.,.,.,.,.,.
48,211,TX,Hemphill County,311,234,388,10.2,7.7,12.7,116,78,154,14.5,9.7,19.3,85,53,117,13.2,8.2,18.2,"83,011","74,687","91,335",.,.,.,.,.,.
48,213,TX,Henderson County,"13,700","11,441","15,959",15.9,13.3,18.5,"4,031","3,002","5,060",22.1,16.5,27.7,"3,084","2,247","3,921",23.0,16.8,29.2,"61,360","57,464","65,256",.,.,.,.,.,.
48,215,TX,Hidalgo County,"218,775","203,859","233,691",24.2,22.6,25.8,"88,674","80,427","96,921",32.6,29.6,35.6,"65,519","59,346","71,692",32.3,29.3,35.3,"55,829","53,535","58,123",.,.,.,.,.,.
48,217,TX,Hill County,"6,003","4,987","7,019",15.7,13.0,18.4,"1,911","1,443","2,379",22.0,16.6,27.4,"1,335",940,"1,730",20.7,14.6,26.8,"62,176","55,571","68,781",.,.,.,.,.,.
48,219,TX,Hockley County,"3,363","2,666","4,060",15.8,12.5,19.1,"1,272",943,"1,601",22.8,16.9,28.7,843,556,"1,130",20.2,13.3,27.1,"64,664","60,502","68,826",.,.,.,.,.,.
48,221,TX,Hood County,"5,462","4,184","6,740",8.0,6.1,9.9,"1,593","1,015","2,171",11.7,7.5,15.9,"1,189",705,"1,673",11.6,6.9,16.3,"88,438","80,355","96,521",.,.,.,.,.,.
48,223,TX,Hopkins County,"5,103","4,053","6,153",13.4,10.7,16.1,"1,632","1,143","2,121",17.8,12.5,23.1,"1,171",778,"1,564",17.2,11.4,23.0,"71,078","65,043","77,113",.,.,.,.,.,.
48,225,TX,Houston County,"3,798","2,832","4,764",19.3,14.4,24.2,"1,199",794,"1,604",26.9,17.8,36.0,877,542,"1,212",26.8,16.6,37.0,"55,607","50,790","60,424",.,.,.,.,.,.
48,227,TX,Howard County,"4,375","3,376","5,374",15.4,11.9,18.9,"1,287",882,"1,692",18.6,12.7,24.5,925,603,"1,247",18.1,11.8,24.4,"65,932","60,855","71,009",.,.,.,.,.,.
48,229,TX,Hudspeth County,780,570,990,30.2,22.1,38.3,105,64,146,29.7,18.1,41.3,80,45,115,30.4,17.0,43.8,"48,355","43,847","52,863",.,.,.,.,.,.
48,231,TX,Hunt County,"12,753","10,242","15,264",11.1,8.9,13.3,"4,124","2,810","5,438",14.3,9.7,18.9,"2,998","1,948","4,048",14.2,9.2,19.2,"82,770","80,248","85,292",.,.,.,.,.,.
48,233,TX,Hutchinson County,"2,784","2,264","3,304",14.4,11.7,17.1,761,527,995,16.5,11.4,21.6,536,356,716,15.1,10.0,20.2,"60,073","53,855","66,291",.,.,.,.,.,.
48,235,TX,Irion County,136,103,169,8.9,6.7,11.1,38,26,50,11.1,7.6,14.6,27,17,37,10.7,6.8,14.6,"90,589","79,931","101,247",.,.,.,.,.,.
48,237,TX,Jack County,"1,158",874,"1,442",14.3,10.8,17.8,315,210,420,16.3,10.9,21.7,228,143,313,15.1,9.5,20.7,"67,398","59,304","75,492",.,.,.,.,.,.
48,239,TX,Jackson County,"2,124","1,651","2,597",14.3,11.1,17.5,765,543,987,20.3,14.4,26.2,582,404,760,21.5,14.9,28.1,"68,156","60,865","75,447",.,.,.,.,.,.
48,241,TX,Jasper County,"5,144","4,077","6,211",15.9,12.6,19.2,"1,730","1,230","2,230",23.2,16.5,29.9,"1,234",824,"1,644",22.2,14.8,29.6,"62,743","57,664","67,822",.,.,.,.,.,.
48,243,TX,Jeff Davis County,228,170,286,12.8,9.6,16.0,15,9,21,15.5,9.0,22.0,12,6,18,21.4,11.4,31.4,"67,735","59,773","75,697",.,.,.,.,.,.
48,245,TX,Jefferson County,"50,791","45,358","56,224",21.3,19.0,23.6,"16,049","12,955","19,143",26.2,21.1,31.3,"9,843","6,952","12,734",21.8,15.4,28.2,"59,997","55,052","64,942",.,.,.,.,.,.
48,247,TX,Jim Hogg County,"1,001",758,"1,244",22.1,16.7,27.5,418,281,555,33.3,22.4,44.2,308,194,422,31.4,19.8,43.0,"48,943","43,262","54,624",.,.,.,.,.,.
48,249,TX,Jim Wells County,"8,769","7,305","10,233",22.8,19.0,26.6,"3,427","2,582","4,272",33.1,24.9,41.3,"2,474","1,774","3,174",31.9,22.9,40.9,"55,920","50,296","61,544",.,.,.,.,.,.
48,251,TX,Johnson County,"16,340","13,242","19,438",7.9,6.4,9.4,"5,007","3,307","6,707",9.5,6.3,12.7,"3,513","2,133","4,893",8.9,5.4,12.4,"86,537","82,321","90,753",.,.,.,.,.,.
48,253,TX,Jones County,"3,384","2,664","4,104",22.7,17.9,27.5,742,537,947,22.0,15.9,28.1,536,366,706,20.7,14.1,27.3,"59,076","52,179","65,973",.,.,.,.,.,.
48,255,TX,Karnes County,"2,304","1,685","2,923",19.4,14.2,24.6,671,446,896,23.5,15.6,31.4,479,297,661,22.2,13.7,30.7,"68,534","60,353","76,715",.,.,.,.,.,.
48,257,TX,Kaufman County,"16,623","13,198","20,048",8.5,6.7,10.3,"6,874","4,872","8,876",12.2,8.6,15.8,"5,235","3,570","6,900",12.6,8.6,16.6,"90,670","84,728","96,612",.,.,.,.,.,.
48,259,TX,Kendall County,"3,314","2,482","4,146",6.5,4.9,8.1,929,618,"1,240",8.5,5.7,11.3,676,422,930,7.8,4.9,10.7,"121,401","109,384","133,418",.,.,.,.,.,.
48,261,TX,Kenedy County,51,38,64,15.5,11.6,19.4,8,5,11,15.1,10.1,20.1,5,3,7,12.8,7.6,18.0,"46,960","41,216","52,704",.,.,.,.,.,.
48,263,TX,Kent County,78,59,97,11.9,8.9,14.9,26,18,34,15.9,10.7,21.1,19,12,26,14.3,8.9,19.7,"64,002","56,213","71,791",.,.,.,.,.,.
48,265,TX,Kerr County,"5,832","4,445","7,219",11.2,8.5,13.9,"1,727","1,147","2,307",18.4,12.2,24.6,"1,243",767,"1,719",17.7,10.9,24.5,"69,674","62,442","76,906",.,.,.,.,.,.
48,267,TX,Kimble County,675,503,847,15.4,11.5,19.3,223,148,298,28.2,18.7,37.7,164,101,227,29.0,17.8,40.2,"58,887","51,975","65,799",.,.,.,.,.,.
48,269,TX,King County,29,22,36,13.5,10.3,16.7,8,5,11,14.0,9.4,18.6,6,4,8,15.0,9.6,20.4,"88,031","77,097","98,965",.,.,.,.,.,.
48,271,TX,Kinney County,568,426,710,20.7,15.5,25.9,125,83,167,22.8,15.2,30.4,91,56,126,23.2,14.3,32.1,"56,917","50,048","63,786",.,.,.,.,.,.
48,273,TX,Kleberg County,"6,185","4,847","7,523",21.4,16.8,26.0,"2,074","1,461","2,687",29.0,20.4,37.6,"1,511","1,026","1,996",29.4,19.9,38.9,"57,810","51,300","64,320",.,.,.,.,.,.
48,275,TX,Knox County,599,457,741,19.0,14.5,23.5,233,155,311,28.1,18.7,37.5,163,100,226,25.8,15.8,35.8,"52,113","45,980","58,246",.,.,.,.,.,.
48,277,TX,Lamar County,"8,654","7,145","10,163",17.2,14.2,20.2,"2,877","2,117","3,637",23.6,17.4,29.8,"2,006","1,417","2,595",22.4,15.8,29.0,"59,226","53,096","65,356",.,.,.,.,.,.
48,279,TX,Lamb County,"2,151","1,629","2,673",17.2,13.0,21.4,817,557,"1,077",24.3,16.6,32.0,580,375,785,22.9,14.8,31.0,"56,537","50,402","62,672",.,.,.,.,.,.
48,281,TX,Lampasas County,"2,592","2,015","3,169",11.1,8.6,13.6,780,534,"1,026",16.2,11.1,21.3,564,370,758,15.3,10.0,20.6,"77,271","72,046","82,496",.,.,.,.,.,.
48,283,TX,La Salle County,"1,412","1,062","1,762",27.3,20.5,34.1,360,245,475,30.0,20.4,39.6,270,174,366,30.7,19.8,41.6,"52,075","46,083","58,067",.,.,.,.,.,.
48,285,TX,Lavaca County,"2,498","1,967","3,029",12.4,9.8,15.0,683,471,895,14.7,10.1,19.3,488,313,663,14.2,9.1,19.3,"68,916","61,683","76,149",.,.,.,.,.,.
48,287,TX,Lee County,"1,996","1,502","2,490",11.0,8.3,13.7,569,387,751,15.4,10.5,20.3,406,259,553,15.4,9.8,21.0,"79,291","71,106","87,476",.,.,.,.,.,.
48,289,TX,Leon County,"2,359","1,844","2,874",14.2,11.1,17.3,756,513,999,19.9,13.5,26.3,557,354,760,19.6,12.4,26.8,"64,146","56,767","71,525",.,.,.,.,.,.
48,291,TX,Liberty County,"19,505","16,118","22,892",17.8,14.7,20.9,"9,378","7,259","11,497",27.0,20.9,33.1,"7,269","5,543","8,995",27.9,21.3,34.5,"66,378","59,227","73,529",.,.,.,.,.,.
48,293,TX,Limestone County,"3,187","2,407","3,967",14.8,11.2,18.4,"1,099",730,"1,468",22.2,14.7,29.7,785,481,"1,089",21.5,13.2,29.8,"59,502","54,489","64,515",.,.,.,.,.,.
48,295,TX,Lipscomb County,380,285,475,13.4,10.1,16.7,138,93,183,19.9,13.4,26.4,99,61,137,19.0,11.7,26.3,"79,554","70,277","88,831",.,.,.,.,.,.
48,297,TX,Live Oak County,"1,825","1,399","2,251",18.0,13.8,22.2,376,235,517,17.4,10.9,23.9,311,189,433,19.2,11.7,26.7,"66,331","59,167","73,495",.,.,.,.,.,.
48,299,TX,Llano County,"2,701","2,111","3,291",11.8,9.2,14.4,767,544,990,21.8,15.5,28.1,562,374,750,22.1,14.7,29.5,"75,529","67,111","83,947",.,.,.,.,.,.
48,301,TX,Loving County,3,2,4,6.3,4.7,7.9,1,1,1,6.7,3.4,10.0,1,1,1,7.7,4.5,10.9,"128,055","109,912","146,198",.,.,.,.,.,.
48,303,TX,Lubbock County,"49,570","44,192","54,948",15.7,14.0,17.4,"13,033","10,069","15,997",17.4,13.4,21.4,"8,335","5,966","10,704",15.3,11.0,19.6,"64,512","61,844","67,180",.,.,.,.,.,.
48,305,TX,Lynn County,818,612,"1,024",13.9,10.4,17.4,311,207,415,18.6,12.4,24.8,224,138,310,18.0,11.1,24.9,"70,687","64,186","77,188",.,.,.,.,.,.
48,307,TX,McCulloch County,"1,338","1,033","1,643",18.2,14.0,22.4,403,271,535,26.2,17.6,34.8,287,179,395,25.8,16.1,35.5,"52,639","46,506","58,772",.,.,.,.,.,.
48,309,TX,McLennan County,"42,221","36,716","47,726",16.2,14.1,18.3,"12,361","9,920","14,802",19.8,15.9,23.7,"8,471","6,466","10,476",18.4,14.0,22.8,"68,096","64,392","71,800",.,.,.,.,.,.
48,311,TX,McMullen County,61,45,77,10.9,8.0,13.8,17,11,23,14.0,9.0,19.0,13,8,18,16.3,10.1,22.5,"77,057","67,369","86,745",.,.,.,.,.,.
48,313,TX,Madison County,"1,840","1,355","2,325",15.8,11.6,20.0,643,422,864,21.2,13.9,28.5,495,309,681,22.7,14.2,31.2,"62,187","56,009","68,365",.,.,.,.,.,.
48,315,TX,Marion County,"1,991","1,517","2,465",21.0,16.0,26.0,555,380,730,33.0,22.6,43.4,408,261,555,31.9,20.4,43.4,"50,632","44,623","56,641",.,.,.,.,.,.
48,317,TX,Martin County,626,469,783,12.1,9.1,15.1,278,186,370,17.6,11.8,23.4,198,124,272,15.9,9.9,21.9,"88,154","77,571","98,737",.,.,.,.,.,.
48,319,TX,Mason County,447,333,561,11.2,8.3,14.1,140,93,187,18.7,12.4,25.0,105,65,145,18.4,11.4,25.4,"71,056","63,056","79,056",.,.,.,.,.,.
48,321,TX,Matagorda County,"5,319","3,913","6,725",14.8,10.9,18.7,"2,125","1,396","2,854",22.9,15.0,30.8,"1,494",911,"2,077",22.2,13.5,30.9,"65,319","60,247","70,391",.,.,.,.,.,.
48,323,TX,Maverick County,"12,700","10,420","14,980",21.8,17.9,25.7,"5,580","4,253","6,907",31.1,23.7,38.5,"4,396","3,344","5,448",33.7,25.7,41.7,"50,787","45,737","55,837",.,.,.,.,.,.
48,325,TX,Medina County,"5,951","4,423","7,479",11.2,8.3,14.1,"1,850","1,227","2,473",15.4,10.2,20.6,"1,352",839,"1,865",14.8,9.2,20.4,"96,423","91,660","101,186",.,.,.,.,.,.
48,327,TX,Menard County,375,281,469,20.0,15.0,25.0,109,73,145,32.7,21.8,43.6,81,50,112,31.0,19.1,42.9,"56,414","50,892","61,936",.,.,.,.,.,.
48,329,TX,Midland County,"20,415","17,074","23,756",11.2,9.4,13.0,"7,609","5,850","9,368",14.3,11.0,17.6,"5,029","3,509","6,549",13.2,9.2,17.2,"97,719","88,125","107,313",.,.,.,.,.,.
48,331,TX,Milam County,"3,542","2,698","4,386",13.8,10.5,17.1,"1,148",779,"1,517",19.9,13.5,26.3,862,559,"1,165",20.5,13.3,27.7,"72,798","67,887","77,709",.,.,.,.,.,.
48,333,TX,Mills County,595,436,754,13.6,10.0,17.2,194,130,258,23.4,15.7,31.1,137,85,189,21.7,13.5,29.9,"61,642","54,672","68,612",.,.,.,.,.,.
48,335,TX,Mitchell County,"1,493","1,128","1,858",22.1,16.7,27.5,424,302,546,24.4,17.4,31.4,322,223,421,23.9,16.5,31.3,"59,370","53,370","65,370",.,.,.,.,.,.
48,337,TX,Montague County,"2,904","2,311","3,497",13.4,10.7,16.1,749,501,997,15.6,10.4,20.8,550,353,747,15.1,9.7,20.5,"64,975","57,516","72,434",.,.,.,.,.,.
48,339,TX,Montgomery County,"67,480","58,958","76,002",9.1,8.0,10.2,"19,719","15,091","24,347",10.5,8.0,13.0,"13,208","9,664","16,752",9.3,6.8,11.8,"96,049","91,044","101,054",.,.,.,.,.,.
48,341,TX,Moore County,"2,974","2,423","3,525",13.7,11.2,16.2,"1,250",938,"1,562",18.3,13.7,22.9,923,673,"1,173",19.0,13.8,24.2,"66,411","61,602","71,220",.,.,.,.,.,.
48,343,TX,Morris County,"2,292","1,834","2,750",19.0,15.2,22.8,862,650,"1,074",30.6,23.1,38.1,601,423,779,28.5,20.0,37.0,"54,697","48,658","60,736",.,.,.,.,.,.
48,345,TX,Motley County,196,152,240,19.4,15.0,23.8,66,44,88,34.0,22.9,45.1,50,32,68,36.5,23.2,49.8,"52,542","46,633","58,451",.,.,.,.,.,.
48,347,TX,Nacogdoches County,"13,359","11,491","15,227",21.9,18.8,25.0,"4,521","3,717","5,325",30.4,25.0,35.8,"2,720","2,002","3,438",24.8,18.3,31.3,"55,767","50,969","60,565",.,.,.,.,.,.
48,349,TX,Navarro County,"8,018","6,283","9,753",14.5,11.4,17.6,"2,867","1,882","3,852",19.5,12.8,26.2,"2,110","1,309","2,911",19.2,11.9,26.5,"66,263","61,227","71,299",.,.,.,.,.,.
48,351,TX,Newton County,"2,076","1,557","2,595",17.5,13.1,21.9,580,385,775,25.2,16.7,33.7,431,269,593,24.8,15.4,34.2,"55,560","49,199","61,921",.,.,.,.,.,.
48,353,TX,Nolan County,"2,733","2,209","3,257",19.7,15.9,23.5,916,671,"1,161",26.7,19.6,33.8,677,482,872,26.1,18.6,33.6,"57,566","51,368","63,764",.,.,.,.,.,.
48,355,TX,Nueces County,"52,973","46,516","59,430",15.3,13.4,17.2,"17,162","13,590","20,734",21.3,16.9,25.7,"11,794","8,908","14,680",19.7,14.9,24.5,"66,726","63,743","69,709",.,.,.,.,.,.
48,357,TX,Ochiltree County,"1,098",830,"1,366",11.4,8.6,14.2,444,300,588,15.9,10.8,21.0,313,198,428,15.3,9.7,20.9,"77,359","68,915","85,803",.,.,.,.,.,.
48,359,TX,Oldham County,209,159,259,12.7,9.7,15.7,58,38,78,25.6,16.9,34.3,36,23,49,24.5,15.4,33.6,"77,346","68,242","86,450",.,.,.,.,.,.
48,361,TX,Orange County,"11,815","9,442","14,188",13.8,11.0,16.6,"3,872","2,655","5,089",18.1,12.4,23.8,"2,571","1,596","3,546",16.0,9.9,22.1,"72,841","67,484","78,198",.,.,.,.,.,.
48,363,TX,Palo Pinto County,"4,787","3,881","5,693",16.0,13.0,19.0,"1,532","1,107","1,957",22.6,16.3,28.9,"1,137",788,"1,486",22.7,15.7,29.7,"63,004","56,674","69,334",.,.,.,.,.,.
48,365,TX,Panola County,"3,009","2,291","3,727",13.3,10.1,16.5,977,676,"1,278",18.6,12.9,24.3,646,386,906,16.5,9.9,23.1,"68,559","62,938","74,180",.,.,.,.,.,.
48,367,TX,Parker County,"14,183","11,836","16,530",8.0,6.7,9.3,"3,708","2,653","4,763",8.6,6.1,11.1,"2,648","1,816","3,480",8.1,5.5,10.7,"101,485","94,126","108,844",.,.,.,.,.,.
48,369,TX,Parmer County,"1,209",895,"1,523",12.7,9.4,16.0,469,307,631,17.8,11.6,24.0,336,202,470,17.6,10.6,24.6,"68,598","61,123","76,073",.,.,.,.,.,.
48,371,TX,Pecos County,"2,211","1,641","2,781",17.3,12.8,21.8,782,520,"1,044",22.2,14.8,29.6,554,340,768,21.0,12.9,29.1,"64,808","58,476","71,140",.,.,.,.,.,.
48,373,TX,Polk County,"7,284","5,784","8,784",14.5,11.5,17.5,"2,369","1,632","3,106",21.9,15.1,28.7,"1,724","1,125","2,323",21.1,13.8,28.4,"65,522","58,963","72,081",.,.,.,.,.,.
48,375,TX,Potter County,"24,268","21,702","26,834",22.5,20.1,24.9,"9,620","8,151","11,089",32.3,27.4,37.2,"6,767","5,508","8,026",30.8,25.1,36.5,"53,656","49,352","57,960",.,.,.,.,.,.
48,377,TX,Presidio County,"1,112",832,"1,392",19.8,14.8,24.8,454,300,608,30.6,20.2,41.0,339,209,469,31.1,19.2,43.0,"49,703","43,580","55,826",.,.,.,.,.,.
48,379,TX,Rains County,"1,485","1,069","1,901",11.2,8.1,14.3,489,315,663,18.9,12.2,25.6,353,208,498,17.8,10.5,25.1,"66,146","59,306","72,986",.,.,.,.,.,.
48,381,TX,Randall County,"15,370","13,165","17,575",10.4,8.9,11.9,"4,200","3,227","5,173",12.1,9.3,14.9,"3,108","2,346","3,870",12.0,9.1,14.9,"83,677","79,014","88,340",.,.,.,.,.,.
48,383,TX,Reagan County,313,235,391,10.1,7.6,12.6,109,73,145,12.5,8.4,16.6,82,51,113,12.5,7.8,17.2,"72,105","63,191","81,019",.,.,.,.,.,.
48,385,TX,Real County,405,302,508,15.1,11.3,18.9,121,79,163,28.7,18.7,38.7,93,56,130,32.0,19.3,44.7,"57,066","50,354","63,778",.,.,.,.,.,.
48,387,TX,Red River County,"1,731","1,279","2,183",15.0,11.1,18.9,582,382,782,24.5,16.1,32.9,400,237,563,22.8,13.5,32.1,"52,978","47,195","58,761",.,.,.,.,.,.
48,389,TX,Reeves County,"1,933","1,468","2,398",16.8,12.8,20.8,681,461,901,21.1,14.3,27.9,471,285,657,19.9,12.0,27.8,"63,822","56,487","71,157",.,.,.,.,.,.
48,391,TX,Refugio County,"1,010",757,"1,263",15.2,11.4,19.0,352,235,469,23.4,15.6,31.2,259,161,357,22.9,14.2,31.6,"68,639","64,014","73,264",.,.,.,.,.,.
48,393,TX,Roberts County,72,54,90,8.6,6.4,10.8,18,12,24,10.3,6.8,13.8,14,9,19,9.5,6.0,13.0,"87,615","77,182","98,048",.,.,.,.,.,.
48,395,TX,Robertson County,"2,744","2,123","3,365",15.7,12.1,19.3,916,609,"1,223",21.8,14.5,29.1,683,435,931,22.2,14.1,30.3,"61,886","55,910","67,862",.,.,.,.,.,.
48,397,TX,Rockwall County,"7,514","5,912","9,116",5.5,4.3,6.7,"2,434","1,694","3,174",6.9,4.8,9.0,"1,831","1,222","2,440",6.7,4.5,8.9,"120,317","112,210","128,424",.,.,.,.,.,.
48,399,TX,Runnels County,"1,697","1,351","2,043",17.8,14.2,21.4,642,493,791,28.8,22.1,35.5,558,446,670,33.4,26.7,40.1,"57,607","51,396","63,818",.,.,.,.,.,.
48,401,TX,Rusk County,"6,865","5,296","8,434",14.1,10.9,17.3,"2,089","1,397","2,781",17.8,11.9,23.7,"1,513",951,"2,075",16.9,10.6,23.2,"67,655","62,510","72,800",.,.,.,.,.,.
48,403,TX,Sabine County,"1,580","1,183","1,977",15.9,11.9,19.9,489,325,653,27.5,18.3,36.7,361,223,499,28.4,17.6,39.2,"55,457","49,050","61,864",.,.,.,.,.,.
48,405,TX,San Augustine County,"1,539","1,176","1,902",20.4,15.6,25.2,476,327,625,31.6,21.7,41.5,352,228,476,30.9,20.0,41.8,"50,976","45,029","56,923",.,.,.,.,.,.
48,407,TX,San Jacinto County,"4,893","3,975","5,811",16.8,13.6,20.0,"1,521","1,118","1,924",25.0,18.4,31.6,"1,110",787,"1,433",24.8,17.6,32.0,"62,182","55,319","69,045",.,.,.,.,.,.
48,409,TX,San Patricio County,"10,153","7,838","12,468",14.3,11.0,17.6,"3,628","2,472","4,784",20.3,13.8,26.8,"2,716","1,773","3,659",20.3,13.3,27.3,"69,930","64,292","75,568",.,.,.,.,.,.
48,411,TX,San Saba County,773,570,976,15.0,11.1,18.9,249,165,333,23.5,15.5,31.5,187,117,257,23.3,14.6,32.0,"58,628","51,648","65,608",.,.,.,.,.,.
48,413,TX,Schleicher County,348,261,435,15.4,11.6,19.2,117,78,156,24.0,16.0,32.0,85,53,117,22.5,13.9,31.1,"68,029","60,546","75,512",.,.,.,.,.,.
48,415,TX,Scurry County,"2,297","1,758","2,836",15.1,11.6,18.6,852,579,"1,125",20.8,14.1,27.5,603,381,825,19.6,12.4,26.8,"68,306","60,676","75,936",.,.,.,.,.,.
48,417,TX,Shackelford County,378,288,468,12.1,9.2,15.0,96,65,127,15.3,10.4,20.2,71,46,96,15.1,9.7,20.5,"72,833","64,553","81,113",.,.,.,.,.,.
48,419,TX,Shelby County,"3,872","2,953","4,791",16.2,12.4,20.0,"1,420",945,"1,895",23.1,15.4,30.8,"1,045",650,"1,440",23.1,14.4,31.8,"58,737","52,491","64,983",.,.,.,.,.,.
48,421,TX,Sherman County,330,249,411,12.1,9.1,15.1,124,85,163,17.2,11.7,22.7,89,57,121,17.3,11.0,23.6,"70,998","62,179","79,817",.,.,.,.,.,.
48,423,TX,Smith County,"29,486","24,597","34,375",12.1,10.1,14.1,"10,256","7,867","12,645",17.5,13.4,21.6,"7,754","5,920","9,588",17.9,13.7,22.1,"75,620","72,140","79,100",.,.,.,.,.,.
48,425,TX,Somervell County,967,777,"1,157",9.7,7.8,11.6,251,176,326,11.9,8.3,15.5,194,131,257,12.1,8.2,16.0,"82,779","73,113","92,445",.,.,.,.,.,.
48,427,TX,Starr County,"23,381","20,793","25,969",35.4,31.5,39.3,"9,272","7,540","11,004",44.1,35.9,52.3,"6,971","5,703","8,239",44.7,36.6,52.8,"37,375","33,275","41,475",.,.,.,.,.,.
48,429,TX,Stephens County,"1,513","1,155","1,871",17.7,13.5,21.9,469,320,618,25.0,17.1,32.9,333,209,457,23.7,14.9,32.5,"57,983","51,569","64,397",.,.,.,.,.,.
48,431,TX,Sterling County,146,109,183,10.8,8.1,13.5,53,35,71,13.0,8.7,17.3,39,24,54,12.8,8.0,17.6,"87,739","77,058","98,420",.,.,.,.,.,.
48,433,TX,Stonewall County,194,148,240,16.5,12.6,20.4,60,41,79,23.2,15.9,30.5,44,28,60,22.3,14.2,30.4,"61,799","54,728","68,870",.,.,.,.,.,.
48,435,TX,Sutton County,402,299,505,12.3,9.2,15.4,132,88,176,17.1,11.4,22.8,95,59,131,15.9,9.9,21.9,"72,161","63,570","80,752",.,.,.,.,.,.
48,437,TX,Swisher County,"1,447","1,176","1,718",23.2,18.9,27.5,503,364,642,31.3,22.7,39.9,379,268,490,29.9,21.2,38.6,"60,199","52,946","67,452",.,.,.,.,.,.
48,439,TX,Tarrant County,"252,680","236,846","268,514",11.5,10.8,12.2,"81,643","72,770","90,516",15.0,13.4,16.6,"60,268","53,412","67,124",14.9,13.2,16.6,"85,208","83,215","87,201",.,.,.,.,.,.
48,441,TX,Taylor County,"21,200","18,037","24,363",14.8,12.6,17.0,"6,656","5,100","8,212",18.9,14.5,23.3,"4,713","3,468","5,958",18.2,13.4,23.0,"64,490","58,731","70,249",.,.,.,.,.,.
48,443,TX,Terrell County,134,99,169,18.7,13.9,23.5,35,23,47,25.7,17.1,34.3,25,16,34,23.1,14.5,31.7,"52,891","46,604","59,178",.,.,.,.,.,.
48,445,TX,Terry County,"2,172","1,657","2,687",19.8,15.1,24.5,946,646,"1,246",28.7,19.6,37.8,692,453,931,28.8,18.8,38.8,"52,129","47,272","56,986",.,.,.,.,.,.
48,447,TX,Throckmorton County,215,165,265,14.1,10.8,17.4,80,54,106,21.4,14.4,28.4,58,37,79,21.0,13.4,28.6,"56,961","50,272","63,650",.,.,.,.,.,.
48,449,TX,Titus County,"4,666","3,758","5,574",15.0,12.1,17.9,"1,791","1,308","2,274",21.1,15.4,26.8,"1,233",836,"1,630",19.5,13.2,25.8,"61,204","56,443","65,965",.,.,.,.,.,.
48,451,TX,Tom Green County,"13,448","10,486","16,410",11.5,9.0,14.0,"4,163","2,759","5,567",15.2,10.1,20.3,"2,956","1,787","4,125",14.6,8.8,20.4,"69,148","64,875","73,421",.,.,.,.,.,.
48,453,TX,Travis County,"141,303","127,867","154,739",10.5,9.5,11.5,"34,559","28,548","40,570",13.1,10.8,15.4,"24,350","19,857","28,843",13.0,10.6,15.4,"97,487","93,850","101,124",.,.,.,.,.,.
48,455,TX,Trinity County,"2,414","1,869","2,959",16.8,13.0,20.6,672,451,893,24.6,16.5,32.7,480,295,665,23.3,14.3,32.3,"53,638","47,384","59,892",.,.,.,.,.,.
48,457,TX,Tyler County,"2,964","2,233","3,695",16.3,12.3,20.3,803,528,"1,078",21.0,13.8,28.2,595,367,823,20.6,12.7,28.5,"60,052","54,495","65,609",.,.,.,.,.,.
48,459,TX,Upshur County,"5,958","4,625","7,291",13.7,10.6,16.8,"1,971","1,388","2,554",19.3,13.6,25.0,"1,371",862,"1,880",18.1,11.4,24.8,"69,431","64,278","74,584",.,.,.,.,.,.
48,461,TX,Upton County,410,304,516,13.4,9.9,16.9,144,95,193,17.6,11.6,23.6,104,63,145,16.6,10.1,23.1,"75,021","66,036","84,006",.,.,.,.,.,.
48,463,TX,Uvalde County,"4,726","3,621","5,831",19.5,14.9,24.1,"1,903","1,281","2,525",28.8,19.4,38.2,"1,356",842,"1,870",29.0,18.0,40.0,"53,955","49,588","58,322",.,.,.,.,.,.
48,465,TX,Val Verde County,"8,301","6,625","9,977",18.1,14.4,21.8,"2,800","1,816","3,784",21.5,13.9,29.1,"2,059","1,244","2,874",22.0,13.3,30.7,"61,751","56,837","66,665",.,.,.,.,.,.
48,467,TX,Van Zandt County,"8,416","6,731","10,101",13.0,10.4,15.6,"2,538","1,824","3,252",17.4,12.5,22.3,"1,848","1,282","2,414",16.7,11.6,21.8,"67,538","60,405","74,671",.,.,.,.,.,.
48,469,TX,Victoria County,"12,940","10,518","15,362",14.3,11.6,17.0,"4,435","3,145","5,725",19.8,14.1,25.5,"3,382","2,354","4,410",20.6,14.4,26.8,"67,704","62,545","72,863",.,.,.,.,.,.
48,471,TX,Walker County,"14,596","12,116","17,076",23.3,19.3,27.3,"2,545","1,772","3,318",21.3,14.8,27.8,"1,861","1,244","2,478",21.6,14.5,28.7,"58,095","53,886","62,304",.,.,.,.,.,.
48,473,TX,Waller County,"7,999","6,624","9,374",13.6,11.3,15.9,"2,492","1,908","3,076",16.3,12.5,20.1,"1,817","1,323","2,311",16.0,11.7,20.3,"83,520","76,330","90,710",.,.,.,.,.,.
48,475,TX,Ward County,"1,478","1,132","1,824",13.6,10.4,16.8,576,403,749,18.1,12.7,23.5,425,285,565,18.5,12.4,24.6,"72,414","63,871","80,957",.,.,.,.,.,.
48,477,TX,Washington County,"4,393","3,341","5,445",12.4,9.4,15.4,"1,393",934,"1,852",18.3,12.3,24.3,"1,028",645,"1,411",17.8,11.2,24.4,"73,738","67,621","79,855",.,.,.,.,.,.
48,479,TX,Webb County,"55,356","48,046","62,666",20.6,17.9,23.3,"24,556","19,941","29,171",29.9,24.3,35.5,"17,043","13,456","20,630",28.0,22.1,33.9,"58,736","54,876","62,596",.,.,.,.,.,.
48,481,TX,Wharton County,"6,055","4,656","7,454",14.6,11.2,18.0,"2,127","1,452","2,802",20.5,14.0,27.0,"1,445",884,"2,006",18.9,11.6,26.2,"61,887","55,464","68,310",.,.,.,.,.,.
48,483,TX,Wheeler County,641,488,794,13.5,10.3,16.7,208,135,281,17.9,11.6,24.2,149,89,209,16.1,9.7,22.5,"58,692","52,284","65,100",.,.,.,.,.,.
48,485,TX,Wichita County,"17,033","13,868","20,198",14.4,11.7,17.1,"5,225","3,638","6,812",18.1,12.6,23.6,"3,041","1,784","4,298",14.4,8.5,20.3,"65,480","62,433","68,527",.,.,.,.,.,.
48,487,TX,Wilbarger County,"1,803","1,358","2,248",14.9,11.2,18.6,519,353,685,20.6,14.0,27.2,357,222,492,20.3,12.6,28.0,"56,755","50,533","62,977",.,.,.,.,.,.
48,489,TX,Willacy County,"4,176","3,004","5,348",24.2,17.4,31.0,"1,496",966,"2,026",32.8,21.2,44.4,"1,119",675,"1,563",32.2,19.4,45.0,"46,616","41,754","51,478",.,.,.,.,.,.
48,491,TX,Williamson County,"39,166","33,336","44,996",5.4,4.6,6.2,"9,835","7,420","12,250",5.9,4.5,7.3,"6,277","4,330","8,224",5.0,3.4,6.6,"113,487","108,603","118,371",.,.,.,.,.,.
48,493,TX,Wilson County,"5,108","4,063","6,153",9.3,7.4,11.2,"1,336",906,"1,766",10.6,7.2,14.0,977,625,"1,329",10.0,6.4,13.6,"97,327","90,862","103,792",.,.,.,.,.,.
48,495,TX,Winkler County,"1,041",800,"1,282",14.3,11.0,17.6,376,261,491,18.4,12.8,24.0,269,172,366,17.9,11.4,24.4,"73,437","64,701","82,173",.,.,.,.,.,.
48,497,TX,Wise County,"6,469","4,888","8,050",8.1,6.1,10.1,"2,078","1,382","2,774",10.7,7.1,14.3,"1,477",914,"2,040",10.1,6.3,13.9,"96,255","90,877","101,633",.,.,.,.,.,.
48,499,TX,Wood County,"6,489","5,261","7,717",13.7,11.1,16.3,"1,658","1,106","2,210",19.0,12.7,25.3,"1,206",757,"1,655",18.3,11.5,25.1,"63,102","57,086","69,118",.,.,.,.,.,.
48,501,TX,Yoakum County,947,721,"1,173",12.6,9.6,15.6,425,293,557,17.0,11.8,22.2,312,204,420,17.1,11.2,23.0,"75,871","69,004","82,738",.,.,.,.,.,.
48,503,TX,Young County,"2,466","1,899","3,033",13.7,10.6,16.8,781,536,"1,026",18.4,12.6,24.2,539,335,743,17.1,10.6,23.6,"66,213","58,788","73,638",.,.,.,.,.,.
48,505,TX,Zapata County,"4,224","3,459","4,989",30.9,25.3,36.5,"1,852","1,334","2,370",44.4,32.0,56.8,"1,461","1,048","1,874",44.1,31.6,56.6,"43,517","38,367","48,667",.,.,.,.,.,.
48,507,TX,Zavala County,"2,347","1,748","2,946",25.7,19.2,32.2,951,631,"1,271",36.1,23.9,48.3,697,430,964,36.1,22.3,49.9,"41,554","36,623","46,485",.,.,.,.,.,.
49,000,UT,Utah,"288,630","277,197","300,063",8.4,8.1,8.7,"78,359","70,920","85,798",8.6,7.8,9.4,"53,525","46,846","60,204",7.8,6.8,8.8,"96,398","95,252","97,544","22,045","19,112","24,978",9.9,8.6,11.2
49,001,UT,Beaver County,663,487,839,9.5,7.0,12.0,283,185,381,13.5,8.8,18.2,199,119,279,12.8,7.6,18.0,"74,812","69,616","80,008",.,.,.,.,.,.
49,003,UT,Box Elder County,"4,314","3,266","5,362",6.8,5.1,8.5,"1,410",924,"1,896",7.7,5.1,10.3,911,524,"1,298",6.5,3.7,9.3,"96,063","90,644","101,482",.,.,.,.,.,.
49,005,UT,Cache County,"13,646","11,536","15,756",9.7,8.2,11.2,"2,958","2,052","3,864",7.4,5.1,9.7,"2,068","1,331","2,805",6.9,4.5,9.3,"81,598","77,580","85,616",.,.,.,.,.,.
49,007,UT,Carbon County,"2,739","2,151","3,327",13.5,10.6,16.4,838,583,"1,093",16.9,11.7,22.1,600,397,803,15.8,10.4,21.2,"66,816","59,865","73,767",.,.,.,.,.,.
49,009,UT,Daggett County,77,58,96,8.1,6.1,10.1,23,15,31,11.6,7.5,15.7,17,10,24,10.5,6.2,14.8,"70,208","61,897","78,519",.,.,.,.,.,.
49,011,UT,Davis County,"23,934","20,405","27,463",6.4,5.5,7.3,"7,632","6,039","9,225",7.2,5.7,8.7,"4,628","3,331","5,925",5.6,4.0,7.2,"106,675","102,586","110,764",.,.,.,.,.,.
49,013,UT,Duchesne County,"1,926","1,431","2,421",9.4,7.0,11.8,709,440,978,11.2,7.0,15.4,514,289,739,10.6,6.0,15.2,"78,877","71,175","86,579",.,.,.,.,.,.
49,015,UT,Emery County,"1,187",941,"1,433",11.8,9.4,14.2,383,280,486,14.2,10.4,18.0,275,193,357,13.4,9.4,17.4,"74,314","66,374","82,254",.,.,.,.,.,.
49,017,UT,Garfield County,506,373,639,9.8,7.2,12.4,149,97,201,13.9,9.0,18.8,105,62,148,12.9,7.7,18.1,"72,381","64,168","80,594",.,.,.,.,.,.
49,019,UT,Grand County,"1,000",750,"1,250",10.3,7.7,12.9,289,189,389,15.0,9.8,20.2,198,118,278,13.8,8.2,19.4,"73,626","65,262","81,990",.,.,.,.,.,.
49,021,UT,Iron County,"8,122","6,678","9,566",12.6,10.4,14.8,"2,298","1,593","3,003",13.8,9.6,18.0,"1,580","1,008","2,152",12.6,8.0,17.2,"73,868","67,212","80,524",.,.,.,.,.,.
49,023,UT,Juab County,"1,010",746,"1,274",7.7,5.7,9.7,413,268,558,9.7,6.3,13.1,298,177,419,9.4,5.6,13.2,"96,740","88,447","105,033",.,.,.,.,.,.
49,025,UT,Kane County,727,547,907,8.8,6.6,11.0,220,143,297,11.9,7.7,16.1,161,96,226,11.5,6.9,16.1,"73,412","66,228","80,596",.,.,.,.,.,.
49,027,UT,Millard County,"1,384","1,043","1,725",10.3,7.8,12.8,520,345,695,13.2,8.8,17.6,360,219,501,11.8,7.2,16.4,"78,297","71,208","85,386",.,.,.,.,.,.
49,029,UT,Morgan County,551,404,698,4.2,3.1,5.3,165,107,223,4.1,2.7,5.5,118,70,166,3.5,2.1,4.9,"126,482","112,669","140,295",.,.,.,.,.,.
49,031,UT,Piute County,209,155,263,13.7,10.2,17.2,59,38,80,20.0,12.9,27.1,42,25,59,19.0,11.2,26.8,"62,338","54,881","69,795",.,.,.,.,.,.
49,033,UT,Rich County,232,171,293,8.5,6.3,10.7,91,59,123,12.6,8.2,17.0,66,39,93,11.8,7.0,16.6,"72,337","69,344","75,330",.,.,.,.,.,.
49,035,UT,Salt Lake County,"95,048","86,359","103,737",7.9,7.2,8.6,"24,101","19,125","29,077",8.4,6.7,10.1,"16,460","12,417","20,503",7.7,5.8,9.6,"99,008","96,545","101,471",.,.,.,.,.,.
49,037,UT,San Juan County,"2,786","2,149","3,423",19.5,15.0,24.0,997,665,"1,329",24.7,16.5,32.9,722,464,980,23.1,14.8,31.4,"63,019","56,975","69,063",.,.,.,.,.,.
49,039,UT,Sanpete County,"3,387","2,580","4,194",12.2,9.3,15.1,860,583,"1,137",12.6,8.5,16.7,569,332,806,11.6,6.8,16.4,"71,940","66,569","77,311",.,.,.,.,.,.
49,041,UT,Sevier County,"2,214","1,712","2,716",10.0,7.7,12.3,694,468,920,12.1,8.1,16.1,506,329,683,11.6,7.5,15.7,"74,469","69,138","79,800",.,.,.,.,.,.
49,043,UT,Summit County,"2,162","1,625","2,699",5.0,3.7,6.3,427,272,582,4.7,3.0,6.4,293,168,418,4.2,2.4,6.0,"132,012","121,470","142,554",.,.,.,.,.,.
49,045,UT,Tooele County,"5,204","4,074","6,334",6.2,4.8,7.6,"1,715","1,179","2,251",7.0,4.8,9.2,"1,196",759,"1,633",6.3,4.0,8.6,"111,901","108,515","115,287",.,.,.,.,.,.
49,047,UT,Uintah County,"4,749","3,965","5,533",12.5,10.4,14.6,"1,481","1,064","1,898",13.3,9.5,17.1,958,611,"1,305",11.3,7.2,15.4,"79,128","71,026","87,230",.,.,.,.,.,.
49,049,UT,Utah County,"65,480","59,546","71,414",9.0,8.2,9.8,"15,863","12,792","18,934",7.1,5.7,8.5,"10,686","8,289","13,083",6.5,5.0,8.0,"100,611","97,928","103,294",.,.,.,.,.,.
49,051,UT,Wasatch County,"1,789","1,348","2,230",4.8,3.6,6.0,586,383,789,5.8,3.8,7.8,417,253,581,5.1,3.1,7.1,"129,019","117,456","140,582",.,.,.,.,.,.
49,053,UT,Washington County,"19,006","15,713","22,299",9.3,7.7,10.9,"5,462","3,929","6,995",11.3,8.1,14.5,"3,719","2,510","4,928",10.2,6.9,13.5,"86,715","82,238","91,192",.,.,.,.,.,.
49,055,UT,Wayne County,268,199,337,10.3,7.6,13.0,84,55,113,14.5,9.4,19.6,59,35,83,13.9,8.2,19.6,"70,968","63,359","78,577",.,.,.,.,.,.
49,057,UT,Weber County,"24,312","20,439","28,185",8.9,7.5,10.3,"7,646","5,926","9,366",11.0,8.5,13.5,"5,800","4,548","7,052",11.2,8.8,13.6,"88,111","83,161","93,061",.,.,.,.,.,.
50,000,VT,Vermont,"57,876","54,153","61,599",9.3,8.7,9.9,"10,679","9,319","12,039",9.7,8.5,10.9,"7,539","6,286","8,792",9.0,7.5,10.5,"82,836","81,125","84,547","2,717","2,238","3,196",10.6,8.7,12.5
50,001,VT,Addison County,"2,811","2,101","3,521",8.0,6.0,10.0,456,268,644,7.8,4.6,11.0,325,174,476,7.3,3.9,10.7,"88,588","83,041","94,135",.,.,.,.,.,.
50,003,VT,Bennington County,"3,529","2,611","4,447",9.9,7.3,12.5,738,429,"1,047",11.6,6.7,16.5,519,270,768,10.4,5.4,15.4,"71,854","64,496","79,212",.,.,.,.,.,.
50,005,VT,Caledonia County,"3,290","2,539","4,041",11.0,8.5,13.5,595,338,852,11.3,6.4,16.2,426,217,635,10.6,5.4,15.8,"68,356","62,013","74,699",.,.,.,.,.,.
50,007,VT,Chittenden County,"14,307","12,046","16,568",8.9,7.5,10.3,"1,810","1,181","2,439",6.5,4.2,8.8,"1,300",796,"1,804",6.2,3.8,8.6,"91,413","84,651","98,175",.,.,.,.,.,.
50,009,VT,Essex County,830,616,"1,044",13.8,10.2,17.4,170,103,237,17.3,10.5,24.1,123,67,179,15.8,8.6,23.0,"56,992","50,410","63,574",.,.,.,.,.,.
50,011,VT,Franklin County,"4,431","3,467","5,395",8.8,6.9,10.7,"1,040",718,"1,362",9.9,6.8,13.0,696,437,955,8.9,5.6,12.2,"83,266","78,121","88,411",.,.,.,.,.,.
50,013,VT,Grand Isle County,600,445,755,8.0,5.9,10.1,130,78,182,10.5,6.3,14.7,95,52,138,10.2,5.6,14.8,"98,799","92,091","105,507",.,.,.,.,.,.
50,015,VT,Lamoille County,"2,297","1,684","2,910",8.9,6.5,11.3,499,301,697,10.1,6.1,14.1,359,200,518,9.5,5.3,13.7,"87,863","84,259","91,467",.,.,.,.,.,.
50,017,VT,Orange County,"2,889","2,214","3,564",9.8,7.5,12.1,567,346,788,11.1,6.8,15.4,413,231,595,10.6,5.9,15.3,"80,532","75,448","85,616",.,.,.,.,.,.
50,019,VT,Orleans County,"3,209","2,491","3,927",11.9,9.2,14.6,746,455,"1,037",14.4,8.8,20.0,537,306,768,13.9,7.9,19.9,"66,367","62,121","70,613",.,.,.,.,.,.
50,021,VT,Rutland County,"5,862","4,540","7,184",10.0,7.7,12.3,"1,205",729,"1,681",12.1,7.3,16.9,834,451,"1,217",11.0,5.9,16.1,"69,554","64,424","74,684",.,.,.,.,.,.
50,023,VT,Washington County,"3,537","2,449","4,625",6.1,4.2,8.0,748,415,"1,081",7.4,4.1,10.7,538,265,811,6.8,3.3,10.3,"86,050","79,887","92,213",.,.,.,.,.,.
50,025,VT,Windham County,"5,032","3,910","6,154",11.4,8.9,13.9,968,610,"1,326",13.3,8.4,18.2,689,404,974,12.1,7.1,17.1,"69,080","62,612","75,548",.,.,.,.,.,.
50,027,VT,Windsor County,"5,251","4,079","6,423",9.2,7.1,11.3,"1,007",680,"1,334",10.5,7.1,13.9,685,414,956,9.2,5.6,12.8,"76,970","71,254","82,686",.,.,.,.,.,.
51,000,VA,Virginia,"839,669","818,630","860,708",9.8,9.6,10.0,"218,486","206,646","230,326",11.8,11.2,12.4,"154,451","143,833","165,069",11.2,10.4,12.0,"92,116","91,298","92,934","58,231","53,458","63,004",12.4,11.4,13.4
51,001,VA,Accomack County,"4,335","3,230","5,440",13.1,9.8,16.4,"1,451",914,"1,988",22.3,14.1,30.5,"1,059",614,"1,504",21.6,12.5,30.7,"60,675","56,539","64,811",.,.,.,.,.,.
51,003,VA,Albemarle County,"9,142","7,672","10,612",8.3,7.0,9.6,"1,576","1,086","2,066",7.1,4.9,9.3,"1,072",668,"1,476",6.4,4.0,8.8,"103,657","97,218","110,096",.,.,.,.,.,.
51,005,VA,Alleghany County,"1,646","1,234","2,058",11.5,8.6,14.4,372,234,510,15.5,9.8,21.2,264,151,377,13.7,7.8,19.6,"58,593","53,016","64,170",.,.,.,.,.,.
51,007,VA,Amelia County,"1,305",989,"1,621",9.6,7.3,11.9,334,217,451,12.0,7.8,16.2,246,148,344,12.2,7.3,17.1,"80,689","72,946","88,432",.,.,.,.,.,.
51,009,VA,Amherst County,"3,883","3,130","4,636",12.5,10.1,14.9,848,561,"1,135",13.8,9.1,18.5,564,334,794,12.5,7.4,17.6,"66,607","59,851","73,363",.,.,.,.,.,.
51,011,VA,Appomattox County,"2,054","1,616","2,492",12.2,9.6,14.8,583,421,745,16.0,11.6,20.4,458,328,588,17.0,12.2,21.8,"68,426","60,854","75,998",.,.,.,.,.,.
51,013,VA,Arlington County,"19,024","16,158","21,890",8.0,6.8,9.2,"3,326","2,245","4,407",7.9,5.3,10.5,"2,214","1,372","3,056",7.1,4.4,9.8,"133,394","127,923","138,865",.,.,.,.,.,.
51,015,VA,Augusta County,"5,496","4,354","6,638",7.3,5.8,8.8,"1,140",715,"1,565",8.4,5.3,11.5,786,436,"1,136",7.3,4.0,10.6,"80,543","73,333","87,753",.,.,.,.,.,.
51,017,VA,Bath County,451,350,552,11.3,8.8,13.8,95,64,126,14.1,9.5,18.7,66,39,93,14.5,8.7,20.3,"63,429","55,847","71,011",.,.,.,.,.,.
51,019,VA,Bedford County,"7,252","5,776","8,728",8.9,7.1,10.7,"1,580","1,107","2,053",10.2,7.2,13.2,"1,130",759,"1,501",9.5,6.4,12.6,"77,289","71,455","83,123",.,.,.,.,.,.
51,021,VA,Bland County,801,609,993,14.6,11.1,18.1,114,77,151,13.4,9.0,17.8,82,52,112,12.7,8.1,17.3,"61,952","54,743","69,161",.,.,.,.,.,.
51,023,VA,Botetourt County,"1,761","1,252","2,270",5.2,3.7,6.7,421,274,568,6.9,4.5,9.3,307,184,430,6.5,3.9,9.1,"92,407","83,707","101,107",.,.,.,.,.,.
51,025,VA,Brunswick County,"2,762","2,080","3,444",20.2,15.2,25.2,577,377,777,23.8,15.5,32.1,416,241,591,23.1,13.4,32.8,"53,438","47,409","59,467",.,.,.,.,.,.
51,027,VA,Buchanan County,"4,079","3,200","4,958",23.5,18.4,28.6,791,547,"1,035",26.7,18.5,34.9,581,385,777,26.7,17.7,35.7,"47,088","41,627","52,549",.,.,.,.,.,.
51,029,VA,Buckingham County,"2,757","2,083","3,431",18.4,13.9,22.9,609,413,805,20.9,14.2,27.6,450,290,610,20.0,12.9,27.1,"58,848","53,241","64,455",.,.,.,.,.,.
51,031,VA,Campbell County,"6,124","4,888","7,360",11.2,8.9,13.5,"1,351",945,"1,757",13.1,9.2,17.0,920,574,"1,266",11.4,7.1,15.7,"65,111","58,513","71,709",.,.,.,.,.,.
51,033,VA,Caroline County,"3,403","2,717","4,089",10.4,8.3,12.5,"1,012",717,"1,307",13.6,9.6,17.6,741,507,975,13.2,9.0,17.4,"77,152","73,473","80,831",.,.,.,.,.,.
51,035,VA,Carroll County,"4,173","3,324","5,022",14.4,11.5,17.3,942,675,"1,209",19.1,13.7,24.5,607,374,840,16.2,10.0,22.4,"56,924","51,731","62,117",.,.,.,.,.,.
51,036,VA,Charles City County,746,582,910,11.4,8.9,13.9,129,83,175,15.0,9.6,20.4,96,57,135,14.4,8.5,20.3,"76,595","68,057","85,133",.,.,.,.,.,.
51,037,VA,Charlotte County,"1,763","1,318","2,208",15.9,11.9,19.9,572,371,773,23.8,15.4,32.2,437,261,613,24.5,14.7,34.3,"58,879","52,999","64,759",.,.,.,.,.,.
51,041,VA,Chesterfield County,"27,250","22,403","32,097",7.1,5.8,8.4,"7,988","5,929","10,047",8.9,6.6,11.2,"5,392","3,695","7,089",8.0,5.5,10.5,"101,573","98,601","104,545",.,.,.,.,.,.
51,043,VA,Clarke County,"1,145",883,"1,407",7.5,5.8,9.2,228,148,308,7.8,5.1,10.5,160,96,224,7.1,4.2,10.0,"104,104","92,206","116,002",.,.,.,.,.,.
51,045,VA,Craig County,504,374,634,10.5,7.8,13.2,113,73,153,14.7,9.5,19.9,83,49,117,14.4,8.5,20.3,"72,014","64,025","80,003",.,.,.,.,.,.
51,047,VA,Culpeper County,"5,210","4,024","6,396",9.6,7.4,11.8,"1,726","1,207","2,245",12.7,8.9,16.5,"1,270",847,"1,693",12.6,8.4,16.8,"93,050","84,156","101,944",.,.,.,.,.,.
51,049,VA,Cumberland County,"1,278",956,"1,600",12.7,9.5,15.9,362,231,493,18.4,11.8,25.0,261,153,369,17.7,10.4,25.0,"62,104","55,158","69,050",.,.,.,.,.,.
51,051,VA,Dickenson County,"2,590","1,965","3,215",19.9,15.1,24.7,581,395,767,22.8,15.5,30.1,434,285,583,22.3,14.7,29.9,"50,078","44,583","55,573",.,.,.,.,.,.
51,053,VA,Dinwiddie County,"2,854","2,154","3,554",10.1,7.6,12.6,734,472,996,13.5,8.7,18.3,542,324,760,12.6,7.5,17.7,"70,913","63,498","78,328",.,.,.,.,.,.
51,057,VA,Essex County,"1,237",932,"1,542",11.7,8.8,14.6,346,225,467,18.5,12.0,25.0,257,154,360,19.8,11.8,27.8,"64,311","59,486","69,136",.,.,.,.,.,.
51,059,VA,Fairfax County,"69,264","60,137","78,391",6.0,5.2,6.8,"16,270","12,643","19,897",6.4,5.0,7.8,"11,871","8,979","14,763",6.2,4.7,7.7,"153,889","150,598","157,180",.,.,.,.,.,.
51,061,VA,Fauquier County,"4,966","3,888","6,044",6.6,5.2,8.0,"1,136",777,"1,495",6.6,4.5,8.7,753,468,"1,038",5.7,3.5,7.9,"118,871","109,796","127,946",.,.,.,.,.,.
51,063,VA,Floyd County,"1,773","1,361","2,185",11.4,8.7,14.1,388,252,524,13.6,8.8,18.4,278,166,390,12.9,7.7,18.1,"64,946","57,700","72,192",.,.,.,.,.,.
51,065,VA,Fluvanna County,"1,951","1,471","2,431",7.1,5.4,8.8,458,298,618,8.6,5.6,11.6,323,193,453,8.1,4.9,11.3,"94,002","85,437","102,567",.,.,.,.,.,.
51,067,VA,Franklin County,"6,686","5,608","7,764",12.3,10.3,14.3,"1,658","1,244","2,072",16.6,12.5,20.7,"1,195",864,"1,526",16.2,11.7,20.7,"71,650","65,888","77,412",.,.,.,.,.,.
51,069,VA,Frederick County,"6,145","4,658","7,632",6.3,4.8,7.8,"1,700","1,089","2,311",8.0,5.1,10.9,"1,207",706,"1,708",7.5,4.4,10.6,"95,730","89,641","101,819",.,.,.,.,.,.
51,071,VA,Giles County,"1,883","1,445","2,321",11.5,8.8,14.2,450,303,597,14.1,9.5,18.7,324,205,443,13.4,8.5,18.3,"66,417","60,099","72,735",.,.,.,.,.,.
51,073,VA,Gloucester County,"2,975","2,172","3,778",7.5,5.5,9.5,749,458,"1,040",9.5,5.8,13.2,579,334,824,9.9,5.7,14.1,"84,463","76,345","92,581",.,.,.,.,.,.
51,075,VA,Goochland County,"1,897","1,502","2,292",6.9,5.5,8.3,283,188,378,6.5,4.3,8.7,207,129,285,6.3,3.9,8.7,"121,009","108,258","133,760",.,.,.,.,.,.
51,077,VA,Grayson County,"2,493","1,961","3,025",17.6,13.9,21.3,528,347,709,21.9,14.4,29.4,391,239,543,20.7,12.7,28.7,"52,291","46,890","57,692",.,.,.,.,.,.
51,079,VA,Greene County,"1,805","1,397","2,213",8.4,6.5,10.3,549,382,716,11.5,8.0,15.0,404,264,544,11.2,7.3,15.1,"89,231","79,310","99,152",.,.,.,.,.,.
51,081,VA,Greensville County,"2,048","1,506","2,590",26.2,19.3,33.1,452,294,610,26.7,17.4,36.0,336,201,471,26.8,16.1,37.5,"56,795","50,930","62,660",.,.,.,.,.,.
51,083,VA,Halifax County,"4,913","3,816","6,010",15.0,11.7,18.3,"1,213",785,"1,641",18.4,11.9,24.9,860,512,"1,208",17.4,10.4,24.4,"54,620","48,901","60,339",.,.,.,.,.,.
51,085,VA,Hanover County,"6,949","5,615","8,283",6.1,4.9,7.3,"1,633","1,231","2,035",6.7,5.0,8.4,"1,326","1,013","1,639",7.2,5.5,8.9,"117,424","110,675","124,173",.,.,.,.,.,.
51,087,VA,Henrico County,"34,434","30,624","38,244",10.3,9.2,11.4,"8,259","6,270","10,248",11.6,8.8,14.4,"5,532","4,054","7,010",10.5,7.7,13.3,"84,671","80,622","88,720",.,.,.,.,.,.
51,089,VA,Henry County,"7,794","6,459","9,129",16.0,13.3,18.7,"1,713","1,171","2,255",18.8,12.9,24.7,"1,229",791,"1,667",17.1,11.0,23.2,"54,340","50,115","58,565",.,.,.,.,.,.
51,091,VA,Highland County,296,222,370,12.6,9.4,15.8,63,41,85,18.0,11.7,24.3,46,28,64,18.5,11.1,25.9,"56,770","50,000","63,540",.,.,.,.,.,.
51,093,VA,Isle of Wight County,"3,319","2,588","4,050",8.2,6.4,10.0,772,504,"1,040",9.0,5.9,12.1,539,323,755,8.3,5.0,11.6,"93,107","84,457","101,757",.,.,.,.,.,.
51,095,VA,James City County,"5,215","4,100","6,330",6.4,5.0,7.8,"1,214",788,"1,640",7.7,5.0,10.4,869,516,"1,222",7.2,4.3,10.1,"113,101","106,954","119,248",.,.,.,.,.,.
51,097,VA,King and Queen County,845,649,"1,041",12.5,9.6,15.4,180,119,241,15.7,10.4,21.0,136,85,187,16.4,10.2,22.6,"61,311","54,507","68,115",.,.,.,.,.,.
51,099,VA,King George County,"1,870","1,453","2,287",6.6,5.1,8.1,505,342,668,7.4,5.0,9.8,375,243,507,7.1,4.6,9.6,"110,440","98,955","121,925",.,.,.,.,.,.
51,101,VA,King William County,"1,256",940,"1,572",6.6,4.9,8.3,325,209,441,7.7,4.9,10.5,239,143,335,7.8,4.7,10.9,"90,466","79,955","100,977",.,.,.,.,.,.
51,103,VA,Lancaster County,"1,186",865,"1,507",11.0,8.0,14.0,319,204,434,19.7,12.6,26.8,236,139,333,19.1,11.2,27.0,"69,909","61,843","77,975",.,.,.,.,.,.
51,105,VA,Lee County,"5,275","4,382","6,168",26.0,21.6,30.4,"1,023",689,"1,357",26.0,17.5,34.5,737,464,"1,010",24.4,15.3,33.5,"43,916","39,658","48,174",.,.,.,.,.,.
51,107,VA,Loudoun County,"19,078","16,020","22,136",4.3,3.6,5.0,"4,257","3,133","5,381",3.8,2.8,4.8,"3,022","2,101","3,943",3.5,2.4,4.6,"177,457","168,768","186,146",.,.,.,.,.,.
51,109,VA,Louisa County,"3,486","2,629","4,343",8.3,6.3,10.3,932,604,"1,260",11.4,7.4,15.4,684,407,961,11.4,6.8,16.0,"87,062","81,412","92,712",.,.,.,.,.,.
51,111,VA,Lunenburg County,"2,201","1,705","2,697",19.9,15.4,24.4,537,364,710,23.5,15.9,31.1,397,254,540,23.3,14.9,31.7,"56,412","50,400","62,424",.,.,.,.,.,.
51,113,VA,Madison County,"1,449","1,122","1,776",10.3,8.0,12.6,333,219,447,12.0,7.9,16.1,235,143,327,11.2,6.8,15.6,"83,686","76,900","90,472",.,.,.,.,.,.
51,115,VA,Mathews County,822,645,999,9.6,7.5,11.7,181,118,244,13.7,8.9,18.5,138,83,193,14.0,8.4,19.6,"78,692","71,479","85,905",.,.,.,.,.,.
51,117,VA,Mecklenburg County,"4,347","3,429","5,265",14.5,11.4,17.6,"1,023",673,"1,373",18.3,12.0,24.6,752,463,"1,041",18.2,11.2,25.2,"59,944","54,997","64,891",.,.,.,.,.,.
51,119,VA,Middlesex County,"1,186",871,"1,501",11.2,8.2,14.2,322,209,435,17.8,11.5,24.1,228,136,320,17.1,10.2,24.0,"74,752","67,000","82,504",.,.,.,.,.,.
51,121,VA,Montgomery County,"18,110","16,452","19,768",20.6,18.7,22.5,"1,583","1,075","2,091",10.8,7.3,14.3,"1,045",640,"1,450",9.4,5.8,13.0,"70,511","65,113","75,909",.,.,.,.,.,.
51,125,VA,Nelson County,"1,686","1,281","2,091",11.5,8.7,14.3,458,298,618,17.8,11.6,24.0,337,203,471,18.1,10.9,25.3,"71,448","63,031","79,865",.,.,.,.,.,.
51,127,VA,New Kent County,"1,179",861,"1,497",4.4,3.2,5.6,265,168,362,5.1,3.2,7.0,193,112,274,5.2,3.0,7.4,"126,545","116,419","136,671",.,.,.,.,.,.
51,131,VA,Northampton County,"1,983","1,513","2,453",16.8,12.8,20.8,499,326,672,24.2,15.8,32.6,357,218,496,22.1,13.5,30.7,"63,587","57,750","69,424",.,.,.,.,.,.
51,133,VA,Northumberland County,"1,510","1,147","1,873",12.2,9.3,15.1,346,226,466,20.9,13.7,28.1,252,154,350,20.3,12.4,28.2,"73,119","65,165","81,073",.,.,.,.,.,.
51,135,VA,Nottoway County,"2,598","2,053","3,143",19.0,15.0,23.0,643,411,875,21.7,13.9,29.5,477,286,668,21.9,13.1,30.7,"57,326","50,791","63,861",.,.,.,.,.,.
51,137,VA,Orange County,"3,274","2,506","4,042",8.5,6.5,10.5,946,623,"1,269",11.2,7.4,15.0,698,434,962,11.4,7.1,15.7,"87,969","78,386","97,552",.,.,.,.,.,.
51,139,VA,Page County,"2,851","2,192","3,510",12.2,9.4,15.0,705,463,947,15.8,10.4,21.2,516,319,713,15.3,9.5,21.1,"63,580","56,503","70,657",.,.,.,.,.,.
51,141,VA,Patrick County,"2,803","2,241","3,365",16.6,13.3,19.9,589,400,778,20.3,13.8,26.8,431,277,585,19.1,12.3,25.9,"54,805","49,069","60,541",.,.,.,.,.,.
51,143,VA,Pittsylvania County,"7,862","6,426","9,298",13.5,11.0,16.0,"1,582","1,074","2,090",15.5,10.5,20.5,"1,124",709,"1,539",14.3,9.0,19.6,"61,655","58,079","65,231",.,.,.,.,.,.
51,145,VA,Powhatan County,"2,107","1,652","2,562",6.7,5.2,8.2,367,240,494,6.2,4.0,8.4,263,159,367,5.9,3.6,8.2,"109,889","96,833","122,945",.,.,.,.,.,.
51,147,VA,Prince Edward County,"3,147","2,265","4,029",17.6,12.7,22.5,774,500,"1,048",22.4,14.5,30.3,564,338,790,23.0,13.8,32.2,"58,299","51,883","64,715",.,.,.,.,.,.
51,149,VA,Prince George County,"3,887","2,986","4,788",11.3,8.7,13.9,917,611,"1,223",11.0,7.3,14.7,670,418,922,10.5,6.6,14.4,"80,906","72,225","89,587",.,.,.,.,.,.
51,153,VA,Prince William County,"32,448","27,615","37,281",6.6,5.6,7.6,"10,600","7,996","13,204",8.4,6.3,10.5,"7,316","5,265","9,367",7.8,5.6,10.0,"128,291","123,847","132,735",.,.,.,.,.,.
51,155,VA,Pulaski County,"4,330","3,366","5,294",13.3,10.3,16.3,926,619,"1,233",16.0,10.7,21.3,640,397,883,14.9,9.3,20.5,"63,762","57,213","70,311",.,.,.,.,.,.
51,157,VA,Rappahannock County,682,515,849,9.1,6.9,11.3,160,105,215,13.2,8.7,17.7,119,73,165,12.3,7.5,17.1,"81,343","72,620","90,066",.,.,.,.,.,.
51,159,VA,Richmond County,"1,277",956,"1,598",16.7,12.5,20.9,309,202,416,18.8,12.3,25.3,222,133,311,18.4,11.1,25.7,"63,040","55,981","70,099",.,.,.,.,.,.
51,161,VA,Roanoke County,"6,741","5,283","8,199",7.1,5.6,8.6,"1,355",898,"1,812",7.4,4.9,9.9,"1,002",628,"1,376",7.0,4.4,9.6,"85,809","79,359","92,259",.,.,.,.,.,.
51,163,VA,Rockbridge County,"2,166","1,629","2,703",9.9,7.4,12.4,415,261,569,11.8,7.4,16.2,296,171,421,10.4,6.0,14.8,"75,191","69,132","81,250",.,.,.,.,.,.
51,165,VA,Rockingham County,"7,004","5,512","8,496",8.2,6.5,9.9,"1,815","1,194","2,436",9.6,6.3,12.9,"1,306",811,"1,801",9.2,5.7,12.7,"81,772","78,264","85,280",.,.,.,.,.,.
51,167,VA,Russell County,"4,015","3,152","4,878",15.9,12.5,19.3,908,620,"1,196",18.9,12.9,24.9,671,444,898,18.8,12.4,25.2,"52,467","47,525","57,409",.,.,.,.,.,.
51,169,VA,Scott County,"4,129","3,402","4,856",20.1,16.6,23.6,"1,016",804,"1,228",27.1,21.4,32.8,715,545,885,24.5,18.7,30.3,"49,890","45,485","54,295",.,.,.,.,.,.
51,171,VA,Shenandoah County,"4,626","3,759","5,493",10.3,8.4,12.2,"1,268",935,"1,601",13.8,10.2,17.4,839,564,"1,114",12.3,8.3,16.3,"72,392","64,410","80,374",.,.,.,.,.,.
51,173,VA,Smyth County,"4,981","4,117","5,845",17.5,14.5,20.5,"1,100",760,"1,440",20.1,13.9,26.3,776,505,"1,047",19.0,12.4,25.6,"56,075","51,001","61,149",.,.,.,.,.,.
51,175,VA,Southampton County,"2,097","1,546","2,648",12.7,9.4,16.0,473,305,641,15.0,9.7,20.3,336,200,472,13.6,8.1,19.1,"70,013","62,819","77,207",.,.,.,.,.,.
51,177,VA,Spotsylvania County,"10,604","8,334","12,874",7.0,5.5,8.5,"3,461","2,405","4,517",9.7,6.8,12.6,"2,528","1,648","3,408",9.2,6.0,12.4,"107,892","100,213","115,571",.,.,.,.,.,.
51,179,VA,Stafford County,"8,873","6,923","10,823",5.4,4.2,6.6,"2,894","2,015","3,773",6.7,4.7,8.7,"1,972","1,264","2,680",5.9,3.8,8.0,"134,781","127,388","142,174",.,.,.,.,.,.
51,181,VA,Surry County,771,580,962,11.7,8.8,14.6,187,122,252,16.8,10.9,22.7,139,83,195,17.0,10.2,23.8,"80,189","72,746","87,632",.,.,.,.,.,.
51,183,VA,Sussex County,"1,892","1,437","2,347",21.9,16.6,27.2,449,296,602,26.3,17.3,35.3,327,200,454,25.9,15.8,36.0,"53,197","47,518","58,876",.,.,.,.,.,.
51,185,VA,Tazewell County,"6,465","5,141","7,789",17.4,13.8,21.0,"1,404",970,"1,838",19.6,13.6,25.6,"1,069",723,"1,415",19.0,12.8,25.2,"52,238","46,730","57,746",.,.,.,.,.,.
51,187,VA,Warren County,"4,026","3,264","4,788",9.8,8.0,11.6,868,571,"1,165",9.6,6.3,12.9,605,359,851,9.2,5.4,13.0,"85,203","78,493","91,913",.,.,.,.,.,.
51,191,VA,Washington County,"6,132","4,865","7,399",11.7,9.3,14.1,"1,287",858,"1,716",13.8,9.2,18.4,931,580,"1,282",13.2,8.2,18.2,"63,570","57,917","69,223",.,.,.,.,.,.
51,193,VA,Westmoreland County,"2,645","2,085","3,205",13.8,10.9,16.7,662,448,876,19.7,13.3,26.1,478,303,653,19.4,12.3,26.5,"70,072","63,547","76,597",.,.,.,.,.,.
51,195,VA,Wise County,"6,309","5,057","7,561",19.5,15.6,23.4,"1,567","1,140","1,994",23.6,17.2,30.0,"1,198",859,"1,537",24.2,17.4,31.0,"53,925","49,449","58,401",.,.,.,.,.,.
51,197,VA,Wythe County,"3,296","2,592","4,000",11.8,9.3,14.3,784,506,"1,062",14.7,9.5,19.9,592,360,824,15.1,9.2,21.0,"62,294","55,809","68,779",.,.,.,.,.,.
51,199,VA,York County,"3,740","2,932","4,548",5.3,4.2,6.4,876,588,"1,164",5.5,3.7,7.3,609,381,837,4.9,3.1,6.7,"109,281","100,047","118,515",.,.,.,.,.,.
51,510,VA,Alexandria city,"11,831","9,120","14,542",7.5,5.8,9.2,"3,225","2,012","4,438",11.7,7.3,16.1,"1,991","1,019","2,963",11.1,5.7,16.5,"123,840","119,959","127,721",.,.,.,.,.,.
51,520,VA,Bristol city,"2,988","2,395","3,581",18.6,14.9,22.3,801,515,"1,087",26.4,17.0,35.8,580,343,817,24.7,14.6,34.8,"51,498","46,542","56,454",.,.,.,.,.,.
51,530,VA,Buena Vista city,938,724,"1,152",15.6,12.0,19.2,264,178,350,19.1,12.9,25.3,183,111,255,18.7,11.4,26.0,"57,177","50,470","63,884",.,.,.,.,.,.
51,540,VA,Charlottesville city,"7,019","5,919","8,119",16.5,13.9,19.1,"1,103",710,"1,496",14.6,9.4,19.8,789,470,"1,108",15.5,9.2,21.8,"76,296","69,699","82,893",.,.,.,.,.,.
51,550,VA,Chesapeake city,"26,196","22,891","29,501",10.5,9.2,11.8,"7,156","5,695","8,617",12.0,9.6,14.4,"5,114","3,915","6,313",11.3,8.6,14.0,"90,226","83,559","96,893",.,.,.,.,.,.
51,570,VA,Colonial Heights city,"1,770","1,345","2,195",9.6,7.3,11.9,691,455,927,14.8,9.7,19.9,516,312,720,15.2,9.2,21.2,"68,642","60,714","76,570",.,.,.,.,.,.
51,580,VA,Covington city,828,623,"1,033",14.8,11.1,18.5,318,205,431,22.9,14.7,31.1,214,126,302,22.6,13.3,31.9,"51,416","45,317","57,515",.,.,.,.,.,.
51,590,VA,Danville city,"9,270","7,458","11,082",22.9,18.4,27.4,"3,304","2,275","4,333",35.0,24.1,45.9,"2,345","1,469","3,221",34.1,21.3,46.9,"47,220","43,813","50,627",.,.,.,.,.,.
51,595,VA,Emporia city,"1,073",813,"1,333",20.6,15.6,25.6,449,299,599,32.6,21.7,43.5,328,198,458,32.9,19.9,45.9,"48,306","43,374","53,238",.,.,.,.,.,.
51,600,VA,Fairfax city,"2,020","1,572","2,468",7.8,6.1,9.5,546,346,746,8.0,5.1,10.9,394,226,562,9.2,5.3,13.1,"126,239","116,239","136,239",.,.,.,.,.,.
51,610,VA,Falls Church city,690,517,863,4.6,3.4,5.8,136,88,184,3.9,2.5,5.3,88,53,123,3.2,1.9,4.5,"161,600","142,662","180,538",.,.,.,.,.,.
51,620,VA,Franklin city,"1,626","1,243","2,009",19.7,15.1,24.3,796,535,"1,057",33.9,22.8,45.0,569,350,788,35.7,22.0,49.4,"51,516","45,320","57,712",.,.,.,.,.,.
51,630,VA,Fredericksburg city,"3,377","2,562","4,192",12.2,9.3,15.1,"1,057",666,"1,448",16.9,10.6,23.2,758,439,"1,077",17.3,10.0,24.6,"81,253","74,065","88,441",.,.,.,.,.,.
51,640,VA,Galax city,"1,401","1,114","1,688",21.6,17.2,26.0,560,374,746,31.6,21.1,42.1,402,249,555,32.8,20.3,45.3,"38,922","34,860","42,984",.,.,.,.,.,.
51,650,VA,Hampton city,"18,600","15,367","21,833",13.9,11.5,16.3,"6,077","4,549","7,605",20.9,15.6,26.2,"4,509","3,264","5,754",21.3,15.4,27.2,"68,468","64,346","72,590",.,.,.,.,.,.
51,660,VA,Harrisonburg city,"11,572","10,124","13,020",26.4,23.1,29.7,"1,825","1,342","2,308",20.4,15.0,25.8,"1,312",945,"1,679",21.6,15.6,27.6,"63,973","60,369","67,577",.,.,.,.,.,.
51,670,VA,Hopewell city,"3,886","3,006","4,766",17.1,13.2,21.0,"1,379",865,"1,893",24.3,15.3,33.3,947,538,"1,356",22.9,13.0,32.8,"52,359","46,607","58,111",.,.,.,.,.,.
51,678,VA,Lexington city,"1,160",865,"1,455",22.7,16.9,28.5,152,100,204,13.0,8.6,17.4,96,59,133,14.2,8.7,19.7,"62,033","54,707","69,359",.,.,.,.,.,.
51,680,VA,Lynchburg city,"12,487","10,473","14,501",17.8,14.9,20.7,"3,055","2,002","4,108",20.0,13.1,26.9,"2,216","1,370","3,062",21.9,13.5,30.3,"57,883","52,463","63,303",.,.,.,.,.,.
51,683,VA,Manassas city,"3,928","2,996","4,860",9.1,7.0,11.2,"1,652","1,091","2,213",14.6,9.6,19.6,"1,225",773,"1,677",15.3,9.6,21.0,"88,786","78,506","99,066",.,.,.,.,.,.
51,685,VA,Manassas Park city,"1,205",889,"1,521",7.3,5.4,9.2,419,269,569,12.2,7.8,16.6,299,176,422,10.7,6.3,15.1,"99,695","89,531","109,859",.,.,.,.,.,.
51,690,VA,Martinsville city,"2,521","1,844","3,198",18.8,13.8,23.8,"1,194",750,"1,638",30.7,19.3,42.1,845,483,"1,207",31.2,17.9,44.5,"48,663","43,427","53,899",.,.,.,.,.,.
51,700,VA,Newport News city,"22,022","17,325","26,719",12.6,9.9,15.3,"7,446","5,070","9,822",18.0,12.3,23.7,"5,177","3,233","7,121",17.6,11.0,24.2,"67,970","64,260","71,680",.,.,.,.,.,.
51,710,VA,Norfolk city,"32,115","26,956","37,274",15.3,12.8,17.8,"9,785","7,130","12,440",21.5,15.7,27.3,"7,085","4,941","9,229",22.5,15.7,29.3,"64,281","61,193","67,369",.,.,.,.,.,.
51,720,VA,Norton city,601,441,761,17.5,12.8,22.2,207,135,279,27.6,18.0,37.2,147,88,206,26.2,15.7,36.7,"47,508","42,199","52,817",.,.,.,.,.,.
51,730,VA,Petersburg city,"7,809","6,301","9,317",23.3,18.8,27.8,"2,857","1,897","3,817",33.2,22.1,44.3,"2,006","1,212","2,800",36.0,21.7,50.3,"47,130","42,444","51,816",.,.,.,.,.,.
51,735,VA,Poquoson city,740,567,913,5.8,4.4,7.2,165,109,221,5.7,3.7,7.7,114,68,160,5.1,3.1,7.1,"115,073","102,081","128,065",.,.,.,.,.,.
51,740,VA,Portsmouth city,"14,210","11,357","17,063",15.2,12.2,18.2,"5,101","3,686","6,516",23.8,17.2,30.4,"3,500","2,354","4,646",23.1,15.5,30.7,"61,783","56,835","66,731",.,.,.,.,.,.
51,750,VA,Radford city,"3,755","3,067","4,443",27.2,22.2,32.2,343,222,464,15.5,10.1,20.9,244,146,342,15.8,9.5,22.1,"53,268","47,301","59,235",.,.,.,.,.,.
51,760,VA,Richmond city,"40,639","34,707","46,571",18.2,15.5,20.9,"11,527","8,914","14,140",28.9,22.4,35.4,"7,869","5,748","9,990",29.6,21.6,37.6,"63,865","59,531","68,199",.,.,.,.,.,.
51,770,VA,Roanoke city,"15,533","12,355","18,711",16.2,12.9,19.5,"5,204","3,525","6,883",24.1,16.3,31.9,"3,441","2,116","4,766",22.6,13.9,31.3,"59,858","56,913","62,803",.,.,.,.,.,.
51,775,VA,Salem city,"2,280","1,730","2,830",9.6,7.3,11.9,593,393,793,11.8,7.8,15.8,422,253,591,11.8,7.0,16.6,"66,996","60,068","73,924",.,.,.,.,.,.
51,790,VA,Staunton city,"3,280","2,628","3,932",13.1,10.5,15.7,807,550,"1,064",16.5,11.3,21.7,582,374,790,17.5,11.3,23.7,"66,646","60,783","72,509",.,.,.,.,.,.
51,800,VA,Suffolk city,"8,398","6,365","10,431",8.3,6.3,10.3,"2,748","1,747","3,749",11.6,7.4,15.8,"1,968","1,140","2,796",11.4,6.6,16.2,"93,557","87,229","99,885",.,.,.,.,.,.
51,810,VA,Virginia Beach city,"35,302","29,845","40,759",7.9,6.7,9.1,"9,282","6,805","11,759",9.7,7.1,12.3,"6,472","4,583","8,361",9.1,6.4,11.8,"93,989","91,059","96,919",.,.,.,.,.,.
51,820,VA,Waynesboro city,"2,737","2,097","3,377",11.8,9.0,14.6,937,603,"1,271",17.9,11.5,24.3,685,411,959,18.7,11.2,26.2,"64,070","57,273","70,867",.,.,.,.,.,.
51,830,VA,Williamsburg city,"2,596","2,085","3,107",23.3,18.7,27.9,356,241,471,20.6,13.9,27.3,258,167,349,19.5,12.6,26.4,"71,436","63,077","79,795",.,.,.,.,.,.
51,840,VA,Winchester city,"4,187","3,459","4,915",15.7,13.0,18.4,"1,187",839,"1,535",19.4,13.7,25.1,805,531,"1,079",18.4,12.1,24.7,"64,655","57,238","72,072",.,.,.,.,.,.
53,000,WA,Washington,"779,086","760,837","797,335",10.0,9.8,10.2,"186,168","175,862","196,474",11.5,10.9,12.1,"130,486","121,250","139,722",10.9,10.1,11.7,"99,309","98,035","100,583","49,473","45,048","53,898",12.1,11.0,13.2
53,001,WA,Adams County,"2,994","2,317","3,671",14.4,11.2,17.6,"1,402",980,"1,824",20.0,14.0,26.0,"1,016",679,"1,353",19.1,12.8,25.4,"66,089","58,618","73,560",.,.,.,.,.,.
53,003,WA,Asotin County,"2,732","2,092","3,372",12.3,9.4,15.2,765,520,"1,010",18.0,12.2,23.8,515,324,706,16.4,10.3,22.5,"70,914","63,965","77,863",.,.,.,.,.,.
53,005,WA,Benton County,"22,983","19,890","26,076",10.6,9.2,12.0,"6,731","5,162","8,300",12.4,9.5,15.3,"4,244","3,001","5,487",10.2,7.2,13.2,"91,289","87,245","95,333",.,.,.,.,.,.
53,007,WA,Chelan County,"8,193","6,599","9,787",10.2,8.2,12.2,"2,068","1,396","2,740",11.6,7.8,15.4,"1,459",912,"2,006",10.8,6.8,14.8,"79,974","73,547","86,401",.,.,.,.,.,.
53,009,WA,Clallam County,"8,152","6,668","9,636",10.6,8.7,12.5,"1,659","1,090","2,228",14.1,9.3,18.9,"1,191",748,"1,634",13.2,8.3,18.1,"74,311","68,495","80,127",.,.,.,.,.,.
53,011,WA,Clark County,"40,870","34,796","46,944",7.8,6.6,9.0,"9,980","7,313","12,647",8.9,6.5,11.3,"7,234","5,206","9,262",8.5,6.1,10.9,"99,396","95,583","103,209",.,.,.,.,.,.
53,013,WA,Columbia County,495,372,618,12.4,9.3,15.5,132,89,175,18.8,12.7,24.9,95,60,130,17.9,11.3,24.5,"67,904","60,092","75,716",.,.,.,.,.,.
53,015,WA,Cowlitz County,"11,939","9,851","14,027",10.6,8.7,12.5,"3,175","2,208","4,142",13.0,9.1,16.9,"2,308","1,495","3,121",12.6,8.1,17.1,"78,357","71,421","85,293",.,.,.,.,.,.
53,017,WA,Douglas County,"4,977","3,963","5,991",10.9,8.7,13.1,"1,439","1,008","1,870",13.7,9.6,17.8,"1,020",669,"1,371",13.0,8.5,17.5,"76,714","71,690","81,738",.,.,.,.,.,.
53,019,WA,Ferry County,"1,216",910,"1,522",16.3,12.2,20.4,308,207,409,24.6,16.5,32.7,215,134,296,23.1,14.4,31.8,"59,801","54,059","65,543",.,.,.,.,.,.
53,021,WA,Franklin County,"13,776","11,649","15,903",14.0,11.8,16.2,"5,147","4,052","6,242",17.4,13.7,21.1,"3,807","2,948","4,666",17.1,13.2,21.0,"81,405","74,931","87,879",.,.,.,.,.,.
53,023,WA,Garfield County,308,230,386,12.9,9.6,16.2,84,57,111,16.7,11.3,22.1,59,37,81,16.0,10.1,21.9,"68,604","61,486","75,722",.,.,.,.,.,.
53,025,WA,Grant County,"17,462","15,269","19,655",16.8,14.7,18.9,"6,236","5,197","7,275",22.4,18.7,26.1,"4,035","3,184","4,886",19.3,15.2,23.4,"71,710","66,275","77,145",.,.,.,.,.,.
53,027,WA,Grays Harbor County,"11,984","10,041","13,927",15.9,13.3,18.5,"2,801","2,071","3,531",19.1,14.1,24.1,"1,917","1,353","2,481",17.3,12.2,22.4,"62,481","57,213","67,749",.,.,.,.,.,.
53,029,WA,Island County,"7,321","6,002","8,640",8.6,7.0,10.2,"1,426","1,035","1,817",10.0,7.3,12.7,945,640,"1,250",9.0,6.1,11.9,"88,776","81,774","95,778",.,.,.,.,.,.
53,031,WA,Jefferson County,"3,525","2,872","4,178",10.5,8.6,12.4,562,397,727,15.7,11.1,20.3,433,303,563,15.8,11.1,20.5,"80,245","72,961","87,529",.,.,.,.,.,.
53,033,WA,King County,"202,422","189,181","215,663",8.8,8.2,9.4,"41,729","36,136","47,322",9.6,8.3,10.9,"30,085","25,842","34,328",9.5,8.2,10.8,"121,984","119,668","124,300",.,.,.,.,.,.
53,035,WA,Kitsap County,"21,190","17,875","24,505",7.8,6.6,9.0,"4,911","3,781","6,041",9.3,7.2,11.4,"3,331","2,458","4,204",8.6,6.3,10.9,"107,964","104,638","111,290",.,.,.,.,.,.
53,037,WA,Kittitas County,"5,905","4,728","7,082",12.9,10.3,15.5,953,676,"1,230",12.1,8.6,15.6,659,430,888,11.2,7.3,15.1,"78,875","71,190","86,560",.,.,.,.,.,.
53,039,WA,Klickitat County,"2,930","2,285","3,575",12.2,9.5,14.9,709,475,943,17.1,11.5,22.7,496,306,686,15.9,9.8,22.0,"73,060","65,284","80,836",.,.,.,.,.,.
53,041,WA,Lewis County,"9,100","7,150","11,050",10.6,8.3,12.9,"2,430","1,623","3,237",13.4,9.0,17.8,"1,729","1,103","2,355",12.8,8.1,17.5,"78,178","74,084","82,272",.,.,.,.,.,.
53,043,WA,Lincoln County,"1,548","1,267","1,829",13.2,10.8,15.6,440,328,552,17.8,13.3,22.3,335,245,425,17.7,13.0,22.4,"62,764","58,012","67,516",.,.,.,.,.,.
53,045,WA,Mason County,"8,238","6,862","9,614",12.2,10.2,14.2,"2,354","1,658","3,050",18.1,12.8,23.4,"1,694","1,160","2,228",17.8,12.2,23.4,"84,112","77,000","91,224",.,.,.,.,.,.
53,047,WA,Okanogan County,"9,650","8,412","10,888",21.7,18.9,24.5,"2,072","1,486","2,658",22.4,16.1,28.7,"1,435",969,"1,901",20.8,14.0,27.6,"59,401","53,436","65,366",.,.,.,.,.,.
53,049,WA,Pacific County,"2,816","2,070","3,562",11.7,8.6,14.8,572,383,761,17.1,11.5,22.7,427,269,585,17.1,10.8,23.4,"67,828","61,858","73,798",.,.,.,.,.,.
53,051,WA,Pend Oreille County,"2,141","1,680","2,602",15.1,11.8,18.4,631,443,819,23.0,16.1,29.9,460,307,613,21.4,14.3,28.5,"67,189","60,013","74,365",.,.,.,.,.,.
53,053,WA,Pierce County,"86,930","78,254","95,606",9.4,8.5,10.3,"23,946","20,065","27,827",11.6,9.7,13.5,"16,752","13,772","19,732",10.9,9.0,12.8,"100,125","97,913","102,337",.,.,.,.,.,.
53,055,WA,San Juan County,"1,972","1,681","2,263",10.6,9.0,12.2,255,174,336,11.5,7.8,15.2,187,119,255,11.1,7.1,15.1,"84,476","77,139","91,813",.,.,.,.,.,.
53,057,WA,Skagit County,"12,934","10,708","15,160",9.8,8.1,11.5,"3,273","2,371","4,175",12.4,9.0,15.8,"1,934","1,238","2,630",10.0,6.4,13.6,"89,774","84,449","95,099",.,.,.,.,.,.
53,059,WA,Skamania County,"1,296",974,"1,618",10.3,7.7,12.9,287,193,381,14.2,9.6,18.8,192,118,266,12.3,7.5,17.1,"89,706","79,887","99,525",.,.,.,.,.,.
53,061,WA,Snohomish County,"73,562","66,787","80,337",8.6,7.8,9.4,"17,211","14,387","20,035",9.4,7.9,10.9,"11,751","9,484","14,018",8.9,7.2,10.6,"109,146","106,530","111,762",.,.,.,.,.,.
53,063,WA,Spokane County,"58,677","52,763","64,591",10.8,9.7,11.9,"11,818","8,899","14,737",10.3,7.7,12.9,"7,789","5,579","9,999",9.1,6.5,11.7,"85,192","82,315","88,069",.,.,.,.,.,.
53,065,WA,Stevens County,"6,638","5,322","7,954",13.6,10.9,16.3,"1,873","1,368","2,378",19.1,14.0,24.2,"1,339",946,"1,732",17.6,12.4,22.8,"69,312","62,919","75,705",.,.,.,.,.,.
53,067,WA,Thurston County,"25,565","22,100","29,030",8.5,7.3,9.7,"5,426","4,134","6,718",9.0,6.9,11.1,"3,680","2,642","4,718",8.2,5.9,10.5,"97,316","92,488","102,144",.,.,.,.,.,.
53,069,WA,Wahkiakum County,547,426,668,11.5,9.0,14.0,124,83,165,17.0,11.5,22.5,92,58,126,16.1,10.1,22.1,"77,412","68,144","86,680",.,.,.,.,.,.
53,071,WA,Walla Walla County,"7,467","5,890","9,044",13.0,10.2,15.8,"1,779","1,248","2,310",14.6,10.2,19.0,"1,198",782,"1,614",12.8,8.3,17.3,"72,788","66,487","79,089",.,.,.,.,.,.
53,073,WA,Whatcom County,"26,190","22,864","29,516",11.4,9.9,12.9,"3,660","2,544","4,776",9.0,6.3,11.7,"2,433","1,535","3,331",7.9,5.0,10.8,"85,471","79,700","91,242",.,.,.,.,.,.
53,075,WA,Whitman County,"9,930","8,796","11,064",23.0,20.4,25.6,"1,002",720,"1,284",13.5,9.7,17.3,648,424,872,11.8,7.7,15.9,"59,641","53,604","65,678",.,.,.,.,.,.
53,077,WA,Yakima County,"42,514","37,697","47,331",16.7,14.8,18.6,"14,795","12,146","17,444",20.7,17.0,24.4,"11,347","9,342","13,352",21.0,17.3,24.7,"72,458","68,346","76,570",.,.,.,.,.,.
54,000,WV,West Virginia,"277,324","268,135","286,513",16.2,15.7,16.7,"67,980","63,699","72,261",20.1,18.8,21.4,"49,459","45,576","53,342",19.4,17.9,20.9,"60,662","59,570","61,754","16,482","14,936","18,028",20.3,18.4,22.2
54,001,WV,Barbour County,"2,812","2,211","3,413",19.3,15.2,23.4,718,506,930,24.3,17.1,31.5,540,366,714,24.7,16.8,32.6,"52,771","46,702","58,840",.,.,.,.,.,.
54,003,WV,Berkeley County,"14,796","12,520","17,072",11.0,9.3,12.7,"4,428","3,481","5,375",14.7,11.6,17.8,"3,422","2,714","4,130",15.5,12.3,18.7,"82,567","77,129","88,005",.,.,.,.,.,.
54,005,WV,Boone County,"3,806","2,893","4,719",18.8,14.3,23.3,977,667,"1,287",24.2,16.5,31.9,657,411,903,21.2,13.3,29.1,"52,928","47,881","57,975",.,.,.,.,.,.
54,007,WV,Braxton County,"2,299","1,851","2,747",19.9,16.0,23.8,479,315,643,22.5,14.8,30.2,352,218,486,21.4,13.2,29.6,"53,011","47,327","58,695",.,.,.,.,.,.
54,009,WV,Brooke County,"2,797","2,195","3,399",13.6,10.7,16.5,564,377,751,16.4,11.0,21.8,377,223,531,14.1,8.3,19.9,"60,780","54,611","66,949",.,.,.,.,.,.
54,011,WV,Cabell County,"14,978","12,567","17,389",17.2,14.4,20.0,"3,625","2,620","4,630",21.0,15.2,26.8,"2,399","1,568","3,230",18.5,12.1,24.9,"57,512","52,814","62,210",.,.,.,.,.,.
54,013,WV,Calhoun County,"1,334","1,054","1,614",22.9,18.1,27.7,263,181,345,25.5,17.5,33.5,201,133,269,26.3,17.4,35.2,"47,867","42,169","53,565",.,.,.,.,.,.
54,015,WV,Clay County,"1,527","1,142","1,912",20.1,15.0,25.2,431,276,586,26.6,17.0,36.2,317,191,443,25.4,15.3,35.5,"48,528","42,855","54,201",.,.,.,.,.,.
54,017,WV,Doddridge County,"1,243",938,"1,548",19.2,14.5,23.9,180,118,242,17.3,11.4,23.2,131,81,181,16.8,10.4,23.2,"59,779","53,076","66,482",.,.,.,.,.,.
54,019,WV,Fayette County,"7,675","6,265","9,085",20.8,17.0,24.6,"2,159","1,658","2,660",28.4,21.8,35.0,"1,702","1,312","2,092",29.4,22.7,36.1,"47,998","44,339","51,657",.,.,.,.,.,.
54,021,WV,Gilmer County,"1,457","1,111","1,803",26.8,20.4,33.2,226,150,302,22.4,14.9,29.9,168,105,231,21.9,13.7,30.1,"48,225","42,631","53,819",.,.,.,.,.,.
54,023,WV,Grant County,"1,569","1,169","1,969",14.5,10.8,18.2,409,271,547,19.8,13.1,26.5,296,183,409,19.5,12.1,26.9,"56,277","49,894","62,660",.,.,.,.,.,.
54,025,WV,Greenbrier County,"5,087","4,067","6,107",16.2,12.9,19.5,"1,230",834,"1,626",20.8,14.1,27.5,865,536,"1,194",19.2,11.9,26.5,"55,405","50,425","60,385",.,.,.,.,.,.
54,027,WV,Hampshire County,"3,292","2,522","4,062",14.1,10.8,17.4,851,571,"1,131",21.0,14.1,27.9,643,411,875,21.9,14.0,29.8,"63,929","57,262","70,596",.,.,.,.,.,.
54,029,WV,Hancock County,"3,768","3,047","4,489",13.6,11.0,16.2,994,744,"1,244",20.5,15.3,25.7,801,605,997,21.5,16.2,26.8,"61,526","55,528","67,524",.,.,.,.,.,.
54,031,WV,Hardy County,"2,002","1,575","2,429",14.1,11.1,17.1,515,368,662,19.0,13.6,24.4,381,259,503,19.0,12.9,25.1,"60,209","53,636","66,782",.,.,.,.,.,.
54,033,WV,Harrison County,"8,981","7,373","10,589",14.2,11.7,16.7,"2,248","1,614","2,882",17.3,12.4,22.2,"1,588","1,052","2,124",16.2,10.7,21.7,"63,576","58,462","68,690",.,.,.,.,.,.
54,035,WV,Jackson County,"4,810","4,043","5,577",17.5,14.7,20.3,"1,124",771,"1,477",19.4,13.3,25.5,834,548,"1,120",19.7,12.9,26.5,"63,024","56,276","69,772",.,.,.,.,.,.
54,037,WV,Jefferson County,"5,201","4,128","6,274",8.7,6.9,10.5,"1,094",740,"1,448",9.0,6.1,11.9,725,434,"1,016",7.9,4.7,11.1,"92,550","86,133","98,967",.,.,.,.,.,.
54,039,WV,Kanawha County,"26,092","22,249","29,935",15.3,13.0,17.6,"7,118","5,550","8,686",21.8,17.0,26.6,"4,932","3,647","6,217",19.9,14.7,25.1,"62,137","58,346","65,928",.,.,.,.,.,.
54,041,WV,Lewis County,"2,638","2,035","3,241",16.2,12.5,19.9,742,493,991,21.7,14.4,29.0,509,309,709,20.0,12.2,27.8,"57,454","51,696","63,212",.,.,.,.,.,.
54,043,WV,Lincoln County,"4,123","3,240","5,006",21.4,16.8,26.0,"1,067",733,"1,401",26.3,18.1,34.5,794,531,"1,057",25.2,16.9,33.5,"48,285","42,632","53,938",.,.,.,.,.,.
54,045,WV,Logan County,"6,263","4,874","7,652",21.1,16.4,25.8,"1,607","1,118","2,096",25.9,18.0,33.8,"1,139",754,"1,524",24.4,16.2,32.6,"48,120","42,975","53,265",.,.,.,.,.,.
54,047,WV,McDowell County,"5,791","4,577","7,005",38.4,30.3,46.5,"1,274",917,"1,631",41.7,30.0,53.4,901,619,"1,183",38.0,26.1,49.9,"35,721","32,021","39,421",.,.,.,.,.,.
54,049,WV,Marion County,"7,958","6,648","9,268",14.7,12.3,17.1,"1,702","1,165","2,239",16.1,11.0,21.2,"1,294",872,"1,716",16.3,11.0,21.6,"61,504","56,924","66,084",.,.,.,.,.,.
54,051,WV,Marshall County,"4,997","4,203","5,791",17.6,14.8,20.4,"1,323","1,072","1,574",25.1,20.3,29.9,990,790,"1,190",25.0,20.0,30.0,"58,419","52,986","63,852",.,.,.,.,.,.
54,053,WV,Mason County,"3,891","2,995","4,787",16.3,12.6,20.0,"1,016",688,"1,344",20.8,14.1,27.5,750,484,"1,016",20.7,13.3,28.1,"56,080","49,649","62,511",.,.,.,.,.,.
54,055,WV,Mercer County,"10,094","8,075","12,113",17.9,14.3,21.5,"2,849","1,995","3,703",24.3,17.0,31.6,"2,087","1,384","2,790",23.3,15.5,31.1,"54,317","49,969","58,665",.,.,.,.,.,.
54,057,WV,Mineral County,"3,453","2,661","4,245",13.2,10.2,16.2,951,663,"1,239",18.3,12.8,23.8,727,493,961,18.9,12.8,25.0,"63,375","57,073","69,677",.,.,.,.,.,.
54,059,WV,Mingo County,"5,540","4,394","6,686",25.7,20.4,31.0,"1,590","1,165","2,015",33.7,24.7,42.7,"1,248",908,"1,588",35.6,25.9,45.3,"43,289","38,256","48,322",.,.,.,.,.,.
54,061,WV,Monongalia County,"18,178","16,132","20,224",18.1,16.1,20.1,"2,130","1,523","2,737",12.7,9.1,16.3,"1,455",966,"1,944",12.0,8.0,16.0,"67,259","62,392","72,126",.,.,.,.,.,.
54,063,WV,Monroe County,"1,707","1,267","2,147",13.9,10.3,17.5,459,308,610,19.0,12.8,25.2,316,191,441,18.3,11.1,25.5,"56,789","50,214","63,364",.,.,.,.,.,.
54,065,WV,Morgan County,"1,955","1,503","2,407",11.2,8.6,13.8,407,264,550,14.2,9.2,19.2,299,181,417,13.7,8.3,19.1,"67,722","60,779","74,665",.,.,.,.,.,.
54,067,WV,Nicholas County,"3,913","2,962","4,864",16.4,12.4,20.4,"1,021",677,"1,365",22.0,14.6,29.4,747,467,"1,027",20.8,13.0,28.6,"53,678","48,799","58,557",.,.,.,.,.,.
54,069,WV,Ohio County,"7,501","6,366","8,636",19.2,16.3,22.1,"1,669","1,242","2,096",22.0,16.4,27.6,"1,278",943,"1,613",21.9,16.2,27.6,"56,892","51,183","62,601",.,.,.,.,.,.
54,071,WV,Pendleton County,712,520,904,12.2,8.9,15.5,190,125,255,17.7,11.7,23.7,135,83,187,16.6,10.2,23.0,"63,245","58,515","67,975",.,.,.,.,.,.
54,073,WV,Pleasants County,"1,049",809,"1,289",15.9,12.3,19.5,278,205,351,21.1,15.5,26.7,178,119,237,17.6,11.7,23.5,"63,468","55,908","71,028",.,.,.,.,.,.
54,075,WV,Pocahontas County,"1,275",983,"1,567",17.4,13.4,21.4,314,212,416,23.7,16.0,31.4,226,138,314,22.9,14.0,31.8,"52,248","46,646","57,850",.,.,.,.,.,.
54,077,WV,Preston County,"4,702","3,593","5,811",15.4,11.8,19.0,"1,120",777,"1,463",19.0,13.2,24.8,820,550,"1,090",18.5,12.4,24.6,"63,370","57,774","68,966",.,.,.,.,.,.
54,079,WV,Putnam County,"5,453","4,230","6,676",9.6,7.4,11.8,"1,224",840,"1,608",10.6,7.3,13.9,916,608,"1,224",10.2,6.8,13.6,"80,834","73,172","88,496",.,.,.,.,.,.
54,081,WV,Raleigh County,"12,892","10,815","14,969",18.7,15.7,21.7,"3,778","3,066","4,490",26.1,21.2,31.0,"2,911","2,326","3,496",26.1,20.9,31.3,"55,834","50,401","61,267",.,.,.,.,.,.
54,083,WV,Randolph County,"4,263","3,317","5,209",17.3,13.5,21.1,"1,003",659,"1,347",21.3,14.0,28.6,721,436,"1,006",20.8,12.6,29.0,"51,338","46,407","56,269",.,.,.,.,.,.
54,085,WV,Ritchie County,"1,199",900,"1,498",14.8,11.1,18.5,308,202,414,19.9,13.0,26.8,229,139,319,20.5,12.4,28.6,"58,610","51,734","65,486",.,.,.,.,.,.
54,087,WV,Roane County,"2,568","1,948","3,188",19.2,14.6,23.8,648,432,864,25.6,17.1,34.1,473,300,646,24.0,15.2,32.8,"49,728","43,888","55,568",.,.,.,.,.,.
54,089,WV,Summers County,"2,548","1,996","3,100",24.2,19.0,29.4,492,337,647,28.6,19.6,37.6,336,207,465,26.5,16.3,36.7,"45,580","40,164","50,996",.,.,.,.,.,.
54,091,WV,Taylor County,"2,673","2,117","3,229",16.8,13.3,20.3,622,449,795,20.0,14.4,25.6,461,320,602,19.2,13.3,25.1,"61,452","54,327","68,577",.,.,.,.,.,.
54,093,WV,Tucker County,941,719,"1,163",14.7,11.2,18.2,145,95,195,16.3,10.7,21.9,108,67,149,16.6,10.3,22.9,"56,204","50,883","61,525",.,.,.,.,.,.
54,095,WV,Tyler County,"1,287","1,040","1,534",16.6,13.4,19.8,344,256,432,22.6,16.8,28.4,255,182,328,22.3,15.9,28.7,"65,585","57,842","73,328",.,.,.,.,.,.
54,097,WV,Upshur County,"4,172","3,333","5,011",18.5,14.8,22.2,"1,079",764,"1,394",23.5,16.6,30.4,801,551,"1,051",22.6,15.5,29.7,"56,994","52,920","61,068",.,.,.,.,.,.
54,099,WV,Wayne County,"5,582","4,155","7,009",14.9,11.1,18.7,"1,435",940,"1,930",19.5,12.8,26.2,"1,058",654,"1,462",19.4,12.0,26.8,"61,452","57,419","65,485",.,.,.,.,.,.
54,101,WV,Webster County,"1,917","1,477","2,357",24.4,18.8,30.0,486,319,653,32.9,21.6,44.2,354,214,494,30.4,18.4,42.4,"41,687","36,928","46,446",.,.,.,.,.,.
54,103,WV,Wetzel County,"2,251","1,747","2,755",16.5,12.8,20.2,627,433,821,22.6,15.6,29.6,456,299,613,22.3,14.6,30.0,"58,389","52,483","64,295",.,.,.,.,.,.
54,105,WV,Wirt County,815,629,"1,001",16.6,12.8,20.4,227,148,306,22.5,14.7,30.3,166,101,231,22.2,13.5,30.9,"55,031","48,799","61,263",.,.,.,.,.,.
54,107,WV,Wood County,"12,589","10,632","14,546",15.5,13.1,17.9,"3,130","2,221","4,039",19.1,13.6,24.6,"2,253","1,517","2,989",18.1,12.2,24.0,"59,516","54,051","64,981",.,.,.,.,.,.
54,109,WV,Wyoming County,"4,910","3,965","5,855",24.8,20.0,29.6,"1,090",769,"1,411",27.9,19.7,36.1,737,469,"1,005",25.1,16.0,34.2,"48,086","42,628","53,544",.,.,.,.,.,.
55,000,WI,Wisconsin,"599,615","585,711","613,519",10.3,10.1,10.5,"148,381","140,190","156,572",12.2,11.5,12.9,"102,888","95,633","110,143",11.3,10.5,12.1,"77,557","76,672","78,442","40,229","36,412","44,046",13.5,12.2,14.8
55,001,WI,Adams County,"2,442","1,974","2,910",12.1,9.8,14.4,421,268,574,16.0,10.2,21.8,313,186,440,15.3,9.1,21.5,"61,027","56,974","65,080",.,.,.,.,.,.
55,003,WI,Ashland County,"2,064","1,632","2,496",13.2,10.4,16.0,566,411,721,17.7,12.9,22.5,411,291,531,17.5,12.4,22.6,"61,524","55,569","67,479",.,.,.,.,.,.
55,005,WI,Barron County,"4,724","3,911","5,537",10.2,8.4,12.0,"1,301",953,"1,649",13.7,10.0,17.4,895,605,"1,185",12.5,8.4,16.6,"69,400","64,114","74,686",.,.,.,.,.,.
55,007,WI,Bayfield County,"2,033","1,688","2,378",12.2,10.1,14.3,475,335,615,17.9,12.6,23.2,337,217,457,16.8,10.8,22.8,"71,352","67,532","75,172",.,.,.,.,.,.
55,009,WI,Brown County,"22,005","18,497","25,513",8.2,6.9,9.5,"5,276","3,829","6,723",8.8,6.4,11.2,"3,671","2,533","4,809",8.2,5.7,10.7,"80,803","78,205","83,401",.,.,.,.,.,.
55,011,WI,Buffalo County,"1,173",933,"1,413",8.8,7.0,10.6,273,182,364,10.6,7.1,14.1,193,120,266,9.9,6.2,13.6,"71,901","66,479","77,323",.,.,.,.,.,.
55,013,WI,Burnett County,"1,799","1,430","2,168",10.6,8.4,12.8,394,264,524,16.0,10.7,21.3,275,169,381,14.1,8.6,19.6,"65,340","60,558","70,122",.,.,.,.,.,.
55,015,WI,Calumet County,"3,072","2,482","3,662",5.8,4.7,6.9,636,466,806,5.7,4.2,7.2,426,289,563,4.9,3.3,6.5,"94,597","85,520","103,674",.,.,.,.,.,.
55,017,WI,Chippewa County,"6,943","5,771","8,115",10.7,8.9,12.5,"1,683","1,222","2,144",12.3,8.9,15.7,"1,182",804,"1,560",11.6,7.9,15.3,"72,337","66,024","78,650",.,.,.,.,.,.
55,019,WI,Clark County,"4,714","3,991","5,437",13.7,11.6,15.8,"1,903","1,428","2,378",19.1,14.3,23.9,"1,151",737,"1,565",16.0,10.2,21.8,"65,586","61,759","69,413",.,.,.,.,.,.
55,021,WI,Columbia County,"3,819","3,025","4,613",6.7,5.3,8.1,806,522,"1,090",7.1,4.6,9.6,561,331,791,6.7,4.0,9.4,"85,096","79,656","90,536",.,.,.,.,.,.
55,023,WI,Crawford County,"1,975","1,612","2,338",12.9,10.5,15.3,495,351,639,16.7,11.8,21.6,340,220,460,15.7,10.1,21.3,"63,412","58,125","68,699",.,.,.,.,.,.
55,025,WI,Dane County,"56,450","51,570","61,330",9.9,9.0,10.8,"7,296","5,321","9,271",6.6,4.8,8.4,"5,114","3,593","6,635",6.2,4.3,8.1,"91,479","88,532","94,426",.,.,.,.,.,.
55,027,WI,Dodge County,"7,696","6,512","8,880",9.2,7.8,10.6,"1,581","1,177","1,985",9.7,7.2,12.2,"1,082",762,"1,402",8.8,6.2,11.4,"78,999","75,370","82,628",.,.,.,.,.,.
55,029,WI,Door County,"2,370","1,848","2,892",7.9,6.2,9.6,396,248,544,8.7,5.4,12.0,295,175,415,8.6,5.1,12.1,"84,480","78,523","90,437",.,.,.,.,.,.
55,031,WI,Douglas County,"5,123","4,197","6,049",11.9,9.8,14.0,"1,134",783,"1,485",13.9,9.6,18.2,763,485,"1,041",12.8,8.1,17.5,"71,130","65,426","76,834",.,.,.,.,.,.
55,033,WI,Dunn County,"5,836","4,987","6,685",13.5,11.5,15.5,"1,049",794,"1,304",12.3,9.3,15.3,607,377,837,9.5,5.9,13.1,"75,324","69,778","80,870",.,.,.,.,.,.
55,035,WI,Eau Claire County,"11,218","9,601","12,835",10.8,9.2,12.4,"2,167","1,554","2,780",10.6,7.6,13.6,"1,516","1,005","2,027",10.1,6.7,13.5,"77,827","72,214","83,440",.,.,.,.,.,.
55,037,WI,Florence County,471,350,592,10.2,7.6,12.8,107,70,144,17.3,11.4,23.2,77,47,107,16.2,9.9,22.5,"71,049","63,070","79,028",.,.,.,.,.,.
55,039,WI,Fond du Lac County,"9,231","7,749","10,713",9.1,7.6,10.6,"2,037","1,427","2,647",9.7,6.8,12.6,"1,397",919,"1,875",8.9,5.9,11.9,"77,061","71,605","82,517",.,.,.,.,.,.
55,041,WI,Forest County,"1,468","1,231","1,705",15.7,13.2,18.2,396,312,480,22.4,17.6,27.2,223,150,296,17.4,11.7,23.1,"62,251","56,666","67,836",.,.,.,.,.,.
55,043,WI,Grant County,"5,756","4,716","6,796",11.9,9.8,14.0,"1,400","1,007","1,793",13.1,9.4,16.8,"1,002",680,"1,324",12.9,8.8,17.0,"73,612","68,187","79,037",.,.,.,.,.,.
55,045,WI,Green County,"3,100","2,524","3,676",8.4,6.8,10.0,711,506,916,9.4,6.7,12.1,507,344,670,8.8,6.0,11.6,"82,472","74,234","90,710",.,.,.,.,.,.
55,047,WI,Green Lake County,"2,610","2,270","2,950",13.6,11.8,15.4,702,539,865,17.1,13.1,21.1,499,372,626,16.2,12.1,20.3,"73,849","68,075","79,623",.,.,.,.,.,.
55,049,WI,Iowa County,"2,069","1,672","2,466",8.7,7.0,10.4,468,322,614,9.4,6.5,12.3,331,215,447,9.0,5.8,12.2,"79,607","74,385","84,829",.,.,.,.,.,.
55,051,WI,Iron County,726,561,891,11.9,9.2,14.6,153,103,203,15.8,10.6,21.0,103,62,144,14.2,8.5,19.9,"60,564","54,423","66,705",.,.,.,.,.,.
55,053,WI,Jackson County,"2,667","2,263","3,071",13.5,11.4,15.6,722,524,920,17.0,12.3,21.7,489,322,656,15.3,10.1,20.5,"66,149","61,345","70,953",.,.,.,.,.,.
55,055,WI,Jefferson County,"6,301","5,189","7,413",7.7,6.3,9.1,"1,175",781,"1,569",7.4,4.9,9.9,795,476,"1,114",6.8,4.1,9.5,"84,325","80,243","88,407",.,.,.,.,.,.
55,057,WI,Juneau County,"2,613","2,081","3,145",10.4,8.3,12.5,640,412,868,13.2,8.5,17.9,417,237,597,11.3,6.4,16.2,"70,607","65,703","75,511",.,.,.,.,.,.
55,059,WI,Kenosha County,"16,033","13,324","18,742",9.8,8.2,11.4,"3,656","2,487","4,825",10.5,7.1,13.9,"2,687","1,770","3,604",10.3,6.8,13.8,"83,504","79,265","87,743",.,.,.,.,.,.
55,061,WI,Kewaunee County,"1,530","1,195","1,865",7.4,5.8,9.0,321,212,430,7.7,5.1,10.3,227,138,316,7.2,4.4,10.0,"82,143","77,143","87,143",.,.,.,.,.,.
55,063,WI,La Crosse County,"13,135","11,485","14,785",11.3,9.9,12.7,"2,002","1,388","2,616",9.0,6.2,11.8,"1,387",910,"1,864",8.3,5.5,11.1,"76,443","71,143","81,743",.,.,.,.,.,.
55,065,WI,Lafayette County,"2,137","1,806","2,468",12.5,10.6,14.4,802,639,965,18.7,14.9,22.5,622,496,748,20.7,16.5,24.9,"76,636","69,886","83,386",.,.,.,.,.,.
55,067,WI,Langlade County,"2,739","2,262","3,216",14.3,11.8,16.8,643,468,818,18.2,13.2,23.2,454,314,594,17.2,11.9,22.5,"58,661","53,313","64,009",.,.,.,.,.,.
55,069,WI,Lincoln County,"2,606","2,101","3,111",9.3,7.5,11.1,534,358,710,11.2,7.5,14.9,382,238,526,10.8,6.7,14.9,"72,835","67,524","78,146",.,.,.,.,.,.
55,071,WI,Manitowoc County,"7,617","6,331","8,903",9.5,7.9,11.1,"1,735","1,242","2,228",11.2,8.0,14.4,"1,119",707,"1,531",9.5,6.0,13.0,"71,188","65,730","76,646",.,.,.,.,.,.
55,073,WI,Marathon County,"10,352","8,404","12,300",7.5,6.1,8.9,"2,542","1,663","3,421",8.4,5.5,11.3,"1,814","1,111","2,517",8.0,4.9,11.1,"79,414","75,515","83,313",.,.,.,.,.,.
55,075,WI,Marinette County,"4,924","4,030","5,818",11.8,9.7,13.9,"1,145",796,"1,494",15.1,10.5,19.7,825,538,"1,112",14.5,9.5,19.5,"64,731","59,527","69,935",.,.,.,.,.,.
55,077,WI,Marquette County,"1,896","1,602","2,190",12.2,10.3,14.1,428,299,557,15.3,10.7,19.9,308,202,414,14.4,9.4,19.4,"70,208","65,814","74,602",.,.,.,.,.,.
55,078,WI,Menominee County,"1,039",823,"1,255",24.4,19.3,29.5,513,362,664,38.5,27.2,49.8,352,227,477,35.4,22.8,48.0,"52,423","46,353","58,493",.,.,.,.,.,.
55,079,WI,Milwaukee County,"152,132","141,851","162,413",16.8,15.7,17.9,"49,618","43,670","55,566",23.5,20.7,26.3,"34,183","29,785","38,581",22.1,19.3,24.9,"66,339","64,208","68,470",.,.,.,.,.,.
55,081,WI,Monroe County,"4,499","3,511","5,487",9.8,7.6,12.0,"1,665","1,139","2,191",14.5,9.9,19.1,"1,152",732,"1,572",13.6,8.6,18.6,"73,607","67,365","79,849",.,.,.,.,.,.
55,083,WI,Oconto County,"3,358","2,707","4,009",8.5,6.9,10.1,800,573,"1,027",10.7,7.7,13.7,540,343,737,9.6,6.1,13.1,"75,147","69,516","80,778",.,.,.,.,.,.
55,085,WI,Oneida County,"3,557","2,865","4,249",9.5,7.7,11.3,673,449,897,11.3,7.5,15.1,442,266,618,9.6,5.8,13.4,"70,870","65,274","76,466",.,.,.,.,.,.
55,087,WI,Outagamie County,"12,656","10,617","14,695",6.6,5.5,7.7,"2,946","2,099","3,793",6.9,4.9,8.9,"2,039","1,345","2,733",6.3,4.2,8.4,"82,847","79,332","86,362",.,.,.,.,.,.
55,089,WI,Ozaukee County,"4,938","4,018","5,858",5.4,4.4,6.4,733,530,936,3.9,2.8,5.0,511,346,676,3.5,2.4,4.6,"105,783","97,313","114,253",.,.,.,.,.,.
55,091,WI,Pepin County,831,668,994,11.0,8.8,13.2,264,197,331,16.3,12.2,20.4,193,139,247,16.1,11.6,20.6,"75,176","67,651","82,701",.,.,.,.,.,.
55,093,WI,Pierce County,"3,202","2,532","3,872",7.8,6.2,9.4,507,333,681,6.0,3.9,8.1,331,195,467,5.2,3.1,7.3,"97,746","90,686","104,806",.,.,.,.,.,.
55,095,WI,Polk County,"4,102","3,421","4,783",9.1,7.6,10.6,936,661,"1,211",10.9,7.7,14.1,611,378,844,9.4,5.8,13.0,"74,144","69,041","79,247",.,.,.,.,.,.
55,097,WI,Portage County,"7,211","6,022","8,400",10.5,8.8,12.2,"1,162",784,"1,540",9.1,6.1,12.1,832,528,"1,136",8.5,5.4,11.6,"74,650","69,811","79,489",.,.,.,.,.,.
55,099,WI,Price County,"1,706","1,384","2,028",12.2,9.9,14.5,411,288,534,17.8,12.5,23.1,279,179,379,15.3,9.8,20.8,"65,405","60,401","70,409",.,.,.,.,.,.
55,101,WI,Racine County,"22,741","19,360","26,122",11.7,10.0,13.4,"7,775","6,309","9,241",18.1,14.7,21.5,"5,474","4,282","6,666",17.0,13.3,20.7,"79,354","73,637","85,071",.,.,.,.,.,.
55,103,WI,Richland County,"2,209","1,813","2,605",13.0,10.7,15.3,588,416,760,17.0,12.0,22.0,402,258,546,15.7,10.1,21.3,"67,891","62,436","73,346",.,.,.,.,.,.
55,105,WI,Rock County,"16,206","13,058","19,354",9.9,8.0,11.8,"4,658","3,273","6,043",13.2,9.3,17.1,"3,181","2,110","4,252",12.2,8.1,16.3,"73,982","67,872","80,092",.,.,.,.,.,.
55,107,WI,Rusk County,"1,944","1,521","2,367",13.9,10.9,16.9,626,447,805,23.0,16.4,29.6,467,320,614,22.7,15.5,29.9,"61,716","56,673","66,759",.,.,.,.,.,.
55,109,WI,St. Croix County,"5,713","4,751","6,675",5.9,4.9,6.9,"1,162",871,"1,453",5.3,4.0,6.6,798,578,"1,018",4.8,3.5,6.1,"99,439","93,924","104,954",.,.,.,.,.,.
55,111,WI,Sauk County,"5,658","4,728","6,588",8.6,7.2,10.0,"1,382",907,"1,857",9.7,6.4,13.0,959,572,"1,346",9.1,5.4,12.8,"77,228","73,146","81,310",.,.,.,.,.,.
55,113,WI,Sawyer County,"2,459","2,042","2,876",13.3,11.0,15.6,551,378,724,17.0,11.7,22.3,399,257,541,16.1,10.4,21.8,"65,658","61,033","70,283",.,.,.,.,.,.
55,115,WI,Shawano County,"4,387","3,625","5,149",10.8,8.9,12.7,"1,207",869,"1,545",14.4,10.4,18.4,860,586,"1,134",14.0,9.6,18.4,"67,138","61,652","72,624",.,.,.,.,.,.
55,117,WI,Sheboygan County,"9,571","7,821","11,321",8.3,6.8,9.8,"2,281","1,607","2,955",9.4,6.6,12.2,"1,537",982,"2,092",8.4,5.4,11.4,"75,423","69,608","81,238",.,.,.,.,.,.
55,119,WI,Taylor County,"2,090","1,653","2,527",10.5,8.3,12.7,613,412,814,13.6,9.1,18.1,403,232,574,12.1,7.0,17.2,"71,308","66,661","75,955",.,.,.,.,.,.
55,121,WI,Trempealeau County,"2,856","2,331","3,381",9.4,7.7,11.1,873,606,"1,140",11.0,7.6,14.4,624,412,836,10.5,6.9,14.1,"79,544","74,940","84,148",.,.,.,.,.,.
55,123,WI,Vernon County,"3,591","2,771","4,411",11.6,9.0,14.2,"1,539","1,009","2,069",19.5,12.8,26.2,"1,091",646,"1,536",18.7,11.1,26.3,"70,437","65,128","75,746",.,.,.,.,.,.
55,125,WI,Vilas County,"2,488","2,012","2,964",10.4,8.4,12.4,595,410,780,16.0,11.0,21.0,456,310,602,15.9,10.8,21.0,"68,564","62,474","74,654",.,.,.,.,.,.
55,127,WI,Walworth County,"8,096","6,453","9,739",7.9,6.3,9.5,"1,394",842,"1,946",7.2,4.4,10.0,"1,000",559,"1,441",6.7,3.7,9.7,"83,061","78,416","87,706",.,.,.,.,.,.
55,129,WI,Washburn County,"1,888","1,541","2,235",11.2,9.1,13.3,436,301,571,15.2,10.5,19.9,309,200,418,13.8,8.9,18.7,"68,153","63,014","73,292",.,.,.,.,.,.
55,131,WI,Washington County,"8,724","7,259","10,189",6.3,5.2,7.4,"1,487","1,059","1,915",5.4,3.9,6.9,"1,042",710,"1,374",4.9,3.3,6.5,"90,279","84,001","96,557",.,.,.,.,.,.
55,133,WI,Waukesha County,"22,664","20,017","25,311",5.5,4.9,6.1,"3,397","2,591","4,203",4.1,3.1,5.1,"2,350","1,692","3,008",3.7,2.7,4.7,"103,789","100,330","107,248",.,.,.,.,.,.
55,135,WI,Waupaca County,"4,519","3,707","5,331",9.0,7.4,10.6,"1,010",676,"1,344",10.2,6.8,13.6,730,461,999,9.8,6.2,13.4,"76,754","70,991","82,517",.,.,.,.,.,.
55,137,WI,Waushara County,"2,642","2,128","3,156",11.1,8.9,13.3,622,415,829,14.7,9.8,19.6,454,280,628,14.0,8.6,19.4,"72,502","68,200","76,804",.,.,.,.,.,.
55,139,WI,Winnebago County,"16,254","13,803","18,705",9.8,8.3,11.3,"3,810","2,990","4,630",11.4,8.9,13.9,"2,673","2,102","3,244",10.6,8.3,12.9,"72,564","68,699","76,429",.,.,.,.,.,.
55,141,WI,Wood County,"8,248","7,035","9,461",11.3,9.6,13.0,"1,976","1,437","2,515",13.0,9.4,16.6,"1,417","1,014","1,820",12.3,8.8,15.8,"68,299","62,080","74,518",.,.,.,.,.,.
56,000,WY,Wyoming,"57,331","53,179","61,483",10.0,9.3,10.7,"12,930","11,125","14,735",10.2,8.8,11.6,"8,694","7,089","10,299",9.0,7.3,10.7,"76,975","74,754","79,196","3,765","3,112","4,418",12.5,10.3,14.7
56,001,WY,Albany County,"5,805","4,858","6,752",15.9,13.3,18.5,568,331,805,9.8,5.7,13.9,373,187,559,8.8,4.4,13.2,"65,303","58,363","72,243",.,.,.,.,.,.
56,003,WY,Big Horn County,"1,496","1,169","1,823",12.6,9.8,15.4,376,233,519,13.2,8.2,18.2,263,150,376,11.9,6.8,17.0,"66,663","60,707","72,619",.,.,.,.,.,.
56,005,WY,Campbell County,"4,019","3,185","4,853",8.5,6.7,10.3,951,575,"1,327",7.8,4.7,10.9,645,347,943,6.9,3.7,10.1,"90,961","81,359","100,563",.,.,.,.,.,.
56,007,WY,Carbon County,"1,476","1,086","1,866",10.8,7.9,13.7,351,211,491,11.6,7.0,16.2,235,124,346,10.3,5.5,15.1,"75,927","67,260","84,594",.,.,.,.,.,.
56,009,WY,Converse County,"1,338","1,006","1,670",9.8,7.4,12.2,369,226,512,11.4,7.0,15.8,234,120,348,9.4,4.8,14.0,"86,030","75,881","96,179",.,.,.,.,.,.
56,011,WY,Crook County,597,441,753,7.7,5.7,9.7,189,113,265,9.8,5.9,13.7,136,72,200,9.4,4.9,13.9,"84,552","76,553","92,551",.,.,.,.,.,.
56,013,WY,Fremont County,"4,830","3,709","5,951",12.5,9.6,15.4,"1,392",839,"1,945",14.8,8.9,20.7,928,472,"1,384",12.9,6.6,19.2,"67,636","62,570","72,702",.,.,.,.,.,.
56,015,WY,Goshen County,"1,776","1,379","2,173",15.4,11.9,18.9,350,216,484,14.4,8.9,19.9,229,127,331,12.6,7.0,18.2,"60,570","53,386","67,754",.,.,.,.,.,.
56,017,WY,Hot Springs County,521,386,656,11.5,8.5,14.5,123,73,173,13.5,8.0,19.0,87,45,129,12.3,6.4,18.2,"60,622","53,481","67,763",.,.,.,.,.,.
56,019,WY,Johnson County,700,512,888,8.0,5.8,10.2,130,77,183,7.8,4.6,11.0,90,47,133,7.0,3.6,10.4,"76,127","67,165","85,089",.,.,.,.,.,.
56,021,WY,Laramie County,"8,398","6,647","10,149",8.4,6.7,10.1,"2,027","1,315","2,739",9.3,6.0,12.6,"1,364",798,"1,930",8.4,4.9,11.9,"82,615","77,570","87,660",.,.,.,.,.,.
56,023,WY,Lincoln County,"1,455","1,086","1,824",6.9,5.1,8.7,378,222,534,7.5,4.4,10.6,258,132,384,6.6,3.4,9.8,"94,861","85,430","104,292",.,.,.,.,.,.
56,025,WY,Natrona County,"8,459","6,787","10,131",10.7,8.6,12.8,"2,154","1,490","2,818",11.8,8.2,15.4,"1,404",891,"1,917",10.2,6.5,13.9,"74,774","68,387","81,161",.,.,.,.,.,.
56,027,WY,Niobrara County,319,234,404,15.2,11.1,19.3,80,48,112,19.7,11.7,27.7,54,28,80,17.7,9.1,26.3,"62,390","55,178","69,602",.,.,.,.,.,.
56,029,WY,Park County,"3,015","2,311","3,719",9.9,7.6,12.2,648,396,900,10.5,6.4,14.6,452,250,654,9.5,5.2,13.8,"73,582","66,034","81,130",.,.,.,.,.,.
56,031,WY,Platte County,902,667,"1,137",10.7,7.9,13.5,218,130,306,13.2,7.9,18.5,148,78,218,11.7,6.1,17.3,"69,034","61,858","76,210",.,.,.,.,.,.
56,033,WY,Sheridan County,"2,923","2,224","3,622",9.0,6.8,11.2,601,371,831,9.0,5.5,12.5,400,220,580,8.0,4.4,11.6,"75,757","68,090","83,424",.,.,.,.,.,.
56,035,WY,Sublette County,633,471,795,7.1,5.3,8.9,125,76,174,6.8,4.2,9.4,85,45,125,5.8,3.0,8.6,"88,948","78,480","99,416",.,.,.,.,.,.
56,037,WY,Sweetwater County,"3,719","2,952","4,486",9.1,7.2,11.0,866,539,"1,193",8.9,5.6,12.2,611,355,867,8.1,4.7,11.5,"76,906","70,954","82,858",.,.,.,.,.,.
56,039,WY,Teton County,"1,243",910,"1,576",5.4,4.0,6.8,150,88,212,4.0,2.3,5.7,98,51,145,3.5,1.8,5.2,"151,604","140,610","162,598",.,.,.,.,.,.
56,041,WY,Uinta County,"2,180","1,721","2,639",10.7,8.5,12.9,557,356,758,10.5,6.7,14.3,374,219,529,9.0,5.2,12.8,"79,267","71,340","87,194",.,.,.,.,.,.
56,043,WY,Washakie County,861,648,"1,074",11.4,8.6,14.2,174,101,247,11.9,6.9,16.9,121,61,181,10.8,5.4,16.2,"68,635","61,363","75,907",.,.,.,.,.,.
56,045,WY,Weston County,665,485,845,10.5,7.7,13.3,154,92,216,12.4,7.4,17.4,105,55,155,10.9,5.7,16.1,"70,640","62,411","78,869",.,.,.,.,.,.