Ref#,Prefix,Property Name,Status,Request Type,Restricted Address,Acreage of Property,Area of Significance,Category of Property,State,County,City ,Street & Number,External Link,Listed Date,NHL Designated Date,Other Names,Park Name,Property ID
66000152,,Alabama State Capitol,Listed,Single,FALSE,9, POLITICS/GOVERNMENT,BUILDING,ALABAMA,Montgomery,Montgomery,"Goat Hill, E end of Dexter Ave.",https://catalog.archives.gov/id/77835681,10/15/66,12/19/60, Confederate Capitol,,66000152
66000931,,Apalachicola Fort,Listed,Single,TRUE,10, HISTORIC - NON-ABORIGINAL; EXPLORATION/SETTLEMENT,SITE,ALABAMA,Russell,Holy Trinity,Address Restricted,,10/15/66,7/19/64,,,66000931
73000337,,Barton Hall,Listed,Single,FALSE,4, ARCHITECTURE,BUILDING,ALABAMA,Colbert,Cherokee,2.5 mi. (4 km) W of Cherokee on U.S. 72,https://catalog.archives.gov/id/77835633,11/7/73,11/7/73, Cunningham Plantation,,73000337
05000455,,"Bethel Baptist Church, Parsonage, and Guardhouse",Listed,Single,FALSE,, LAW; POLITICS/GOVERNMENT; ETHNIC HERITAGE-BLACK; SOCIAL HISTORY,building,ALABAMA,Jefferson,Collegeville,"3233, 3232, and 3236 29th Avenue North",https://catalog.archives.gov/id/77835649,4/5/05,4/5/05,,,05000455
74000398,,Bottle Creek Indian Mounds,Listed,Single,TRUE,255, PREHISTORIC; HISTORIC - ABORIGINAL,SITE,ALABAMA,Baldwin,Stockton,Address Restricted,,12/2/74,4/19/94, Mound Island;Bottle Creek Site (1 Ba 2),,74000398
82002009,,Brown Chapel African Methodist Episcopal Church,Listed,Single,FALSE,7.5, BLACK; POLITICS/GOVERNMENT; ARCHITECTURE; SOCIAL HISTORY,building,ALABAMA,Dallas,Selma,"410 Martin Luther King, Jr. St.",https://catalog.archives.gov/id/77836066,2/4/82,12/9/97,,,82002009
76002259,,"Clayton, Henry D., House",Listed,Single,FALSE,51, COMMERCE; POLITICS/GOVERNMENT,BUILDING,ALABAMA,Barbour,Clayton,1 mi. S of Clayton off AL 30,https://catalog.archives.gov/id/77835631,12/8/76,12/8/76, Clayton Plantation,,76002259
66000154,,"Curry, J. L. M., House",Listed,Single,FALSE,760.5, EDUCATION,BUILDING,ALABAMA,Talladega,Talladega,3 mi. NE of Talladega on AL 21,https://catalog.archives.gov/id/77835692,10/15/66,12/21/65, Jabez Lamar Monroe Curry House,,66000154
74000431,,Dexter Avenue Baptist Church,Listed,Single,FALSE,0.9, BLACK; POLITICS/GOVERNMENT; RELIGION; SOCIAL HISTORY,BUILDING,ALABAMA,Montgomery,Montgomery,454 Dexter Ave.,https://catalog.archives.gov/id/77835679,7/1/74,5/30/74,,,74000431
13000281,,Edmund Pettus Bridge,Listed,Single,FALSE,,,STRUCTURE,ALABAMA,Dallas,Selma,"US 80, MP 85.415",,2/27/13,2/27/13,,,13000281
74000420,,Episcopal Church of the Nativity,Listed,Single,FALSE,1, ARCHITECTURE; RELIGION,BUILDING,ALABAMA,Madison,Huntsville,212 Eustis St.,https://catalog.archives.gov/id/77836774,10/9/74,6/21/90,,,74000420
72000178,,Fort Mitchell Site,Listed,Single,TRUE,321, HISTORIC - ABORIGINAL; COMMERCE; HISTORIC - NON-ABORIGINAL; MILITARY,SITE,ALABAMA,Russell,Fort Mitchell,Address Restricted,,6/13/72,6/21/90, Fort Mitchell;1Ru102,,72000178
66000146,,Fort Morgan,Listed,Single,FALSE,250, MILITARY,BUILDING,ALABAMA,Baldwin,Gasque,Western terminus of AL 180,https://catalog.archives.gov/id/77835629,10/15/66,12/19/60,,,66000146
66000148,,Fort Toulouse,Listed,Single,FALSE,180, MILITARY; EXPLORATION/SETTLEMENT,SITE,ALABAMA,Elmore,Wetumpka,4 mi (6.4 km) SW of Wetumpka at confluence of the Coosa and Tallapoosa rivers,https://catalog.archives.gov/id/77835641,10/15/66,10/9/60, Fort Jackson,,66000148
05000457,,"Foster Auditorium, The University of Alabama",Listed,Single,FALSE,,,BUILDING,ALABAMA,Tuscaloosa,Tuscaloosa,Sixth Avenue,https://catalog.archives.gov/id/77835694,4/5/05,4/5/05,,,05000457
72000167,,Gaineswood,Listed,Single,FALSE,6, ARCHITECTURE,BUILDING,ALABAMA,Marengo,Demopolis,805 S. Cedar St.,https://catalog.archives.gov/id/77835667,1/5/72,3/3/74,,,72000167
92001885,,Government Street Presbyterian Church,Listed,Single,FALSE,0.9, ARCHITECTURE,BUILDING,ALABAMA,Mobile,Mobile,300 Government St.,https://catalog.archives.gov/id/77835669,10/5/92,10/5/92,,,92001885
70000101,,Ivy Green,Listed,Single,FALSE,10, EDUCATION; COMMUNICATIONS; SOCIAL HISTORY,BUILDING,ALABAMA,Colbert,Tuscumbia,300 W. North Common,https://catalog.archives.gov/id/77835970,8/25/70,3/31/92, Helen Keller Birthplace,,70000101
90001318,,Kenworthy Hall,Listed,Single,FALSE,19, ARCHITECTURE,BUILDING,ALABAMA,Perry,Marion,"AL 14, W of Marion",https://catalog.archives.gov/id/77835683,8/23/90,8/18/04, Carlisle Hall; Edward Kennedy Carlisle House,,90001318
69000034,,Mobile City Hall,Listed,Single,FALSE,4, COMMERCE; ARCHITECTURE,BUILDING,ALABAMA,Mobile,Mobile,111 S. Royal St.,https://catalog.archives.gov/id/77836878,12/3/69,11/7/73, City Hall;Old City Hall--Old Southern Market,,69000034
83003521,,MONTGOMERY (snagboat),Listed,Single,FALSE,0.9, COMMERCE; ENGINEERING; TRANSPORTATION; MARITIME HISTORY,STRUCTURE,ALABAMA,Pickens,Pickensville,Tom Bevill Visitor Center,https://catalog.archives.gov/id/77835685,11/28/83,6/30/89, U.S. Snagboat MONTGOMERY,,83003521
73000368,,Montgomery Union Station and Trainshed,Listed,Single,FALSE,3, COMMERCE; ENGINEERING; TRANSPORTATION; ARCHITECTURE,STRUCTURE,ALABAMA,Montgomery,Montgomery,Water St.,https://catalog.archives.gov/id/77837145,7/24/73,12/8/76, Louisville &amp; Nashville Railroad:Montgomery Union Station and,,73000368
66000149,,Moundville,Listed,Single,FALSE,300, PREHISTORIC,SITE,ALABAMA,Hale,Moundville,1 mi. (1.6 km) W of Moundville on SR 21,https://catalog.archives.gov/id/77835643,10/15/66,7/19/64, Mound State Monument,,66000149
85002807,,Neutral Buoyancy Space Simulator,Listed,Single,FALSE,0.9, OTHER; ENGINEERING,STRUCTURE,ALABAMA,Madison,Huntsville,George C. Marshall Space Flight Center,https://catalog.archives.gov/id/77835661,10/3/85,10/3/85,,,85002807
100006236,NL,Old Monroe County Courthouse,Listed,NHL,FALSE,1, LITERATURE; POLITICS/GOVERNMENT; ARCHITECTURE,building,ALABAMA,Monroe,Monroeville,Courthouse Sq.,,,1/13/21,,,73000366
85002804,,Propulsion and Structural Test Facility,Listed,Single,FALSE,0.9, OTHER; MILITARY; ENGINEERING,STRUCTURE,ALABAMA,Madison,Huntsville,George C. Marshall Space Flight Center,https://catalog.archives.gov/id/77835659,10/3/85,10/3/85, Solid Motor Structural Test Facility,,85002804
76000341,,Redstone Test Stand,Listed,Single,FALSE,2, MILITARY; ENGINEERING; EXPLORATION/SETTLEMENT; SCIENCE,STRUCTURE,ALABAMA,Madison,Huntsville,George C. Marshall Space Flight Center,https://catalog.archives.gov/id/77836794,5/13/76,10/3/85, Interim Test Stand,,76000341
85002806,,Saturn V Dynamic Test Stand,Listed,Single,FALSE,0.9, OTHER; ENGINEERING; TRANSPORTATION,STRUCTURE,ALABAMA,Madison,Huntsville,George C. Marshall Space Flight Center,https://catalog.archives.gov/id/77835663,10/3/85,10/3/85, Dynamic Structural Test Facility,,85002806
78000500,,Saturn V Space Vehicle,Listed,Single,FALSE,0.9, ENGINEERING; TRANSPORTATION; EXPLORATION/SETTLEMENT,STRUCTURE,ALABAMA,Madison,Huntsville,Tranquility Base,https://catalog.archives.gov/id/77836796,11/22/78,2/10/87,,,78000500
80000696,,Sixteenth Street Baptist Church,Listed,Single,FALSE,0.9, BLACK; ARCHITECTURE; SOCIAL HISTORY,BUILDING,ALABAMA,Jefferson,Birmingham,1530 6th Ave. North at 16th St.,https://catalog.archives.gov/id/77836436,9/17/80,2/20/06,,,80000696
72000162,,Sloss Blast Furnace Site,Listed,Single,FALSE,16.5, INDUSTRY; ENGINEERING,DISTRICT,ALABAMA,Jefferson,Birmingham,1st Ave. at 32nd St.,https://catalog.archives.gov/id/77836492,6/22/72,5/29/81, Sloss Blast Furnaces,,72000162
73000347,,St. Andrew's Church,Listed,Single,FALSE,3, ARCHITECTURE,BUILDING,ALABAMA,Hale,Prairieville,U.S. 80,https://catalog.archives.gov/id/77835645,11/7/73,11/7/73,,,73000347
74002223,,Swayne Hall,Listed,Single,FALSE,0, BLACK; EDUCATION,BUILDING,ALABAMA,Talladega,Talladega,Talladega College campus,https://catalog.archives.gov/id/77835690,12/2/74,12/2/74,,,74002223
66000151,,Tuskegee Institute National Historic Site,Listed,Single,FALSE,74.4, BLACK; EDUCATION,DISTRICT,ALABAMA,Macon,Tuskegee,1 mi. NW of Tuskegee on U.S. 80,https://catalog.archives.gov/id/77835653,10/15/66,6/23/65,,Tuskegee Institute,66000151
98000611,,United States Post Office and Courthouse-Montgomery,Listed,Single,FALSE,1.5, ARCHITECTURE; SOCIAL HISTORY; POLITICS/GOVERNMENT; BLACK,BUILDING,ALABAMA,Montgomery,Montgomery,15 Lee St.,https://catalog.archives.gov/id/77837169,6/3/98,7/21/15," Frank M. Johnson, Jr. Federal Building",,98000611
86000083,,USS ALABAMA (battleship),Listed,Single,FALSE,0.9, MILITARY,STRUCTURE,ALABAMA,Mobile,Mobile,Battleship Pkwy.,https://catalog.archives.gov/id/77835675,1/14/86,1/14/86, BB-60,,86000083
86000086,,USS DRUM (submarine),Listed,Single,FALSE,0.9, MILITARY,STRUCTURE,ALABAMA,Mobile,Mobile,Battleship Pkwy.,https://catalog.archives.gov/id/77835673,1/14/86,1/14/86, SS-228,,86000086
66000147,,Wilson Dam,Listed,Single,FALSE,20, INDUSTRY; COMMERCE; TRANSPORTATION,STRUCTURE,ALABAMA,Colbert,Florence,Tennessee River on AL 133,https://catalog.archives.gov/id/77835635,11/13/66,11/13/66,,,66000147
73000371,,"Yancey, William Lowndes, Law Office",Listed,Single,FALSE,0.9, POLITICS/GOVERNMENT,BUILDING,ALABAMA,Montgomery,Montgomery,Adams and Perry Sts.,,11/7/73,11/7/73,,,73000371
95000453,,Yuchi Town,Listed,Single,TRUE,280, NATIVE AMERICAN; PREHISTORIC,SITE,ALABAMA,Russell,Fort Benning,Address Restricted,,6/19/96,6/19/96, 1RU63;1RU57,,95000453
87000841,,Adak Army Base and Adak Naval Operating Station,Listed,Single,FALSE,46700, MILITARY,DISTRICT,ALASKA,Aleutian Islands,Adak Station,"Roughly bounded by Cape Adagdak, Scabbard Bay, and Shagak Bay",https://catalog.archives.gov/id/75325287,2/27/87,2/27/87, Adak Naval Station (Naval Air Station Adak),,87000841
72000192,,Alaska Native Brotherhood Hall,Listed,Single,FALSE,0.3, NATIVE AMERICAN,BUILDING,ALASKA,Sitka,Sitka,Katlean St.,https://catalog.archives.gov/id/75325744,2/23/72,6/2/78, Sitka Camp No. 1,,72000192
05000460,,Amalik Bay Archeological District,Listed,Single,TRUE,,,DISTRICT,ALASKA,Dillingham,King Salmon,Address Restricted,,4/5/05,4/5/05,,,05000460
66000162,,American Flag Raising Site,Listed,Single,FALSE,3.6, EXPLORATION/SETTLEMENT; POLITICS/GOVERNMENT,SITE,ALASKA,Sitka,Sitka,Castle Hill,https://catalog.archives.gov/id/75325329,10/15/66,6/13/62, Baranov Castle;Castle Hill;AHRS Site Sit 002,,66000162
78000512,,Anangula Archeological District,Listed,Single,TRUE,47, PREHISTORIC,SITE,ALASKA,Aleutian Islands,Nikolski,Address Restricted,,6/2/78,6/16/78, AHRS-SAM-012,,78000512
66000159,,Anvil Creek Gold Discovery Site,Listed,Single,FALSE,2, EXPLORATION/SETTLEMENT,SITE,ALASKA,Nome,Nome,4.25 mi. N of Nome on Seward Peninsula at Anvil Creek,,10/15/66,12/21/65,,,66000159
85002729,,Attu Battlefield and U.S. Army and Navy Airfields on Attu,Listed,Single,FALSE,7000, MILITARY,SITE,ALASKA,Aleutian Islands,Aleutian Islands,Attu Island,https://catalog.archives.gov/id/75325281,2/4/85,2/4/85,,,85002729
77001542,,Bering Expedition Landing Site,Listed,Single,FALSE,1, EXPLORATION/SETTLEMENT,SITE,ALASKA,Valdez-Cordova,Katalla,S of Katalla on Kayak Island,https://catalog.archives.gov/id/75325828,7/20/77,6/2/78, AHRS SITE NO. XMI 005,,77001542
66000953,,Birnirk Site,Listed,Single,TRUE,1, PREHISTORIC,SITE,ALASKA,North Slope,Barrow,Address Restricted,,10/15/66,12/29/62,,,66000953
78000342,,Brooks River Archeological District,Listed,Single,TRUE,583, HISTORIC - ABORIGINAL; PREHISTORIC,DISTRICT,ALASKA,Bristol Bay,Naknek,Address Restricted,https://catalog.archives.gov/id/75325290,2/14/78,4/19/93, 49 MK1;XMK-051;Kittewick,Katmai,78000342
87001301,,Cape Field at Fort Glenn (Umnak Island),Listed,Single,FALSE,7550, MILITARY,DISTRICT,ALASKA,Aleutian Islands,Fort Glenn,NE section of Umnak Island,https://catalog.archives.gov/id/75325277,5/28/87,5/28/87, Umnak Airport,,87001301
73000378,,Cape Krusenstern Archeological District National Monument,Listed,Single,TRUE,2000000, PREHISTORIC; HISTORIC - ABORIGINAL,SITE,ALASKA,Northwest Arctic,Kotzebue,Address Restricted,,11/7/73,11/7/73, Cape Krusenstern;Sealing Point,Cape Krusenstern,73000378
78000535,,Cape Nome Mining District Discovery Sites,Listed,Single,FALSE,67.9, INDUSTRY,DISTRICT,ALASKA,Nome,Nome,Address unknown,https://catalog.archives.gov/id/75325312,6/2/78,6/2/78," AHRS Site Nos. NOM 021,038,039;See Also:Anvil Creek Gold Dis",,78000535
66000155,,Chaluka Site,Listed,Single,TRUE,10, PREHISTORIC,SITE,ALASKA,Aleutian Islands,Nikolski,Address Restricted,,10/15/66,12/29/62,,,66000155
75002120,,Chilkoot Trail,Listed,Single,FALSE,638, TRANSPORTATION,DISTRICT,ALASKA,Skagway-Yakutat-Angoon,Skagway,Mile 0 to U.S./Canada Border,https://catalog.archives.gov/id/75325780,4/14/75,6/16/78, AHRS SKG-067,Klondike Gold Rush,75002120
70000898,MP,Church of the Assumption of the Virgin Mary,Listed,Multiple,FALSE,13.5, EDUCATION; LAW; ARCHITECTURE; RELIGION; SOCIAL HISTORY,BUILDING,ALASKA,Kenai Peninsula,Kenai,Mission and Overland Sts.,https://catalog.archives.gov/id/75325303,5/10/70,5/10/70, Holy Assumption Orthodox Church,,70000898
70000112,MP,Church of the Holy Ascension,Listed,Multiple,FALSE,1.5, ART; EDUCATION; ARCHITECTURE; RELIGION; SOCIAL HISTORY,BUILDING,ALASKA,Aleutian Islands,Unalaska,In Unalaska,https://catalog.archives.gov/id/75325275,4/15/70,4/15/70, Holy Ascension Orthodox Church,,70000112
74000442,,Dry Creek Archeological Site,Listed,Single,TRUE,9.3, PREHISTORIC,SITE,ALASKA,Yukon-Koyukuk,Lignite,Address Restricted,,9/6/74,6/16/78,,,74000442
85002733,,"Dutch Harbor Naval Operating Base and Fort Mears, U.S. Army",Listed,Single,FALSE,1000, MILITARY,DISTRICT,ALASKA,Aleutian Islands,Unalaska,Amaknak Island,https://catalog.archives.gov/id/75325285,2/4/85,2/4/85,,,85002733
70000919,,Eagle Historic District,Listed,Single,FALSE,360, COMMUNICATIONS,DISTRICT,ALASKA,Southeast Fairbanks,Eagle,"Mile 0, Taylor Hwy.",https://catalog.archives.gov/id/75325795,10/27/70,6/2/78," Eagle,City of;Egbert,Harry C.,Fort Site",,70000919
78000529,,Fort Durham Site,Listed,Single,TRUE,45, COMMERCE; HISTORIC - NON-ABORIGINAL,SITE,ALASKA,Juneau,Taku Harbor,Address Restricted,,5/5/78,6/16/78, AHRS Site JUN 036;Fort Taku,,78000529
72000190,,Fort William H. Seward,Listed,Single,FALSE,200, MILITARY,DISTRICT,ALASKA,Haines,Haines,S of Haines at Port Chilkoot,https://catalog.archives.gov/id/75325504,4/11/72,6/16/78, Chilkoot Barracks;AHRS Site No. SKG-001,,72000190
100011363,NL,Fort William H. Seward,Listed,NHL,FALSE,37, MILITARY,district,ALASKA,Haines,Haines,S of Haines at Port Chilkoot,,,12/13/24,,,72000190
78003208,,Gallagher Flint Station Archeological Site,Listed,Single,TRUE,10, PREHISTORIC,SITE,ALASKA,North Slope,Sagwon,Address Restricted,,6/2/78,6/2/78,,,78003208
66000157,,Ipiutak Site,Listed,Single,TRUE,400, PREHISTORIC,SITE,ALASKA,North Slope,Point Hope Peninsula,Address Restricted,,10/15/66,5/10/70,,,66000157
66000158,,Iyatayet Site,Listed,Single,TRUE,5, PREHISTORIC,SITE,ALASKA,Nome,Cape Denbigh Peninsula,Address Restricted,,10/15/66,1/20/61, Cape Denbigh Flint Site,,66000158
85002732,,"Japanese Occupation Site, Kiska Island",Listed,Single,FALSE,48900, MILITARY,SITE,ALASKA,Aleutian Islands,Aleutian Islands,Kiska Island,https://catalog.archives.gov/id/75325283,2/4/85,2/4/85,,,85002732
97001677,,Kake Cannery,Listed,Single,FALSE,12, MARITIME HISTORY; INDUSTRY; SOCIAL HISTORY,DISTRICT,ALASKA,Wrangell-Peterburg,Kake,1.5 mi. south of Kake,https://catalog.archives.gov/id/75325350,12/9/97,12/9/97," Sanborn Cutting Co., Sunny Point Packing Co., Alaska Pacific",,97001677
78003420,,Kennecott Mines,Listed,Single,FALSE,7700, INDUSTRY; ENGINEERING,DISTRICT,ALASKA,Valdez-Cordova,Kennecott,SE of Kennecott Glacier on N bank of National Creek,https://catalog.archives.gov/id/75325832,7/12/78,6/23/86, AHRS Site No. XMC-001;Kennecott,,78003420
94001644,,Kijik Archeological District,Listed,Single,TRUE,1920, HISTORIC - ABORIGINAL; PREHISTORIC,DISTRICT,ALASKA,Bristol Bay,Nondalton,Address Restricted,,10/12/94,10/12/94, Qizhjeh;XLC-001;see also:Kijik Historic District,Lake Clark,94001644
85002731,,Kodiak Naval Operating Base and Forts Greely and Abercrombie,Listed,Single,FALSE,350, MILITARY,SITE,ALASKA,Kodiak Island,Kodiak,Address unknown,https://catalog.archives.gov/id/75325308,2/4/85,2/4/85, US Coast Guard Support Center and Fort Abercrombie State His,,85002731
85002730,ADNL,Ladd Field,Done,NHL Updated Documentation,FALSE,528, MILITARY,district,ALASKA,Fairbanks North Star,Fairbanks,Address Unknown,,,9/2/24,,,85002730
85002730,,Ladd Field,Listed,Single,FALSE,1010, MILITARY,DISTRICT,ALASKA,Fairbanks North Star,Fairbanks,Address Unknown,https://catalog.archives.gov/id/75325295,2/4/85,2/4/85, Fort Wainwright,,85002730
71001093,,Leffingwell Camp Site,Listed,Single,FALSE,10, SCIENCE,SITE,ALASKA,North Slope,Flaxman Island,58 mi. W of Barter Island on Arctic Coast,https://catalog.archives.gov/id/75325730,6/21/71,6/16/78,,,71001093
72001581,,NENANA (steamer),Listed,Single,FALSE,0.9, TRANSPORTATION; ARCHITECTURE; MARITIME HISTORY,STRUCTURE,ALASKA,Fairbanks North Star,Fairbanks,Alaskaland,https://catalog.archives.gov/id/75325492,6/27/72,5/5/89,,,72001581
72001593,,New Russia Site,Listed,Single,FALSE,1, EXPLORATION/SETTLEMENT,SITE,ALASKA,Skagway-Yakutat-Angoon,Yakutat,SW of Yakutat on Phipps Peninsula,https://catalog.archives.gov/id/75325774,2/23/72,6/16/78,,,72001593
66000166,,Old Sitka Site,Listed,Single,FALSE,5, EXPLORATION/SETTLEMENT,SITE,ALASKA,Sitka,Sitka,6 mi. N (9.6 km) of Sitka on Starrigavan Bay,https://catalog.archives.gov/id/75325327,10/15/66,6/13/62, Redoubt St. Archangel Michael Site;AHRS SITE SIT 006,,66000166
72000191,,Onion Portage Archeological District,Listed,Single,TRUE,15360, PREHISTORIC,DISTRICT,ALASKA,Northwest Arctic,Kiana,Address Restricted,,6/20/72,6/16/78,,Kobuk Valley,72000191
66000957,,Palugvik Archeological District,Listed,Single,TRUE,180, PREHISTORIC,SITE,ALASKA,Valdez-Cordova,Cordova,Address Restricted,,10/15/66,12/29/62,,,66000957
66000025,MP,Russian Bishop's House,Listed,Multiple,FALSE,0.5, ENGINEERING; EDUCATION; EXPLORATION/SETTLEMENT; ARCHITECTURE; RELIGION,BUILDING,ALASKA,Sitka,Sitka,Lincoln and Monastery Sts.,https://catalog.archives.gov/id/75325151,10/15/66,6/13/62, Russian Mission Orphanage,Sitka,66000025
87001282,,Russian-American Building No. 29,Listed,Single,FALSE,0.5, EXPLORATION/SETTLEMENT; POLITICS/GOVERNMENT,BUILDING,ALASKA,Sitka,Sitka,202--204 Lincoln St.,https://catalog.archives.gov/id/75325331,5/28/87,5/28/87," Tilson Building;Building No. 29, Sitka",,87001282
66000954,,Russian-American Company Magazin,Listed,Single,FALSE,0.5, ARCHITECTURE,BUILDING,ALASKA,Kodiak Island,Kodiak,Main St. and Mission Rd.,https://catalog.archives.gov/id/75325305,10/15/66,6/13/62, Erskine House,,66000954
66000156,,Seal Island Historic District,Listed,Single,FALSE,6970, INDUSTRY; NATIVE AMERICAN; CONSERVATION,DISTRICT,ALASKA,Aleutian Islands,Pribilof Islands,St. Paul and St. George Islands,https://catalog.archives.gov/id/75325279,10/15/66,6/13/62, The Seal Islands;Pribilof Islands;See Also:80000744;80000743; Fur Seal Rookeries,,66000156
72000193,,Sheldon Jackson School,Listed,Single,FALSE,1, EDUCATION,BUILDING,ALASKA,Sitka,Sitka,Lincoln St.,https://catalog.archives.gov/id/75325764,2/23/72,8/7/01,,,72000193
86003559,ADNL,Sitka Naval Operating Base and US Army Coastal Defenses,Done,NHL Updated Documentation,FALSE,150, MILITARY,district,ALASKA,Sitka,Sitka,Japonski Island,,,9/2/24,,,86003559
86003559,,Sitka Naval Operating Base and US Army Coastal Defenses,Listed,Single,FALSE,510, MILITARY,DISTRICT,ALASKA,Sitka,Sitka,Japonski Island,https://catalog.archives.gov/id/75325333,8/11/86,8/11/86, Sitka;the Causeway;Mt. Edgecumbe School,,86003559
78000513,,Sitka Spruce Plantation,Listed,Single,FALSE,0.9, AGRICULTURE; EXPLORATION/SETTLEMENT,SITE,ALASKA,Aleutian Islands,Unalaska,N of Unalaska on Amaknak Island,https://catalog.archives.gov/id/75325355,2/14/78,6/16/78," AHRS UNL-074;""The Forest""",,78000513
66000943,,Skagway Historic District and White Pass,Listed,Single,FALSE,10, ARCHITECTURE,DISTRICT,ALASKA,Skagway-Yakutat-Angoon,Skagway and,Head of Taiya Inlet on Lynn Canal,https://catalog.archives.gov/id/75325339,10/15/66,6/13/62,,Klondike Gold Rush,66000943
74002264,,Sourdough Lodge,Removed,Single,FALSE,9.9, TRANSPORTATION,BUILDING,ALASKA,Valdez-Cordova,Gakona,AK 4 (Richardson Hwy.),,,6/16/78, Hart's Road House;AHRS GUL-056,,74002264
66000165,MP,St. Michael's Cathedral,Listed,Multiple,FALSE,0.3, ARCHITECTURE; RELIGION,BUILDING,ALASKA,Sitka,Sitka,"Lincoln and Maksoutoff District,",https://catalog.archives.gov/id/75325153,10/15/66,6/13/62,,,66000165
72001542,,"Thomas, George C., Memorial Library",Listed,Single,FALSE,0.5, SOCIAL HISTORY,BUILDING,ALASKA,Fairbanks North Star,Fairbanks,901 1st Ave.,https://catalog.archives.gov/id/75325490,2/23/72,6/2/78, North Star Boro Library;AHRS FAI-004,,72001542
72001541,,Three Saints Site,Listed,Single,TRUE,70, PREHISTORIC; HISTORIC - NON-ABORIGINAL; EXPLORATION/SETTLEMENT,SITE,ALASKA,Kodiak Island,Old Harbor,Address Restricted,,2/23/72,6/16/78, AHRS SITE KOD 124,,72001541
66000161,,Wales Sites,Listed,Single,TRUE,100, PREHISTORIC,DISTRICT,ALASKA,Nome,Wales,Address Restricted,,10/15/66,12/29/62, Wales Complex,,66000161
100000875,NL,Walrus Islands Archeological District,Listed,NHL,TRUE,,,,ALASKA,Dillingham,Togiak,Address Restricted,,,12/23/16,,,100000875
66000955,,Yukon Island Main Site,Listed,Single,TRUE,700, PREHISTORIC,SITE,ALASKA,Kenai Peninsula,Yukon Island,Address Restricted,,10/15/66,12/29/62,,,66000955
73002128,,Blunts Point Naval Gun,Listed,Single,FALSE,1, MILITARY,SITE,AMERICAN SAMOA,Eastern,Pago Pago,Matautu Ridge,https://catalog.archives.gov/id/131517728,4/26/73,5/28/87," Matautu Ridge Gun Site;See Also: Blunt's Point Battery, Amer",,73002128
72001443,,Government House,Listed,Single,FALSE,1.4, MILITARY; ARCHITECTURE; POLITICS/GOVERNMENT,BUILDING,AMERICAN SAMOA,Eastern,Pago Pago,Togotogo Ridge,https://catalog.archives.gov/id/131517735,3/16/72,12/14/90," Building No.1;Naval Station;Tutuila;Government House,U.S. Na",,72001443
14000280,,1956 Grand Canyon TWA-United Airlines Aviation Accident Site,Listed,Single,TRUE,,,SITE,ARIZONA,Coconino,Grand Canyon National Park,Address Restricted,,4/22/14,4/22/14,,,14000280
92001234,,Air Force Facility Missile Site 8 (571-7) Military Reservation,Listed,Single,FALSE,3.3, ENGINEERING; MILITARY; ARCHITECTURE,SITE,ARIZONA,Pima,Green Valley,1580 W. Duval Mine Rd.,https://catalog.archives.gov/id/75609550,12/3/92,4/19/94, Titan Missile Museum;Titan II ICBM Missile Site 571-7,,92001234
66000187,,Awatovi Ruins,Listed,Single,TRUE,770, PREHISTORIC; HISTORIC - ABORIGINAL; AGRICULTURE,SITE,ARIZONA,Navajo,Keams Canyon,Address Restricted,,10/15/66,7/19/64, Awatovi,,66000187
71000118,,Calabasas,Listed,Single,TRUE,22, HISTORIC - ABORIGINAL; HISPANIC; NATIVE AMERICAN; HISTORIC - NON-ABORIGINAL,SITE,ARIZONA,Santa Cruz,Nogales,Address Restricted,,6/3/71,12/14/90, San Cayetano de Calabasas;San Cayetano de Calabazas,,71000118
66000936,,Casa Malpais Site,Listed,Single,TRUE,14.3, PREHISTORIC,SITE,ARIZONA,Apache,Springerville,Address Restricted,,10/15/66,7/19/64, Arizona Q:15:3,,66000936
66000190,,Desert Laboratory,Listed,Single,FALSE,869.5, EDUCATION; SCIENCE,BUILDING,ARIZONA,Pima,Tucson,W of Tucson off W. Anklam Rd. on Tumamoc Hill,https://catalog.archives.gov/id/75609552,10/15/66,12/21/65, Tumamoc Hill,,66000190
66000169,,Double Adobe Site,Listed,Single,TRUE,2, PREHISTORIC,SITE,ARIZONA,Cochise,Douglas,Address Restricted,,10/15/66,1/20/61,,,66000169
74000334,,El Tovar Hotel,Listed,Single,FALSE,4.1, COMMERCE; ENTERTAINMENT/RECREATION; ARCHITECTURE,BUILDING,ARIZONA,Coconino,Grand Canyon,"Grand Canyon National Park, Rte. 8A",https://catalog.archives.gov/id/75609735,9/6/74,5/28/87, El Tovar,Grand Canyon,74000334
76000377,,Fort Apache Historic District,Listed,Single,FALSE,288, MILITARY,DISTRICT,ARIZONA,Navajo,Whiteriver,S of Whiteriver off AZ 73 on Fort Apache Indian Reservation,https://catalog.archives.gov/id/75610362,10/14/76,3/2/12,,,76000377
72000194,,Fort Bowie National Historic Site,Listed,Single,FALSE,1000, NATIVE AMERICAN; MILITARY; ARCHITECTURE,DISTRICT,ARIZONA,Cochise,Bowie,12 mi. S of Bowie,https://catalog.archives.gov/id/75609680,7/29/72,12/19/60,,Fort Bowie,72000194
74000443,,Fort Huachuca,Listed,Single,FALSE,110, MILITARY; EXPLORATION/SETTLEMENT,DISTRICT,ARIZONA,Cochise,Sierra Vista,3.6 mi. W of Sierra Vista,https://catalog.archives.gov/id/75609672,11/20/74,5/11/76, Old Post Area,,74000443
66000183,,Gatlin Site,Listed,Single,TRUE,190, PREHISTORIC,SITE,ARIZONA,Maricopa,Gila Bend,Address Restricted,,10/15/66,7/19/64, Arizona Z:2:1;Arizona State Museum Site Number Z:2:1,,66000183
82001721,,Grand Canyon Lodge,Listed,Single,FALSE,45, ENTERTAINMENT/RECREATION; POLITICS/GOVERNMENT; ARCHITECTURE,DISTRICT,ARIZONA,Coconino,Grand Canyon National Park,North Rim on Bright Angel Point,https://catalog.archives.gov/id/75609759,9/2/82,5/28/87, Grand Canyon Lodge Historic District,Grand Canyon,82001721
87001412,,Grand Canyon Park Operations Building,Listed,Single,FALSE,0.9, ARCHITECTURE,BUILDING,ARIZONA,Coconino,Grand Canyon National Park,Off West Rim Dr.,https://catalog.archives.gov/id/75609513,5/28/87,5/28/87, Grand Canyon Ranger Office;See Also:Grand Canyon Village His,Grand Canyon,87001412
87001411,,Grand Canyon Power House,Listed,Single,FALSE,0.9, ARCHITECTURE,BUILDING,ARIZONA,Coconino,Grand Canyon National Park,Off West Rim Dr.,https://catalog.archives.gov/id/75609515,5/28/87,5/28/87, See Also:Grand Canyon Village Historic District,Grand Canyon,87001411
74000337,,Grand Canyon Railroad Station,Listed,Single,FALSE,0, TRANSPORTATION; ENTERTAINMENT/RECREATION; ARCHITECTURE,BUILDING,ARIZONA,Coconino,Grand Canyon,Grand Canyon National Park Rte. 8A,https://catalog.archives.gov/id/75609806,9/6/74,5/28/87, Grand Canyon Depot,Grand Canyon,74000337
75000343,,Grand Canyon Village Historic District,Listed,Single,FALSE,73.1, EXPLORATION/SETTLEMENT; ARCHITECTURE; POLITICS/GOVERNMENT; COMMERCE; TRANSPORTATION; CONSERVATION,DISTRICT,ARIZONA,Coconino,Grand Canyon,AZ 64,https://catalog.archives.gov/id/75609733,11/20/75,2/18/97, Grand Canyon Village;See Also:74000334;74000336;74000337;750,Grand Canyon,75000343
95001226,,Grand Canyon Village Historic District (Boundary Increase),Listed,Single,FALSE,52, COMMUNITY PLANNING AND DEVELOPMENT; POLITICS/GOVERNMENT; ARCHITECTURE; LANDSCAPE ARCHITECTURE; OTHER,DISTRICT,ARIZONA,Coconino,Grand Canyon,Grand Canyon National Park,https://catalog.archives.gov/id/75609525,10/24/95,2/18/97, Grand Canyon Village;See Also:Grand Canyon Village Historic,Grand Canyon,95001226
71000119,,Guevavi Mission Ruins,Listed,Single,FALSE,7.8, HISTORIC - ABORIGINAL; NATIVE AMERICAN; HISTORIC - NON-ABORIGINAL; EXPLORATION/SETTLEMENT; HISPANIC; RELIGION,SITE,ARIZONA,Santa Cruz,Nogales,6 mi. N of U.S.-Mexican border,https://catalog.archives.gov/id/75610627,11/5/71,6/21/90, San Gabriel de Guevavi;Los Santos Angeles de Guevavi;Mission,,71000119
66000184,,Hohokam-Pima Irrigation Sites,Listed,Single,TRUE,0, PREHISTORIC,SITE,ARIZONA,Maricopa,Phoenix,Address Restricted,,10/15/66,5/23/63,,,66000184
66000167,,Hubbell Trading Post National Historic Site,Listed,Single,FALSE,160.1, COMMERCE; NATIVE AMERICAN; EXPLORATION/SETTLEMENT; ARCHITECTURE,DISTRICT,ARIZONA,Apache,Ganado,W side of Ganado,https://catalog.archives.gov/id/75609494,10/15/66,12/12/60,,Hubbell Trading Post,66000167
66000196,,Jerome Historic District,Listed,Single,FALSE,750, INDUSTRY,DISTRICT,ARIZONA,Yavapai,Jerome,Jerome,https://catalog.archives.gov/id/75609560,11/13/66,11/13/66,,,66000196
66000180,,Kinishba Ruins,Listed,Single,TRUE,40, PREHISTORIC; ARCHITECTURE,DISTRICT,ARIZONA,Gila,Whiteriver,Address Restricted,,10/15/66,7/19/64,,,66000180
100006279,NL,Klagetoh (Leegito) Chapter House,Listed,NHL,FALSE,0.4, NATIVE AMERICAN; POLITICS/GOVERNMENT,building,ARIZONA,Apache,Klagetoh,"US 191, approx. milepost 397 (west side)",,,1/13/21,,,100006279
100006280,SG,Klagetoh (Leegito) Chapter House,Listed,Single,FALSE,0.4, NATIVE AMERICAN; POLITICS/GOVERNMENT,building,ARIZONA,Apache,Klagetoh,"US 191, approx. milepost 397 (west side)",,,1/13/21,,,100006279
67000002,,Lehner Mammoth-Kill Site,Listed,Single,TRUE,485, PREHISTORIC,SITE,ARIZONA,Cochise,Hereford,Address Restricted,,5/28/67,5/28/67,,,67000002
66000172,,Lowell Observatory,Listed,Multiple,FALSE,4, SCIENCE,BUILDING,ARIZONA,Coconino,Flagstaff,1 mi. W of Flagstaff on Mars Hill,https://catalog.archives.gov/id/75609527,10/15/66,12/21/65,,,66000172
87001436,,"Mary Jane Colter Buildings (Hopi House, The Lookout, Hermit's Rest, and the Desert View Watchtower)",Listed,Single,FALSE,2, ARCHITECTURE; ENTERTAINMENT/RECREATION,DISTRICT,ARIZONA,Coconino,Grand Canyon National Park,Several locations along the South Rim,https://catalog.archives.gov/id/75609521,5/28/87,5/28/87, See Also:Hermit's Rest;Grand Canyon Village Historic Distric,Grand Canyon,87001436
66000173,,"Merriam, C. Hart, Base Camp Site",Listed,Single,FALSE,2.5, SCIENCE,SITE,ARIZONA,Coconino,Flagstaff,20 mi. NW of Flagstaff in Coconino National Forest,https://catalog.archives.gov/id/75609529,10/15/66,12/21/65,,,66000173
12001019,,Murray Springs Clovis Site,Listed,Single,FALSE,,,SITE,ARIZONA,Cochise,Sierra Vista,"T.21 S., R.21 E.; Sec. 26 (portion) East of Moson Rd.",,10/16/12,10/16/12,,,12001019
04001155,,Navajo Nation Council Chamber,Listed,Single,FALSE,1.6, NATIVE AMERICAN; POLITICS/GOVERNMENT; ARCHITECTURE,BUILDING,ARIZONA,Apache,Window Rock,W008-013 Circle Boulevard,https://catalog.archives.gov/id/75609498,8/18/04,8/18/04, Council House; Central Agency House,,04001155
66000188,,Old Oraibi,Listed,Single,FALSE,800, PREHISTORIC; HISTORIC - ABORIGINAL,DISTRICT,ARIZONA,Navajo,Oraibi,Hopi Indian Reservation,https://catalog.archives.gov/id/75609543,10/15/66,7/19/64,,,66000188
100000838,NL,Painted Desert Community Complex Historic District,Listed,NHL,FALSE,24, COMMUNITY PLANNING AND DEVELOPMENT; ARCHITECTURE,district,ARIZONA,Apache,Petrified Forest National Park,One Park Rd.,,,12/23/16,,,05000284
87001421,,Painted Desert Inn,Listed,Single,FALSE,9.9, ART; ARCHITECTURE; SOCIAL HISTORY,BUILDING,ARIZONA,Apache,Petrified Forest National Park,Off US 40,https://catalog.archives.gov/id/75609545,5/28/87,5/28/87,,Petrified Forest,87001421
71000109,,Phelps Dodge General Office Building,Listed,Single,FALSE,0.9, INDUSTRY,BUILDING,ARIZONA,Cochise,Bisbee,"Copper Queen Plaza, intersection of Main St. and Brewery Gulch",https://catalog.archives.gov/id/75609660,6/3/71,5/4/83,,,71000109
66000182,,Point of Pines,Listed,Single,TRUE,0, PREHISTORIC,SITE,ARIZONA,Graham,Morenci,Address Restricted,,10/15/66,7/19/64, Point of Pines Site,,66000182
12001010,,"Poston Elementary School, Unit 1, Colorado River Relocation Center",Listed,Single,FALSE,,,BUILDING,ARIZONA,La Paz,Parker,Poston Rd. .4 mi. west of Mohave Rd.,,10/16/12,10/16/12,,,12001010
66000185,,Pueblo Grande Ruin,Listed,Single,FALSE,169, PREHISTORIC; HISTORIC - ABORIGINAL; AGRICULTURE; CONSERVATION,DISTRICT,ARIZONA,Maricopa,Phoenix,4619 E. Washington Ave.,https://catalog.archives.gov/id/75609536,10/15/66,7/19/65, Arizona State Museum site nos.:U:9:1;U:9:2;U:9:27;U:9:28,,66000185
09000082,,"Sage Memorial Hospital School of Nursing, Ganado Mission",Listed,Single,FALSE,160, EDUCATION; HEALTH/MEDICINE; NATIVE AMERICAN,DISTRICT,ARIZONA,Apache,Ganado,"Jct. AZ 264 and 291, Navajo Reservation",https://catalog.archives.gov/id/75609496,1/16/09,1/16/09,,,09000082
66000170,,San Bernardino Ranch,Listed,Single,FALSE,2000, MILITARY; TRANSPORTATION; EXPLORATION/SETTLEMENT; ARCHITECTURE,DISTRICT,ARIZONA,Cochise,Douglas,17 mi. E of Douglas on the international boundary,https://catalog.archives.gov/id/75609503,10/15/66,7/19/64, John Slaughter Ranch,,66000170
66000191,,San Xavier del Bac,Listed,Single,FALSE,14, EXPLORATION/SETTLEMENT; ARCHITECTURE; RELIGION,BUILDING,ARIZONA,Pima,Tucson,9 mi. S of Tucson via Mission Rd.,https://catalog.archives.gov/id/75609548,10/15/66,10/9/60, San Xavier del Bac Mission,,66000191
66000181,,Sierra Bonita Ranch,Listed,Single,FALSE,320, AGRICULTURE,BUILDING,ARIZONA,Graham,Bonita,SW of Bonita,https://catalog.archives.gov/id/75609532,10/15/66,7/19/64, The Hooker Ranch,,66000181
74000457,,Taliesin West,Listed,Single,FALSE,620, ARCHITECTURE,BUILDING,ARIZONA,Maricopa,Scottsdale,N of jct. of Shea Blvd. and 108th St.,https://catalog.archives.gov/id/75610065,2/12/74,5/20/82, Taliesin in the Desert;Taliesin on the Maricopa Mesa,,74000457
66000171,,Tombstone Historic District,Listed,Single,FALSE,42, INDUSTRY; POLITICS/GOVERNMENT; SOCIAL HISTORY,DISTRICT,ARIZONA,Cochise,Tombstone,U.S. 80,https://catalog.archives.gov/id/75609509,10/15/66,7/4/61, See Also:St. Paul`s Episcopal Church;Tombstone City Hall,,66000171
87001437,,Tumacacori Museum,Listed,Single,FALSE,0.9, ARCHITECTURE,BUILDING,ARIZONA,Santa Cruz,Tumacacori,Tumacacori National Monument,https://catalog.archives.gov/id/75609556,5/28/87,5/28/87, See Also:Tumacacori National Monument,Tumacacori,87001437
66000189,,Ventana Cave,Listed,Single,TRUE,8.3, PREHISTORIC; HISTORIC - ABORIGINAL,SITE,ARIZONA,Pima,Santa Rosa,Address Restricted,,10/15/66,1/20/61, Arizona State Museum Survey Ariz Z:12:5,,66000189
66000177,,Winona,Listed,Single,TRUE,140, PREHISTORIC,DISTRICT,ARIZONA,Coconino,Winona,Address Restricted,,10/15/66,7/19/64, Winona Village,,66000177
66000197,,Yuma Crossing and Associated Sites,Listed,Single,FALSE,149, TRANSPORTATION; EXPLORATION/SETTLEMENT,DISTRICT,ARIZONA,Yuma,Yuma,Banks of the Colorado River,https://catalog.archives.gov/id/75609562,11/13/66,11/13/66,,,66000197
66000198,,Arkansas Post National Memorial,Listed,Single,FALSE,389.2, MILITARY; EUROPEAN; EXPLORATION/SETTLEMENT; POLITICS/GOVERNMENT,DISTRICT,ARKANSAS,Arkansas,Gillett,8 mi. SE of Gillett on AR 1 and 169,,10/15/66,10/9/60,,Arkansas Post,66000198
01000072,,"Bates, Daisy, House",Listed,Single,FALSE,,,BUILDING,ARKANSAS,Pulaski,Little Rock,1207 West 28th St.,,1/3/01,1/3/01,,,01000072
74000275,,Bathhouse Row,Listed,Single,FALSE,6, HEALTH/MEDICINE; ARCHITECTURE,DISTRICT,ARKANSAS,Garland,Hot Springs,"Central Ave. between Reserve and Fountain Sts., in Hot Springs National Park",,11/13/74,5/28/87,,Hot Springs,74000275
03001044,,Centennial Baptist Church,Listed,Single,FALSE,0.9, RELIGION; ARCHITECTURE; BLACK,BUILDING,ARKANSAS,Phillips,Helena,York and Columbia Streets,,7/31/03,7/31/03,,,03001044
72000203,,Confederate State Capitol,Listed,Single,FALSE,0.9, ARCHITECTURE; POLITICS/GOVERNMENT,BUILDING,ARKANSAS,Hempstead,Washington,Main St.,,5/19/72,4/19/94, The Hempstead County Courthouse,,72000203
91001048,,Eaker Site,Listed,Single,TRUE,80, PREHISTORIC; NATIVE AMERICAN,SITE,ARKANSAS,Mississippi,Blytheville,Address Restricted,,11/25/92,6/11/96, 3MS105,,91001048
94001182,,Elkins' Ferry,Listed,Single,FALSE,575, MILITARY,SITE,ARKANSAS,Nevada,Prescott,"Both banks of the Little Missouri R., about 10 mi. N of Prescott",,4/19/94,4/19/94, Battle of Elkins' Ferry,,94001182
94001183,,Fort Lookout,Listed,Single,FALSE,7, MILITARY,SITE,ARKANSAS,Ouachita,Camden,"S bank of the Ouachita R., about 1.0 mi. W of US 79",,4/19/94,4/19/94, Redoubt A;OU0032;Camden Expedition Sites,,94001183
66000202,,Fort Smith National Historic Site,Listed,Single,FALSE,19.3, MILITARY; LAW,DISTRICT,ARKANSAS,Sebastian,Fort Smith,301 Parker Ave.,,10/15/66,12/19/60, Fort Smith National Historic Landmark,Fort Smith,66000202
94001184,,Fort Southerland,Listed,Single,FALSE,6, MILITARY,SITE,ARKANSAS,Ouachita,Camden,"Roughly bounded by: Lear Ave., Bradley Ferry Rd., and Progress St.",,4/19/94,4/19/94, Redoubt E;OU0049;Camden Expedition Sites,,94001184
70000120,,Jenkins' Ferry Battleground,Listed,Single,FALSE,1900, MILITARY,SITE,ARKANSAS,Grant,Leola,NE of Leola on AR 46,,1/21/70,4/19/94, Battle of Jenkins' Ferry;GR0016,,70000120
77000268,,Little Rock Central High School,Listed,Single,FALSE,5, BLACK; EDUCATION; LAW; POLITICS/GOVERNMENT; SOCIAL HISTORY,BUILDING,ARKANSAS,Pulaski,Little Rock,14th and Park Sts.,,8/19/77,5/20/82, Little Rock High School,,77000268
72000206,,Louisiana Purchase Survey Marker,Listed,Single,FALSE,0.9, EXPLORATION/SETTLEMENT,SITE,ARKANSAS,Lee,Blackton,SE of Blackton at corner of Monroe and Phillips counties,,2/23/72,4/19/93, Beginning Point of the Louisiana Purchase Survey;Louisiana P,,72000206
70000119,,Marks' Mills Battlefield Park,Listed,Single,FALSE,1742, MILITARY,SITE,ARKANSAS,Cleveland,Fordyce,Jct. of AR 8 and AR 97,,1/21/70,4/19/94, CV0001,,70000119
85003542,,Menard-Hodges Mounds (3AR4),Listed,Single,TRUE,35, PREHISTORIC; HISTORIC - ABORIGINAL; HISTORIC - NON-ABORIGINAL; EXPLORATION/SETTLEMENT,SITE,ARKANSAS,Arkansas,Nady,Address Restricted,,10/31/85,4/11/89, 3AR4,,85003542
66000201,,Nodena Site,Listed,Single,TRUE,305, PREHISTORIC,SITE,ARKANSAS,Mississippi,Wilson,Address Restricted,,10/15/66,7/19/64, Upper Nodena;Middle Nodena,,66000201
69000037,,Old State House,Listed,Single,FALSE,1.5, POLITICS/GOVERNMENT; ARCHITECTURE,BUILDING,ARKANSAS,Pulaski,Little Rock,300 W. Markham St.,,12/3/69,12/9/97,,,69000037
66000200,,Parkin Indian Mound,Listed,Single,TRUE,27, PREHISTORIC; HISTORIC - ABORIGINAL,SITE,ARKANSAS,Cross,Parkin,Address Restricted,,10/15/66,7/19/64, Stanley Mound Group 3CS29,,66000200
73000382,AD,Plum Bayou Mounds Archeological State Park,Listed,Add.Doc.,TRUE,170, PREHISTORIC,site,ARKANSAS,Lonoke,Scott,Address Restricted,,1/12/73,6/16/78, Knapp Mounds;Toltec Mounds Site,,73000382
69000036,,Poison Spring State Park,Listed,Single,FALSE,1120, MILITARY,SITE,ARKANSAS,Ouachita,Chidester,NW of Camden,,12/3/69,4/19/94, Battle of the Poison Spring,,69000036
74000481,,Prairie De Ann Battlefield,Listed,Single,FALSE,5760, MILITARY,SITE,ARKANSAS,Nevada,Prescott,N and S of Hwy. 24 and SW of Prescott,,3/22/74,4/19/94, NE0037,,74000481
75000411,,"Robinson, Joseph Taylor, House",Listed,Single,FALSE,0.9, POLITICS/GOVERNMENT,BUILDING,ARKANSAS,Pulaski,Little Rock,2122 Broadway,,8/28/75,10/12/94, Foster-Robinson House;See Also:Governor's Mansion Historic D,,75000411
92001882,,Rohwer Relocation Center Memorial Cemetery,Listed,Single,FALSE,0.9, ASIAN; SOCIAL HISTORY,DISTRICT,ARKANSAS,Desha,Rohwer,AR 1,,7/6/92,7/6/92, Nisei Camp Cemetery;See Also:Rohwer Relocation Center,,92001882
70000127,,U.S. Arsenal Building,Listed,Single,FALSE,0.9, MILITARY,BUILDING,ARKANSAS,Pulaski,Little Rock,"MacArthur Park, 9th and Commerce Sts.",,7/28/70,4/19/95, See Also:MacArthur Park Historic District,,70000127
89001429,,USS HOGA YT-146 (formerly CITY OF OAKLAND),Listed,Single,FALSE,0.1, MILITARY; MARITIME HISTORY,STRUCTURE,ARKANSAS,Pulaski,North Little Rock (formerly Oakland),120 River Park Drive,,6/30/89,6/30/89, HOGA (YT-146); CITY OF OAKLAND,,89001429
14000782,,"""Big Four"" House",Listed,Single,FALSE,,,BUILDING,CALIFORNIA,Sacramento,Sacramento,220-226 K St.,https://catalog.archives.gov/id/123857994,10/15/66,7/7/61,,,14000782
66000204,,"Abbey, The-Joaquin Miller House",Listed,Single,FALSE,14, LITERATURE,BUILDING,CALIFORNIA,Alameda,Oakland,Joaquin Miller Rd. and Sanborn Dr.,https://catalog.archives.gov/id/123857885,10/15/66,12/29/62, Joaquin Miller Home,,66000204
77000149,,Ahwahnee Hotel,Listed,Single,FALSE,35, ARCHITECTURE,BUILDING,CALIFORNIA,Mariposa,Yosemite National Park,Yosemite Valley,https://catalog.archives.gov/id/123859726,2/15/77,5/28/87,,Yosemite,77000149
76000209,,Alcatraz,Listed,Single,FALSE,47, COMMERCE; MILITARY; ENGINEERING; SOCIAL HISTORY,DISTRICT,CALIFORNIA,San Francisco,San Francisco,"Alcatraz Island, San Francisco Bay",https://catalog.archives.gov/id/123861025,6/23/76,1/17/86," Alcatraz Island National Historic Landmark;Pacific Branch, U",Golden Gate,76000209
75000179,,ALMA (Scow Schooner),Listed,Single,FALSE,0.1, COMMERCE; TRANSPORTATION; ARCHITECTURE,STRUCTURE,CALIFORNIA,San Francisco,San Francisco,2905 Hyde St. (Hyde St. Pier),https://catalog.archives.gov/id/123861027,10/10/75,6/7/88,,Golden Gate,75000179
71000164,,"Angel Island, U.S. Immigration Station",Listed,Single,FALSE,731.8, MILITARY; PREHISTORIC; SOCIAL HISTORY; ARCHITECTURE,DISTRICT,CALIFORNIA,Marin,Tiburon,SE of Tiburon in San Francisco Bay,https://catalog.archives.gov/id/123859654,10/14/71,12/9/97,,,71000164
92001875,,Angelus Temple,Listed,Single,FALSE,0.9, RELIGION; SOCIAL HISTORY,BUILDING,CALIFORNIA,Los Angeles,Los Angeles,1100 Glendale Blvd.,https://catalog.archives.gov/id/123857916,4/27/92,4/27/92,,,92001875
70000140,,Anza House,Listed,Single,FALSE,0.9, ARCHITECTURE,BUILDING,CALIFORNIA,San Benito,San Juan Bautista,3rd and Franklin Sts.,https://catalog.archives.gov/id/123858008,4/15/70,4/15/70,,,70000140
84001183,,Aquatic Park Historic District,Listed,Single,FALSE,1, COMMUNITY PLANNING AND DEVELOPMENT; ART; MILITARY; ARCHITECTURE,DISTRICT,CALIFORNIA,San Francisco,San Francisco,"Bounded by Van Ness Ave., Hyde and Polk Sts.",https://catalog.archives.gov/id/123858050,1/26/84,5/28/87, Aquatic Park,Golden Gate,84001183
87000823,AD,Asilomar Conference Grounds,Returned,Add.Doc.,FALSE,9, ENTERTAINMENT/RECREATION,DISTRICT,CALIFORNIA,Monterey,Pacific Grove,Asilomar Blvd.,https://catalog.archives.gov/id/123857970,2/27/87,2/27/87,,,87000823
87000823,,Asilomar Conference Grounds,Listed,Single,FALSE,9, ENTERTAINMENT/RECREATION,DISTRICT,CALIFORNIA,Monterey,Pacific Grove,Asilomar Blvd.,https://catalog.archives.gov/id/123857970,2/27/87,2/27/87,,,87000823
100008261,SG,Asilomar Conference Grounds Warnecke Historic District,Listed,Single,FALSE,59.6, ARCHITECTURE; LANDSCAPE ARCHITECTURE,district,CALIFORNIA,Monterey,Pacific Grove,800 Asilomar Blvd.,https://catalog.archives.gov/id/123857970,10/11/22,2/27/87,,,100008261
77000331,,Balboa Park,Listed,Single,FALSE,0, LANDSCAPE ARCHITECTURE; ARCHITECTURE,DISTRICT,CALIFORNIA,San Diego,San Diego,CA Quadrangle 41,https://catalog.archives.gov/id/123858016,12/22/77,12/22/77,,,77000331
76000178,,BALCLUTHA,Listed,Single,FALSE,0.3, COMMERCE; TRANSPORTATION,STRUCTURE,CALIFORNIA,San Francisco,San Francisco,Pier 41 East,https://catalog.archives.gov/id/123861041,11/7/76,2/4/85, STAR OF ALASKA;PACIFIC QUEEN;Sailing Ship BALCLUTHA,Golden Gate,76000178
93000269,,Baldwin Hills Village,Listed,Single,FALSE,64, LANDSCAPE ARCHITECTURE; COMMUNITY PLANNING AND DEVELOPMENT; SOCIAL HISTORY; ARCHITECTURE,DISTRICT,CALIFORNIA,Los Angeles,Los Angeles,5300 Village Green,https://catalog.archives.gov/id/123857918,4/1/93,1/30/01, The Village Green,,93000269
66000227,,"Bancroft, Hubert H., Ranchhouse",Listed,Single,FALSE,1, LITERATURE,BUILDING,CALIFORNIA,San Diego,Spring Valley,Bancroft Dr. off CA 94,https://catalog.archives.gov/id/123858018,10/15/66,12/29/62,,,66000227
78000754,,Bank of Italy,Listed,Single,FALSE,0.9, COMMERCE,BUILDING,CALIFORNIA,San Francisco,San Francisco,552 Montgomery St.,https://catalog.archives.gov/id/123858054,6/2/78,6/16/78, Clay-Montgomery Building,,78000754
71000143,,"Barnsdall, Aline, Complex",Listed,Single,FALSE,11, LANDSCAPE ARCHITECTURE; ARCHITECTURE,building,CALIFORNIA,Los Angeles,Los Angeles,4800 Hollywood Blvd.,https://catalog.archives.gov/id/123858945,5/6/71,3/29/07," Barnsdall,Aline House, Olive Hill; Barnsdall Park",,71000143
90002220,,BERKELEY,Listed,Single,FALSE,0.9, MARITIME HISTORY; TRANSPORTATION; ARCHITECTURE; ENGINEERING,STRUCTURE,CALIFORNIA,San Diego,San Diego,B St. Pier,https://catalog.archives.gov/id/123858020,12/14/90,12/14/90, Ferry BERKELEY,,90002220
66000213,,Bodie Historic District,Listed,Single,FALSE,500, INDUSTRY; EXPLORATION/SETTLEMENT,DISTRICT,CALIFORNIA,Mono,Bridgeport,"7 mi. S of Bridgeport on U.S. 395, then 12 mi. E on secondary rd.",,10/15/66,7/4/61,,,66000213
91001424,,Borax Lake-Hodges Archeological Site,Listed,Single,TRUE,26.2, PREHISTORIC,SITE,CALIFORNIA,Lake,Clearlake,Address Restricted,,10/3/91,9/20/06, CA-LAK-36;Borax Lake Site,,91001424
71000144,,Bradbury Building,Listed,Single,FALSE,0.6, ARCHITECTURE,BUILDING,CALIFORNIA,Los Angeles,Los Angeles,304 S. Broadway,https://catalog.archives.gov/id/123858975,7/14/71,5/5/77,,,71000144
66000241,,"Burbank, Luther, House and Garden",Listed,Single,FALSE,0.5, AGRICULTURE,BUILDING,CALIFORNIA,Sonoma,Santa Rosa,200 Santa Rosa Ave.,https://catalog.archives.gov/id/123862044,10/15/66,6/19/64,,,66000241
66000229,AD,C.A. THAYER (Additional Documentation),Listed,Add.Doc.,FALSE,0.9, INDUSTRY; COMMERCE; ARCHITECTURE,structure,CALIFORNIA,San Francisco,San Francisco,San Francisco Maritime National Historical Park/Hyde Street Pier,https://catalog.archives.gov/id/123861065,11/13/66,11/13/66, C.A. THAYER (Lumber Schooner),Golden Gate,66000229
15000279,,California Powder Works Bridge,Listed,Single,FALSE,,,STRUCTURE,CALIFORNIA,Santa Cruz,Santa Cruz,"Spanning San Lorenzo River at Keystone Way, Paradise Park",,2/27/15,2/27/15,,,15000279
66000214,,Carmel Mission,Listed,Single,FALSE,5, ARCHITECTURE; RELIGION,BUILDING,CALIFORNIA,Monterey,Carmel,Rio Rd.,https://catalog.archives.gov/id/123857972,10/15/66,10/9/60, Mission San Carlos de Borromeo del Rio Carmelo,,66000214
01000509,,Carrizo Plain Rock Art Discontiguous District,Listed,Single,TRUE,1215, PREHISTORIC; HISTORIC - ABORIGINAL; ART; RELIGION,DISTRICT,CALIFORNIA,San Luis Obispo,California Valley,Address Restricted,,5/23/01,3/2/12,,,01000509
70000141,,"Castro, Jose, House",Listed,Single,FALSE,1, ARCHITECTURE,BUILDING,CALIFORNIA,San Benito,San Juan Bautista,S side of the Plaza,https://catalog.archives.gov/id/123858010,4/15/70,4/15/70,,,70000141
100000802,NL,Chicano Park,Listed,NHL,FALSE,7.4, HISPANIC; ART; SOCIAL HISTORY,site,CALIFORNIA,San Diego,San Diego,"Near National Ave., Logan Ave., and Dewey St.",,,12/23/16,,,12001192
66000207,,Coloma,Listed,Single,FALSE,112, INDUSTRY; EXPLORATION/SETTLEMENT,DISTRICT,CALIFORNIA,El Dorado,Placerville,7 mi. NW of Placerville on CA 49,https://catalog.archives.gov/id/123857899,10/15/66,7/4/61, Coloma (Gold Discovery Site),,66000207
66000242,,Columbia Historic District,Listed,Single,FALSE,0, EXPLORATION/SETTLEMENT; ARCHITECTURE,DISTRICT,CALIFORNIA,Tuolumne,Sonora,4 mi. NW of Sonora on CA 49,https://catalog.archives.gov/id/123858125,10/15/66,7/4/61,,,66000242
99001178,,Coso Rock Art District,Listed,Single,TRUE,36450, PREHISTORIC; ART,DISTRICT,CALIFORNIA,Inyo,China Lake,Address Restricted,,10/8/99,7/7/01, Coso Rock District NHL; Big and Little Petroglyph Canyons National Historic Landmark,,99001178
66000209,,Coso Rock District,Listed,Single,TRUE,300, PREHISTORIC; ART,SITE,CALIFORNIA,Inyo,China Lake,Address Restricted,,10/15/66,7/19/64, Big and Little Petroglyphy Canyons; Coso Rock Art District,,66000209
66000218,,Donner Camp,Listed,Single,FALSE,260, EXPLORATION/SETTLEMENT; SOCIAL HISTORY,SITE,CALIFORNIA,Nevada,Truckee,2.6 mi. W of Truckee on U.S. 40,https://catalog.archives.gov/id/123857984,10/15/66,1/20/61, Donner Camp Sites;Donner Memorial State Park,,66000218
12001006,,Drakes Bay Historic and Archeological District,Listed,Single,TRUE,,,DISTRICT,CALIFORNIA,Marin,Point Reyes Station,Address Restricted,,10/16/12,10/16/12,,,12001006
06000978,,Eames House,Listed,Single,FALSE,1.4, ARCHITECTURE; ART; INVENTION,BUILDING,CALIFORNIA,Los Angeles,Pacific Palisades,203 N Chautauqua Blvd.,https://catalog.archives.gov/id/123857922,9/20/06,9/20/06, Case Study House #8,,06000978
93001609,,Elmshaven,Listed,Single,FALSE,3, RELIGION; HEALTH/MEDICINE; SOCIAL HISTORY,DISTRICT,CALIFORNIA,Napa,St. Helena,125 Glass Mountain Ln.,https://catalog.archives.gov/id/123857982,11/4/93,11/4/93, Ellen White House;Robert Pratt Place,,93001609
70000143,,Estudillo House,Listed,Single,FALSE,1, ARCHITECTURE,BUILDING,CALIFORNIA,San Diego,San Diego,4000 Mason St.,https://catalog.archives.gov/id/123858022,4/15/70,4/15/70,,,70000143
73000229,,EUREKA,Listed,Single,FALSE,0.5, COMMERCE; ENGINEERING; TRANSPORTATION,STRUCTURE,CALIFORNIA,San Francisco,San Francisco,"San Francisco Maritime State Historic Park, 2905 Hyde St.",https://catalog.archives.gov/id/123861095,4/24/73,2/4/85, UKIAH;Ferryboat EUREKA,Golden Gate,73000229
77000283,,"First Church of Christ, Scientist",Listed,Single,FALSE,0, ARCHITECTURE,BUILDING,CALIFORNIA,Alameda,Berkeley,2619 Dwight Way,https://catalog.archives.gov/id/123857877,12/22/77,12/22/77, Christian Science Church,,77000283
66000938,,First Pacific Coast Salmon Cannery Site,Removed,Single,FALSE,0.9, COMMERCE,SITE,CALIFORNIA,Yolo,Broderick,"On the Sacramento River, opposite the foot of K St.",,,4/6/64,,,66000938
66000230,,"Flood, James C., Mansion",Listed,Single,FALSE,1.3, COMMERCE,BUILDING,CALIFORNIA,San Francisco,San Francisco,California and Mason Sts.,https://catalog.archives.gov/id/123858060,11/13/66,11/13/66, Pacific Union Club,,66000230
73000426,,Folsom Powerhouse,Listed,Single,FALSE,12, INDUSTRY; ENGINEERING,BUILDING,CALIFORNIA,Sacramento,Folsom,Off Folsom Blvd. in Folsom Lake State Recreation Area,https://catalog.archives.gov/id/123860590,10/2/73,5/29/81,,,73000426
66000239,,Fort Ross,Listed,Single,FALSE,1.8, EXPLORATION/SETTLEMENT,BUILDING,CALIFORNIA,Sonoma,Fort Ross,N of Fort Ross on CA 1,https://catalog.archives.gov/id/123858117,10/15/66,11/5/61,,,66000239
70000150,,Fort Ross Commander's House,Listed,Single,FALSE,4, COMMERCE; ARCHITECTURE,BUILDING,CALIFORNIA,Sonoma,Fort Ross,"N of Fort Ross on CA 1, Fort Ross State Historical Monument",https://catalog.archives.gov/id/123858115,4/15/70,4/15/70,,,70000150
01001050,,Fresno Sanitary Landfill,Listed,Single,FALSE,,,SITE,CALIFORNIA,Fresno,Fresno,West and Jensen Aves.,https://catalog.archives.gov/id/123857901,8/7/01,8/7/01,,,01001050
71000155,,Gamble House,Listed,Single,FALSE,2.5, ARCHITECTURE,BUILDING,CALIFORNIA,Los Angeles,Pasadena,4 Westmoreland Pl.,https://catalog.archives.gov/id/123859131,9/3/71,12/22/77, David Berry Gamble House;The Gamble House;Greene and Greene,,71000155
70000149,,"Gonzalez, Rafael, House",Listed,Single,FALSE,1.5, ARCHITECTURE,BUILDING,CALIFORNIA,Santa Barbara,Santa Barbara,835 Laguna St.,https://catalog.archives.gov/id/123858086,4/15/70,4/15/70,,,70000149
66000208,,Gunther Island Site 67,Listed,Single,TRUE,6, PREHISTORIC; HISTORIC - ABORIGINAL,SITE,CALIFORNIA,Humboldt,Eureka,Address Restricted,,10/15/66,7/19/64, 4-Hum-67;Tolowot;CA-Hum-67;Dulawo't,,66000208
86000103,,Hale Solar Laboratory,Listed,Single,FALSE,0.7, SCIENCE; ARCHITECTURE; INVENTION,BUILDING,CALIFORNIA,Los Angeles,Pasadena,740 Holladay Rd.,https://catalog.archives.gov/id/123857926,1/23/86,12/20/89, Hale Laboratory,,86000103
78000780,,Hanna-Honeycomb House,Listed,Single,FALSE,1.4, LANDSCAPE ARCHITECTURE; EDUCATION; ARCHITECTURE,BUILDING,CALIFORNIA,Santa Clara,Palo Alto,737 Frenchman's Rd.,https://catalog.archives.gov/id/123861693,11/7/78,6/29/89, Paul R. Hanna House,,78000780
77000325,,Harada House,Listed,Single,FALSE,0.1, ASIAN; LAW; POLITICS/GOVERNMENT,BUILDING,CALIFORNIA,Riverside,Riverside,3356 Lemon St.,https://catalog.archives.gov/id/123860476,9/15/77,12/14/90,,,77000325
72000253,,Hearst San Simeon Estate,Listed,Single,FALSE,127.1, LANDSCAPE ARCHITECTURE; ART; POLITICS/GOVERNMENT; ARCHITECTURE; COMMUNICATIONS; SOCIAL HISTORY,building,CALIFORNIA,San Luis Obispo,San Simeon,3 mi. NE of San Simeon,https://catalog.archives.gov/id/123861464,6/22/72,5/11/76, Hearst San Simeon State Historical Monument;La Cuesta Encant,,72000253
75000225,,HERCULES (tugboat),Listed,Single,FALSE,0.9, INDUSTRY; COMMERCE; ENGINEERING; TRANSPORTATION,STRUCTURE,CALIFORNIA,San Francisco,San Francisco,"Maritime Unit, Hyde St. Pier, National Maritime Museum",https://catalog.archives.gov/id/123861157,1/17/75,1/17/86, Tugboat HERCULES;HERCULES (tugboat) National Historic Landma,Golden Gate,75000225
78000786,,"Hoover, Lou Henry, House",Listed,Single,FALSE,2.1, POLITICS/GOVERNMENT; ARCHITECTURE,BUILDING,CALIFORNIA,Santa Clara,Stanford,623 Mirada Rd.,https://catalog.archives.gov/id/123861705,1/30/78,2/4/85, Hoover House,,78000786
71000181,,Hotel Del Coronado,Listed,Single,FALSE,34, ARCHITECTURE,BUILDING,CALIFORNIA,San Diego,Coronado,1500 Orange Ave.,https://catalog.archives.gov/id/123860886,10/14/71,5/5/77,,,71000181
76000494,,"Hubble, Edwin, House",Listed,Single,FALSE,0.9, SCIENCE,BUILDING,CALIFORNIA,Los Angeles,San Marino,1340 Woodstock Rd.,https://catalog.archives.gov/id/123857928,12/8/76,12/8/76, Edwin Powell Hubble House,,76000494
66000083,,John Muir National Historic Site,Listed,Single,FALSE,8.7, AGRICULTURE; CONSERVATION; LITERATURE; SCIENCE; ARCHITECTURE; SOCIAL HISTORY,BUILDING,CALIFORNIA,Contra Costa,Martinez,4202 Alhambra Ave.,https://catalog.archives.gov/id/123858540,10/15/66,12/29/62,,John Muir,66000083
12001014,,Knight's Ferry Bridge,Listed,Single,FALSE,,,STRUCTURE,CALIFORNIA,Stanislaus,Knight's Ferry,"Spanning Stanislaus River at bypassed section of Sonora Rd., approx. .75 mile north of CA 108/120",,10/16/12,10/16/12,,,12001014
70000147,,La Purísima Mission,Listed,Single,FALSE,980, EXPLORATION/SETTLEMENT,BUILDING,CALIFORNIA,Santa Barbara,Lompoc,"4 mi. E of Lompoc, near jct. of CA 1 and 150",,4/15/70,4/15/70,,,70000147
66000205,,Lake Merritt Wild Duck Refuge,Listed,Single,FALSE,160, CONSERVATION,SITE,CALIFORNIA,Alameda,Oakland,"Lakeside Park, Grand Ave.",https://catalog.archives.gov/id/123857881,10/15/66,5/23/63,,,66000205
90002222,,LANE VICTORY,Listed,Single,FALSE,0.9, ARCHITECTURE; MILITARY; TRANSPORTATION,STRUCTURE,CALIFORNIA,Los Angeles,San Pedro,"Berth 4, Port of San Pedro",https://catalog.archives.gov/id/123857930,12/14/90,12/14/90,,,90002222
66000215,,Larkin House,Listed,Single,FALSE,0.5, ARCHITECTURE,BUILDING,CALIFORNIA,Monterey,Monterey,464 Calle Principale,https://catalog.archives.gov/id/123857974,10/15/66,12/19/60,,,66000215
68000021,,Las Flores Adobe,Listed,Single,FALSE,11.5, ARCHITECTURE,BUILDING,CALIFORNIA,San Diego,Camp Pendleton,"Stuart Mesa Rd., about 7 mi. N of jct. with Vandergrift Blvd.",https://catalog.archives.gov/id/123860904,11/24/68,11/24/68,,,68000021
77000148,,LeConte Memorial Lodge,Listed,Single,FALSE,1, CONSERVATION; EDUCATION; ARCHITECTURE,BUILDING,CALIFORNIA,Mariposa,Curry Village,"Yosemite Valley, Yosemite National Park",https://catalog.archives.gov/id/123859754,3/8/77,5/28/87,,Yosemite,77000148
89002462,,"Lightship WAL-605, RELIEF",Listed,Single,FALSE,0.1, POLITICS/GOVERNMENT; ARCHITECTURE; SOCIAL HISTORY,STRUCTURE,CALIFORNIA,Alameda,Oakland,Oakland Estuary in Brroklyn Basin,https://catalog.archives.gov/id/75611912,12/20/89,12/20/89, OVERFALLS;BLUNTS;WLV-605,,89002462
86001479,,Little Tokyo Historic District,Listed,Single,FALSE,3.8, COMMERCE; ASIAN; ARCHITECTURE,DISTRICT,CALIFORNIA,Los Angeles,Los Angeles,301--369 First and 106--120 San Pedro Sts.,https://catalog.archives.gov/id/123857932,8/22/86,6/12/95,,,86001479
71000174,,Locke Historic District,Listed,Single,FALSE,14, ASIAN; ARCHITECTURE; SOCIAL HISTORY,DISTRICT,CALIFORNIA,Sacramento,Locke,"Bounded on the W by the Sacramento River, on the N by Locke Rd., on the E by Alley St., and on the S by Levee St.",https://catalog.archives.gov/id/123860628,5/6/71,12/14/90,,,71000174
66000240,,"London, Jack, Ranch",Listed,Single,FALSE,39.3, LITERATURE,BUILDING,CALIFORNIA,Sonoma,Glen Ellen,0.4 mi. W of Glen Ellen in Jack London Historical State Park,https://catalog.archives.gov/id/123858119,10/15/66,12/29/62, Jack London Home and Ranch,,66000240
87000764,,Looff Carousel and Roller Coaster on the Santa Cruz Beach Boardwalk,Listed,Single,FALSE,24, ENTERTAINMENT/RECREATION,STRUCTURE,CALIFORNIA,Santa Cruz,Santa Cruz,Along Beach St.,https://catalog.archives.gov/id/123858107,2/27/87,2/27/87, The Big Dipper,,87000764
70000148,,Los Alamos Ranch House,Listed,Single,FALSE,800, EXPLORATION/SETTLEMENT; ARCHITECTURE,BUILDING,CALIFORNIA,Santa Barbara,Los Alamos,3 mi. W of Los Alamos on old U.S. 101,https://catalog.archives.gov/id/123858088,4/15/70,4/15/70, Rancho Los Alamos (de la Guerra);Los Alamos Rancho,,70000148
84003866,,Los Angeles Memorial Coliseum,Listed,Single,FALSE,18, ENTERTAINMENT/RECREATION,STRUCTURE,CALIFORNIA,Los Angeles,Los Angeles,3911 S. Figueroa St.,https://catalog.archives.gov/id/123857934,7/27/84,7/27/84, Olympic Stadium (1932),,84003866
70000135,,Los Cerritos Ranch House,Listed,Single,FALSE,15.2, ARCHITECTURE,BUILDING,CALIFORNIA,Los Angeles,Long Beach,4600 Virginia Rd.,https://catalog.archives.gov/id/123857936,4/15/70,4/15/70, Rancho Los Cerritos,,70000135
66000238,,Lower Klamath National Wildlife Refuge,Listed,Single,FALSE,28000, CONSERVATION,SITE,CALIFORNIA,Siskiyou,Dorris,"Lower Klamath Lake, E of Dorris",https://catalog.archives.gov/id/123858109,10/15/66,1/12/65,,,66000238
76000484,,"Manzanar War Relocation Center, National Historic Site",Listed,Single,FALSE,640, SOCIAL HISTORY; ASIAN; MILITARY,SITE,CALIFORNIA,Inyo,Independence,6 mi. S of Independence on CA 395,https://catalog.archives.gov/id/123858834,7/30/76,2/4/85, Manzanar Internment Camp;Manzanar Concentration Camp,,76000484
75002103,,Mare Island Naval Shipyard,Listed,Single,FALSE,150, MILITARY; INVENTION,DISTRICT,CALIFORNIA,Solano,Vallejo,Mare Island,https://catalog.archives.gov/id/123858111,5/15/75,5/15/75,,,75002103
91002055,,Marin County Civic Center,Listed,Single,FALSE,81.5, ARCHITECTURE,BUILDING,CALIFORNIA,Marin,San Rafael,Jct. of N. San Pedro Rd. and Civic Center Dr.,https://catalog.archives.gov/id/123857954,7/17/91,7/17/91,,,91002055
97001262,,Mendocino Woodlands Recreational Demonstration Area,Listed,Single,FALSE,720, LANDSCAPE ARCHITECTURE; ARCHITECTURE; CONSERVATION; POLITICS/GOVERNMENT; COMMUNITY PLANNING AND DEVELOPMENT,DISTRICT,CALIFORNIA,Mendocino,Mendocino,11301 Little Lake Road,https://catalog.archives.gov/id/123857966,9/25/97,9/25/97, Mendocino Woodlands Outdoor Center,,97001262
78000753,,Mission Beach Roller Coaster,Listed,Single,FALSE,2.8, COMMUNITY PLANNING AND DEVELOPMENT; ENGINEERING; ENTERTAINMENT/RECREATION; SOCIAL HISTORY,STRUCTURE,CALIFORNIA,San Diego,San Diego,3000 Mission Blvd.,https://catalog.archives.gov/id/123860925,12/27/78,2/27/87, Mission Beach Roller Coaster National Historic Landmark;Belm,,78000753
71000173,,Mission Inn,Listed,Single,FALSE,3.5, ARCHITECTURE,BUILDING,CALIFORNIA,Riverside,Riverside,3649 7th St.,https://catalog.archives.gov/id/123860496,5/14/71,5/5/77,,,71000173
71000191,,Mission San Miguel Arcangel,Listed,Single,TRUE,0.4, ARCHITECTURE,BUILDING,CALIFORNIA,San Luis Obispo,San Miguel,Address Restricted,,7/14/71,3/30/06, Moye House,,71000191
99000630,,Mission Santa Ines,Listed,Single,FALSE,94.7, ARCHITECTURE; HISTORIC - ABORIGINAL; HISPANIC; NATIVE AMERICAN; RELIGION; SOCIAL HISTORY,DISTRICT,CALIFORNIA,Santa Barbara,Solvang,"E side of Solvang, S of CA 246",,1/20/99,1/20/99, CA-SBA-518,,99000630
72000244,,Modjeska House,Listed,Single,FALSE,14, ENTERTAINMENT/RECREATION; ARCHITECTURE; PERFORMING ARTS; EUROPEAN,BUILDING,CALIFORNIA,Orange,Modjeska,Modjeska Canyon Rd.,https://catalog.archives.gov/id/123860280,12/11/72,12/14/90, Forest of Arden,,72000244
70000137,,Monterey Old Town Historic District,Listed,Single,FALSE,80.3, EXPLORATION/SETTLEMENT; ARCHITECTURE,DISTRICT,CALIFORNIA,Monterey,Monterey,Boundary undetermined at this time,https://catalog.archives.gov/id/123857976,4/15/70,4/15/70, See Also:Larkin House,,70000137
100000831,NL,"Neutra, Richard and Dion, VDL Research Houses and Studio",Listed,NHL,FALSE,0.9, ARCHITECTURE,building,CALIFORNIA,Los Angeles,Los Angeles,2300 Silver Lake Blvd. and 2351 Edgewater Terrace,,,12/23/16,,,03000774
66000236,,New Almaden,Listed,Single,FALSE,3200, INDUSTRY,DISTRICT,CALIFORNIA,Santa Clara,San Jose,14 mi. S of San Jose on CR G8,https://catalog.archives.gov/id/123857895,10/15/66,7/4/61, New Almaden Historic District,,66000236
71000171,,"Nixon, Richard, Birthplace",Listed,Single,FALSE,3, POLITICS/GOVERNMENT,BUILDING,CALIFORNIA,Orange,Yorba Linda,18061 Yorba Linda Blvd.,https://catalog.archives.gov/id/123860288,12/17/71,5/31/73,,,71000171
66000235,,"Norris, Frank, Cabin",Listed,Single,FALSE,10, LITERATURE,BUILDING,CALIFORNIA,Santa Clara,Gilroy,10 mi. W of Gilroy off CA 152,https://catalog.archives.gov/id/123858103,10/15/66,12/29/62, Redwood Retreat,,66000235
11000576,,Nuestra Senora Reina de la Paz,Listed,Single,FALSE,187, INDUSTRY; SOCIAL HISTORY; HISPANIC; POLITICS/GOVERNMENT,DISTRICT,CALIFORNIA,Kern,Keene,29700 Woodford-Tehachapi Rd.,https://catalog.archives.gov/id/123858865,8/30/11,10/8/12," National Chavez Center at Nuestra Senora Reina de La Paz; National Headquarters, United Farm Workers of America",,11000576
66000222,,Oak Grove Butterfield Stage Station,Listed,Single,FALSE,0.1, TRANSPORTATION,BUILDING,CALIFORNIA,San Diego,Oak Grove,13 mi. NW of Warner Springs on CA 79,https://catalog.archives.gov/id/123858030,10/15/66,11/5/61,,,66000222
66000225,,Old Mission Dam,Listed,Single,FALSE,0.3, ENGINEERING; AGRICULTURE,STRUCTURE,CALIFORNIA,San Diego,San Diego,N side of Mission St.-Gorge Rd.,https://catalog.archives.gov/id/123858032,10/15/66,5/21/63, Padre Dam,,66000225
66000219,,Old Sacramento Historic District,Listed,Single,FALSE,30, INDUSTRY; TRANSPORTATION; EXPLORATION/SETTLEMENT; COMMUNICATIONS,DISTRICT,CALIFORNIA,Sacramento,Sacramento,"Jcts. of U.S. 40, 50, 99, and CA 16 and 24",https://catalog.archives.gov/id/123858000,10/15/66,1/12/65, See Also:Pony Express Terminal,,66000219
66000231,,Old U.S. Mint,Listed,Single,FALSE,1, ECONOMICS; ARCHITECTURE,BUILDING,CALIFORNIA,San Francisco,San Francisco,5th and Mission Sts.,https://catalog.archives.gov/id/123858066,10/15/66,7/4/61,,,66000231
100000836,NL,Our Lady of Guadalupe Mission Chapel (1953-1960),Listed,NHL,FALSE,0.9,,,CALIFORNIA,Santa Clara,San Jose,2020 East San Antonio St.,,,12/23/16,,,100000836
73000395,,Paramount Theatre,Listed,Single,FALSE,0.9, ART; ENTERTAINMENT/RECREATION; ARCHITECTURE,BUILDING,CALIFORNIA,Alameda,Oakland,2025 Broadway,https://catalog.archives.gov/id/123858314,8/14/73,5/5/77,,,73000395
79000283,,Parsons Memorial Lodge,Listed,Single,FALSE,0.1, CONSERVATION; ARCHITECTURE,BUILDING,CALIFORNIA,Tuolumne,Yosemite National Park,Tuolumne Meadows,https://catalog.archives.gov/id/123862288,4/30/79,5/28/87,,Yosemite,79000283
70000151,,Petaluma Adobe,Listed,Single,FALSE,5, AGRICULTURE; EXPLORATION/SETTLEMENT; ARCHITECTURE,BUILDING,CALIFORNIA,Sonoma,Petaluma,4 mi. E of Petaluma on Casa Grande Rd.,https://catalog.archives.gov/id/123858121,4/15/70,4/15/70, Rancho Petaluma Adobe;Rancho Petaluma,,70000151
85002813,,Pioneer Deep Space Station,Listed,Single,FALSE,0.9, OTHER; ENGINEERING; COMMUNICATIONS,STRUCTURE,CALIFORNIA,San Bernardino,Fort Irwin,Goldstone Deep Space Communications Complex,https://catalog.archives.gov/id/123858014,10/3/85,10/3/85,,,85002813
85002756,,"Point Reyes Lifeboat Rescue Station, 1927",Listed,Single,FALSE,13, COMMERCE; TRANSPORTATION; MARITIME HISTORY; SOCIAL HISTORY,DISTRICT,CALIFORNIA,Marin,Inverness,"Drake's Bay, Point Reyes National Seashore",https://catalog.archives.gov/id/123857956,11/7/85,12/20/89, Point Reyes Lifeboat Station,Point Reyes,85002756
100009799,NL,Pond Farm Pottery,Listed,NHL,FALSE,34.35, ART; EDUCATION; SOCIAL HISTORY,district,CALIFORNIA,Sonoma,Guerneville,"Armstrong Woods Road, Austin Creek State Recreation Area",,,12/11/23,,,14000307
66000220,,Pony Express Terminal,Listed,Single,FALSE,0.9, COMMUNICATIONS,BUILDING,CALIFORNIA,Sacramento,Sacramento,1006 2nd St.,https://catalog.archives.gov/id/123858002,10/15/66,7/4/61, B.F. Hastings Building,,66000220
66000232,,Presidio,Listed,Single,FALSE,1460, MILITARY; EXPLORATION/SETTLEMENT; HISPANIC; HISTORIC - NON-ABORIGINAL,BUILDING,CALIFORNIA,San Francisco,San Francisco,Northern tip of San Francisco Peninsula on U.S. 101 and I-480,https://catalog.archives.gov/id/123858070,10/15/66,6/13/62, Presidio of San Francisco;Presidio Military Reservation,Golden Gate,66000232
89001430,,RALPH J. SCOTT,Listed,Single,FALSE,0.1, POLITICS/GOVERNMENT; ARCHITECTURE,STRUCTURE,CALIFORNIA,Los Angeles,San Pedro,Berth 85,https://catalog.archives.gov/id/123857938,6/30/89,6/30/89, Fireboat RALPH J. SCOTT;ex-L.A. CITY NO. 2,,89001430
66000234,,"Ralston, William C., House",Listed,Single,FALSE,4, COMMERCE; ECONOMICS; SOCIAL HISTORY,BUILDING,CALIFORNIA,San Mateo,Belmont,College of Notre Dame campus,https://catalog.archives.gov/id/123858082,11/15/66,11/15/66,,,66000234
96001137,,Rancho Camulos,Listed,Single,FALSE,40, EXPLORATION/SETTLEMENT; SOCIAL HISTORY; AGRICULTURE; ARCHITECTURE,DISTRICT,CALIFORNIA,Ventura,Piru,5164 E. Telegraph Rd.,https://catalog.archives.gov/id/123858129,11/1/96,2/16/00, Camulos Ranch;Del Valle Ranch;Camulos,,96001137
70000145,,Rancho Guajome Adobe,Listed,Single,FALSE,158, ARCHITECTURE,BUILDING,CALIFORNIA,San Diego,Vista,2.5 mi. NE of Vista,,4/15/70,4/15/70, Guajome Ranch House,,70000145
87001414,,Rangers' Club,Listed,Single,FALSE,4.5, CONSERVATION; ARCHITECTURE,BUILDING,CALIFORNIA,Mariposa,Yosemite National Park,Yosemite Valley,https://catalog.archives.gov/id/123857964,5/28/87,5/28/87, See Also: Yosemite Village Historic District,Yosemite,87001414
94001647,,Rock Magnetics Laboratory,Removed,Single,FALSE,0.9, SCIENCE,BUILDING,CALIFORNIA,San Mateo,Menlo Park,"U.S Geological Survey, 345 Middlefield Rd.",,,1/1/99, Paleomagnetics Laboratory;Bldg. 9B,,94001647
85002816,,Rogers Dry Lake,Listed,Single,FALSE,41000, OTHER; MILITARY,SITE,CALIFORNIA,Kern,Mojave Desert,Edwards Air Force Base,https://catalog.archives.gov/id/123857909,10/3/85,10/3/85, Muroc Dry Lake,,85002816
66000203,,"Room 307, Gilman Hall, University of California",Listed,Single,FALSE,0.9, SCIENCE,BUILDING,CALIFORNIA,Alameda,Berkeley,University of California at Berkeley campus,https://catalog.archives.gov/id/123857891,10/15/66,12/21/65,,,66000203
87000755,,"Rose Bowl, The",Listed,Single,FALSE,10, ENTERTAINMENT/RECREATION,STRUCTURE,CALIFORNIA,Los Angeles,Pasadena,"991 Rosemont Ave., Brookside Park",https://catalog.archives.gov/id/123857940,2/27/87,2/27/87,,,87000755
66000216,,Royal Presidio Chapel,Listed,Single,FALSE,0.5, EXPLORATION/SETTLEMENT; ARCHITECTURE,BUILDING,CALIFORNIA,Monterey,Monterey,550 Church St.,https://catalog.archives.gov/id/123857980,10/15/66,10/9/60,,,66000216
90002218,,Saddle Rock Ranch Pictograph Site,DETERMINED ELIGIBLE/OWNER OBJECTION,Single,TRUE,9, PREHISTORIC; HISTORIC - NON-ABORIGINAL; ART; EXPLORATION/SETTLEMENT; RELIGION; SOCIAL HISTORY,SITE,CALIFORNIA,Los Angeles,Malibu,Address Restricted,,,1/1/99, CA-LAN-717;Cave of the Four Horsemen;See Also:82004617,,90002218
70000144,,San Diego Mission Church,Listed,Single,FALSE,4.5, EXPLORATION/SETTLEMENT,BUILDING,CALIFORNIA,San Diego,San Diego,5 mi. E of Old Town San Diego on Friars Rd.,https://catalog.archives.gov/id/123858036,4/15/70,4/15/70, Mission San Diego de Alcala,,70000144
66000226,,San Diego Presidio,Listed,Single,FALSE,18, EXPLORATION/SETTLEMENT,SITE,CALIFORNIA,San Diego,San Diego,Presidio Park,https://catalog.archives.gov/id/123858038,10/15/66,10/9/60,,,66000226
68000022,,San Francisco Bay Discovery Site,Listed,Single,FALSE,18.2, EXPLORATION/SETTLEMENT,SITE,CALIFORNIA,San Mateo,San Bruno,4 mi. W of San Bruno via Skyline Dr. and Sneath Lane,https://catalog.archives.gov/id/123858084,5/23/68,5/23/68,,,68000022
66000233,,San Francisco Cable Cars,Listed,Single,FALSE,5.5, TRANSPORTATION,STRUCTURE,CALIFORNIA,San Francisco,San Francisco,1390 Washington St.,https://catalog.archives.gov/id/123858072,10/15/66,1/29/64,,,66000233
78000757,,San Francisco Civic Center Historic District,Listed,Single,FALSE,45.6, COMMUNITY PLANNING AND DEVELOPMENT; LANDSCAPE ARCHITECTURE; ART; ENTERTAINMENT/RECREATION; POLITICS/GOVERNMENT; ARCHITECTURE; SOCIAL HISTORY,DISTRICT,CALIFORNIA,San Francisco,San Francisco,"Roughly bounded by Golden Gate Ave., 7th, Franklin, Hayes, and Market Sts.",https://catalog.archives.gov/id/123861280,10/10/78,2/27/87, San Francisco Civic Center National Historic Landmark,,78000757
85002433,,"San Francisco Port of Embarkation, US Army",Listed,Single,FALSE,21, MILITARY,DISTRICT,CALIFORNIA,San Francisco,San Francisco,Ft. Mason,https://catalog.archives.gov/id/123858076,2/4/85,2/4/85, See Also:Fort Mason,Golden Gate,85002433
69000038,,San Juan Bautista Plaza Historic District,Listed,Single,FALSE,0, COMMUNITY PLANNING AND DEVELOPMENT; ARCHITECTURE,DISTRICT,CALIFORNIA,San Benito,San Juan Bautista,"Buildings surrounding plaza at Washington, Mariposa, and 2nd Sts.",https://catalog.archives.gov/id/123858012,12/8/69,4/15/70," See Also:Castro, Jose, House",,69000038
70000142,,San Luis Rey Mission Church,Listed,Single,FALSE,35, ARCHITECTURE,BUILDING,CALIFORNIA,San Diego,Oceanside,4 mi. E of Oceanside on CA 76,https://catalog.archives.gov/id/123858040,4/15/70,4/15/70, San Luis Rey Mission,,70000142
81000177,,Santa Barbara County Courthouse,Listed,Single,FALSE,4.8, LANDSCAPE ARCHITECTURE; POLITICS/GOVERNMENT; ARCHITECTURE,BUILDING,CALIFORNIA,Santa Barbara,Santa Barbara,1100 Anacapa St.,https://catalog.archives.gov/id/123861614,1/23/81,4/5/05,,,81000177
66000237,,Santa Barbara Mission,Listed,Single,FALSE,20, EXPLORATION/SETTLEMENT; ARCHITECTURE; RELIGION,BUILDING,CALIFORNIA,Santa Barbara,Santa Barbara,2201 Laguna St.,https://catalog.archives.gov/id/123858093,10/15/66,10/9/60, Mission Santa Barbara Virgen y Martir,,66000237
87000766,,Santa Monica Looff Hippodrome,Listed,Single,FALSE,0.9, ENTERTAINMENT/RECREATION,BUILDING,CALIFORNIA,Los Angeles,Santa Monica,276 Santa Monica Pier,https://catalog.archives.gov/id/123857942,2/27/87,2/27/87, Santa Monica Amusement Pier Carousel Building;Looff's Amusem,,87000766
77000330,,"Scripps, George H., Memorial Marine Biological Laboratory",Listed,Single,FALSE,0.9, SCIENCE,BUILDING,CALIFORNIA,San Diego,La Jolla,8602 La Jolla Shores Dr.,https://catalog.archives.gov/id/123860986,11/10/77,5/20/82, Old Scripps Building,,77000330
71000153,,"Sinclair, Upton, House",Listed,Single,FALSE,0.8, LITERATURE,BUILDING,CALIFORNIA,Los Angeles,Monrovia,464 N. Myrtle Ave.,https://catalog.archives.gov/id/123857944,11/11/71,11/11/71,,,71000153
75000489,,Sonoma Plaza,Listed,Single,FALSE,8, MILITARY; POLITICS/GOVERNMENT; ARCHITECTURE,DISTRICT,CALIFORNIA,Sonoma,Sonoma,Center of Sonoma,https://catalog.archives.gov/id/123862130,4/3/75,12/19/60, Ol Sonoma;Sonoma Pueblo;See Also:Vallejo Estate;Sonoma Plaza,,75000489
85002814,,Space Flight Operations Facility,Listed,Single,FALSE,0.9, COMMUNITY PLANNING AND DEVELOPMENT; OTHER; ENGINEERING,BUILDING,CALIFORNIA,Los Angeles,Pasadena,Jet Propulsion Laboratory,https://catalog.archives.gov/id/123857946,10/3/85,10/3/85,,,85002814
86003511,,Space Launch Complex 10,Listed,Single,FALSE,138, ENGINEERING; TRANSPORTATION; EXPLORATION/SETTLEMENT,STRUCTURE,CALIFORNIA,Santa Barbara,Lompoc,Vandenberg Air Force Base,https://catalog.archives.gov/id/123858095,6/23/86,6/23/86, Missile Launch Complex 10,,86003511
78003405,,SS JEREMIAH O'BRIEN,Listed,Single,FALSE,0.9, MILITARY,STRUCTURE,CALIFORNIA,San Francisco,San Francisco,"Pier 3, Fort Mason Center",https://catalog.archives.gov/id/123861315,6/7/78,1/14/86, See Also:SS JEREMIAH O'BRIEN,,78003405
71000178,,Stanford-Lathrop House,Listed,Single,FALSE,0.6, TRANSPORTATION; POLITICS/GOVERNMENT; ARCHITECTURE,BUILDING,CALIFORNIA,Sacramento,Sacramento,800 N St.,https://catalog.archives.gov/id/123860674,12/9/71,5/28/87, Leland Stanford House,,71000178
66000223,,STAR OF INDIA,Listed,Single,FALSE,0.2, COMMERCE,STRUCTURE,CALIFORNIA,San Diego,San Diego,San Diego Embarcadero,https://catalog.archives.gov/id/123858042,11/13/66,11/13/66,,,66000223
87000002,,Steedman Estate,Listed,Single,FALSE,10.9, LANDSCAPE ARCHITECTURE; ARCHITECTURE,BUILDING,CALIFORNIA,Santa Barbara,Montecito,1387 E. Valley Rd.,https://catalog.archives.gov/id/123858097,1/29/87,1/16/09, Casa del Herrero;House of the Blacksmith,,87000002
66000083,ADNL,Strentzel-Muir Ranch,Done,NHL Updated Documentation,FALSE,8.7, AGRICULTURE; CONSERVATION; LITERATURE; SCIENCE; ARCHITECTURE; SOCIAL HISTORY,building,CALIFORNIA,Contra Costa,Martinez,4202 Alhambra Ave.,,,12/29/62,,,66000083
100011384,NL,Summit Camp,Listed,NHL,FALSE,26.55,,,CALIFORNIA,Nevada,Norden,Donner Pass Road,,,12/13/24,,,100011384
100011385,SG,Summit Camp,Listed,Single,FALSE,26.55,,,CALIFORNIA,Nevada,Norden,Donner Pass Road,,,12/13/24,,,100011384
66000221,,Sutter's Fort,Listed,Single,FALSE,8, COMMERCE; CONSERVATION; EXPLORATION/SETTLEMENT,SITE,CALIFORNIA,Sacramento,Sacramento,2701 L St.,https://catalog.archives.gov/id/123858006,10/15/66,1/20/61, Sutter's Fort State Historic Monument,,66000221
04001154,,Swedenborgian Church,Listed,Single,FALSE,0.9, ARCHITECTURE; ART,BUILDING,CALIFORNIA,San Francisco,San Francisco,3200 Washington St.,https://catalog.archives.gov/id/123858078,8/18/04,8/18/04, Church of the New Jerusalem; Lyon Street Church,,04001154
71000137,,Tao House,Listed,Single,FALSE,158.6, LITERATURE,BUILDING,CALIFORNIA,Contra Costa,Danville,1.5 mi. W of Danville,https://catalog.archives.gov/id/123858577,5/6/71,7/17/71, Eugene O'Neill House,Eugene O'Neill,71000137
08001090,,The Forty Acres,Listed,Single,FALSE,40, ECONOMICS; SOCIAL HISTORY; HISPANIC; PACIFIC-ISLANDER,DISTRICT,CALIFORNIA,Kern,Delano,30168 Garces Highway,https://catalog.archives.gov/id/123857907,10/6/08,10/6/08, Delano Field Office; United Farm Workers,,08001090
100011386,NL,Tor House (Robinson Jeffers Home,Listed,NHL,FALSE,0.64, ART; LITERATURE; ARCHITECTURE,building,CALIFORNIA,Monterey,Carmel,26304 Ocean View Ave.,,,12/13/24,,,75000444
06000210,,Tule Lake Segregation Center,Listed,Single,FALSE,42, ARCHITECTURE; ASIAN; POLITICS/GOVERNMENT; LAW; SOCIAL HISTORY,DISTRICT,CALIFORNIA,Modoc,Newell,NE side CA 139,https://catalog.archives.gov/id/123857968,2/17/06,2/17/06, Tule Lake Relocation Center; Newell Townsite,,06000210
85002812,,Twenty-Five Foot Space Simulator,Listed,Single,FALSE,0.9, OTHER; ENGINEERING,STRUCTURE,CALIFORNIA,Los Angeles,Pasadena,Jet Propulsion Laboratory,https://catalog.archives.gov/id/123857948,10/3/85,10/3/85,,,85002812
66000217,,U.S. Customhouse,Listed,Single,FALSE,2, ARCHITECTURE,BUILDING,CALIFORNIA,Monterey,Monterey,Calle Principal at Decatur St.,https://catalog.archives.gov/id/123857978,10/15/66,12/19/60, Old Customhouse,,66000217
71000188,,U.S. Post Office and Courthouse,Listed,Single,FALSE,2.6, ARCHITECTURE,BUILDING,CALIFORNIA,San Francisco,San Francisco,NE corner of 7th and Mission Sts.,https://catalog.archives.gov/id/123861341,10/14/71,10/16/12, Main Post Office,,71000188
85002799,,Unitary Plan Wind Tunnel,Listed,Single,FALSE,0.9, OTHER; MILITARY; ENGINEERING; SCIENCE,STRUCTURE,CALIFORNIA,Santa Clara,Moffett Field,Ames Research Center,https://catalog.archives.gov/id/123858105,10/3/85,10/3/85, Unitary Plan Facility,,85002799
06000001,,US Court House and Post Office,Listed,Single,FALSE,2.4, ARCHITECTURE; COMMUNITY PLANNING AND DEVELOPMENT; POLITICS/GOVERNMENT,BUILDING,CALIFORNIA,Los Angeles,Los Angeles,312 N. Spring St.,https://catalog.archives.gov/id/123859586,2/9/06,10/16/12, U.S. Courthouse; United States Post Office and Courthouse,,06000001
86000089,,USS PAMPANITO (submarine),Listed,Single,FALSE,0.9, MILITARY,STRUCTURE,CALIFORNIA,San Francisco,San Francisco,Fisherman's Wharf-Pier 45,https://catalog.archives.gov/id/123858068,1/14/86,1/14/86, SS 383,,86000089
87000068,,USS POTOMAC (yacht),Listed,Single,FALSE,0.9, POLITICS/GOVERNMENT,STRUCTURE,CALIFORNIA,Alameda,Oakland,1660 Embarcadero,https://catalog.archives.gov/id/123857889,2/20/87,12/14/90, FDR's Presidential Yacht;The Floating Whitehouse;ELECTRA,,87000068
66000210,,Walker Pass,Listed,Single,FALSE,111.4, EXPLORATION/SETTLEMENT,STRUCTURE,CALIFORNIA,Kern,Bakersfield,60 mi. NE of Bakersfield on CA 178,https://catalog.archives.gov/id/123857911,10/15/66,7/4/61,,,66000210
73000228,,WAPAMA,Removed,Single,FALSE,0.9, INDUSTRY; COMMERCE; TRANSPORTATION; ARCHITECTURE,STRUCTURE,CALIFORNIA,San Francisco,San Francisco,"Historic Ships Unit, National Maritime Museum, Golden Gate National Recreation Area",https://catalog.archives.gov/id/123861351,,4/20/84, Steam Schooner WAPAMA;TONGASS,Golden Gate,73000228
66000228,,Warner's Ranch,Listed,Single,FALSE,221, EXPLORATION/SETTLEMENT,BUILDING,CALIFORNIA,San Diego,Warner Springs,4 mi. S of Warner Springs,https://catalog.archives.gov/id/123858044,10/15/66,1/20/61,,,66000228
77000297,,Watts Towers of Simon Rodia,Listed,Single,FALSE,0.9, ARCHITECTURE; EUROPEAN; ART,SITE,CALIFORNIA,Los Angeles,Los Angeles,1765 E. 107th St.,https://catalog.archives.gov/id/123859611,4/13/77,12/14/90, Towers of Simon Rodia,,77000297
75000223,,Wawona Hotel and Pavilion,Listed,Single,FALSE,16.5, COMMERCE; ART; CONSERVATION; TRANSPORTATION; EXPLORATION/SETTLEMENT,DISTRICT,CALIFORNIA,Mariposa,Wawona,On CA 41 in Yosemite National Park,https://catalog.archives.gov/id/123859776,10/1/75,5/28/87, Kawona Hotel;Thomas Hill studio;Buildings 4417;4414;4420;442,Yosemite,75000223
100009801,NL,Wayfarers Chapel,Listed,NHL,FALSE,3.5, ARCHITECTURE; LANDSCAPE ARCHITECTURE,building,CALIFORNIA,Los Angeles,Rancho Palos Verdes,5755 Palos Verdes Dr. S,,,12/11/23,,,05000210
66000212,,"Well No. 4, Pico Canyon Oil Field",Listed,Single,FALSE,850, INDUSTRY; COMMERCE,DISTRICT,CALIFORNIA,Los Angeles,San Fernando,"9.5 mi. N of San Fernando, W of U.S. 99",https://catalog.archives.gov/id/123857952,11/13/66,11/13/66," ""Pico"" #4;Pico Canyon,Well No. ""CSO"" 4",,66000212
66000254,,Bent's Old Fort National Historic Site,Listed,Single,FALSE,178, COMMERCE; MILITARY; EXPLORATION/SETTLEMENT; SOCIAL HISTORY,DISTRICT,COLORADO,Otero,La Junta,CO 194,https://catalog.archives.gov/id/84132150,10/15/66,12/19/60, Bent's Old Fort;Fort William,Bent's Old Fort,66000254
100011355,NL,Boulder County Courthouse,Listed,NHL,FALSE,2, SOCIAL HISTORY,building,COLORADO,Boulder,Boulder,1300/1325 Pearl Street,,,12/13/24,,,100011355
100011356,SG,Boulder County Courthouse,Listed,Single,FALSE,2, SOCIAL HISTORY,building,COLORADO,Boulder,Boulder,1300/1325 Pearl Street,,,12/13/24,,,100011355
66000246,,Central City-Black Hawk Historic District,Listed,Single,FALSE,2320, COMMERCE; INDUSTRY,DISTRICT,COLORADO,Gilpin,Central City,On SR 119,https://catalog.archives.gov/id/84127911,10/15/66,7/4/61,,,66000246
78000830,,Colorado Chautauqua,Listed,Single,FALSE,40, EDUCATION; COMMUNICATIONS; SOCIAL HISTORY,DISTRICT,COLORADO,Boulder,Boulder,"900 Baseline Rd., Chautauqua Park",https://catalog.archives.gov/id/84128506,3/21/78,2/21/06, Chautauqua Park;See Also:Chautauqua Auditorium,,78000830
100006242,NL,Colorado Fuel and Iron Company Administrative Complex,Listed,NHL,FALSE,5.5, INDUSTRY; ARCHITECTURE,building,COLORADO,Pueblo,Pueblo,215 and 225 Canal St.,,,1/13/21,,,02000628
66000939,,Cripple Creek Historic District,Listed,Single,FALSE,2300, INDUSTRY; EXPLORATION/SETTLEMENT,DISTRICT,COLORADO,Teller,Cripple Creek,Rt. 67,https://catalog.archives.gov/id/84127939,10/15/66,7/4/61,,,66000939
73000462,,Denver & Rio Grande Railroad San Juan Extension,Listed,Multiple,FALSE,1430, COMMERCE; ENGINEERING; TRANSPORTATION,DISTRICT,COLORADO,Archuleta,Antonito,"Between Antonito and Chama, NM via Cumbres Pass",https://catalog.archives.gov/id/84125584,2/16/73,10/16/12, Cumbres and Toltec Scenic Rairoad,,73000462
12001017,,Denver Civic Center,Listed,Single,FALSE,,,BUILDING,COLORADO,Denver,Denver,Roughly Grant to Cherokee Streets and 14th to Colfax Avenues,,10/16/12,10/16/12,,,12001017
66000247,,Durango-Silverton Narrow-Gauge Railroad,Listed,Single,FALSE,0, COMMERCE; ENGINEERING; TRANSPORTATION,DISTRICT,COLORADO,La Plata,Durango,Right-of-way between Durango and Silverton,https://catalog.archives.gov/id/84127915,10/15/66,7/4/61,,,66000247
78000861,,Elitch Gardens Carousel,Listed,Single,FALSE,0.5, ART; ENTERTAINMENT/RECREATION; ARCHITECTURE,OBJECT,COLORADO,Kit Carson,Burlington,Kit Carson County Fairgrounds,https://catalog.archives.gov/id/84131115,12/19/78,2/27/87, Kit Carson County Carousel;Carousel No.6;Philadelphia Tobogg,,78000861
66000243,,Georgetown-Silver Plume Historic District,Listed,Single,FALSE,3288, EXPLORATION/SETTLEMENT,DISTRICT,COLORADO,Clear Creek,Georgetown-Silver Plume,I-70,https://catalog.archives.gov/id/84127890,11/13/66,11/13/66,,,66000243
94000425,,Granada Relocation Center,Listed,Single,FALSE,593, LAW; MILITARY; ASIAN; POLITICS/GOVERNMENT,SITE,COLORADO,Prowers,Granada,"23900 Co. Rd. FF, Approx. 1 mi. SW of Granada",https://catalog.archives.gov/id/84127931,5/18/94,2/10/06, Camp Amache;5PW48,,94000425
66000248,,Leadville Historic District,Listed,Single,FALSE,100, INDUSTRY; EXPLORATION/SETTLEMENT; ARCHITECTURE,DISTRICT,COLORADO,Lake,Leadville,Town of Leadville,https://catalog.archives.gov/id/84127918,10/15/66,7/4/61,,,66000248
66000249,,Lindenmeier Site,Listed,Single,TRUE,180, PREHISTORIC,SITE,COLORADO,Larimer,Fort Collins,Address Restricted,,10/15/66,1/2/61,,,66000249
66000253,,Lowry Ruin,Listed,Single,FALSE,3, PREHISTORIC,STRUCTURE,COLORADO,Montezuma,Pleasant View,30 mi. NW of Cortez via U.S. 160,https://catalog.archives.gov/id/84127925,10/15/66,7/19/64,,,66000253
85001328,,Ludlow Tent Colony Site,Listed,Single,FALSE,40, INDUSTRY,SITE,COLORADO,Las Animas,Ludlow,Del Aqua Canyon Rd.,https://catalog.archives.gov/id/84127923,6/19/85,1/16/09, Ludlow Monument,,85001328
87001410,,Mesa Verde Administrative District,Listed,Single,FALSE,3.2, ARCHITECTURE,DISTRICT,COLORADO,Montezuma,Mesa Verde National Park,Area at head of Spruce Canyon off park service road,https://catalog.archives.gov/id/84127927,5/28/87,5/28/87," Mesa Verde National Park Headquarters,Museum,Post Office,Ran",Mesa Verde,87001410
66000245,,Pikes Peak,Listed,Single,FALSE,38, EXPLORATION/SETTLEMENT,SITE,COLORADO,El Paso,Colorado Springs,15 mi. W of Colorado Springs in Pike National Forest,https://catalog.archives.gov/id/84127898,10/15/66,7/4/61,,,66000245
66000244,,Pike's Stockade,Listed,Single,FALSE,4, EXPLORATION/SETTLEMENT,SITE,COLORADO,Conejos,Sanford,4 mi. E of Sanford on CO 136,https://catalog.archives.gov/id/84127894,10/15/66,7/4/61,,,66000244
15000620,,Red Rocks Park and Mount Morrison Civilian Conservation Corps Camp,Listed,Single,FALSE,,,,COLORADO,Jefferson,Morrison,16351 County Rd. 93,,7/21/15,7/21/15,,,15000620
01000069,,Rocky Mountain National Park Administration Building,Listed,Multiple,FALSE,,,BUILDING,COLORADO,Larimer,Estes Park,CO HWY 36,https://catalog.archives.gov/id/84127921,1/3/01,1/3/01,,,01000069
00000262,,Shenandoah-Dives Mill,Listed,Single,FALSE,5, INDUSTRY; ENGINEERING,BUILDING,COLORADO,San Juan,Silverton,"CO 110, 2 mi. NE of Silverton",https://catalog.archives.gov/id/84127933,2/16/00,2/16/00, Mayflower Mill,,00000262
66000255,,Silverton Historic District,Listed,Single,FALSE,530, INDUSTRY; EXPLORATION/SETTLEMENT,DISTRICT,COLORADO,San Juan,Silverton,US 550,https://catalog.archives.gov/id/84127935,10/15/66,7/4/61,,,66000255
66000256,,Telluride Historic District,Listed,Single,FALSE,87, INDUSTRY; EXPLORATION/SETTLEMENT; ARCHITECTURE,DISTRICT,COLORADO,San Miguel,Telluride,Rt. 145,https://catalog.archives.gov/id/84127937,10/15/66,7/4/61,,,66000256
100009802,NL,Temple Aaron,Listed,NHL,FALSE,0.9, ARCHITECTURE; ETHNIC HERITAGE,,COLORADO,Las Animas,Trinidad,407 South Maple Street,,,12/11/23,,,100009802
100009803,SG,Temple Aaron,Listed,Single,FALSE,0.9, ARCHITECTURE; ETHNIC HERITAGE,,COLORADO,Las Animas,Trinidad,407 South Maple Street,,,12/11/23,,,100009802
12000139,,Trujillo Homesteads,Listed,Single,TRUE,,,DISTRICT,COLORADO,Alamosa,Hooper,Address Restricted,,2/1/12,2/1/12,,,12000139
04000484,,"United States Air Force Academy, Cadet Area",Listed,Single,FALSE,25, ARCHITECTURE; MILITARY; EDUCATION,DISTRICT,COLORADO,El Paso,U.S. Air Force Academy,Roughly between Cadet Drive and Faculty Drive,https://catalog.archives.gov/id/84127896,4/1/04,4/1/04,,,04000484
100009805,NL,Wink's Panorama,Listed,NHL,FALSE,0.9, COMMERCE; BLACK; SOCIAL HISTORY,building,COLORADO,Gilpin,Pinecliffe,213 Winks Way and 192 Winks Way,,,12/11/23,,,80000901
70000686,,"Alsop, Richard IV, House",Listed,Single,FALSE,3, ARCHITECTURE; ART; SOCIAL HISTORY,BUILDING,CONNECTICUT,Middlesex,Middletown,301 High St.,https://catalog.archives.gov/id/132355011,10/6/70,1/16/09, Davison Art Center,,70000686
66000802,,Armsmear,Listed,Single,FALSE,2.9, INDUSTRY; INVENTION,BUILDING,CONNECTICUT,Hartford,Hartford,80 Wethersfield Ave.,,11/13/66,11/13/66, Samuel Colt House,,66000802
94001189,,"Austin, A. Everett, House",Listed,Single,FALSE,2, ARCHITECTURE; SOCIAL HISTORY,BUILDING,CONNECTICUT,Hartford,Hartford,130 Scarborough St.,https://catalog.archives.gov/id/132353612,4/19/94,4/19/94, Austin House,,94001189
66000803,,"Barnard, Henry, House",Listed,Single,FALSE,0.4, EDUCATION,BUILDING,CONNECTICUT,Hartford,Hartford,118 Main St.,https://catalog.archives.gov/id/132353614,10/15/66,12/21/65,,,66000803
100009807,NL,Barnum Institute of Science and History,Listed,NHL,FALSE,0.2, ARCHITECTURE; SOCIAL HISTORY; PERFORMING ARTS,building,CONNECTICUT,Fairfield,Bridgeport,820 Main St.,,,12/11/23,,,72001300
82004371,,Birdcraft Sanctuary,Listed,Single,FALSE,6.5, EDUCATION; LANDSCAPE ARCHITECTURE; CONSERVATION,SITE,CONNECTICUT,Fairfield,Fairfield,314 Unquowa Rd.,https://catalog.archives.gov/id/132353594,6/23/82,4/19/93, Birdcraft Musuem and Sanctuary,,82004371
77001414,,"Bowen, Henry C., House",Listed,Single,FALSE,2.9, RELIGION; SOCIAL HISTORY; LITERATURE; PHILOSOPHY; ARCHITECTURE,BUILDING,CONNECTICUT,Windham,Woodstock,CT 169,https://catalog.archives.gov/id/132356075,8/24/77,10/5/92, Roseland Cottage,,77001414
88002694,,Bush-Holley House,Listed,Single,FALSE,0.7, ARCHITECTURE; ART,BUILDING,CONNECTICUT,Fairfield,Greenwich,39 Strickland Rd.,https://catalog.archives.gov/id/132353596,12/1/88,7/17/91,,,88002694
68000048,,Buttolph-Williams House,Listed,Single,FALSE,2, ARCHITECTURE,BUILDING,CONNECTICUT,Hartford,Wethersfield,249 Broad St.,https://catalog.archives.gov/id/132353616,11/24/68,11/24/68,,,68000048
66000804,,CHARLES W. MORGAN,Listed,Single,FALSE,0.9, COMMERCE,STRUCTURE,CONNECTICUT,New London,Mystic,Mystic Seaport,https://catalog.archives.gov/id/132353683,11/13/66,11/24/68, CHARLES W. MORGAN Whaler,,66000804
78002885,,Cheney Brothers Historic District,Listed,Single,FALSE,175, INDUSTRY,DISTRICT,CONNECTICUT,Hartford,Manchester,"Bounded by Hartford Rd., Laurel, Spruce, and Lampfield Sts.",https://catalog.archives.gov/id/132353618,6/2/78,6/2/78,,,78002885
75001944,,"Chittenden, Russell Henry, House",Listed,Single,FALSE,0.9, SCIENCE,BUILDING,CONNECTICUT,New Haven,New Haven,83 Trumbull St.,https://catalog.archives.gov/id/132353662,5/15/75,5/15/75, John C. Flanagan Law Office,,75001944
91002060,,CHRISTEEN (oyster sloop),Listed,Single,FALSE,0.9, MARITIME HISTORY; COMMERCE,STRUCTURE,CONNECTICUT,Middlesex,Essex,Essex Harbor,https://catalog.archives.gov/id/132353656,12/4/91,12/4/91, Oyster Sloop CHRISTEEN,,91002060
76001987,,Colt Industrial District,Listed,Single,FALSE,130, INDUSTRY; ARCHITECTURE; SOCIAL HISTORY; INVENTION,DISTRICT,CONNECTICUT,Hartford,Hartford,"Roughly bounded by Wawarme, Wethersfield, Hendricxsen, Van Dyke Aves., and Stonington, Masseek, and Sequassen Sts.",https://catalog.archives.gov/id/132354264,6/8/76,10/6/08,,,76001987
66000805,,Connecticut Agricultural Experiment Station,Listed,Single,FALSE,6.2, SCIENCE; AGRICULTURE,DISTRICT,CONNECTICUT,New Haven,New Haven,123 Huntington St.,https://catalog.archives.gov/id/132353664,10/15/66,7/19/64,,,66000805
66000806,,"Connecticut Hall, Yale University",Listed,Single,FALSE,0.9, EDUCATION; ARCHITECTURE,BUILDING,CONNECTICUT,New Haven,New Haven,"Bounded by High, Chapel, Elm, and College Sts.",https://catalog.archives.gov/id/132353666,10/15/66,12/21/65,,,66000806
70000834,,Connecticut State Capitol,Listed,Single,FALSE,4, ARCHITECTURE,BUILDING,CONNECTICUT,Hartford,Hartford,Capitol Ave.,https://catalog.archives.gov/id/132353620,12/30/70,12/30/70, New State Capitol;State Capitol Building,,70000834
66000878,,Connecticut Statehouse,Listed,Single,FALSE,1, POLITICS/GOVERNMENT; ARCHITECTURE,BUILDING,CONNECTICUT,Hartford,Hartford,Main St. at Central Row,https://catalog.archives.gov/id/132353636,10/15/66,12/19/60, Old Statehouse;Old Hartford Statehouse,,66000878
70000696,,"Crandall, Prudence, House",Listed,Single,FALSE,1, SOCIAL HISTORY; ARCHITECTURE; EDUCATION; BLACK,BUILDING,CONNECTICUT,Windham,Canterbury,Jct. of CT 14 and 169,https://catalog.archives.gov/id/132356104,10/22/70,7/17/91," Payne,Elisha,House",,70000696
66000874,,"Dana, James Dwight, House",Listed,Single,FALSE,0.6, SCIENCE; ARCHITECTURE,BUILDING,CONNECTICUT,New Haven,New Haven,24 Hillhouse Ave.,https://catalog.archives.gov/id/132353668,10/15/66,1/12/65,,,66000874
70000835,,"Deane, Silas, House",Listed,Single,FALSE,1, POLITICS/GOVERNMENT; ARCHITECTURE,BUILDING,CONNECTICUT,Hartford,Wethersfield,203 Main St.,https://catalog.archives.gov/id/132354300,10/6/70,11/28/72,,,70000835
70000707,,"Ellsworth, Oliver, Homestead",Listed,Single,FALSE,0.9, LAW; POLITICS/GOVERNMENT; ARCHITECTURE,BUILDING,CONNECTICUT,Hartford,Windsor,778 Palisado Ave.,https://catalog.archives.gov/id/132354318,10/6/70,12/20/89, Elmwood,,70000707
94001649,,EMMA C. BERRY (Fishing Sloop),Listed,Single,FALSE,0.9, ARCHITECTURE; MARITIME HISTORY; INDUSTRY; TRANSPORTATION,structure,CONNECTICUT,New London,Mystic,Greenmanville Ave.,https://catalog.archives.gov/id/132353685,10/12/94,10/12/94, See also:Mystic River Historic District,,94001649
75002056,,First Church of Christ,Listed,Single,FALSE,0.9, BLACK; POLITICS/GOVERNMENT; ARCHITECTURE; RELIGION; SOCIAL HISTORY,BUILDING,CONNECTICUT,Hartford,Farmington,75 Main St.,https://catalog.archives.gov/id/132353626,5/15/75,5/15/75,,,75002056
100006271,NL,First Presbyterian Church,Listed,NHL,FALSE,6.58, ARCHITECTURE,building,CONNECTICUT,Fairfield,Stamford,1101 Bedford Street,,,1/13/21,,,100006271
100006272,SG,First Presbyterian Church,Listed,Single,FALSE,6.58, ARCHITECTURE,building,CONNECTICUT,Fairfield,Stamford,1101 Bedford Street,,,1/13/21,,,100006271
66000961,,First Telephone Exchange,Removed,Single,FALSE,0.1, COMMUNICATIONS,BUILDING,CONNECTICUT,New Haven,New Haven,733 Chapel St.,,,1/29/64, Metropolitan Building,,66000961
86000469,,Fort Shantok,Listed,Single,TRUE,4.5, HISTORIC - ABORIGINAL,SITE,CONNECTICUT,New London,Montville,Address Restricted,,3/20/86,4/12/93, Fort Shantok Archeological Site;The Mohegan Fort;Uncas' Fort,,86000469
93001604,,"Griswold, Florence, House and Museum",Listed,Single,FALSE,5, ARCHITECTURE; ART,BUILDING,CONNECTICUT,New London,Old Lyme,96 Lyme St.,https://catalog.archives.gov/id/132353688,4/19/93,4/19/93,,,93001604
97000830,,Grove Street Cemetery,Listed,Single,FALSE,18, ART; LANDSCAPE ARCHITECTURE; ARCHITECTURE; COMMUNITY PLANNING AND DEVELOPMENT,SITE,CONNECTICUT,New Haven,New Haven,200 Grove St.,https://catalog.archives.gov/id/132353670,8/8/97,2/16/00, New Haven City Burial Ground,,97000830
91002056,AD,Hill-Stead,Listed,Add.Doc.,FALSE,150, ARCHITECTURE; ART,BUILDING,CONNECTICUT,Hartford,Farmington,35 Mountain Rd.,,7/17/91,7/17/91, See Also:Farmington Historic District,,91002056
71001009,,"Huntington, Samuel, Birthplace",Listed,Single,FALSE,32, POLITICS/GOVERNMENT,BUILDING,CONNECTICUT,Windham,Scotland,"CT 14, 2 mi. W of CT 97",https://catalog.archives.gov/id/132353709,11/11/71,11/11/71,,,71001009
97000341,,"Johnson, Philip, Glass House",Listed,Single,FALSE,40, ARCHITECTURE; LANDSCAPE ARCHITECTURE,DISTRICT,CONNECTICUT,Fairfield,New Canaan,798-856 Ponus Ridge Rd.,https://catalog.archives.gov/id/132353598,2/18/97,2/18/97,,,97000341
74002178,,Kimberly Mansion,Listed,Single,FALSE,3, SOCIAL HISTORY,BUILDING,CONNECTICUT,Hartford,Glastonbury,1625 Main St.,https://catalog.archives.gov/id/132353628,9/17/74,5/30/74, Smith Sisters House,,74002178
93001612,,L. A. DUNTON,Listed,Single,FALSE,0.3, TRANSPORTATION; INDUSTRY; MARITIME HISTORY; ARCHITECTURE,STRUCTURE,CONNECTICUT,New London,Mystic,Mystic Seaport Museum,https://catalog.archives.gov/id/132353690,11/4/93,11/4/93,,,93001612
68000050,,Litchfield Historic District,Listed,Single,FALSE,20, ARCHITECTURE,DISTRICT,CONNECTICUT,Litchfield,Litchfield,Roughly both sides of North and South Sts. between Gallows Lane and Prospect St.,https://catalog.archives.gov/id/132353648,11/24/68,11/24/68, See Also:66000879;71001011;78003456,,68000050
70000836,,Lockwood-Mathews Mansion,Listed,Single,FALSE,5.5, ARCHITECTURE,BUILDING,CONNECTICUT,Fairfield,Norwalk,295 West Ave.,https://catalog.archives.gov/id/132353926,12/30/70,12/30/70, Elmenworth;Elm Park,,70000836
66000875,,"Marsh, Othniel C., House",Listed,Single,FALSE,6.8, LITERATURE,BUILDING,CONNECTICUT,New Haven,New Haven,360 Prospect St.,https://catalog.archives.gov/id/132353672,10/15/66,1/12/65, Marsh Hall,,66000875
86001323,,Mashantucket Pequot Reservation,Listed,Single,TRUE,1637.8, HISTORIC - ABORIGINAL,DISTRICT,CONNECTICUT,New London,Ledyard,Address Restricted,,6/11/86,4/12/93, Mashantucket Pequot Reservation-Archeological District,,86001323
66000877,,"Mather, Stephen Tyng, House",Listed,Single,FALSE,28.5, CONSERVATION; POLITICS/GOVERNMENT,BUILDING,CONNECTICUT,Fairfield,Darien,19 Stephen Mather Rd.,https://catalog.archives.gov/id/132353602,10/15/66,11/27/63, Mather Homestead,,66000877
76002138,,"Mendel, Lafayette B., House",Listed,Single,FALSE,0.9, SCIENCE,BUILDING,CONNECTICUT,New Haven,New Haven,18 Trumbull St.,https://catalog.archives.gov/id/132353674,1/7/76,1/7/76,,,76002138
13000618,,"Merrill, James, House",Listed,Single,FALSE,0.1, LITERATURE,BUILDING,CONNECTICUT,New London,Stonington,107 Water St.,,8/28/13,7/12/13, Burtch Block,,13000618
71001010,,Monte Cristo Cottage,Listed,Single,FALSE,0.9, LITERATURE,BUILDING,CONNECTICUT,New London,New London,325 Pequot Ave.,https://catalog.archives.gov/id/132353693,7/17/71,7/17/71, Eugene O'Neill House,,71001010
75002057,,"Morley, Edward W., House",Listed,Single,FALSE,0.9, SCIENCE,BUILDING,CONNECTICUT,Hartford,West Hartford,26 Westland Ave.,https://catalog.archives.gov/id/132353630,5/15/75,5/15/75,,,75002057
70000838,,New Haven Green Historic District,Listed,Single,FALSE,16, COMMUNITY PLANNING AND DEVELOPMENT; ARCHITECTURE,DISTRICT,CONNECTICUT,New Haven,New Haven,"Bounded by Chapel, College, Elm, and Church Sts.",https://catalog.archives.gov/id/132353676,12/30/70,12/30/70,,,70000838
76002139,,"Norton, Charles H., House",Listed,Single,FALSE,3, INDUSTRY; INVENTION,BUILDING,CONNECTICUT,Hartford,Plainville,132 Redstone Hill,https://catalog.archives.gov/id/132353632,5/11/76,5/11/76, Sharpenhoe,,76002139
70000839,,Old Newgate Prison,Listed,Single,FALSE,5, MILITARY; POLITICS/GOVERNMENT; SOCIAL HISTORY,SITE,CONNECTICUT,Hartford,East Granby,Newgate Rd.,https://catalog.archives.gov/id/132354529,10/15/70,11/28/72, Newgate Prison and Copper Mine;Simsbury Mine,,70000839
96000971,,"Palmer, Capt. Nathaniel B., House",Listed,Single,FALSE,4.4, MARITIME HISTORY; EXPLORATION/SETTLEMENT; COMMERCE; ARCHITECTURE,BUILDING,CONNECTICUT,New London,Stonington,40 Palmer St.,https://catalog.archives.gov/id/132353697,6/19/96,6/19/96," Palmer-Loper House;Palmer, Nathaniel &amp; Alexander, House;",,96000971
00000703,,Portland Brownstone Quarries,Listed,Single,FALSE,,,SITE,CONNECTICUT,Middlesex,Portland,"Brownstone Ave., and Silver St.",https://catalog.archives.gov/id/132353658,5/16/00,5/16/00,,,00000703
66000879,,"Reeve, Tapping, House and Law School",Listed,Single,FALSE,1.5, LAW,BUILDING,CONNECTICUT,Litchfield,Litchfield,South St.,https://catalog.archives.gov/id/132353650,10/15/66,12/21/65,,,66000879
66000880,,"Remington, Frederic, House",Listed,Single,FALSE,45.3, ART,BUILDING,CONNECTICUT,Fairfield,Ridgefield,154 Barry Ave.,https://catalog.archives.gov/id/132353604,10/15/66,12/21/65,,,66000880
66000881,,"Rogers, John, Studio",Listed,Single,FALSE,0.9, ART,BUILDING,CONNECTICUT,Fairfield,New Canaan,33 Oenoke Ridge,https://catalog.archives.gov/id/132353606,10/15/66,12/21/65,,,66000881
70000688,,"Russell, Samuel Wadsworth, House",Listed,Single,FALSE,4, ARCHITECTURE,BUILDING,CONNECTICUT,Middlesex,Middletown,350 High St.,https://catalog.archives.gov/id/132355154,10/6/70,8/7/01,,,70000688
92001887,,SABINO (steamer),Listed,Single,FALSE,0.9, MARITIME HISTORY; ARCHITECTURE; TRANSPORTATION,STRUCTURE,CONNECTICUT,New London,Mystic,Mystic Seaport Museum,https://catalog.archives.gov/id/132353699,10/5/92,10/5/92, Excursion steamer SABINO,,92001887
66000882,,Stanley-Whitman House,Listed,Single,FALSE,1, ARCHITECTURE,BUILDING,CONNECTICUT,Hartford,Farmington,37 High St.,https://catalog.archives.gov/id/132353638,10/15/66,10/9/60,,,66000882
16000858,,"Steward's House, Foreign Mission School",Listed,Single,FALSE,3, ASIAN; EDUCATION; NATIVE AMERICAN; PACIFIC-ISLANDER; RELIGION; SOCIAL HISTORY,building,CONNECTICUT,Litchfield,Cornwall,14 Bolton Hill Road,,10/31/16,10/31/16, The Commons,,16000858
70000710,,"Stowe, Harriet Beecher, House",Listed,Single,FALSE,0.9, LITERATURE; SOCIAL HISTORY,BUILDING,CONNECTICUT,Hartford,Hartford,73 Forest St.,https://catalog.archives.gov/id/132354643,10/6/70,2/27/13,,,70000710
84000247,,"Sturges, Jonathan, House",Listed,Single,FALSE,1.4, ARCHITECTURE; ART,BUILDING,CONNECTICUT,Fairfield,Fairfield,449 Mill Plain Rd.,https://catalog.archives.gov/id/132353608,11/23/84,4/19/94, The Cottage,,84000247
93001602,,"Tarbell, Ida, House",Listed,Single,FALSE,0.9, COMMUNICATIONS; LITERATURE,BUILDING,CONNECTICUT,Fairfield,Easton,320 Valley Rd.,https://catalog.archives.gov/id/132353610,4/19/93,4/19/93,,,93001602
66000883,,"Trumbull, John, Birthplace",Listed,Single,FALSE,3, ART; POLITICS/GOVERNMENT; ARCHITECTURE,BUILDING,CONNECTICUT,New London,Lebanon,The Common,https://catalog.archives.gov/id/132353701,10/15/66,12/21/65, Gov. Jonathan Trumbull House,,66000883
66000884,,"Twain, Mark, House",Listed,Single,FALSE,1.5, LITERATURE; ARCHITECTURE,BUILDING,CONNECTICUT,Hartford,Hartford,351 Farmington Ave.,https://catalog.archives.gov/id/132353640,10/15/66,12/29/62,,,66000884
79002653,,U.S.S. NAUTILUS (submarine),Listed,Single,FALSE,71, MILITARY; ENGINEERING; TRANSPORTATION; INVENTION,STRUCTURE,CONNECTICUT,New London,Groton,Naval Submarine Base,https://catalog.archives.gov/id/132355936,5/16/79,5/20/82, NAUTILUS;S.S. (N)571,,79002653
66000885,,"Webb, Joseph, House",Listed,Single,FALSE,1.5, MILITARY; ARCHITECTURE,BUILDING,CONNECTICUT,Hartford,Wethersfield,211 Main St.,https://catalog.archives.gov/id/132353642,10/15/66,1/20/62, Webb House,,66000885
66000886,,"Webster, Noah, Birthplace",Listed,Single,FALSE,0.2, EDUCATION,BUILDING,CONNECTICUT,Hartford,West Hartford,227 S. Main St.,https://catalog.archives.gov/id/132353644,10/15/66,1/29/62,,,66000886
97001277,,"Whitfield, Henry, House",Listed,Single,FALSE,9, CONSERVATION; SOCIAL HISTORY; ARCHITECTURE,BUILDING,CONNECTICUT,New Haven,Guilford,248 Old Whitfield St.,https://catalog.archives.gov/id/132353679,9/25/97,9/25/97," Old Stone House, Henry Whitfield State Historical Museum",,97001277
98001190,,"Williams, Austin F., Carriagehouse and House",Listed,Single,FALSE,2.6, SOCIAL HISTORY,BUILDING,CONNECTICUT,Hartford,Farmington,127 Main Street,https://catalog.archives.gov/id/132353646,8/5/98,8/5/98, See also: Farmington Historic District,,98001190
71001012,,"Williams, William, House",Listed,Single,FALSE,0.9, POLITICS/GOVERNMENT,BUILDING,CONNECTICUT,New London,Lebanon,Jct. of CT 87 and 207,https://catalog.archives.gov/id/132353703,11/11/71,11/11/71,,,71001012
71001011,,"Wolcott, Oliver, House",Listed,Single,FALSE,12, POLITICS/GOVERNMENT,BUILDING,CONNECTICUT,Litchfield,Litchfield,South St.,https://catalog.archives.gov/id/132353652,11/11/71,11/11/71,,,71001011
87000756,,Yale Bowl,Listed,Single,FALSE,30, ENTERTAINMENT/RECREATION,STRUCTURE,CONNECTICUT,New Haven,New Haven,SW of intersection of Chapel St. and Yale Ave.,https://catalog.archives.gov/id/132353681,2/27/87,4/27/87,,,87000756
70000170,,Aspendale,Listed,Single,FALSE,210, ARCHITECTURE,BUILDING,DELAWARE,Kent,Kenton,1 mi. W of Kenton on DE 300,https://catalog.archives.gov/id/75323898,4/15/70,4/15/70,,,70000170
74000602,,"Broom, Jacob, House",Listed,Single,FALSE,2, POLITICS/GOVERNMENT,BUILDING,DELAWARE,New Castle,Montchanin,1 mi. NW of Wilmington,https://catalog.archives.gov/id/75323921,12/2/74,12/2/74, Hagley,,74000602
67000004,,Corbit-Sharp House,Listed,Single,FALSE,25, ARCHITECTURE,BUILDING,DELAWARE,New Castle,Odessa,SW corner of Main and 2nd Sts.,https://catalog.archives.gov/id/75323905,12/24/67,12/24/67,,,67000004
66000258,,"Dickinson, John, House",Listed,Single,FALSE,13, LITERATURE; POLITICS/GOVERNMENT; ARCHITECTURE,BUILDING,DELAWARE,Kent,Dover,5 mi. SE of Dover and 3 mi. E of U.S. 13 on Kitts Hummock Rd.,https://catalog.archives.gov/id/75323901,10/15/66,1/20/61,,,66000258
66000259,,Eleutherian Mills,Listed,Single,FALSE,191.2, INDUSTRY; COMMERCE,DISTRICT,DELAWARE,New Castle,Wilmington,N of Wilmington on DE 141 at Brandywine Creek Bridge,https://catalog.archives.gov/id/75323911,11/13/66,11/13/66, Eleutherian Mills--Hagley Museum,,66000259
66000260,,Fort Christina,Listed,Single,FALSE,2, MILITARY; EXPLORATION/SETTLEMENT,SITE,DELAWARE,New Castle,Wilmington,"E. 7th St. and the Christina River, Fort Christina State Park",https://catalog.archives.gov/id/75323913,10/15/66,11/5/61, Fort Christina State Park,,66000260
100000872,NL,George Read II House,Listed,NHL,FALSE,,,,DELAWARE,New Castle,New Castle,42 The Strand,,,12/23/16,,,100000872
66000261,,Holy Trinity,Listed,Single,FALSE,3.5, EUROPEAN; EXPLORATION/SETTLEMENT; ARCHITECTURE; RELIGION,BUILDING,DELAWARE,New Castle,Wilmington,7th and Church Sts.,https://catalog.archives.gov/id/75323907,10/15/66,11/5/61, Old Swedes Church,,66000261
85000309,,Howard High School,Listed,Single,FALSE,0.7, EDUCATION; ARCHITECTURE; SOCIAL HISTORY,BUILDING,DELAWARE,New Castle,Wilmington,13th and Poplar Sts.,https://catalog.archives.gov/id/75323915,2/21/85,4/5/05,,,85000309
89000006,,Lightship WLV 539,Listed,Single,FALSE,0.1, MARITIME HISTORY,STRUCTURE,DELAWARE,Sussex,Lewes,Lewes--Rehoboth Canal between Shipcarpenter and Mulberry Sts.,https://catalog.archives.gov/id/75323923,2/16/89,6/14/11," S-7857 The Lightship ""Overfalls""",,89000006
72000292,,Lombardy Hall,Listed,Single,FALSE,1.5, AGRICULTURE; POLITICS/GOVERNMENT; ARCHITECTURE,BUILDING,DELAWARE,New Castle,Wilmington,U.S. 202,https://catalog.archives.gov/id/75324139,12/5/72,12/2/74, Pizgah;New Wark;Gunning Bedford House,,72000292
72000285,,New Castle County Court House,Listed,Single,FALSE,0.2, POLITICS/GOVERNMENT; ARCHITECTURE,BUILDING,DELAWARE,New Castle,New Castle,"Delaware St., between 2nd and 3rd Sts.",https://catalog.archives.gov/id/75323909,11/28/72,11/28/72, Old Colony and State House; Old Courthouse,,72000285
67000003,,New Castle Historic District,Listed,Single,FALSE,95, ARCHITECTURE,DISTRICT,DELAWARE,New Castle,New Castle,"Bounded by Harmony St., The Strand, 3rd St., and Delaware St.",https://catalog.archives.gov/id/75323903,12/24/67,12/24/67, See Also:Stonum;Old Courthouse;Amstel House,,67000003
73000524,,Stonum,Listed,Single,FALSE,0.9, POLITICS/GOVERNMENT,BUILDING,DELAWARE,New Castle,New Castle,9th and Washington Sts.,https://catalog.archives.gov/id/75323919,11/7/73,11/7/73, Stoneham;George Read House,,73000524
66000959,,"Administration Building, Carnegie Institute of Washington",Listed,Single,FALSE,0.5, ARCHITECTURE; SOCIAL HISTORY,BUILDING,DISTRICT OF COLUMBIA,District of Columbia,Washington,"1530 P St., NW.",https://catalog.archives.gov/id/117691775,10/15/66,6/23/65,,,66000959
74002154,,American Federation of Labor Building,Listed,Single,FALSE,0.9, SOCIAL HISTORY,BUILDING,DISTRICT OF COLUMBIA,District of Columbia,Washington,"901 Massachusetts Ave., NW.",https://catalog.archives.gov/id/117691777,9/13/74,5/30/74,,,74002154
66000853,,American National Red Cross,Listed,Single,FALSE,1.3, SOCIAL HISTORY,BUILDING,DISTRICT OF COLUMBIA,District of Columbia,Washington,"17th and D Sts., NW",https://catalog.archives.gov/id/117691861,10/15/66,6/23/65, American Red Cross National Headquarters,,66000853
74002155,,American Peace Society,Listed,Single,FALSE,0.9, SOCIAL HISTORY,BUILDING,DISTRICT OF COLUMBIA,District of Columbia,Washington,"734 Jackson Pl., NW.",https://catalog.archives.gov/id/117691779,9/13/74,5/30/74, See Also:Lafayette Square Historic District,,74002155
71000993,,"Anderson, Larz, House",Listed,Single,FALSE,0.5, ARCHITECTURE; SOCIAL HISTORY,BUILDING,DISTRICT OF COLUMBIA,District of Columbia,Washington,"2118 Massachusetts Ave., NW.",https://catalog.archives.gov/id/117691939,4/7/71,6/19/96," National Headquarters,Society of the Cincinnati",,71000993
01000070,,"Andrew Rankin Memorial Chapel, Frederick Douglass Memorial Hall, Founders Library",Listed,Single,FALSE,,,BUILDING,DISTRICT OF COLUMBIA,District of Columbia,Washington,2441 and 2365 6th St. NW; and 500 Howard Place NW,https://catalog.archives.gov/id/117691783,1/3/01,1/31/01,,,01000070
66000854,,Army Medical Museum,Listed,Single,FALSE,0, HEALTH/MEDICINE; SCIENCE,BUILDING,DISTRICT OF COLUMBIA,District of Columbia,Washington,"Armed Forces Institute of Pathology Building, Walter Reed Army Medical Center, 13th St. and Fern Pl.",,10/15/66,1/21/65,,,66000854
71000994,,Arts and Industries Building,Listed,Single,FALSE,2.3, ARCHITECTURE,BUILDING,DISTRICT OF COLUMBIA,District of Columbia,Washington,"900 Jefferson Dr., SW.",https://catalog.archives.gov/id/117691785,11/11/71,11/11/71, National Museum;Arts and Industries Building of the Smithson,,71000994
69000289,,Arts Club of Washington,Listed,Single,FALSE,0.9, SCIENCE; POLITICS/GOVERNMENT; ARCHITECTURE,BUILDING,DISTRICT OF COLUMBIA,District of Columbia,Washington,"2017 I St., NW.",https://catalog.archives.gov/id/117691949,3/24/69,5/15/75," Cleveland,Abbe,House;Timothy Caldwell House;Caldwell-Monroe",,69000289
73002071,,Ashburton House,Listed,Single,FALSE,0.9, POLITICS/GOVERNMENT,BUILDING,DISTRICT OF COLUMBIA,District of Columbia,Washington,"1525 H St., NW.",https://catalog.archives.gov/id/117691787,11/7/73,11/7/73, St. John's Church Parish House;British Legation,,73002071
76002126,,"Baker, Newton D., House",Listed,Single,FALSE,0.9, MILITARY; POLITICS/GOVERNMENT,BUILDING,DISTRICT OF COLUMBIA,District of Columbia,Washington,"3017 N St., NW",https://catalog.archives.gov/id/117691789,12/8/76,12/8/76, Jacqueline Kennedy House,,76002126
73002072,,"Bayly, Mountjoy, House",Listed,Single,FALSE,0.9, POLITICS/GOVERNMENT; ARCHITECTURE,BUILDING,DISTRICT OF COLUMBIA,District of Columbia,Washington,"122 Maryland Ave., NE",https://catalog.archives.gov/id/117691969,7/20/73,12/8/76," Johnson,Hiram,House;Chaplains Memorial Building;Parkington",,73002072
72001436,,"Bell, Alexander Graham, Laboratory",Listed,Single,FALSE,0.9, SOCIAL HISTORY; INVENTION,BUILDING,DISTRICT OF COLUMBIA,District of Columbia,Washington,"3414 Volta Pl., NW.",https://catalog.archives.gov/id/117691903,11/28/72,11/28/72, The Bell Carriage House;Bell Laboratory;Volta Laboratory,,72001436
66000963,,Blair House,Listed,Single,FALSE,0.9, POLITICS/GOVERNMENT,BUILDING,DISTRICT OF COLUMBIA,District of Columbia,Washington,"1651 Pennsylvania Ave., NW",https://catalog.archives.gov/id/117691791,10/15/66,10/29/37, Blair-Lee House;Blair House National Historic Landmark,,66000963
83003523,,"Bowen, Anthony, YMCA",Listed,Single,FALSE,0.4, BLACK,BUILDING,DISTRICT OF COLUMBIA,District of Columbia,Washington,1816 12th St. NW,https://catalog.archives.gov/id/117691889,10/3/83,10/12/94,,,83003523
75002046,,"Bruce, Blanche K., House",Listed,Single,FALSE,0.9, BLACK; POLITICS/GOVERNMENT; SOCIAL HISTORY,BUILDING,DISTRICT OF COLUMBIA,District of Columbia,Washington,"909 M St., NW",https://catalog.archives.gov/id/117691795,5/15/75,5/15/75,,,75002046
74002156,,Carnegie Endowment for International Peace,Listed,Single,FALSE,0.9, SOCIAL HISTORY,BUILDING,DISTRICT OF COLUMBIA,District of Columbia,Washington,"700 Jackson Pl., NW",https://catalog.archives.gov/id/117691797,9/13/74,5/30/74, See Also:Lafayette Square Historic District,,74002156
76002135,ADNL,Carter G. Woodson Home,Done,NHL Updated Documentation,FALSE,0.9, BLACK; EDUCATION,building,DISTRICT OF COLUMBIA,District of Columbia,Washington,"1538 9th St., NW",,,5/11/76,,,76002135
76002128,,"Cary, Mary Ann Shadd, House",Listed,Single,FALSE,0.9, BLACK; LITERATURE; EDUCATION; LAW; SOCIAL HISTORY,BUILDING,DISTRICT OF COLUMBIA,District of Columbia,Washington,"1421 W. St., NW",https://catalog.archives.gov/id/117691799,12/8/76,12/8/76,,,76002128
66000857,,City Hall,Listed,Single,FALSE,0.9, POLITICS/GOVERNMENT,BUILDING,DISTRICT OF COLUMBIA,District of Columbia,Washington,"4th and E Sts., NW",https://catalog.archives.gov/id/117691801,10/15/66,12/19/60, District of Columbia Courthouse,,66000857
69000292,,Congressional Cemetery,Listed,Single,FALSE,30, SOCIAL HISTORY,SITE,DISTRICT OF COLUMBIA,District of Columbia,Washington,"1801 E St., SE.",https://catalog.archives.gov/id/117692063,6/23/69,6/14/11, Washington Cemetery;The Washington Parish Burial Ground,,69000292
85002724,,Constitution Hall,Listed,Single,FALSE,1, ART; ENTERTAINMENT/RECREATION; POLITICS/GOVERNMENT; ARCHITECTURE; SOCIAL HISTORY,BUILDING,DISTRICT OF COLUMBIA,District of Columbia,Washington,"311 Eighteenth St., NW.",https://catalog.archives.gov/id/117691803,9/16/85,9/16/85,,,85002724
71000997,,Corcoran Gallery of Art,Listed,Single,FALSE,1.7, ARCHITECTURE; EDUCATION; ART,BUILDING,DISTRICT OF COLUMBIA,District of Columbia,Washington,"17th St. at New York Ave., NW.",https://catalog.archives.gov/id/117692073,5/6/71,4/27/92,,,71000997
75002049,,"Coues, Elliott, House",Listed,Single,FALSE,0, SCIENCE,BUILDING,DISTRICT OF COLUMBIA,District of Columbia,Washington,"1726 N St., NW",https://catalog.archives.gov/id/117691807,5/15/75,5/15/75,,,75002049
66000858,,Decatur House,Listed,Single,FALSE,0.5, MILITARY; POLITICS/GOVERNMENT; ARCHITECTURE,BUILDING,DISTRICT OF COLUMBIA,District of Columbia,Washington,"748 Jackson Pl., NW.",https://catalog.archives.gov/id/117691809,10/15/66,12/19/60,,,66000858
69000293,,Executive Office Building,Listed,Single,FALSE,5, MILITARY; POLITICS/GOVERNMENT; ARCHITECTURE,BUILDING,DISTRICT OF COLUMBIA,District of Columbia,Washington,"Pennsylvania Ave. and 17th St., NW",https://catalog.archives.gov/id/117692126,6/4/69,11/11/71," State, War and Navy Building",,69000293
73002085,,Franklin School,Listed,Single,FALSE,0.3, EDUCATION; ARCHITECTURE,BUILDING,DISTRICT OF COLUMBIA,District of Columbia,Washington,"13th and K Sts., NW.",https://catalog.archives.gov/id/117692154,4/11/73,6/19/96,,,73002085
66000856,,Gallaudet College Historic District,Listed,Single,FALSE,15, EDUCATION; ARCHITECTURE; SOCIAL HISTORY,BUILDING,DISTRICT OF COLUMBIA,District of Columbia,Washington,"Florida Ave. and 7th St., NE.",,10/15/66,12/21/65," Main Central Building,Gallaudet College;See Also:Gallaudet C",,66000856
91002057,,General Federation of Women's Clubs Headquarters,Listed,Single,FALSE,0.9, SOCIAL HISTORY; CONSERVATION; EDUCATION; HEALTH/MEDICINE,BUILDING,DISTRICT OF COLUMBIA,District of Columbia,Washington,"1734 N St., NW.",https://catalog.archives.gov/id/117691815,12/4/91,12/4/91, Miles Mansion,,91002057
69000311,,General Post Office,Listed,Single,FALSE,1.5, POLITICS/GOVERNMENT; ARCHITECTURE,BUILDING,DISTRICT OF COLUMBIA,District of Columbia,Washington,"E and F Sts. between 7th and 8th Sts., NW",https://catalog.archives.gov/id/117692174,3/24/69,11/11/71, Tariff Commission Building,,69000311
67000025,,Georgetown Historic District,Listed,Single,FALSE,750, POLITICS/GOVERNMENT; ARCHITECTURE,DISTRICT,DISTRICT OF COLUMBIA,District of Columbia,Washington,"Roughly bounded by Whitehaven St., Rock Creek Park, Potomac River, and Georgetown University campus",https://catalog.archives.gov/id/117692178,5/28/67,5/28/67, See Also:Dumbarton Oaks Park and Montrose Park,,67000025
74002161,,"Gompers, Samuel, House",Listed,Single,FALSE,0.9, SOCIAL HISTORY,BUILDING,DISTRICT OF COLUMBIA,District of Columbia,Washington,"2122 1st St., NW",https://catalog.archives.gov/id/117691821,9/23/74,5/30/74,,,74002161
76002129,,"Grimke, Charlotte Forten, House",Listed,Single,FALSE,0.9, BLACK; LITERATURE; EDUCATION; SOCIAL HISTORY,BUILDING,DISTRICT OF COLUMBIA,District of Columbia,Washington,"1608 R St., NW.",https://catalog.archives.gov/id/117691823,5/11/76,5/11/76,,,76002129
71001003,,"Healy Building, Georgetown University",Listed,Single,FALSE,0.9, EDUCATION; ARCHITECTURE,BUILDING,DISTRICT OF COLUMBIA,District of Columbia,Washington,"Georgetown University campus, junction of O and Thirty-seventh Sts.",https://catalog.archives.gov/id/117692208,5/27/71,12/23/87,,,71001003
74002163,,"Howard, Gen. Oliver Otis, House",Listed,Single,FALSE,0.9, EDUCATION; SOCIAL HISTORY,BUILDING,DISTRICT OF COLUMBIA,District of Columbia,Washington,607 Howard Pl.,https://catalog.archives.gov/id/117692229,2/12/74,5/30/74, Howard Hall,,74002163
72001424,,"Hughes, Charles Evans, House",Listed,Single,FALSE,0.1, POLITICS/GOVERNMENT,BUILDING,DISTRICT OF COLUMBIA,District of Columbia,Washington,"2223 R St., NW",https://catalog.archives.gov/id/117691829,11/28/72,11/28/72,,,72001424
01001045,,John Phillip Sousa Junior High School,Listed,Single,FALSE,,,BUILDING,DISTRICT OF COLUMBIA,District of Columbia,Washington DC,"3650 Ely Place, SE",https://catalog.archives.gov/id/117691873,8/7/01,8/7/01,,,01001045
05001205,,Lafayette Building,Listed,Single,FALSE,,,BUILDING,DISTRICT OF COLUMBIA,District of Columbia,Washington,811 Vermont Ave. NW,https://catalog.archives.gov/id/117691833,9/1/05,9/1/05,,,05001205
70000833,,Lafayette Square Historic District,Listed,Single,FALSE,0, LANDSCAPE ARCHITECTURE; COMMERCE; POLITICS/GOVERNMENT,DISTRICT,DISTRICT OF COLUMBIA,District of Columbia,Washington,"Roughly between 15th and 17th Sts. and H St. and State and Treasury Places, exclusive of the White House and its grounds",https://catalog.archives.gov/id/117691835,8/29/70,8/29/70, See Also:74002155;73002075;74002156;66000858;69000300;730020,National Mall,70000833
73002100,,McCormick Apartments,Listed,Single,FALSE,0.9, INDUSTRY; COMMERCE; ECONOMICS; POLITICS/GOVERNMENT; ARCHITECTURE,BUILDING,DISTRICT OF COLUMBIA,District of Columbia,Washington,"1785 Massachusetts Ave., NW",https://catalog.archives.gov/id/117692315,4/3/73,5/11/76, Mellon Apartment;Andrew Mellon Building;1785 Massachusetts A,,73002100
72001427,,Memorial Continental Hall,Listed,Single,FALSE,0.3, MILITARY,BUILDING,DISTRICT OF COLUMBIA,District of Columbia,Washington,"17th St., between C and D Sts., NW",https://catalog.archives.gov/id/117691841,11/28/72,11/28/72, Site of Washington Conference of 1921-22,,72001427
74000273,,Meridian Hill Park,Listed,Single,FALSE,11.9, ARCHITECTURE; LANDSCAPE ARCHITECTURE,DISTRICT,DISTRICT OF COLUMBIA,District of Columbia,Washington,"Bounded by 16th, Euclid, 15th, and W Sts., NW.",https://catalog.archives.gov/id/117692321,10/25/74,4/19/94,,Rock Creek Park,74000273
100009816,NL,National Archives Building,Listed,NHL,FALSE,1, ARCHITECTURE,building,DISTRICT OF COLUMBIA,District of Columbia,Washington,"Constitution Ave. between 7th and 9th Sts., NW.",,,12/11/23,,,71001004
66000902,,National Portrait Gallery,Listed,Single,FALSE,0, SCIENCE; ARCHITECTURE; INVENTION,BUILDING,DISTRICT OF COLUMBIA,District of Columbia,Washington,"F and G Sts. between 7th and 9th Sts., NW",https://catalog.archives.gov/id/117691853,10/15/66,1/12/65, Old Patent Office;National Collection of Fine Arts,,66000902
72001535,,National War College,Listed,Single,FALSE,40, POLITICS/GOVERNMENT,BUILDING,DISTRICT OF COLUMBIA,District of Columbia,Washington,"P St., within Fort Lesley J. McNair",https://catalog.archives.gov/id/117691847,11/28/72,11/28/72, Army War College,,72001535
66000863,,"Octagon, The",Listed,Single,FALSE,0, MILITARY; POLITICS/GOVERNMENT; ARCHITECTURE,BUILDING,DISTRICT OF COLUMBIA,District of Columbia,Washington,"1799 New York Ave., NW",https://catalog.archives.gov/id/117691849,10/15/66,12/19/60, Colonel John Tayloe House,,66000863
66000864,,Old Naval Observatory,Listed,Single,FALSE,2, MILITARY; SCIENCE,BUILDING,DISTRICT OF COLUMBIA,District of Columbia,Washington,"23rd and E Sts., NW",https://catalog.archives.gov/id/117691851,10/15/66,1/12/65,,,66000864
100006252,NL,Pan American Union Headquarters,Listed,NHL,FALSE,0, COMMERCE; EDUCATION; POLITICS/GOVERNMENT; ARCHITECTURE; SOCIAL HISTORY,building,DISTRICT OF COLUMBIA,District of Columbia,Washington,"17th St. between C St. and Constitution Ave., NW.",,,1/13/21,,,69000298
69000312,,Pension Building,Listed,Single,FALSE,0, ENGINEERING; POLITICS/GOVERNMENT; ARCHITECTURE,BUILDING,DISTRICT OF COLUMBIA,District of Columbia,Washington,"4th and 5th Sts. between F and G Sts., NW",https://catalog.archives.gov/id/117692407,3/24/69,2/4/85,,,69000312
91002048,,"Perkins, Frances, House",Listed,Single,FALSE,0.9, SOCIAL HISTORY; POLITICS/GOVERNMENT,BUILDING,DISTRICT OF COLUMBIA,District of Columbia,Washington,"2326 California St., NW.",https://catalog.archives.gov/id/117691857,7/17/91,7/17/91,,,91002048
66000852,,PHILADELPHIA (gundelo),Listed,Single,FALSE,0, HISTORIC - NON-ABORIGINAL; MILITARY,STRUCTURE,DISTRICT OF COLUMBIA,District of Columbia,Washington,"14th St. and Constitution Ave., NW",https://catalog.archives.gov/id/117691859,10/15/66,1/20/61, The U.S. Gundelo PHILADELPHIA;Continental Gondala;The Philad,,66000852
69000300,,Renwick Museum,Listed,Single,FALSE,0, ARCHITECTURE,BUILDING,DISTRICT OF COLUMBIA,District of Columbia,Washington,"NE corner, 17th St. and Pennsylvania Ave., NW",https://catalog.archives.gov/id/117692444,3/24/69,11/11/71, Old Corcoran Art Gallery,,69000300
66000866,,"Richards, Zalmon, House",Listed,Single,FALSE,0.9, EDUCATION,BUILDING,DISTRICT OF COLUMBIA,District of Columbia,Washington,"1301 Corcoran St., NW",https://catalog.archives.gov/id/117691865,10/15/66,12/21/65,,,66000866
72001432,AD,Sewall-Belmont House National Historic Site (Additional Documentation),Listed,Add.Doc.,FALSE,0.34, POLITICS/GOVERNMENT; ARCHITECTURE; SOCIAL HISTORY,building,DISTRICT OF COLUMBIA,District of Columbia,Washington,"144 Constitution Ave., NE.",https://catalog.archives.gov/id/117692468,6/16/72,11/30/72, Belmont-Paul Women's Equality National Monument,Sewall-Belmont House National Historic Site,72001432
100011383,NL,Slowe-Burrill House,Listed,NHL,FALSE,0.17, EDUCATION,building,DISTRICT OF COLUMBIA,District of Columbia,Washington,1256 Kearny St. NE,,,12/13/24,,,100005324
66000867,,Smithsonian Building,Listed,Single,FALSE,0, SCIENCE; ARCHITECTURE; INVENTION,BUILDING,DISTRICT OF COLUMBIA,District of Columbia,Washington,"Jefferson Dr. at 10th St., SW",https://catalog.archives.gov/id/117691871,10/15/66,1/12/65, Smithsonian Institution Building,,66000867
79003101,,St. Elizabeths Hospital,Listed,Single,FALSE,336.4, ARCHITECTURE; HEALTH/MEDICINE; SOCIAL HISTORY,DISTRICT,DISTRICT OF COLUMBIA,District of Columbia,Washington,"2700 Martin Luther King Jr., Ave., SE.",https://catalog.archives.gov/id/117692494,4/26/79,12/14/90,,,79003101
66000868,,St. John's Church,Listed,Single,FALSE,0.5, POLITICS/GOVERNMENT; ARCHITECTURE,BUILDING,DISTRICT OF COLUMBIA,District of Columbia,Washington,"16th and H Sts., NW",https://catalog.archives.gov/id/117691877,10/15/66,12/19/60, St. John's Church (Episcopal),,66000868
76002131,,St. Luke's Episcopal Church,Listed,Single,FALSE,0.9, BLACK; LITERATURE; EDUCATION; SOCIAL HISTORY,BUILDING,DISTRICT OF COLUMBIA,District of Columbia,Washington,"15th and Church Sts., NW",https://catalog.archives.gov/id/117691879,5/11/76,5/11/76,,,76002131
75002055,,"Terrell, Mary Church, House",Listed,Single,FALSE,0.9, BLACK; EDUCATION; POLITICS/GOVERNMENT; SOCIAL HISTORY,BUILDING,DISTRICT OF COLUMBIA,District of Columbia,Washington,"326 T St., NW",https://catalog.archives.gov/id/117691885,5/15/75,5/15/75,,,75002055
75002055,AD,"Terrell, Mary Church, House (Additional Documentation)",Returned,Add.Doc.,FALSE,0.9, BLACK; EDUCATION; POLITICS/GOVERNMENT; SOCIAL HISTORY,BUILDING,DISTRICT OF COLUMBIA,District of Columbia,Washington,"326 T St., NW",https://catalog.archives.gov/id/117691885,5/15/75,5/15/75,,,75002055
100011366,NL,The Furies Collective,Listed,NHL,FALSE,0.04, SOCIAL HISTORY,building,DISTRICT OF COLUMBIA,District of Columbia,Washington,"219 11th St., SE",,,9/2/24,,,16000211
91002049,,Trades Hall of National Training School for Women and Girls,Listed,Single,FALSE,6, EDUCATION,BUILDING,DISTRICT OF COLUMBIA,District of Columbia,Washington,"601 50th St., NE.",https://catalog.archives.gov/id/117691845,7/17/91,7/17/91, Nannie Helen Burroughs School,,91002049
66000871,,Tudor Place,Listed,Single,FALSE,6, MILITARY; POLITICS/GOVERNMENT; ARCHITECTURE,BUILDING,DISTRICT OF COLUMBIA,District of Columbia,Washington,"1644 31st St., NW",https://catalog.archives.gov/id/117691887,10/15/66,12/19/60,,,66000871
71001007,,U.S. Department of the Treasury,Listed,Single,FALSE,0, ARCHITECTURE,BUILDING,DISTRICT OF COLUMBIA,District of Columbia,Washington,"1500 Pennsylvania Ave., NW",https://catalog.archives.gov/id/117691897,11/11/71,11/11/71, See Also:Lafayette Square Historic District,,71001007
72001435,,U.S. Marine Corps Barracks and Commandant's House,Listed,Single,FALSE,6, MILITARY; ARCHITECTURE; PERFORMING ARTS,DISTRICT,DISTRICT OF COLUMBIA,District of Columbia,Washington,"8th and I Sts., SE",https://catalog.archives.gov/id/117692560,12/27/72,5/11/76, US Marine Barracks;Marine Corps Commandant's House,,72001435
74002176,,U.S. Soldiers' and Airmen's Home,Listed,Single,FALSE,6, MILITARY; POLITICS/GOVERNMENT,DISTRICT,DISTRICT OF COLUMBIA,District of Columbia,Washington,"Rock Creek Church Rd., NW",https://catalog.archives.gov/id/117691901,2/11/74,11/7/73, U.S. Military Asylum;The Old Soldiers' Home,,74002176
76002132,,"Underwood, Oscar W., House",Listed,Single,FALSE,0.9, LAW; POLITICS/GOVERNMENT,BUILDING,DISTRICT OF COLUMBIA,District of Columbia,Washington,"2000 G St., NW",https://catalog.archives.gov/id/117691891,12/8/76,12/8/76," Art Department Building,George Washington University;Washing",,76002132
00001032,,United Mine Workers of America,Listed,Single,FALSE,0.9, SOCIAL HISTORY; ARCHITECTURE; POLITICS/GOVERNMENT,building,DISTRICT OF COLUMBIA,District of Columbia,Washington,900 Fifteenth St. NW,https://catalog.archives.gov/id/117692578,9/13/00,4/5/05, University Club,,00001032
90000332,,USS BARRY (DD-933),DATE RECEIVED/PENDING NOMINATION,Single,FALSE,0.9, ARCHITECTURE,STRUCTURE,DISTRICT OF COLUMBIA,District of Columbia,Washington,Washington Navy Yard,,,5/11/76, BARRY,,90000332
87002594,,USS SEQUOIA (yacht),Listed,Single,FALSE,0.1, POLITICS/GOVERNMENT,STRUCTURE,DISTRICT OF COLUMBIA,District of Columbia,Washington,Hains Point,https://catalog.archives.gov/id/117691867,12/23/87,12/23/87, Presidential Yacht SEQUOIA;AG-23,,87002594
73002123,,Washington Aqueduct,Listed,Single,FALSE,163, MILITARY; ENGINEERING; TRANSPORTATION,STRUCTURE,DISTRICT OF COLUMBIA,District of Columbia,Washington,"5900 MacArthur Blvd., NW",https://catalog.archives.gov/id/117691905,9/8/73,11/7/73, See Also:Cabin John Aqueduct,,73002123
73002124,,Washington Navy Yard,Listed,Single,FALSE,41, INDUSTRY; MILITARY; ARCHITECTURE,DISTRICT,DISTRICT OF COLUMBIA,District of Columbia,Washington,"8th and M Sts., SE",https://catalog.archives.gov/id/117692617,6/19/73,11/7/73,,,73002124
76002133,,"White, David, House",Listed,Single,FALSE,0.9, SCIENCE,BUILDING,DISTRICT OF COLUMBIA,District of Columbia,Washington,"1459 Girard St., NW",https://catalog.archives.gov/id/117691911,1/7/76,1/7/76,,,76002133
66000873,,"Wilson, Woodrow, House",Listed,Single,FALSE,0.9, POLITICS/GOVERNMENT,BUILDING,DISTRICT OF COLUMBIA,District of Columbia,Washington,"2340 S St., NW",https://catalog.archives.gov/id/117691913,10/15/66,7/19/64,,,66000873
76002134,,Windsor Lodge,Listed,Single,FALSE,0.9, POLITICS/GOVERNMENT,BUILDING,DISTRICT OF COLUMBIA,District of Columbia,Washington,"2139--2141 Wyoming Ave., NW",https://catalog.archives.gov/id/117691793,12/8/76,12/8/76," William Edgar Borah Apartment,No. 21;Chancellery Cooperative",,76002134
76002135,,"Woodson, Carter G., House",Listed,Single,FALSE,0.9, BLACK; EDUCATION,BUILDING,DISTRICT OF COLUMBIA,District of Columbia,Washington,"1538 9th St., NW",https://catalog.archives.gov/id/117691915,5/11/76,5/11/76,,,76002135
76002136,,"Woodward, Robert Simpson, House",Listed,Single,FALSE,0.9, SCIENCE,BUILDING,DISTRICT OF COLUMBIA,District of Columbia,Washington,"1513 16th St., NW",https://catalog.archives.gov/id/117691917,1/7/76,1/7/76,,,76002136
74002226,,Nan Madol,Listed,Single,FALSE,1280, PREHISTORIC; HISTORIC - ABORIGINAL; ENGINEERING; POLITICS/GOVERNMENT; ARCHITECTURE,DISTRICT,FEDERATED STATES OF MICRONESIA,Ponape,Temwen Island,E side of Temwen Island,https://catalog.archives.gov/id/131517797,12/19/74,9/16/85,,,74002226
76002267,,"Truk Lagoon Underwater Fleet, Truk Atoll",Listed,Single,FALSE,0, MILITARY,DISTRICT,FEDERATED STATES OF MICRONESIA,Truk,Truk,Truk Lagoon,https://catalog.archives.gov/id/131517814,9/30/76,2/4/85,,,76002267
74000655,,"Bethune, Mary McLeod, Home",Listed,Single,FALSE,0, ETHNIC HERITAGE-BLACK; EDUCATION,building,FLORIDA,Volusia,Daytona Beach,Bethune-Cookman College campus,https://catalog.archives.gov/id/77841935,12/2/74,12/2/74, Mary McLeod Bethune Foundation,,74000655
72000350,,Bok Mountain Lake Sanctuary and Singing Tower,Listed,Single,FALSE,130.4, CONSERVATION; LANDSCAPE ARCHITECTURE; ART; SOCIAL HISTORY; PERFORMING ARTS; ARCHITECTURE,STRUCTURE,FLORIDA,Polk,Lake Wales,3 mi. N of Lake Wales,https://catalog.archives.gov/id/77843776,8/21/72,4/19/93, Bok Tower;Bok Tower Gardens,,72000350
84003872,,Cape Canaveral Air Force Station,Listed,Single,FALSE,132.5, ENGINEERING; TRANSPORTATION; SCIENCE; COMMUNICATIONS,DISTRICT,FLORIDA,Brevard,Cocoa,"Launch Pads 5, 6, 13, 14, 19, 26, 34 and Mission Control Center",https://catalog.archives.gov/id/77841869,4/16/84,4/16/84,,,84003872
70000844,,Cathedral of St. Augustine,Listed,Single,FALSE,1, RELIGION,BUILDING,FLORIDA,St. Johns,St. Augustine,Cathedral St. between Charlotte and St. George Sts.,https://catalog.archives.gov/id/77841929,4/15/70,4/15/70,,,70000844
70000178,,Crystal River Indian Mounds,Listed,Single,FALSE,17.5, PREHISTORIC,SITE,FLORIDA,Citrus,Crystal River,2 mi. NW of Crystal River on U.S. 19-98,https://catalog.archives.gov/id/77841873,9/29/70,6/21/90, Crystal River Historic Memorial;Crystal River Site,,70000178
72000353,,Dade Battlefield Historic Memorial,Listed,Single,FALSE,12, NATIVE AMERICAN; MILITARY; POLITICS/GOVERNMENT,SITE,FLORIDA,Sumter,Bushnell,1 mi. W of Bushnell off U.S. 301,https://catalog.archives.gov/id/77844116,4/14/72,11/7/73, Dade's Massacre;Dade Battlefield,,72000353
15000312,,"Douglas, Marjory Stoneman, House",Listed,Single,FALSE,,,,FLORIDA,Miami-Dade,Miami,3744 Stewart Ave.,,2/27/15,2/27/15,,,15000312
100006234,NL,Dudley Farm,Listed,NHL,FALSE,259.8, AGRICULTURE; ARCHITECTURE,district,FLORIDA,Alachua,Newberry,18730 W. Newberry Rd.,,,1/13/21,,,02001081
88001823,,El Centro Espanol de Tampa,Listed,Single,FALSE,1, HISPANIC,BUILDING,FLORIDA,Hillsborough,Tampa,1526--1536 E. Seventh Ave.,https://catalog.archives.gov/id/77841888,6/3/88,6/3/88,,,88001823
74000632,,El Centro Espanol of West Tampa,Listed,Single,FALSE,0.9, ARCHITECTURE; SOCIAL HISTORY,BUILDING,FLORIDA,Hillsborough,Tampa,2306 N. Howard St.,https://catalog.archives.gov/id/77842627,7/30/74,6/10/88,,,74000632
72000345,,"Flagler, Henry Morrison, House; Whitehall",Listed,Single,FALSE,5.3, ARCHITECTURE; SOCIAL HISTORY,BUILDING,FLORIDA,Palm Beach,Palm Beach,Whitehall Way,https://catalog.archives.gov/id/77843543,12/5/72,2/16/00, Whitehall,,72000345
75000568,,Florida Southern College Architectural District,Listed,Single,FALSE,10, ARCHITECTURE,DISTRICT,FLORIDA,Polk,Lakeland,111 Lake Hollingsworth Dr.,https://catalog.archives.gov/id/77843754,6/11/75,3/2/12,,,75000568
66000263,,Fort Barrancas Historical District,Listed,Single,FALSE,64, MILITARY; ENGINEERING; EXPLORATION/SETTLEMENT; POLITICS/GOVERNMENT; ARCHITECTURE,DISTRICT,FLORIDA,Escambia,Pensacola,U.S. Naval Air Station,https://catalog.archives.gov/id/77842368,10/15/66,10/9/60, Fort San Carlos de Barrancas,Gulf Islands,66000263
72000318,,Fort Gadsden Historic Memorial,Listed,Single,FALSE,3.3, NATIVE AMERICAN; MILITARY; POLITICS/GOVERNMENT,SITE,FLORIDA,Franklin,Sumatra,6 mi. SW of Sumatra,https://catalog.archives.gov/id/77842438,2/23/72,5/15/75, Negro Fort;British Fort,,72000318
04000320,,Fort King Site,Listed,Single,TRUE,36.2, HISTORIC - ABORIGINAL; POLITICS/GOVERNMENT; MILITARY,SITE,FLORIDA,Marion,Ocala,Address Restricted,,2/24/04,2/24/04, Camp King; Cantonment King; 8MR60,,04000320
94001645,,"Fort Mose Site, Second",Listed,Single,TRUE,0.9, HISTORIC - NON-ABORIGINAL; BLACK,SITE,FLORIDA,St. Johns,St. Augustine,Address Restricted,,10/12/94,10/12/94, 8-SJ-40B;Garcia Real de Santa Teresa de Mose,,94001645
66000271,,Fort San Marcos de Apalache,Listed,Single,FALSE,100, HISTORIC - NON-ABORIGINAL; MILITARY; EXPLORATION/SETTLEMENT,SITE,FLORIDA,Wakulla,St. Marks,18 mi. S of Tallahassee,https://catalog.archives.gov/id/77841939,11/13/66,11/13/66,,,66000271
66000268,,Fort Walton Mound,Listed,Single,TRUE,2, PREHISTORIC,SITE,FLORIDA,Okaloosa,Fort Walton Beach,Address Restricted,,10/15/66,7/19/64,,,66000268
71000244,,Fort Zachary Taylor,Listed,Single,FALSE,3.5, MILITARY; ENGINEERING; ARCHITECTURE,STRUCTURE,FLORIDA,Monroe,Key West,U.S. Naval Station,https://catalog.archives.gov/id/77843281,3/11/71,5/31/73,,,71000244
79000665,,Freedom Tower,Listed,Single,FALSE,0.9, HISPANIC; ARCHITECTURE; COMMUNICATIONS; SOCIAL HISTORY,BUILDING,FLORIDA,Miami-Dade,Miami,600 Biscayne Blvd,https://catalog.archives.gov/id/77843179,9/10/79,10/6/08,,,79000665
70000845,,Gonzalez-Alvarez House,Listed,Single,FALSE,2, ARCHITECTURE,BUILDING,FLORIDA,St. Johns,St. Augustine,14 St. Francis St.,https://catalog.archives.gov/id/77841923,4/15/70,4/15/70, The Oldest House,,70000845
91002063,,GOVERNOR STONE (schooner),Listed,Single,FALSE,0.9, ARCHITECTURE; MARITIME HISTORY; TRANSPORTATION; COMMERCE,STRUCTURE,FLORIDA,Walton,Sandestin,Baytown dock,,12/4/91,12/4/91, Two-masted schooner GOVERNOR STONE,,91002063
89001428,,HA. 19 (Japanese Midget Submarine),Listed,Single,FALSE,0.1, MILITARY,STRUCTURE,FLORIDA,Monroe,Key West,NAS Key West,https://catalog.archives.gov/id/40970931,6/30/89,6/30/89," Japanese Midget Submarine ""C""",,89001428
68000023,,"Hemingway, Ernest, House",Listed,Single,FALSE,0.9, LITERATURE,BUILDING,FLORIDA,Monroe,Key West,907 Whitehead St.,https://catalog.archives.gov/id/77841905,11/24/68,11/24/68,,,68000023
75002067,,Hotel Ponce De Leon,Listed,Single,FALSE,9, ARCHITECTURE; SOCIAL HISTORY; COMMERCE; ART,BUILDING,FLORIDA,St. Johns,St. Augustine,"74 King St.,Bounded by King, Valencia, Sevilla, and Cordova Sts.;See Also:St. Augustine Historic District",https://catalog.archives.gov/id/77844041,5/6/75,2/17/06, See Also:St. Augustine Town Plan Historic District; Flagler College,,75002067
91002047,,"Hurston, Zora Neale, House",Listed,Single,FALSE,0.9, BLACK; LITERATURE,BUILDING,FLORIDA,St. Lucie,Fort Pierce,1734 School Ct.,https://catalog.archives.gov/id/77841931,12/4/91,12/4/91,,,91002047
92001879,,INGHAM (USCGC),Listed,Single,FALSE,0.9, MARITIME HISTORY; ARCHITECTURE; MILITARY,STRUCTURE,FLORIDA,Monroe,Key West,East quay at the Truman Waterfront (at the end of Southard St.),https://catalog.archives.gov/id/77841907,4/27/92,4/27/92, U.S. Coast Guard Cutter INGHAM (WPG-35),,92001879
70000846,,Llambias House,Listed,Single,FALSE,1, ARCHITECTURE,BUILDING,FLORIDA,St. Johns,St. Augustine,31 St. Francis St.,https://catalog.archives.gov/id/77841925,4/15/70,4/15/70, Fernandez-Llambias House,,70000846
94001650,,MAPLE LEAF (Shipwreck Site),Listed,Single,TRUE,0.9, HISTORIC - NON-ABORIGINAL; MARITIME HISTORY; MILITARY; TRANSPORTATION,SITE,FLORIDA,Duval,Mandarin,Address Restricted,,10/12/94,10/12/94, 8DU8032,,94001650
80000961,,Mar-A-Lago National Historic Landmark,Listed,Single,FALSE,17, ARCHITECTURE; SOCIAL HISTORY,BUILDING,FLORIDA,Palm Beach,Palm Beach,1100 S. Ocean Blvd.,https://catalog.archives.gov/id/77841914,12/23/80,12/23/80,,,80000961
01001534,,"Miami Circle at Brickell Point Site, The",Listed,Single,FALSE,2.2, PREHISTORIC,SITE,FLORIDA,Miami-Dade,Miami,401 Brickell Ave,https://catalog.archives.gov/id/77843132,2/5/02,1/16/09, Miami Circle; Miami Midden No. 2; 8DA12,,01001534
72000306,,Miami-Biltmore Hotel,Listed,Single,FALSE,20, INDUSTRY; ARCHITECTURE,BUILDING,FLORIDA,Miami-Dade,Coral Gables,1210 Anastasia Ave.,https://catalog.archives.gov/id/77843207,9/27/72,6/19/96,,,72000306
06000979,,Mud Lake Canal,Listed,Single,FALSE,,,SITE,FLORIDA,Monroe,Flamingo,"Cape Sable, Everglades National Park",https://catalog.archives.gov/id/77841903,9/20/06,9/20/06, Bear Lake Canal; Bear Lake Archeological District EVER-192/8MO32,Everglades,06000979
16000857,,Norman Film Manufacturing Company,Listed,Single,FALSE,1, BLACK; ENTERTAINMENT/RECREATION; SOCIAL HISTORY,district,FLORIDA,Duval,Jacksonville,6337 Arlington Road,,10/31/16,10/31/16, Norman Studios; Norman Film Studios,,16000857
66000269,,Okeechobee Battlefield,Listed,Single,FALSE,640, NATIVE AMERICAN; MILITARY,SITE,FLORIDA,Okeechobee,Okeechobee,4 mi. SE of Okeechobee on U.S. 441,https://catalog.archives.gov/id/77841912,10/15/66,7/4/61,,,66000269
66000265,,Pelican Island National Wildlife Refuge,Listed,Single,FALSE,3, CONSERVATION,SITE,FLORIDA,Indian River,Sebastian,E of Sebastian in the Indian River,https://catalog.archives.gov/id/77841890,10/15/66,5/23/63,,,66000265
76000595,,Pensacola Naval Air Station Historic District,Listed,Single,FALSE,82, MILITARY,DISTRICT,FLORIDA,Escambia,Pensacola,Pensacola Naval Air Station,https://catalog.archives.gov/id/77841878,12/8/76,12/8/76, Pensacola Navy Yard,,76000595
66000264,,Plaza Ferdinand VII,Listed,Single,FALSE,2, POLITICS/GOVERNMENT,SITE,FLORIDA,Escambia,Pensacola,Palafox St. between Government and Zaragossa Sts.,https://catalog.archives.gov/id/77841880,10/15/66,10/9/60,,,66000264
72000355,,Ponce De Leon Inlet Lightstation,Listed,Single,FALSE,9, ARCHITECTURE; TRANSPORTATION; MARITIME HISTORY,BUILDING,FLORIDA,Volusia,Ponce de Leon Inlet,"4931 S. Peninsula Dr., U.S. Coast Guard Reservation",https://catalog.archives.gov/id/77844172,9/22/72,8/5/98, Mosquito Inlet Lighthouse,,72000355
70000176,,"Rawlings, Marjorie Kinnan, House and Farm Yard",Listed,Single,FALSE,1, LITERATURE; ARCHITECTURE,BUILDING,FLORIDA,Alachua,Cross Creek,18700 South County Rd. 325,https://catalog.archives.gov/id/77841952,9/29/70,9/20/06,,,70000176
66000270,,Safety Harbor Site,Listed,Single,FALSE,2, PREHISTORIC; HISTORIC - ABORIGINAL,SITE,FLORIDA,Pinellas,Safety Harbor,Phillipe Park,https://catalog.archives.gov/id/77841918,10/15/66,7/19/64,,,66000270
66000266,,San Luis de Apalache,Listed,Single,FALSE,48.1, HISTORIC - ABORIGINAL; HISTORIC - NON-ABORIGINAL,SITE,FLORIDA,Leon,Tallahassee,2 mi. W of Tallahassee,https://catalog.archives.gov/id/77841892,10/15/66,10/9/60, San Luis de Talimali,,66000266
70000847,,St. Augustine Town Plan Historic District,Listed,Single,FALSE,113, COMMERCE; MILITARY; EXPLORATION/SETTLEMENT; POLITICS/GOVERNMENT; ARCHITECTURE; RELIGION,district,FLORIDA,St. Johns,St. Augustine,"Roughly bounded by Grove Ave, the Matanzas River, and South and Washington Sts.",https://catalog.archives.gov/id/77844023,4/15/70,4/15/70, St. Augustine Historic District;See Also:70000845;70000844;7,,70000847
72000322,,Tampa Bay Hotel,Listed,Single,FALSE,4.5, MILITARY; LITERATURE; ARCHITECTURE,BUILDING,FLORIDA,Hillsborough,Tampa,401 W. Kennedy Blvd.,https://catalog.archives.gov/id/77842615,12/5/72,5/11/76," University of Tampa,Plant Hall",,72000322
14000920,,The Research Studio (Maitland Art Center),Listed,Single,FALSE,,,BUILDING,FLORIDA,Orange,Maitland,231 W. Packwood Ave.,,8/25/14,8/25/14,,,14000920
77000401,,U.S. Car. No. 1,Listed,Single,FALSE,0.9, POLITICS/GOVERNMENT,OBJECT,FLORIDA,Broward,Fort Lauderdale,3398 SW. 9th Ave.,https://catalog.archives.gov/id/77842169,8/24/77,2/4/85, FERDINAND MAGELLAN,,77000401
70000181,,Vizcaya,Listed,Single,FALSE,43, CONSERVATION; ARCHITECTURE; ART; LANDSCAPE ARCHITECTURE,DISTRICT,FLORIDA,Miami-Dade,Miami,3251 S. Miami Ave.,https://catalog.archives.gov/id/77843157,9/29/70,4/19/94, James Deering Estate;See Also:Vizcaya (Boundary Increase),,70000181
87000810,,Windover Archeological Site (8BR246),Listed,Single,TRUE,1.3, PREHISTORIC,SITE,FLORIDA,Brevard,Titusville,Address Restricted,,4/20/87,5/28/87, 8BR246,,87000810
74000641,,Ybor City Historic District,Listed,Single,FALSE,369, INDUSTRY; COMMUNITY PLANNING AND DEVELOPMENT; LANDSCAPE ARCHITECTURE; COMMERCE; ENGINEERING; SCIENCE; POLITICS/GOVERNMENT; ARCHITECTURE; SOCIAL HISTORY; PERFORMING ARTS,DISTRICT,FLORIDA,Hillsborough,Tampa,"Roughly bounded by 6th Ave., 13th St., 10th Ave. and 22nd St., E. Broadway between 13th and 22nd Sts.",https://catalog.archives.gov/id/77842590,8/28/74,12/14/90,,,74000641
100011187,NL,Andalusia Farm,Listed,NHL,FALSE,, LITERATURE,building,GEORGIA,Baldwin,Milledgeville,NW of Milledgeville on U.S. 441,,,1/27/22,,,100011187
100011188,SG,Andalusia Farm,Listed,Single,FALSE,, LITERATURE,building,GEORGIA,Baldwin,Milledgeville,NW of Milledgeville on U.S. 441,,,1/27/22,,,100011187
71000285,,Augusta Canal Industrial District,Listed,Single,FALSE,225, INDUSTRY; ENGINEERING; TRANSPORTATION,DISTRICT,GEORGIA,Richmond,Augusta,Along the west bank of the Savannah River from the Richmond-Columbia county line to 10th and Fenwick Sts.,https://catalog.archives.gov/id/93209339,5/27/71,12/22/77,,,71000285
72000400,,Bellevue,Listed,Single,FALSE,2.5, ARCHITECTURE,BUILDING,GEORGIA,Troup,LaGrange,204 Ben Hill St.,https://catalog.archives.gov/id/93209713,11/7/72,11/7/73, Benjamin Harvey Hill House,,72000400
71000286,,"Benet, Stephen Vincent, House",Listed,Single,FALSE,64, LITERATURE,BUILDING,GEORGIA,Richmond,Augusta,2500 Walton Way,https://catalog.archives.gov/id/93206795,11/11/71,11/11/71," President's Home,Augusta College;Commandant's House;Augusta",,71000286
73002292,,Calhoun Mine,Listed,Single,FALSE,110, INDUSTRY; NATIVE AMERICAN; EXPLORATION/SETTLEMENT; POLITICS/GOVERNMENT,STRUCTURE,GEORGIA,Lumpkin,Dahlonega,3 mi. S of Dahlonega off GA 60,https://catalog.archives.gov/id/93206783,11/7/73,11/7/73,,,73002292
76000610,,Central of Georgia Depot and Trainshed,Listed,Single,FALSE,0, COMMERCE; ENGINEERING; TRANSPORTATION; ARCHITECTURE,DISTRICT,GEORGIA,Chatham,Savannah,W. Broad and Liberty Sts.,,12/8/76,12/8/76, See Also:Central of Georgia Railroad: Savannah Shops and Ter,,76000610
78000970,,Central of Georgia Railroad: Savannah Shops and Terminal Facilities,Listed,Single,FALSE,33.2, INDUSTRY; ENGINEERING; TRANSPORTATION; ARCHITECTURE,DISTRICT,GEORGIA,Chatham,Savannah,W. Broad St. and Railroad Ave.,https://catalog.archives.gov/id/93206742,6/2/78,6/2/78, See Also:70000199;76000610,,78000970
70000199,,Central of Georgia Railway Company Shop Property,Listed,Single,FALSE,0, ENGINEERING; TRANSPORTATION; ARCHITECTURE,DISTRICT,GEORGIA,Chatham,Savannah,Between W. Jones St. and Louisville Rd.,https://catalog.archives.gov/id/93207277,3/5/70,6/2/78, See Also:Central of Georgia Railroad: Savannah Shops and Ter,,70000199
71000273,,Chieftains,Listed,Single,FALSE,0.9, NATIVE AMERICAN; POLITICS/GOVERNMENT; ARCHITECTURE,BUILDING,GEORGIA,Floyd,Rome,80 Chatillon Rd.,https://catalog.archives.gov/id/93207984,4/7/71,11/7/73, Major Ridge House,,71000273
71000287,,College Hill,Listed,Single,FALSE,6, POLITICS/GOVERNMENT,BUILDING,GEORGIA,Richmond,Augusta,2116 Wrightsboro Rd.,,11/11/71,11/11/71, George Walton House;Harper House;Walton-Harper House,,71000287
78000995,,Columbus Historic Riverfront Industrial District,Listed,Single,FALSE,0, INDUSTRY; ENGINEERING,DISTRICT,GEORGIA,Muscogee,Columbus,Columbus River from 8th St. N. to 38th St.,https://catalog.archives.gov/id/93206789,6/2/78,6/2/78, See Also:Columbus Iron Works,,78000995
77000428,,Dixie Coca-Cola Bottling Company Plant,Listed,Single,FALSE,0.9, INDUSTRY,BUILDING,GEORGIA,Fulton,Atlanta,125 Edgewood Ave.,https://catalog.archives.gov/id/93208154,7/20/77,5/4/83," Baptist Student Center,Georgia State University",,77000428
86001371,,Dorchester Academy Boys' Dormitory,Listed,Single,FALSE,0.9, BLACK; EDUCATION; ARCHITECTURE,BUILDING,GEORGIA,Liberty,Midway,8787 East Oglethorpe Highway (US 84),https://catalog.archives.gov/id/93206779,6/23/86,9/20/06,,,86001371
66000272,,Etowah Mounds,Listed,Single,FALSE,170, PREHISTORIC,SITE,GEORGIA,Bartow,Cartersville,N bank of Etowah River,https://catalog.archives.gov/id/93206732,10/15/66,7/19/64, Etowah;Etowah Valley District,,66000272
70000200,,Fort James Jackson,Listed,Single,FALSE,0, MILITARY; ARCHITECTURE,BUILDING,GEORGIA,Chatham,Savannah,Islands Expwy.,https://catalog.archives.gov/id/93207302,2/18/70,2/16/00, Fort Jackson Maritime Museum; Fort Oglethorpe,,70000200
74002230,,Fox Theatre,Listed,Single,FALSE,2, ARCHITECTURE; PERFORMING ARTS,BUILDING,GEORGIA,Fulton,Atlanta,600 Peachtree St.,https://catalog.archives.gov/id/93208180,5/17/74,5/11/76, See Also:Fox Theatre Historic District,,74002230
71001099,,Georgia State Capitol,Listed,Single,FALSE,5, LANDSCAPE ARCHITECTURE; POLITICS/GOVERNMENT; ARCHITECTURE,BUILDING,GEORGIA,Fulton,Atlanta,Capitol Sq.,https://catalog.archives.gov/id/93208194,12/9/71,11/7/73,,,71001099
76000613,,"Grady, Henry W., House",Listed,Single,FALSE,3.5, POLITICS/GOVERNMENT; COMMUNICATIONS,BUILDING,GEORGIA,Clarke,Athens,634 Prince Ave.,https://catalog.archives.gov/id/93206752,5/11/76,5/11/76,,,76000613
74000664,,Green-Meldrim House,Listed,Single,FALSE,1, MILITARY; ARCHITECTURE,BUILDING,GEORGIA,Chatham,Savannah,Macon and Bull Sts.,https://catalog.archives.gov/id/93207310,1/21/74,5/11/76, St. John's Parish House,,74000664
66000281,,"Harris, Joel Chandler, House",Listed,Single,FALSE,3, LITERATURE,BUILDING,GEORGIA,Fulton,Atlanta,"1050 Gordon St., SW",https://catalog.archives.gov/id/93206765,10/15/66,12/19/62, The Wren's Nest;Snap Bean Farm,,66000281
00000261,,Herndon Home,Listed,Single,FALSE,1, COMMERCE; BLACK,BUILDING,GEORGIA,Fulton,Atlanta,"587 University Place, NW",,2/16/00,2/16/00,,,00000261
72000385,,Jekyll Island Club,Listed,Single,FALSE,0, ENTERTAINMENT/RECREATION; ARCHITECTURE; SOCIAL HISTORY,DISTRICT,GEORGIA,Glynn,Jekyll Island,Between Riverview Dr. and Old Village Blvd.,https://catalog.archives.gov/id/93208434,1/20/72,6/16/78,,,72000385
71000259,,Johnston-Hay House,Listed,Single,FALSE,2, ARCHITECTURE,BUILDING,GEORGIA,Bibb,Macon,934 Georgia Ave.,https://catalog.archives.gov/id/93207033,5/27/71,11/7/73, P.L. Hay House;William B. Johnston-Hay House,,71000259
74000677,,"King, Martin Luther, Jr., Historic District",Listed,Single,FALSE,15.4, BLACK; ARCHITECTURE; RELIGION; SOCIAL HISTORY,DISTRICT,GEORGIA,Fulton,Atlanta,"Bounded roughly by Irwin, Randolph, Edgewood, Jackson, and Auburn Aves.",https://catalog.archives.gov/id/93208244,5/2/74,5/5/77,,Martin Luther King,74000677
66000280,,Kolomoki Mounds,Listed,Single,FALSE,200, PREHISTORIC,SITE,GEORGIA,Early,Blakely,"8 mi. N of Blakely on U.S. 27, Kolomoki Mounds State Park",https://catalog.archives.gov/id/93206757,10/15/66,7/19/64,,,66000280
70000868,,Lapham-Patterson House,Listed,Single,FALSE,0.5, ARCHITECTURE,BUILDING,GEORGIA,Thomas,Thomasville,626 N. Dawson St.,https://catalog.archives.gov/id/93209649,8/12/70,11/7/73, Scarborough House;C.W. Lapham House,,70000868
70000216,,Liberty Hall,Listed,Single,FALSE,7, POLITICS/GOVERNMENT,BUILDING,GEORGIA,Taliaferro,Crawfordville,Alexander H. Stephens Memorial State Park,https://catalog.archives.gov/id/93209570,5/13/70,5/4/83, Bachelor's Hall,,70000216
66000276,,"Low, Juliette Gordon, Historic District",Listed,Single,FALSE,0.5, ARCHITECTURE; EDUCATION; SOCIAL HISTORY,DISTRICT,GEORGIA,Chatham,Savannah,"10 Oglethorpe Ave., E., 330 Drayton St., 329 Abercorn St.",https://catalog.archives.gov/id/93206748,10/15/66,6/23/65, Wayne--Gordon House: First Girl Scout Headquarters; Andrew Low House and Carrige House,,66000276
76000646,,Meadow Garden,Listed,Single,FALSE,0.4, POLITICS/GOVERNMENT,BUILDING,GEORGIA,Richmond,Augusta,1230 Nelson St.,https://catalog.archives.gov/id/93209387,7/19/76,12/21/81, George Walton House,,76000646
70000869,,New Echota,Listed,Single,FALSE,200, HISTORIC - ABORIGINAL; NATIVE AMERICAN; POLITICS/GOVERNMENT; SOCIAL HISTORY,DISTRICT,GEORGIA,Gordon,Calhoun,NE of Calhoun on GA 225,https://catalog.archives.gov/id/93206775,5/13/70,11/7/73,,,70000869
69000049,,Octagon House,Listed,Single,FALSE,0.4, ARCHITECTURE,BUILDING,GEORGIA,Muscogee,Columbus,527 1st Ave.,https://catalog.archives.gov/id/93206791,7/29/69,11/7/73, May's Folly,,69000049
70000194,,Old Governor's Mansion,Listed,Single,FALSE,1, ARCHITECTURE,BUILDING,GEORGIA,Baldwin,Milledgeville,120 S. Clark St.,https://catalog.archives.gov/id/93206861,5/13/70,11/7/73, Executive Mansion,,70000194
72000398,,Old Medical College Building,Listed,Single,FALSE,1, EDUCATION; ARCHITECTURE,BUILDING,GEORGIA,Richmond,Augusta,Telfair and 6th Sts.,https://catalog.archives.gov/id/93209389,3/16/72,6/19/96, Augusta Garden Center,,72000398
76000611,,Owens-Thomas House,Listed,Single,FALSE,0, ARCHITECTURE,BUILDING,GEORGIA,Chatham,Savannah,124 Abercorn St.,https://catalog.archives.gov/id/93206738,5/11/76,5/11/76, Richardson-Owens-Thomas House,,76000611
97001273,,Pine Mountain State Park,Listed,Single,FALSE,4518, LANDSCAPE ARCHITECTURE; ARCHITECTURE; CONSERVATION; POLITICS/GOVERNMENT; COMMUNITY PLANNING AND DEVELOPMENT,DISTRICT,GEORGIA,Harris,Pine Mountain,2790 Georgia Hwy. 190,https://catalog.archives.gov/id/93206777,9/25/97,9/25/97," FDR State Park, Western Half",,97001273
71000265,,Raines-Carmichael House,Listed,Single,FALSE,1, ARCHITECTURE,BUILDING,GEORGIA,Bibb,Macon,1183 Georgia Ave.,https://catalog.archives.gov/id/93207083,6/21/71,11/7/73, Carmichael House;Raines-Miller-Carmichael House,,71000265
73000647,,"Ross, John, House",Listed,Single,FALSE,3, NATIVE AMERICAN; POLITICS/GOVERNMENT; SOCIAL HISTORY,BUILDING,GEORGIA,Walker,Rossville,Lake Ave. and Spring St.,https://catalog.archives.gov/id/93206813,11/7/73,11/7/73,,,73000647
66000277,AD,Savannah Historic District,Listed,Add.Doc.,FALSE,525, COMMUNITY PLANNING AND DEVELOPMENT; ARCHITECTURE,district,GEORGIA,Chatham,Savannah,"Bounded by E. Broad, Gwinnett, and W. Broad Sts. and the Savannah River",,11/13/66,11/13/66,,,66000277
70000201,,"Scarbrough, William, House",Listed,Single,FALSE,0.6, COMMERCE; ARCHITECTURE,BUILDING,GEORGIA,Chatham,Savannah,41 W. Broad St.,https://catalog.archives.gov/id/93207349,6/22/70,11/7/73,,,70000201
70000214,,Springer Opera House,Listed,Single,FALSE,0.9, COMMUNICATIONS; PERFORMING ARTS,BUILDING,GEORGIA,Muscogee,Columbus,105 10th St.,https://catalog.archives.gov/id/93209140,12/29/70,6/2/78,,,70000214
69000332,,St. Catherine's Island,Listed,Single,FALSE,22265, HISTORIC - ABORIGINAL; HISTORIC - NON-ABORIGINAL; POLITICS/GOVERNMENT; RELIGION,DISTRICT,GEORGIA,Liberty,South Newport,10 mi. off the GA coast between St. Catherines Sound and Sapelo Sound,https://catalog.archives.gov/id/93206781,12/16/69,12/16/69," Guale;Santa Catalina;St. Catherine's Island,One of the Golde",,69000332
66000279,,Stallings Island,Listed,Single,TRUE,20, PREHISTORIC,SITE,GEORGIA,Columbia,Augusta,Address Restricted,,10/15/66,1/20/61,,,66000279
74000680,,"Stone Hall, Atlanta University",Listed,Single,FALSE,0, BLACK; EDUCATION,BUILDING,GEORGIA,Fulton,Atlanta,Morris-Brown College campus,https://catalog.archives.gov/id/93206755,12/2/74,12/2/74, Fairchild Hall,,74000680
76000631,,Sweet Auburn Historic District,Listed,Single,FALSE,19, COMMERCE; ECONOMICS; BLACK; SOCIAL HISTORY,DISTRICT,GEORGIA,Fulton,Atlanta,Auburn Ave.,https://catalog.archives.gov/id/93206771,12/8/76,12/8/76,,,76000631
76000612,,Telfair Academy,Listed,Single,FALSE,0, ART; ARCHITECTURE,BUILDING,GEORGIA,Chatham,Savannah,121 Barnard St.,https://catalog.archives.gov/id/93206740,5/11/76,5/11/76, Telfair Academy of Arts and Sciences,,76000612
72000410,,"Toombs, Robert, House",Listed,Single,FALSE,0.8, POLITICS/GOVERNMENT; ARCHITECTURE,BUILDING,GEORGIA,Wilkes,Washington,216 E. Robert Toombs Ave.,https://catalog.archives.gov/id/93209977,4/11/72,11/7/73,,,72000410
66000283,,Traveler's Rest,Listed,Single,FALSE,4, TRANSPORTATION; EXPLORATION/SETTLEMENT; ARCHITECTURE,BUILDING,GEORGIA,Stephens,Toccoa,E of Toccoa on U.S. 123,https://catalog.archives.gov/id/93206805,10/15/66,1/29/64, Jarrett Manor,,66000283
72000411,,Tupper-Barnett House,Listed,Single,FALSE,6.2, ARCHITECTURE,BUILDING,GEORGIA,Wilkes,Washington,101 W. Robert Toombs Ave.,https://catalog.archives.gov/id/93209979,4/11/72,11/7/73,,,72000411
74000681,,U.S. Post Office and Courthouse,Listed,Single,FALSE,1, ARCHITECTURE,BUILDING,GEORGIA,Fulton,Atlanta,76 Forsyth St.,https://catalog.archives.gov/id/93208376,5/2/74,7/21/15, Old Post Office,,74000681
74000694,,Warm Springs Historic District,Listed,Single,FALSE,265, SCIENCE; POLITICS/GOVERNMENT; SOCIAL HISTORY,DISTRICT,GEORGIA,Meriwether,Warm Springs,S of GA 194 and W of GA 85W,https://catalog.archives.gov/id/93208989,7/30/74,1/16/80,,,74000694
76002144,,"Watson, Thomas E., House",Listed,Single,FALSE,70, POLITICS/GOVERNMENT; AGRICULTURE,BUILDING,GEORGIA,McDuffie,Thomson,310 Lumpkin St.,https://catalog.archives.gov/id/93206785,5/11/76,5/11/76, Hickory Hill,,76002144
79000746,,"Wilson, Woodrow, Boyhood Home",Listed,Single,FALSE,0.9, ARCHITECTURE; SOCIAL HISTORY,BUILDING,GEORGIA,Richmond,Augusta,419 7th St.,https://catalog.archives.gov/id/93209419,2/28/79,10/6/08,,,79000746
100011376,NL,Manenggon Concentration Camp,Listed,NHL,TRUE,122.41, PACIFIC-ISLANDER; SOCIAL HISTORY; MILITARY,site,GUAM,Guam,Yona Municipality,Address Restricted,,,12/13/24,,,16000362
87001295,,CINCPAC Headquarters,Listed,Single,FALSE,0.9, MILITARY,BUILDING,HAWAII,Honolulu,Pearl Harbor,Pearl Harbor Naval Base,https://catalog.archives.gov/id/63815548,5/28/87,5/28/87," CINCPAC Fleet Headquarters (Headquarters, Commander in Chief",,87001295
66000298,,Cook Landing Site,Listed,Single,FALSE,4, EXPLORATION/SETTLEMENT,SITE,HAWAII,Kauai,Waimea,2 mi. SW of HI 50,https://catalog.archives.gov/id/63815566,10/15/66,12/29/62,,,66000298
73000659,OT,FALLS OF CLYDE,Removed,Removal,FALSE,0.9, COMMERCE; ENGINEERING; TRANSPORTATION; ARCHITECTURE; COMMUNICATIONS; MARITIME HISTORY,STRUCTURE,HAWAII,Honolulu,Honolulu,"Pier 7, Honolulu Harbor",https://catalog.archives.gov/id/63815868,7/2/73,4/11/89,,,73000659
85002725,,Hickam Field,Listed,Single,FALSE,81, MILITARY,DISTRICT,HAWAII,Honolulu,Honolulu,SE of Pearl Harbor Naval Base,https://catalog.archives.gov/id/63815546,9/16/85,9/16/85, Hickam Air Force Base,,85002725
66000304,,Hokukano-Ualapue Complex,Listed,Single,FALSE,146.5, PREHISTORIC,DISTRICT,HAWAII,Maui,Ualapue,On HI 45,https://catalog.archives.gov/id/63815575,10/15/66,12/29/62,,,66000304
66000287,,Honokohau Settlement,Listed,Single,TRUE,250, PREHISTORIC,DISTRICT,HAWAII,Hawaii,Kailua-Kona,Address Restricted,,10/15/66,12/29/62,,,66000287
66000295,,Huilua Fishpond,Listed,Single,FALSE,10, PREHISTORIC,STRUCTURE,HAWAII,Honolulu,Kaneohe,"In Kahana Bay, 13 mi. N of Kaneohe on HI 83 adjacent to Kahana Bay State Park",https://catalog.archives.gov/id/63815530,10/15/66,12/29/62, HASS-50-OA-FS-1,,66000295
66000293,,Iolani Palace,Listed,Single,FALSE,9.5, POLITICS/GOVERNMENT,BUILDING,HAWAII,Honolulu,Honolulu,364 S. King St.,https://catalog.archives.gov/id/63815558,10/15/66,12/29/62, Territorial Capitol;Territorial Executive Building,,66000293
76002145,AD,Kalaupapa National Historical Park,Listed,Add.Doc.,FALSE,15645, PACIFIC-ISLANDER; COMMUNITY PLANNING AND DEVELOPMENT; HISTORIC - ABORIGINAL; HISTORIC - NON-ABORIGINAL; HEALTH/MEDICINE; ARCHITECTURE; RELIGION; SOCIAL HISTORY,DISTRICT,HAWAII,Kalawao,Kalaupapa,Kalaupapa National Park,https://catalog.archives.gov/id/63815562,1/7/76,1/7/76, Kalaupapa Leprosy Settlement,,76002145
66000288,,"Kamakahonu, Residence Of King Kamehameha I",Listed,Single,FALSE,3.5, PREHISTORIC; POLITICS/GOVERNMENT; SOCIAL HISTORY,SITE,HAWAII,Hawaii,Kailua-Kona,"On NW edge of Kailua Bay, N and W of Kailua Wharf",https://catalog.archives.gov/id/63815520,10/15/66,12/29/62,,,66000288
87001299,,Kaneohe Naval Air Station,Listed,Single,FALSE,41, MILITARY,DISTRICT,HAWAII,Honolulu,Kailua,Area between First St. and Kaneohe Bay,https://catalog.archives.gov/id/63815552,5/28/87,5/28/87," Marine Corps Air Station,Kanehoe; Kaneohe",,87001299
66000303,,Kaunolu Village Site,Listed,Single,TRUE,640, PREHISTORIC,SITE,HAWAII,Maui,Lanai City,Address Restricted,,10/15/66,12/29/62,,,66000303
66000294,,Kawaiahao Church and Mission Houses,Listed,Single,FALSE,8.8, PACIFIC-ISLANDER; RELIGION; SOCIAL HISTORY,BUILDING,HAWAII,Honolulu,Honolulu,"957 Punchbowl St., 553 S. King St.",https://catalog.archives.gov/id/63815538,10/15/66,12/29/62,,,66000294
66000290,,Keauhou Holua Slide,Listed,Single,FALSE,10, PREHISTORIC,STRUCTURE,HAWAII,Hawaii,Keauhou,E of HI 18,https://catalog.archives.gov/id/63815526,10/15/66,12/29/62, HASS-50-HA-D3-2,,66000290
66000302,,Lahaina Historic District,Listed,Single,FALSE,1671, PACIFIC-ISLANDER; COMMERCE; TRANSPORTATION; POLITICS/GOVERNMENT; ARCHITECTURE; RELIGION; SOCIAL HISTORY,DISTRICT,HAWAII,Maui,Lahaina,W side of Maui on HI 30,https://catalog.archives.gov/id/63815572,10/15/66,12/29/62,,,66000302
66000301,,Loaloa Heiau,Listed,Single,FALSE,1.4, PREHISTORIC; HISTORIC - ABORIGINAL; NATIVE AMERICAN; POLITICS/GOVERNMENT; RELIGION,SITE,HAWAII,Maui,Kaupo,"SE coast of Maui, on HI 31, about 0.25 mi. N of Kaupo",https://catalog.archives.gov/id/63815579,10/15/66,12/29/62, HASS-50-MA-A28-1,,66000301
66000285,,Mauna Kea Adz Quarry,Listed,Single,TRUE,2, INDUSTRY; PREHISTORIC,SITE,HAWAII,Hawaii,Hilo,Address Restricted,,10/15/66,12/29/62,,,66000285
66000284,,Mookini Heiau,Listed,Single,FALSE,116, PACIFIC-ISLANDER; PREHISTORIC; ARCHITECTURE; RELIGION,STRUCTURE,HAWAII,Hawaii,Hawi,"Northern tip of Hawaii, 1 mi. W of Upolu Point Airport",https://catalog.archives.gov/id/63815522,10/15/66,12/29/62, Kamehameha I Birthplace;Kokoiki,,66000284
66000296,,Old Sugar Mill of Koloa,Listed,Single,FALSE,10, INDUSTRY,SITE,HAWAII,Kauai,Koloa,Maluhia and Koloa Rds.,https://catalog.archives.gov/id/63815570,10/15/66,12/29/62,,,66000296
91001379,,Opana Radar Site,Listed,Single,FALSE,0.9, MILITARY,SITE,HAWAII,Honolulu,Kawela,Off Kamehameha Hwy. S of Kawela Bay,https://catalog.archives.gov/id/63815554,9/19/91,4/19/94,,,91001379
84000104,,Palm Circle Historic District,Listed,Single,FALSE,32, MILITARY; ARCHITECTURE,DISTRICT,HAWAII,Honolulu,Honolulu,"Roughly bounded by Carter Dr., Richardson and Funston Rds., A and B Sts.",https://catalog.archives.gov/id/63815544,10/26/84,5/28/87," Palm Circle,100 Area,Fort Shafter",,84000104
66000940,,"Pearl Harbor, U.S. Naval Base",Listed,Single,FALSE,13107, INDUSTRY; MILITARY; ENGINEERING,DISTRICT,HAWAII,Honolulu,Pearl City,3 mi. S of Pearl City on HI 73,https://catalog.archives.gov/id/63815536,10/15/66,1/29/64, Pearl Lochs;Pu'u-loa;See Also:USS ARIZONA Memorial;USS ARIZO,,66000940
66000300,,Piilanihale Heiau,Listed,Single,FALSE,3, ARCHITECTURE; RELIGION,STRUCTURE,HAWAII,Maui,Hana,"4 mi. N of Hana, at the mouth of Honomaele Gulch near Kalahu Point",https://catalog.archives.gov/id/63815577,10/15/66,1/29/64,,,66000300
66000105,ADNL,Pu‘ukoholā Heiau,Done,NHL Updated Documentation,FALSE,42.46, PREHISTORIC; HISTORIC - ABORIGINAL; ARCHITECTURE,district,HAWAII,Hawaii,"Kawaihae, Island of Hawaii",62-3601 Kawaihae Road,,,9/2/24,,,66000105
66000292,,Puu o Mahuka Heiau,Listed,Single,FALSE,14, PACIFIC-ISLANDER; PREHISTORIC; HISTORIC - ABORIGINAL; EXPLORATION/SETTLEMENT; RELIGION,STRUCTURE,HAWAII,Honolulu,Haleiwa,"4 mi. NE of Haleiwa on HI 83, overlooking Waimea Bay",https://catalog.archives.gov/id/63815532,10/15/66,12/29/62,,,66000292
07001173,,Pu'ukohola Heiau,Listed,Single,FALSE,10, RELIGION,SITE,HAWAII,Hawaii,Kawaihae,0.9 mi. SE of Kawaihae,https://catalog.archives.gov/id/63815684,10/15/66,12/29/66,,Puukohola Heiau,07001173
66000105,,Pu'ukohola Heiau National Historic Site,Listed,Single,FALSE,76.6, PREHISTORIC; HISTORIC - ABORIGINAL; ARCHITECTURE,DISTRICT,HAWAII,Hawaii,"Kawaihae, Island of Hawaii","N end of Hawaii off HI 26, about 1 mi. SE of Kawaihae",https://catalog.archives.gov/id/63815686,8/17/72,12/29/62, Pu'ukohola Historic District;PUHE 1;PUHE 2;PUHE 3,Puukohola Heiau,66000105
66000299,,Russian Fort,Listed,Single,FALSE,17.5, PACIFIC-ISLANDER; EXPLORATION/SETTLEMENT,STRUCTURE,HAWAII,Kauai,Waimea,"On HI 50, 200 yds. SW of the bridge over the Waimea River",https://catalog.archives.gov/id/63815568,10/15/66,12/29/62,,,66000299
66000291,,South Point Complex,Listed,Single,TRUE,710, PREHISTORIC; HISTORIC - ABORIGINAL,DISTRICT,HAWAII,Hawaii,Naalehu,Address Restricted,,10/15/66,12/29/62,,,66000291
89001083,,USS ARIZONA Wreck,Listed,Single,FALSE,0.9, MILITARY; ARCHITECTURE,STRUCTURE,HAWAII,Honolulu,Honolulu,"Off Ford Island, Pearl Harbor",https://catalog.archives.gov/id/63815556,5/5/89,5/5/89," BB-39;See Also:Pearl Harbor, U.S. Naval Base",,89001083
82000149,,USS BOWFIN,Listed,Single,FALSE,0.9, MILITARY,STRUCTURE,HAWAII,Honolulu,Honolulu,11 Arizona Memorial Dr.,https://catalog.archives.gov/id/63815882,11/16/82,1/14/86, SS 287,,82000149
89001084,,USS UTAH Wreck,Listed,Single,FALSE,0.9, MILITARY; ARCHITECTURE,STRUCTURE,HAWAII,Honolulu,Honolulu,"Off Ford Island, Pearl Harbor",https://catalog.archives.gov/id/63815540,5/5/89,5/5/89," BB-31 and AG-16;See Also:Pearl Harbor, U.S. Naval Base",,89001084
66000297,,Wailua Complex of Heiaus,Listed,Single,FALSE,109, PREHISTORIC,DISTRICT,HAWAII,Kauai,Wailua,"E coast of Kauai at mouth of Wailua River, Lihue District",https://catalog.archives.gov/id/63815959,10/15/66,12/29/62,,,66000297
73000666,,Washington Place,Listed,Single,FALSE,3.1, POLITICS/GOVERNMENT; ARCHITECTURE; SOCIAL HISTORY,BUILDING,HAWAII,Honolulu,Honolulu,320 Beretania St.,https://catalog.archives.gov/id/63815843,6/18/73,3/29/07,,,73000666
87001297,,Wheeler Field,Listed,Single,FALSE,0, MILITARY,DISTRICT,HAWAII,Honolulu,Schofield Barracks,Area around Wright Ave. and the flight line,https://catalog.archives.gov/id/63815550,5/28/87,5/28/87, Wheeler Air Force Base,,87001297
66000305,,Assay Office,Listed,Single,FALSE,2, COMMERCE; EXPLORATION/SETTLEMENT; POLITICS/GOVERNMENT; ARCHITECTURE,BUILDING,IDAHO,Ada,Boise,210 Main St.,https://catalog.archives.gov/id/84248770,10/15/66,5/30/61,,,66000305
73000685,,Bear River Battleground,Listed,Single,FALSE,1691, NATIVE AMERICAN; MILITARY,SITE,IDAHO,Franklin,Preston,NW of Preston off U.S. 91,https://catalog.archives.gov/id/84249894,3/14/73,6/21/90, Bear River Massacre;Massacre at Boa Ogoi;Battle of Bear Rive,,73000685
89001081,,Camas Meadow Camp and Battle Sites,Listed,Single,FALSE,80, MILITARY,SITE,IDAHO,Clark,Kilgore,E of Kilgore,https://catalog.archives.gov/id/84248778,4/11/89,4/11/89,,,89001081
66000312,,Cataldo Mission,Listed,Single,FALSE,22.9, NATIVE AMERICAN; HISTORIC - NON-ABORIGINAL; EXPLORATION/SETTLEMENT; ARCHITECTURE,BUILDING,IDAHO,Kootenai,Cataldo,Off U.S. 10,https://catalog.archives.gov/id/84248786,10/15/66,7/4/61, Coeur d'Alene Mission of the Sacred Heart,,66000312
66000308,,City of Rocks,Listed,Single,FALSE,640, EXPLORATION/SETTLEMENT,SITE,IDAHO,Cassia,Almo,City of Rocks State Park,https://catalog.archives.gov/id/84248776,10/15/66,7/19/64,,,66000308
66000307,,Experimental Breeder Reactor No. 1,Listed,Single,FALSE,1, SCIENCE,BUILDING,IDAHO,Butte,Arco,National Reactor Testing Station,https://catalog.archives.gov/id/84248774,10/15/66,12/21/65,,,66000307
66000306,,Fort Hall,Listed,Single,FALSE,9, COMMERCE; HISTORIC - NON-ABORIGINAL; MILITARY; EXPLORATION/SETTLEMENT,SITE,IDAHO,Bannock,Fort Hall,"11 mi. W of Fort Hall, Fort Hall Indian Reservation",https://catalog.archives.gov/id/84248772,10/15/66,1/20/61,,,66000306
66000313,,Lemhi Pass,Listed,Single,FALSE,5550, EXPLORATION/SETTLEMENT,SITE,IDAHO,Lemhi,Tendoy,"12 mi. E of Tendoy off ID 28, in Beaverhead and Salmon National Forests",https://catalog.archives.gov/id/84248788,10/15/66,10/9/60,,,66000313
66000309,,Lolo Trail,Listed,Single,FALSE,0, TRANSPORTATION; EXPLORATION/SETTLEMENT,STRUCTURE,IDAHO,Clearwater,Lolo Hot Springs,"Parallel to U.S. 12 on ridges of Bitterroot Mountains, from Lolo Pass to Weippe",https://catalog.archives.gov/id/84248784,10/15/66,10/9/60,,Nez Perce,66000309
100009818,NL,"Strategic Air Command Ground Alert Facility, Mountain Home Air Force Base",Listed,NHL,FALSE,, POLITICS/GOVERNMENT; MILITARY,,IDAHO,Elmore,Mountain Home Air Force Base,12 Bomber Road,,,12/11/23,,,100009818
100009819,SG,"Strategic Air Command Ground Alert Facility, Mountain Home Air Force Base",Listed,Single,FALSE,, POLITICS/GOVERNMENT; MILITARY,,IDAHO,Elmore,Mountain Home Air Force Base,12 Bomber Road,,,12/11/23,,,100009818
66000311,,Weippe Prairie,Listed,Single,FALSE,3120, NATIVE AMERICAN; EXPLORATION/SETTLEMENT,SITE,IDAHO,Clearwater,Weippe,S of Weippe and ID 11,https://catalog.archives.gov/id/84248780,10/15/66,5/23/66,,Nez Perce,66000311
76000686,,"Abbott, Robert S., House",Listed,Single,FALSE,0.9, BLACK; LITERATURE,BUILDING,ILLINOIS,Cook,Chicago,"4742 Martin Luther King, Jr. Dr.",https://catalog.archives.gov/id/28891566,12/8/76,12/8/76,,,76000686
87000819,,Adler Planetarium,Listed,Single,FALSE,8, ENTERTAINMENT/RECREATION,BUILDING,ILLINOIS,Cook,Chicago,1300 S. Lake Shore Dr.,https://catalog.archives.gov/id/28891578,2/27/87,2/27/87, Adler Planetarium and Astronomical Museum,,87000819
70000230,,"Auditorium Building, Roosevelt University",Listed,Single,FALSE,0, ENGINEERING; ARCHITECTURE,BUILDING,ILLINOIS,Cook,Chicago,430 Michigan Ave. and Congress St.,https://catalog.archives.gov/id/28892541,4/17/70,5/15/75,,,70000230
70000244,,Bishop Hill Historic District,Listed,Single,FALSE,150, EUROPEAN; EXPLORATION/SETTLEMENT; SOCIAL HISTORY,DISTRICT,ILLINOIS,Henry,Bishop Hill,Off US 34,https://catalog.archives.gov/id/28892970,4/17/70,4/27/84, Bishop Hill Colony,,70000244
66000899,,Cahokia Mounds,Listed,Single,FALSE,4000, PREHISTORIC,SITE,ILLINOIS,St. Clair,Collinsville,"7850 Collinsville Rd., Cahokia Mounds State Park",https://catalog.archives.gov/id/28891621,10/15/66,7/19/64, Monks Mounds,,66000899
70000231,,"Carson, Pirie, Scott and Company",Listed,Single,FALSE,0.7, ARCHITECTURE,BUILDING,ILLINOIS,Cook,Chicago,1 S. State St.,https://catalog.archives.gov/id/28892154,4/17/70,6/16/78, Schlisinger and Mayer Store Building,,70000231
70000232,,"Charnley, James, House",Listed,Single,FALSE,0.1, ARCHITECTURE,BUILDING,ILLINOIS,Cook,Chicago,1365 N. Astor St.,https://catalog.archives.gov/id/28892533,4/17/70,8/5/98,,,70000232
78003181,,Chicago Board of Trade Building,Listed,Single,FALSE,0.9, COMMERCE; AGRICULTURE,BUILDING,ILLINOIS,Cook,Chicago,141 W. Jackson Blvd.,https://catalog.archives.gov/id/28891502,6/16/78,6/2/78,,,78003181
70000851,,Church of the Holy Family,Listed,Single,FALSE,3.6, ARCHITECTURE,BUILDING,ILLINOIS,St. Clair,Cahokia,E. 1st St.,https://catalog.archives.gov/id/28891648,4/15/70,4/15/70,,,70000851
72001479,,Clover Lawn,Listed,Single,FALSE,4.5, LAW; POLITICS/GOVERNMENT; ARCHITECTURE,BUILDING,ILLINOIS,McLean,Bloomington,1000 E. Monroe Dr.,https://catalog.archives.gov/id/28893669,10/18/72,5/15/75, David Davis Mansion,,72001479
03001040,,Columbus Park,Listed,Single,FALSE,135, LANDSCAPE ARCHITECTURE; SOCIAL HISTORY; ENTERTAINMENT/RECREATION,DISTRICT,ILLINOIS,Cook,Chicago,"Bounded by W. Adams Street, S. Central Avenue, Eisenhower Expressway, and S. Austin Boulevard",https://catalog.archives.gov/id/28892635,7/31/03,7/31/03, Park #209,,03001040
87002653,,Comiskey Park,DETERMINED ELIGIBLE/OWNER OBJECTION,Single,FALSE,9, ENTERTAINMENT/RECREATION,STRUCTURE,ILLINOIS,Cook,Chicago,324 W. 35th St.,,,2/27/87, White Sox Park,,87002653
76000687,,"Compton, Arthur H., House",Listed,Single,FALSE,0.9, SCIENCE,BUILDING,ILLINOIS,Cook,Chicago,5637 Woodlawn Ave.,https://catalog.archives.gov/id/28891588,5/11/76,5/11/76,,,76000687
70000243,,"Coonley, Avery, House",Listed,Single,FALSE,0.5, ARCHITECTURE,BUILDING,ILLINOIS,Cook,Riverside,"290 and 300 Scottswood Rd., 281 Bloomingbank Rd., and 336 Coonley St.",https://catalog.archives.gov/id/28891514,12/30/70,12/30/70,,,70000243
89001730,,Crow Island School,Listed,Single,FALSE,5, ARCHITECTURE; EDUCATION,BUILDING,ILLINOIS,Cook,Winnetka,1112 Willow Rd.,https://catalog.archives.gov/id/28891540,10/27/89,12/14/90,,,89001730
74000774,,"Dana, Susan Lawrence, House",Listed,Single,FALSE,0.9, ARCHITECTURE,BUILDING,ILLINOIS,Sangamon,Springfield,301 Lawrence Ave.,https://catalog.archives.gov/id/28894042,7/30/74,1/7/76,,,74000774
76000706,,"Dawes, Charles Gates, House",Listed,Single,FALSE,2, POLITICS/GOVERNMENT,BUILDING,ILLINOIS,Cook,Evanston,225 Greenwood St.,https://catalog.archives.gov/id/28891574,12/8/76,12/8/76, Dawes Mansion,,76000706
75000646,,"De Priest, Oscar Stanton, House",Listed,Single,FALSE,0.9, COMMERCE; BLACK; POLITICS/GOVERNMENT,BUILDING,ILLINOIS,Cook,Chicago,"4536-4538 S. Dr. Martin Luther King, Jr. Dr.",https://catalog.archives.gov/id/28891556,5/15/75,5/15/75,,,75000646
66000327,,"Deere, John, House and Shop",Listed,Single,FALSE,4, INVENTION; AGRICULTURE,BUILDING,ILLINOIS,Ogle,Grand Detour,Illinois and Clinton Sts.,https://catalog.archives.gov/id/28891626,10/15/66,7/19/64,,,66000327
76000690,,"Du Sable, Jean Baptiste Point, Homesite",Listed,Single,FALSE,0.9, COMMERCE; BLACK; EXPLORATION/SETTLEMENT,SITE,ILLINOIS,Cook,Chicago,401 N. Michigan Ave.,https://catalog.archives.gov/id/28891552,5/11/76,5/11/76, Pioneer Court,,76000690
91002039,,Farm Creek Section,Listed,Single,FALSE,15, SCIENCE,SITE,ILLINOIS,Tazewell,East Peoria,S side of Farm Cr.,https://catalog.archives.gov/id/28891652,2/6/92,12/9/97, Farm Creek/Farmdale Geologic Exposure,,91002039
04000867,,Farnsworth House,Listed,Single,FALSE,7, ARCHITECTURE,BUILDING,ILLINOIS,Kendall,Plano,14520 River Rd.,https://catalog.archives.gov/id/28893258,10/7/04,2/17/06,,,04000867
66000314,,"First Self-Sustaining Nuclear Reaction, Site of",Listed,Single,FALSE,0.9, SCIENCE,SITE,ILLINOIS,Cook,Chicago,S. Ellis Ave. between E. 56th and 57th Sts.,https://catalog.archives.gov/id/28891582,10/15/66,2/18/65, The Enrico Fermi Memorial,,66000314
100009821,NL,"Ford, Sam and Ruth Van Sickle, House",Listed,NHL,FALSE,1.3, ARCHITECTURE,building,ILLINOIS,Kane,Aurora,South Edgelawn Drive 404,,,12/11/23,,,16000056
66000329,,Fort de Chartres,Listed,Single,FALSE,1120, EXPLORATION/SETTLEMENT,SITE,ILLINOIS,Randolph,Prairie du Rocher,"Terminus of IL 155, W of Prairie du Rocher, Fort Chartres",https://catalog.archives.gov/id/28891632,10/15/66,10/9/60, Fort de Chartres State Park,,66000329
80001379,,Fort Sheridan Historic District,Listed,Single,FALSE,230, LANDSCAPE ARCHITECTURE; MILITARY; ARCHITECTURE,DISTRICT,ILLINOIS,Lake,Fort Sheridan,Off IL 22,https://catalog.archives.gov/id/28893322,9/29/80,4/20/84," See Also:Water Tower, Building 49",,80001379
15000584,,"Gerber, Henry, House",Listed,Single,FALSE,,,,ILLINOIS,Cook,Chicago,1710 North Crilly Court,,7/21/15,7/21/15,,,15000584
70000233,,"Glessner, John J., House",Listed,Single,FALSE,0.3, ARCHITECTURE,BUILDING,ILLINOIS,Cook,Chicago,1800 S. Prairie Ave.,https://catalog.archives.gov/id/28892539,4/17/70,1/17/76,,,70000233
100009851,NL,GOLDENROD REMOVED,Removed,NHL,FALSE,0.9, PERFORMING ARTS,structure,ILLINOIS,Calhoun,Kampsville,Banks of the Illinois River,,,12/24/67,,,67000029
66000322,,"Grant, Ulysses S., House",Listed,Single,FALSE,6, POLITICS/GOVERNMENT,BUILDING,ILLINOIS,Jo Daviess,Galena,511 Bouthillier St.,https://catalog.archives.gov/id/28891606,10/15/66,12/19/60,,,66000322
76000707,,Grosse Point Light Station,Listed,Single,FALSE,3.5, COMMERCE; TRANSPORTATION; ARCHITECTURE,STRUCTURE,ILLINOIS,Cook,Evanston,2601 Sheridan Rd.,https://catalog.archives.gov/id/28892264,9/8/76,1/20/99,,,76000707
97000343,,Haymarket Martyrs' Monument,Listed,Single,FALSE,0.9, SOCIAL HISTORY,OBJECT,ILLINOIS,Cook,Forest Park,863 S. Des Plaines Ave.,https://catalog.archives.gov/id/28891592,2/18/97,2/18/97,,,97000343
95000989,,Hegeler-Carus Mansion,Listed,Single,FALSE,3.3, PHILOSOPHY; RELIGION; COMMUNICATIONS; INDUSTRY; ARCHITECTURE,BUILDING,ILLINOIS,La Salle,La Salle,1307 Seventh St.,https://catalog.archives.gov/id/28891617,8/9/95,3/29/07,,,95000989
72000450,,"Heller, Isadore H., House",Listed,Single,FALSE,4.8, ARCHITECTURE,BUILDING,ILLINOIS,Cook,Chicago,5132 S. Woodland Ave.,https://catalog.archives.gov/id/28891924,3/16/72,8/18/04,,,72000450
00000258,,"Heurtley, Arthur, House",Listed,Single,FALSE,0.2, ARCHITECTURE,BUILDING,ILLINOIS,Cook,Oak Park,318 North Forest Avenue,https://catalog.archives.gov/id/28892677,2/16/00,2/16/00,,,00000258
66000315,,Hull House,Listed,Single,FALSE,1, SOCIAL HISTORY,BUILDING,ILLINOIS,Cook,Chicago,800 S. Halsted St.,https://catalog.archives.gov/id/28891596,10/15/66,6/23/65, Jane Addams' Hull House,,66000315
66000332,,Illinois and Michigan Canal,Listed,Single,FALSE,1130, ENGINEERING; TRANSPORTATION,STRUCTURE,ILLINOIS,Will,Joliet,"7 mi. SW of Joliet on U.S. 6, in Channahon State Park",,10/15/66,1/29/64, Illinois and Michigan Canal (Locks and Towpath),,66000332
74002197,,"Jarrot, Nicholas, Mansion",Listed,Single,FALSE,1, EXPLORATION/SETTLEMENT; ARCHITECTURE,BUILDING,ILLINOIS,St. Clair,Cahokia,124 E. First St.,https://catalog.archives.gov/id/28894136,11/19/74,8/7/01,,,74002197
73000698,,Kennicott's Grove,Listed,Single,FALSE,140, EDUCATION; SCIENCE; AGRICULTURE,BUILDING,ILLINOIS,Cook,Glenview,Milwaukee and Lake Aves.,https://catalog.archives.gov/id/28891926,8/13/73,1/7/76, The Grove;The Robert Kennicott House,,73000698
66000326,,Kincaid Site,Listed,Single,TRUE,130, PREHISTORIC,SITE,ILLINOIS,Massac,Brookport,Address Restricted,,10/15/66,7/19/64,,,66000326
76000695,,Leiter II Building,Listed,Single,FALSE,0, ARCHITECTURE,BUILDING,ILLINOIS,Cook,Chicago,NE corner of S. State and E. Congress Sts.,https://catalog.archives.gov/id/28891544,1/7/76,1/7/76," Sears, Roebuck and Company",,76000695
76000696,,"Lillie, Frank R., House",Listed,Single,FALSE,0.9, SCIENCE,BUILDING,ILLINOIS,Cook,Chicago,5801 Kenwood Ave.,https://catalog.archives.gov/id/28891590,5/11/76,5/11/76, Lillie House,,76000696
71000076,,Lincoln Home National Historic Site,Listed,Single,FALSE,7.8, LAW; POLITICS/GOVERNMENT,DISTRICT,ILLINOIS,Sangamon,Springfield,8th and Jackson Sts.,https://catalog.archives.gov/id/28891638,8/18/71,12/19/60,,Lincoln Home,71000076
06000235,,Lincoln Park Lily Pool,Listed,Single,FALSE,3, LANDSCAPE ARCHITECTURE; SOCIAL HISTORY; ENTERTAINMENT/RECREATION,DISTRICT,ILLINOIS,Cook,Chicago,Fullerton Drive between Cannon and Stockton Drives in Lincoln Park,https://catalog.archives.gov/id/28892679,2/17/06,12/17/06, Alfred Caldwell Lily Pool,,06000235
66000330,,Lincoln Tomb,Listed,Single,FALSE,12.4, POLITICS/GOVERNMENT,STRUCTURE,ILLINOIS,Sangamon,Springfield,Oak Ridge Cemetery,https://catalog.archives.gov/id/28891644,10/15/66,12/19/60, See also:Oak Ridge Cemetery,,66000330
71000297,,"Lindsay, Vachel, House",Listed,Single,FALSE,0, LITERATURE,BUILDING,ILLINOIS,Sangamon,Springfield,603 S. 5th St.,https://catalog.archives.gov/id/28891640,11/11/71,11/11/71, Vachel Lindsay Museum,,71000297
66000320,,"Lloyd, Henry Demarest, House",Listed,Single,FALSE,1.5, POLITICS/GOVERNMENT; SOCIAL HISTORY,BUILDING,ILLINOIS,Cook,Winnetka,830 Sheridan Rd.,https://catalog.archives.gov/id/28891554,11/13/66,11/13/66," Wayside,The",,66000320
73000690,,"Lovejoy, Owen, Homestead",Listed,Single,FALSE,1.2, POLITICS/GOVERNMENT; BLACK; SOCIAL HISTORY,BUILDING,ILLINOIS,Bureau,Princeton,Peru St. (U.S. 6),https://catalog.archives.gov/id/28891734,5/24/73,2/18/97, Underground Station,,73000690
73000697,,Marquette Building,Listed,Single,FALSE,0.8, ARCHITECTURE,BUILDING,ILLINOIS,Cook,Chicago,140 S. Dearborn St.,https://catalog.archives.gov/id/28892214,8/17/73,1/7/76,,,73000697
78001123,,Marshall Field Company Store,Listed,Single,FALSE,3, COMMERCE,BUILDING,ILLINOIS,Cook,Chicago,111 N. State St.,https://catalog.archives.gov/id/28891548,6/2/78,6/2/78,,,78001123
97001272,,Mazon Creek Fossil Beds,Listed,Single,FALSE,10, SCIENCE,SITE,ILLINOIS,Grundy,Morris,"Benson Rd., 3 mi. SE of Morris",https://catalog.archives.gov/id/28891598,9/25/97,9/25/97, Mazon River;Benson Farm;Fossil Bed Farm,,97001272
70000245,,"Menard, Pierre, House",Listed,Single,FALSE,201, EXPLORATION/SETTLEMENT; ARCHITECTURE,BUILDING,ILLINOIS,Randolph,Ellis Grove,Fort Kaskaskia State Park,https://catalog.archives.gov/id/28891630,4/15/70,4/15/70,,,70000245
76000699,,"Millikan, Robert A., House",Listed,Single,FALSE,0.9, SCIENCE,BUILDING,ILLINOIS,Cook,Chicago,5605 Woodlawn Ave.,https://catalog.archives.gov/id/28891580,5/11/76,5/11/76,,,76000699
66000328,,Modoc Rock Shelter,Listed,Single,TRUE,43.8, PREHISTORIC,SITE,ILLINOIS,Randolph,Modoc,Address Restricted,,10/15/66,1/20/61, 11-R-5;11Ras501,,66000328
78001125,,Montgomery Ward Company Complex,Listed,Single,FALSE,7, COMMERCE; ARCHITECTURE,BUILDING,ILLINOIS,Cook,Chicago,619 W. Chicago Ave.,https://catalog.archives.gov/id/28892681,6/2/78,6/2/78, Montgomery Ward and Company Administration Building and Mail,,78001125
68000024,,"Morrow Plots, University of Illinois",Listed,Single,FALSE,1.3, AGRICULTURE,SITE,ILLINOIS,Champaign,Urbana,Gregory Dr. at Matthews Ave.,https://catalog.archives.gov/id/28891498,5/23/68,5/23/68,,,68000024
66000321,,Nauvoo Historic District,Listed,Single,FALSE,3850, EXPLORATION/SETTLEMENT; RELIGION,DISTRICT,ILLINOIS,Hancock,Nauvoo,Nauvoo and its environs,https://catalog.archives.gov/id/28891600,10/15/66,1/20/61,,,66000321
05000869,,New Philadelphia Town Site,Listed,Single,TRUE,42, HISTORIC - NON-ABORIGINAL; BLACK; EUROPEAN; EXPLORATION/SETTLEMENT,site,ILLINOIS,Pike,Barry,Address Restricted,,8/11/05,1/16/09, IAS Site 11PK455; New Philadelphia Townsite,,05000869
66000324,,Old Kaskaskia Village,Listed,Single,TRUE,120, HISTORIC - ABORIGINAL,SITE,ILLINOIS,La Salle,Ottawa,Address Restricted,,10/15/66,7/19/64, Zimmerman Site (LS 13),,66000324
66000323,,"Old Main, Knox College",Listed,Single,FALSE,2, POLITICS/GOVERNMENT,BUILDING,ILLINOIS,Knox,Galesburg,Knox College campus,https://catalog.archives.gov/id/28891610,10/15/66,7/4/61,,,66000323
66000331,,Old State Capitol,Listed,Single,FALSE,2.5, POLITICS/GOVERNMENT,BUILDING,ILLINOIS,Sangamon,Springfield,"Bounded by 5th, 6th, Adams, and Washington Sts.",https://catalog.archives.gov/id/28891642,10/15/66,7/4/61, Sangamon County Courthouse,,66000331
72000451,,Old Stone Gate of Chicago Union Stockyards,Listed,Single,FALSE,0.9, COMMERCE; AGRICULTURE,STRUCTURE,ILLINOIS,Cook,Chicago,Exchange Ave.,https://catalog.archives.gov/id/28891922,12/27/72,5/29/81,,,72000451
78001127,,Orchestra Hall,Listed,Single,FALSE,0.9, PERFORMING ARTS; ARCHITECTURE,BUILDING,ILLINOIS,Cook,Chicago,220 S. Michigan Ave.,https://catalog.archives.gov/id/28892452,3/21/78,4/19/94,,,78001127
72000454,,Pleasant Home,Listed,Single,FALSE,4.7, ARCHITECTURE; SOCIAL HISTORY,BUILDING,ILLINOIS,Cook,Oak Park,217 Home Ave.,https://catalog.archives.gov/id/28892360,6/19/72,6/19/96, Mills House,,72000454
89002460,,PRESIDENT (RIVERBOAT),Removed,Single,FALSE,0.9, ENGINEERING; MARITIME HISTORY; SOCIAL HISTORY,STRUCTURE,ILLINOIS,Fayette,St. Elmo,Scattered over two acres in three separate locations around St. Elmo,https://catalog.archives.gov/id/28892841,,12/20/89, River Excursion Boat PRESIDENT;ex CINCINNATI,,89002460
93001605,,Principia College Historic District,Listed,Single,FALSE,290, ARCHITECTURE,DISTRICT,ILLINOIS,Jersey,Elsah,River Rd.,https://catalog.archives.gov/id/28891604,4/19/93,4/19/93,,,93001605
69000054,,Pullman Historic District,Listed,Single,FALSE,250, INDUSTRY; COMMUNITY PLANNING AND DEVELOPMENT; LANDSCAPE ARCHITECTURE; ARCHITECTURE; SOCIAL HISTORY,DISTRICT,ILLINOIS,Cook,Chicago,"Bounded by 103rd St., C.S.S. and S.B. Railroad spur tracks, 115th St. and Cottage Grove Ave.",,10/8/69,12/30/70,,,69000054
70000237,,Reliance Building,Listed,Single,FALSE,0.1, ARCHITECTURE,BUILDING,ILLINOIS,Cook,Chicago,32 N. State St.,https://catalog.archives.gov/id/28892535,10/15/70,1/7/76,,,70000237
69000055,ADNL,Riverside Historic District,Done,NHL Updated Documentation,FALSE,1500, COMMUNITY PLANNING AND DEVELOPMENT; LANDSCAPE ARCHITECTURE; ARCHITECTURE; SOCIAL HISTORY,district,ILLINOIS,Cook,Riverside,"Bounded by 26th St., Harlem and Ogden Aves., the Des Plaines River, and Forbes Rd.",,,8/29/70,,,69000055
69000055,,Riverside Landscape Architecture District,Listed,Single,FALSE,1500, COMMUNITY PLANNING AND DEVELOPMENT; LANDSCAPE ARCHITECTURE; ARCHITECTURE; SOCIAL HISTORY,DISTRICT,ILLINOIS,Cook,Riverside,"Bounded by 26th St., Harlem and Ogden Aves., the Des Plaines River, and Forbes Rd.",,9/15/69,8/29/70," Riverside Historic District; See also: Tomek, F.F. House",,69000055
66000316,,"Robie, Frederick C., House",Listed,Single,FALSE,0.3, ARCHITECTURE,BUILDING,ILLINOIS,Cook,Chicago,5757 S. Woodlawn Ave.,https://catalog.archives.gov/id/28891512,10/15/66,11/27/63,,,66000316
69000057,,Rock Island Arsenal,Listed,Single,FALSE,945, INDUSTRY; PREHISTORIC; HISTORIC - ABORIGINAL; MILITARY; ENGINEERING; TRANSPORTATION; EXPLORATION/SETTLEMENT; SCIENCE; INVENTION,DISTRICT,ILLINOIS,Rock Island,Rock Island,Rock Island in Mississippi River,https://catalog.archives.gov/id/28893955,9/30/69,6/7/88, Rock Island Arsenal Rodman Plan--Old Stone Buildings;Arsenal,,69000057
70000238,,Rookery Building,Listed,Single,FALSE,0.9, ARCHITECTURE,BUILDING,ILLINOIS,Cook,Chicago,209 S. LaSalle St.,https://catalog.archives.gov/id/28892527,4/17/70,5/15/75,,,70000238
67000005,,"Room 405, George Herbert Jones Laboratory, The University of Chicago",Listed,Single,FALSE,0.9, SCIENCE,BUILDING,ILLINOIS,Cook,Chicago,S. Ellis Ave. between E. 57th and 58th Sts.,https://catalog.archives.gov/id/28891584,5/28/67,5/28/67,,,67000005
01001049,,S.R. Crown Hall,Listed,Single,FALSE,,,BUILDING,ILLINOIS,Cook,Chicago,3360 S. State St.,https://catalog.archives.gov/id/28892675,8/7/01,8/7/01,,,01001049
78001129,,"Sears, Roebuck and Company Complex",Listed,Single,FALSE,0, COMMERCE,BUILDING,ILLINOIS,Cook,Chicago,925 S. Homan Ave.,https://catalog.archives.gov/id/28891550,6/2/78,6/2/78,,,78001129
74000754,,Second Presbyterian Church,Listed,Single,FALSE,0.5, ART; ARCHITECTURE,BUILDING,ILLINOIS,Cook,Chicago,1936 S. Michigan Ave.,https://catalog.archives.gov/id/28892198,12/27/74,2/27/13,,,74000754
87000820,,"Shedd, John G., Aquarium",Listed,Single,FALSE,10, ENTERTAINMENT/RECREATION,BUILDING,ILLINOIS,Cook,Chicago,1200 S. Lake Shore Dr.,https://catalog.archives.gov/id/28891576,2/27/87,2/27/87,,,87000820
84001052,,Soldier Field,Listed,Single,FALSE,44, ENTERTAINMENT/RECREATION; ARCHITECTURE,BUILDING,ILLINOIS,Cook,Chicago,425 E. 14th St.,https://catalog.archives.gov/id/28892472,8/9/84,2/27/87, Grant Park Stadium National Historic Landmark;Grant Park Sta,,84001052
76000705,,South Dearborn Street-Printing House Row Historic District,Listed,Single,FALSE,0, ARCHITECTURE,DISTRICT,ILLINOIS,Cook,Chicago,"343, 407, 431 S. Dearborn St. and 53 W. Jackson Blvd.",https://catalog.archives.gov/id/28891538,1/7/76,1/7/76,,,76000705
66000325,,Starved Rock,Listed,Single,FALSE,25, HISTORIC - NON-ABORIGINAL; EXPLORATION/SETTLEMENT,SITE,ILLINOIS,La Salle,Ottawa,"6 mi. from Ottawa on IL 71, Starved Rock State Park",https://catalog.archives.gov/id/28891615,10/15/66,10/9/60, 11-Ls-12;Site of Fort St. Louis-Le Rocher,,66000325
03000918,,"Stevenson, Adlai E., II, Farm",Listed,Single,FALSE,40.3, POLITICS/GOVERNMENT; ARCHITECTURE,DISTRICT,ILLINOIS,Lake,Mettawa,25200 N. Saint Mary's Rd.,https://catalog.archives.gov/id/28893386,9/18/03,4/22/14,,,03000918
66000317,,"Taft, Lorado, Midway Studios",Listed,Single,FALSE,0.9, ART,BUILDING,ILLINOIS,Cook,Chicago,6016 S. Ingleside Ave.,https://catalog.archives.gov/id/28891546,10/15/66,12/21/65,,,66000317
99000632,,"Tomek, F.F., House",Listed,Single,FALSE,0.4, ARCHITECTURE,BUILDING,ILLINOIS,Cook,Riverside,150 Nuttall Road,https://catalog.archives.gov/id/28891526,1/20/99,1/20/99, The Ship House; See also:Riverside Landscape Architecture District,,99000632
75000667,,"Trumbull, Lyman, House",Listed,Single,FALSE,0.9, POLITICS/GOVERNMENT,BUILDING,ILLINOIS,Madison,Alton,1105 Henry St.,https://catalog.archives.gov/id/28891619,5/15/75,5/15/75,,,75000667
89001231,,U-505 (IX C U-Boat),Listed,Single,FALSE,0.9, MILITARY; ENGINEERING; MARITIME HISTORY,STRUCTURE,ILLINOIS,Cook,Chicago,Jackson Park,https://catalog.archives.gov/id/28891570,6/29/89,6/29/89, CAN DO JUNIOR,,89001231
70000240,,Unity Temple,Listed,Single,FALSE,0.5, ARCHITECTURE,BUILDING,ILLINOIS,Cook,Oak Park,875 Lake St.,https://catalog.archives.gov/id/28892531,4/17/70,12/30/70, Unity Church,,70000240
89002466,,University of Illinois Observatory,Listed,Single,FALSE,0.9, ENGINEERING; EDUCATION; SCIENCE,BUILDING,ILLINOIS,Champaign,Urbana,901 S. Mathews Ave.,https://catalog.archives.gov/id/28891500,12/20/89,12/20/89,,,89002466
72001566,,USS SILVERSIDES (SS 236) National Historic Landmark,Listed,Single,FALSE,0.9, MILITARY,STRUCTURE,ILLINOIS,Cook,Chicago,S side of Navy Pier,https://catalog.archives.gov/id/25338769,10/18/72,1/14/86, See Also:USS SILVERSIDES,,72001566
74000757,,"Wells-Barnett, Ida B., House",Listed,Single,FALSE,0.9, BLACK; POLITICS/GOVERNMENT; COMMUNICATIONS; SOCIAL HISTORY,BUILDING,ILLINOIS,Cook,Chicago,3624 S. Martin Luther King Dr.,https://catalog.archives.gov/id/28891558,5/30/74,5/30/74,,,74000757
66000318,,"Willard, Frances, House",Listed,Single,FALSE,1, SOCIAL HISTORY,BUILDING,ILLINOIS,Cook,Evanston,1730 Chicago Ave.,https://catalog.archives.gov/id/28891594,10/15/66,6/23/65, Rest Cottage,,66000318
75000655,,"Williams, Dr. Daniel Hale, House",Listed,Single,FALSE,0.9, HEALTH/MEDICINE,BUILDING,ILLINOIS,Cook,Chicago,445 E. 42nd St.,https://catalog.archives.gov/id/28891560,5/15/75,6/15/75,,,75000655
72000456,,"Wright, Frank Lloyd, House and Studio",Listed,Single,FALSE,0.4, ART; ARCHITECTURE,BUILDING,ILLINOIS,Cook,Oak Park,"428 Forest Ave. (house), 951 Chicago Ave. (studio)",https://catalog.archives.gov/id/28892218,9/14/72,1/7/76, Oak Park House and Studio,,72000456
87002652,,Wrigley Field,Listed,Single,FALSE,10, ENTERTAINMENT/RECREATION,STRUCTURE,ILLINOIS,Cook,Chicago,Clark St. and Addison Rd.,,,2/27/87, Weegham Field,,87002652
100005739,NL,Wrigley Field,Listed,NHL,FALSE,10, ENTERTAINMENT/RECREATION,structure,ILLINOIS,Cook,Chicago,Clark St. and Addison Rd.,,,9/17/20,,,87002652
76000031,,Allen County Courthouse,Listed,Single,FALSE,1, ART; ARCHITECTURE,BUILDING,INDIANA,Allen,Fort Wayne,715 S. Calhoun St,https://catalog.archives.gov/id/132002447,5/28/76,7/31/03,,,76000031
66000124,,Angel Mounds,Listed,Single,TRUE,450, PREHISTORIC,SITE,INDIANA,Vanderburgh,Evansville,Address Restricted,https://catalog.archives.gov/id/132002427,10/15/66,1/29/64, Angel Mounds State Memorial,,66000124
73000032,,Athenaeum (Das Deutsche Haus),Listed,Single,FALSE,1, ARCHITECTURE; SOCIAL HISTORY,BUILDING,INDIANA,Marion,Indianapolis,401 E. Michigan St.,https://catalog.archives.gov/id/132003767,2/21/73,10/31/16, Das Deutsche Haus,,73000032
78000029,,Auburn Cord Duesenberg Automobile Facility,Listed,Single,FALSE,2, TRANSPORTATION; ARCHITECTURE,BUILDING,INDIANA,De Kalb,Auburn,1600 South Wayne Street,https://catalog.archives.gov/id/132002779,9/21/78,4/5/05, Auburn-Cord-Duesenberg,,78000029
66000005,,"Bailly, Joseph, Homestead",Listed,Single,FALSE,45.2, COMMERCE; ARCHITECTURE; EXPLORATION/SETTLEMENT; SOCIAL HISTORY,DISTRICT,INDIANA,Porter,Porter,W of Porter on U.S. 20 in Indiana Dunes National Lakeshore,https://catalog.archives.gov/id/132002417,10/15/66,12/29/62," Bailly,Joseph,Homestead and Cemetery",Indiana Dunes,66000005
87000839,,Broad Ripple Park Carousel,Listed,Single,FALSE,0.9, ENTERTAINMENT/RECREATION,STRUCTURE,INDIANA,Marion,Indianapolis,Meridian and Thirtieth Sts.,https://catalog.archives.gov/id/132002395,2/27/87,2/27/87, White City Carousel;Children's Museum Carousel,,87000839
83003573,,Butler Fieldhouse,Listed,Single,FALSE,3.2, ENTERTAINMENT/RECREATION; ARCHITECTURE,BUILDING,INDIANA,Marion,Indianapolis,"Butler University campus, 49th St., and Boulevard Pl.",https://catalog.archives.gov/id/132002397,12/22/83,2/27/87, Butler Fieldhouse National Historic Landmark;Hinkle Fieldhou,,83003573
75000011,,Cannelton Cotton Mills,Listed,Single,FALSE,8.1, ARCHITECTURE; INDUSTRY,BUILDING,INDIANA,Perry,Cannelton,"Bounded by Front, 4th, Washington, and Adams Sts.",https://catalog.archives.gov/id/132004442,8/22/75,7/17/91, Indiana Cotton Mills,,75000011
92000679,,"Christian, John E. and Catherine E., House (Samara)",Listed,Single,FALSE,1, ARCHITECTURE,BUILDING,INDIANA,Tippecanoe,West Lafayette,1301 Woodland Ave.,https://catalog.archives.gov/id/132004872,6/16/92,2/27/15, Samara;175-333-13010,,92000679
66000009,,"Coffin, Levi, House",Listed,Single,FALSE,0.9, SOCIAL HISTORY,BUILDING,INDIANA,Wayne,Fountain City,115 N. Main St.,https://catalog.archives.gov/id/132002431,10/15/66,6/23/65,,,66000009
97000595,,"de Richardville, Chief Jean-Baptiste, House",Listed,Single,FALSE,0.8, POLITICS/GOVERNMENT; EUROPEAN; NATIVE AMERICAN; COMMERCE; ARCHITECTURE; HISTORIC - ABORIGINAL,BUILDING,INDIANA,Allen,Fort Wayne,5705 Bluffton Rd.,https://catalog.archives.gov/id/132002362,6/27/97,3/2/12," Richardville, Chief John B., House",,97000595
66000008,,"Debs, Eugene V., House",Listed,Single,FALSE,0.9, INDUSTRY; COMMERCE,BUILDING,INDIANA,Vigo,Terre Haute,451 N. 8th St.,https://catalog.archives.gov/id/132002429,11/13/66,11/13/66,,,66000008
14000922,,Duck Creek Aqueduct,Listed,Single,FALSE,,,STRUCTURE,INDIANA,Franklin,Metamora,Spanning Duck Creek at Whitewater Canal,,8/25/14,8/25/14,,,14000922
93001410,,Eleutherian College,Listed,Single,FALSE,2, ARCHITECTURE; SOCIAL HISTORY; EDUCATION; BLACK,BUILDING,INDIANA,Jefferson,Lancaster,IN 250,https://catalog.archives.gov/id/132002387,12/15/93,2/18/97, 077-651-10038,,93001410
00000707,,First Baptist Church,Listed,Multiple,FALSE,,,BUILDING,INDIANA,Bartholomew,Columbus,3300 Fairlawn Dr.,https://catalog.archives.gov/id/132002366,5/16/00,5/16/00,,,00000707
01000067,,First Christian Church,Listed,Single,FALSE,4, ARCHITECTURE,building,INDIANA,Bartholomew,Columbus,531 Fifth St.,https://catalog.archives.gov/id/132002368,1/3/01,1/3/01,,,01000067
100006239,NL,Fort Ouiatenon Archeological District,Listed,NHL,TRUE,17.5, HISTORIC - ABORIGINAL; COMMERCE; HISTORIC - NON-ABORIGINAL; MILITARY; POLITICS/GOVERNMENT,site,INDIANA,Tippecanoe,Lafayette,Address Restricted,,,1/13/21,,,70000008
66000010,,"Harrison, Benjamin, House",Listed,Single,FALSE,3, MILITARY; POLITICS/GOVERNMENT,BUILDING,INDIANA,Marion,Indianapolis,1204 N. Delaware St.,https://catalog.archives.gov/id/132002399,10/15/66,1/29/64,,,66000010
66000018,,"Harrison, William Henry, Home (Grouseland)",Listed,Single,FALSE,0.9, MILITARY; POLITICS/GOVERNMENT,BUILDING,INDIANA,Knox,Vincennes,3 W. Scott St.,https://catalog.archives.gov/id/132002393,10/15/66,12/19/60, Grouseland,,66000018
71000005,,Hillforest (Forest Hill),Listed,Single,FALSE,6.9, ARCHITECTURE,BUILDING,INDIANA,Dearborn,Aurora,213 5th St.,https://catalog.archives.gov/id/132002817,8/5/71,10/5/92," Forest Hill;Gaff,Thomas,House",,71000005
89001404,AD,Indiana War Memorial Historic District,Listed,Add.Doc.,FALSE,32.38, ARCHITECTURE; ART; COMMUNITY PLANNING AND DEVELOPMENT,district,INDIANA,Marion,Indianapolis,"Monument Cir, 200-800 blks, N. Meridian St, 200-800 blks, N. Pennsylvania St, and first blocks of E. Ohio, New York. E. Vermont, E. Michigan, E. North E St., Clair St., and E. 9th St",,9/25/89,10/11/94," Indiana World War Memorial Plaza; Birch Bayh Federal Building; National Headquarters, American Legion; Indianapolis Public Library (now called Central Library) ",,89001404
100001200,ADNL,Indiana War Memorial Historic District,Done,NHL Updated Documentation,FALSE,32.38, ARCHITECTURE; ART; COMMUNITY PLANNING AND DEVELOPMENT,district,INDIANA,Marion,Indianapolis,"Monument Cir, 200-800 blks, N. Meridian St, 200-800 blks, N. Pennsylvania St, and first blocks of E. Ohio, New York. E. Vermont, E. Michigan, E. North E St., Clair St., and E. 9th St",,,10/11/94,,,89001404
100001200,ADNL,Indiana War Memorial Historic District,Done,NHL Updated Documentation,FALSE,32.38, ARCHITECTURE; ART; COMMUNITY PLANNING AND DEVELOPMENT,district,INDIANA,Marion,Indianapolis,"Monument Cir, 200-800 blks, N. Meridian St, 200-800 blks, N. Pennsylvania St, and first blocks of E. Ohio, New York. E. Vermont, E. Michigan, E. North E St., Clair St., and E. 9th St",,,10/11/94,,,89001404
75000044,,Indianapolis Motor Speedway,Listed,Single,FALSE,560, INDUSTRY; LANDSCAPE ARCHITECTURE; ENGINEERING; TRANSPORTATION; ENTERTAINMENT/RECREATION; INVENTION,DISTRICT,INDIANA,Marion,Speedway,4790 W. 16th St.,https://catalog.archives.gov/id/132003922,3/7/75,2/27/87, Indianapolis Motor Speedway National Historic Landmark;The B,,75000044
00000704,,Irwin Union Bank and Trust,Listed,Multiple,FALSE,,,BUILDING,INDIANA,Bartholomew,Columbus,500 Washington St.,https://catalog.archives.gov/id/132002370,5/16/00,5/16/00,,,00000704
94001191,,Lanier Mansion,Listed,Single,FALSE,9, ARCHITECTURE,BUILDING,INDIANA,Jefferson,Madison,511 W. First St.,https://catalog.archives.gov/id/132002389,4/19/94,4/19/94,,,94001191
66000012,,Lincoln Boyhood National Memorial,Listed,Single,FALSE,200, LANDSCAPE ARCHITECTURE; ART; AGRICULTURE; POLITICS/GOVERNMENT; ARCHITECTURE,DISTRICT,INDIANA,Spencer,Lincoln City,IN 162,https://catalog.archives.gov/id/132004720,10/15/66,12/19/60,,Lincoln Boyhood,66000012
73000020,,Madison Historic District,Listed,Single,FALSE,2160, COMMERCE; TRANSPORTATION; ARCHITECTURE,DISTRICT,INDIANA,Jefferson,Madison,"Roughly bounded by Crooked Creek, Springdale Cemetery, Michigan, New Hill and Telegraph Hill Rds., and Ohio River",https://catalog.archives.gov/id/132003437,5/25/73,3/30/06,,,73000020
01000068,,"McDowell, Mabel, Elementary School",Listed,Single,FALSE,,,BUILDING,INDIANA,Bartholomew,Columbus,2700 McKinley Ave.,https://catalog.archives.gov/id/132002372,1/3/01,1/3/01,,,01000068
00000706,,Miller House,Listed,Multiple,TRUE,,,BUILDING,INDIANA,Bartholomew,Columbus,Address Restricted,,5/16/00,5/16/00,,,00000706
100009823,NL,Montgomery County Jail and Sheriff's Residence,Listed,NHL,FALSE,0.9, ENGINEERING; ARCHITECTURE; SOCIAL HISTORY,building,INDIANA,Montgomery,Crawfordsville,225 N. Washington St.,,,12/11/23,,,75000007
66000006,,New Harmony Historic District,Listed,Single,FALSE,11, SOCIAL HISTORY,DISTRICT,INDIANA,Posey,New Harmony,Main St. between Granary and Church Sts.,https://catalog.archives.gov/id/132002419,10/15/66,12/19/60, New Harmony,,66000006
00000705,,North Christian Church,Listed,Multiple,FALSE,,,BUILDING,INDIANA,Bartholomew,Columbus,850 Tipton Ln.,https://catalog.archives.gov/id/132002375,5/16/00,5/16/00,,,00000705
03001041,,Oldfields,Listed,Single,FALSE,32, LANDSCAPE ARCHITECTURE; HEALTH/MEDICINE,DISTRICT,INDIANA,Marion,Indianapolis,1200 W. 38th St.,https://catalog.archives.gov/id/132002405,7/31/03,7/31/03,,,03001041
66000799,,"Riley, James Whitcomb, House",Listed,Single,FALSE,1, LITERATURE,BUILDING,INDIANA,Marion,Indianapolis,528 Lockerbie St.,https://catalog.archives.gov/id/132002407,10/15/66,12/29/62, Charles L. Holstein House,,66000799
94001190,,"Shrewsbury, Charles L., House",Listed,Single,FALSE,0.9, ARCHITECTURE,BUILDING,INDIANA,Jefferson,Madison,301 W. First St.,https://catalog.archives.gov/id/132002391,4/19/94,4/19/94, Shrewsbury--Windle House,,94001190
87000838,,Spencer Park Dentzel Carousel,Listed,Single,FALSE,0.9, ENTERTAINMENT/RECREATION,STRUCTURE,INDIANA,Cass,Logansport,Riverside Park,https://catalog.archives.gov/id/132002379,2/27/87,2/27/87, Spencer Park Dentzel Carousel (1919-1962);Riverside Park Den,,87000838
83003570,,SS CLIPPER,Listed,Single,FALSE,0.9, ARCHITECTURE; MARITIME HISTORY; ENGINEERING; TRANSPORTATION,STRUCTURE,INDIANA,Lake,Hammond,Hammond Marina,https://catalog.archives.gov/id/25338767,12/8/83,4/11/89, S.S. JUNIATA;S.S. MILWAUKEE CLIPPER,,83003570
12001015,,The Republic,Listed,Single,FALSE,,,BUILDING,INDIANA,Bartholomew,Columbus,333 Second St.,https://catalog.archives.gov/id/132002377,10/16/12,10/16/12,,,12001015
66000013,,Tippecanoe Battlefield,Listed,Single,FALSE,175, MILITARY; POLITICS/GOVERNMENT,SITE,INDIANA,Tippecanoe,Lafayette,7 mi. NE of Lafayette on IN 225,https://catalog.archives.gov/id/132002425,10/15/66,10/9/60, Tippecanoe Battlefield State Memorial,,66000013
73000044,,Tippecanoe Place,Listed,Single,FALSE,2.6, INDUSTRY; TRANSPORTATION,BUILDING,INDIANA,St. Joseph,South Bend,620 W. Washington Ave.,https://catalog.archives.gov/id/132004796,7/2/73,12/22/77," Studebaker House;Studebaker,Clement,House",,73000044
80000062,,"Walker, Madame C. J., Building",Listed,Single,FALSE,0.9, ARCHITECTURE; PERFORMING ARTS; BLACK; INDUSTRY; COMMERCE; ENTERTAINMENT/RECREATION; INVENTION; EDUCATION; SOCIAL HISTORY,BUILDING,INDIANA,Marion,Indianapolis,617 Indiana Ave.,https://catalog.archives.gov/id/132004088,7/17/80,7/17/91," Walker Theatre;Walker,Madame C.J.,Manufacturing Company",,80000062
87000837,,Wallace Circus and American Circus Corporation Winter Quarters,Listed,Single,FALSE,9, ENTERTAINMENT/RECREATION,BUILDING,INDIANA,Miami,Peru,2.5 mi. SE of Peru,https://catalog.archives.gov/id/132002409,2/27/87,2/27/87, Peru Circus Farm;Valley Farms,,87000837
76000013,,"Wallace, Gen. Lew, Study",Listed,Single,FALSE,4.5, MILITARY; LITERATURE; POLITICS/GOVERNMENT,BUILDING,INDIANA,Montgomery,Crawfordsville,Pike St. and Wallace Ave.,https://catalog.archives.gov/id/132002411,5/11/76,5/11/76, Ben-Hur Museum,,76000013
92000678,,"Webster, George, Jr. and Marie Daugherty, House",Listed,Single,FALSE,0.9, SOCIAL HISTORY; ART,BUILDING,INDIANA,Grant,Marion,926 S. Washington St.,https://catalog.archives.gov/id/132002385,6/17/92,11/4/93, Webster House,,92000678
74000016,,West Baden Springs Hotel,Listed,Single,FALSE,100, LANDSCAPE ARCHITECTURE; ENGINEERING; ENTERTAINMENT/RECREATION; ARCHITECTURE; SOCIAL HISTORY,BUILDING,INDIANA,Orange,West Baden,W of IN 56,https://catalog.archives.gov/id/132004401,6/27/74,2/27/87, Northwood Institute of Indiana,,74000016
100000869,NL,West Union Bridge,Listed,NHL,FALSE,0.9, ENGINEERING; TRANSPORTATION,structure,INDIANA,Parke,"West Union vicinity, Reserve Township (Montezuma)",Spanning Sugar Creek at bypassed section of Tow Path Rd. (CR 525W,,,12/23/16,,,78000414
66000336,,Amana Villages,Listed,Single,FALSE,26000, EUROPEAN; SOCIAL HISTORY,DISTRICT,IOWA,Iowa,Middle Amana,NE Iowa County,https://catalog.archives.gov/id/75338164,10/15/66,6/23/65, Amana Colonies,,66000336
70000246,,Blood Run Site,Listed,Single,TRUE,844.8, PREHISTORIC; HISTORIC - ABORIGINAL,SITE,IOWA,Lyon,Sioux Falls,Address Restricted,,8/29/70,8/29/70,,,70000246
12001018,,Davis Oriole Earthlodge Site,Listed,Single,TRUE,,,SITE,IOWA,Mills,Glenwood,Address Restricted,,10/16/12,10/16/12,,,12001018
66000338,,"Dodge, Grenville M., House",Listed,Single,FALSE,1.8, MILITARY; TRANSPORTATION; COMMUNICATIONS,BUILDING,IOWA,Pottawattamie,Council Bluffs,605 S. 3rd St.,https://catalog.archives.gov/id/75338179,10/15/66,11/5/61, General Dodge House,,66000338
72000473,,Dubuque County Jail,Listed,Single,FALSE,0.9, ARCHITECTURE; SOCIAL HISTORY,BUILDING,IOWA,Dubuque,Dubuque,36 E. 8th St.,https://catalog.archives.gov/id/75338717,6/27/72,5/28/87,,,72000473
88002665,,Dubuque Trading Post-Village of Kettle Chief Archeological District,Listed,Multiple,TRUE,18, INDUSTRY; HISTORIC - ABORIGINAL; COMMERCE; HISTORIC - NON-ABORIGINAL; EXPLORATION/SETTLEMENT,DISTRICT,IOWA,Dubuque,Dubuque,Address Restricted,,11/21/88,11/4/93," 13DB9,13DB62;Julien Dubuque's Mines",,88002665
74000805,,Fort Des Moines Provisional Army Officer Training School,Listed,Single,FALSE,203.8, MILITARY; BLACK,DISTRICT,IOWA,Polk,Des Moines,Fort Des Moines Military Reservation,https://catalog.archives.gov/id/75338177,5/30/74,5/30/74, Fort Des Moines Military Reservation,,74000805
89002459,,GEO. M. VERITY,Listed,Single,FALSE,0.9, INDUSTRY; ENGINEERING; TRANSPORTATION; MARITIME HISTORY,STRUCTURE,IOWA,Lee,Keokuk,"Keokuk River Museum, Victory Park",https://catalog.archives.gov/id/75338168,12/20/89,12/20/89, Towboat GEO. M. VERITY;ex S.S. THORPE,,89002459
73000736,,"Hepburn, Col. William Peters, House",Listed,Single,FALSE,0.9, POLITICS/GOVERNMENT,BUILDING,IOWA,Page,Clarinda,321 W. Lincoln St.,https://catalog.archives.gov/id/75339698,6/4/73,12/8/76, Dorothy Schwimmer House,,73000736
66000110,,Herbert Hoover National Historic Site,Listed,Single,FALSE,67.5, POLITICS/GOVERNMENT; RELIGION,DISTRICT,IOWA,Cedar,West Branch,Off I-80,https://catalog.archives.gov/id/75338431,10/15/66,6/23/65,,Herbert Hoover,66000110
77000500,,"Hitchcock, Rev. George B., House",Listed,Single,FALSE,1.1, ARCHITECTURE; RELIGION; SOCIAL HISTORY,BUILDING,IOWA,Cass,Lewis,63788 567th Lane,https://catalog.archives.gov/id/75338389,11/9/77,2/17/06, Slave House/Underground Railway House,,77000500
66000888,,Indian Village Site,Listed,Single,TRUE,2.5, PREHISTORIC,SITE,IOWA,O Brien,Sutherland,Address Restricted,,10/15/66,7/19/64, Wittrock;Indian Village State Park,,66000888
100000835,NL,Kimball Village Site,Listed,NHL,TRUE,1.9, PREHISTORIC; NATIVE AMERICAN; COMMUNITY PLANNING AND DEVELOPMENT,site,IOWA,Plymouth,Westfield,Address Restricted,,,12/23/16,,,10000343
66000339,,Knapp-Wilson House,Listed,Single,FALSE,1, EDUCATION; AGRICULTURE,BUILDING,IOWA,Story,Ames,Iowa State University campus,https://catalog.archives.gov/id/75338185,10/15/66,7/19/64, The Farm House,,66000339
89002461,,LONESTAR,Listed,Single,FALSE,0.9, INDUSTRY; ENGINEERING; TRANSPORTATION; MARITIME HISTORY,STRUCTURE,IOWA,Scott,LeClaire,Buffalo Bill Museum,https://catalog.archives.gov/id/75338183,12/20/89,12/20/89, Towboat LONE STAR,,89002461
76000804,,Merchants' National Bank,Listed,Single,FALSE,0, ARCHITECTURE,BUILDING,IOWA,Poweshiek,Grinnell,NW corner 4th Ave. and Broad St.,https://catalog.archives.gov/id/75338181,1/7/76,1/7/76,,,76000804
88002664,,Mines of Spain Lead Mining Community Archeological District,Listed,Multiple,TRUE,1361, INDUSTRY; HISTORIC - NON-ABORIGINAL; EXPLORATION/SETTLEMENT,DISTRICT,IOWA,Dubuque,Dubuque,Address Restricted,https://catalog.archives.gov/id/75338158,11/21/88,11/4/93," 13DB9,13DB62,13DB17,13DB18,13DB201,13DB95,13DB99,13DB204,13D",,88002664
72000475,,Old Capitol,Listed,Single,FALSE,0, POLITICS/GOVERNMENT; ARCHITECTURE,BUILDING,IOWA,Johnson,Iowa City,University of Iowa campus,https://catalog.archives.gov/id/75339236,5/31/72,1/7/76, Third Capitol of the Territory of Iowa;First Capitol of the,,72000475
66000335,,Phipps Site,Listed,Single,TRUE,17, PREHISTORIC,SITE,IOWA,Cherokee,Cherokee,Address Restricted,,10/15/66,7/9/64, 13CK21,,66000335
100009825,NL,Pottawattamie County Jail and Sheriff’s Residence,Listed,NHL,FALSE,0.9, ARCHITECTURE; SOCIAL HISTORY,building,IOWA,Pottawattamie,Council Bluffs,226 Pearl St.,,,12/11/23,,,72000481
100011381,NL,Reeve Electric Association Plant,Listed,NHL,FALSE,1.6, INDUSTRY,building,IOWA,Franklin,Hampton,1450 110th Street,,,12/13/24,,,89002307
89001079,,SERGEANT FLOYD,Listed,Single,FALSE,0.9, POLITICS/GOVERNMENT; ARCHITECTURE; MARITIME HISTORY,STRUCTURE,IOWA,Woodbury,Sioux City,Missouri River Mile Marker 730,https://catalog.archives.gov/id/75338187,5/5/89,5/5/89,,,89001079
66000340,,Sergeant Floyd Monument,Listed,Single,FALSE,0.9, EXPLORATION/SETTLEMENT,STRUCTURE,IOWA,Woodbury,Sioux City,Glenn Ave. and Lewis Rd.,https://catalog.archives.gov/id/75338191,10/15/66,6/30/60,,,66000340
100006243,NL,Surf Ballroom,Listed,NHL,FALSE,, ARCHITECTURE; ENTERTAINMENT/RECREATION,building,IOWA,Cerro Gordo,Clear Lake,460 N Shore Dr,,,1/13/21,,,10000261
03001036,,Terrace Hill,Listed,Single,FALSE,8, ARCHITECTURE,BUILDING,IOWA,Polk,Des Moines,2300 Grand Avenue,https://catalog.archives.gov/id/75338175,7/31/03,7/31/03," Allen, benjamin F., House; Hubbell, Frederick M., House; Iowa Governor's Mansion",,03001036
66000337,,Toolesboro Mound Group,Listed,Single,TRUE,10, PREHISTORIC,SITE,IOWA,Louisa,Toolesboro,Address Restricted,,10/15/66,5/23/66,,,66000337
76000753,,Van Allen Store,Listed,Single,FALSE,0, ARCHITECTURE,BUILDING,IOWA,Clinton,Clinton,5th Ave. and S. 2nd St.,https://catalog.archives.gov/id/75338154,1/7/76,1/7/76, Van Allen and Son Department Store;John D. Van Allen and Son,,76000753
75000680,,"Weaver, James B., House",Listed,Single,FALSE,1, POLITICS/GOVERNMENT,BUILDING,IOWA,Davis,Bloomfield,Weaver Park Rd. (U.S. 63),https://catalog.archives.gov/id/75338156,5/15/75,5/15/75,,,75000680
82002618,,WILLIAM M. BLACK (dredge),Listed,Single,FALSE,0.9, MARITIME HISTORY; ENGINEERING; ARCHITECTURE; TRANSPORTATION,STRUCTURE,IOWA,Dubuque,Dubuque,E. 2nd St.,https://catalog.archives.gov/id/75338162,4/12/82,4/27/92, Dredge WILLIAM M. BLACK,,82002618
73000744,MP,Woodbury County Courthouse,Listed,Multiple,FALSE,0.9, ART; POLITICS/GOVERNMENT; ARCHITECTURE,BUILDING,IOWA,Woodbury,Sioux City,7th and Douglas Sts.,https://catalog.archives.gov/id/75338127,12/18/73,6/19/96,,,73000744
04000365,,Black Jack Battlefield,Listed,Single,FALSE,20.3, MILITARY,SITE,KANSAS,Douglas,Baldwin,"US 56 and Cty Rd. 2000, 3.o mi. E of Baldwin City",,4/28/04,10/16/12,,,04000365
71000312,,Constitution Hall,Listed,Single,FALSE,1, POLITICS/GOVERNMENT,BUILDING,KANSAS,Douglas,Lecompton,Elmore St. between Woodson and 3rd Sts.,,5/14/71,5/30/74, Lecompton Constitution Hall,,71000312
66000347,,Council Grove Historic District,Listed,Single,FALSE,0, COMMERCE; TRANSPORTATION,DISTRICT,KANSAS,Morris,Council Grove,U.S. 56,,10/15/66,5/23/62,,,66000347
66000351,,El Cuartelejo,Listed,Single,TRUE,2410.2, PREHISTORIC; HISTORIC - ABORIGINAL,DISTRICT,KANSAS,Scott,Scott City,Address Restricted,,10/15/66,7/19/64, El Cuartelejo Archeological District;14SC1,,66000351
66000107,,Fort Larned National Historic Site,Listed,Single,FALSE,718.4, MILITARY; TRANSPORTATION; EXPLORATION/SETTLEMENT; ARCHITECTURE,DISTRICT,KANSAS,Pawnee,Larned,6 mi. W of Larned on U.S. 156,,10/15/66,12/19/60,,Fort Larned,66000107
66000346,,Fort Leavenworth,Listed,Single,FALSE,107, MILITARY; EXPLORATION/SETTLEMENT,DISTRICT,KANSAS,Leavenworth,Leavenworth,Fort Leavenworth Military Reservation,,10/15/66,12/19/60,,,66000346
66000106,,Fort Scott National Historic Site,Listed,Single,FALSE,6.7, MILITARY; EXPLORATION/SETTLEMENT,DISTRICT,KANSAS,Bourbon,Fort Scott,Old Fort Blvd.,,10/15/66,7/19/64, Fort Scott Historic Area,Fort Scott,66000106
66000342,,Haskell Institute,Listed,Single,FALSE,0, NATIVE AMERICAN; MILITARY; EXPLORATION/SETTLEMENT,DISTRICT,KANSAS,Douglas,Lawrence,Address Unknown,,10/15/66,7/4/61,,,66000342
66000352,,Hollenberg Pony Express Station,Listed,Single,FALSE,6, COMMUNICATIONS,BUILDING,KANSAS,Washington,Hanover,1.5 mi E of Hanover,,10/15/66,11/5/61, Cottonwood Pony Express Station;Hollenburg Ranch State Park,,66000352
66000344,,Lower Cimarron Spring,Listed,Single,FALSE,195, EXPLORATION/SETTLEMENT,SITE,KANSAS,Grant,Ulysses,12 mi. S of Ulysses on U.S. 270,,10/15/66,8/5/98," Wagon Bed Springs, Wagonbed Springs",,66000344
71000317,,Marais des Cygnes Massacre Site,Listed,Single,FALSE,43, POLITICS/GOVERNMENT,SITE,KANSAS,Linn,Trading Post,5 mi. NE of Trading Post,,6/21/71,5/30/74, Marais des Cygnes Massacre Memorial Park,,71000317
69000059,,Medicine Lodge Peace Treaty Site,Listed,Single,FALSE,0, MILITARY; EXPLORATION/SETTLEMENT; POLITICS/GOVERNMENT,SITE,KANSAS,Barber,Medicine Lodge,SE of Medicine Lodge,,8/4/69,8/4/69,,,69000059
71000303,,"Nation, Carry A., House",Listed,Single,FALSE,0.9, POLITICS/GOVERNMENT; SOCIAL HISTORY,BUILDING,KANSAS,Barber,Medicine Lodge,211 W. Fowler Ave.,,3/24/71,5/11/76, Carry A. Nation Home and Museum,,71000303
76000820,,Nicodemus Historic District; Nicodemus National Historic Site,Listed,Single,FALSE,161.2, BLACK; EXPLORATION/SETTLEMENT; SOCIAL HISTORY,DISTRICT,KANSAS,Graham,Nicodemus,U.S. 24,,1/7/76,1/7/76, Nicodemus Historic District and Dugout House,,76000820
74000846,,Norman No. 1 Oil Well Site,Listed,Single,FALSE,1, INDUSTRY,SITE,KANSAS,Wilson,Neodesha,E. Mill St.,,8/28/74,12/22/77,,,74000846
87000813,,Parker Carousel,Listed,Single,FALSE,0.9, ENTERTAINMENT/RECREATION,STRUCTURE,KANSAS,Dickinson,Abilene,412 S. Campbell St.,,2/27/87,2/27/87, Lander Park Carousel (1928-1959);Dickinson County Parker Car; Lander Parker Carousel,,87000813
66000343,,Santa Fe Trail Ruts,Listed,Single,FALSE,140.4, EXPLORATION/SETTLEMENT,SITE,KANSAS,Ford,Dodge City,9 mi. W of Dodge City on U.S. 50,,10/15/66,5/23/63, Santa Fe Trail Remains,,66000343
66000345,,Shawnee Mission,Listed,Single,FALSE,12, NATIVE AMERICAN; EDUCATION,BUILDING,KANSAS,Johnson,Fairway,53rd St. at Mission Rd.,,10/15/66,5/23/63, Shawnee Methodist Mission,,66000345
71000305,,Spring Hill Farm and Stock Ranch House,Listed,Single,FALSE,2, ARCHITECTURE,BUILDING,KANSAS,Chase,Strong City,3 mi. N of Strong City on KS 177,,4/16/71,2/18/97, Jones Ranch House,,71000305
08000828,,Spring Hill Ranch,Listed,Single,FALSE,10894, AGRICULTURE; ARCHITECTURE,DISTRICT,KANSAS,Chase,Strong City,Northwest of Strong City,,2/18/97,2/18/97, Deer Park Place;Davis Ranch; Davis-Nolang-Merill Grain Co.; Z Bar Ranch,,08000828
87001283,,Sumner Elementary School and Monroe Elementary School,Listed,Single,FALSE,5.6, POLITICS/GOVERNMENT; LAW; SOCIAL HISTORY,BUILDING,KANSAS,Shawnee,Topeka,330 Western Ave. and 1515 Monroe St.,,5/4/87,5/4/87,,,87001283
66000349,,Tobias-Thompson Complex,Listed,Single,TRUE,1575, PREHISTORIC; HISTORIC - ABORIGINAL,DISTRICT,KANSAS,Rice,Geneseo,Address Restricted,,10/15/66,7/19/64," Little River Archeological District (14RC2,3,8,9,12,13,14,40",,66000349
74000839,,"Warkentin, Bernhard, Homestead",Listed,Single,FALSE,20, AGRICULTURE; EXPLORATION/SETTLEMENT; ARCHITECTURE; SOCIAL HISTORY,DISTRICT,KANSAS,Harvey,Halstead,N of Halstead,,2/15/74,12/14/90, Little River Stock Farm;Warkentin Farm,,74000839
99000456,,"Western Branch, National Home for Disabled Volunteer Soldiers",Listed,Single,FALSE,214, ARCHITECTURE; POLITICS/GOVERNMENT; SOCIAL HISTORY; HEALTH/MEDICINE; LANDSCAPE ARCHITECTURE,DISTRICT,KANSAS,Leavenworth,Leavenworth,4101 S. 4th St.,,4/30/99,6/17/11, Department of Veterans Affairs; Dwight D. Eisenhower Medical Center,,99000456
71000318,,"White, William Allen, House",Listed,Single,FALSE,0.6, LITERATURE; POLITICS/GOVERNMENT; ARCHITECTURE; COMMUNICATIONS; SOCIAL HISTORY,BUILDING,KANSAS,Lyon,Emporia,927 Exchange St.,,5/14/71,5/11/76, Red Rocks; KHRI # 111-1660-00001,,71000318
66000350,,Whiteford (Price) Archeological Site,Listed,Single,FALSE,135, PREHISTORIC,SITE,KANSAS,Saline,Salina,E of Salina,,10/15/66,7/19/64, Whiteford Site;Price Site,,66000350
100000794,NL,"Wyandotte National Burying Ground, Eliza Burton Conley Burial Site",Listed,NHL,FALSE,,,site,KANSAS,Wyandotte,Kansas City,Huron Place,,,12/23/16,,,100000794
66000357,,Ashland,Listed,Single,FALSE,20, POLITICS/GOVERNMENT,BUILDING,KENTUCKY,Fayette,Lexington,2 mi. SE of Lexington on Richmond Rd.,https://catalog.archives.gov/id/123849128,10/15/66,12/19/60, Henry Clay Home,,66000357
93000001,,Battle of Mill Springs Historic Areas,Listed,Single,FALSE,687.3, MILITARY,DISTRICT,KENTUCKY,Pulaski,Nancy,"Roughly, three discontiguous areas, one S of Nancy, one in Mill Springs and one to the N across the Cumberland R.",https://catalog.archives.gov/id/123849175,2/18/93,4/19/94, WN-2;WN-24;WN-73;PU-131;See Also:Mill Springs Mill;Mill Spri,,93000001
66000360,,"Beard, Daniel Carter, Boyhood Home",Listed,Single,FALSE,1, SOCIAL HISTORY,BUILDING,KENTUCKY,Kenton,Covington,322 E. 3rd St.,https://catalog.archives.gov/id/123849158,10/15/66,6/23/65,,,66000360
72000535,,BELLE OF LOUISVILLE (steamer),Listed,Single,FALSE,0.9, COMMERCE; ENGINEERING; TRANSPORTATION; ARCHITECTURE; MARITIME HISTORY; SOCIAL HISTORY,STRUCTURE,KENTUCKY,Jefferson,Louisville,4th St. and River Rd.,https://catalog.archives.gov/id/123850442,4/10/72,6/30/89, IDLEWILD;AVALON,,72000535
100011352,NL,Big Bone Lick Archeological District,Listed,NHL,FALSE,205, HISTORIC - ABORIGINAL; HISTORIC - NON-ABORIGINAL; PREHISTORIC; EXPLORATION/SETTLEMENT; MILITARY; SCIENCE,district,KENTUCKY,Boone,Union,Route 338,,,9/2/24,,,00000284
74000893,,Burks' Distillery,Listed,Single,FALSE,36, INDUSTRY; COMMERCE; ENGINEERING; AGRICULTURE,DISTRICT,KENTUCKY,Marion,Loretto,E of Loretto off KY 49 and 52,https://catalog.archives.gov/id/123851233,12/31/74,1/16/80, Maker's Mark Distillery;Star Hill Distillery,,74000893
13000286,,Camp Nelson Historic and Archeological District,Listed,Single,TRUE,,,DISTRICT,KENTUCKY,Jessamine,Nicholasville,Address Restricted,,2/27/13,2/27/13,,,13000286
78001348,,Churchill Downs,Listed,Single,FALSE,115, INDUSTRY; ENTERTAINMENT/RECREATION,STRUCTURE,KENTUCKY,Jefferson,Louisville,700 Central Ave.,https://catalog.archives.gov/id/123850496,11/15/78,10/21/86, Churchill Downs National Historic Landmark,,78001348
75000786,,Covington and Cincinnati Suspension Bridge,Listed,Single,FALSE,0.1, ENGINEERING,STRUCTURE,KENTUCKY,Kenton,Covington,"Spans Ohio River between Covington, KY and Cincinnati, OH",https://catalog.archives.gov/id/123849160,5/15/75,5/15/75, The Suspension Bridge,,75000786
08000427,,Fort Boonesborough Site,Listed,Single,TRUE,1.8, HISTORIC - NON-ABORIGINAL; EXPLORATION/SETTLEMENT; MILITARY,SITE,KENTUCKY,Madison,Richmond,Address Restricted,,6/19/96,6/19/96,,,08000427
94000303,,Fort Boonesborough Townsite Historic District,Listed,Single,FALSE,352, PREHISTORIC; HISTORIC - NON-ABORIGINAL; EXPLORATION/SETTLEMENT; MILITARY; COMMERCE; AGRICULTURE; TRANSPORTATION,DISTRICT,KENTUCKY,Madison,Richmond,4375 Old Boonesborough Rd.,https://catalog.archives.gov/id/123849166,4/14/94,6/11/96," Ft. Boonesborough State Park;15MA41,123,128,131-135,138-139",,94000303
01000450,,George T. Stagg  Distillery,Listed,Single,FALSE,50, SOCIAL HISTORY; INDUSTRY; ARCHITECTURE,BUILDING,KENTUCKY,Franklin,Frankfort,1001 Wilkinson Blvd.,https://catalog.archives.gov/id/123850136,5/2/01,2/27/13, Buffalo Trace Distillery; Ancient Age Distillery,,01000450
66000362,,Indian Knoll,Listed,Single,TRUE,290, PREHISTORIC,SITE,KENTUCKY,Ohio,Paradise,Address Restricted,,10/15/66,8/23/64,,,66000362
66000354,,"Jacobs Hall, Kentucky School for the Deaf",Listed,Single,FALSE,0.9, EDUCATION,BUILDING,KENTUCKY,Boyle,Danville,S. 3rd St.,https://catalog.archives.gov/id/123849121,10/15/66,12/21/65,,,66000354
86003487,,Keeneland-Keeneland Racetrack,Listed,Single,FALSE,198, ENTERTAINMENT/RECREATION,DISTRICT,KENTUCKY,Fayette,Lexington,Off Versailles and Rice Rds.,https://catalog.archives.gov/id/123849130,9/24/86,9/24/86,,,86003487
95001272,,Labrot & Graham Distillery,Listed,Single,FALSE,42, ARCHITECTURE; INDUSTRY,DISTRICT,KENTUCKY,Woodford,Frankfort,7855 McCracken Pike,https://catalog.archives.gov/id/123849179,11/7/95,5/16/00, Old Oscar Pepper Distillery;WD-01; Woodford Reserve Distillery,,95001272
71000344,,Liberty Hall,Listed,Single,FALSE,0, POLITICS/GOVERNMENT; ARCHITECTURE,BUILDING,KENTUCKY,Franklin,Frankfort,218 Wilkinson St.,https://catalog.archives.gov/id/123849136,11/11/71,11/11/71,,,71000344
74000892,,Lincoln Hall,Listed,Single,FALSE,0, BLACK; EDUCATION,BUILDING,KENTUCKY,Madison,Berea,Berea College campus,https://catalog.archives.gov/id/123849168,12/2/74,12/2/74," Lincoln Hall,Berea College",,74000892
71000347,,Locust Grove,Listed,Single,FALSE,55.2, MILITARY; EXPLORATION/SETTLEMENT; ARCHITECTURE,BUILDING,KENTUCKY,Jefferson,Louisville,561 Blankenbaker Ln.,https://catalog.archives.gov/id/123850642,3/11/71,6/23/86,,,71000347
71000348,,Louisville Water Company Pumping Station,Listed,Single,FALSE,0.9, ENGINEERING; ARCHITECTURE,BUILDING,KENTUCKY,Jefferson,Louisville,Zorn Ave.,https://catalog.archives.gov/id/123849148,11/11/71,11/11/71,,,71000348
89001446,,MAYOR ANDREW BROADDUS,Listed,Single,FALSE,0.9, TRANSPORTATION; POLITICS/GOVERNMENT; MARITIME HISTORY,STRUCTURE,KENTUCKY,Jefferson,Louisville,4th St. and River Rd.,https://catalog.archives.gov/id/123849150,6/30/89,6/30/89, LIFE-SAVING STATION NO. 10;U.S. Coast Guard Life Saving Stat,,89001446
66000355,,"McDowell, Dr. Ephraim, House",Listed,Single,FALSE,0.9, HEALTH/MEDICINE,BUILDING,KENTUCKY,Boyle,Danville,125-127 S. 2nd St.,https://catalog.archives.gov/id/123849123,10/15/66,1/12/65, McDowell House,,66000355
91001665,,Middle Creek Battlefield,Listed,Single,FALSE,400, POLITICS/GOVERNMENT; MILITARY,SITE,KENTUCKY,Floyd,Prestonsburg,3 mi. W of Prestonsburg at jct. of KY 114 and KY 404,https://catalog.archives.gov/id/123849134,3/26/92,10/5/92, Battle of Middle Creek,,91001665
66000358,,"Old Morrison, Transylvania College",Listed,Single,FALSE,0.9, EDUCATION,BUILDING,KENTUCKY,Fayette,Lexington,W. 3rd St. between Upper St. and Broadway,https://catalog.archives.gov/id/123849132,10/15/66,12/21/65, Old Morrison Building;Morrison College,,66000358
71000346,,Old Statehouse,Listed,Single,FALSE,3.5, MILITARY; POLITICS/GOVERNMENT; ARCHITECTURE,BUILDING,KENTUCKY,Franklin,Frankfort,"On Broadway, bounded by Madison, Clinton, and Lewis Sts.",https://catalog.archives.gov/id/123850123,3/11/71,11/11/71,,,71000346
66000356,,Perryville Battlefield,Listed,Single,FALSE,2500, MILITARY,SITE,KENTUCKY,Boyle,Perryville,W of Perryville on U.S. 150,https://catalog.archives.gov/id/123849125,10/15/66,12/19/60,,,66000356
78001337,,Pine Mountain Settlement School,Listed,Single,FALSE,54, OTHER-ETHNIC; SOCIAL HISTORY; EDUCATION,DISTRICT,KENTUCKY,Harlan,Bledsoe,E of Bledsoe on KY 510,https://catalog.archives.gov/id/123850299,9/6/78,12/4/91,,,78001337
71000353,,Shakertown at Pleasant Hill Historic District,Listed,Single,FALSE,2200, AGRICULTURE; ARCHITECTURE; RELIGION; SOCIAL HISTORY,DISTRICT,KENTUCKY,Mercer,Shakertown and vicinity,On U.S. 68,https://catalog.archives.gov/id/123849172,11/11/71,11/11/71,,,71000353
71000349,,Southern National Bank,Listed,Single,FALSE,0.2, ARCHITECTURE,BUILDING,KENTUCKY,Jefferson,Louisville,320 W. Main St.,https://catalog.archives.gov/id/123850777,8/12/71,11/11/71, Old Bank of Louisville;Louisville Credit Mens Association;Ba,,71000349
66000359,,"Taylor, Zachary, House",Listed,Single,FALSE,0.9, MILITARY; POLITICS/GOVERNMENT,BUILDING,KENTUCKY,Jefferson,Louisville,5608 Apache Rd.,https://catalog.archives.gov/id/123849154,10/15/66,7/4/61, Springfield,,66000359
97001265,,United States Marine Hospital of Louisville,Listed,Single,FALSE,8, HEALTH/MEDICINE; MARITIME HISTORY,BUILDING,KENTUCKY,Jefferson,Louisville,2215 Portland Ave.,https://catalog.archives.gov/id/123849156,9/25/97,9/25/97,,,97001265
75000792,,Wendover,Listed,Single,FALSE,2.5, SOCIAL HISTORY; EDUCATION; POLITICS/GOVERNMENT; HEALTH/MEDICINE,BUILDING,KENTUCKY,Leslie,Hyden,S of Hyden off KY 80,https://catalog.archives.gov/id/123851079,10/21/75,7/17/91, Frontier Nursing Service;Big House,,75000792
72000543,,"Young, Whitney M., Jr., Birthplace",Listed,Single,FALSE,0, SOCIAL HISTORY,BUILDING,KENTUCKY,Shelby,Simpsonville,SW of Simpsonville off U.S. 60,https://catalog.archives.gov/id/123851885,10/18/72,4/27/84,,,72000543
66000373,,"Cabildo, The",Listed,Single,FALSE,0.3, EXPLORATION/SETTLEMENT; ARCHITECTURE,BUILDING,LOUISIANA,Orleans,New Orleans,701 Chartres St.,https://catalog.archives.gov/id/73972852,10/15/66,10/9/60,,,66000373
66000374,,"Cable, George Washington, House",Listed,Single,FALSE,0.5, LITERATURE,BUILDING,LOUISIANA,Orleans,New Orleans,1313 8th St.,https://catalog.archives.gov/id/73972872,10/15/66,12/29/62,,,66000374
93001601,OT,"Chopin, Kate, House",Removed,Removal,FALSE,0.9, SOCIAL HISTORY; LITERATURE,BUILDING,LOUISIANA,Natchitoches,Cloutierville,Main St. (LA 1),,4/19/93,4/19/93, Bayou Folk Museum;Alexic Cloutier House,,93001601
74002249,,Courthouse and Lawyers' Row,Listed,Single,FALSE,4, ARCHITECTURE,DISTRICT,LOUISIANA,East Feliciana,Clinton,"Liberty, St. Helena, Bank, and Woodville Sts.",https://catalog.archives.gov/id/73972815,5/30/74,5/30/74, See Also:Courthouse,,74002249
70000495,,DELTA QUEEN (Steamboat),Listed,Single,FALSE,0.9, COMMERCE; ENGINEERING; TRANSPORTATION; MARITIME HISTORY; SOCIAL HISTORY,STRUCTURE,LOUISIANA,Orleans,New Orleans,30 Robin St. Wharf,https://catalog.archives.gov/id/73974292,6/15/70,6/29/89,,,70000495
89001427,,DELUGE,Listed,Single,FALSE,0.1, POLITICS/GOVERNMENT; ARCHITECTURE,STRUCTURE,LOUISIANA,Orleans,New Orleans,Mississippi River N of Canal St. Algiers Ferry,https://catalog.archives.gov/id/73972870,6/30/89,6/30/89, Firefighting Tug DELUGE,,89001427
100009853,NL,DELUGE REMOVED,Removed,NHL,FALSE,0.1, POLITICS/GOVERNMENT; ARCHITECTURE,structure,LOUISIANA,Orleans,New Orleans,Mississippi River,,,6/30/89,,,89001427
74000929,,"Dillard, James H., House",Listed,Single,FALSE,0, BLACK; EDUCATION,BUILDING,LOUISIANA,Orleans,New Orleans,571 Audubon St.,https://catalog.archives.gov/id/73972868,12/2/74,12/2/74,,,74000929
91001386,,Evergreen Plantation,Listed,Single,FALSE,575, ARCHITECTURE; AGRICULTURE,BUILDING,LOUISIANA,St. John The Baptist,Wallace,LA 18 SE of Fiftymile Pt.,https://catalog.archives.gov/id/73972889,9/25/91,4/27/92,,,91001386
66000378,,Fort De La Boulaye Site,Listed,Single,TRUE,2, HISTORIC - NON-ABORIGINAL; EXPLORATION/SETTLEMENT,SITE,LOUISIANA,Plaquemines,Phoenix,Address Restricted,,10/15/66,10/9/60, Mississippi Fort,,66000378
66000379,,Fort Jackson,Listed,Single,FALSE,63.4, MILITARY,BUILDING,LOUISIANA,Plaquemines,Triumph,"2.5 mi. SE of Triumph on LA 23, W bank of Mississippi River",https://catalog.archives.gov/id/73972879,10/15/66,12/19/60,,,66000379
66000381,,Fort Jesup,Listed,Single,FALSE,20.5, MILITARY; EXPLORATION/SETTLEMENT,SITE,LOUISIANA,Sabine,Many,"7 mi. NE of Many on LA 6, Fort Jesup State Monument",https://catalog.archives.gov/id/73972883,10/15/66,7/4/61,,,66000381
66000380,,Fort St. Philip,Listed,Single,FALSE,53, MILITARY; EXPLORATION/SETTLEMENT,STRUCTURE,LOUISIANA,Plaquemines,Triumph,2.5 mi. SE of Triumph on LA 23 on the E bank of the Mississippi River,https://catalog.archives.gov/id/73972876,10/15/66,12/19/60,,,66000380
74002250,,Gallier Hall,Listed,Single,FALSE,0.5, POLITICS/GOVERNMENT; ARCHITECTURE,BUILDING,LOUISIANA,Orleans,New Orleans,545 St. Charles Ave.,https://catalog.archives.gov/id/73972860,5/30/74,5/30/74, New Orleans City Hall,,74002250
74000932,,Gallier House,Listed,Single,FALSE,0.1, LANDSCAPE ARCHITECTURE; ARCHITECTURE,BUILDING,LOUISIANA,Orleans,New Orleans,1132 Royal St.,https://catalog.archives.gov/id/73974256,2/15/74,5/30/74," James Gallier,Jr.,House",,74000932
71000358,,Garden District,Listed,Single,FALSE,250, COMMUNITY PLANNING AND DEVELOPMENT; LANDSCAPE ARCHITECTURE; ARCHITECTURE,DISTRICT,LOUISIANA,Orleans,New Orleans,"Bounded by Carondelet, Josephine, and Magazine Sts., and Louisiana Ave.",https://catalog.archives.gov/id/73974084,6/21/71,5/30/74,,,71000358
70000254,,"Girod, Nicholas, House",Listed,Single,FALSE,0.5, ARCHITECTURE,BUILDING,LOUISIANA,Orleans,New Orleans,500 Chartres St.,https://catalog.archives.gov/id/73972834,4/15/70,4/15/70, Mayor Girod House;The Napoleon House,,70000254
71000359,,Hermann-Grima House,Listed,Single,FALSE,0.3, LANDSCAPE ARCHITECTURE; ARCHITECTURE,BUILDING,LOUISIANA,Orleans,New Orleans,818-820 St. Louis St.,https://catalog.archives.gov/id/73974248,8/19/71,5/30/74, Christian Woman's Exchange,,71000359
70000842,,Homeplace Plantation House,Listed,Single,FALSE,746, ARCHITECTURE,BUILDING,LOUISIANA,St. Charles,Hahnville,"LA 18, 0.5 mi. S of Hahnville",https://catalog.archives.gov/id/73972885,4/15/70,4/15/70, Keller Homestead,,70000842
66000375,,Jackson Square,Listed,Single,FALSE,3, MILITARY; POLITICS/GOVERNMENT,STRUCTURE,LOUISIANA,Orleans,New Orleans,"Bounded by Decatur, St. Peter, St. Ann, and Chartres Sts.",https://catalog.archives.gov/id/73972874,10/15/66,10/9/60, Place d'Armes,,66000375
70000255,,Lafitte's Blacksmith Shop,Listed,Single,FALSE,0.2, ARCHITECTURE,BUILDING,LOUISIANA,Orleans,New Orleans,941 Bourbon St.,https://catalog.archives.gov/id/73972842,4/15/70,11/24/78,,,70000255
91001419,,Longue Vue House and Gardens,Listed,Single,FALSE,8, ARCHITECTURE,BUILDING,LOUISIANA,Orleans,New Orleans,7 Bamboo Rd.,https://catalog.archives.gov/id/73974109,9/20/91,4/5/05,,,91001419
78001427,,Los Adaes,Listed,Single,TRUE,13.7, HISTORIC - ABORIGINAL; COMMERCE; HISTORIC - NON-ABORIGINAL; MILITARY; EXPLORATION/SETTLEMENT; POLITICS/GOVERNMENT; RELIGION,SITE,LOUISIANA,Natchitoches,Robeline,NE of Robeline off LA 6,https://catalog.archives.gov/id/73974037,6/7/78,6/23/86, Los Adaes Historic Site;Nuestra Senora del Pilar los Adaes;P,,78001427
93001622,,Los Adaes (Boundary Increase),Listed,Single,FALSE,110, EXPLORATION/SETTLEMENT,SITE,LOUISIANA,Natchitoches,Robeline,1/2 mi. N of LA 6 N of Robeline,,11/4/93,11/4/93, Nuestra Senora del Pilar Presidio (16NA8);San Miguel de Los,,93001622
83004387,,Louisiana State Bank Building,Listed,Single,FALSE,0.9, ARCHITECTURE,BUILDING,LOUISIANA,Orleans,New Orleans,403--409 Royal St.,https://catalog.archives.gov/id/73972844,5/4/83,5/4/83, Manheim Galleries,,83004387
78001421,,Louisiana State Capitol Building and Gardens,Listed,Single,FALSE,30, LANDSCAPE ARCHITECTURE; POLITICS/GOVERNMENT; ARCHITECTURE,BUILDING,LOUISIANA,East Baton Rouge,Baton Rouge,Capitol Dr.,https://catalog.archives.gov/id/73973499,6/9/78,12/17/82, New Capitol,,78001421
70000256,,Madame John's Legacy,Listed,Single,FALSE,0.5, ARCHITECTURE,BUILDING,LOUISIANA,Orleans,New Orleans,632 Dumaine St.,https://catalog.archives.gov/id/73972836,4/15/70,8/11/77,,,70000256
73000860,,Madewood,Listed,Single,FALSE,18, ARCHITECTURE,BUILDING,LOUISIANA,Assumption,Napoleonville,E of Napoleonville on LA 308,https://catalog.archives.gov/id/73972954,10/30/73,5/4/83, Madewood Plantation House,,73000860
79001071,,Magnolia Plantation,Listed,Single,FALSE,15, AGRICULTURE; ARCHITECTURE,BUILDING,LOUISIANA,Natchitoches,Derry,5487 LA HWY 119,https://catalog.archives.gov/id/73974032,3/7/79,1/3/01,,,79001071
73002133,AD,Maison Olivier (Acadian House),Listed,Add.Doc.,FALSE,0.25, ARCHITECTURE,building,LOUISIANA,St. Martin,St. Martinville,"1200 N. Main St., within Longfellow Evangeline State Park",,3/30/73,5/30/74,,,73002133
66000372,,Marksville Prehistoric Indian Site,Listed,Single,FALSE,0, PREHISTORIC,SITE,LOUISIANA,Avoyelles,Marksville,Marksville Prehistoric Indian Park State Monument,https://catalog.archives.gov/id/73972801,10/15/66,7/19/64,,,66000372
72000556,,Melrose Plantation,Listed,Single,FALSE,5.8, BLACK; ARCHITECTURE; SOCIAL HISTORY,DISTRICT,LOUISIANA,Natchitoches,Melrose,LA 119 off LA 493,https://catalog.archives.gov/id/73974064,6/13/72,5/30/74, Yucca Plantation,,72000556
100011378,NL,Mr. Charlie Offshore Oil Rig,Listed,NHL,FALSE,0.9,,,LOUISIANA,St. Mary,Morgan City,Atchafalaya River,,,12/13/24,,,100011378
100011379,SG,Mr. Charlie Offshore Oil Rig,Listed,Single,FALSE,0.9,,,LOUISIANA,St. Mary,Morgan City,Atchafalaya River,,,12/13/24,,,100011378
74000928,,Natchitoches Historic District,Listed,Single,FALSE,210, COMMERCE; EXPLORATION/SETTLEMENT; ARCHITECTURE,DISTRICT,LOUISIANA,Natchitoches,Natchitoches,"Roughly bounded by 2nd, 4th, Jefferson, and Parie Sts. and Williams and College Aves.",https://catalog.archives.gov/id/73974028,6/5/74,4/16/84,,,74000928
80001740,,Natchitoches Historic District (Boundary Increase),Listed,Single,FALSE,11, ARCHITECTURE,DISTRICT,LOUISIANA,Natchitoches,Natchitoches,Address unknown at this time,https://catalog.archives.gov/id/73974040,11/25/80,11/25/80, Natchitoches Historic District (City Hall);See Also:Natchito,,80001740
77000675,,New Orleans Cotton Exchange Building,Listed,Single,FALSE,0.9, COMMERCE; AGRICULTURE,BUILDING,LOUISIANA,Orleans,New Orleans,231 Carondelet St.,https://catalog.archives.gov/id/73972830,12/22/77,12/22/77,,,77000675
74002187,,Oak Alley Plantation,Listed,Single,FALSE,25, LANDSCAPE ARCHITECTURE; ARCHITECTURE; AGRICULTURE,BUILDING,LOUISIANA,St. James,Vacherie,2.5 mi. N of Vacherie,https://catalog.archives.gov/id/73972887,12/2/74,12/2/74, Bon Sejour,,74002187
80001720,,Oakland Plantation House,Listed,Single,FALSE,4, ARCHITECTURE,BUILDING,LOUISIANA,East Feliciana,Gurley,W of Gurley,https://catalog.archives.gov/id/73973565,10/3/80,1/3/01,,,80001720
73000862,,Old Louisiana State Capitol,Listed,Single,FALSE,4.6, POLITICS/GOVERNMENT; ARCHITECTURE,BUILDING,LOUISIANA,East Baton Rouge,Baton Rouge,North Blvd. and St. Philip St.,https://catalog.archives.gov/id/73973483,1/12/73,5/30/74, Old Capitol;Veterans' Memorial Building;Statehouse,,73000862
66000376,,Old Ursuline Convent,Listed,Single,FALSE,1.5, ARCHITECTURE; RELIGION,BUILDING,LOUISIANA,Orleans,New Orleans,1114 Chartres St.,https://catalog.archives.gov/id/73972832,10/15/66,10/9/60,,,66000376
70000258,,Parlange Plantation House,Listed,Single,FALSE,30, ARCHITECTURE,BUILDING,LOUISIANA,Pointe Coupee,Mix,Jct. of LA 1 and 78,https://catalog.archives.gov/id/73972881,4/15/70,4/15/70,,,70000258
74000934,,Pontalba Buildings,Listed,Single,FALSE,2, COMMUNITY PLANNING AND DEVELOPMENT; ARCHITECTURE,BUILDING,LOUISIANA,Orleans,New Orleans,500 St. Ann St. and 500 St. Peter St.,https://catalog.archives.gov/id/73972866,5/30/74,5/30/74,,,74000934
74002349,,Port Hudson,Listed,Single,FALSE,0, MILITARY; BLACK,SITE,LOUISIANA,East Feliciana,Port Hudson,Port Hudson and environs along US 61,https://catalog.archives.gov/id/73972813,5/30/74,5/30/74,,,74002349
66000382,,Poverty Point National Monument,Listed,Single,FALSE,2100, PREHISTORIC,SITE,LOUISIANA,West Carroll,Delhi,12 mi. N of Delhi on Bayou Macon,,10/15/66,6/13/62,,,66000382
70000257,,"Presbytere, The",Listed,Single,FALSE,0.3, ARCHITECTURE,BUILDING,LOUISIANA,Orleans,New Orleans,751 Chartres St.,https://catalog.archives.gov/id/73972840,4/15/70,4/15/70,,,70000257
79001073,,"Prud'homme, Jean Pierre Emmanuel, Oakland Plantation",Listed,Single,FALSE,70, ARCHITECTURE; SOCIAL HISTORY,BUILDING,LOUISIANA,Natchitoches,Natchez,4386 LA HWY 494,https://catalog.archives.gov/id/73974070,8/29/79,1/3/01, Oakland;Atahoe,,79001073
01000765,,Rosedown Plantation,Listed,Single,FALSE,374, LANDSCAPE ARCHITECTURE; ARCHITECTURE,DISTRICT,LOUISIANA,West Feliciana,St. Francisville,US 61 and LA 10,https://catalog.archives.gov/id/73975269,8/7/01,4/5/05, Rosedown Plantation State Historic Site,,01000765
74002186,,San Francisco Plantation House,Listed,Single,FALSE,8, ARCHITECTURE,BUILDING,LOUISIANA,St. John The Baptist,Reserve,3 mi. W of Reserve on LA 44,https://catalog.archives.gov/id/73972891,5/30/74,5/30/74,,,74002186
72000553,,Shadows-on-the-Teche,Listed,Single,FALSE,2.5, LANDSCAPE ARCHITECTURE; ARCHITECTURE,BUILDING,LOUISIANA,Iberia,New Iberia,E. Main St.,https://catalog.archives.gov/id/73973682,10/5/72,5/30/74,,,72000553
91000624,,Shreveport Municipal Memorial Auditorium,Listed,Single,FALSE,2, PERFORMING ARTS; ARCHITECTURE,BUILDING,LOUISIANA,Caddo,Shreveport,705 Elvis Presley Avenue (formerly Grand Avenue),https://catalog.archives.gov/id/73972805,5/28/91,10/6/08,,,91000624
80001707,,"Shreveport Water Works Company, Pump Station",Listed,Single,FALSE,4, INDUSTRY; ENGINEERING,BUILDING,LOUISIANA,Caddo,Shreveport,Off LA 3036,https://catalog.archives.gov/id/73973185,5/9/80,12/17/82, Shreveport Waterworks Pumping Station;McNeil Street Pump Sta,,80001707
73000872,,St. Alphonsus Church,Listed,Single,FALSE,0.1, ART; ARCHITECTURE; RELIGION,BUILDING,LOUISIANA,Orleans,New Orleans,2029 Constance St.,https://catalog.archives.gov/id/73974220,5/22/73,6/19/96,,,73000872
71000361,,St. Mary's Assumption Church,Listed,Single,FALSE,0.9, ART; EUROPEAN; ARCHITECTURE; RELIGION,BUILDING,LOUISIANA,Orleans,New Orleans,2030 Constance St.,https://catalog.archives.gov/id/73974272,8/12/71,5/30/74,,,71000361
74000936,,St. Patrick's Church,Listed,Single,FALSE,0.6, ARCHITECTURE,BUILDING,LOUISIANA,Orleans,New Orleans,724 Camp St.,https://catalog.archives.gov/id/73972864,5/30/74,5/30/74,,,74000936
14000918,,The St. Charles Line,Listed,Single,FALSE,,,STRUCTURE,LOUISIANA,Orleans,New Orleans,"St. Charles Ave, Carondelet St., Canal St., Howard Ave., Lee Cir., Carrollton Ave., Willow St. and Jeanette St.",,8/25/14,8/25/14,,,14000918
74000937,,U.S. Court of Appeals-Fifth Circuit,Listed,Single,FALSE,1.5, ART; POLITICS/GOVERNMENT; ARCHITECTURE,BUILDING,LOUISIANA,Orleans,New Orleans,600 Camp St.,https://catalog.archives.gov/id/73974268,2/15/74,7/21/15, Old Post Office and Court House,,74000937
74000938,,U.S. Customhouse,Listed,Single,FALSE,2.3, COMMERCE; POLITICS/GOVERNMENT; ARCHITECTURE,BUILDING,LOUISIANA,Orleans,New Orleans,423 Canal St.,https://catalog.archives.gov/id/73974242,7/17/74,12/2/74, Old Post Office and Customhouse,,74000938
73000875,,"U.S. Mint, New Orleans Branch",Listed,Single,FALSE,1.6, COMMERCE; MILITARY; ARCHITECTURE,BUILDING,LOUISIANA,Orleans,New Orleans,420 Esplanade Ave.,https://catalog.archives.gov/id/73974240,3/30/73,5/15/75, Old United States Mint,,73000875
83000502,,U.S.S. KIDD,Listed,Single,FALSE,1, MILITARY; ENGINEERING; ARCHITECTURE,STRUCTURE,LOUISIANA,East Baton Rouge,Baton Rouge,Mississippi River near Government St. and River Rd.,https://catalog.archives.gov/id/73972809,8/9/83,1/14/86,,,83000502
90000334,,USS CABOT (CVL-28),Removed,Single,FALSE,0.9, MILITARY; ARCHITECTURE; MARITIME HISTORY,STRUCTURE,LOUISIANA,Orleans,New Orleans,Foot of Jackson St.,,,6/21/90, SNS DEDALO (RO-1),,90000334
66000377,AD,Vieux Carré Historic District (Additional Documentation),Listed,Add.Doc.,FALSE,0, INDUSTRY; COMMUNITY PLANNING AND DEVELOPMENT; LANDSCAPE ARCHITECTURE; ENGINEERING; TRANSPORTATION; ARCHITECTURE; CONSERVATION,DISTRICT,LOUISIANA,Orleans,New Orleans,"Bounded by the Mississippi River, Rampart and Canal Sts., and Esplanade Ave.",,10/15/66,12/21/65,,,66000377
76000964,,"White, Edward Douglass, House",Listed,Single,FALSE,3, LAW; POLITICS/GOVERNMENT,BUILDING,LOUISIANA,Lafourche,Thibodaux,5 mi. N of Thibodaux on LA 1,https://catalog.archives.gov/id/73972819,12/8/76,12/8/76, Edward Douglass White Louisiana State Commemorative Area,,76000964
91002064,,AMERICAN EAGLE (schooner),Listed,Single,FALSE,0.9, MARITIME HISTORY; CONSERVATION,STRUCTURE,MAINE,Knox,Rockland,Rockland Harbor,https://catalog.archives.gov/id/88685215,12/4/91,12/4/91, Two-masted schooner AMERICAN EAGLE,,91002064
66000024,,"Blaine, James G., House",Listed,Single,FALSE,2.4, POLITICS/GOVERNMENT,BUILDING,MAINE,Kennebec,Augusta,Capitol and State Sts.,https://catalog.archives.gov/id/88685202,10/15/66,1/29/64,,,66000024
80000411,,BOWDOIN (schooner),Listed,Single,FALSE,0.1, EDUCATION; EXPLORATION/SETTLEMENT; SCIENCE; MARITIME HISTORY,STRUCTURE,MAINE,Hancock,Castine,Maine Maritime Academy,https://catalog.archives.gov/id/88686049,2/12/80,12/20/89, USS BOWDOIN,,80000411
09000013,,Brick House Historic District,Listed,Single,TRUE,57, HISTORIC - NON-ABORIGINAL; POLITICS/GOVERNMENT; EXPLORATION/SETTLEMENT; ARCHITECTURE; INDUSTRY; AGRICULTURE,DISTRICT,MAINE,Lincoln,Newcastle,Address Restricted,,2/13/09,8/25/14, Perkins Family Place; Pine Grove Farm,,09000013
13000285,,Camden Amphitheatre and Public Library,Listed,Single,FALSE,,,DISTRICT,MAINE,Knox,Camden,55 Main St.,,2/27/13,2/27/13,,,13000285
00000702,,"Cleaveland, Parker, House",Listed,Single,FALSE,,,BUILDING,MAINE,Cumberland,Brunswick,75 Federal St.,https://catalog.archives.gov/id/88685173,5/16/00,5/16/00,,,00000702
89001703,,Cushnoc (ME 021.02),Listed,Single,TRUE,0.5, COMMERCE; ARCHITECTURE; HISTORIC - ABORIGINAL; HISTORIC - NON-ABORIGINAL,SITE,MAINE,Kennebec,Augusta,Address Restricted,,10/27/89,4/12/93, ME 021.02,,89001703
73000236,,"Dow, Gen. Neal, House",Listed,Single,FALSE,0, SOCIAL HISTORY,BUILDING,MAINE,Cumberland,Portland,714 Congress St.,https://catalog.archives.gov/id/88685600,4/11/73,5/30/74,,,73000236
71000069,,Eagle Island,Listed,Single,FALSE,17, ENGINEERING; ENTERTAINMENT/RECREATION; EXPLORATION/SETTLEMENT; SCIENCE,BUILDING,MAINE,Cumberland,Harpswell,"1.7 mi. from Pott's Point, South Harpswell",https://catalog.archives.gov/id/88685618,11/23/71,8/25/14, Home of Adm. Robert E. PearySawungun,,71000069
68000015,,Fort Halifax,Listed,Single,FALSE,0.9, ARCHITECTURE,BUILDING,MAINE,Kennebec,Winslow,On U.S. 201 at Winslow,https://catalog.archives.gov/id/88685205,11/24/68,11/25/68, Fort Halifax Blockhouse,,68000015
69000005,,Fort Kent,Listed,Single,FALSE,0.9, MILITARY; EXPLORATION/SETTLEMENT,BUILDING,MAINE,Aroostook,Fort Kent,About 0.75 mi. SW of Fort Kent off ME 11,https://catalog.archives.gov/id/88685440,12/1/69,11/7/73,,,69000005
69000023,,Fort Knox State Park,Listed,Single,FALSE,124, MILITARY; ARCHITECTURE,STRUCTURE,MAINE,Waldo,Prospect,U.S. 1 near Prospect,https://catalog.archives.gov/id/88687375,10/1/69,12/30/70, Fort Knox,,69000023
69000009,,Fort Western,Listed,Single,FALSE,0.9, COMMERCE; MILITARY,BUILDING,MAINE,Kennebec,Augusta,Bowman St.,https://catalog.archives.gov/id/88686306,12/2/69,11/7/73,,,69000009
66000093,,"Gilman, Daniel Coit, Summer Home",Listed,Single,FALSE,1.9, EDUCATION,BUILDING,MAINE,Hancock,Northeast Harbor,Off Huntington Rd.,https://catalog.archives.gov/id/88685199,10/15/66,12/21/65, Over Edge,,66000093
74000319,,Governor's House,Listed,Single,FALSE,1, SOCIAL HISTORY,BUILDING,MAINE,Kennebec,Togus,Off ME 17,https://catalog.archives.gov/id/88685209,2/23/74,5/30/74," Director's Quarters,Togus Veterans' Administration Center",,74000319
90001466,,GRACE BAILEY (two-masted schooner),Listed,Single,FALSE,0.1, TRANSPORTATION; CONSERVATION; ARCHITECTURE; ENTERTAINMENT/RECREATION; MARITIME HISTORY,STRUCTURE,MAINE,Knox,Camden,Camden Harbor,https://catalog.archives.gov/id/88685217,10/1/90,12/4/91, Two-masted Schooner GRACE BAILEY,,90001466
70000082,,"Hamilton, Jonathan, House",Listed,Single,FALSE,50, ARCHITECTURE,BUILDING,MAINE,York,South Berwick,Vaughan's Lane and Old South Rd.,https://catalog.archives.gov/id/88685237,12/30/70,12/30/70,,,70000082
68000014,,Harpswell Meetinghouse,Listed,Single,FALSE,0.9, ARCHITECTURE,BUILDING,MAINE,Cumberland,Brunswick,"Harpswell Center on ME 123, 9 mi. S of Brunswick",https://catalog.archives.gov/id/88685177,11/24/68,11/24/68,,,68000014
66000092,,"Homer, Winslow, Studio",Listed,Single,FALSE,0.9, ART,BUILDING,MAINE,Cumberland,Scarborough,"Winslow Homer Rd., Prout's Neck",https://catalog.archives.gov/id/88685179,10/15/66,12/21/65,,,66000092
91002061,,ISAAC H. EVANS (schooner),Listed,Single,FALSE,0.9, MARITIME HISTORY; CONSERVATION,STRUCTURE,MAINE,Knox,Rockland,Rockland Harbor,https://catalog.archives.gov/id/88685219,12/4/91,12/4/91, Two-masted schooner ISAAC H. EVANS,,91002061
91002062,,J. & E. RIGGIN (schooner),Listed,Single,FALSE,0.9, MARITIME HISTORY; CONSERVATION,STRUCTURE,MAINE,Knox,Rockland,Rockland Harbor,https://catalog.archives.gov/id/88685221,12/4/91,12/4/91, Two-masted schooner J. &amp; E. RIGGIN,,91002062
73000248,,"Jewett, Sarah Orne, House",Listed,Single,FALSE,1, ARCHITECTURE; LITERATURE,BUILDING,MAINE,York,South Berwick,ME 4 and 236,https://catalog.archives.gov/id/88687745,6/4/73,7/17/91, Jewett Mansion,,73000248
70000046,,Kennebec Arsenal,Listed,Single,FALSE,40, INDUSTRY; MILITARY,DISTRICT,MAINE,Kennebec,Augusta,Arsenal St.,https://catalog.archives.gov/id/88686328,8/25/70,2/16/00,,,70000046
66000094,,Lady Pepperrell House,Listed,Single,FALSE,0.9, ARCHITECTURE,BUILDING,MAINE,York,Kittery Point,ME 103,https://catalog.archives.gov/id/88685241,10/15/66,10/9/60,,,66000094
82005263,,LEWIS R. FRENCH (schooner),Listed,Single,FALSE,0.9, MARITIME HISTORY; ENTERTAINMENT/RECREATION,STRUCTURE,MAINE,Knox,Rockland,North End Shipyard,https://catalog.archives.gov/id/88685223,12/4/91,12/4/91, Two-masted schooner LEWIS R. FRENCH,,82005263
89002464,,"Lightship No. 112, NANTUCKET",Listed,Single,FALSE,0.1, POLITICS/GOVERNMENT; ARCHITECTURE; SOCIAL HISTORY,STRUCTURE,MAINE,Cumberland,South Portland,Southern Maine Vocational Technical Institute Pier,,12/20/89,12/20/89,,,89002464
68000017,,McIntire Garrison House,Listed,Single,FALSE,0.9, ARCHITECTURE,BUILDING,MAINE,York,York,On ME 91 about 5 mi. W of York,https://catalog.archives.gov/id/88685243,11/24/68,11/24/68,,,68000017
70000073,,McLellan-Sweat Mansion,Listed,Single,FALSE,0.5, ART; ARCHITECTURE,BUILDING,MAINE,Cumberland,Portland,111 High St.,https://catalog.archives.gov/id/88685759,3/5/70,12/30/70, L.D.M. Sweat Memorial Art Museum;Sweat Mansion,,70000073
82005265,,MERCANTILE (schooner),Listed,Single,FALSE,0.1, CONSERVATION; TRANSPORTATION; MARITIME HISTORY; ARCHITECTURE,STRUCTURE,MAINE,Knox,Camden,Camden Harbor,https://catalog.archives.gov/id/88685225,12/4/91,12/4/91, Two-masted schooner LEWIS R. FRENCH,,82005265
70000074,,Morse-Libby Mansion,Listed,Single,FALSE,0.9, ARCHITECTURE,BUILDING,MAINE,Cumberland,Portland,109 Danforth St.,https://catalog.archives.gov/id/88685773,5/19/70,12/30/70, Victoria Mansion,,70000074
70000078,,Nickels-Sortwell House,Listed,Single,FALSE,0.9, ARCHITECTURE,BUILDING,MAINE,Lincoln,Wiscasset,NE corner of Main and Federal Sts.,https://catalog.archives.gov/id/88685231,12/30/70,12/30/70,,,70000078
93000606,,Norridgewock Archeological District,Listed,Single,TRUE,11, HISTORIC - ABORIGINAL,DISTRICT,MAINE,Somerset,Madison,Address Restricted,,4/12/93,4/12/93, Old Point or Norridgewock Mission Site (ME 069-2);Tracy Farm,,93000606
68000016,,Old York Gaol,Listed,Single,FALSE,0.5, ARCHITECTURE,BUILDING,MAINE,York,York,4 Lindsey Rd.,https://catalog.archives.gov/id/88685245,11/24/68,11/24/68,,,68000016
93001114,,Olson House,Listed,Single,FALSE,2, ART,DISTRICT,MAINE,Knox,South Cushing,384 Hathorne Point Rd.,https://catalog.archives.gov/id/88686506,8/31/95,6/23/11,,,93001114
69000022,,Pemaquid Restoration and Museum,Listed,Single,TRUE,24, COMMERCE; POLITICS/GOVERNMENT; EXPLORATION/SETTLEMENT; HISTORIC - ABORIGINAL; MILITARY; HISTORIC - NON-ABORIGINAL,DISTRICT,MAINE,Lincoln,Pemaquid Beach,Address Restricted,,12/2/69,4/12/93, Pemaquid Archeological Site;ME 058-1,,69000022
93000603,,Pentagoet Archeological District,Listed,Single,TRUE,1.6, HISTORIC - ABORIGINAL,DISTRICT,MAINE,Hancock,Castine,Address Restricted,,4/12/93,4/12/93,,,93000603
14000919,,Perkins Homestead,Listed,Single,FALSE,57, POLITICS/GOVERNMENT,,MAINE,Lincoln,Newcastle,478 River Rd.,,,8/25/14,,,14000919
73000122,,Portland Observatory,Listed,Single,FALSE,0.9, COMMUNITY PLANNING AND DEVELOPMENT; ARCHITECTURE; COMMUNICATIONS,BUILDING,MAINE,Cumberland,Portland,138 Congress St.,https://catalog.archives.gov/id/88685817,4/24/73,2/17/06, Observatory,,73000122
73000239,,"Reed, Thomas Brackett, House",Listed,Single,FALSE,0.9, POLITICS/GOVERNMENT,BUILDING,MAINE,Cumberland,Portland,30-32 Deering St.,https://catalog.archives.gov/id/88685845,5/7/73,5/15/75,,,73000239
71000070,,"Robinson, Edward Arlington, House",Listed,Single,FALSE,0, LITERATURE,BUILDING,MAINE,Kennebec,Gardiner,67 Lincoln Ave.,https://catalog.archives.gov/id/88685213,11/11/71,11/11/71,,,71000070
74000318,,Shaker Village,Listed,Single,FALSE,1722, SOCIAL HISTORY,DISTRICT,MAINE,Cumberland,Sabbathday Lake and vicinity,ME 26,https://catalog.archives.gov/id/88685860,9/13/74,5/30/74, Sabbathday Lake Shaker Village;Church Family;United Society,,74000318
84001386,,STEPHEN TABER (schooner),Listed,Single,FALSE,0.9, ENTERTAINMENT/RECREATION; MARITIME HISTORY; ARCHITECTURE; TRANSPORTATION; COMMERCE; CONSERVATION,STRUCTURE,MAINE,Knox,Camden,Camden Harbor,https://catalog.archives.gov/id/88685227,7/30/84,12/4/91, Two-masted Schooner STEPHEN TABER,,84001386
66000091,,"Stowe, Harriet Beecher, House",Listed,Single,FALSE,0, LITERATURE,BUILDING,MAINE,Cumberland,Brunswick,63 Federal St.,https://catalog.archives.gov/id/88685191,10/15/66,12/29/62, Stowe House,,66000091
70000072,,Tate House,Listed,Single,FALSE,1.5, COMMERCE; POLITICS/GOVERNMENT,BUILDING,MAINE,Cumberland,Stroudwater,1270 Westbrook St.,https://catalog.archives.gov/id/88685900,1/12/70,11/11/71,,,70000072
93000637,,VICTORY CHIMES (Schooner),Listed,Single,FALSE,0.9, MARITIME HISTORY; ENTERTAINMENT/RECREATION; TRANSPORTATION,STRUCTURE,MAINE,Knox,Rockland,"North End Shipyard, Rockland Harbor",https://catalog.archives.gov/id/88685229,6/24/96,9/25/97, EDWIN AND MAUD;DOMINO EFFECT,,93000637
66000090,,Wadsworth-Longfellow House,Listed,Single,FALSE,0.9, LITERATURE,BUILDING,MAINE,Cumberland,Portland,487 Congress St.,https://catalog.archives.gov/id/88685195,10/15/66,12/29/62,,,66000090
70000075,,Wickyup,Removed,Single,FALSE,76, MILITARY; LITERATURE; SCIENCE,BUILDING,MAINE,Hancock,East Sullivan,8 mi. NE of East Sullivan at the S end of Tunk Lake,,,8/29/70, Adm. Richard E. Byrd Estate,,70000075
85001757,,Kwajalein Island Battlefield,Listed,Single,FALSE,768, MILITARY,DISTRICT,MARSHALL ISLANDS,Kwajalein,Kwajalein Atoll,Kwajalein Missile Range,https://catalog.archives.gov/id/131518045,2/4/85,2/4/85,,,85001757
85001758,,Roi-Namur Battlefield,Listed,Single,FALSE,350, MILITARY,DISTRICT,MARSHALL ISLANDS,Kwajalein,Kwajalein Atoll,Kwajalein Missile Range,https://catalog.archives.gov/id/131518047,2/4/85,2/4/85, Kiernan Re-entry Measurements Site,,85001758
66000909,,Accokeek Creek Site,Listed,Single,TRUE,160, PREHISTORIC; HISTORIC - ABORIGINAL,SITE,MARYLAND,Prince George's,Accokeek,Address Restricted,,10/15/66,7/19/64, Moyaone,Piscataway,66000909
93001613,,BALTIMORE (tug),Listed,Single,FALSE,0.3, ARCHITECTURE; MARITIME HISTORY; TRANSPORTATION,STRUCTURE,MARYLAND,Baltimore,Baltimore (Independent City),1415 Key Hwy.,https://catalog.archives.gov/id/106775902,11/4/93,11/4/93," BALTIMORE,Harbor Inspection Tug;203700",,93001613
66000906,,Baltimore and Ohio Transportation Museum and Mount Clare Station,Listed,Single,FALSE,7, COMMERCE; TRANSPORTATION,BUILDING,MARYLAND,Baltimore,Baltimore (Independent City),Pratt and Poppleton Sts.,https://catalog.archives.gov/id/106775886,10/15/66,9/15/61,,,66000906
72000582,,Bollman Suspension and Trussed Bridge,Listed,Single,FALSE,4, ENGINEERING; TRANSPORTATION,STRUCTURE,MARYLAND,Howard,Savage,Spanning Little Patuxent River near the jct. of Goman Rd. and Foundry St.,https://catalog.archives.gov/id/106777633,10/18/72,2/16/00,,,72000582
70000259,,Brice House,Listed,Single,FALSE,0.5, ARCHITECTURE,BUILDING,MARYLAND,Anne Arundel,Annapolis,42 East St.,https://catalog.archives.gov/id/106775862,4/15/70,4/15/70,,,70000259
71001032,,Carrollton Viaduct,Listed,Single,FALSE,0, ENGINEERING; TRANSPORTATION; ARCHITECTURE,STRUCTURE,MARYLAND,Baltimore,Baltimore (Independent City),Gwynn's Falls near Carroll Park,https://catalog.archives.gov/id/106775904,11/11/71,11/11/71,,,71001032
91002058,,"Carson, Rachel, House",Listed,Single,FALSE,1.3, CONSERVATION; SCIENCE,BUILDING,MARYLAND,Montgomery,Silver Spring,11701 Berwick Rd.,https://catalog.archives.gov/id/106775962,12/4/91,12/4/91,,,91002058
66000391,,"Casselman's Bridge, National Road",Listed,Single,FALSE,0.9, TRANSPORTATION; COMMUNICATIONS,STRUCTURE,MARYLAND,Garrett,Grantsville,E of Grantsville on U.S. 40,https://catalog.archives.gov/id/106775948,10/15/66,1/29/64,,,66000391
88001824,,"Chambers, Whittaker, Farm",Listed,Single,FALSE,390, POLITICS/GOVERNMENT,DISTRICT,MARYLAND,Carroll,Westminster,E. Saw Mill Rd.,https://catalog.archives.gov/id/106775940,5/17/88,5/17/88,,,88001824
70000260,,Chase-Lloyd House,Listed,Single,FALSE,0.5, ARCHITECTURE,BUILDING,MARYLAND,Anne Arundel,Annapolis,22 Maryland Ave.,https://catalog.archives.gov/id/106775864,4/15/70,4/15/70,,,70000260
80000349,,CHESAPEAKE (lightship),Listed,Single,FALSE,0.1, COMMERCE; TRANSPORTATION; POLITICS/GOVERNMENT; ARCHITECTURE,STRUCTURE,MARYLAND,Baltimore,Baltimore (Independent City),Inner Harbor,https://catalog.archives.gov/id/106776476,8/1/80,12/20/89, FENWICK;DELAWARE,,80000349
70000263,,Chestertown Historic District,Listed,Single,FALSE,0, ARCHITECTURE,DISTRICT,MARYLAND,Kent,Chestertown,"Roughly bounded by Maple Ave., Chester River, Cannon and Cross Sts.",https://catalog.archives.gov/id/106775946,4/15/70,4/15/70,,,70000263
66000037,,Clara Barton National Historic Site,Listed,Single,FALSE,1, SOCIAL HISTORY,BUILDING,MARYLAND,Montgomery,Glen Echo,5801 Oxford Rd.,https://catalog.archives.gov/id/106777795,10/15/66,1/12/65, Clara Barton House,Clara Barton,66000037
97001275,,College of Medicine of Maryland,Listed,Single,FALSE,0.5, ARCHITECTURE; ECONOMICS; HEALTH/MEDICINE,BUILDING,MARYLAND,Baltimore,Baltimore (Independent City),522 West Lombard St.,https://catalog.archives.gov/id/106775888,9/25/97,9/25/97, Davidge Hall,,97001275
66000383,,Colonial Annapolis Historic District,Listed,Single,FALSE,230, COMMUNITY PLANNING AND DEVELOPMENT; POLITICS/GOVERNMENT; ARCHITECTURE,DISTRICT,MARYLAND,Anne Arundel,Annapolis,District boundaries approximate city boundaries surveyed in 1695,https://catalog.archives.gov/id/106775866,10/15/66,6/23/65, See Also:Maryland Statehouse;Hammond-Harwood House,,66000383
71000376,,Doughoregan Manor,Listed,Single,FALSE,900, POLITICS/GOVERNMENT; ARCHITECTURE,BUILDING,MARYLAND,Howard,Ellicott City,8 mi. W of Ellicott City on Manor Lane,https://catalog.archives.gov/id/106775954,11/11/71,11/11/71, Charles Carroll III of Carrollton House,,71000376
86000258,,EDNA E. LOCKWOOD (Chesapeake Bay bugeye),Listed,Single,FALSE,0.9, MARITIME HISTORY; COMMERCE; ARCHITECTURE; TRANSPORTATION,STRUCTURE,MARYLAND,Talbot,St. Michaels,"Navy Pt., foot of Mill St.",https://catalog.archives.gov/id/106775981,2/13/86,4/19/94,,,86000258
68000025,,Ellicott City Station,Listed,Single,FALSE,0.9, INDUSTRY; COMMERCE; TRANSPORTATION,BUILDING,MARYLAND,Howard,Ellicott City,S of the Patapsco River Bridge,https://catalog.archives.gov/id/106775956,11/24/68,11/24/68,,,68000025
72001495,,First Unitarian Church,Listed,Single,FALSE,0.4, ARCHITECTURE,BUILDING,MARYLAND,Baltimore,Baltimore (Independent City),2-12 W. Franklin St.,https://catalog.archives.gov/id/106776548,2/11/72,2/20/72, First Independent Christian Church,,72001495
69000320,,Flag House,Listed,Single,FALSE,2, MILITARY,BUILDING,MARYLAND,Baltimore,Baltimore (Independent City),844 E. Pratt St.,https://catalog.archives.gov/id/106776550,12/3/69,12/16/69, Star-Spangled Banner Flag House,,69000320
73000939,,Fort Frederick State Park,Listed,Single,FALSE,287, MILITARY; ARCHITECTURE,STRUCTURE,MARYLAND,Washington,Big Pool,SE of Big Pool near jct. of MD 56 and 44,https://catalog.archives.gov/id/106775987,11/7/73,11/7/73, Fort Frederick,,73000939
100006277,NL,Frieda Fromm-Reichmann Cottage,Listed,NHL,FALSE,0.9, HEALTH/MEDICINE,building,MARYLAND,Montgomery,Rockville,19 Thomas Street,,,1/13/21,,,100006277
100006278,SG,Frieda Fromm-Reichmann Cottage,Listed,Single,FALSE,0.9, HEALTH/MEDICINE,building,MARYLAND,Montgomery,Rockville,19 Thomas Street,,,1/13/21,,,100006277
85001578,,Gaithersburg Latitude Observatory,Listed,Single,FALSE,2.3, SCIENCE,DISTRICT,MARYLAND,Montgomery,Gaithersburg,100 DeSellum Ave,https://catalog.archives.gov/id/106775964,7/12/85,12/20/89,,,85001578
80004331,,Greenbelt Historic District,Listed,Single,FALSE,789.5, COMMUNITY PLANNING AND DEVELOPMENT; ARCHITECTURE; POLITICS/GOVERNMENT,DISTRICT,MARYLAND,Prince George's,Greenbelt,Off MD 193,https://catalog.archives.gov/id/106777962,11/25/80,2/18/97, Old Greenbelt,,80004331
72001595,,Habre-de-Venture; Thomas Stone National Historic Site,Listed,Single,FALSE,360, POLITICS/GOVERNMENT; ARCHITECTURE,BUILDING,MARYLAND,Charles,Port Tobacco,"6655 Rose Hill Rd., near jct. with MD 225 and 6",https://catalog.archives.gov/id/106777183,10/31/72,11/11/71, Thomas Stone House;Thomas Stone National Historic Site,Thomas Stone,72001595
66000384,,Hammond-Harwood House,Listed,Single,FALSE,0.5, ARCHITECTURE,BUILDING,MARYLAND,Anne Arundel,Annapolis,Maryland Ave. and King George St.,https://catalog.archives.gov/id/106775868,10/15/66,10/9/60,,,66000384
85001089,,HILDA M. WILLING,Listed,Multiple,FALSE,0.9, TRANSPORTATION; MARITIME HISTORY; ARCHITECTURE; COMMERCE,STRUCTURE,MARYLAND,Talbot,Tilghman,Gibsontown Rd.,https://catalog.archives.gov/id/106775983,5/16/85,4/19/94, Cheasapeake Skipjack,,85001089
70000853,,His Lordship's Kindness,Listed,Single,FALSE,150, ARCHITECTURE,BUILDING,MARYLAND,Prince George's,Rosaryville,3.5 mi. NW of Rosaryville off Rosaryville Rd.,https://catalog.archives.gov/id/106775969,4/15/70,4/15/70, Poplar Hill,,70000853
71001033,,Homewood,Listed,Single,FALSE,9, POLITICS/GOVERNMENT; ARCHITECTURE; SOCIAL HISTORY,BUILDING,MARYLAND,Baltimore,Baltimore (Independent City),N. Charles and 34th Sts.,https://catalog.archives.gov/id/106776604,9/10/71,11/11/71, Homewood House;Carroll Mansion;Merryman's Lott,,71001033
73000941,,John Brown's Headquarters,Listed,Single,FALSE,1.8, POLITICS/GOVERNMENT,BUILDING,MARYLAND,Washington,Samples Manor,Chestnut Grove Rd.,https://catalog.archives.gov/id/106775989,11/7/73,11/7/73, Kennedy Farm,,73000941
94001192,,KATHRYN (Chesapeake Skipjack),Listed,Single,FALSE,0.9, ARCHITECTURE; COMMERCE; TRANSPORTATION; MARITIME HISTORY,STRUCTURE,MARYLAND,Talbot,Tilghman Island,Dogwood Harbor,,4/19/94,4/19/94,,,94001192
70000262,,London Town Publik House,Listed,Single,FALSE,1, ARCHITECTURE,BUILDING,MARYLAND,Anne Arundel,Woodland Beach,NE of Woodland Beach at the end of Londontown Rd.,https://catalog.archives.gov/id/106775870,4/15/70,4/15/70,,,70000262
84003869,,"Lore, J. C., Oyster House",Listed,Single,FALSE,0.3, INDUSTRY; COMMERCE; ARCHITECTURE,BUILDING,MARYLAND,Calvert,Solomons,MD 2,https://catalog.archives.gov/id/106775936,3/22/84,8/7/01," Lore,J.C.,and Sons,Inc., seafood packing plant",,84003869
66000385,,Maryland Statehouse,Listed,Single,FALSE,2, POLITICS/GOVERNMENT,BUILDING,MARYLAND,Anne Arundel,Annapolis,State Circle,https://catalog.archives.gov/id/106775872,10/15/66,12/19/60,,,66000385
76002182,,"McCollum, Elmer V., House",Listed,Single,FALSE,0.9, SCIENCE,BUILDING,MARYLAND,Baltimore,Baltimore (Independent City),2301 Monticello Rd.,https://catalog.archives.gov/id/106775890,1/7/76,1/7/76,,,76002182
83004384,,"Mencken, H. L., House",Listed,Single,FALSE,0.9, LITERATURE,BUILDING,MARYLAND,Baltimore,Baltimore (Independent City),1524 Hollins Rd.,https://catalog.archives.gov/id/106775912,7/28/83,7/28/83,,,83004384
66000908,,Monocacy National Battlefield,Listed,Single,FALSE,1500, MILITARY,SITE,MARYLAND,Frederick,Frederick,SE of Frederick,https://catalog.archives.gov/id/106777371,11/8/73,11/8/73, See Also:Gambrill House,Monocacy,66000908
66000908,ADNL,Monocacy National Battlefield,Done,NHL Updated Documentation,FALSE,3020, MILITARY,site,MARYLAND,Frederick,Frederick,SE of Frederick,,,12/13/24,,,66000908
70000852,,Montpelier,Listed,Single,FALSE,110, LANDSCAPE ARCHITECTURE; ARCHITECTURE,BUILDING,MARYLAND,Prince George's,Laurel,2.1 mi. E of Laurel on MD 197,https://catalog.archives.gov/id/106777996,4/17/70,4/15/70, Snowden-Long House;New Birmingham,,70000852
70000860,,Mount Clare,Listed,Single,FALSE,0, ARCHITECTURE,BUILDING,MARYLAND,Baltimore,Baltimore (Independent City),Carroll Park,https://catalog.archives.gov/id/106775916,4/15/70,4/15/70,,,70000860
73002191,,Mount Royal Station,Listed,Single,FALSE,6, ENGINEERING; TRANSPORTATION; ARCHITECTURE,STRUCTURE,MARYLAND,Baltimore,Baltimore (Independent City),1400 Cathedral St.,https://catalog.archives.gov/id/106776678,6/18/73,12/8/76, Baltimore &amp; Ohio Railroad;Mt. Royal Station &amp; Trainshed,,73002191
71001037,,Mount Vernon Place Historic District,Listed,Single,FALSE,0, LANDSCAPE ARCHITECTURE; ART; ARCHITECTURE,DISTRICT,MARYLAND,Baltimore,Baltimore (Independent City),Mount Vernon Pl. and Washington Pl.,https://catalog.archives.gov/id/106775892,11/11/71,11/11/71,,,71001037
71001037,MP,Mount Vernon Place Historic District (Additional Documentation),Listed,Multiple,FALSE,0, LANDSCAPE ARCHITECTURE; ART; ARCHITECTURE; SOCIAL HISTORY,district,MARYLAND,Baltimore,Baltimore (Independent City),Mount Vernon Pl. and Washington Pl.,https://catalog.archives.gov/id/106775892,9/26/24,11/11/71,,,71001037
94001185,,NELLIE CROCKETT,Listed,Single,FALSE,0.9, MILITARY; ARCHITECTURE; COMMERCE; TRANSPORTATION; MARITIME HISTORY,STRUCTURE,MARYLAND,Kent,Georgetown,Sassafras River,https://catalog.archives.gov/id/106775958,4/19/94,4/19/94,,,94001185
66000390,,"Old Lock Pump House, Chesapeake and Delaware Canal",Listed,Single,FALSE,0.3, ENGINEERING; ARCHITECTURE,BUILDING,MARYLAND,Cecil,Chesapeake City,U.S. 213,https://catalog.archives.gov/id/106775942,10/15/66,1/12/65, Chesapeake and Delaware Canal Pump House,,66000390
69000330,,Old Roman Catholic Cathedral,Listed,Single,FALSE,1, ARCHITECTURE; RELIGION,BUILDING,MARYLAND,Baltimore,Baltimore (Independent City),401 Cathedral St.,https://catalog.archives.gov/id/106776712,10/1/69,11/11/71, Minor Basilica of the Assumption of the Blessed Virgin Mary;,,69000330
71000364,,Paca House and Garden,Listed,Single,FALSE,2, LANDSCAPE ARCHITECTURE; POLITICS/GOVERNMENT; ARCHITECTURE,BUILDING,MARYLAND,Anne Arundel,Annapolis,186 Prince George St.,https://catalog.archives.gov/id/106776176,11/11/71,11/11/71, William Paca House;Carvel Hall Hotel,,71000364
66000915,,Peale's Baltimore Museum,Listed,Single,FALSE,0.9, ART,BUILDING,MARYLAND,Baltimore,Baltimore (Independent City),225 N. Holliday St.,https://catalog.archives.gov/id/106775920,10/15/66,12/21/65, See Also:Business and Government Historic District,,66000915
73000887,,Peggy Stewart House,Listed,Single,FALSE,0.1, POLITICS/GOVERNMENT,BUILDING,MARYLAND,Anne Arundel,Annapolis,207 Hanover St.,https://catalog.archives.gov/id/106775876,11/7/73,11/7/73, Rutland-Jenifer-Stone House,,73000887
71001043,,"Poe, Edgar Allan, House",Listed,Single,FALSE,0.1, LITERATURE,BUILDING,MARYLAND,Baltimore,Baltimore (Independent City),203 Amity St.,https://catalog.archives.gov/id/106775924,11/11/71,11/11/71, Clemm-Poe House,,71001043
85001095,,REBECCA T. RUARK,Listed,Multiple,FALSE,0.9, COMMERCE; TRANSPORTATION,STRUCTURE,MARYLAND,Talbot,Tilghman,Gibsontown Rd.,https://catalog.archives.gov/id/106775985,5/16/85,7/31/03,,,85001095
75002102,,"Remsen, Ira, House",Listed,Single,FALSE,0.9, SCIENCE,BUILDING,MARYLAND,Baltimore,Baltimore (Independent City),214 Monument St.,https://catalog.archives.gov/id/106775894,5/15/75,5/15/75,,,75002102
70000855,,Resurrection Manor,Removed,Single,FALSE,0.5, ARCHITECTURE,BUILDING,MARYLAND,St. Mary's,Hollywood,4.5 mi. SE of Hollywood,,,4/15/70,,,70000855
73002166,,Riversdale,Listed,Single,FALSE,10.5, SOCIAL HISTORY; ARCHITECTURE; AGRICULTURE,BUILDING,MARYLAND,Prince George's,Riverdale,Riverdale Rd. between 18th and Taylor Sts.,https://catalog.archives.gov/id/106778026,4/11/73,12/9/97, Calvert Mansion,,73002166
75002098,,"Rowland, Henry August, House",Listed,Single,FALSE,0.9, SCIENCE,BUILDING,MARYLAND,Baltimore,Baltimore (Independent City),915 Cathedral St.,https://catalog.archives.gov/id/106775896,5/15/75,5/15/75,,,75002098
100000833,NL,Schifferstadt (aka Scheifferstadt),Listed,NHL,FALSE,1, ARCHITECTURE; SOCIAL HISTORY,building,MARYLAND,Frederick,Frederick,1110 Rosemont Ave.,,,12/23/16,,,74000952
71000369,,Sheppard and Enoch Pratt Hospital and Gatehouse,Listed,Single,FALSE,20.9, ARCHITECTURE,BUILDING,MARYLAND,Baltimore,Towson,Charles St.,https://catalog.archives.gov/id/106775898,11/11/71,11/11/71,,,71000369
69000373,,Shot Tower,Listed,Single,FALSE,0.9, ARCHITECTURE,STRUCTURE,MARYLAND,Baltimore,Baltimore (Independent City),SE corner of Fayette and Front Sts.,https://catalog.archives.gov/id/106776798,10/1/69,11/11/71, Phoenix Shot Tower;Baltimore Shot Tower;Merchant's Shot Towe,,69000373
90000608,,Sion Hill,Listed,Single,FALSE,315, ARCHITECTURE; MILITARY,BUILDING,MARYLAND,Harford,Havre de Grace,2026 Level Rd.,https://catalog.archives.gov/id/106775950,4/30/90,4/27/92, HA-525,,90000608
72001487,,Sotterley,Listed,Single,FALSE,360.8, EDUCATION; POLITICS/GOVERNMENT; ARCHITECTURE; SOCIAL HISTORY,BUILDING,MARYLAND,St. Mary's,Hollywood,E of jct. of MD 245 and Vista Rd.,https://catalog.archives.gov/id/106778308,11/9/72,2/16/00, Bowles' Separation;Resurrection Manor,,72001487
85002811,,Spacecraft Magnetic Test Facility,Listed,Single,FALSE,0.9, OTHER; ENGINEERING,STRUCTURE,MARYLAND,Prince George's,Greenbelt,Goddard Space Flight Center,https://catalog.archives.gov/id/106775975,10/3/85,10/3/85, Attitude Control Test Facility,,85002811
69000310,,St. Marys City Historic District,Listed,Single,TRUE,1500, HISTORIC - NON-ABORIGINAL; EXPLORATION/SETTLEMENT; ARCHITECTURE,DISTRICT,MARYLAND,St. Mary's,St. Marys City,Address Restricted,,8/4/69,8/4/69,,,69000310
71001046,,St. Mary's Seminary Chapel,Listed,Single,FALSE,6.5, ARCHITECTURE; RELIGION,BUILDING,MARYLAND,Baltimore,Baltimore (Independent City),600 N. Paca St.,https://catalog.archives.gov/id/106776822,11/11/71,11/11/71,,,71001046
80001799,,"TENNISON, WM. B. (Chesapeake Bay Bugeye)",Listed,Single,FALSE,0.9, MARITIME HISTORY; ARCHITECTURE; TRANSPORTATION; COMMERCE,STRUCTURE,MARYLAND,Calvert,Solomons,Calvert Marine Museum,https://catalog.archives.gov/id/106776925,3/27/80,4/19/94, Chesapeake Bay Bugeye Buy-boat,,80001799
75000864,,Thomas Point Shoals Light Station,Listed,Single,FALSE,5, ENGINEERING; TRANSPORTATION; ARCHITECTURE,STRUCTURE,MARYLAND,Anne Arundel,Annapolis,"Kent Island, Chesapeake Bay",https://catalog.archives.gov/id/106776214,2/20/75,1/20/99, AA-358,,75000864
66000388,,"Thomas Viaduct, Baltimore & Ohio Railroad",Listed,Single,FALSE,0.5, ENGINEERING; TRANSPORTATION,STRUCTURE,MARYLAND,Baltimore,Relay,Over the Patapsco River between Relay and Elkridge,https://catalog.archives.gov/id/106775900,10/15/66,1/28/64,,,66000388
100006233,NL,Tolson's Chapel and School,Listed,NHL,FALSE,0.3, BLACK,building,MARYLAND,Washington,Sharpsburg,111 E. High St.,,,1/13/21,,,08001012
70000261,,Tulip Hill,Listed,Single,FALSE,54.5, ARCHITECTURE,BUILDING,MARYLAND,Anne Arundel,Galesville,About 2.5 mi. W of Galesville on Owensville Rd.,https://catalog.archives.gov/id/106775880,4/15/70,4/15/70,,,70000261
66000386,,U.S. Naval Academy,Listed,Single,FALSE,270, MILITARY; EDUCATION; ARCHITECTURE,DISTRICT,MARYLAND,Anne Arundel,Annapolis,Maryland Ave. and Hanover St.,https://catalog.archives.gov/id/106775882,10/15/66,7/4/61,,,66000386
66000918,,U.S.S. CONSTELLATION,Listed,Single,FALSE,2, MILITARY,STRUCTURE,MARYLAND,Baltimore,Baltimore (Independent City),"Pier 4, Constellation Dock",,10/15/66,5/23/63, United States Frigate CONSTELLATION,,66000918
88001826,,USCGC TANEY (WHEC-37),Listed,Single,FALSE,0.3, MILITARY,STRUCTURE,MARYLAND,Baltimore,Baltimore (Independent City),1101 Key Hwy.,https://catalog.archives.gov/id/106775930,6/7/88,6/7/88, USCGC ROGER B. TANEY (WPG-37);TANEY (WPG-37);TANEY (WAGC-37),,88001826
86000090,,USS TORSK (submarine),Listed,Single,FALSE,0.9, MILITARY,STRUCTURE,MARYLAND,Baltimore,Baltimore (Independent City),"Pier IV, Pratt St.",https://catalog.archives.gov/id/106775932,1/14/86,1/14/86, SS-423,,86000090
76002186,,"Welch, William H., House",Listed,Single,FALSE,0.9, SCIENCE,BUILDING,MARYLAND,Baltimore,Baltimore (Independent City),935 St. Paul St.,https://catalog.archives.gov/id/106775934,1/7/76,1/7/76,,,76002186
70000854,,West St. Mary's Manor,Listed,Single,FALSE,175, ARCHITECTURE,BUILDING,MARYLAND,St. Mary's,Drayden,About 1 mi. E of Drayden on the St. Mary's River,https://catalog.archives.gov/id/106775979,4/15/70,4/15/70,,,70000854
66000387,,Whitehall,Listed,Single,FALSE,0, ARCHITECTURE,BUILDING,MARYLAND,Anne Arundel,Annapolis,Off St. Margaret's Rd.,https://catalog.archives.gov/id/106775884,10/15/66,10/9/60,,,66000387
70000264,,Wye House,Listed,Single,FALSE,966, ARCHITECTURE,BUILDING,MARYLAND,Talbot,Easton,7 mi. NW of Easton on Miles Neck River,,4/15/70,4/15/70,,,70000264
74000379,,Adams Academy,Listed,Single,FALSE,1.3, ARCHITECTURE,BUILDING,MASSACHUSETTS,Norfolk,Quincy,8 Adams St.,https://catalog.archives.gov/id/63796314,9/6/74,4/19/94,,,74000379
66000128,,"Adams, John Quincy, Birthplace",Listed,Single,FALSE,0.7, POLITICS/GOVERNMENT,BUILDING,MASSACHUSETTS,Norfolk,Quincy,141 Franklin St.,https://catalog.archives.gov/id/63793809,10/15/66,12/19/60,,Adams,66000128
66000129,,"Adams, John, Birthplace",Listed,Single,FALSE,0.7, POLITICS/GOVERNMENT,BUILDING,MASSACHUSETTS,Norfolk,Quincy,133 Franklin St.,https://catalog.archives.gov/id/63793811,10/15/66,12/19/60,,Adams,66000129
89002054,,ADVENTURE (schooner),Listed,Single,FALSE,0.9, ENGINEERING; INDUSTRY; MARITIME HISTORY; ARCHITECTURE,STRUCTURE,MASSACHUSETTS,Essex,Gloucester,"State Fish Pier, Gloucester Inner Harbor",https://catalog.archives.gov/id/63794878,12/11/89,4/19/94, 226070,,89002054
71000087,,African Meetinghouse,Listed,Single,FALSE,0.5, BLACK; ARCHITECTURE; RELIGION; SOCIAL HISTORY,BUILDING,MASSACHUSETTS,Suffolk,Boston,8 Smith St.,https://catalog.archives.gov/id/63793899,10/7/71,5/30/74, First African Baptist Church;African Baptist Church Society;,Boston African American National Historic Site,71000087
78000476,,"Alden, John and Priscilla, Family Sites",Listed,Single,FALSE,2.4, HISTORIC - NON-ABORIGINAL; EXPLORATION/SETTLEMENT; ARCHITECTURE,BUILDING,MASSACHUSETTS,Plymouth,Duxbury,105 Alden St.,https://catalog.archives.gov/id/63796483,12/14/78,10/6/08,,,78000476
68000018,,American Antiquarian Society,Listed,Single,FALSE,1.8, EDUCATION,BUILDING,MASSACHUSETTS,Worcester,Worcester,185 Salisbury St.,https://catalog.archives.gov/id/63793909,11/24/68,11/24/68,,,68000018
77001541,,"Appleton, Nathan, Residence",Listed,Single,FALSE,0.9, INDUSTRY; COMMERCE,BUILDING,MASSACHUSETTS,Suffolk,Boston,39-40 Beacon St.,,12/22/77,12/22/77, Appleton-Parker Houses;Women's City Club,,77001541
66000127,,Arnold Arboretum,Listed,Single,FALSE,265, SCIENCE,SITE,MASSACHUSETTS,Suffolk,Boston,22 Divinity Ave.,https://catalog.archives.gov/id/63793897,10/15/66,1/12/65,,,66000127
05000459,,"Ayer, Frederick, Mansion",Listed,Single,FALSE,,,BUILDING,MASSACHUSETTS,Suffolk,Boston,395 Commonwealth Avenue,https://catalog.archives.gov/id/63793871,4/5/05,4/5/05,,,05000459
76000272,,"Baldwin, Maria, House",Listed,Single,FALSE,0.9, BLACK; EDUCATION; SOCIAL HISTORY,BUILDING,MASSACHUSETTS,Middlesex,Cambridge,196 Prospect St.,https://catalog.archives.gov/id/63793749,5/11/76,5/11/76,,,76000272
66000130,,Beacon Hill Historic District,Listed,Single,FALSE,105, LITERATURE; ARCHITECTURE; PERFORMING ARTS,DISTRICT,MASSACHUSETTS,Suffolk,Boston,"Bounded by Beacon St., the Charles River Embankment, and Pinckney, Revere, and Hancock Sts.",https://catalog.archives.gov/id/63793855,10/15/66,12/19/62," See Also:Otis, (Second) Harrison Gray,House",,66000130
03000641,,Beauport,Listed,Single,FALSE,0.8, ARCHITECTURE; ART,BUILDING,MASSACHUSETTS,Essex,Gloucester,75 Eastern Point Boulevard,https://catalog.archives.gov/id/63793685,5/27/03,5/27/03," Sleeper-McCann House; Little Beauport; Sleeper, Henry Davis, House",,03000641
71000091,,"Bellamy, Edward, House",Listed,Single,FALSE,0.3, LITERATURE,BUILDING,MASSACHUSETTS,Hampden,Chicopee Falls,91-93 Church St.,https://catalog.archives.gov/id/63793711,11/11/71,11/11/71,,,71000091
75000295,,"Birkhoff, George D., House",Listed,Single,FALSE,0.9, SCIENCE,BUILDING,MASSACHUSETTS,Middlesex,Cambridge,22 Craigie,https://catalog.archives.gov/id/63793773,5/15/75,5/15/75,,,75000295
66000131,,Boardman House,Listed,Single,FALSE,0.8, ARCHITECTURE,BUILDING,MASSACHUSETTS,Essex,Saugus,Howard St.,https://catalog.archives.gov/id/63793677,10/15/66,11/5/61,,,66000131
66000132,,Boston Athenaeum,Listed,Single,FALSE,0.9, EDUCATION,BUILDING,MASSACHUSETTS,Suffolk,Boston,10 1/2 Beacon St.,https://catalog.archives.gov/id/63793879,10/15/66,12/21/65,,,66000132
87000760,,Boston Common,Listed,Single,FALSE,50, ENTERTAINMENT/RECREATION,DISTRICT,MASSACHUSETTS,Suffolk,Boston,"Beacon, Park, Tremont, Boylston, and Charles St.",,2/27/87,2/27/87, See Also:Boston Common and Public Garden,,87000760
66000133,MP,Boston Light,Listed,Multiple,FALSE,3.5, ENGINEERING; TRANSPORTATION; ARCHITECTURE; COMMUNICATIONS; MARITIME HISTORY,STRUCTURE,MASSACHUSETTS,Suffolk,Boston,"Little Brewster Island, Boston Harbor",https://catalog.archives.gov/id/63792781,10/15/66,1/29/64, Boston Light Station,,66000133
77001412,,Boston Manufacturing Company,Listed,Single,FALSE,2.5, INDUSTRY; ARCHITECTURE; INVENTION,DISTRICT,MASSACHUSETTS,Middlesex,Waltham,144 Moody St.,https://catalog.archives.gov/id/63795959,12/22/77,12/22/77,,,77001412
66000134,,Boston Naval Shipyard,Listed,Single,FALSE,129.5, INDUSTRY; HISTORIC - NON-ABORIGINAL; MILITARY; ENGINEERING; TRANSPORTATION; ARCHITECTURE; INVENTION,DISTRICT,MASSACHUSETTS,Suffolk,Boston,"E of Chelsea St., Charlestown",https://catalog.archives.gov/id/63793827,11/15/66,11/13/66, Charlestown Navy Yard,Boston,66000134
87000761,,Boston Public Garden,Listed,Single,FALSE,24, ENTERTAINMENT/RECREATION,DISTRICT,MASSACHUSETTS,Suffolk,Boston,"Beacon, Charles, Boylston, and Arlington Sts.",,2/27/87,2/27/87, See Also:Boston Common and Public Garden,,87000761
73000317,,Boston Public Library,Listed,Single,FALSE,5, ART; ARCHITECTURE; SOCIAL HISTORY,BUILDING,MASSACHUSETTS,Suffolk,Boston,Copley Sq.,https://catalog.archives.gov/id/63796738,5/6/73,2/24/86, Boston Public Library National Historic Landmark,,73000317
66000135,,"Bowditch, Nathaniel, House",Listed,Single,FALSE,0.1, SCIENCE; INVENTION,BUILDING,MASSACHUSETTS,Essex,Salem,North St.,https://catalog.archives.gov/id/63793693,10/15/66,1/12/65,,,66000135
72000148,,"Brandeis, Louis, House",Listed,Single,FALSE,8, LAW; SOCIAL HISTORY,BUILDING,MASSACHUSETTS,Barnstable,Chatham,"Neck Lane, off Cedar St., 8 mi. SW of Stage Harbor Rd. intersection",https://catalog.archives.gov/id/63793633,11/28/72,5/15/75,,,72000148
75000298,,"Bridgman, Percy, House",Listed,Single,FALSE,0.9, SCIENCE,BUILDING,MASSACHUSETTS,Middlesex,Cambridge,10 Buckingham Pl.,https://catalog.archives.gov/id/63793775,5/15/75,5/15/75, Bridgman House--Buckingham School,,75000298
66000141,,Brook Farm,Listed,Single,FALSE,180, SOCIAL HISTORY,SITE,MASSACHUSETTS,Suffolk,Boston,670 Baker St.,https://catalog.archives.gov/id/63793901,10/15/66,7/23/65,,,66000141
15000278,,Brookline Reservoir of the Cochituate Aqueduct,Listed,Multiple,FALSE,,,,MASSACHUSETTS,Norfolk,Brookline,1 Warren St.,,2/27/15,2/27/15,,,15000278
66000136,,"Bryant, William Cullen, Homestead",Listed,Single,FALSE,188.6, LITERATURE,BUILDING,MASSACHUSETTS,Hampshire,Cummington,2 mi. from Cummington on side rd.,https://catalog.archives.gov/id/63793715,10/15/66,12/29/62,,,66000136
66000137,,Buckman Tavern,Listed,Single,FALSE,2.7, MILITARY,BUILDING,MASSACHUSETTS,Middlesex,Lexington,"Hancock St., on the E side of Lexington Green",https://catalog.archives.gov/id/63793763,10/15/66,5/15/75,,,66000137
66000138,,Bunker Hill Monument,Listed,Single,FALSE,3.8, MILITARY; COMMUNICATIONS,STRUCTURE,MASSACHUSETTS,Suffolk,Boston,Breed's Hill,https://catalog.archives.gov/id/63793889,10/15/66,1/20/61,,Boston,66000138
66000139,,"Capen, Parson, House",Listed,Single,FALSE,1.1, ARCHITECTURE,BUILDING,MASSACHUSETTS,Essex,Topsfield,Howlett St.,https://catalog.archives.gov/id/63793679,10/15/66,10/9/60,,,66000139
66000651,,Captain R. B. Forbes House,Listed,Single,FALSE,2, COMMERCE; ARCHITECTURE; MARITIME HISTORY,BUILDING,MASSACHUSETTS,Norfolk,Milton,215 Adams St.,https://catalog.archives.gov/id/63793801,11/13/66,11/13/66, American China Trade Museum,,66000651
77000183,,Castle Hill,Listed,Single,FALSE,165, ARCHITECTURE; LANDSCAPE ARCHITECTURE,building,MASSACHUSETTS,Essex,Ipswich,E of Ipswich on Argilla Rd.,https://catalog.archives.gov/id/63794774,12/2/77,8/5/98,,,77000183
12001012,,Central Congregational Church,Listed,Single,FALSE,,,BUILDING,MASSACHUSETTS,Suffolk,Boston,67 Newbury St.,,10/16/12,10/16/12,,,12001012
66000140,,Christ Church,Listed,Single,FALSE,0.5, ARCHITECTURE,BUILDING,MASSACHUSETTS,Middlesex,Cambridge,Garden St.,https://catalog.archives.gov/id/63793737,10/15/66,10/9/60,,,66000140
68000019,,"Coffin, Jethro, House",Listed,Single,FALSE,0.8, ARCHITECTURE,BUILDING,MASSACHUSETTS,Nantucket,Nantucket,Sunset Hill,https://catalog.archives.gov/id/63793791,11/24/68,11/24/68,,,68000019
66000142,,Cole's Hill,Listed,Single,FALSE,1.3, EXPLORATION/SETTLEMENT,SITE,MASSACHUSETTS,Plymouth,Plymouth,Carver St.,https://catalog.archives.gov/id/63793819,10/15/66,10/9/60,,,66000142
85002014,,Converse Memorial Building,Listed,Single,FALSE,0.8, INDUSTRY; LANDSCAPE ARCHITECTURE; ART; EDUCATION; ARCHITECTURE; SOCIAL HISTORY,BUILDING,MASSACHUSETTS,Middlesex,Malden,36 Salem St.,https://catalog.archives.gov/id/63795652,9/5/85,12/23/87, Malden Public Library;Converse Memorial Library,,85002014
83004376,,Crane and Company Old Stone Mill Rag Room,Listed,Single,FALSE,0.9, INDUSTRY,BUILDING,MASSACHUSETTS,Berkshire,Dalton,Off Main St.,,7/1/83,5/4/83, Crane Museum; Old Stone Mill Rag Room,,83004376
72000143,,"Crane, Thomas, Public Library",Listed,Single,FALSE,2.3, ART; ARCHITECTURE,BUILDING,MASSACHUSETTS,Norfolk,Quincy,40 Washington St.,https://catalog.archives.gov/id/63796216,10/18/72,12/23/87, Crane Memorial Public Library,,72000143
74000394,,"Cuffe, Paul, Farm",Listed,Single,FALSE,6.5, BLACK; POLITICS/GOVERNMENT; RELIGION,BUILDING,MASSACHUSETTS,Bristol,Westport,1504 Drift Rd.,https://catalog.archives.gov/id/63793657,5/30/74,5/30/74,,,74000394
73000327,,"Cushing, Caleb, House",Listed,Single,FALSE,0.9, POLITICS/GOVERNMENT,BUILDING,MASSACHUSETTS,Essex,Newburyport,98 High St.,https://catalog.archives.gov/id/63793699,11/7/73,11/7/73,,,73000327
76000305,,"Daly, Reginald A., House",Listed,Single,FALSE,0.9, SCIENCE,BUILDING,MASSACHUSETTS,Middlesex,Cambridge,23 Hawthorn St.,https://catalog.archives.gov/id/63793777,1/7/76,1/7/76,,,76000305
66000652,,"Daniel Chester French Home and Studio, ""Chesterwood""",Listed,Single,FALSE,129, ART,DISTRICT,MASSACHUSETTS,Berkshire,Stockbridge,2 mi. W of Stockbridge,https://catalog.archives.gov/id/63793647,10/15/66,12/21/65, Daniel Chester French House and Studio,,66000652
76000306,,"Davis, William Morris, House",Listed,Single,FALSE,0.9, SCIENCE,BUILDING,MASSACHUSETTS,Middlesex,Cambridge,17 Francis St.,https://catalog.archives.gov/id/63793779,1/7/76,1/7/76,,,76000306
68000020,,Derby Summerhouse,Listed,Single,FALSE,0.3, ARCHITECTURE,BUILDING,MASSACHUSETTS,Essex,Danvers,"Magna Estate, Ingersoll St.",https://catalog.archives.gov/id/63793729,11/24/68,11/24/68,,,68000020
66000363,,"Dickinson, Emily, House",Listed,Single,FALSE,1.6, LITERATURE,BUILDING,MASSACHUSETTS,Hampshire,Amherst,280 Main St.,https://catalog.archives.gov/id/63793717,10/15/66,12/29/62,,,66000363
85000317,,Dimock Community Health Center Complex,Listed,Single,FALSE,10, ARCHITECTURE; SOCIAL HISTORY; HEALTH/MEDICINE; EDUCATION,BUILDING,MASSACHUSETTS,Suffolk,Boston,41 and 55 Dimock St.,https://catalog.archives.gov/id/63796678,2/21/85,7/17/91, New England Hospital for Women and Children,,85000317
76000947,,"Du Bois, William E.B., Boyhood Homesite",Listed,Single,FALSE,5, BLACK; LITERATURE; EDUCATION; RELIGION; SOCIAL HISTORY,SITE,MASSACHUSETTS,Berkshire,Great Barrington,MA 23,https://catalog.archives.gov/id/63793639,5/11/76,5/11/76,,,76000947
66000364,,Elmwood,Listed,Single,FALSE,4, LITERATURE; POLITICS/GOVERNMENT; ARCHITECTURE,DISTRICT,MASSACHUSETTS,Middlesex,Cambridge,33 Elmwood Ave.,https://catalog.archives.gov/id/63793751,10/15/66,12/29/62, James Russell Lowell House;Oliver-Gerry-Lowell House,,66000364
66000365,,"Emerson, Ralph Waldo, House",Listed,Single,FALSE,9, LITERATURE,BUILDING,MASSACHUSETTS,Middlesex,Concord,18 Cambridge Tpke. (Lexington Rd. and Cambridge Tpke.),https://catalog.archives.gov/id/63793753,10/15/66,12/29/62,,,66000365
85000022,,ERNESTINA (schooner),Listed,Single,FALSE,0.9, EXPLORATION/SETTLEMENT; TRANSPORTATION; MARITIME HISTORY; COMMERCE; INDUSTRY; ARCHITECTURE; SCIENCE,STRUCTURE,MASSACHUSETTS,Bristol,New Bedford,Steamship Wharf,https://catalog.archives.gov/id/63794560,1/3/85,12/14/90, Schooner Ernestina;Schooner Effie M. Morrissey,,85000022
66000366,,"Ether Dome, Massachusetts General Hospital",Listed,Single,FALSE,0.9, SCIENCE,BUILDING,MASSACHUSETTS,Suffolk,Boston,Fruit St.,https://catalog.archives.gov/id/63793895,10/15/66,1/12/65,,,66000366
66000367,,Fairbanks House,Listed,Single,FALSE,3, ARCHITECTURE,BUILDING,MASSACHUSETTS,Norfolk,Dedham,Eastern Ave. and East St.,https://catalog.archives.gov/id/63793799,10/15/66,10/9/60,,,66000367
66000368,,Faneuil Hall,Listed,Single,FALSE,0.9, POLITICS/GOVERNMENT; ARCHITECTURE; SOCIAL HISTORY,BUILDING,MASSACHUSETTS,Suffolk,Boston,Dock Sq.,https://catalog.archives.gov/id/63793863,10/15/66,10/9/60,,Boston,66000368
78000473,,Fenway Studios,Listed,Single,FALSE,0.9, ARCHITECTURE; ART,BUILDING,MASSACHUSETTS,Suffolk,Boston,30 Ipswich St.,https://catalog.archives.gov/id/63796716,9/13/78,8/5/98,,,78000473
76000950,,"Fessenden, Reginald A., House",Listed,Single,FALSE,0.9, SCIENCE,BUILDING,MASSACHUSETTS,Middlesex,Newton,45 Waban Hill Rd.,https://catalog.archives.gov/id/63793781,1/7/76,1/7/76,,,76000950
70000897,,"First Church of Christ, Lancaster",Listed,Single,FALSE,2, ARCHITECTURE,BUILDING,MASSACHUSETTS,Worcester,Lancaster,Facing the Common,https://catalog.archives.gov/id/63793907,12/30/70,12/30/70," Lancaster Church;First Church of Christ,Unitarian",,70000897
79000342,,Flying Horses,Listed,Single,FALSE,0.1, ENTERTAINMENT/RECREATION,BUILDING,MASSACHUSETTS,Dukes,Oak Bluffs,33 Oak Bluffs Ave.,https://catalog.archives.gov/id/63794614,8/27/79,2/27/87, Oak Bluffs Carousel,,79000342
70000540,,Fort Warren,Listed,Single,FALSE,4, MILITARY; ARCHITECTURE,DISTRICT,MASSACHUSETTS,Suffolk,Boston,"Georges Island, Boston Harbor",https://catalog.archives.gov/id/63793891,8/29/70,8/29/70,,,70000540
74001761,,Fruitlands,Listed,Single,FALSE,5, SOCIAL HISTORY,DISTRICT,MASSACHUSETTS,Worcester,Harvard,Prospect Hill,https://catalog.archives.gov/id/63793915,3/19/74,5/30/74,,,74001761
71000686,,"Fuller, Margaret, House",Listed,Single,FALSE,0.9, SOCIAL HISTORY,BUILDING,MASSACHUSETTS,Middlesex,Cambridge,71 Cherry St.,https://catalog.archives.gov/id/63796176,7/2/71,5/30/74, Margaret Fuller Neighborhood House,,71000686
70000541,,Gardner-Pingree House,Listed,Single,FALSE,0.3, ARCHITECTURE,BUILDING,MASSACHUSETTS,Essex,Salem,128 Essex St.,https://catalog.archives.gov/id/63793667,12/30/70,12/30/70,,,70000541
66000653,,"Garrison, William Lloyd, House",Listed,Single,FALSE,0.7, SOCIAL HISTORY,BUILDING,MASSACHUSETTS,Suffolk,Boston,125 Highland St.,https://catalog.archives.gov/id/63793903,10/15/66,6/23/65, Rockledge;St. Monica's Home,,66000653
01001048,,Gibson House,Listed,Single,FALSE,,,BUILDING,MASSACHUSETTS,Suffolk,Boston,137 Beacon St.,https://catalog.archives.gov/id/63793853,8/7/01,8/7/01,,,01001048
72001101,,"Glover, Gen. John, House",Listed,Single,FALSE,0.3, MILITARY,BUILDING,MASSACHUSETTS,Essex,Marblehead,11 Glover St.,https://catalog.archives.gov/id/63793697,11/28/72,11/28/72,,,72001101
66000654,,Goddard Rocket Launching Site,Listed,Single,FALSE,0.9, SCIENCE; INVENTION,SITE,MASSACHUSETTS,Worcester,Auburn,"Ninth fairway, Pakachoag Golf Course, Pakachoag Rd.",https://catalog.archives.gov/id/63793911,11/13/66,11/13/66,,,66000654
70000542,,Gore Place,Listed,Single,FALSE,76, ARCHITECTURE,building,MASSACHUSETTS,Middlesex,Waltham,52 Gore St.,https://catalog.archives.gov/id/63793745,12/30/70,12/29/62, Governor Christopher Gore Mansion,,70000542
74001763,,"Gough, John B., House",Listed,Single,FALSE,0.9, SOCIAL HISTORY,BUILDING,MASSACHUSETTS,Worcester,Boylston,221 Main St.,https://catalog.archives.gov/id/63793917,3/19/74,5/30/74,,,74001763
66000655,,"Gray, Asa, House",Listed,Single,FALSE,0.3, SCIENCE,BUILDING,MASSACHUSETTS,Middlesex,Cambridge,88 Garden St.,https://catalog.archives.gov/id/63793783,10/15/66,1/12/65,,,66000655
80000665,,Great Blue Hill Weather Observatory,Listed,Multiple,FALSE,0.9, SCIENCE; ARCHITECTURE; INVENTION,BUILDING,MASSACHUSETTS,Norfolk,Milton,Milton,https://catalog.archives.gov/id/63792397,9/25/80,12/20/89, Blue Hill Meteorological Observatory,,80000665
00000709,,Gropius House,Listed,Single,FALSE,,,BUILDING,MASSACHUSETTS,Middlesex,Lincoln,68 Baker Ridge Rd.,https://catalog.archives.gov/id/63793739,5/16/00,5/16/00,,,00000709
87002598,,H.H. Richardson Historic District of North Easton,Listed,Single,FALSE,5.8, ARCHITECTURE,DISTRICT,MASSACHUSETTS,Bristol,North Easton,"Main St., Elm St., & railway right-of-way off Oliver St.",,12/23/87,12/23/87," See Also:North Easton Historic District,North Easton Railroa",,87002598
70000543,,Hamilton Hall,Listed,Single,FALSE,0.3, ARCHITECTURE,BUILDING,MASSACHUSETTS,Essex,Salem,9 Cambridge St.,https://catalog.archives.gov/id/63793671,12/30/70,12/30/70,,,70000543
68000037,,Hancock Shaker Village,Listed,Single,FALSE,1000, SOCIAL HISTORY,DISTRICT,MASSACHUSETTS,Berkshire,Hancock,"5 mi. S of Pittsfield on U.S. 20, Hancock Tpke.",https://catalog.archives.gov/id/63793649,11/24/68,11/24/68,,,68000037
71000895,,Hancock-Clarke House,Listed,Single,FALSE,1, POLITICS/GOVERNMENT,BUILDING,MASSACHUSETTS,Middlesex,Lexington,36 Hancock St.,https://catalog.archives.gov/id/63793771,7/17/71,7/17/71, John Hancock Boyhood House,,71000895
66000764,,"Harding, Chester, House",Listed,Single,FALSE,0.9, ART,BUILDING,MASSACHUSETTS,Suffolk,Boston,16 Beacon St.,https://catalog.archives.gov/id/63793869,10/15/66,12/21/65,,,66000764
87000757,,Harvard Stadium,Listed,Single,FALSE,11, ENGINEERING; ENTERTAINMENT/RECREATION,STRUCTURE,MASSACHUSETTS,Suffolk,Boston,60 N. Harvard St.,,2/27/87,2/27/87,,,87000757
70000681,,"Hastings, Oliver, House",Listed,Single,FALSE,1, ARCHITECTURE,BUILDING,MASSACHUSETTS,Middlesex,Cambridge,101 Brattle St.,https://catalog.archives.gov/id/63793725,12/30/70,12/30/70, Hodges House,,70000681
66000765,,Headquarters House,Listed,Single,FALSE,0.9, LITERATURE,BUILDING,MASSACHUSETTS,Suffolk,Boston,55 Beacon St.,https://catalog.archives.gov/id/63793883,10/15/66,1/1/99, William Hickling Prescott House,,66000765
72001301,,"Holmes, Oliver Wendell, House",Listed,Single,FALSE,3, LAW; SOCIAL HISTORY,BUILDING,MASSACHUSETTS,Essex,Beverly,868 Hale St.,https://catalog.archives.gov/id/63793703,11/28/72,11/28/72,,,72001301
73000323,,House of Seven Gables Historic District,Listed,Single,FALSE,6.5, INDUSTRY; TRANSPORTATION; LITERATURE; ARCHITECTURE; EDUCATION,DISTRICT,MASSACHUSETTS,Essex,Salem,54 Turner St. at Derby and Hardy Sts.,https://catalog.archives.gov/id/63794746,5/8/73,3/29/07, Turner House,,73000323
74002044,,"Howe, Samuel Gridley and Julia Ward, House",Listed,Single,FALSE,0.9, ARCHITECTURE; SOCIAL HISTORY,BUILDING,MASSACHUSETTS,Suffolk,Boston,13 Chestnut St.,https://catalog.archives.gov/id/63793867,9/13/74,5/30/74,,,74002044
03000644,,Jacob's Pillow Dance Festival,Listed,Single,FALSE,150.7, PERFORMING ARTS; ARCHITECTURE,DISTRICT,MASSACHUSETTS,Berkshire,Becket,George Carter Road,https://catalog.archives.gov/id/63793645,5/27/03,5/27/03,,,03000644
67000001,AD,John Fitzgerald Kennedy National Historic Site (Additional Documentation),Listed,Add.Doc.,FALSE,1, POLITICS/GOVERNMENT,BUILDING,MASSACHUSETTS,Norfolk,Brookline,83 Beals St.,https://catalog.archives.gov/id/63796454,5/26/67,7/19/64,,John F. Kennedy National Historic Site,67000001
00000260,,"Johnson, Nathan and Mary (Polly), Properties",Listed,Single,FALSE,0.9, BLACK; SOCIAL HISTORY,BUILDING,MASSACHUSETTS,Bristol,New Bedford,"17-19, and 21 Seventh Street",https://catalog.archives.gov/id/63793661,2/16/00,2/16/00,,,00000260
72001302,,Kennedy Compound,Listed,Single,FALSE,6, POLITICS/GOVERNMENT,DISTRICT,MASSACHUSETTS,Barnstable,Hyannis Port,Irving and Marchant Aves.,https://catalog.archives.gov/id/63793631,11/28/72,5/31/73," Homes of Joseph P.,John F., and Robert F. Kennedy",,72001302
74002045,,King's Chapel,Listed,Single,FALSE,0.1, ARCHITECTURE,BUILDING,MASSACHUSETTS,Suffolk,Boston,Tremont and School Sts.,https://catalog.archives.gov/id/63797080,5/2/74,10/9/60,,,74002045
66000766,,"Lee, Jeremiah, House",Listed,Single,FALSE,1, ARCHITECTURE,BUILDING,MASSACHUSETTS,Essex,Marblehead,Washington St.,https://catalog.archives.gov/id/63793675,10/15/66,10/9/60,,,66000766
66000767,,Lexington Green,Listed,Single,FALSE,2.5, MILITARY,SITE,MASSACHUSETTS,Middlesex,Lexington,Massachusetts and Hancock Sts.,https://catalog.archives.gov/id/63793765,10/15/66,1/20/61, See Also: Lexington Green Historic District; Lexington Common;Battle Green,,66000767
74002046,,Liberty Farm,Listed,Multiple,FALSE,1.3, SOCIAL HISTORY,BUILDING,MASSACHUSETTS,Worcester,Worcester,116 Mower St.,https://catalog.archives.gov/id/63793621,9/13/74,5/30/74, Foster House,,74002046
72001303,,"Lincoln, Gen. Benjamin, House",Listed,Single,FALSE,0.5, MILITARY,BUILDING,MASSACHUSETTS,Plymouth,Hingham,181 North St.,https://catalog.archives.gov/id/63793821,11/28/72,11/28/72,,,72001303
76001970,,"Little, Arthur D., Inc., Building",Listed,Single,FALSE,1, SCIENCE,BUILDING,MASSACHUSETTS,Middlesex,Cambridge,Memorial Dr.,https://catalog.archives.gov/id/63793787,12/8/76,12/8/76,,,76001970
76001971,,"Lodge, Henry Cabot, House",Listed,Single,FALSE,2, POLITICS/GOVERNMENT,BUILDING,MASSACHUSETTS,Essex,Nahant,5 Cliff St.,https://catalog.archives.gov/id/63793705,12/8/76,12/8/76,,,76001971
66000768,,Long Wharf and Custom House Block,Listed,Single,FALSE,1.5, COMMERCE,STRUCTURE,MASSACHUSETTS,Suffolk,Boston,Foot of State St.,https://catalog.archives.gov/id/63793873,11/13/66,11/13/66,,,66000768
66000049,AD,Longfellow House-Washington’s Headquarters National Historic Site (Additional Documentation),Listed,Add.Doc.,TRUE,1.98, MILITARY; LITERATURE; ARCHITECTURE; CONSERVATION; SOCIAL HISTORY; LANDSCAPE ARCHITECTURE; ARCHEOLOGY-PREHISTORIC; ARCHEOLOGY-HISTORIC NON-ABORIGINAL,district,MASSACHUSETTS,Middlesex,Cambridge,Address Restricted,https://catalog.archives.gov/id/63795983,10/15/66,12/19/62, Vassall House; Castle Craigie; Vassall-Craigie-Longfellow House; Henry W. Longfellow Place; Longfellow National Historic Site,Longfellow,66000049
76001972,,Lowell Locks and Canals Historic District,Listed,Single,FALSE,125, ENGINEERING; INDUSTRY,DISTRICT,MASSACHUSETTS,Middlesex,Lowell,Between Middlesex St. and the Merrimack River,https://catalog.archives.gov/id/63796115,8/13/76,12/22/77, See Also:Belvidere Hill Historic District,Lowell,76001972
88000706,,Lowell's Boat Shop,Listed,Single,FALSE,0.9, INDUSTRY; ARCHITECTURE; MARITIME HISTORY,BUILDING,MASSACHUSETTS,Essex,Amesbury,459 Main St.,https://catalog.archives.gov/id/63795052,6/9/88,6/21/90, Hiram Lowell &amp; Sons,,88000706
83004099,,LUNA (tugboat),Listed,Single,FALSE,0.9, COMMERCE; MILITARY; ENGINEERING; TRANSPORTATION; ARCHITECTURE,STRUCTURE,MASSACHUSETTS,Suffolk,Boston,"NDC Pier, Charles River",https://catalog.archives.gov/id/63796681,10/6/83,4/11/89,,,83004099
100006275,NL,Mary Baker Eddy House,Listed,NHL,FALSE,255, SOCIAL HISTORY; RELIGION,building,MASSACHUSETTS,Essex,Lynn,8 Broad Street,,,1/13/21,,,100006275
100006276,SG,Mary Baker Eddy House,Listed,Single,FALSE,255, SOCIAL HISTORY; RELIGION,building,MASSACHUSETTS,Essex,Lynn,8 Broad Street,,,1/13/21,,,100006275
70000682,,Massachusetts General Hospital,Listed,Single,FALSE,4, SCIENCE; ARCHITECTURE,BUILDING,MASSACHUSETTS,Suffolk,Boston,Fruit Street,https://catalog.archives.gov/id/63793865,12/30/70,12/30/70, See Also:Ether Dome,,70000682
66000769,,"Massachusetts Hall, Harvard University",Listed,Single,FALSE,0.9, EDUCATION; EXPLORATION/SETTLEMENT,BUILDING,MASSACHUSETTS,Middlesex,Cambridge,Harvard University Yard,https://catalog.archives.gov/id/63793747,10/15/66,10/9/60,,,66000769
66000770,,Massachusetts Historical Society Building,Listed,Single,FALSE,0.3, EDUCATION,BUILDING,MASSACHUSETTS,Suffolk,Boston,1154 Boylston St.,https://catalog.archives.gov/id/63793877,10/15/66,12/21/65,,,66000770
66000771,,Massachusetts Statehouse,Listed,Single,FALSE,5.8, ARCHITECTURE,BUILDING,MASSACHUSETTS,Suffolk,Boston,Beacon Hill,https://catalog.archives.gov/id/63793833,10/15/66,12/19/60,,,66000771
66000126,,"Melville, Herman, House",Listed,Single,FALSE,44.9, LITERATURE,BUILDING,MASSACHUSETTS,Berkshire,Pittsfield,Holmes Rd.,https://catalog.archives.gov/id/63793641,10/15/66,12/29/62, Arrowhead,,66000126
70000685,,"Memorial Hall, Harvard University",Listed,Single,FALSE,0.5, ARCHITECTURE,BUILDING,MASSACHUSETTS,Middlesex,Cambridge,"Cambridge and Quincy Sts., Harvard University campus",https://catalog.archives.gov/id/63793727,12/30/70,12/30/70,,,70000685
76001976,,"Minot, George R., House",Listed,Single,FALSE,0.9, SCIENCE,BUILDING,MASSACHUSETTS,Norfolk,Brookline,71 Sears Rd.,,1/7/76,1/7/76,,,76001976
68000038,,Mission House,Listed,Single,FALSE,0.4, ARCHITECTURE,BUILDING,MASSACHUSETTS,Berkshire,Stockbridge,Main St.,https://catalog.archives.gov/id/63793635,11/24/68,11/24/68,,,68000038
75000254,,Mount Auburn Cemetery,Listed,Single,FALSE,170, LANDSCAPE ARCHITECTURE; ARCHITECTURE,district,MASSACHUSETTS,Middlesex,Cambridge,580 Mount Auburn St.,https://catalog.archives.gov/id/63795977,4/21/75,5/27/03,,,75000254
71000900,,"Mount, The",Listed,Single,FALSE,198, LITERATURE,BUILDING,MASSACHUSETTS,Berkshire,Lenox,S of Lenox on U.S. 7,https://catalog.archives.gov/id/63793643,11/11/71,11/11/71, Edith Wharton Estate,,71000900
66000772,,Nantucket Historic District,Listed,Single,FALSE,30000, INDUSTRY; COMMERCE; ARCHITECTURE,DISTRICT,MASSACHUSETTS,Nantucket,Nantucket,Nantucket Island,,11/13/66,11/13/66,,,66000772
75000264,,Naumkeag,Listed,Single,FALSE,46, LANDSCAPE ARCHITECTURE; LAW; POLITICS/GOVERNMENT; ARCHITECTURE,DISTRICT,MASSACHUSETTS,Berkshire,Stockbridge,5 Prospect Hill Rd.,https://catalog.archives.gov/id/63794304,11/3/75,3/29/07, Joseph Hodges Choate House,,75000264
93000607,,Nauset Archeological District,Listed,Single,TRUE,37.7, HISTORIC - ABORIGINAL,DISTRICT,MASSACHUSETTS,Barnstable,Eastham,Address Restricted,,4/19/93,4/19/93," Coast Guard Beach Site,19BN374;North Salt Pond Site,19BN390;",Cape Cod,93000607
76001979,,"Nell, William C., House",Listed,Single,FALSE,0.9, BLACK; LITERATURE; SOCIAL HISTORY,BUILDING,MASSACHUSETTS,Suffolk,Boston,3 Smith Ct.,,5/11/76,5/11/76,,,76001979
66000773,,New Bedford Historic District,Listed,Single,FALSE,19.6, INDUSTRY; COMMERCE,DISTRICT,MASSACHUSETTS,Bristol,New Bedford,"Bounded by Front St. on E, Elm St. on N, Acushnet Ave. on W, and Commercial St. on S",https://catalog.archives.gov/id/63793659,11/13/66,11/13/66, see also: New Bedford Whaling National Historical Park,,66000773
80000672,,New England Conservatory of Music,Listed,Single,FALSE,1, EDUCATION; PERFORMING ARTS; ARCHITECTURE,BUILDING,MASSACHUSETTS,Suffolk,Boston,290 Huntington Ave.,https://catalog.archives.gov/id/63796917,5/14/80,4/19/94,,,80000672
72001312,,Norfolk County Courthouse,Listed,Single,FALSE,1, POLITICS/GOVERNMENT; SOCIAL HISTORY,BUILDING,MASSACHUSETTS,Norfolk,Dedham,650 High St.,https://catalog.archives.gov/id/63793807,11/28/72,11/28/72, Sacco-Vanzetti Trial Site,,72001312
70000687,,Old City Hall,Listed,Single,FALSE,0.5, ARCHITECTURE,BUILDING,MASSACHUSETTS,Suffolk,Boston,School and Providence Sts.,https://catalog.archives.gov/id/63793837,12/30/70,12/30/70,,,70000687
66000774,,Old Deerfield Village Historic District,Listed,Single,FALSE,800, EXPLORATION/SETTLEMENT,DISTRICT,MASSACHUSETTS,Franklin,Deerfield,"W of US 5, bounded by Mill Village Rd., ""The Street"", Broughton's Pond Rd., and Pogues Hole Rd.",https://catalog.archives.gov/id/63795149,10/15/66,10/9/60,,,66000774
66000775,,Old Manse,Listed,Single,FALSE,6.7, LITERATURE,BUILDING,MASSACHUSETTS,Middlesex,Concord,Monument St.,https://catalog.archives.gov/id/63793755,10/15/66,12/29/62,,,66000775
66000776,,Old North Church,Listed,Single,FALSE,0.9, MILITARY; ARCHITECTURE,BUILDING,MASSACHUSETTS,Suffolk,Boston,193 Salem St.,https://catalog.archives.gov/id/63793857,10/15/66,1/20/61, Christ Church Episcopal,Boston,66000776
66000777,,Old Ship Meetinghouse,Listed,Single,FALSE,1.3, EXPLORATION/SETTLEMENT; ARCHITECTURE,BUILDING,MASSACHUSETTS,Plymouth,Hingham,Main St.,https://catalog.archives.gov/id/63793817,10/15/66,10/9/60, Old Ship Church,,66000777
70000690,,Old South Church in Boston,Listed,Single,FALSE,0.3, ARCHITECTURE,BUILDING,MASSACHUSETTS,Suffolk,Boston,645 Boylston St.,https://catalog.archives.gov/id/63793843,12/30/70,12/30/70," Third Church;United Church of Christ,Congregational",,70000690
66000778,,Old South Meeting House,Listed,Single,FALSE,0.2, POLITICS/GOVERNMENT; ARCHITECTURE,BUILDING,MASSACHUSETTS,Suffolk,Boston,Milk and Washington Sts.,https://catalog.archives.gov/id/63793859,10/15/66,10/9/60,,Boston,66000778
66000779,,Old State House,Listed,Single,FALSE,0.9, POLITICS/GOVERNMENT; ARCHITECTURE,BUILDING,MASSACHUSETTS,Suffolk,Boston,Washington and State Sts.,https://catalog.archives.gov/id/63793861,10/15/66,10/9/60, Second Town House,Boston,66000779
70000691,,Old West Church,Listed,Single,FALSE,1, ARCHITECTURE,BUILDING,MASSACHUSETTS,Suffolk,Boston,131 Cambridge St.,https://catalog.archives.gov/id/63793835,12/30/70,12/30/70, West End Church;United Methodist,,70000691
66000780,,"Olmsted, Frederick Law, House, National Historic Site",Listed,Single,FALSE,1.8, COMMUNITY PLANNING AND DEVELOPMENT; LANDSCAPE ARCHITECTURE,BUILDING,MASSACHUSETTS,Norfolk,Brookline,99 Warren St.,https://catalog.archives.gov/id/63793805,10/15/66,5/23/63, Frederick Law Olmsted National Historic Site,Frederick Law Olmstead,66000780
66000781,,Orchard House,Listed,Single,FALSE,2.1, LITERATURE,BUILDING,MASSACHUSETTS,Middlesex,Concord,Lexington Rd.,https://catalog.archives.gov/id/63793757,10/15/66,12/29/62," Alcott,Louisa May,House",,66000781
70000539,,"Otis, (First) Harrison Gray, House",Listed,Single,FALSE,1, ARCHITECTURE,BUILDING,MASSACHUSETTS,Suffolk,Boston,141 Cambridge St.,https://catalog.archives.gov/id/63793829,12/30/70,12/30/70,,,70000539
75000291,,"Paine, Robert Treat, Jr., House",Listed,Single,FALSE,113, LANDSCAPE ARCHITECTURE; ARCHITECTURE; SOCIAL HISTORY,BUILDING,MASSACHUSETTS,Middlesex,Waltham,577 Beaver St.,https://catalog.archives.gov/id/63795981,10/7/75,6/30/89, Stonehurst,,75000291
66000782,,"Parkman, Francis, House",Listed,Single,FALSE,0.9, LITERATURE,BUILDING,MASSACHUSETTS,Suffolk,Boston,50 Chestnut St.,https://catalog.archives.gov/id/63793885,10/15/66,12/29/62,,,66000782
71000903,,"Parsonage, The",Listed,Single,FALSE,0.9, LITERATURE,BUILDING,MASSACHUSETTS,Middlesex,Natick,16 Pleasant St.,https://catalog.archives.gov/id/63793761,11/11/71,11/11/71, Horatio Alger House,,71000903
66000783,,Peabody Museum of Salem,Listed,Single,FALSE,1, EDUCATION,BUILDING,MASSACHUSETTS,Essex,Salem,161 Essex St.,https://catalog.archives.gov/id/63793691,10/15/66,12/21/65, East India Marine Hall;Peabody Academy of Science,,66000783
68000041,,Peirce-Nichols House,Listed,Single,FALSE,1, ARCHITECTURE,BUILDING,MASSACHUSETTS,Essex,Salem,80 Federal St.,https://catalog.archives.gov/id/63793673,11/24/68,11/24/68,,,68000041
68000042,,Pierce-Hichborn House,Listed,Single,FALSE,0.9, ARCHITECTURE,BUILDING,MASSACHUSETTS,Suffolk,Boston,29 North Sq.,,11/24/68,11/24/68,,,68000042
12000818,,"Pinkham, Lydia, House",Listed,Single,FALSE,, ARCHITECTURE; COMMERCE; SOCIAL HISTORY,BUILDING,MASSACHUSETTS,Essex,Lynn,285 Western Ave.,https://catalog.archives.gov/id/63794782,9/25/12,8/25/15,,,12000818
86000092,,PT BOAT 796 (torpedo boat),Listed,Single,FALSE,0.9, MILITARY,STRUCTURE,MASSACHUSETTS,Bristol,Fall River,Battleship Cove,,1/14/86,1/14/86,,,86000092
72001330,,"Putnam, Gen. Rufus, House",Listed,Single,FALSE,135, MILITARY,BUILDING,MASSACHUSETTS,Worcester,Rutland,344 Main St.,https://catalog.archives.gov/id/63793913,11/28/72,11/28/72, Bliss-Murray-Putnam House,,72001330
70000095,,Quincy Homestead,Listed,Single,FALSE,1.8, LITERATURE; EDUCATION; POLITICS/GOVERNMENT; ARCHITECTURE,building,MASSACHUSETTS,Norfolk,Quincy,34 Butler Road,https://catalog.archives.gov/id/63796334,7/1/70,4/5/05,,,70000095
66000784,,Quincy Market,Listed,Single,FALSE,4.5, COMMERCE; ARCHITECTURE,BUILDING,MASSACHUSETTS,Suffolk,Boston,S. Market St.,https://catalog.archives.gov/id/63793849,11/13/66,11/13/66, Faneuil Hall Market,,66000784
97001274,,"Quincy, Josiah, House",Listed,Single,FALSE,0.8, ARCHITECTURE; POLITICS/GOVERNMENT,BUILDING,MASSACHUSETTS,Norfolk,Quincy,20 Muirhead St.,,9/25/97,9/25/97,,,97001274
71000911,,Red Top,Listed,Single,FALSE,1.5, LITERATURE,BUILDING,MASSACHUSETTS,Middlesex,Belmont,90 Somerset St.,https://catalog.archives.gov/id/63793887,11/11/71,11/11/71, William Dean Howells House,,71000911
03000642,,Revere Beach Reservation,Listed,Single,FALSE,60, LANDSCAPE ARCHITECTURE; COMMUNITY PLANNING AND DEVELOPMENT,SITE,MASSACHUSETTS,Suffolk,Revere,"Revere Beach Boulevard, Eliot Circle to Northern Circle",https://catalog.archives.gov/id/63793881,5/27/03,5/27/03,,,03000642
66000785,,"Revere, Paul, House",Listed,Single,FALSE,0.9, MILITARY; ARCHITECTURE,BUILDING,MASSACHUSETTS,Suffolk,Boston,19 North Sq.,,10/15/66,1/20/61,,Boston,66000785
92001874,,"Richards, Ellen H. Swallow, House",Listed,Single,FALSE,0.2, EDUCATION; ENGINEERING; HEALTH/MEDICINE; INVENTION; SCIENCE; SOCIAL HISTORY,BUILDING,MASSACHUSETTS,Suffolk,Jamaica Plain,32 Eliot St.,,3/31/92,3/31/92,,,92001874
76001999,,"Richards, Theodore W., House",Listed,Single,FALSE,0.9, SCIENCE,BUILDING,MASSACHUSETTS,Middlesex,Cambridge,15 Follen St.,,1/7/76,1/7/76, 15 Follen St.,,76001999
97001278,,ROSEWAY (schooner),Listed,Single,FALSE,0.9, ARCHITECTURE; MARITIME HISTORY; MILITARY; COMMERCE,SITE,MASSACHUSETTS,Suffolk,Boston,Boston Harbor,,9/25/97,9/25/97, PILOT SCHOONER ROSEWAY,,97001278
06000236,,"Rotch, William J., Gothic Cottage",Listed,Single,FALSE,0.9, ARCHITECTURE,BUILDING,MASSACHUSETTS,Bristol,New Bedford,19 Irving St.,https://catalog.archives.gov/id/63793651,2/17/06,2/17/06, See also: County Street Historic District,,06000236
05000456,,"Rotch, William Jr., House",Listed,Single,FALSE,,,BUILDING,MASSACHUSETTS,Bristol,New Bedford,396 County Street,https://catalog.archives.gov/id/63793655,4/5/05,4/5/05,,,05000456
66000786,,"Royall, Isaac, House",Listed,Single,FALSE,2, ARCHITECTURE,BUILDING,MASSACHUSETTS,Middlesex,Medford,15 George St.,https://catalog.archives.gov/id/63793721,10/15/66,10/9/60,,,66000786
75001942,,"Rumford, Count, Birthplace",Listed,Single,FALSE,0.9, SCIENCE,BUILDING,MASSACHUSETTS,Middlesex,Woburn,90 Elm St.,https://catalog.archives.gov/id/63793785,5/15/75,5/15/75, Rumford House,,75001942
100009826,NL,Sampson-White Joiner Shop,Listed,NHL,FALSE,, ENGINEERING; AGRICULTURE,,MASSACHUSETTS,Plymouth,Duxbury,267 Winter Street,,,12/11/23,,,100009826
100009827,SG,Sampson-White Joiner Shop,Listed,Single,FALSE,, ENGINEERING; AGRICULTURE,,MASSACHUSETTS,Plymouth,Duxbury,267 Winter Street,,,12/11/23,,,100009826
66000047,AD,Saugus Iron Works National Historic Site,Listed,Add.Doc.,FALSE,8.5, INDUSTRY; ENGINEERING; ARCHITECTURE,DISTRICT,MASSACHUSETTS,Essex,Saugus,244 Central St.,,10/15/66,11/27/63, Hammersmith,Saugus Iron Works,66000047
70000731,,"Sears, David, House",Listed,Single,FALSE,1, ARCHITECTURE,BUILDING,MASSACHUSETTS,Suffolk,Boston,42 Beacon St.,https://catalog.archives.gov/id/63793831,12/30/70,12/30/70, Somerset Club,,70000731
70000732,,"Sever Hall, Harvard University",Listed,Single,FALSE,1, ARCHITECTURE,BUILDING,MASSACHUSETTS,Middlesex,Cambridge,Harvard Yard,https://catalog.archives.gov/id/63793731,12/30/70,12/30/70,,,70000732
66000787,,Shirley-Eustis House,Listed,Single,FALSE,0.3, ARCHITECTURE,BUILDING,MASSACHUSETTS,Suffolk,Roxbury,31-37 Shirley St.,https://catalog.archives.gov/id/63793825,10/15/66,10/9/60,,,66000787
68000043,,Spencer-Pierce-Little House,Listed,Single,FALSE,50, ARCHITECTURE,BUILDING,MASSACHUSETTS,Essex,Newbury,Little's Lane,https://catalog.archives.gov/id/63793681,11/24/68,11/24/68,,,68000043
66000898,AD,Springfield Armory (Additional Documentation),Returned,Add.Doc.,FALSE,54.93, MILITARY; INDUSTRY; EDUCATION; ARCHITECTURE; LANDSCAPE ARCHITECTURE; ARCHEOLOGY-HISTORIC NON-ABORIGINAL,district,MASSACHUSETTS,Hampden,Springfield,"State, Federal, Pearl, and Byers Sts.",https://catalog.archives.gov/id/63793713,10/15/66,12/19/60, Springfield Armory National Historic Site;Armory Square; Armory Square,Springfield Armory,66000898
66000898,RS,Springfield Armory (Additional Documentation),Listed,Resubmission,FALSE,54.93, MILITARY; INDUSTRY; EDUCATION; ARCHITECTURE; LANDSCAPE ARCHITECTURE; ARCHEOLOGY-HISTORIC NON-ABORIGINAL; POLITICS/GOVERNMENT,district,MASSACHUSETTS,Hampden,Springfield,"State, Federal, Pearl, and Byers Sts.",https://catalog.archives.gov/id/63793713,8/13/24,12/19/60, Springfield Armory National Historic Site;Armory Square; Armory Square,Springfield Armory,66000898
66000898,RS,Springfield Armory (Additional Documentation),Returned,Resubmission,FALSE,54.93, MILITARY; INDUSTRY; EDUCATION; ARCHITECTURE; LANDSCAPE ARCHITECTURE; ARCHEOLOGY-HISTORIC NON-ABORIGINAL,district,MASSACHUSETTS,Hampden,Springfield,"State, Federal, Pearl, and Byers Sts.",https://catalog.archives.gov/id/63793713,10/15/66,12/19/60, Springfield Armory National Historic Site;Armory Square; Armory Square,Springfield Armory,66000898
66000898,,Springfield Armory National Historic Site,Listed,Single,FALSE,54, MILITARY; POLITICS/GOVERNMENT,DISTRICT,MASSACHUSETTS,Hampden,Springfield,Armory Sq.,https://catalog.archives.gov/id/63793713,10/15/66,12/19/60, Springfield Armory National Historic Site;Armory Square,Springfield Armory,66000898
70000730,,St. Paul's Church,Listed,Single,FALSE,1.3, ARCHITECTURE,BUILDING,MASSACHUSETTS,Suffolk,Boston,136 Tremont St.,https://catalog.archives.gov/id/63793841,12/30/70,12/30/70, Cathedral Church of St. Paul,,70000730
73001952,,"Story, Joseph, House",Listed,Single,FALSE,1.1, LAW,BUILDING,MASSACHUSETTS,Essex,Salem,26 Winter St.,https://catalog.archives.gov/id/63793701,11/7/73,11/7/73,,,73001952
89001246,,"Stoughton, Mary Fisk, House",Listed,Single,FALSE,0, ARCHITECTURE,BUILDING,MASSACHUSETTS,Middlesex,Cambridge,90 Brattle St.,,6/29/89,6/29/89, See Also: Cambridge MRA; Old Cambridge Historic District,,89001246
73001953,,"Sumner, Charles, House",Listed,Single,FALSE,0.9, POLITICS/GOVERNMENT; SOCIAL HISTORY,BUILDING,MASSACHUSETTS,Suffolk,Boston,20 Hancock St.,https://catalog.archives.gov/id/63793823,11/7/73,11/7/73,,,73001953
99000633,,Symphony Hall,Listed,Single,FALSE,0.9, PERFORMING ARTS; ARCHITECTURE,BUILDING,MASSACHUSETTS,Suffolk,Boston,301 Massachusetts Avenue,,1/20/99,1/20/99, See also:Symphony and Horticulture Halls 75000301,,99000633
76002002,,"Thomson, Elihu, House",Listed,Single,FALSE,0.9, SCIENCE,BUILDING,MASSACHUSETTS,Essex,Swampscott,33 Elmwood Ave.,,1/7/76,1/7/76, Elihu Thomson Administration Building,,76002002
89002465,,Torpedo Boat PT-617,Listed,Single,FALSE,0.1, MILITARY; ARCHITECTURE,STRUCTURE,MASSACHUSETTS,Bristol,Falls River,Battleship Cove,,12/20/89,12/20/89, BIG RED COCK;DRAGON LADY,,89002465
66000788,,Tremont Street Subway,Listed,Single,FALSE,6, TRANSPORTATION,STRUCTURE,MASSACHUSETTS,Suffolk,Boston,"Beneath Tremont, Boylston, and Washington Sts.",https://catalog.archives.gov/id/63793905,10/15/66,1/29/64, Green Line,,66000788
70000733,,Trinity Church,Listed,Single,FALSE,1, ARCHITECTURE,BUILDING,MASSACHUSETTS,Suffolk,Boston,Copley Sq.,https://catalog.archives.gov/id/63797046,7/1/70,12/30/70, Trinity Episcopal Church,,70000733
76002003,,"Trotter, William Monroe, House",Listed,Single,FALSE,0.9, BLACK; LITERATURE; SOCIAL HISTORY,BUILDING,MASSACHUSETTS,Suffolk,Dorchester,97 Sawyer Ave.,,5/11/76,5/11/76,,,76002003
68000044,,"Tufts, Peter, House",Listed,Single,FALSE,0.3, ARCHITECTURE,BUILDING,MASSACHUSETTS,Middlesex,Medford,350 Riverside Ave.,https://catalog.archives.gov/id/63793723,11/24/68,11/24/68,,,68000044
71000355,MP,Twin Lights Historic District-Cape Ann Light Station,Listed,Multiple,FALSE,50, ENGINEERING; TRANSPORTATION,DISTRICT,MASSACHUSETTS,Essex,Rockport,1 mi. E of Rockport on Thatcher's Island,https://catalog.archives.gov/id/63790218,10/7/71,1/3/01, Thatcher's Island Twin Lights;Cape Anne Light Station,,71000355
70000735,,U.S. Customhouse,Listed,Single,FALSE,0.9, ARCHITECTURE,BUILDING,MASSACHUSETTS,Bristol,New Bedford,SW corner of 2nd and Williams Sts.,https://catalog.archives.gov/id/63793653,12/30/70,12/30/70,,,70000735
66000789,,U.S.S. CONSTITUTION,Listed,Single,FALSE,0.9, MILITARY; POLITICS/GOVERNMENT,STRUCTURE,MASSACHUSETTS,Suffolk,Boston,Boston Naval Shipyard,https://catalog.archives.gov/id/63793893,10/15/66,12/19/60, OLD IRONSIDES,,66000789
76000231,MP,U.S.S. JOSEPH P. KENNEDY JR. (DD-850),Listed,Multiple,FALSE,0.9, MILITARY; TRANSPORTATION,STRUCTURE,MASSACHUSETTS,Bristol,Fall River,Battleship Cove,https://catalog.archives.gov/id/63789785,9/30/76,6/29/89,,,76000231
03000645,,Union Oyster House,Listed,Single,FALSE,0.9, ARCHITECTURE; COMMERCE; MARITIME HISTORY,BUILDING,MASSACHUSETTS,Suffolk,Boston,41-43 Union Street,https://catalog.archives.gov/id/63793851,5/27/03,5/27/03, Atwood &amp; Bacon; Atwood,,03000645
70000734,,United First Parish Church (Unitarian) of Quincy,Listed,Single,FALSE,2, ARCHITECTURE,BUILDING,MASSACHUSETTS,Norfolk,Quincy,1266 Hancock St.,https://catalog.archives.gov/id/63793793,12/30/70,12/30/70, Stone Temple;Church of the Presidents,Adams,70000734
70000736,,"University Hall, Harvard University",Listed,Single,FALSE,1, ARCHITECTURE,BUILDING,MASSACHUSETTS,Middlesex,Cambridge,Harvard Yard,https://catalog.archives.gov/id/63793719,12/30/70,12/30/70,,,70000736
86000084,,USS CASSIN YOUNG (destroyer),Listed,Single,FALSE,0.9, MILITARY,STRUCTURE,MASSACHUSETTS,Suffolk,Boston,Charlestown Navy Yard,,1/14/86,1/14/86, DD-793,,86000084
76002270,,USS LIONFISH (SS0298) National Historic Landmark,Listed,Single,FALSE,0.9, MILITARY,STRUCTURE,MASSACHUSETTS,Bristol,Fall River,Battleship Cove,https://catalog.archives.gov/id/63794578,9/30/76,1/14/86, See Also:USS LIONFISH,,76002270
76002269,,USS MASSACHUSETTS (BB-59) National Historic Landmark,Listed,Single,FALSE,0.9, MILITARY,STRUCTURE,MASSACHUSETTS,Bristol,Fall River,Battleship Cove,https://catalog.archives.gov/id/63794580,9/30/76,1/14/86, See Also:USS MASSACHUSETTS,,76002269
70000737,,"Vale, The",Listed,Single,FALSE,33, LANDSCAPE ARCHITECTURE; ARCHITECTURE,BUILDING,MASSACHUSETTS,Middlesex,Waltham,Lyman and Beaver Sts.,https://catalog.archives.gov/id/63793743,12/30/70,12/30/70, Theodore Lyman Estate,,70000737
66000790,,Walden Pond,Listed,Single,FALSE,250, LITERATURE,SITE,MASSACHUSETTS,Middlesex,Concord,1.5 mi. S of Concord,https://catalog.archives.gov/id/63793759,10/15/66,12/29/62, Walden Pond State Reservation,,66000790
68000045,,"Ward, John, House",Listed,Single,FALSE,0.2, ARCHITECTURE,BUILDING,MASSACHUSETTS,Essex,Salem,132 Essex St.,https://catalog.archives.gov/id/63793683,11/24/68,11/24/68,,,68000045
80000356,,"Wayside, The",Listed,Single,FALSE,3.3, LITERATURE; ARCHITECTURE; PHILOSOPHY; SOCIAL HISTORY,BUILDING,MASSACHUSETTS,Middlesex,Concord,455 Lexington Rd.,https://catalog.archives.gov/id/63795985,7/11/80,2/4/85, Home of Authors,Minute Man,80000356
74002053,,"Webster, Daniel, Law Office and Library",Listed,Single,FALSE,0.9, LAW; POLITICS/GOVERNMENT,BUILDING,MASSACHUSETTS,Plymouth,Marshfield,Careswell and Webster Sts.,https://catalog.archives.gov/id/63793815,5/30/74,5/30/74,,,74002053
05000458,,Wesleyan Grove,Listed,Single,FALSE,,,DISTRICT,MASSACHUSETTS,Dukes,Oak Bluffs,Martha's Vineyard,https://catalog.archives.gov/id/63793665,4/5/05,4/5/05,,,05000458
100006273,NL,Western Railroad  Stone Arch Bridges and Chester Factory Village Depot,Listed,NHL,FALSE,5.5, ENGINEERING; TRANSPORTATION,district,MASSACHUSETTS,Berkshire,Becket,"Vicinity of Herbert Cross Road, Middlefield/Becket Line (Bridges and Roadbed); 10 Prospect Street (Depot)",,,1/13/21,,,100006273
100006274,SG,Western Railroad  Stone Arch Bridges and Chester Factory Village Depot,Listed,Single,FALSE,5.5, ENGINEERING; TRANSPORTATION,district,MASSACHUSETTS,Berkshire,Becket,"Vicinity of Herbert Cross Road, Middlefield/Becket Line (Bridges and Roadbed); 10 Prospect Street (Depot)",,,1/13/21,,,100006273
66000791,,"Whipple, John, House",Listed,Single,FALSE,2, ARCHITECTURE,BUILDING,MASSACHUSETTS,Essex,Ipswich,53 S. Main St.,https://catalog.archives.gov/id/63793669,10/15/66,10/9/60,,,66000791
66000792,,"Whittier, John Greenleaf, House",Listed,Single,FALSE,0.3, LITERATURE,BUILDING,MASSACHUSETTS,Essex,Amesbury,86 Friend St.,https://catalog.archives.gov/id/63793695,10/15/66,12/29/62,,,66000792
76000290,,Woburn Public Library,Listed,Single,FALSE,5, ARCHITECTURE; SOCIAL HISTORY,BUILDING,MASSACHUSETTS,Middlesex,Woburn,Pleasant St.,https://catalog.archives.gov/id/63796057,11/13/76,12/23/87, Winn Memorial Library,,76000290
66000793,,Wright's Tavern,Listed,Single,FALSE,0.3, MILITARY,BUILDING,MASSACHUSETTS,Middlesex,Concord,Lexington Rd. opposite the Burying Ground,https://catalog.archives.gov/id/63793767,10/15/66,1/20/61,,,66000793
72000613,,Bay View,Listed,Single,FALSE,337.8, COMMUNITY PLANNING AND DEVELOPMENT; LANDSCAPE ARCHITECTURE; EDUCATION; ARCHITECTURE; RELIGION,DISTRICT,MICHIGAN,Emmet,Petoskey,NE of Petoskey on US 31,https://catalog.archives.gov/id/25339264,3/16/72,12/23/87, Bay View Association,,72000613
89001097,ADNL,Calumet Historic District,Done,NHL Updated Documentation,TRUE,340, INDUSTRY; ENGINEERING,district,MICHIGAN,Houghton,Calumet,Address Restricted,,,9/2/24,,,89001097
89001097,,Calumet Historic District,Listed,Single,TRUE,340, INDUSTRY; ENGINEERING,DISTRICT,MICHIGAN,Houghton,Calumet,Address Restricted,https://catalog.archives.gov/id/25338750,3/28/89,3/28/89, See Also: Calumet Downtown Historic District;Calumet and Hec,,89001097
90002221,,CITY OF MILWAUKEE,Listed,Single,FALSE,0.9, ARCHITECTURE; MARITIME HISTORY; TRANSPORTATION,STRUCTURE,MICHIGAN,Benzie,Manistee,"Marine Terminal Railyard, E. slip",https://catalog.archives.gov/id/25338734,12/14/90,12/14/90, SS CITY OF MILWAUKEE;CITY OF MILWAUKEE (Car Ferry),,90002221
73000954,,Cranbrook,Listed,Single,FALSE,300, ART; EUROPEAN; ARCHITECTURE,DISTRICT,MICHIGAN,Oakland,Bloomfield Hills,Lone Pine Rd.,https://catalog.archives.gov/id/25340290,3/7/73,6/29/89,,,73000954
14000279,,"Detroit Industry Murals, Detroit Institute of Arts",Listed,Single,FALSE,,,OBJECT,MICHIGAN,Wayne,Detroit,5200 Woodward Ave.,,4/22/14,4/22/14,,,14000279
89001167,,"Dow, Alden B., House and Studio",Listed,Single,FALSE,27.2, ARCHITECTURE,BUILDING,MICHIGAN,Midland,Midland,315 Post St.,https://catalog.archives.gov/id/25338763,6/29/89,6/29/89,,,89001167
76001033,,"Dow, Herbert H., House",Listed,Single,FALSE,40, SCIENCE,BUILDING,MICHIGAN,Midland,Midland,1038 W. Main St.,https://catalog.archives.gov/id/25338765,5/11/76,5/11/76, Dow House,,76001033
75000943,,Durant-Dort Carriage Company Office,Listed,Single,FALSE,0.9, INDUSTRY; TRANSPORTATION,BUILDING,MICHIGAN,Genesee,Flint,315 W. Water St.,https://catalog.archives.gov/id/25339308,9/2/75,6/16/78, Arrowhead Veterans Club,,75000943
66000399,,Fair Lane,Listed,Single,FALSE,350, INDUSTRY; COMMERCE; TRANSPORTATION; SCIENCE; INVENTION,DISTRICT,MICHIGAN,Wayne,Dearborn,4901 Evergreen Rd.,,11/13/66,11/13/66, Henry Ford Estate,,66000399
80001922,,Fisher and New Center Buildings,Listed,Single,FALSE,6, INDUSTRY; COMMERCE; ART; ARCHITECTURE,BUILDING,MICHIGAN,Wayne,Detroit,7430 2nd Ave. and 3011 W. Grand Blvd.,https://catalog.archives.gov/id/25340844,10/14/80,6/29/89, Fisher Building,,80001922
07000847,,Fisher Building,Listed,Single,FALSE,,,BUILDING,MICHIGAN,Wayne,Detroit,3011 West Grand Boulevard,https://catalog.archives.gov/id/25341178,6/29/89,6/29/89, See also: 80001922; Fisher and New Center Buildings,,07000847
02000041,,Ford Piquette Avenue Plant,Listed,Single,FALSE,0.5, INDUSTRY,BUILDING,MICHIGAN,Wayne,Detroit,411 Piquette Ave.,https://catalog.archives.gov/id/25341152,2/22/02,2/17/06,,,02000041
78001516,,Ford River Rouge Complex,Listed,Single,FALSE,900, INDUSTRY; ENGINEERING; TRANSPORTATION,DISTRICT,MICHIGAN,Wayne,Dearborn,3001 Miller Rd.,https://catalog.archives.gov/id/25338791,6/2/78,6/2/78,,,78001516
79001164,,"Ford, Edsel and Eleanor, House (Gaukler Pointe)",Listed,Single,FALSE,87.5, LANDSCAPE ARCHITECTURE; ART; ARCHITECTURE,BUILDING,MICHIGAN,Macomb,St. Clair & Grosse Pointe Shores,1100 Lakeshore Rd.,https://catalog.archives.gov/id/25339988,7/24/79,10/31/16, Lakeview;Gaukler Point,,79001164
66000395,,Fort Michilimackinac,Listed,Single,FALSE,27, MILITARY; POLITICS/GOVERNMENT,SITE,MICHIGAN,Emmet,Mackinaw City,Near Mackinac Bridge at the terminus of U.S. 31,https://catalog.archives.gov/id/25338744,10/15/66,10/9/60,,,66000395
85000280,,Fox Theater Building,Listed,Single,FALSE,0.9, ENTERTAINMENT/RECREATION; ARCHITECTURE,BUILDING,MICHIGAN,Wayne,Detroit,2111 Woodward Ave.,https://catalog.archives.gov/id/25338781,2/14/85,6/29/89,,,85000280
78001520,,General Motors Building,Listed,Single,FALSE,3.7, INDUSTRY; COMMERCE; TRANSPORTATION,BUILDING,MICHIGAN,Wayne,Detroit,3044 W. Grand Blvd.,https://catalog.archives.gov/id/25338787,6/2/78,6/16/78,,,78001520
14000921,,General Motors Technical Center,Listed,Single,FALSE,,,BUILDING,MICHIGAN,Macomb,Warren,"Bounded by 12 Mile, Mound and Chicago Rds.",,8/25/14,8/25/14,,,14000921
72000637,,Grand Hotel,Listed,Single,FALSE,9.9, ENTERTAINMENT/RECREATION; ARCHITECTURE,BUILDING,MICHIGAN,Mackinac,Mackinac Island,Grand Ave.,https://catalog.archives.gov/id/25339956,5/5/72,6/29/89,,,72000637
69000071,,Greenfield Village and Henry Ford Museum,Listed,Single,FALSE,0, ENTERTAINMENT/RECREATION; EDUCATION,DISTRICT,MICHIGAN,Wayne,Dearborn,"Bounded by Michigan Ave. on the N, Village Rd. on the S, Southfield Expwy. on the E, and Oakland Blvd. on the W",https://catalog.archives.gov/id/25340730,10/20/69,6/2/78, Edison Institute,,69000071
89001165,,Guardian Building,Listed,Single,FALSE,0.9, ARCHITECTURE,BUILDING,MICHIGAN,Wayne,Detroit,500 Griswold St.,https://catalog.archives.gov/id/25338777,6/29/89,6/29/89, Union Trust Building,,89001165
68000026,,"Hemingway, Ernest, Cottage",Listed,Single,FALSE,0, LITERATURE,BUILDING,MICHIGAN,Emmet,Walloon Lake,Between N shore of Walloon Lake and Lake Grove Rd.,https://catalog.archives.gov/id/25338742,11/24/68,11/24/68, Windemere,,68000026
73000961,,"Highland Park Plant, Ford Motor Company",Listed,Single,FALSE,55, INDUSTRY; ENGINEERING; TRANSPORTATION; ARCHITECTURE,BUILDING,MICHIGAN,Wayne,Highland Park,15050 Woodward Ave.,https://catalog.archives.gov/id/25341014,2/6/73,6/16/78,,,73000961
76001974,,HURON (lightship),Listed,Single,FALSE,0.1, MILITARY; TRANSPORTATION; POLITICS/GOVERNMENT; ARCHITECTURE,STRUCTURE,MICHIGAN,St. Clair,Port Huron,Pine Grove Park on St. Clair River,https://catalog.archives.gov/id/25340523,7/12/76,12/20/89, Relief (lightship); Grays Reef; North Manitou Shoal,,76001974
15000621,,Lafayette Park,Listed,Single,FALSE,,,,MICHIGAN,Wayne,Detroit,"Roughly, Antietam Ave., Orleans, E. Lafayette, and Rivard Streets",,7/21/15,7/21/15,,,15000621
66000397,,Mackinac Island,Listed,Single,FALSE,0, EXPLORATION/SETTLEMENT,DISTRICT,MICHIGAN,Mackinac,Mackinac Island,NE across the Straits of Mackinac from Mackinaw City,https://catalog.archives.gov/id/25338759,10/15/66,10/9/60,,,66000397
91002053,,Marshall Michigan Historic Landmark District,Listed,Single,FALSE,325, ARCHITECTURE,DISTRICT,MICHIGAN,Calhoun,Marshall,"Roughly bounded by Plum St., East Dr., Forest St. and Hanover St.",https://catalog.archives.gov/id/25338736,7/17/91,7/17/91,,,91002053
10001023,,McGregor Memorial Conference Center,Listed,Single,FALSE,1, ARCHITECTURE,BUILDING,MICHIGAN,Wayne,Detroit,495 Ferry Mall (campus of Wayne State University),https://catalog.archives.gov/id/25340778,12/13/10,2/27/15,,,10001023
79001166,,Meadow Brook Farms,Listed,Single,FALSE,123.5, LANDSCAPE ARCHITECTURE; ART; AGRICULTURE; ARCHITECTURE,building,MICHIGAN,Oakland,Rochester,480 S. Adams Rd.,https://catalog.archives.gov/id/25340198,4/17/79,3/2/12, Meadow Brook Estate; Meadow Brook Hall,,79001166
71000396,MP,Michigan State Capitol,Listed,Multiple,FALSE,12, ARCHITECTURE; POLITICS/GOVERNMENT,BUILDING,MICHIGAN,Ingham,Lansing,Capitol and Michigan Aves.,https://catalog.archives.gov/id/25339507,1/25/71,10/5/92, State Capitol,,71000396
100006259,NL,Minong Copper Mining Historic District,Listed,NHL,TRUE,275, INDUSTRY; PREHISTORIC; HISTORIC - ABORIGINAL,district,MICHIGAN,Keweenaw,Isle Royale National Park,Address Restricted,,,1/13/21,,,77000153
98001191,,North Manitou Island Lifesaving Station,Listed,Single,FALSE,3, MARITIME HISTORY; ENGINEERING,DISTRICT,MICHIGAN,Leelanau,Sleeping Bear Dunes National Seashor,"East Coast, North Manitou Island",https://catalog.archives.gov/id/25338755,8/5/98,8/5/98, North Manitou Coast Guard Station,Sleeping Bear Dunes,98001191
66000396,,Norton Mound Group,Listed,Single,TRUE,15, PREHISTORIC,SITE,MICHIGAN,Kent,Grand Rapids,Address Restricted,,10/15/66,12/21/65, Norton Mound Site (20KT1),,66000396
76001039,,Parke-Davis Research Laboratory,Listed,Single,FALSE,1, SCIENCE,BUILDING,MICHIGAN,Wayne,Detroit,Joseph Campau St. at Detroit River,https://catalog.archives.gov/id/25338795,5/11/76,5/11/76, Building 55--Detroit Research,,76001039
71000430,,Pewabic Pottery,Listed,Single,FALSE,0.9, INDUSTRY; ART,BUILDING,MICHIGAN,Wayne,Detroit,10125 E. Jefferson Ave.,https://catalog.archives.gov/id/25340724,9/3/71,12/4/91,,,71000430
89001095,ADNL,Quincy Mining Company Historic District,Done,NHL Updated Documentation,FALSE,1063.46, INDUSTRY; ENGINEERING,district,MICHIGAN,Houghton,Hancock,Area N from Portage Lake to Quincy Hill and along US 41,,,12/13/24,,,89001095
89001095,,Quincy Mining Company Historic District,Listed,Single,FALSE,779, INDUSTRY; ENGINEERING,DISTRICT,MICHIGAN,Houghton,Hancock,Area N from Portage Lake to Quincy Hill and along US 41,https://catalog.archives.gov/id/25338748,2/10/89,2/10/89, See Also: Quincy Mine No. 2 Shaft Hoist House,,89001095
78001500,,Reo Motor Car Company Plant,Removed,Single,FALSE,16.5, INDUSTRY; TRANSPORTATION,BUILDING,MICHIGAN,Ingham,Lansing,2100 S. Washington St.,https://catalog.archives.gov/id/25339529,,6/2/78," Diamond Reo Trucks,Inc.",,78001500
09000679,,S.S. BADGER (carferry),Listed,Single,FALSE,0.9, TRANSPORTATION; ENGINEERING,STRUCTURE,MICHIGAN,Mason,Ludington,700 S. William St.,https://catalog.archives.gov/id/25340103,12/11/09,1/20/16, US Coast Guard Official Number 265156,,09000679
70000684,,St. Clair River Tunnel,Listed,Single,FALSE,16, TRANSPORTATION; ENGINEERING; COMMERCE,STRUCTURE,MICHIGAN,St. Clair,Port Huron,"St. Clair River between Port Huron, Michigan and Sarnia, Ontario",https://catalog.archives.gov/id/25340515,10/15/70,4/19/93,,,70000684
66000398,,St. Ignace Mission,Listed,Single,FALSE,0.9, RELIGION; SOCIAL HISTORY,SITE,MICHIGAN,Mackinac,St. Ignace,"State and Marquette Sts., Marquette Park",https://catalog.archives.gov/id/25338761,10/15/66,10/9/60,,,66000398
66000394,,St. Mary's Falls Canal,Listed,Single,FALSE,156.2, INDUSTRY; COMMERCE,STRUCTURE,MICHIGAN,Chippewa,Sault Ste. Marie,Portage St.,https://catalog.archives.gov/id/25338738,11/13/66,11/13/66, The Soo Locks,,66000394
79001177,OT,STE. CLAIRE (steamer),Removed,Delisting,FALSE,0.9, ARCHITECTURE; MARITIME HISTORY; TRANSPORTATION; ENGINEERING,STRUCTURE,MICHIGAN,Wayne,Detroit,661 Civic Center Dr.,https://catalog.archives.gov/id/25341132,11/2/79,7/6/92, Steamer STE. CLAIRE,,79001177
100009855,NL,STE. CLAIRE (steamer) Removed,Removed,NHL,FALSE,0.9, ARCHITECTURE; MARITIME HISTORY; TRANSPORTATION; ENGINEERING,structure,MICHIGAN,Wayne,Detroit,661 Civic Center Dr.,,,7/6/92,,,79001177
01000654,,Christ Church Lutheran,Listed,Single,FALSE,0.8, ARCHITECTURE,BUILDING,MINNESOTA,Hennepin,Minneapolis,3244 34th Ave. S,https://catalog.archives.gov/id/93201840,6/20/01,1/16/09,,,01000654
89001665,,"Cooke, Jay, State Park CCC/Rustic Style Historic District",Listed,Multiple,FALSE,6.5, LANDSCAPE ARCHITECTURE; ENTERTAINMENT/RECREATION; POLITICS/GOVERNMENT; ARCHITECTURE,DISTRICT,MINNESOTA,Carlton,Carlton,"Off MN 210 E of Carlton, Thomson Township",https://catalog.archives.gov/id/93200146,6/11/92,12/8/76, Jay Cooke State Park,,89001665
71000440,,"Fitzgerald, F. Scott, House",Listed,Single,FALSE,0.2, LITERATURE,BUILDING,MINNESOTA,Ramsey,St. Paul,599 Summit Ave.,https://catalog.archives.gov/id/93201277,11/11/71,11/11/71, Summit Terrace,,71000440
66000401,,Fort Snelling,Listed,Single,FALSE,300, MILITARY,DISTRICT,MINNESOTA,Dakota,St. Paul,"Bounded by Minnehaha Park, the Mississippi River, the airport and Bloomington Rd.",https://catalog.archives.gov/id/93201610,10/15/66,12/19/66,,,66000401
11000565,,Grand Mound,Listed,Single,TRUE,15.8, PREHISTORIC,SITE,MINNESOTA,Koochiching,,Address Restricted,,6/23/11,6/23/11," Smith Site (21KC3), Grand Mound Site; Laurel Mounds, Smith Mounds",,11000565
80002178,MP,Heath Summer Home,Removed,Multiple,FALSE,2, ENTERTAINMENT/RECREATION; ARCHITECTURE,BUILDING,MINNESOTA,Washington,Stillwater,N of Stillwater,,,11/13/66, Foster Summer Residence,Saint Croix,80002178
66000405,,"Hill, James J., House",Listed,Single,FALSE,2, TRANSPORTATION,BUILDING,MINNESOTA,Ramsey,St. Paul,240 Summit Ave.,https://catalog.archives.gov/id/93201281,10/15/66,11/5/61, Hill House,,66000405
66000904,,Hull-Rust-Mahoning Open Pit Iron Mine,Listed,Single,FALSE,0, INDUSTRY; COMMERCE,STRUCTURE,MINNESOTA,St. Louis,Hibbing,"3rd Ave., E.",https://catalog.archives.gov/id/93201293,11/13/66,11/13/66,,,66000904
66000403,,Kathio Site,Listed,Single,TRUE,13000, PREHISTORIC; HISTORIC - ABORIGINAL,DISTRICT,MINNESOTA,Mille Lacs,Vineland and vicinity,Address Restricted,,10/15/66,7/19/64, Kathio Archeological District;Mille-Lacs--Kathio State Park;,,66000403
66000406,,"Kelley, Oliver H., Homestead",Listed,Single,FALSE,189, SOCIAL HISTORY; AGRICULTURE,DISTRICT,MINNESOTA,Sherburne,Elk River,2 mi. SE of Elk River on U.S. 10,https://catalog.archives.gov/id/93202870,10/15/66,7/19/64, Oliver H. Kelley Farm,,66000406
74001035,,"Kellogg, Frank B., House",Listed,Single,FALSE,0.9, POLITICS/GOVERNMENT; ARCHITECTURE; SOCIAL HISTORY,BUILDING,MINNESOTA,Ramsey,St. Paul,633 Fairmount Ave.,https://catalog.archives.gov/id/93202636,11/6/74,12/8/76,,,74001035
68000027,,"Lewis, Sinclair, Boyhood Home",Listed,Single,FALSE,0.9, LITERATURE,BUILDING,MINNESOTA,Stearns,Sauk Centre,812 Sinclair Lewis Ave.,https://catalog.archives.gov/id/93201295,5/23/68,5/23/68,,,68000027
70000303,,"Lindbergh, Charles A., House and Park",Listed,Single,FALSE,17, TRANSPORTATION; POLITICS/GOVERNMENT,BUILDING,MINNESOTA,Morrison,Little Falls,1620 Linbergh Dr. S,https://catalog.archives.gov/id/93202307,11/20/70,12/8/76, Charles A. Lindbergh State Park and Lindbergh House;Charles,,70000303
69000075,,Mayo Clinic Buildings,Listed,Single,FALSE,0.9, SCIENCE; INVENTION,BUILDING,MINNESOTA,Olmsted,Rochester,110 and 115 2nd Ave.,,8/4/69,8/4/69, Mayo Clinic,,69000075
68000052,,Mountain Iron Mine,Listed,Single,FALSE,240, INDUSTRY,SITE,MINNESOTA,St. Louis,Mountain Iron,N of Mountain Iron,https://catalog.archives.gov/id/93201291,11/24/68,11/24/68, Mountain Iron Pit Reservoir,,68000052
71000441,,National Farmers' Bank,Listed,Single,FALSE,0.9, COMMERCE; ARCHITECTURE,BUILDING,MINNESOTA,Steele,Owatonna,101 N. Cedar St.,https://catalog.archives.gov/id/93203103,8/26/71,1/7/76, Northwestern National Bank of Owatonna;National Farmers' Ban,,71000441
78001547,,Peavey-Haglin Experimental Concrete Grain Elevator,Listed,Single,FALSE,0.9, ENGINEERING,STRUCTURE,MINNESOTA,Hennepin,St. Louis Park,Jct. MN 7 and MN 100,https://catalog.archives.gov/id/93201991,12/19/78,12/21/81, Nordic-Ware Tower,,78001547
66000402,,Pillsbury A Mill,Listed,Single,FALSE,0.9, INDUSTRY,BUILDING,MINNESOTA,Hennepin,Minneapolis,301 Main St. SE,https://catalog.archives.gov/id/93201997,11/13/66,11/13/66,,,66000402
76001046,,Rabideau Civilian Conservation Corps (CCC) Camp,Listed,Single,FALSE,18.8, CONSERVATION,DISTRICT,MINNESOTA,Beltrami,Blackduck,"Off Co. Hwy. 39 in Chippewa National Forest, Taylor Township",https://catalog.archives.gov/id/93201370,6/16/76,2/17/06,,,76001046
69000078,,"Rolvaag, O. E., House",Listed,Single,FALSE,0.9, LITERATURE,BUILDING,MINNESOTA,Rice,Northfield,311 Manitou St.,https://catalog.archives.gov/id/93201285,8/4/69,8/4/69,,,69000078
66000905,,Soudan Iron Mine,Listed,Single,FALSE,301, INDUSTRY,SITE,MINNESOTA,St. Louis,Tower,Tower-Soudan State Park,https://catalog.archives.gov/id/93201289,11/13/66,11/13/66,,,66000905
69000073,,Split Rock Light Station,Listed,Single,FALSE,7.6, ARCHITECTURE; MARITIME HISTORY,DISTRICT,MINNESOTA,Lake,Two Harbors,3713 Split Rock Lighthouse Rd.,https://catalog.archives.gov/id/93202200,6/23/69,6/23/11, Split Rock Lighthouse; Split Rock Lighthouse State Park,,69000073
80000409,MP,St. Croix Boom Company House and Barn,Listed,Multiple,FALSE,1, INDUSTRY,BUILDING,MINNESOTA,Washington,Stillwater,NE of Stillwater at 9666 N. St. Croix Trail,https://catalog.archives.gov/id/93201178,6/3/80,11/13/66,,Saint Croix,80000409
66000407,MP,St. Croix Boom Site,Listed,Multiple,FALSE,0, INDUSTRY,SITE,MINNESOTA,Washington,Stillwater,3 mi. N of Stillwater on St. Croix River,https://catalog.archives.gov/id/93201299,11/13/66,11/13/66,,,66000407
97001261,,St. Croix Recreational Demonstration Area,Listed,Single,FALSE,34047, LANDSCAPE ARCHITECTURE; ARCHITECTURE; CONSERVATION; POLITICS/GOVERNMENT,DISTRICT,MINNESOTA,Pine,Hinckley,20 mi. E of Hinckley off MN 48,https://catalog.archives.gov/id/93201275,9/25/97,9/25/97, St. Croix State Park,,97001261
75001024,,Veblen Farmstead,Listed,Single,FALSE,10, ECONOMICS; LITERATURE; POLITICS/GOVERNMENT,BUILDING,MINNESOTA,Rice,Nerstrand,NE of Nerstrand off MN 246,https://catalog.archives.gov/id/93202844,6/30/75,12/21/81, Thornsten Veblen Farm,,75001024
74001046,,"Volstead, Andrew John, House",Listed,Single,FALSE,0.9, POLITICS/GOVERNMENT; SOCIAL HISTORY,BUILDING,MINNESOTA,Yellow Medicine,Granite Falls,163 9th Ave.,https://catalog.archives.gov/id/93203355,12/30/74,12/8/76,,,74001046
83004388,,Washburn A Mill Complex,Listed,Single,FALSE,0, INDUSTRY; AGRICULTURE,DISTRICT,MINNESOTA,Hennepin,Minneapolis,"1st St., S. at Portland Ave.",https://catalog.archives.gov/id/93201262,5/4/83,5/4/83,,,83004388
74001064,,Ammadelle,Listed,Single,FALSE,7, ARCHITECTURE,BUILDING,MISSISSIPPI,Lafayette,Oxford,637 N. Lamar St.,https://catalog.archives.gov/id/73890580,5/30/74,5/30/74,,,74001064
93001606,,Anna Site,Listed,Single,TRUE,25, PREHISTORIC,SITE,MISSISSIPPI,Adams,Natchez,Address Restricted,,9/14/93,9/14/93," Voucherie,Lewis,Robson,Stowers;22-Ad-500",,93001606
73000999,,Arlington,Listed,Single,FALSE,55, ARCHITECTURE,BUILDING,MISSISSIPPI,Adams,Natchez,Main St.,https://catalog.archives.gov/id/73890765,12/12/73,5/30/74,,,73000999
74001047,,Auburn,Listed,Single,FALSE,4.2, ARCHITECTURE,BUILDING,MISSISSIPPI,Adams,Natchez,Duncan Park,https://catalog.archives.gov/id/73890553,5/30/74,5/30/74,,,74001047
71000448,,Beauvoir,Listed,Single,FALSE,87, MILITARY; POLITICS/GOVERNMENT,BUILDING,MISSISSIPPI,Harrison,Biloxi,200 W. Beach Blvd.,https://catalog.archives.gov/id/73891196,9/3/71,11/7/73, Jefferson Davis Shrine;Jefferson Davis House,,71000448
71000450,,Champion Hill Battlefield,Listed,Single,FALSE,4000, MILITARY,DISTRICT,MISSISSIPPI,Hinds,Bolton,4 mi. SW of Bolton,https://catalog.archives.gov/id/73891359,10/7/71,5/5/77,,,71000450
74002252,,Commercial Bank and Banker's House,Listed,Single,FALSE,0.2, ARCHITECTURE,BUILDING,MISSISSIPPI,Adams,Natchez,206 Main St. and 107 Canal St.,https://catalog.archives.gov/id/73890545,5/30/74,5/30/74," First Church of Christ,Scientist, and Banker's House",,74002252
73001024,,Dancing Rabbit Creek Treaty Site,Listed,Single,TRUE,25, PREHISTORIC; POLITICS/GOVERNMENT,SITE,MISSISSIPPI,Noxubee,Macon,Address Restricted,,4/3/73,6/19/96,,,73001024
72000684,,Dunleith,Listed,Single,FALSE,40, COMMERCE; ARCHITECTURE; SOCIAL HISTORY,BUILDING,MISSISSIPPI,Adams,Natchez,84 Homochitto St.,https://catalog.archives.gov/id/73890737,9/14/72,12/2/74, Routhlands,,72000684
88002618,,Emerald Mound Site (22AD504),Listed,Single,TRUE,8, PREHISTORIC; HISTORIC - ABORIGINAL,SITE,MISSISSIPPI,Adams,Stanton,Address Restricted,,11/18/88,12/20/89, 22-AD-504;Selzertown Mound,Natchez Trace,88002618
100000791,NL,"Evers, Medgar, House",Listed,NHL,FALSE,0.9, BLACK; SOCIAL HISTORY,building,MISSISSIPPI,Hinds,Jackson,2332 Margaret Walker Alexander Dr.,,,12/23/16,,,00001459
68000028,,"Faulkner, William, House",Listed,Single,FALSE,31.3, LITERATURE,BUILDING,MISSISSIPPI,Lafayette,Oxford,Old Taylor Rd.,https://catalog.archives.gov/id/73890584,5/23/68,5/23/68, Rowan Oak,,68000028
00000263,,Fort St. Pierre Site,Listed,Single,TRUE,3, HISTORIC - NON-ABORIGINAL; MILITARY; EXPLORATION/SETTLEMENT,SITE,MISSISSIPPI,Warren,Vicksburg,Address Restricted,https://catalog.archives.gov/id/73890594,2/16/00,2/16/00, Fort St. Peter; Fort St. Claude des Yasous; Yazoo Post; Site 23-M-5,,00000263
66000408,,Grand Village of the Natchez Indians,Listed,Single,FALSE,10, HISTORIC - ABORIGINAL,SITE,MISSISSIPPI,Adams,Natchez,3 mi. SE of Natchez,https://catalog.archives.gov/id/73890533,10/15/66,7/19/64, Fatherland Plantation Site,,66000408
75001051,,Hester-Standifer Creek Site,Listed,Single,TRUE,6, PREHISTORIC,SITE,MISSISSIPPI,Monroe,Amory,Address Restricted,,6/5/75,1/3/01,,,75001051
87000863,,Highland Park Dentzel Carousel and Shelter Building,Listed,Single,FALSE,0.9, ENTERTAINMENT/RECREATION,STRUCTURE,MISSISSIPPI,Lauderdale,Meridian,Highland Park,https://catalog.archives.gov/id/73890588,2/27/87,2/27/87, See Also:Highland Park,,87000863
66000412,,Holly Bluff Site,Listed,Single,TRUE,50, PREHISTORIC,SITE,MISSISSIPPI,Yazoo,Holly Bluff,Address Restricted,,10/15/66,7/19/64, Lake George Site,,66000412
74001050,,House on Ellicott's Hill,Listed,Single,FALSE,1.5, ARCHITECTURE,BUILDING,MISSISSIPPI,Adams,Natchez,N. Canal and Jefferson Sts.,https://catalog.archives.gov/id/73890541,5/30/74,5/30/74, Connelly's Tavern;James Moore House,,74001050
73001017,,Jaketown Site,Listed,Single,TRUE,200, PREHISTORIC,SITE,MISSISSIPPI,Humphreys,Belzoni,Address Restricted,,6/19/73,12/14/90,,,73001017
75001048,,"Lamar, Lucius Quintus Cincinnatus, House",Listed,Single,FALSE,2, POLITICS/GOVERNMENT,BUILDING,MISSISSIPPI,Lafayette,Oxford,616 N. 14th St.,https://catalog.archives.gov/id/73890586,5/15/75,5/15/75,,,75001048
88000236,,"Lee, Frances, Mound Group (22HO654)",Listed,Single,TRUE,20, PREHISTORIC,SITE,MISSISSIPPI,Holmes,Tchula,Address Restricted,,4/6/88,6/21/90, 22HO654,,88000236
69000079,,Longwood,Listed,Single,FALSE,86.1, ARCHITECTURE,BUILDING,MISSISSIPPI,Adams,Natchez,1.5 mi. SE of Natchez,https://catalog.archives.gov/id/73890537,12/16/69,12/16/69, Nutt's Folly,,69000079
08001092,,Lyceum-The Circle Historic District,Listed,Single,FALSE,10, EDUCATION; POLITICS/GOVERNMENT; LAW; SOCIAL HISTORY; BLACK,DISTRICT,MISSISSIPPI,Lafayette,Oxford,"University Circle, University of Mississippi",https://catalog.archives.gov/id/73890582,10/6/08,10/6/08,,,08001092
76001102,,"McLaran, Charles, House",Listed,Single,FALSE,0.5, ARCHITECTURE,BUILDING,MISSISSIPPI,Lowndes,Columbus,"514 2nd St., S.",https://catalog.archives.gov/id/73891695,12/12/76,1/3/01, Riverview,,76001102
74002253,,Melrose,Listed,Single,FALSE,56.1, ARCHITECTURE,BUILDING,MISSISSIPPI,Adams,Natchez,Melrose Ave.,https://catalog.archives.gov/id/73890543,5/30/74,5/30/74,,,74002253
69000085,,Mississippi Governor's Mansion,Listed,Single,FALSE,2.4, LANDSCAPE ARCHITECTURE; POLITICS/GOVERNMENT; ARCHITECTURE,BUILDING,MISSISSIPPI,Hinds,Jackson,316 E. Capitol St.,https://catalog.archives.gov/id/73891313,11/25/69,4/24/75, See Also:Smith Park Architectural District,,69000085
69000086,,Mississippi State Capitol,Listed,Single,FALSE,11.2, POLITICS/GOVERNMENT; ARCHITECTURE,BUILDING,MISSISSIPPI,Hinds,Jackson,"500 Mississippi St., north side, between N. President and N. West Sts.",https://catalog.archives.gov/id/73891309,11/25/69,10/31/16, New Capitol,,69000086
73001001,,Monmouth,Listed,Single,FALSE,38, MILITARY; HEALTH/MEDICINE; POLITICS/GOVERNMENT; ARCHITECTURE,BUILDING,MISSISSIPPI,Adams,Natchez,E. Franklin St. and Melrose Ave.,https://catalog.archives.gov/id/73890777,4/26/73,6/7/88,,,73001001
76001092,,"Montgomery, I. T., House",Listed,Single,FALSE,0.9, COMMUNITY PLANNING AND DEVELOPMENT; BLACK; EXPLORATION/SETTLEMENT; SOCIAL HISTORY,BUILDING,MISSISSIPPI,Bolivar,Mound Bayou,W. Main St.,https://catalog.archives.gov/id/73890559,5/11/76,5/11/76,,,76001092
74001057,,Oakland Chapel,Listed,Single,FALSE,0.9, BLACK; EDUCATION; ARCHITECTURE,BUILDING,MISSISSIPPI,Claiborne,Alcorn,Alcorn State University campus,https://catalog.archives.gov/id/73890992,12/27/74,5/11/76," Oakland Memorial Chapel,Alcorn University",,74001057
68000029,,"Old Courthouse, Warren County",Listed,Single,FALSE,0, MILITARY; ARCHITECTURE,BUILDING,MISSISSIPPI,Warren,Vicksburg,Court Sq.,https://catalog.archives.gov/id/73890596,5/23/68,5/23/68,,,68000029
69000087,,Old State Capitol,Listed,Single,FALSE,1.5, POLITICS/GOVERNMENT; ARCHITECTURE,BUILDING,MISSISSIPPI,Hinds,Jackson,100 N. State St.,https://catalog.archives.gov/id/73891323,11/25/69,12/14/90," Mississippi State Capitol,Old",,69000087
70000319,,Pemberton's Headquarters,Listed,Single,FALSE,0.5, MILITARY; POLITICS/GOVERNMENT; ARCHITECTURE,BUILDING,MISSISSIPPI,Warren,Vicksburg,1018 Crawford St.,https://catalog.archives.gov/id/73892159,7/23/70,12/8/76, Willis-Cowan House,,70000319
05000461,,Port Gibson Battle Site,Listed,Single,FALSE,,,SITE,MISSISSIPPI,Claiborne,Port Gibson,West of Port Gibson,https://catalog.archives.gov/id/73890563,4/5/05,4/5/05,,,05000461
85002805,,Rocket Propulsion Test Complex,Listed,Single,FALSE,0.9, OTHER; ENGINEERING; TRANSPORTATION,STRUCTURE,MISSISSIPPI,Hancock,Bay St. Louis,National Space Technology Laboratories (NSTL),https://catalog.archives.gov/id/73890567,10/3/85,10/3/85," A-1/A-2, B-1/B-2 Test Stands",,85002805
77000781,,Rosalie,Listed,Single,FALSE,6.5, MILITARY; ARCHITECTURE,BUILDING,MISSISSIPPI,Adams,Natchez,100 Orleans St.,https://catalog.archives.gov/id/73890775,8/16/77,1/19/89,,,77000781
91001050,,Siege and Battle of Corinth,Listed,Single,FALSE,0,,DISTRICT,MISSISSIPPI,Alcorn,Corinth,Various locations in and around the town of Corinth,https://catalog.archives.gov/id/73890557,5/6/91,5/6/91,,,91001050
74002254,,Stanton Hall,Listed,Single,FALSE,2, ARCHITECTURE,BUILDING,MISSISSIPPI,Adams,Natchez,High St. between Pearl and Commerce Sts.,https://catalog.archives.gov/id/73890539,5/30/74,5/30/74, Belfast,,74002254
73001004,,Waverley,Listed,Single,FALSE,37, COMMERCE; ARCHITECTURE,BUILDING,MISSISSIPPI,Clay,West Point,10 mi. E of West Point,https://catalog.archives.gov/id/73891008,9/20/73,5/30/74, Waverly,,73001004
02001388,,"Welty, Eudora, House",Listed,Single,FALSE,0.9, LITERATURE,BUILDING,MISSISSIPPI,Hinds,Jackson,1119 Pinehurst St.,https://catalog.archives.gov/id/73891357,11/21/02,8/18/04,,,02001388
73001031,,Winterville Site,Listed,Single,TRUE,53, PREHISTORIC,SITE,MISSISSIPPI,Washington,Greenville,Address Restricted,,8/17/73,9/14/93,,,73001031
66000945,,Anheuser-Busch Brewery,Listed,Single,FALSE,142, INDUSTRY,DISTRICT,MISSOURI,St. Louis,St. Louis (Independent City),721 Pestalozzi St.,https://catalog.archives.gov/id/63818186,11/13/66,11/13/66,,,66000945
66000422,,Arrow Rock,Listed,Single,FALSE,260, EXPLORATION/SETTLEMENT,DISTRICT,MISSOURI,Saline,Arrow Rock,Arrow Rock State Park,https://catalog.archives.gov/id/63820090,10/15/66,5/23/63,,,66000422
66000423,,"Bingham, George Caleb, House",Listed,Single,FALSE,0.9, ART,BUILDING,MISSOURI,Saline,Arrow Rock,1st and High Sts. in Arrow Rock State Park,https://catalog.archives.gov/id/63818164,10/15/66,12/21/65,,,66000423
69000305,,"Bolduc, Louis, House",Listed,Single,FALSE,0.9, EXPLORATION/SETTLEMENT; ARCHITECTURE,BUILDING,MISSOURI,Ste. Genevieve,Ste. Genevieve,123 S. Main St.,https://catalog.archives.gov/id/63821139,4/16/69,4/15/70,,,69000305
66000425,,Carrington Osage Village Site,Listed,Single,TRUE,17, HISTORIC - ABORIGINAL,SITE,MISSOURI,Vernon,Nevada,Address Restricted,,10/15/66,7/19/64,,,66000425
90000345,,Christ Church Cathedral,Listed,Single,FALSE,0.9, ARCHITECTURE,BUILDING,MISSOURI,St. Louis,St. Louis (Independent City),1210 Locust St.,https://catalog.archives.gov/id/63818174,3/7/90,10/12/94,,,90000345
76001114,,"Clark, James Beauchamp, House",Listed,Single,FALSE,0.9, POLITICS/GOVERNMENT,BUILDING,MISSOURI,Pike,Bowling Green,204 E. Champ Clark Dr.,https://catalog.archives.gov/id/63818161,12/8/76,12/8/76," James Beauchamp ""Champ"" Clark House;Honey Shuck",,76001114
66000946,,Eads Bridge,Listed,Single,FALSE,6.7, ENGINEERING; TRANSPORTATION,STRUCTURE,MISSOURI,St. Louis,St. Louis (Independent City),Spanning the Mississippi River at Washington St.,https://catalog.archives.gov/id/28891650,10/15/66,1/29/64,,,66000946
76002234,,"Erlanger, Joseph, House",Listed,Single,FALSE,0.9, SCIENCE,BUILDING,MISSOURI,St. Louis,St. Louis (Independent City),5127 Waterman Blvd.,https://catalog.archives.gov/id/63818194,12/8/76,12/8/76,,,76002234
75002137,,"Field, Eugene, House",Listed,Single,FALSE,3, COMMUNITY PLANNING AND DEVELOPMENT; LITERATURE; POLITICS/GOVERNMENT; ARCHITECTURE; SOCIAL HISTORY,BUILDING,MISSOURI,St. Louis,St. Louis (Independent City),634 S. Broadway,https://catalog.archives.gov/id/63820764,8/19/75,3/29/07,,,75002137
66000418,,Fort Osage,Listed,Single,FALSE,220, PREHISTORIC; HISTORIC - ABORIGINAL; COMMERCE; HISTORIC - NON-ABORIGINAL; EXPLORATION/SETTLEMENT,DISTRICT,MISSOURI,Jackson,Sibley,N edge of Sibley on the Missouri River,https://catalog.archives.gov/id/63818147,10/15/66,11/5/61,,,66000418
87001423,,Gateway Arch,Listed,Single,FALSE,62.2, COMMUNITY PLANNING AND DEVELOPMENT; ENGINEERING; ARCHITECTURE,STRUCTURE,MISSOURI,St. Louis,St. Louis (Independent City),Memorial Dr. between Poplar St. & Eads bridges,https://catalog.archives.gov/id/63818178,5/28/87,5/28/87, See Also:Jefferson National Expansion Memorial National Hist,Jefferson National Expansion Memorial National Historic Site,87001423
67000029,,GOLDENROD,Listed,Single,FALSE,0.9, PERFORMING ARTS,STRUCTURE,MISSOURI,St. Louis,St. Louis (Independent City),400 N. Wharf St.,,12/24/67,12/24/67, GOLDENROD Showboat,,67000029
66000420,,Graham Cave,Listed,Single,FALSE,135, PREHISTORIC,SITE,MISSOURI,Montgomery,Mineola,0.5 mi. N of Mineola,https://catalog.archives.gov/id/63818159,10/15/66,1/20/61, Graham Cave State Park;23-MT-2,,66000420
66000941,,Jefferson National Expansion Memorial National Historic Site,Listed,Single,FALSE,90.9, ART; ENGINEERING; LAW; ARCHITECTURE,DISTRICT,MISSOURI,St. Louis,St. Louis (Independent City),Mississippi River between Washington and Poplar Sts.,https://catalog.archives.gov/id/63820643,10/15/66,5/28/87, Old Courthouse;Old Cathedral;See Also:Gateway Arch,Jefferson National Expansion Memorial National Historic Site,66000941
76002235,,"Joplin, Scott, House",Listed,Single,FALSE,0.9, BLACK; PERFORMING ARTS,BUILDING,MISSOURI,St. Louis,St. Louis (Independent City),2658 Delmar Blvd.,https://catalog.archives.gov/id/63818192,12/8/76,12/8/76,,,76002235
00001148,,Liberty Memorial,Listed,Single,FALSE,47.5, ARCHITECTURE; LANDSCAPE ARCHITECTURE; ART; SOCIAL HISTORY,SITE,MISSOURI,Jackson,Kansas City,100 W 26th St.,https://catalog.archives.gov/id/63819276,10/6/00,9/20/06,,,00001148
71001065,,Missouri Botanical Gardens,Listed,Single,FALSE,75, LANDSCAPE ARCHITECTURE; SCIENCE; ARCHITECTURE,DISTRICT,MISSOURI,St. Louis,St. Louis (Independent City),2345 Tower Grove Ave.,https://catalog.archives.gov/id/63820793,11/19/71,12/8/76, Shaw's Garden,,71001065
79001372,,Mutual Musicians' Foundation Building,Listed,Single,FALSE,0.9, BLACK; SOCIAL HISTORY; PERFORMING ARTS,BUILDING,MISSOURI,Jackson,Kansas City,1823 Highland Ave.,https://catalog.archives.gov/id/63819467,2/7/79,12/21/81, Mutual Musicians Association Building;Musician's Union Local,,79001372
66000414,,"Patee, John, House",Listed,Single,FALSE,0.9, COMMUNICATIONS,BUILDING,MISSOURI,Buchanan,St. Joseph,12th and Penn Sts.,https://catalog.archives.gov/id/63818140,10/15/66,11/5/61, Patee House Museum;Patee House,,66000414
69000111,,"Pershing, Gen. John J., Boyhood Home",Listed,Single,FALSE,0.9, MILITARY,BUILDING,MISSOURI,Linn,Laclede,State and Worlow Sts.,https://catalog.archives.gov/id/63819647,5/21/69,5/11/76,,,69000111
66000415,,Research Cave,Listed,Single,TRUE,0.9, PREHISTORIC,SITE,MISSOURI,Callaway,Portland,Address Restricted,,10/15/66,7/19/64,,,66000415
66000413,,Sanborn Field and Soil Erosion Plots,Listed,Single,FALSE,5, SCIENCE; AGRICULTURE,SITE,MISSOURI,Boone,Columbia,University of Missouri campus,https://catalog.archives.gov/id/63818138,10/15/66,7/19/64,,,66000413
88000437,,Shelley House,Listed,Single,FALSE,0.9, BLACK; LAW; SOCIAL HISTORY,BUILDING,MISSOURI,St. Louis,St. Louis (Independent City),4600 Labadie Ave.,https://catalog.archives.gov/id/63818188,4/18/88,12/14/90," Shelley,J. D. and E.,Home;Shelley v. Kraemer House",,88000437
70000888,,St. Louis Union Station,Listed,Single,FALSE,22.5, ENGINEERING; TRANSPORTATION; ARCHITECTURE,BUILDING,MISSOURI,St. Louis,St. Louis (Independent City),18th and Market Sts.,https://catalog.archives.gov/id/63820903,6/15/70,12/30/70, Union Station;St. Louis Union Station and Trainshed,,70000888
66000892,,Ste. Genevieve Historic District,Listed,Single,FALSE,0, EXPLORATION/SETTLEMENT; ARCHITECTURE,DISTRICT,MISSOURI,Ste. Genevieve,Ste. Genevieve,Address unknown at this time,https://catalog.archives.gov/id/63818198,10/15/66,10/9/60," See Also:Bolduc, Louis, House",,66000892
72001556,,Tower Grove Park,Listed,Single,FALSE,277, LANDSCAPE ARCHITECTURE; ARCHITECTURE,DISTRICT,MISSOURI,St. Louis,St. Louis (Independent City),"Bounded by Magnolia Ave. on N, Grand Blvd. on E, Arsenal St. on S, and Kings Highway Blvd. on W",https://catalog.archives.gov/id/63821103,3/17/72,12/20/89, Tower Grove Park of the City of St. Louis,,72001556
71001066,,"Truman, Harry S, Historic District",Listed,Single,FALSE,0, POLITICS/GOVERNMENT,DISTRICT,MISSOURI,Jackson,Independence,"Range 32 West, Township 49 North, Sections 2 and 3; Range 32  West, Township 50 North, Sections 34 and 35.",,11/11/71,11/11/71, See Also:Harry S Truman National Historic Site,,71001066
66000419,,"Twain, Mark, Boyhood Home",Listed,Single,FALSE,0.9, LITERATURE,BUILDING,MISSOURI,Marion,Hannibal,206-208 Hill St.,https://catalog.archives.gov/id/63818157,10/15/66,12/29/62, Samuel Clemens Boyhood Home,,66000419
68000053,,U.S. Customhouse and Post Office,Listed,Single,FALSE,1.7, ART; POLITICS/GOVERNMENT; ARCHITECTURE,BUILDING,MISSOURI,St. Louis,St. Louis (Independent City),8th and Olive Sts.,https://catalog.archives.gov/id/63820722,11/22/68,12/30/70, Old Post Office,,68000053
86000091,,USS INAUGURAL (fleet minesweeper),Removed,Single,FALSE,0.9, MILITARY,STRUCTURE,MISSOURI,St. Louis,St. Louis (Independent City),300 N. Wharf St.,,,1/14/86, AM-242,,86000091
66000424,,Utz Site,Listed,Single,TRUE,280, PREHISTORIC; HISTORIC - ABORIGINAL,SITE,MISSOURI,Saline,Marshall,Address Restricted,,10/15/66,7/19/64, 23SA2,,66000424
68000054,,Wainwright Building,Listed,Single,FALSE,0.9, ARCHITECTURE,BUILDING,MISSOURI,St. Louis,St. Louis (Independent City),709 Chestnut St.,https://catalog.archives.gov/id/63818176,5/23/68,5/23/68,,,68000054
79003636,,Washington University Hilltop Campus Historic District,Listed,Single,FALSE,58, LANDSCAPE ARCHITECTURE; ENTERTAINMENT/RECREATION; EDUCATION; SCIENCE; ARCHITECTURE,DISTRICT,MISSOURI,St. Louis,St. Louis (Independent City),"Roughly bounded by Big Bend, Forsyth, Skinker, and Millbrook Blvds.",https://catalog.archives.gov/id/63820340,1/12/79,2/27/87, Washington University Hilltop Campus Historic District Natio,,79003636
66000416,,Watkins Mill,Listed,Single,FALSE,560, INDUSTRY,DISTRICT,MISSOURI,Clay,Excelsior,6 mi. NW of Excelsior,https://catalog.archives.gov/id/63818631,11/13/66,11/13/66,,,66000416
66000416,ADNL,Watkins Mill,Done,NHL Updated Documentation,FALSE,560, INDUSTRY,district,MISSOURI,Clay,Excelsior,6 mi. NW of Excelsior,,,9/2/24,,,66000416
68000030,,Westminster College Gymnasium,Listed,Single,FALSE,0.9, POLITICS/GOVERNMENT,BUILDING,MISSOURI,Callaway,Fulton,Westminster College campus,https://catalog.archives.gov/id/63818142,5/23/68,5/23/68,,,68000030
79003205,AD,White Haven (Additional Documentation),Returned,Add.Doc.,TRUE,9.9, MILITARY; EXPLORATION/SETTLEMENT; POLITICS/GOVERNMENT; ARCHITECTURE; SOCIAL HISTORY,building,MISSOURI,St. Louis,St. Louis,Address Restricted,https://catalog.archives.gov/id/63820360,4/4/79,6/23/86, Grant-Dent House,,79003205
79003205,,White Haven; Ulysses S. Grant National Historic Site,Listed,Single,FALSE,9.9, MILITARY; EXPLORATION/SETTLEMENT; POLITICS/GOVERNMENT; ARCHITECTURE; SOCIAL HISTORY,BUILDING,MISSOURI,St. Louis,Grantwood Village,9060 Whitehaven Dr. or 7400 Grant Street,https://catalog.archives.gov/id/63820360,4/4/79,6/23/86, Grant-Dent House,,79003205
70000353,,"Wilder, Laura Ingalls, House",Listed,Single,FALSE,9.9, LITERATURE,BUILDING,MISSOURI,Wright,Mansfield,1 mi. E of Mansfield on U.S. Business 60,https://catalog.archives.gov/id/63821230,5/19/70,7/17/91, Rocky Ridge Farm,,70000353
78001650,,"Young, Solomon, Farm-Truman, Harry S., Farm",Listed,Single,FALSE,12.9, AGRICULTURE; EXPLORATION/SETTLEMENT; POLITICS/GOVERNMENT; ARCHITECTURE,DISTRICT,MISSOURI,Jackson,Grandview,12121 and 12301 Blue Ridge Extension,https://catalog.archives.gov/id/63819038,5/5/78,2/4/85, Truman Farm;Truman (Harry S) Farm Home,,78001650
66000426,,Bannack Historic District,Listed,Single,FALSE,1720, INDUSTRY; EXPLORATION/SETTLEMENT; POLITICS/GOVERNMENT,DISTRICT,MONTANA,Beaverhead,Dillon,22 mi. from Dillon off MT 278,,10/15/66,7/4/61,,,66000426
66000438,AD,Butte-Anaconda Historic District (Additional Documentation),Listed,Add.Doc.,FALSE,2720, INDUSTRY,district,MONTANA,Silver Bow,Butte,308-310 West Silver Street,https://catalog.archives.gov/id/71975591,10/15/66,7/4/61,,,66000438
66000434,,Camp Disappointment,Listed,Single,FALSE,640, EXPLORATION/SETTLEMENT,SITE,MONTANA,Glacier,Browning,12 mi. NE of Browning,https://catalog.archives.gov/id/71975577,10/15/66,5/23/66,,,66000434
70000355,,Chief Joseph Battleground of the Bear's Paw,Listed,Single,FALSE,360, MILITARY,SITE,MONTANA,Blaine,Chinook,"About 15 mi. S of Chinook, T 30N R 19E, Sections 1 and 12",https://catalog.archives.gov/id/71975654,10/6/70,6/7/88, Bearpaw Mountain Fight (Snake Creek Fight),,70000355
70000354,,Chief Plenty Coups (Alek-Chea-Ahoosh) House,Listed,Single,FALSE,190, NATIVE AMERICAN; HISTORIC - NON-ABORIGINAL; SOCIAL HISTORY,SITE,MONTANA,Big Horn,Pryor,1 mi. W of Pryor off MT 416,https://catalog.archives.gov/id/71975625,10/6/70,1/20/99, Chief Plenty Coups' Home,,70000354
12000244,,Deer Medicine Rocks,DATE RECEIVED/PENDING NOMINATION,Single,TRUE,,,SITE,MONTANA,Rosebud,Lame Deer,Address Restricted,,,3/2/12,,,12000244
15000623,,First Peoples Buffalo Jump,Listed,Single,TRUE,,,,MONTANA,Cascade,Ulm,Address Restricted,,9/28/15,7/21/15,,,15000623
66000431,,Fort Benton,Listed,Single,FALSE,120, COMMERCE; NATIVE AMERICAN; MILITARY; TRANSPORTATION; ARCHITECTURE,DISTRICT,MONTANA,Chouteau,Fort Benton,"Front St. (1220 through 1900 block) levee, and bridge",https://catalog.archives.gov/id/71975768,10/15/66,11/5/61, Fort Benton Historic District,,66000431
97000345,,Going-to-the-Sun Road,Listed,Multiple,FALSE,354.1, LANDSCAPE ARCHITECTURE; TRANSPORTATION; POLITICS/GOVERNMENT,DISTRICT,MONTANA,Flathead,West Glacier,Glacier National Park,https://catalog.archives.gov/id/71975573,2/18/97,2/18/97, Transmountain Highway;Going-to-the-Sun Highway;see also 8300,Glacier,97000345
83001060,,Granite Park Chalet,Listed,Single,FALSE,0.9, ENTERTAINMENT/RECREATION; ARCHITECTURE,BUILDING,MONTANA,Flathead,West Glacier,Glacier National Park,https://catalog.archives.gov/id/71975930,6/27/83,5/28/87, See Also:Great Northern Railway Buildings,Glacier,83001060
72000738,,Grant-Kohrs Ranch National Historic Site,Listed,Single,FALSE,1498.7, AGRICULTURE; EXPLORATION/SETTLEMENT,DISTRICT,MONTANA,Powell,Deer Lodge,Edge of Deer Lodge,https://catalog.archives.gov/id/71975585,8/25/72,12/19/60,,Grant-Kohrs Ranch,72000738
66000429,,Great Falls Portage,Listed,Single,FALSE,7700, EXPLORATION/SETTLEMENT,DISTRICT,MONTANA,Cascade,Great Falls,"SE of Great Falls at jct. of U.S. 87, 89, and 91",https://catalog.archives.gov/id/71975568,10/15/66,5/23/66,,,66000429
87001453,,Great Northern Railway Buildings,Listed,Single,FALSE,0.7, ENTERTAINMENT/RECREATION; ARCHITECTURE,DISTRICT,MONTANA,Flathead,Glacier National Park,Glacier National Park,,5/28/87,5/5/00, See Also:Many Glacier Hotel Historic District;Sperry Chalets,Glacier,87001453
66000432,,Hagen Site,Listed,Single,TRUE,49, PREHISTORIC,SITE,MONTANA,Dawson,Glendive,Address Restricted,,10/15/66,7/19/64, 24-DW-2,,66000432
87001447,,Lake McDonald Lodge,Listed,Single,FALSE,2.3, ARCHITECTURE,DISTRICT,MONTANA,Flathead,West Glacier,Off Going to the Sun Rd.,https://catalog.archives.gov/id/71975571,5/28/87,5/28/87, Lake McDonald Lodge Historic District; Lewis Glacier Hotel,Glacier,87001447
76000173,MP,Many Glacier Hotel Historic District,Listed,Multiple,FALSE,75.6, ARCHITECTURE; POLITICS/GOVERNMENT; ENTERTAINMENT/RECREATION; LANDSCAPE ARCHITECTURE; COMMERCE,DISTRICT,MONTANA,Glacier,Babb,W of Babb,https://catalog.archives.gov/id/71975102,9/29/76,5/28/87, See Also:Great Northern Railway Buildings,Glacier,76000173
87001435,,Northeast Entrance Station,Listed,Single,FALSE,1.3, ARCHITECTURE,BUILDING,MONTANA,Park,Yellowstone National Park,US 212,https://catalog.archives.gov/id/71975583,5/28/87,5/28/87,,Yellowstone,87001435
66000439,,Pictograph Cave,Listed,Single,FALSE,35.4, PREHISTORIC,SITE,MONTANA,Yellowstone,Billings,7 mi. SE of Billings in Indian Caves Park,https://catalog.archives.gov/id/71975593,10/15/66,7/19/64, 24-YL-1;Inscription Cave,,66000439
66000440,,Pompey's Pillar,Listed,Single,FALSE,6, EXPLORATION/SETTLEMENT,SITE,MONTANA,Yellowstone,Pompey's Pillar,W of Pompey,https://catalog.archives.gov/id/71975595,10/15/66,6/23/65, Pompy's Pillar,,66000440
76001119,,Rankin Ranch,Listed,Single,FALSE,90, POLITICS/GOVERNMENT; SOCIAL HISTORY,BUILDING,MONTANA,Broadwater,Avalanche Gulch,2 1/2 mi. NE of the Helena-Diamond City Rd.,https://catalog.archives.gov/id/71975564,5/11/76,4/11/76, Jeannette Rankin Residence;Wellington D. Rankin Ranch,,76001119
72000735,,Rosebud Battlefield-Where the Girl Saved Her Brother,Listed,Single,FALSE,2680, MILITARY,SITE,MONTANA,Big Horn,Kirby,"MT 314, 12 mi. S. of Kirby",https://catalog.archives.gov/id/71975642,8/21/72,10/6/08, Crook's Fight on the Rosebud;Battle of Rosebud Creek,,72000735
66000430,,"Russell, Charles M., House and Studio",Listed,Single,FALSE,2, ART,BUILDING,MONTANA,Cascade,Great Falls,"1217-1219 4th Ave., N.",https://catalog.archives.gov/id/71975566,10/15/66,12/21/65,,,66000430
77000115,,Sperry Chalets,Listed,Single,FALSE,0.9, ENTERTAINMENT/RECREATION; ARCHITECTURE,DISTRICT,MONTANA,Flathead,West Glacier,E of West Glacier,https://catalog.archives.gov/id/71975952,8/2/77,5/28/87, See Also:Great Northern Railway Buildings,Glacier,77000115
66000433,,Three Forks of the Missouri,Listed,Single,FALSE,1500, PREHISTORIC; TRANSPORTATION; EXPLORATION/SETTLEMENT; ARCHITECTURE,BUILDING,MONTANA,Gallatin,Three Forks,"NE of Three Forks on the Missouri River, Missouri Headwaters State Monument",https://catalog.archives.gov/id/71975575,10/15/66,10/9/60, Gallatin City Buildings,,66000433
66000437,,Traveler's Rest,Listed,Single,FALSE,700, EXPLORATION/SETTLEMENT,SITE,MONTANA,Missoula,Lolo,1 mi. S of Lolo near U.S. 93,https://catalog.archives.gov/id/71975581,10/15/66,10/9/60,,,66000437
86000372,,Two Medicine General Store,Listed,Multiple,FALSE,0.3, ENTERTAINMENT/RECREATION; ARCHITECTURE,BUILDING,MONTANA,Flathead,West Glacier,E shore of Two Medicine Lake,https://catalog.archives.gov/id/71974863,2/14/86,5/28/87, See Also:Great Northern Railway Buildings,Glacier,86000372
66000435,,Virginia City Historic District,Listed,Single,FALSE,20000, EXPLORATION/SETTLEMENT; POLITICS/GOVERNMENT,DISTRICT,MONTANA,Madison,Virginia City,Wallace St.,https://catalog.archives.gov/id/71975579,10/15/66,7/4/61,,,66000435
76001129,,"Wheeler, Burton K., House",Listed,Single,FALSE,0.9, POLITICS/GOVERNMENT,BUILDING,MONTANA,Silver Bow,Butte,1232 E. 2nd St.,https://catalog.archives.gov/id/71975589,12/8/76,12/8/76,,,76001129
00001617,,Wolf Mountains Battlefield-Where Big Crow walked Back and Forth,Listed,Single,TRUE,2756, MILITARY; NATIVE AMERICAN,SITE,MONTANA,Rosebud,Birney,Address Restricted,https://catalog.archives.gov/id/71975587,1/10/01,10/6/08, Battle at Belly Butte; Miles' Fight on the Tounge,,00001617
81000703,,American Legation,Listed,Single,FALSE,2, COMMERCE; MILITARY; POLITICS/GOVERNMENT; ARCHITECTURE,BUILDING,MOROCCO,Morocco,Tangier,8 Zankat America (Rue d'Amerique),https://catalog.archives.gov/id/131518059,1/8/81,1/8/81, Old Legation-Museum Building,,81000703
85001789,,"Landing Beaches, Aslito-Isley Field, and Marpi Point",Listed,Single,FALSE,1453, MILITARY,DISTRICT,N. MARIANA ISLANDS,Saipan,Chalan Kanoa (Saipan),Saipan International Airport and Beaches,https://catalog.archives.gov/id/131518065,2/4/85,2/4/85, See Also:Isley Field Historic District,,85001789
100011371,NL,Latte Quarry at As Nieves,Listed,NHL,TRUE,0.41, PREHISTORIC; ENGINEERING,site,N. MARIANA ISLANDS,Rota,Songsong (Rota),Address Restricted,,,9/2/24,,,74002225
85003268,,"Tinian Landing Beaches, Ushi Point Field, Tinian Island",Listed,Single,FALSE,2610, MILITARY,DISTRICT,N. MARIANA ISLANDS,Tinian,Tinian Village (Tinian),Address unknown at this time,https://catalog.archives.gov/id/131518067,12/30/85,12/30/85, See Also:North Field Historic District,,85003268
69000135,,Arbor Lodge,Listed,Single,FALSE,60, LANDSCAPE ARCHITECTURE; POLITICS/GOVERNMENT; ARCHITECTURE; COMMUNICATIONS; AGRICULTURE,DISTRICT,NEBRASKA,Otoe,Nebraska City,"Arbor Lodge State Park, W of Nebraska City",https://catalog.archives.gov/id/73921167,4/16/69,5/15/75," Morton,J. Sterling,House;Arbor Lodge State Park",,69000135
66000445,,Ash Hollow Cave,Listed,Single,TRUE,8.9, PREHISTORIC; HISTORIC - ABORIGINAL,SITE,NEBRASKA,Garden,Lewellen,Address Restricted,,10/15/66,7/19/64, 25-Gd-2,,66000445
77000833,,CAPTAIN MERIWETHER LEWIS (dredge),Listed,Single,FALSE,0.9, COMMERCE; TRANSPORTATION; ARCHITECTURE; INVENTION,STRUCTURE,NEBRASKA,Nemaha,Brownville,SE of Brownville,https://catalog.archives.gov/id/73921153,10/28/77,4/11/89, Dredge CAPTAIN MERIWETHER LEWIS,,77000833
69000139,MP,Cather House,Listed,Multiple,FALSE,0.5, LITERATURE,BUILDING,NEBRASKA,Webster,Red Cloud,SW corner of 3rd and Cedar Sts.,https://catalog.archives.gov/id/73919945,4/16/69,11/11/71, Willa Cather House,,69000139
66000446,,Coufal Site,Listed,Single,TRUE,37.6, PREHISTORIC,SITE,NEBRASKA,Howard,Cotesfield,Address Restricted,,10/15/66,7/19/64, Coufal Ridge Site;25-HW-6,,66000446
66000947,,Fairview,Listed,Single,FALSE,0.9, POLITICS/GOVERNMENT,BUILDING,NEBRASKA,Lancaster,Lincoln,4900 Sumner St.,https://catalog.archives.gov/id/73921073,10/15/66,11/6/63, William Jennings Bryan House,,66000947
85002439,,Father Flanagan's Boys' Home,Listed,Single,FALSE,1310, EDUCATION; SOCIAL HISTORY,DISTRICT,NEBRASKA,Douglas,Boys Town,W. Dodge Rd.,https://catalog.archives.gov/id/73920008,2/4/85,2/4/85, Boys Town;See Also:Father Flanagan's House,,85002439
66000454,,Fort Atkinson,Listed,Single,FALSE,196, HISTORIC - NON-ABORIGINAL; MILITARY; EXPLORATION/SETTLEMENT,SITE,NEBRASKA,Washington,Fort Calhoun,1 mi. E of Fort Calhoun,https://catalog.archives.gov/id/73920029,10/15/66,7/4/61,,,66000454
66000442,,Fort Robinson and Red Cloud Agency,Listed,Single,FALSE,2500, NATIVE AMERICAN; MILITARY,DISTRICT,NEBRASKA,Dawes,Crawford,2 mi. W of Crawford,,10/15/66,12/19/60, See Also:Opera House Buildings in Nebraska 1867-1917 MPS,,66000442
66000441,,"Gilmore, Walker, Site (22CC28)",Listed,Single,TRUE,71, PREHISTORIC,SITE,NEBRASKA,Cass,Murray,Address Restricted,,10/15/66,7/19/64, 22-CC-28;Sterns' Creek Site,,66000441
100011369,NL,Kregel Wind Mill Company,Listed,NHL,FALSE,0.9, INDUSTRY; AGRICULTURE,building,NEBRASKA,Otoe,Nebraska City,1416 Central Ave.,,,9/2/24,,,93000061
66000449,,Leary Site,Listed,Single,TRUE,220, PREHISTORIC,SITE,NEBRASKA,Richardson,Rulo,Address Restricted,,10/15/66,7/19/64, 25-RH-1;Leary-Kelly Site,,66000449
70000372,,Nebraska State Capitol,Listed,Single,FALSE,15, ART; POLITICS/GOVERNMENT; ARCHITECTURE,BUILDING,NEBRASKA,Lancaster,Lincoln,1445 K St.,https://catalog.archives.gov/id/73920963,10/16/70,1/7/76,,,70000372
67000006,,"Norris, Senator George William, House",Listed,Single,FALSE,0.9, POLITICS/GOVERNMENT,BUILDING,NEBRASKA,Red Willow,McCook,706 Norris Ave.,https://catalog.archives.gov/id/73920021,5/28/67,5/28/67,,,67000006
100000870,NL,Omaha Union Station,Listed,NHL,FALSE,,,,NEBRASKA,Douglas,Omaha,801 South 10th St.,,,12/23/16,,,100000870
66000447,,Palmer Site,Listed,Single,TRUE,69.3, PREHISTORIC; HISTORIC - ABORIGINAL,SITE,NEBRASKA,Howard,Palmer,Address Restricted,,10/15/66,7/19/64, Skidi Pawnee Village,,66000447
88002762,,"Picotte, Dr. Susan, Memorial Hospital",Listed,Single,FALSE,0.9, HEALTH/MEDICINE; SOCIAL HISTORY; NATIVE AMERICAN,BUILDING,NEBRASKA,Thurston,Walthill,505 Matthewson St.,https://catalog.archives.gov/id/73920026,12/16/88,4/19/93, Walthill Hospital;Dr. Susan Laflesche Picotte Memorial Hospi,,88002762
66000455,,Pike-Pawnee Village Site,Listed,Single,TRUE,276, HISTORIC - ABORIGINAL,SITE,NEBRASKA,Webster,Guide Rock,Address Restricted,,10/15/66,7/19/64, Hill Farm Site,,66000455
66000450,,Robidoux Pass,Listed,Single,FALSE,950, EXPLORATION/SETTLEMENT,SITE,NEBRASKA,Scotts Bluff,Gering,9 mi. W of Gering,,10/15/66,1/20/61,,,66000450
66000453,,Schultz Site,Listed,Single,TRUE,9.6, PREHISTORIC,SITE,NEBRASKA,Valley,North Loup,Address Restricted,,10/15/66,7/19/64, Mira Creek Site;25 Vy 1,,66000453
100006250,NL,Scout's Rest Ranch Headquarters,Listed,NHL,FALSE,7, ARCHITECTURE; PERFORMING ARTS,building,NEBRASKA,Lincoln,North Platte,NW of North Platte off U.S. 30,,,1/13/21,,,78001705
66000452,,Signal Butte,Listed,Single,TRUE,9, PREHISTORIC; HISTORIC - ABORIGINAL,SITE,NEBRASKA,Scotts Bluff,Gering,Address Restricted,,10/15/66,1/20/61, 25Sf1,,66000452
79003712,,USS HAZARD (AM-240) National Historic Landmark,Listed,Single,FALSE,0.9, MILITARY,STRUCTURE,NEBRASKA,Douglas,Omaha,2500 N. 24th St.,https://catalog.archives.gov/id/73920010,1/1/79,1/14/86, See Also:U.S.S. HAZARD and U.S.S. MARLIN,,79003712
81000729,,Applegate-Lassen Trail,DETERMINED ELIGIBLE/OWNER OBJECTION,Single,FALSE,750000, HISTORIC - NON-ABORIGINAL; MILITARY; TRANSPORTATION; HEALTH/MEDICINE,DISTRICT,NEVADA,Humboldt,Sulphur,Extends from Rye Patch NW to state line,,,1/1/99, See Also:78001722,,81000729
84002082,,East Ely Depot,Listed,Single,FALSE,2.6, INDUSTRY; COMMERCE; TRANSPORTATION; ARCHITECTURE,BUILDING,NEVADA,White Pine,East Ely,11th St.,https://catalog.archives.gov/id/63816847,4/12/84,9/20/06, Nevada Northern Railway Company East Ely Depot Building; East Ely Yards,,84002082
66000456,,Fort Churchill,Listed,Single,FALSE,20, MILITARY,DISTRICT,NEVADA,Lyon,Weeks,"U.S. 95A, 8 mi. S of U.S. 50",https://catalog.archives.gov/id/63816307,10/15/66,11/5/61,,,66000456
66000460,,Fort Ruby,Listed,Single,FALSE,10, ARCHITECTURE,BUILDING,NEVADA,White Pine,Hobson,Near Hobson on W side of Ruby Lake,https://catalog.archives.gov/id/63816314,10/15/66,11/5/61, Camp Ruby,,66000460
81000382,,Hoover Dam,Listed,Single,FALSE,220, ENGINEERING; COMMERCE,STRUCTURE,NEVADA,Clark,Boulder City,E of Las Vegas on U.S. 93,https://catalog.archives.gov/id/63816442,4/8/81,8/20/85, Boulder Dam,,81000382
66000457,,Leonard Rock Shelter,Listed,Single,TRUE,9.5, PREHISTORIC; ART; SCIENCE,SITE,NEVADA,Pershing,Lovelock,Address Restricted,,10/15/66,1/20/61, 26Pe14:University of California-Berkeley Arch. Survey Record,,66000457
05000968,,McKeen Motor Car #70,Listed,Single,FALSE,0.9, TRANSPORTATION; ENGINEERING,STRUCTURE,NEVADA,Carson City,Carson City,Nevada State Railroad Museum,https://catalog.archives.gov/id/63816388,9/6/05,10/16/12, Virginia and Truckee Railway Motorcar #22,,05000968
93000693,,Nevada Northern Railway East Ely Yards and Shops,Listed,Single,FALSE,40, INDUSTRY; COMMERCE; TRANSPORTATION; ARCHITECTURE,DISTRICT,NEVADA,White Pine,Ely,1100 Avenue A (P.O. Box 150040),https://catalog.archives.gov/id/63816316,7/29/93,9/20/06, Nevada Northern Railway Museum;See Also:East Ely Depot,,93000693
66000459,,Senator Francis G. Newland Home,Listed,Single,FALSE,2, CONSERVATION; POLITICS/GOVERNMENT,BUILDING,NEVADA,Washoe,Reno,17 Elm Ct.,https://catalog.archives.gov/id/63816312,10/15/66,5/23/63,,,66000459
66000458,,Virginia City Historic District,Listed,Single,FALSE,14750, INDUSTRY; COMMERCE; ENGINEERING; POLITICS/GOVERNMENT; ARCHITECTURE,DISTRICT,NEVADA,Storey,Virginia City,Virginia City and its environs,https://catalog.archives.gov/id/63816681,10/15/66,7/4/61," See Also:Parish House;Chollar Mansion;Prescott, C.J., House;",,66000458
71000050,,"Bartlett, Josiah, House",Listed,Single,FALSE,2, POLITICS/GOVERNMENT,BUILDING,NEW HAMPSHIRE,Rockingham,Kingston,Main St.,https://catalog.archives.gov/id/77844602,11/11/71,11/11/71,,,71000050
75000129,,Canterbury Shaker Village,Listed,Single,FALSE,694, PERFORMING ARTS; AGRICULTURE; RELIGION; ARCHITECTURE; INDUSTRY,DISTRICT,NEW HAMPSHIRE,Merrimack,Canterbury,4 mi. E of Canterbury on Shaker Rd.,https://catalog.archives.gov/id/77845263,6/17/75,4/19/93, Shaker Village,,75000129
75000133,,"Chase, Salmon P., Birthplace",Listed,Single,FALSE,4, SOCIAL HISTORY,BUILDING,NEW HAMPSHIRE,Sullivan,Cornish Flat,8 mi. N of Claremont,https://catalog.archives.gov/id/77844608,5/15/75,5/15/75, Salmon Portland Chase Birthplace and Boyhood Home,,75000133
68000008,,"Frost, Robert, Homestead",Listed,Single,FALSE,13, LITERATURE,BUILDING,NEW HAMPSHIRE,Rockingham,Derry,2 mi. SE of Derry,https://catalog.archives.gov/id/77844592,5/23/68,5/23/68,,,68000008
71000072,MP,Harrisville Historic District,Listed,Multiple,FALSE,315, INDUSTRY; ARCHITECTURE,DISTRICT,NEW HAMPSHIRE,Cheshire,Harrisville and vicinity,Town of Harrisville and its environs,https://catalog.archives.gov/id/77844436,9/17/71,12/22/77,,,71000072
68000009,,"Jackson, Richard, House",Listed,Single,FALSE,1, ARCHITECTURE,BUILDING,NEW HAMPSHIRE,Rockingham,Portsmouth,Northwest St.,https://catalog.archives.gov/id/77844586,11/24/68,11/24/68,,,68000009
72000084,,"Jones, John Paul, House",Listed,Single,FALSE,0.1, MILITARY,BUILDING,NEW HAMPSHIRE,Rockingham,Portsmouth,Middle and State Sts.,https://catalog.archives.gov/id/77844594,11/28/72,11/28/72, Purcell--Jones--Langdon House,,72000084
71000048,,Joy Farm,Listed,Single,FALSE,0, LITERATURE,BUILDING,NEW HAMPSHIRE,Carroll,Silver Lake,Salter Hill Rd.,https://catalog.archives.gov/id/77844566,11/11/71,11/11/71, e e cummings House,,71000048
74002055,,Ladd-Gilman House,Listed,Single,FALSE,1, POLITICS/GOVERNMENT,BUILDING,NEW HAMPSHIRE,Rockingham,Exeter,Governors Lane and Water St.,https://catalog.archives.gov/id/77844600,12/2/74,12/2/74, Cincinnati Memorial Hall,,74002055
74000197,,"Langdon, Gov. John, Mansion",Listed,Single,FALSE,1, POLITICS/GOVERNMENT,BUILDING,NEW HAMPSHIRE,Rockingham,Portsmouth,143 Pleasant St.,https://catalog.archives.gov/id/77844596,12/2/74,12/2/74,,,74000197
100011375,NL,Lucknow,Listed,NHL,FALSE,5319, ARCHITECTURE; LANDSCAPE ARCHITECTURE,district,NEW HAMPSHIRE,Carroll,Moultonborough,455 Old Mountain Rd.,,,12/13/24,,,100002642
66000026,,MacDowell Colony,Listed,Single,FALSE,400, ART; LITERATURE; PERFORMING ARTS,DISTRICT,NEW HAMPSHIRE,Hillsborough,Peterborough,W of US 202,https://catalog.archives.gov/id/77844572,10/15/66,12/29/62,,,66000026
66000028,,MacPheadris-Warner House,Listed,Single,FALSE,0.2, ARCHITECTURE,BUILDING,NEW HAMPSHIRE,Rockingham,Portsmouth,Chapel and Daniel Sts.,https://catalog.archives.gov/id/77844582,10/15/66,10/9/60, The Warner House,,66000028
68000010,,Moffatt-Ladd House,Listed,Single,FALSE,0, POLITICS/GOVERNMENT; ARCHITECTURE,BUILDING,NEW HAMPSHIRE,Rockingham,Portsmouth,154 Market St.,https://catalog.archives.gov/id/77844590,11/24/68,11/24/68, William Whipple House,,68000010
78000213,,Mount Washington Hotel,Listed,Single,FALSE,3, ECONOMICS; CONSERVATION; POLITICS/GOVERNMENT; ARCHITECTURE,BUILDING,NEW HAMPSHIRE,Coos,Bretton Woods,Off US 302,https://catalog.archives.gov/id/77844915,9/27/78,6/24/86,,,78000213
66000027,,"Pierce, Franklin, Homestead",Listed,Single,FALSE,13, POLITICS/GOVERNMENT,BUILDING,NEW HAMPSHIRE,Hillsborough,Hillsborough,3 mi. W of Hillsborough on NH 31,https://catalog.archives.gov/id/77844574,10/15/66,7/4/61,,,66000027
66000120,,Saint-Gaudens National Historic Site,Listed,Single,FALSE,25, ART,DISTRICT,NEW HAMPSHIRE,Sullivan,Cornish,S of Plainfield off NH 12-a,https://catalog.archives.gov/id/77845751,10/15/66,6/13/62, Aspet,Saint Gaudens National Historic Site,66000120
72000089,,"Sullivan, Gen. John, House",Listed,Single,FALSE,2, MILITARY,BUILDING,NEW HAMPSHIRE,Strafford,Durham,23 New Market Rd.,https://catalog.archives.gov/id/77844604,11/28/72,11/28/72, Adams--Sullivan House,,72000089
13000283,,"The Epic of American Civilization Murals, Baker Library, Dartmouth College",Listed,Single,FALSE,,,OBJECT,NEW HAMPSHIRE,Grafton,Hanover,6025 Baker-Berry Library,,2/27/13,2/27/13,,,13000283
71000053,,"Thornton, Matthew, House",Listed,Single,FALSE,2.5, POLITICS/GOVERNMENT,BUILDING,NEW HAMPSHIRE,Rockingham,Derry Village,2 Thornton St.,https://catalog.archives.gov/id/77844598,11/11/71,11/11/71,,,71000053
89001077,,USS ALBACORE,Listed,Single,FALSE,0.9, MILITARY; ENGINEERING; SCIENCE,STRUCTURE,NEW HAMPSHIRE,Rockingham,Portsmouth,Portsmouth Maritime Museum,https://catalog.archives.gov/id/77844580,4/11/89,4/11/89,,,89001077
74000196,,"Webster, Daniel, Family Home",Listed,Single,FALSE,0.9, POLITICS/GOVERNMENT,BUILDING,NEW HAMPSHIRE,Merrimack,West Franklin,S. Main St.,https://catalog.archives.gov/id/77844578,5/30/74,5/30/74, The Elms,,74000196
68000011,,Wentworth-Coolidge Mansion,Listed,Single,FALSE,6, ARCHITECTURE,BUILDING,NEW HAMPSHIRE,Rockingham,Portsmouth,"2 mi. S of Portsmouth, off US 1A",https://catalog.archives.gov/id/77844588,11/24/68,11/24/68, Benning Wentworth Mansion,,68000011
68000012,,Wentworth-Gardner House,Listed,Single,FALSE,0.3, ARCHITECTURE,BUILDING,NEW HAMPSHIRE,Rockingham,Portsmouth,140 Mechanic St.,https://catalog.archives.gov/id/77844584,11/24/68,11/24/68,,,68000012
76001158,,Abbott Farm Archeological Site,Listed,Single,TRUE,2000, PREHISTORIC; SCIENCE,SITE,NEW JERSEY,Mercer,Trenton,Address Restricted,,12/8/76,12/8/76, Abbott Farm Historic District,,76001158
74001179,,All Saints' Memorial Church Complex,Listed,Single,FALSE,6, ARCHITECTURE; RELIGION,BUILDING,NEW JERSEY,Monmouth,Navesink,Navesink Ave. and Locust Rd.,,2/15/74,12/23/87, All Saints' Memorial Church,,74001179
87000814,,Atlantic City Convention Hall,Listed,Single,FALSE,4, ENGINEERING; ENTERTAINMENT/RECREATION; ARCHITECTURE,BUILDING,NEW JERSEY,Atlantic,Atlantic City,Georgia and Mississippi Aves. and the Boardwalk,,2/27/87,2/27/87,,,87000814
73001093,,"Ballantine, John, House",Listed,Single,FALSE,0.9, ARCHITECTURE,BUILDING,NEW JERSEY,Essex,Newark,43 Washington St.,,10/2/73,2/4/85,,,73001093
05000374,,Baltusrol Golf Club,Listed,Single,FALSE,474, ARCHITECTURE; ENTERTAINMENT/RECREATION; LANDSCAPE ARCHITECTURE,DISTRICT,NEW JERSEY,Union,Springfield,201 Shunpike rd.,,5/6/05,8/25/14,,,05000374
74001188,,"Botto, Pietro, House",Listed,Single,FALSE,0.9, INDUSTRY; POLITICS/GOVERNMENT; SOCIAL HISTORY,BUILDING,NEW JERSEY,Passaic,Haledon,83 Norwood St.,,7/30/74,12/17/82,,,74001188
70000397,,Boxwood Hall,Listed,Single,FALSE,0.4, POLITICS/GOVERNMENT,BUILDING,NEW JERSEY,Union,Elizabeth,1073 E. Jersey St.,,12/18/70,11/28/72, Elias Boudinot House;Boudinot Mansion,,70000397
86003558,,Burlington County Prison,Listed,Single,FALSE,0.9, ARCHITECTURE,BUILDING,NEW JERSEY,Burlington,Mount Holly,High St.,,6/24/86,6/24/86, Burlington County Prison Museum,,86003558
12001011,,Camp Evans,Listed,Single,FALSE,,,DISTRICT,NEW JERSEY,Monmouth,Wall Township,Marconi Rd. and Monmouth Blvd.,,10/16/12,10/16/12,,,12001011
70000383,AD,Cape May Historic District (Additional Documentation),Listed,Add.Doc.,FALSE,380, CONSERVATION; ARCHITECTURE; ENTERTAINMENT/RECREATION,district,NEW JERSEY,Cape May,Cape May,Cape May,,12/29/70,5/11/76,,,70000383
78001764,,Clark Thread Company Historic District,Listed,Single,FALSE,13, INDUSTRY,DISTRICT,NEW JERSEY,Hudson,East Newark,900 Passaic Ave.,,6/2/78,6/16/78, East Newark Industrial Center;First Republic Industrial Cent,,78001764
66000463,,"Cleveland, Grover, Home",Listed,Single,FALSE,1.2, POLITICS/GOVERNMENT,BUILDING,NEW JERSEY,Mercer,Princeton,15 Hodge Rd.,,10/15/66,6/23/65, Westland,,66000463
85003730,,Craftsman Farms,Listed,Single,FALSE,33.6, LANDSCAPE ARCHITECTURE; ART; CONSERVATION; LITERATURE; EDUCATION; ARCHITECTURE,BUILDING,NEW JERSEY,Morris,Parsippany,Jct. of NJ 10 and Manor Ln.,,4/10/89,12/14/90,,,85003730
76002297,,"Einstein, Albert, House",Listed,Single,FALSE,0.9, SCIENCE,BUILDING,NEW JERSEY,Mercer,Princeton,112 Mercer St.,,1/7/76,1/7/76,,,76002297
80002505,,Fort Hancock and the Sandy Hook Proving Ground Historic District,Listed,Single,FALSE,4584, MILITARY; ENGINEERING; SOCIAL HISTORY,DISTRICT,NEW JERSEY,Monmouth,Fort Hancock and vicinity,NJ 36,,4/24/80,12/17/82, Fort Hancock,Gateway,80002505
76001171,,"Fortune, T. Thomas, House",Listed,Single,FALSE,9.9, BLACK; LITERATURE; POLITICS/GOVERNMENT; SOCIAL HISTORY,BUILDING,NEW JERSEY,Monmouth,Red Bank,94 W. Bergen Pl.,,12/8/76,12/8/76, The Bergen House;Maple Hall,,76001171
78001788,,Georgian Court,Listed,Single,FALSE,155.9, LANDSCAPE ARCHITECTURE; ART; ARCHITECTURE,DISTRICT,NEW JERSEY,Ocean,Lakewood,Lakewood Ave.,,12/20/78,2/4/85, George Jay Gould Estate;Georgian Court College,,78001788
72000776,,Grace Church,Listed,Single,FALSE,1, ART; ARCHITECTURE; RELIGION,BUILDING,NEW JERSEY,Essex,Newark,Broad and Walnut Sts.,,11/2/72,12/23/87,,,72000776
78001766,,Great Atlantic and Pacific Tea Company Warehouse,Listed,Single,FALSE,1.5, COMMERCE,BUILDING,NEW JERSEY,Hudson,Jersey City,Provost St. between 1st and Bay Sts.,,6/2/78,6/16/78,,,78001766
70000391,,Great Falls of Paterson/S.U.M. Historic District,Listed,Single,FALSE,108, INDUSTRY; COMMERCE; ENGINEERING; TRANSPORTATION; ARCHITECTURE,DISTRICT,NEW JERSEY,Passaic,Paterson,At Passaic River,,4/17/70,5/11/76, Great Falls of the Passaic/Society for Useful Manufacturers,,70000391
94001648,,Hadrosaurus Foulkii Leidy Site,Listed,Single,FALSE,4, SCIENCE,SITE,NEW JERSEY,Camden,Haddonfeild,"End of Maple Ave., near Cooper River",,10/12/94,10/12/94,,,94001648
68000031,,"Hangar No. 1, Lakehurst Naval Air Station",Listed,Single,FALSE,7.7, TRANSPORTATION,DISTRICT,NEW JERSEY,Ocean,Manchester Township,N of Lakehurst on CR 547,,5/23/68,5/23/68,,,68000031
66000464,,"Henry, Joseph, House",Listed,Single,FALSE,0.9, SCIENCE; INVENTION,BUILDING,NEW JERSEY,Mercer,Princeton,Princeton University campus,,10/15/66,1/12/65,,,66000464
70000379,,"Hermitage, The",Listed,Single,FALSE,4.9, ARCHITECTURE,BUILDING,NEW JERSEY,Bergen,Ho-Ho-Kus,335 N. Franklin Tpke.,,8/29/70,8/29/70, Waldwic Cottage,,70000379
04000223,,Hinchliffe Stadium,Listed,Single,FALSE,5.7, ENTERTAINMENT/RECREATION; BLACK,BUILDING,NEW JERSEY,Passaic,Paterson City,"Maple and Liberty Sts., overlooking the Great Falls of the Passaic",,3/22/04,2/25/13, City Stadium; Municipal Stadium,,04000223
71000496,,"Hopkinson, Francis, House",Listed,Single,FALSE,1, POLITICS/GOVERNMENT,BUILDING,NEW JERSEY,Burlington,Bordentown,101 Farnsworth Ave. at Park Ave.,,7/17/71,7/17/71,,,71000496
89002457,,Horn Antenna,Listed,Single,FALSE,0.9, SCIENCE,STRUCTURE,NEW JERSEY,Monmouth,Holmdel,Off Garden State Parkway in Crawford Hill Facility,,12/20/89,12/20/89, Horn Reflector Antenna,,89002457
86000158,,Lawrenceville School,Listed,Single,FALSE,17.7, ARCHITECTURE,DISTRICT,NEW JERSEY,Mercer,Lawrenceville,Main St.,,2/24/86,2/24/86, Lawrenceville School National Historic Landmark;See Also:Law,,86000158
72000807,,"Liberty Hall (Livingston, Gov. William, House)",Listed,Single,FALSE,140, POLITICS/GOVERNMENT,BUILDING,NEW JERSEY,Union,Elizabeth,Morris and North Aves.,,11/28/72,11/28/72, Gov. William Livingston House,,72000807
71000493,,"Lucy, the Margate Elephant",Listed,Single,FALSE,0.5, ART; ARCHITECTURE; INVENTION,BUILDING,NEW JERSEY,Atlantic,Margate City,Decatur and Atlantic Aves.,,8/12/71,5/11/76,,,71000493
71000502,,Maybury Hill,Listed,Single,FALSE,15, POLITICS/GOVERNMENT,BUILDING,NEW JERSEY,Mercer,Princeton,346 Snowden Lane,,11/11/71,11/11/71, Joseph Hewes Birthplace and Boyhood Home,,71000502
66000467,,Monmouth Battlefield,Listed,Single,FALSE,1450, MILITARY,DISTRICT,NEW JERSEY,Monmouth,Freehold,"NW of Freehold on NJ 522, W of Rte. 9",,10/15/66,1/20/61, Monmouth Battlefield State Park,,66000467
71000503,,Morven,Listed,Single,FALSE,5, MILITARY; POLITICS/GOVERNMENT; ARCHITECTURE,BUILDING,NEW JERSEY,Mercer,Princeton,55 Stockton St.,,1/25/71,7/17/71, Richard Stockton Birthplace and House,,71000503
66000465,,"Nassau Hall, Princeton University",Listed,Single,FALSE,2.4, EDUCATION; ARCHITECTURE,BUILDING,NEW JERSEY,Mercer,Princeton,Princeton University campus,,10/15/66,10/9/60,,,66000465
66000470,,"Nast, Thomas, Home",Listed,Single,FALSE,0.9, ART; POLITICS/GOVERNMENT,BUILDING,NEW JERSEY,Morris,Morristown,MacCulloch Ave. and Miller Rd.,,10/15/66,1/29/64, Villa Fontana,,66000470
06000237,,Navesink Light Station,Listed,Single,FALSE,2.7, TRANSPORTATION; ARCHITECTURE,DISTRICT,NEW JERSEY,Monmouth,Highlands,100 Government-Lighthouse Rd.,,2/17/06,2/17/06, Twin Lights Historic Site; See also: Navesink Historic District,,06000237
72000770,,New St. Mary's Episcopal Church,Listed,Single,FALSE,6.2, ARCHITECTURE; RELIGION,BUILDING,NEW JERSEY,Burlington,Burlington,N side of Broad St. between Talbot and Wood Sts.,,5/31/72,6/24/86, St. Mary's Complex;St. Mary's Episcopal Church,,72000770
96001548,,"Nicholson, Abel and Mary, House",Listed,Single,FALSE,167, ARCHITECTURE; EXPLORATION/SETTLEMENT,BUILDING,NEW JERSEY,Salem,Salem,"Jct. of Hancocks Br. and Ft. Elfsborg Rd., Elfinsboro Township",,1/16/97,2/16/00,,,96001548
71000506,,Old Barracks,Listed,Single,FALSE,1, MILITARY; ARCHITECTURE,BUILDING,NEW JERSEY,Mercer,Trenton,S. Willow St.,,1/25/71,11/28/72, Trenton Barracks,,71000506
76001164,,Old Queen's,Listed,Single,FALSE,0, EDUCATION; ARCHITECTURE,BUILDING,NEW JERSEY,Middlesex,New Brunswick,Rutgers University,,5/11/76,5/11/76," See Also:Queen's Campus, Rutgers University",,76001164
66000890,,Palisades Interstate Park,Listed,Single,FALSE,3139, CONSERVATION,SITE,NEW JERSEY,Bergen,Fort Lee and vicinity,W bank of the Hudson River,,10/15/66,1/12/65,,,66000890
89000774,,"Paul, Alice, Birthplace",Listed,Single,FALSE,6.6, SOCIAL HISTORY; POLITICS/GOVERNMENT,BUILDING,NEW JERSEY,Burlington,Mt. Laurel Township,118 Hooten Rd.,,7/5/89,12/4/91, Feyerherm Farm,,89000774
71000504,,President's House,Listed,Single,FALSE,0.9, POLITICS/GOVERNMENT,BUILDING,NEW JERSEY,Mercer,Princeton,Nassau St.,,7/17/71,7/17/71, MacLean House;Dean's House,,71000504
66000466,AD,Princeton Battlefield,Listed,Add.Doc.,TRUE,209.8, MILITARY,site,NEW JERSEY,Mercer,Princeton,Address Restricted,,10/15/66,1/20/61, Princeton Battlefield State Park; See Also:Princeton Battlef,,66000466
89000761,,Princeton Battlefield -Stony Brook Village Historic District (Boundary Increase),Listed,Single,FALSE,285, MILITARY; EXPLORATION/SETTLEMENT,DISTRICT,NEW JERSEY,Mercer,Princeton,Roughly Quaker Rd. from Stockton Rd. to Stony Brook,,10/10/89,1/20/61, Princeton Battlefield--Stony Brook Village Historic District,,89000761
100003698,BC,Princeton Battlefield-Stony Brook Village Historic District  (Boundary Increase II),Listed,Boundary,TRUE,4.7, MILITARY; ARCHEOLOGY; HISTORIC - NON-ABORIGINAL,district,NEW JERSEY,Mercer,Princeton,Address Restricted,,4/26/19,1/20/61, Princeton Battlefield-D'Ambrisi Property; 28-Me-393,,66000466
85002434,,Prospect,Listed,Single,FALSE,5, EDUCATION; POLITICS/GOVERNMENT; ARCHITECTURE,BUILDING,NEW JERSEY,Mercer,Princeton,Princeton University campus,,2/4/85,2/4/85, Prospect House;Woodrow Wilson House,,85002434
75001118,,Radburn,Listed,Single,FALSE,149, COMMUNITY PLANNING AND DEVELOPMENT; LANDSCAPE ARCHITECTURE; SOCIAL HISTORY; POLITICS/GOVERNMENT; ARCHITECTURE,DISTRICT,NEW JERSEY,Bergen,Fair Lawn,Irregular pattern between Radburn Rd. and Erie RR. tracks,,4/16/75,4/5/05,,,75001118
72000796,,Red Bank Battlefield,Listed,Single,FALSE,20, MILITARY; ARCHITECTURE,SITE,NEW JERSEY,Gloucester,National Park,E bank of Delaware River and W end of Hessian Ave.,,10/31/72,11/28/72, Red Bank Battlefield and Fort Mercer,,72000796
66000471,,Ringwood Manor,Listed,Single,FALSE,724, INDUSTRY; HISTORIC - NON-ABORIGINAL,DISTRICT,NEW JERSEY,Passaic,Ringwood Borough,"3 mi. E of Hewitt, Ringwood Manor State Park",,11/13/66,11/13/66, Ringwood Manor State Park,,66000471
66000468,,Sandy Hook Light,Listed,Single,FALSE,1.6, COMMERCE; TRANSPORTATION,BUILDING,NEW JERSEY,Monmouth,Sandy Hook,Fort Hancock Military Reservation,,10/15/66,1/29/64,,,66000468
91000883,,Seabright Lawn Tennis and Cricket Club,Listed,Single,FALSE,6.6, ARCHITECTURE; ENTERTAINMENT/RECREATION,BUILDING,NEW JERSEY,Monmouth,Rumson,Jct. of Rumson Rd. and Tennis Court Ln.,,7/9/91,10/5/92,,,91000883
78001780,,Shadow Lawn,Listed,Single,FALSE,0.9, ARCHITECTURE,BUILDING,NEW JERSEY,Monmouth,West Long Branch,Cedar and Norwood Aves.,,3/28/78,2/4/85, Woodrow Wilson Hall,,78001780
74001186,,Speedwell Village-The Factory,Listed,Single,FALSE,0, INVENTION,BUILDING,NEW JERSEY,Morris,Morristown,333 Speedwell Ave.,,9/13/74,5/30/74, The Factory,,74001186
75001122,,"Stanton, Elizabeth Cady, House",Listed,Single,FALSE,0.9, SOCIAL HISTORY,BUILDING,NEW JERSEY,Bergen,Tenafly,135 Highwood Ave.,,5/15/75,5/15/75,,,75001122
70000388,,"Trent, William, House",Listed,Single,FALSE,5.2, ARCHITECTURE,BUILDING,NEW JERSEY,Mercer,Trenton,539 S. Warren St.,,4/15/70,4/15/70,,,70000388
66000461,,"Whitman, Walt, House",Listed,Single,FALSE,0.9, LITERATURE,BUILDING,NEW JERSEY,Camden,Camden,330 Mickle St.,,10/15/66,12/29/62,,,66000461
66000497,,Abo,Listed,Single,FALSE,30, HISTORIC - ABORIGINAL; HISTORIC - NON-ABORIGINAL; RELIGION,SITE,NEW MEXICO,Torrance,Abo,3 mi. W of Abo on U.S. 60,https://catalog.archives.gov/id/77847040,10/15/66,6/13/62, Abo State Monument;San Gregorio de Abo Mission;Abo Pueblo an,,66000497
66000500,,Acoma,Listed,Single,FALSE,270, PREHISTORIC; HISTORIC - ABORIGINAL; EXPLORATION/SETTLEMENT; ARCHITECTURE; RELIGION,DISTRICT,NEW MEXICO,Valencia,Casa Blanca,13 mi. S of Casa Blanca on NM 23,https://catalog.archives.gov/id/77847046,10/15/66,10/9/60, Acoma Pueblo;Sky City;See Also:San Estevan del Ray Mission C,,66000500
66000483,,Anderson Basin,Listed,Single,TRUE,3200, PREHISTORIC,DISTRICT,NEW MEXICO,Roosevelt,Clovis,Address Restricted,,10/15/66,1/20/61, Blackwater Draw;Clovis Site and Anderson Basin,,66000483
87001452,,Bandelier CCC Historic District,Listed,Single,FALSE,54, ARCHITECTURE; SOCIAL HISTORY,DISTRICT,NEW MEXICO,Los Alamos,Bandelier National Monument,Off NM 4,https://catalog.archives.gov/id/77846990,5/28/87,5/28/87, Bandelier Buildings and Frijoles Canyon Lodge,Bandelier,87001452
68000032,AD,Barrio de Analco Historic District (Additional Documentation),Listed,Add.Doc.,FALSE,18, ARCHITECTURE,DISTRICT,NEW MEXICO,Santa Fe,Santa Fe,Roughly bounded by E. De Vargas and College Sts.,https://catalog.archives.gov/id/77847010,11/24/68,11/24/68,,,68000032
66000958,,Big Bead Mesa,Listed,Single,TRUE,160, HISTORIC - ABORIGINAL,SITE,NEW MEXICO,Sandoval,Casa Salazar,Address Restricted,,10/15/66,7/19/64,,,66000958
66000495,,"Blumenschein, Ernest L., House",Listed,Single,FALSE,0.9, ART,BUILDING,NEW MEXICO,Taos,Taos,Ledoux St.,https://catalog.archives.gov/id/77847030,10/15/66,12/21/65,,,66000495
66000476,,Carlsbad Irrigation District,Listed,Single,FALSE,0, AGRICULTURE,DISTRICT,NEW MEXICO,Eddy,Carlsbad,N of Carlsbad,https://catalog.archives.gov/id/77846983,10/15/66,7/19/64, Carlsbad Reclaimation Project; Irrigation system of the Peco; s Improvement Company,,66000476
66000948,,"Carson, Kit, House",Listed,Single,FALSE,0.9, COMMERCE; EXPLORATION/SETTLEMENT,BUILDING,NEW MEXICO,Taos,Taos,Kit Carson Ave.,https://catalog.archives.gov/id/77847034,10/15/66,5/23/63,,,66000948
70000412,,El Santuario de Chimayo,Listed,Single,FALSE,6.4, ARCHITECTURE,BUILDING,NEW MEXICO,Santa Fe,Chimayo,1 mi. NW of Santa Cruz Reservoir Dam,https://catalog.archives.gov/id/77847012,4/15/70,4/15/70, El Santuario del Senor Esqipulas,,70000412
66000473,,Folsom Site,Listed,Single,TRUE,10, PREHISTORIC; SCIENCE,SITE,NEW MEXICO,Colfax,Folsom,Address Restricted,,10/15/66,1/20/61,,,66000473
02000726,,Fort Bayard Historic District,Listed,Single,FALSE,704, MILITARY; EXPLORATION/SETTLEMENT; HEALTH/MEDICINE; ARCHITECTURE,DISTRICT,NEW MEXICO,Grant,Santa Clara,0.5 mi. N of jct. of US 180 and NM 152,https://catalog.archives.gov/id/77847308,7/7/02,4/19/04,,,02000726
66000486,,Glorieta Pass Battlefield,Listed,Single,FALSE,444, MILITARY,SITE,NEW MEXICO,San Miguel,Santa Fe,10 mi. SE of Santa Fe on U.S. 84-85,https://catalog.archives.gov/id/77847018,10/15/66,11/5/61, Glorieta Pass,,66000486
66000502,,Hawikuh,Listed,Single,FALSE,10, NATIVE AMERICAN; BLACK; EXPLORATION/SETTLEMENT,SITE,NEW MEXICO,Valencia,Zuni,"12 mi. SW of Zuni, Zuni Indian Reservation",https://catalog.archives.gov/id/77847044,10/15/66,10/9/60, Site of Hawikuh Pueblo (Zuni Indian Tribe) one of legendary,,66000502
100011368,NL,"Hurd, Peter and Henriette Wyeth, House",Listed,NHL,FALSE,411, ART; ARCHITECTURE,district,NEW MEXICO,Lincoln,San Patricio,129 La Mancha Ln.,,,12/13/24,,,14001015
67000007,,Las Trampas Historic District,Listed,Single,FALSE,1000, COMMUNITY PLANNING AND DEVELOPMENT; ARCHITECTURE,DISTRICT,NEW MEXICO,Taos,Las Trampas,On NM 76,https://catalog.archives.gov/id/77847036,5/28/67,5/28/67,,,67000007
85003541,,Launch Complex 33,Listed,Single,FALSE,10, MILITARY; EXPLORATION/SETTLEMENT; SCIENCE,SITE,NEW MEXICO,Dona Ana,White Sands Missile Range,White Sands Missile Range,https://catalog.archives.gov/id/77846981,10/3/85,10/3/85, White Sands V-2 Launching Site;White Sands Blockhouse and Ga,,85003541
66000477,,Lincoln Historic District,Listed,Single,FALSE,2348, POLITICS/GOVERNMENT; AGRICULTURE,DISTRICT,NEW MEXICO,Lincoln,Lincoln,U.S. 380,https://catalog.archives.gov/id/77846986,10/15/66,12/19/60,,,66000477
66000893,,Los Alamos Scientific Laboratory,Listed,Single,FALSE,13, SCIENCE; INVENTION,DISTRICT,NEW MEXICO,Los Alamos,Los Alamos,Central Ave.,https://catalog.archives.gov/id/77846988,10/15/66,12/21/65,,,66000893
78001832,,"Luhan, Mabel Dodge, House",Listed,Single,FALSE,5.3, ART; ARCHITECTURE; LITERATURE,BUILDING,NEW MEXICO,Taos,Taos,Luhan Lane,https://catalog.archives.gov/id/77847667,11/15/78,12/4/91, Big House;St. Teresa House,,78001832
66000894,,Manuelito Complex,Listed,Single,TRUE,6560, PREHISTORIC,SITE,NEW MEXICO,McKinley,Manuelito,Address Restricted,,10/15/66,7/19/64, Manuelito Canyon Historic District,,66000894
66000475,,Mesilla Plaza,Listed,Single,FALSE,50, EXPLORATION/SETTLEMENT; POLITICS/GOVERNMENT,DISTRICT,NEW MEXICO,Dona Ana,Las Cruces,2 mi. S of Las Cruces on NM 28,https://catalog.archives.gov/id/77846979,10/15/66,7/4/61,,,66000475
70000067,,National Park Service Southwest Regional Office,Listed,Single,FALSE,8, LANDSCAPE ARCHITECTURE; POLITICS/GOVERNMENT; ARCHITECTURE,BUILDING,NEW MEXICO,Santa Fe,Santa Fe,Old Santa Fe Trail,https://catalog.archives.gov/id/77847539,10/6/70,5/28/87, National Park Service Region III Headquarters,National Park Service Southwest Regional Office,70000067
98001197,,"O'Keeffe, Georgia, Home and Studio",Listed,Single,FALSE,4, ART; ARCHITECTURE,BUILDING,NEW MEXICO,Rio Arriba,Abiquiu,"Co. Rd. 164, House No. 13",https://catalog.archives.gov/id/77847002,8/5/98,8/5/98,,,98001197
66000489,,Palace of the Governors,Listed,Single,FALSE,0.9, MILITARY; POLITICS/GOVERNMENT; ARCHITECTURE,BUILDING,NEW MEXICO,Santa Fe,Santa Fe,Palace Avenue at Santa Fe Plaza,https://catalog.archives.gov/id/77847016,10/15/66,10/9/60,,,66000489
66000485,,Pecos National Monument,Listed,Single,FALSE,364.8, PREHISTORIC; NATIVE AMERICAN; EXPLORATION/SETTLEMENT; ARCHITECTURE; RELIGION,DISTRICT,NEW MEXICO,San Miguel,Pecos,S of Pecos on NM 63,https://catalog.archives.gov/id/77847005,10/15/66,10/9/60,,Pecos,66000485
66000481,,Puye Ruins,Listed,Single,TRUE,1350, PREHISTORIC,SITE,NEW MEXICO,Rio Arriba,Espanola,Address Restricted,,10/15/66,5/23/66,,,66000481
97001103,,"Pyle, Ernie, House",Listed,Single,FALSE,0.2, LITERATURE,BUILDING,NEW MEXICO,Bernalillo,Albuquerque,"900 Girard Blvd., SE",https://catalog.archives.gov/id/77846976,9/22/97,9/20/06, Ernie Pyle Library; Ernie Pyle House,,97001103
66000498,,Quarai,Listed,Single,FALSE,65, PREHISTORIC; HISTORIC - ABORIGINAL; HISTORIC - NON-ABORIGINAL,DISTRICT,NEW MEXICO,Torrance,Punta de Agua,1 mi. S of Punta de Agua,https://catalog.archives.gov/id/77847038,10/15/66,6/13/62, Quarai State Monument,,66000498
66000499,,Rabbit Ears,Listed,Single,FALSE,15250, COMMERCE; TRANSPORTATION,DISTRICT,NEW MEXICO,Union,Clayton,NW of Clayton,https://catalog.archives.gov/id/77847042,10/15/66,5/23/63, Clayton Complex,,66000499
66000474,,Raton Pass,Listed,Single,FALSE,1520, COMMERCE; MILITARY; TRANSPORTATION; EXPLORATION/SETTLEMENT,SITE,NEW MEXICO,Colfax,Raton,"U.S. 85-87, CO/NM border",https://catalog.archives.gov/id/84127892,10/15/66,12/19/60, Old Raton Pass,,66000474
70000417,,San Estevan del Rey Mission Church,Listed,Single,FALSE,45, ARCHITECTURE,BUILDING,NEW MEXICO,Valencia,Acoma,On NM 23,https://catalog.archives.gov/id/77847048,4/15/70,4/15/70, See Also:Acoma,,70000417
70000416,,San Francisco de Assisi Mission Church,Listed,Single,FALSE,1, ARCHITECTURE,BUILDING,NEW MEXICO,Taos,Ranchos de Taos,The Plaza,https://catalog.archives.gov/id/77847028,4/15/70,4/15/70, See Also:Ranchos de Taos Plaza,,70000416
66000482,,San Gabriel de Yungue-Ouinge,Listed,Single,TRUE,4, HISTORIC - ABORIGINAL; HISTORIC - NON-ABORIGINAL; EXPLORATION/SETTLEMENT,SITE,NEW MEXICO,Rio Arriba,Espanola,Address Restricted,,10/15/66,7/19/64,,,66000482
70000415,,San Jose de Gracia Church,Listed,Single,FALSE,0.5, ARCHITECTURE,BUILDING,NEW MEXICO,Taos,Las Trampas,N side of the Plaza,https://catalog.archives.gov/id/77847026,4/15/70,4/15/70, Church of Santo Tomas Del Rio de Las Trampas;See Also:Las Tr,,70000415
12001007,,San Jose de los Jemez Mission and Giusewa Pueblo Site,Listed,Single,FALSE,,,,NEW MEXICO,Sandoval,Jemez Springs,18160 NM Hwy. 4,,10/16/12,10/16/12,,,12001007
66000490,,San Lazaro,Listed,Single,TRUE,300, PREHISTORIC; HISTORIC - ABORIGINAL; HISTORIC - NON-ABORIGINAL,SITE,NEW MEXICO,Santa Fe,Santa Fe,Address Restricted,,10/15/66,7/19/64,,,66000490
66000487,,Sandia Cave,Listed,Single,TRUE,130, PREHISTORIC,SITE,NEW MEXICO,Sandoval,Bernalillo,Address Restricted,,10/15/66,1/20/61,,,66000487
66000491,,Santa Fe Plaza,Listed,Single,FALSE,2, COMMERCE; TRANSPORTATION,SITE,NEW MEXICO,Santa Fe,Santa Fe,Santa Fe Plaza,https://catalog.archives.gov/id/77847020,10/15/66,12/19/60,,,66000491
66000492,,Seton Village,Listed,Single,FALSE,43.7, ART; CONSERVATION; SCIENCE; SOCIAL HISTORY,DISTRICT,NEW MEXICO,Santa Fe,Santa Fe,6 mi. S of Santa Fe off U.S. 84,,10/15/66,12/21/65,,,66000492
66000496,,Taos Pueblo,Listed,Single,FALSE,19, NATIVE AMERICAN; MILITARY; POLITICS/GOVERNMENT,DISTRICT,NEW MEXICO,Taos,Taos,3 mi. N of Taos,https://catalog.archives.gov/id/77847024,10/15/66,10/9/60,,,66000496
66000493,,Trinity Site,Listed,Single,FALSE,36480, MILITARY; SCIENCE,DISTRICT,NEW MEXICO,Socorro,Bingham,25 mi. S of U.S. 380 on White Sands Missile Range,https://catalog.archives.gov/id/77847022,10/15/66,12/21/65,,,66000493
75001164,,Village of Columbus and Camp Furlong,Listed,Single,FALSE,138, MILITARY; POLITICS/GOVERNMENT; ARCHITECTURE,DISTRICT,NEW MEXICO,Luna,Columbus,Portions of Columbus and Pancho Villa State Park,https://catalog.archives.gov/id/77846992,5/15/75,5/15/75,,,75001164
66000478,,Wagon Mound,Listed,Single,FALSE,810, COMMERCE; MILITARY; TRANSPORTATION; EXPLORATION/SETTLEMENT,SITE,NEW MEXICO,Mora,Wagon Mound,E of Wagon Mound on U.S. 85,https://catalog.archives.gov/id/77846996,10/15/66,5/23/63, Santa Clara Spring,,66000478
66000480,,Watrous,Listed,Single,FALSE,3580, COMMERCE; TRANSPORTATION; EXPLORATION/SETTLEMENT,DISTRICT,NEW MEXICO,Mora,Watrous,U.S. 85,https://catalog.archives.gov/id/77846998,10/15/66,5/23/63, La Junta,,66000480
74002267,,Zuni-Cibola Complex,Listed,Single,TRUE,750, PREHISTORIC; HISTORIC - ABORIGINAL,DISTRICT,NEW MEXICO,Valencia,Zuni,Address Restricted,,12/2/74,12/2/74," Hawikuh,Yellow House,Kechipbowa and Great Kivas",,74002267
93001538,,69th Regiment Armory,Listed,Multiple,FALSE,2, MILITARY; ARCHITECTURE; ART,BUILDING,NEW YORK,New York,New York,68 Lexington Ave.,https://catalog.archives.gov/id/75315896,1/28/94,6/19/96,,,93001538
75001212,,Adams Power Plant Transformer House,Listed,Single,FALSE,7, INDUSTRY; ENGINEERING; LITERATURE; ARCHITECTURE,BUILDING,NEW YORK,Niagara,Niagara Falls,Buffalo Ave. near Portage Rd.,https://catalog.archives.gov/id/75320080,6/11/75,5/4/83,,,75001212
66000891,,Adirondack Forest Preserve,Listed,Single,FALSE,2000000, CONSERVATION,SITE,NEW YORK,Clinton,Adirondack State Forest Preserve,NE New York State,https://catalog.archives.gov/id/75315750,10/15/66,5/23/63,,,66000891
93001597,,African Burial Ground,Listed,Single,FALSE,7, HISTORIC - NON-ABORIGINAL; BLACK,SITE,NEW YORK,New York,New York,Vicinity of Broadway and Reade St.,https://catalog.archives.gov/id/75315930,4/19/93,4/19/93, Negro Burying Place and Negros Burying Ground;African Burial,,93001597
84002758,,AMBROSE (lightship),Listed,Single,FALSE,0.9, TRANSPORTATION; POLITICS/GOVERNMENT; ARCHITECTURE; SOCIAL HISTORY,STRUCTURE,NEW YORK,New York,New York,"Pier 16, East River, Manhattan",https://catalog.archives.gov/id/75315932,9/7/84,4/11/89, U.S. Lightship No. 87;RELIEF;SCOTLAND;f-LS512,,84002758
78001867,,American Stock Exchange,Listed,Single,FALSE,0.9, COMMERCE; ECONOMICS,BUILDING,NEW YORK,New York,New York,86 Trinity Pl.,https://catalog.archives.gov/id/75315910,6/2/78,6/16/78,,,78001867
66000528,,"Anthony, Susan B., House",Listed,Single,FALSE,0.9, SOCIAL HISTORY,BUILDING,NEW YORK,Monroe,Rochester,17 Madison St.,https://catalog.archives.gov/id/75315799,10/15/66,6/23/65,,,66000528
66000561,,"Arden, E. H. Harriman Estate",Listed,Single,FALSE,472, TRANSPORTATION,BUILDING,NEW YORK,Orange,Harriman,NY 17,https://catalog.archives.gov/id/75316012,11/13/66,11/13/66," Harriman,E.H.,Estate",,66000561
75001238,,Armour-Stiner House,Listed,Single,FALSE,3, ARCHITECTURE,BUILDING,NEW YORK,Westchester,Irvington,45 W. Clinton Ave.,https://catalog.archives.gov/id/75322943,12/18/75,12/8/76, Carmer Octagon House,,75001238
76001296,,"Armstrong, Edwin H., House",Removed,Single,FALSE,0.9, SCIENCE,BUILDING,NEW YORK,Westchester,Yonkers,1032 Warburton Ave.,,,1/7/76,,,76001296
76001265,,"Armstrong, Louis, House",Listed,Single,FALSE,0.9, BLACK; SOCIAL HISTORY; PERFORMING ARTS,BUILDING,NEW YORK,Queens,New York,3456 107th St.,https://catalog.archives.gov/id/75316022,5/11/76,5/11/76,,,76001265
66000534,,"Arthur, Chester A., House",Listed,Single,FALSE,0.9, POLITICS/GOVERNMENT,BUILDING,NEW YORK,New York,New York,123 Lexington Ave.,https://catalog.archives.gov/id/75315962,10/15/66,1/12/65,,,66000534
70000925,AD,"Austen, Elizabeth Alice, House-Clear Comfort",Listed,Add.Doc.,FALSE,9.9, ARCHITECTURE; ART; SOCIAL HISTORY; COMMUNITY PLANNING AND DEVELOPMENT,building,NEW YORK,Richmond,New York,2 Hylan Blvd.,,7/28/70,4/19/93, Alice Austen House;Clear Comfort,,70000925
74001220,,Bartow-Pell Mansion and Carriage House,Listed,Single,FALSE,9.9, ARCHITECTURE,BUILDING,NEW YORK,Bronx,New York,"Pelham Bay Park, Shore Rd.",https://catalog.archives.gov/id/75316447,12/30/74,12/8/76, Bartow-Pell Mansion Museum,,74001220
76001236,,Bayard-Condict Building,Listed,Single,FALSE,0.9, ART; ARCHITECTURE,BUILDING,NEW YORK,New York,New York,65--69 Bleecker St.,https://catalog.archives.gov/id/75315892,12/8/76,12/8/76,,,76001236
75001202,,Bell Telephone Laboratories,Listed,Single,FALSE,3, SCIENCE,BUILDING,NEW YORK,New York,New York,463 West St.,https://catalog.archives.gov/id/75315968,5/15/75,5/15/75, Westbeth,,75001202
66000564,,Bennington Battlefield,Listed,Single,FALSE,1250, MILITARY,SITE,NEW YORK,Rensselaer,Walloomsac,"NY 67, on VT state line",https://catalog.archives.gov/id/75316034,10/15/66,1/20/61, Bennington Battlefield State Park,,66000564
82001275,,Boston Post Road Historic District,Listed,Single,FALSE,300, PREHISTORIC; ARCHITECTURE; CONSERVATION,DISTRICT,NEW YORK,Westchester,Rye,Roughly bounded by Boston Post Rd. and Milton Harbor,https://catalog.archives.gov/id/75322965,10/29/82,8/30/93,,,82001275
66000559,,Boughton Hill,Listed,Single,TRUE,225, HISTORIC - ABORIGINAL,SITE,NEW YORK,Ontario,Victor,Address Restricted,,10/15/66,7/19/64, Gannagaro Site,,66000559
67000012,,"Bronck, Pieter, House",Listed,Single,FALSE,16, ARCHITECTURE,BUILDING,NEW YORK,Greene,Coxsackie,2 mi. W of Coxsackie on W side of U.S. 9W,https://catalog.archives.gov/id/75315764,12/24/67,12/24/67,,,67000012
03001035,,"Bronson, Dr. Oliver, House and Estate",Listed,Single,FALSE,,,BUILDING,NEW YORK,Columbia,Hudson,West of US 9,https://catalog.archives.gov/id/75315671,7/31/03,7/31/03, Plumb-Bronson House and Estate,,03001035
66000523,,Brooklyn Bridge,Listed,Single,FALSE,20, ENGINEERING,STRUCTURE,NEW YORK,Kings,New York,Across the East River from Brooklyn to Manhattan,https://catalog.archives.gov/id/75315928,10/15/66,1/29/64,,,66000523
66000524,,Brooklyn Heights Historic District,Listed,Single,FALSE,140, ARCHITECTURE,DISTRICT,NEW YORK,Kings,New York,"Borough of Brooklyn, bounded by Atlantic Ave., Court and Fulton Sts. and the East River",https://catalog.archives.gov/id/75315651,10/15/66,1/29/64, Brooklyn Heights;See Also:Holy Trinity (Protestant Episcopal,,66000524
91002054,,Brooklyn Historical Society,Listed,Single,FALSE,0.9, ARCHITECTURE,BUILDING,NEW YORK,Kings,Brooklyn,128 Pierrepont St.,https://catalog.archives.gov/id/75315777,7/17/91,7/17/91, Long Island Historical Society,,91002054
72000840,,"Brown, John, Farm and Gravesite",Listed,Single,FALSE,270.6, SOCIAL HISTORY; BLACK; POLITICS/GOVERNMENT,DISTRICT,NEW YORK,Essex,Lake Placid,John Brown Rd.,https://catalog.archives.gov/id/75317756,6/19/72,8/5/98,,,72000840
80002606,,Buffalo and Erie County Historical Society,Listed,Single,FALSE,0.9, COMMERCE; ART; ENTERTAINMENT/RECREATION; EDUCATION; ARCHITECTURE,BUILDING,NEW YORK,Erie,Buffalo,25 Nottingham Ct.,https://catalog.archives.gov/id/75317552,4/23/80,2/27/87, Buffalo and Erie County Historical Society Building National,,80002606
86003557,,Buffalo State Asylum for the Insane,Listed,Single,FALSE,59, ARCHITECTURE,BUILDING,NEW YORK,Erie,Buffalo,400 Forest Ave.,https://catalog.archives.gov/id/75315728,6/24/86,6/24/86, State Lunatic Asylum;Buffalo Psychiatric Center,,86003557
76001266,,"Bunche, Ralph, House",Listed,Single,FALSE,0.5, BLACK; POLITICS/GOVERNMENT; SOCIAL HISTORY,BUILDING,NEW YORK,Queens,New York,115--125 Grosvenor Rd.,https://catalog.archives.gov/id/75316026,5/11/76,5/11/76,,,76001266
68000035,,"Burroughs, John, Riverby Study",Listed,Single,FALSE,0, CONSERVATION,BUILDING,NEW YORK,Ulster,West Park,Between NY 9W and the Hudson River,https://catalog.archives.gov/id/75316097,11/24/68,11/24/68,,,68000035
86002934,,Camp Pine Knot,Listed,Multiple,FALSE,10, ARCHITECTURE,BUILDING,NEW YORK,Hamilton,Raquette Lake,"Long Point, Raquette Lake",https://catalog.archives.gov/id/75315772,11/7/86,8/18/04, Huntington Memorial Camp,,86002934
86002955,,Camp Santanoni,Listed,Multiple,FALSE,57, ARCHITECTURE,BUILDING,NEW YORK,Essex,Newcomb,N of NY 28N,https://catalog.archives.gov/id/75315746,4/3/87,5/16/00,,,86002955
86002937,,Camp Uncas,Listed,Multiple,FALSE,16, ARCHITECTURE,BUILDING,NEW YORK,Hamilton,Town of Long Lake,Raquette Lake,https://catalog.archives.gov/id/75315768,4/3/87,10/6/08,,,86002937
87000904,,Canfield Casino and Congress Park,Listed,Single,FALSE,0, ENTERTAINMENT/RECREATION,DISTRICT,NEW YORK,Saratoga,Saratoga Springs,"Roughly bounded by Spring and Circular Sts., Park Pl., and Broadway",https://catalog.archives.gov/id/75316055,2/27/87,2/27/87, See Also:Casino-Congress Park-Circular Street Historic Distr,,87000904
66000535,,Carnegie Hall,Listed,Single,FALSE,0.9, PERFORMING ARTS,BUILDING,NEW YORK,New York,New York,"7th Ave., 56th to 57th Sts.",https://catalog.archives.gov/id/75315950,10/15/66,12/29/62,,,66000535
66000536,,"Carnegie, Andrew, Mansion",Listed,Single,FALSE,1.2, INDUSTRY; COMMERCE,building,NEW YORK,New York,New York,2 E. 91st St.,https://catalog.archives.gov/id/75315912,11/13/66,11/13/66, Cooper-Hewitt Museum,,66000536
72000910,,Casino-Congress Park-Circular Street Historic District,Listed,Single,FALSE,33, COMMUNITY PLANNING AND DEVELOPMENT; ARCHITECTURE; SOCIAL HISTORY,DISTRICT,NEW YORK,Saratoga,Saratoga Springs,"Bounded by Broadway, Spring, and Circular Sts.",https://catalog.archives.gov/id/75321552,6/19/72,2/27/87, See Also: Canfield Casino and Congress Park,,72000910
66000538,,Central Park,Listed,Single,FALSE,840, LANDSCAPE ARCHITECTURE,DISTRICT,NEW YORK,New York,New York,"Bounded by Central Park S., 5th Ave., Central Park W., 110th St.",https://catalog.archives.gov/id/75315940,10/15/66,5/23/63,,,66000538
70000423,,Central Synagogue,Listed,Single,FALSE,0.9, ARCHITECTURE; RELIGION,BUILDING,NEW YORK,New York,New York,646-652 Lexington Ave.,https://catalog.archives.gov/id/75319356,10/9/70,5/15/75, Congregation Ahawath Chesed-Shaar Hashomayim,,70000423
73001214,,Chamber of Commerce Building,Listed,Single,FALSE,0.9, COMMERCE; ARCHITECTURE,BUILDING,NEW YORK,New York,New York,65 Liberty St.,https://catalog.archives.gov/id/75319362,2/6/73,12/22/77, New York Chamber of Commerce and Industry Building,,73001214
73001168,,Chautauqua Institution Historic District,Listed,Single,FALSE,207, LANDSCAPE ARCHITECTURE; EDUCATION; ARCHITECTURE; RELIGION,DISTRICT,NEW YORK,Chautauqua,Chautauqua,"Bounded by Chautauqua Lake, North and Lowell Aves., and NY 17-J",https://catalog.archives.gov/id/75316759,6/19/73,6/29/89, Chatauqua Assembly,,73001168
76001237,,Chrysler Building,Listed,Single,FALSE,1.9, COMMERCE; ART; ARCHITECTURE,BUILDING,NEW YORK,New York,New York,405 Lexington Ave.,https://catalog.archives.gov/id/75315842,12/8/76,12/8/76,,,76001237
87002593,,Church of the Ascension (Protestant Episcopal),Listed,Single,FALSE,0.9, ARCHITECTURE,BUILDING,NEW YORK,New York,New York,36--38 Fifth Ave.,https://catalog.archives.gov/id/75315818,12/23/87,12/23/87,,,87002593
66000539,,City Hall,Listed,Single,FALSE,0, POLITICS/GOVERNMENT,BUILDING,NEW YORK,New York,New York,Broadway and Chambers St.,https://catalog.archives.gov/id/75315964,10/15/66,12/19/60,,,66000539
71000535,,Clermont,Listed,Single,FALSE,14, POLITICS/GOVERNMENT; ARCHITECTURE,BUILDING,NEW YORK,Columbia,Germantown,Clermont State Park,https://catalog.archives.gov/id/75316966,2/18/71,11/28/72, Livingston Lower Manor,,71000535
93001603,,Cobblestone Historic District,Listed,Single,FALSE,0.9, ARCHITECTURE,DISTRICT,NEW YORK,Orleans,Childs,"Ridge Rd. (NY 104), Gaines Township",https://catalog.archives.gov/id/75316014,4/19/93,4/19/93, First Universalist Church;The Ward House;District 5 Schoolho,,93001603
66000522,,"Cole, Thomas, House",Listed,Single,FALSE,3.5, ART,BUILDING,NEW YORK,Greene,Catskill,218 Spring St.,https://catalog.archives.gov/id/75315766,10/15/66,6/23/65,,,66000522
79001171,,COLUMBIA (steamer),Listed,Single,FALSE,0.9, ENGINEERING; MARITIME HISTORY; TRANSPORTATION,structure,NEW YORK,Erie,Buffalo,Buffalo River,https://catalog.archives.gov/id/25341134,11/2/79,7/6/92, The Bob-Lo Boat;Steamer COLUMBIA,,79001171
66000566,,Conference House,Listed,Single,FALSE,2.8, MILITARY; POLITICS/GOVERNMENT,BUILDING,NEW YORK,Richmond,New York,Hylan Blvd.,https://catalog.archives.gov/id/75316047,10/15/66,5/23/66, Billopp House,,66000566
75001214,,"Conkling, Roscoe, House",Listed,Single,FALSE,1, POLITICS/GOVERNMENT,BUILDING,NEW YORK,Oneida,Utica,3 Rutger St.,https://catalog.archives.gov/id/75315997,5/15/75,5/15/75, Miller-Conkling-Kernan House;See Also:Rutger-Steuben Park Hi,,75001214
76001238,,"Cook, Will Marion, House",Listed,Single,FALSE,0.9, BLACK; PERFORMING ARTS,BUILDING,NEW YORK,New York,New York,221 W. 138th St.,https://catalog.archives.gov/id/75315952,5/11/76,5/11/76,,,76001238
66000540,,Cooper Union,Listed,Single,FALSE,0.9, EDUCATION,BUILDING,NEW YORK,New York,New York,"Cooper Square, 7th St., and 4th Ave.",https://catalog.archives.gov/id/75315924,10/15/66,7/4/61,,,66000540
03000245,,"Copland, Aaron, House",Listed,Single,FALSE,2.5, PERFORMING ARTS,BUILDING,NEW YORK,Westchester,Cortlandt Manor,1538 Washington St.,https://catalog.archives.gov/id/75322991,9/19/03,10/6/08, Rock Hill; Copeland House,,03000245
74001324,,"Croton Aqueduct, Old",Listed,Single,FALSE,168, COMMERCE; HEALTH/MEDICINE; ENGINEERING,STRUCTURE,NEW YORK,Westchester,Yonkers and,Runs N from Yonkers to New Croton Dam,https://catalog.archives.gov/id/75322997,12/2/74,4/27/92," See Also:Old Croton Dam, Site of;High Bridges Aqueduct;Water",,74001324
82001191,,Daily News Building,Listed,Single,FALSE,1, ARCHITECTURE; COMMUNICATIONS,BUILDING,NEW YORK,New York,New York,220 E. 42nd St.,https://catalog.archives.gov/id/75319435,11/14/82,6/29/89,,,82001191
72000869,,Dakota Apartments,Listed,Single,FALSE,0.9, ARCHITECTURE,BUILDING,NEW YORK,New York,New York,1 W. 72nd St.,https://catalog.archives.gov/id/75319437,4/26/72,12/8/76,,,72000869
100000864,NL,Davis-Ferris Organ,Listed,NHL,FALSE,0.9,,,NEW YORK,Saratoga,Village of Round Lake,2 Wesley Ave.,,,12/23/16,,,100000864
66000568,,De Wint House,Listed,Single,FALSE,12, MILITARY,BUILDING,NEW YORK,Rockland,Tappan,Livingston Ave. and Oak Tree Rd.,https://catalog.archives.gov/id/75316049,10/15/66,5/23/66,,,66000568
84003181,,Delanson Historic District,Listed,Multiple,FALSE,11, ARCHITECTURE,DISTRICT,NEW YORK,Schenectady,Delanson,Main St.,https://catalog.archives.gov/id/75314601,10/11/84,1/12/65,,,84003181
68000051,,Delaware and Hudson Canal,Listed,Single,FALSE,0, INDUSTRY; COMMERCE; ENGINEERING; TRANSPORTATION,STRUCTURE,NEW YORK,Orange,Cuddebackville,Delaware and Hudson Canal,,11/24/68,11/24/68,,,68000051
75001237,,"Draper, John W., House",Listed,Single,FALSE,0.9, SCIENCE,BUILDING,NEW YORK,Westchester,Hastings-on-Hudson,407 Broadway,https://catalog.archives.gov/id/75316140,5/15/75,5/15/75, Draper Park,,75001237
66000581,,Dutch Reformed Church,Listed,Single,FALSE,5, EXPLORATION/SETTLEMENT; ARCHITECTURE,BUILDING,NEW YORK,Westchester,Sleepy Hollow,N edge of Tarrytown on U.S. 9,https://catalog.archives.gov/id/75316116,10/15/66,11/5/61, Sleepy Hollow Church,,66000581
70000425,,Dutch Reformed Church,Listed,Single,FALSE,9, ARCHITECTURE,BUILDING,NEW YORK,Orange,Newburgh,132 Grand St.,https://catalog.archives.gov/id/75320634,12/18/70,8/7/01,,,70000425
67000014,,"Dyckman, William, House",Listed,Single,FALSE,1, ARCHITECTURE,BUILDING,NEW YORK,New York,New York,4881 Broadway,https://catalog.archives.gov/id/75315816,12/24/67,12/24/67,,,67000014
86002941,,Eagle Island Camp,Listed,Multiple,FALSE,31.6, ARCHITECTURE,building,NEW YORK,Franklin,Saranac Inn,"Eagle Island, Upper Saranac Lake",https://catalog.archives.gov/id/75315758,4/3/87,8/18/04,,,86002941
04000091,,"Earl, Gardner, Memorial Chapel and Crematorium",Listed,Single,FALSE,0.9, ARCHITECTURE; ART; ENGINEERING,BUILDING,NEW YORK,Rensselaer,Troy,50 101st St.,https://catalog.archives.gov/id/75321216,2/25/04,3/2/12,,,04000091
66000529,,"Eastman, George, House",Listed,Single,FALSE,12, INVENTION,BUILDING,NEW YORK,Monroe,Rochester,900 East Ave.,https://catalog.archives.gov/id/75315797,11/13/66,11/13/66,,,66000529
96000968,,EDWARD M. COTTER (fireboat),Listed,Single,FALSE,0.1, POLITICS/GOVERNMENT,STRUCTURE,NEW YORK,Erie,Buffalo,Jct. of Michigan and Ohio Sts. on the Buffalo River,https://catalog.archives.gov/id/75315736,6/28/96,6/28/96, Firefighter;W.S. Grattan;Fireboat Edward M. Cotter,,96000968
80002687,,Eldridge Street Synagogue,Listed,Single,FALSE,0.9, ARCHITECTURE; RELIGION,BUILDING,NEW YORK,New York,New York,12-16 Eldridge St.,https://catalog.archives.gov/id/75319463,3/28/80,6/19/96, Synagogue K'hal Adath Jeshurun with Anshe Lubz,,80002687
05000462,,Elephant Hotel,Listed,Single,FALSE,,,BUILDING,NEW YORK,Westchester,Somers,335 Route 202,https://catalog.archives.gov/id/75316124,4/5/05,4/5/05,,,05000462
76001239,,"Ellington, Edward Kennedy ""Duke"", House",Listed,Single,FALSE,0.9, BLACK; PERFORMING ARTS,BUILDING,NEW YORK,New York,New York,"935 St. Nicholas Ave., Apt. 4A",https://catalog.archives.gov/id/75315954,5/11/76,5/11/76,,,76001239
82001192,,Empire State Building,Listed,Single,FALSE,2, ENGINEERING; ARCHITECTURE,BUILDING,NEW YORK,New York,New York,350 Fifth Ave.,https://catalog.archives.gov/id/75319473,11/17/82,6/24/86,,,82001192
78001869,,Equitable Building,Listed,Single,FALSE,0.9, COMMERCE,BUILDING,NEW YORK,New York,New York,120 Broadway,https://catalog.archives.gov/id/75315900,6/2/78,6/2/78,,,78001869
66000530,,Erie Canal,Listed,Single,FALSE,168, COMMERCE; HISTORIC - NON-ABORIGINAL; ENGINEERING; TRANSPORTATION; EXPLORATION/SETTLEMENT,DISTRICT,NEW YORK,Montgomery,Fort Hunter,6 mi. W of Amsterdam on NY 5S,https://catalog.archives.gov/id/75315803,10/15/66,10/9/60, Schoharie Crossing State Historic Site,,66000530
12001008,,"Farragut, Admiral David Glasgow, Gravesite",Listed,Single,FALSE,,,SITE,NEW YORK,Bronx,Bronx,"Lot 1429-44, Section 14, Aurora Hill Plot, Woodlawn Cemetery",https://catalog.archives.gov/id/75315649,10/16/12,10/16/12,,,12001008
74001235,,"Fillmore, Millard, House",Listed,Single,FALSE,0.9, POLITICS/GOVERNMENT,BUILDING,NEW YORK,Erie,East Aurora,24 Shearer Ave.,https://catalog.archives.gov/id/75315742,5/30/74,5/30/74,,,74001235
89001447,,FIREFIGHTER,Listed,Single,FALSE,0.1, POLITICS/GOVERNMENT; ARCHITECTURE,STRUCTURE,NEW YORK,Richmond,New York,"St. George Ferry Terminal, Staten Island",https://catalog.archives.gov/id/75316045,6/30/89,6/30/89, Fireboat FIREFIGHTER,,89001447
77000983,,First Presbyterian Church,Listed,Single,FALSE,2, ARCHITECTURE,BUILDING,NEW YORK,Suffolk,Smithtown,175 E. Main St.,https://catalog.archives.gov/id/75322110,12/23/77,4/19/94,,,77000983
94001194,,First Presbyterian Church,Listed,Single,FALSE,1, ARCHITECTURE,BUILDING,NEW YORK,Suffolk,Sag Harbor,44 Union St.,https://catalog.archives.gov/id/75316071,4/19/94,4/19/94," ""Old Whaler's Church""",,94001194
08001089,,First Reformed Protestant Dutch Church of Kingston,Listed,Single,FALSE,1.4, ARCHITECTURE,BUILDING,NEW YORK,Ulster,City of Kingston,272 Wall Street,https://catalog.archives.gov/id/75316091,10/6/08,10/6/08, Dutch Reformed Church; Old Dutch Church,,08001089
72001456,,"Fish, Hamilton, House",Listed,Single,FALSE,0.9, POLITICS/GOVERNMENT,BUILDING,NEW YORK,New York,New York,21 Stuyvesant St.,https://catalog.archives.gov/id/75319503,7/31/72,5/15/75, Stuyvesant-Fish House,,72001456
79001603,,Flatiron Building,Listed,Single,FALSE,0.9, ARCHITECTURE,BUILDING,NEW YORK,New York,New York,5th Ave. and Broadway St,https://catalog.archives.gov/id/75319505,11/20/79,6/29/89, Fuller Building,,79001603
71000549,,"Floyd, Gen. William, House",Listed,Single,FALSE,0.9, POLITICS/GOVERNMENT,BUILDING,NEW YORK,Oneida,Westernville,W side of Main St.,,6/17/71,6/17/71,,,71000549
74001308,,Fort Corchaug Archeological Site,Listed,Single,TRUE,25, HISTORIC - ABORIGINAL,SITE,NEW YORK,Suffolk,Cutchogue,Address Restricted,,1/18/74,1/20/99,,,74001308
66000563,,Fort Crailo,Listed,Single,FALSE,1, EXPLORATION/SETTLEMENT; ARCHITECTURE,BUILDING,NEW YORK,Rensselaer,Rensselaer,S of Columbia St. on Riverside Ave.,https://catalog.archives.gov/id/75316030,10/15/66,11/5/61,,,66000563
68000033,,Fort Crown Point,Listed,Single,FALSE,1180, HISTORIC - NON-ABORIGINAL; MILITARY; ARCHITECTURE,DISTRICT,NEW YORK,Essex,Crown Point,"Crown Point Reservation, SW of Lake Champlain Bridge and NY 8",https://catalog.archives.gov/id/75315754,11/24/68,11/24/68, Fort Amherst;Fort St. Frederic,,68000033
72000858,,Fort Johnson,Listed,Single,FALSE,1.3, MILITARY; POLITICS/GOVERNMENT; ARCHITECTURE,BUILDING,NEW YORK,Montgomery,Fort Johnson,Jct. of NY 5 and 67,https://catalog.archives.gov/id/75319006,11/28/72,11/28/72,,,72000858
72000859,,Fort Klock,Listed,Single,FALSE,0.9, COMMERCE; MILITARY,BUILDING,NEW YORK,Montgomery,St. Johnsville,2 mi. E of St. Johnsville on NY 5,https://catalog.archives.gov/id/75315805,11/28/72,11/28/72,,,72000859
93000610,,Fort Massapeag Archeological Site,Listed,Single,TRUE,0.3, HISTORIC - ABORIGINAL,SITE,NEW YORK,Nassau,Oyster Bay,Address Restricted,,4/19/93,4/19/93, Fort Neck Site;Massapequa Indian Fort,,93000610
72000897,,Fort Montgomery Site,Listed,Single,TRUE,150, HISTORIC - NON-ABORIGINAL; MILITARY,SITE,NEW YORK,Orange,Fort Montgomery,Address Restricted,https://catalog.archives.gov/id/75316008,11/28/72,11/28/72,,,72000897
93001620,,Fort Orange Archeological Site,Listed,Single,FALSE,0.5, HISTORIC - ABORIGINAL,SITE,NEW YORK,Albany,Albany,Jct. of I-787 and US 9 and 20,,11/4/93,11/4/93, Fort Albany;NYS Site Number AO0140.000396,,93001620
66000517,,Fort St. Frederic,Listed,Single,FALSE,300, MILITARY; EXPLORATION/SETTLEMENT,SITE,NEW YORK,Essex,Crown Point,Jct. of NY 8 and 9N,https://catalog.archives.gov/id/75315752,10/15/66,10/9/60,,,66000517
66000057,,Fort Stanwix National Monument,Listed,Single,FALSE,16.2, MILITARY,BUILDING,NEW YORK,Oneida,Rome,"Bounded by Dominick, Spring, Liberty, and James Sts.",https://catalog.archives.gov/id/75320203,10/15/66,11/23/62,,Fort Stanwix,66000057
66000519,,Fort Ticonderoga,Listed,Single,FALSE,2195, HISTORIC - NON-ABORIGINAL; ECONOMICS; MILITARY,DISTRICT,NEW YORK,Essex,Ticonderoga,2.5 mi. S of Ticonderoga on NY 22,https://catalog.archives.gov/id/75315748,10/15/66,11/28/72, See Also:Mount Independence,,66000519
74001269,,"Founder's Hall, The Rockefeller University",Listed,Single,FALSE,0.9, SCIENCE; SOCIAL HISTORY,BUILDING,NEW YORK,New York,New York,66th St. and York Ave.,https://catalog.archives.gov/id/75315970,9/13/74,5/30/74, Rockefeller Institute for Medical Research,,74001269
75001227,,General Electric Research Laboratory,Listed,Single,FALSE,0, SCIENCE,BUILDING,NEW YORK,Schenectady,Schenectady,General Electric main plant,https://catalog.archives.gov/id/75316063,5/15/75,5/15/75,,,75001227
08000659,,Geneseo Historic District,Listed,Single,FALSE,808, ARCHITECTURE,DISTRICT,NEW YORK,Livingston,Geneseo,Historic core and most fashionable area as well as both Wadsworth Estates; The Homeste and Hartford House,https://catalog.archives.gov/id/75315791,7/17/77,7/17/77, Main Street Historic District;The Homestead;Hartford House,,08000659
85002435,,Governors Island,Listed,Single,FALSE,121, POLITICS/GOVERNMENT; ARCHITECTURE,DISTRICT,NEW YORK,New York,New York,Governors Island,https://catalog.archives.gov/id/75315876,2/4/85,2/4/85, See Also:Fort Jay;Castle Williams,,85002435
74001270,,Grace Church and Dependencies,Listed,Single,FALSE,1, ARCHITECTURE,BUILDING,NEW YORK,New York,New York,"Broadway, 10th St., and 4th Ave.",https://catalog.archives.gov/id/75319554,6/28/74,12/22/77,,,74001270
75001206,,Grand Central Terminal,Listed,Single,FALSE,3, COMMERCE; ART; ENGINEERING; TRANSPORTATION; ARCHITECTURE,BUILDING,NEW YORK,New York,New York,71-105 E. 42nd St.,https://catalog.archives.gov/id/75319560,1/17/75,12/8/76, See Also:Grand Central Terminal (Boundary Increase: Park Ave,,75001206
100006247,NL,Grant Cottage,Listed,NHL,FALSE,9.9, MILITARY; POLITICS/GOVERNMENT; ARCHITECTURE,building,NEW YORK,Saratoga,Mount McGregor,CR 101 N of Rte. 9,,,1/13/21,,,71000557
97000228,,Green-Wood Cemetery,Listed,Single,FALSE,478, ARCHITECTURE; ART; LANDSCAPE ARCHITECTURE,DISTRICT,NEW YORK,Kings,Brooklyn,500 25th Street,https://catalog.archives.gov/id/75315781,3/8/97,9/20/06, Greenwood Cemetery,,97000228
05000443,,"Guggenheim, Solomon R., Museum",Listed,Single,FALSE,0.9, ARCHITECTURE; ART,BUILDING,NEW YORK,New York,New York,1071 Fifth Ave.,https://catalog.archives.gov/id/75319570,5/19/05,10/6/08,,,05000443
76001204,,"Hall, James, Office",Listed,Single,FALSE,0.9, SCIENCE,BUILDING,NEW YORK,Albany,Albany,Lincoln Park,https://catalog.archives.gov/id/75315639,12/8/76,12/8/76, Sunshine School,,76001204
66000097,AD,Hamilton Grange National Memorial,Listed,Add.Doc.,FALSE,0.93, ECONOMICS; MILITARY; POLITICS/GOVERNMENT; ARCHITECTURE,building,NEW YORK,New York,New York,414 West 141st St.,,10/15/66,12/19/60, The Grange,Hamilton Grange,66000097
78003151,,Harmony Mill Historic District,Listed,Single,FALSE,120, INDUSTRY; ARCHITECTURE,DISTRICT,NEW YORK,Albany,Cohoes,Between Mohawk River and RR tracks,https://catalog.archives.gov/id/75316239,1/12/78,1/20/99, See also:Harmony Mill No. 3,,78003151
71000525,,Harmony Mill No. 3,Listed,Single,FALSE,0, INDUSTRY; ARCHITECTURE,BUILDING,NEW YORK,Albany,Cohoes,100 N. Mohawk St.,https://catalog.archives.gov/id/75316241,2/18/71,1/20/99, Mastodon Mill; See also: Harmony Mills Historic District,,71000525
74001222,,Harriet Tubman Home for the Aged,Listed,Multiple,FALSE,5, BLACK; RELIGION; SOCIAL HISTORY,BUILDING,NEW YORK,Cayuga,Auburn,180-182 South St.,https://catalog.archives.gov/id/75312220,5/30/74,5/30/74, Harriet Tubman Museum,,74001222
77000987,,"Hartford, John A., House",Listed,Single,FALSE,10, COMMERCE,BUILDING,NEW YORK,Westchester,Valhalla,SW of Valhalla on NY 100,https://catalog.archives.gov/id/75316122,12/22/77,12/22/77, Hartford Hall,,77000987
67000016,,"Hasbrouck, Jean, House",Listed,Single,FALSE,0.5, ARCHITECTURE,BUILDING,NEW YORK,Ulster,New Paltz,Huguenot and N. Front Sts.,https://catalog.archives.gov/id/75316089,12/24/67,12/24/67,,,67000016
75001235,,"Haynes, Lemuel, House",Listed,Single,FALSE,2, MILITARY; BLACK; POLITICS/GOVERNMENT; RELIGION,BUILDING,NEW YORK,Washington,South Granville,Rte. 149,https://catalog.archives.gov/id/75316106,5/15/75,5/15/75,,,75001235
74001272,,Henry Street Settlement and Neighborhood Playhouse,Listed,Single,FALSE,1, SOCIAL HISTORY,BUILDING,NEW YORK,New York,New York,263-267 Henry St. and 466 Grand St.,https://catalog.archives.gov/id/75315980,9/13/74,5/30/74,,,74001272
75001207,,"Henson, Matthew, Residence",Listed,Single,FALSE,0.9, BLACK; SCIENCE; ARCHITECTURE,BUILDING,NEW YORK,New York,New York,"246 W. 150th St., Apt. 3F",https://catalog.archives.gov/id/75315890,5/15/75,5/15/75, See Also:Dunbar Apartments,,75001207
12001009,,Hispanic Society of America Complex,Listed,Single,FALSE,,,DISTRICT,NEW YORK,New York,New York,613 W. 155th St.,https://catalog.archives.gov/id/75315972,10/16/12,10/16/12,,,12001009
66000560,,Historic Track,Listed,Single,FALSE,22, ENTERTAINMENT/RECREATION; AGRICULTURE,DISTRICT,NEW YORK,Orange,Goshen,Main St.,https://catalog.archives.gov/id/75316002,10/15/66,5/23/66,,,66000560
66000521,,Holland Land Office,Listed,Single,FALSE,0.9, EXPLORATION/SETTLEMENT,BUILDING,NEW YORK,Genesee,Batavia,W. Main St.,https://catalog.archives.gov/id/75315762,10/15/66,10/9/60, Holland Land Office Museum,,66000521
93001619,,Holland Tunnel,Listed,Single,FALSE,28, TRANSPORTATION; ENGINEERING,STRUCTURE,NEW YORK,New York,New York,"Connecting Lower Manhattan and Jersey City, running under the Hudson R.",,11/4/93,11/4/93,,,93001619
87002590,,Holy Trinity Church (Protestant Episcopal),Listed,Single,FALSE,1, ARCHITECTURE,BUILDING,NEW YORK,Kings,New York,157 Montague St.,https://catalog.archives.gov/id/75315824,12/23/87,12/23/87, St. Ann's and Holy Trinity;See Also:Brooklyn Heights Histori,,87002590
66000526,,"Hough, Franklin B., House",Listed,Single,FALSE,3.5, CONSERVATION,BUILDING,NEW YORK,Lewis,Lowville,Collins St.,https://catalog.archives.gov/id/75315789,10/15/66,5/23/63,,,66000526
90002219,,Hudson River Heritage Historic District,Listed,Single,FALSE,0, EXPLORATION/SETTLEMENT; SOCIAL HISTORY; EUROPEAN; ARCHITECTURE; LANDSCAPE ARCHITECTURE,DISTRICT,NEW YORK,Dutchess,Staatsburg,E. side Hudson R. between Germantown and Staatsburg,https://catalog.archives.gov/id/75315704,12/14/90,12/14/90,,,90002219
89001166,,"Hudson River State Hospital, Main Building",Listed,Single,FALSE,10, ARCHITECTURE,BUILDING,NEW YORK,Dutchess,Poughkeepsie,US 9,https://catalog.archives.gov/id/75315687,6/29/89,6/30/89," Hudson River State Hospital for the Insane,Main Building;Hud",,89001166
66000578,,Huguenot Street Historic District,Listed,Single,FALSE,9.5, EXPLORATION/SETTLEMENT; ARCHITECTURE,DISTRICT,NEW YORK,Ulster,New Paltz,Huguenot St.,https://catalog.archives.gov/id/75316095,10/15/66,10/9/60,,,66000578
66000577,,Hurley Historic District,Listed,Single,FALSE,25, MILITARY; EXPLORATION/SETTLEMENT; ARCHITECTURE,DISTRICT,NEW YORK,Ulster,Hurley,"Hurley St., Hurley Mountain Rd., and Schoonmaker Lane",https://catalog.archives.gov/id/75316101,10/15/66,11/5/61, Dutch Stone Houses of Hurley Village and Vicinity,,66000577
71000555,,Hyde Hall,Listed,Single,FALSE,218, ARCHITECTURE,BUILDING,NEW YORK,Otsego,Springfield Center,S of Springfield Center in Glimmerglass State Park,https://catalog.archives.gov/id/75320946,10/7/71,6/24/86,,,71000555
72000918,,"Jay, John, Homestead",Listed,Single,FALSE,58.9, POLITICS/GOVERNMENT,BUILDING,NEW YORK,Westchester,Katonah,Jay St.,https://catalog.archives.gov/id/75323071,7/24/72,5/29/81, Bedford House,,72000918
66000520,,Johnson Hall,Listed,Single,FALSE,22, COMMERCE; HISTORIC - NON-ABORIGINAL; EXPLORATION/SETTLEMENT; ARCHITECTURE,DISTRICT,NEW YORK,Fulton,Johnstown,Hall St.,https://catalog.archives.gov/id/75315760,10/15/66,10/9/60,,,66000520
76001241,,"Johnson, James Weldon, House",Listed,Single,FALSE,0.9, BLACK; EDUCATION; POLITICS/GOVERNMENT; SOCIAL HISTORY; PERFORMING ARTS,BUILDING,NEW YORK,New York,New York,187 W. 135th St.,https://catalog.archives.gov/id/75315926,5/11/76,5/11/76,,,76001241
74001295,,King Manor,Listed,Single,FALSE,1, POLITICS/GOVERNMENT,BUILDING,NEW YORK,Queens,New York,150th St. and Jamaica Ave.,https://catalog.archives.gov/id/75316024,12/2/74,12/2/74, Rufus King House,,74001295
89001235,,Kleinhans Music Hall,Listed,Single,FALSE,0, ARCHITECTURE,BUILDING,NEW YORK,Erie,Buffalo,Symphony Circle,https://catalog.archives.gov/id/75315724,6/29/89,6/30/89, See Also: Allentown Historic District,,89001235
72000901,,Knox Headquarters,Listed,Single,FALSE,50, MILITARY,BUILDING,NEW YORK,Orange,Vails Gate,Quassaick Ave. and Forge Hill Rd.,https://catalog.archives.gov/id/75320680,11/9/72,11/28/72, John Ellison House;General Henry Knox's Headquarters,,72000901
73001280,,Lake Mohonk Mountain House Complex,Listed,Single,FALSE,7500, LANDSCAPE ARCHITECTURE; CONSERVATION; HEALTH/MEDICINE; ARCHITECTURE,DISTRICT,NEW YORK,Ulster,New Paltz,"NW of New Paltz, between Wallkill Valley on E and Roundout Valley on W",https://catalog.archives.gov/id/75322659,7/16/73,6/24/86,,,73001280
73001280,AD,Lake Mohonk Mountain House Complex (Additional Documentation),Returned,Add.Doc.,FALSE,7500, LANDSCAPE ARCHITECTURE; CONSERVATION; HEALTH/MEDICINE; ARCHITECTURE,district,NEW YORK,Ulster,New Paltz,"NW of New Paltz, between Wallkill Valley and Roundout Valley",https://catalog.archives.gov/id/75322659,7/16/73,6/24/86,,,73001280
66000571,,Lamoka,Listed,Single,TRUE,10, PREHISTORIC,SITE,NEW YORK,Schuyler,Tyrone,Address Restricted,,10/15/66,1/20/61, Lamoka Lake Site;Lamoka Site,,66000571
95000819,,LAND TORTOISE (radeau) Shipwreck Site,Listed,Single,TRUE,0.9, MILITARY; MARITIME HISTORY; HISTORIC - NON-ABORIGINAL,STRUCTURE,NEW YORK,Warren,Lake George,Address Restricted,,7/10/95,8/5/98, Wreck of the 1758 radeau LAND TORTOISE,,95000819
76001275,,"Langmuir, Irving, House",Listed,Single,FALSE,0.9, SCIENCE,BUILDING,NEW YORK,Schenectady,Schenectady,1176 Stratford Rd.,https://catalog.archives.gov/id/75316061,1/7/76,1/7/76,,,76001275
84002779,,LETTIE G. HOWARD (schooner),Listed,Single,FALSE,0.9, INDUSTRY; COMMERCE; ARCHITECTURE; MARITIME HISTORY,STRUCTURE,NEW YORK,New York,New York,South Street Seaport Museum,https://catalog.archives.gov/id/75315810,9/7/84,4/11/89, MYSTIC C.;CAVIARE,,84002779
66000515,,Locust Grove,Listed,Single,FALSE,108, COMMUNICATIONS; INVENTION,BUILDING,NEW YORK,Dutchess,Poughkeepsie,370 South St.,https://catalog.archives.gov/id/75315694,10/15/66,1/29/64, Samuel F.B. Morse House,,66000515
77000935,,Lorillard Snuff Mill,Listed,Single,FALSE,5, INDUSTRY,BUILDING,NEW YORK,Bronx,New York,Off U.S. 1,https://catalog.archives.gov/id/75315647,12/22/77,12/22/77, Old Snuff Mill,,77000935
87002599,,"Low Memorial Library, Columbia University",Listed,Single,FALSE,0.9, ARCHITECTURE,BUILDING,NEW YORK,New York,New York,W. Sixteenth St. between Broadway and Amsterdam Ave.,https://catalog.archives.gov/id/75315814,12/23/87,12/23/87,,,87002599
74001280,,Lower Landing Archeological District,Listed,Single,TRUE,33.7, TRANSPORTATION; MILITARY; HISTORIC - NON-ABORIGINAL; COMMERCE; HISTORIC - ABORIGINAL; PREHISTORIC,SITE,NEW YORK,Niagara,Lewiston,Address Restricted,,7/18/74,8/5/98," Lewiston Portage Landing Site, The Historic Gully;See Also:; Colonial Niagara Historic District",,74001280
66000582,,"Lyndhurst, Jay Gould Estate",Listed,Single,FALSE,70, COMMERCE; ARCHITECTURE,BUILDING,NEW YORK,Westchester,Tarrytown,635 S. Broadway,https://catalog.archives.gov/id/75316114,11/13/66,11/13/66, Jay Gould Estate,,66000582
78001873,,"Macy, R. H., and Company Store",Listed,Single,FALSE,3, COMMERCE,BUILDING,NEW YORK,New York,New York,151 W. 34th St.,https://catalog.archives.gov/id/75315902,6/2/78,6/2/78,,,78001873
73001183,,"Main Building, Vassar College",Listed,Single,FALSE,4, EDUCATION; ARCHITECTURE,BUILDING,NEW YORK,Dutchess,Poughkeepsie,Vassar College campus,https://catalog.archives.gov/id/75317394,9/19/73,6/24/86,,,73001183
77000948,,Main Street Historic District,Listed,Single,FALSE,120, ARCHITECTURE,DISTRICT,NEW YORK,Livingston,Geneseo,Main St. from the courthouse at Court and North Sts.,https://catalog.archives.gov/id/75318672,7/9/77,7/17/91, Geneseo Historic District;See Also:Main Street Historic Dist,,77000948
85000642,,Main Street Historic District (Boundary Increase),Listed,Single,FALSE,555, ARCHITECTURE,DISTRICT,NEW YORK,Livingston,Geneseo,"Roughly bounded by NY 39, Temple Hills Cemetery, South St. and Main",https://catalog.archives.gov/id/75318674,3/21/85,7/17/91, Geneseo Historic District;See Also:Main Street Historic Dist,,85000642
96001269,,Manitoga,Listed,Multiple,FALSE,79, ARCHITECTURE; LANDSCAPE ARCHITECTURE; INDUSTRY,DISTRICT,NEW YORK,Putnam,Garrison,Jct. of NY 9D and Manitou Rd.,https://catalog.archives.gov/id/75316018,11/15/96,2/17/06, Russel Wright Estate;Dragon Rock,,96001269
66000510,,Martin Van Buren National Historic Site,Listed,Single,FALSE,0, MILITARY; POLITICS/GOVERNMENT,BUILDING,NEW YORK,Columbia,Kinderhook,E of Kinderhook on NY 9H,https://catalog.archives.gov/id/75315677,10/15/66,7/4/61, Lindenwald,Martin Van Buren,66000510
86000160,,"Martin, Darwin D., House",Listed,Single,FALSE,0.6, ARCHITECTURE,BUILDING,NEW YORK,Erie,Buffalo,125 Jewett Pkwy.,https://catalog.archives.gov/id/75315726,2/24/86,2/24/86," Martin, Darwin D., House National Historic Landmark;See Also",,86000160
80002701,,McGraw-Hill Building,Listed,Single,FALSE,0.9, ARCHITECTURE,BUILDING,NEW YORK,New York,New York,326 W. 42nd St.,https://catalog.archives.gov/id/75319724,3/28/80,6/29/89,,,80002701
76002143,,"McKay, Claude, Residence",Listed,Single,FALSE,9.9, BLACK; LITERATURE; SOCIAL HISTORY,BUILDING,NEW YORK,New York,New York,180 W. 135th St.,https://catalog.archives.gov/id/75315942,12/8/76,12/8/76," McKay,Claude,Apartment;YMCA Building",,76002143
78001874,,Metropolitan Life Insurance Company,Listed,Single,FALSE,0.9, COMMERCE,BUILDING,NEW YORK,New York,New York,1 Madison Ave.,https://catalog.archives.gov/id/75315904,6/2/78,6/2/78, Metropolitan Tower;Metropolitan Life Insurance Tower,,78001874
86003556,,Metropolitan Museum of Art,Listed,Single,FALSE,43, ART; ARCHITECTURE,BUILDING,NEW YORK,New York,New York,Fifth Ave. at Eighty-second St.,https://catalog.archives.gov/id/75315848,6/24/86,6/24/86,,,86003556
66000506,,"Miller, Lewis, Cottage, Chautauqua Institution",Listed,Single,FALSE,0.9, EDUCATION,BUILDING,NEW YORK,Chautauqua,Chautauqua,NY 17J,https://catalog.archives.gov/id/75315665,10/15/66,3/1/66,,,66000506
76001244,,"Mills, Florence, House",Removed,Single,FALSE,0.9, BLACK; PERFORMING ARTS,BUILDING,NEW YORK,New York,New York,220 W. 135th St.,,,12/8/76,,,76001244
01001051,,MODESTY (Sloop),Listed,Single,FALSE,,,STRUCTURE,NEW YORK,Suffolk,West Sayville,"84 West Ave, Long Island Maritime Museum",https://catalog.archives.gov/id/75316083,8/7/01,8/7/01,,,01001051
93001621,,Mohawk Upper Castle Historic District,Listed,Single,TRUE,51.5, HISTORIC - ABORIGINAL,DISTRICT,NEW YORK,Herkimer,Danube,Address Restricted,,11/4/93,11/4/93, Nowadaga;Canajoharie;Indian Castle;Brant Homestead;Indian Ca,,93001621
69000142,,Montauk Point Lighthouse,Listed,Single,FALSE,0, COMMERCE; TRANSPORTATION; COMMUNICATIONS,STRUCTURE,NEW YORK,Suffolk,Montauk,2000 Montauk Hwy.,https://catalog.archives.gov/id/75322190,7/7/69,3/2/12,,,69000142
75001184,,Montgomery Place,Listed,Single,TRUE,434, ARCHITECTURE; LANDSCAPE ARCHITECTURE,DISTRICT,NEW YORK,Dutchess,Tivoli,Address Restricted,,5/2/75,4/8/92, Chateau de Montgomery,,75001184
66000574,,"Moran, Thomas, House",Listed,Single,FALSE,0.9, ART,BUILDING,NEW YORK,Suffolk,East Hampton,Main St.,https://catalog.archives.gov/id/75316077,10/15/66,12/21/65,,,66000574
66000576,,"Morrill Hall, Cornell University",Listed,Single,FALSE,0.9, EDUCATION,BUILDING,NEW YORK,Tompkins,Ithaca,Cornell University campus,https://catalog.archives.gov/id/75316087,10/15/66,12/21/65,,,66000576
66000545,,Morris-Jumel Mansion,Listed,Single,FALSE,0.9, MILITARY; ARCHITECTURE,BUILDING,NEW YORK,New York,New York,160th St. and Edgecombe Ave.,https://catalog.archives.gov/id/75315872,10/15/66,1/20/61,,,66000545
66000511,,Mount Lebanon Shaker Society,Listed,Single,FALSE,270, RELIGION; SOCIAL HISTORY,DISTRICT,NEW YORK,Columbia,New Lebanon,U.S. 20,https://catalog.archives.gov/id/75315683,10/15/66,6/23/65,,,66000511
66000575,,"Mount, William Sydney, House",Listed,Single,FALSE,2.3, ART,BUILDING,NEW YORK,Suffolk,Stony Brook,Gould Rd. and NY 25,https://catalog.archives.gov/id/75316079,10/15/66,12/21/65,,,66000575
98000453,,"Mullany, Kate, House",Listed,Single,FALSE,0.9, SOCIAL HISTORY,BUILDING,NEW YORK,Rensselaer,Troy,350 8th St.,https://catalog.archives.gov/id/75316036,4/1/98,4/1/98,,,98000453
91002059,,NASH (harbor tug),Listed,Single,FALSE,0.9, MILITARY; ARCHITECTURE,STRUCTURE,NEW YORK,Erie,Buffalo,1776 Niagara St.,https://catalog.archives.gov/id/75315740,12/4/91,12/4/91, MAJOR ELISHA K. HENSON (LT-5),,91002059
78001875,,National City Bank,Listed,Single,FALSE,0.9, COMMERCE; ARCHITECTURE,BUILDING,NEW YORK,New York,New York,55 Wall St.,https://catalog.archives.gov/id/75315852,6/2/78,6/2/78, Merchant's Exchange;First National City Bank Building,,78001875
76001247,,New York Amsterdam News Building,Listed,Single,FALSE,0.9, BLACK; COMMUNICATIONS,BUILDING,NEW YORK,New York,New York,2293 7th Ave.,https://catalog.archives.gov/id/75315916,5/11/76,5/11/76,,,76001247
67000009,,New York Botanical Gardens,Listed,Single,FALSE,230, EDUCATION; SCIENCE,DISTRICT,NEW YORK,Bronx,New York,Southern and Bedford Park Blvds.,https://catalog.archives.gov/id/75315645,5/28/67,5/28/67,,,67000009
72001586,,New York Cotton Exchange,Listed,Single,FALSE,0.9, COMMERCE; ARCHITECTURE,BUILDING,NEW YORK,New York,New York,1 Hanover Sq.,https://catalog.archives.gov/id/75319764,1/7/72,12/22/77, India House,,72001586
78001876,,New York Life Building,Listed,Single,FALSE,2.5, COMMERCE,BUILDING,NEW YORK,New York,New York,51 Madison Ave.,https://catalog.archives.gov/id/75315906,6/2/78,6/2/78,,,78001876
66000546,,New York Public Library,Listed,Single,FALSE,9.5, EDUCATION; ARCHITECTURE,BUILDING,NEW YORK,New York,New York,5th Ave. and 42nd St.,https://catalog.archives.gov/id/75315922,10/15/66,12/21/65, See Also:New York Public Library and Bryant Park,,66000546
66000547,,New York Public Library and Bryant Park,Listed,Single,FALSE,9.5, LANDSCAPE ARCHITECTURE; EDUCATION; ARCHITECTURE,BUILDING,NEW YORK,New York,New York,"Avenue of the Americas, 5th Ave., 40th and 42nd Sts.",https://catalog.archives.gov/id/75319776,10/15/66,12/21/65, See Also:New York Public Library,,66000547
100000834,NL,New York State Barge Canal,Listed,NHL,FALSE,23486.3, ENGINEERING; TRANSPORTATION; MARITIME HISTORY; COMMERCE,district,NEW YORK,Albany,Multiple,"NYS Barge Canal, Waterford to Tonawanda, Whitehall, Oswego & Waterloo",,,12/23/16,,,14000860
71000519,,New York State Capitol,Listed,Single,FALSE,5.5, ART; ENGINEERING; POLITICS/GOVERNMENT; ARCHITECTURE,BUILDING,NEW YORK,Albany,Albany,Capitol Park,https://catalog.archives.gov/id/75316285,2/18/71,1/29/79,,,71000519
96000814,,New York State Inebriate Asylum,Listed,Single,FALSE,20, ARCHITECTURE; HEALTH/MEDICINE; SOCIAL HISTORY,BUILDING,NEW YORK,Broome,Binghamton,425 Robinson St.,https://catalog.archives.gov/id/75315653,7/24/96,12/9/97,,,96000814
78001877,,New York Stock Exchange,Listed,Single,FALSE,0.9, COMMERCE; ECONOMICS,BUILDING,NEW YORK,New York,New York,11 Wall St.,https://catalog.archives.gov/id/75315908,6/2/78,6/2/78,,,78001877
92001877,,"New York Studio School of Drawing, Painting and Sculpture",Listed,Single,FALSE,0.9, ART; SOCIAL HISTORY,BUILDING,NEW YORK,New York,New York,8--14 W. 8th St.,https://catalog.archives.gov/id/75315898,4/27/92,4/27/92, Whitney Museum of American Art;Whitney Studio;Whitney Studio,,92001877
82001203,,New York Yacht Club,Listed,Single,FALSE,0.9, ARCHITECTURE; MARITIME HISTORY,BUILDING,NEW YORK,New York,New York,37 W. 44th St.,https://catalog.archives.gov/id/75319790,10/29/82,5/28/87,,,82001203
72000826,,Newtown Battlefield,Listed,Single,FALSE,2100, MILITARY,SITE,NEW YORK,Chemung,Elmira,6 mi. SE of Elmira on NY 17,,11/28/72,11/28/72, Newton Battlefield Reservation,,72000826
66000555,,Niagara Reservation,Listed,Single,FALSE,435, CONSERVATION,SITE,NEW YORK,Niagara,Niagara Falls,Niagara Reservation,https://catalog.archives.gov/id/75315987,10/15/66,5/23/63,,,66000555
72000912,,Nott Memorial Hall,Listed,Single,FALSE,1, ENGINEERING; ARCHITECTURE,BUILDING,NEW YORK,Schenectady,Schenectady,Union College campus,https://catalog.archives.gov/id/75321693,5/5/72,6/24/86," Nott Memorial Hall, Union College",,72000912
66000509,,Olana,Listed,Single,FALSE,250.2, ART,BUILDING,NEW YORK,Columbia,Church Hill,"Church Hill, E end of Rip Van Winkle Bridge",https://catalog.archives.gov/id/75315679,10/15/66,6/22/65, Frederic E. Church House,,66000509
66000570,,Old Blenheim Bridge,Listed,Single,FALSE,2, ENGINEERING; TRANSPORTATION,STRUCTURE,NEW YORK,Schoharie,North Blenheim,NY 30 over Schoharie Creek,,10/15/66,1/29/64,,,66000570
66000556,,Old Fort Niagara-Colonial Niagara Historic District,Listed,Single,FALSE,25, HISTORIC - NON-ABORIGINAL; MILITARY; EXPLORATION/SETTLEMENT,DISTRICT,NEW YORK,Niagara,Youngstown,N of Youngstown on NY 18,,10/15/66,10/9/60, Colonial Niagara Historic District,,66000556
66000573,,"Old House, The",Listed,Single,FALSE,0.9, EXPLORATION/SETTLEMENT; ARCHITECTURE,BUILDING,NEW YORK,Suffolk,Cutchogue,NY 25,https://catalog.archives.gov/id/75316073,10/15/66,11/5/61,,,66000573
66000548,,Old Merchant's House,Listed,Single,FALSE,0.9, ARCHITECTURE,BUILDING,NEW YORK,New York,New York,29 E. 4th St.,https://catalog.archives.gov/id/75315826,10/15/66,6/23/65, Seabury Tredwell House,,66000548
67000015,,Old Quaker Meetinghouse,Listed,Single,FALSE,1, ARCHITECTURE; RELIGION,BUILDING,NEW YORK,Queens,New York,S side of Northern Blvd.,https://catalog.archives.gov/id/75316020,12/24/67,12/24/67,,,67000015
66000527,,Oneida Community Mansion House,Listed,Single,FALSE,13.9, RELIGION; SOCIAL HISTORY,BUILDING,NEW YORK,Madison,Oneida,Sherrill Rd.,https://catalog.archives.gov/id/75315793,10/15/66,6/23/65,,,66000527
66000558,,Oriskany Battlefield,Listed,Single,FALSE,70, MILITARY,SITE,NEW YORK,Oneida,Rome,5 mi. E of Rome on NY 69,https://catalog.archives.gov/id/75315993,10/15/66,11/23/62,,,66000558
71000565,,Owl's Nest,Listed,Single,FALSE,10, LITERATURE,BUILDING,NEW YORK,Warren,Lake George,NY 9L,https://catalog.archives.gov/id/75316103,11/11/71,11/11/71, Edward Eggleston Estate,,71000565
72000920,,"Paine, Thomas, Cottage",Listed,Single,FALSE,1, POLITICS/GOVERNMENT,BUILDING,NEW YORK,Westchester,New Rochelle,20 Sicard Ave.,https://catalog.archives.gov/id/75316134,11/28/72,11/28/72,,,72000920
99000631,,Petrified Sea Gardens,Listed,Single,FALSE,1.5, SCIENCE,DISTRICT,NEW YORK,Saratoga,Saratoga Springs,42 Petrified Gardens Road,https://catalog.archives.gov/id/75316057,1/20/99,1/20/99, Ritchie Park,,99000631
66000584,,Philipsburg Manor,Listed,Single,FALSE,20, EXPLORATION/SETTLEMENT,BUILDING,NEW YORK,Westchester,Sleepy Hollow,381 Bellwood Ave.,https://catalog.archives.gov/id/75316126,10/15/66,11/5/61, Philips Castle,,66000584
66000585,,Philipse Manor Hall,Listed,Single,FALSE,1, ARCHITECTURE,BUILDING,NEW YORK,Westchester,Yonkers,Warburton Ave. and Dock St.,https://catalog.archives.gov/id/75316108,10/15/66,11/5/61,,,66000585
03001046,,Philosophy Hall,Listed,Single,FALSE,0.9, COMMUNICATIONS; ENGINEERING; INVENTION,BUILDING,NEW YORK,New York,New York,1150 Amsterdam Avenue,https://catalog.archives.gov/id/75315918,7/31/03,7/31/03,,,03001046
66000544,,Pierpont Morgan Library,Listed,Single,FALSE,0.9, COMMERCE; ECONOMICS; EDUCATION; ARCHITECTURE,BUILDING,NEW YORK,New York,New York,33 E. 36th St.,https://catalog.archives.gov/id/75315862,11/13/66,11/13/66,,,66000544
66000507,,Plattsburgh Bay,Listed,Single,FALSE,7025, HISTORIC - NON-ABORIGINAL; MILITARY,DISTRICT,NEW YORK,Clinton,Plattsburgh,"Cumberland Bay, E of Plattsburgh",https://catalog.archives.gov/id/75315667,10/15/66,12/19/60, Cumberland Bay;Battle of Lake Champlain;See Also:Fort Brown,,66000507
80004529,,Playland Amusement Park,Listed,Single,FALSE,280, ENTERTAINMENT/RECREATION,DISTRICT,NEW YORK,Westchester,Rye,Playland Pkwy. and Forest Ave.,https://catalog.archives.gov/id/75323175,7/4/80,2/27/87,,,80004529
78001878,,Plaza Hotel,Listed,Single,FALSE,4.8, COMMUNITY PLANNING AND DEVELOPMENT; COMMERCE; ART; ARCHITECTURE,DISTRICT,NEW YORK,New York,New York,Fifth Ave. and Fifty-ninth St.,https://catalog.archives.gov/id/75319827,11/29/78,6/24/86, Plaza Hotel and Grand Army Plaza,,78001878
66000525,,Plymouth Church of the Pilgrims,Listed,Single,FALSE,0.8, RELIGION; SOCIAL HISTORY,BUILDING,NEW YORK,Kings,New York,75 Hicks St.,https://catalog.archives.gov/id/75315785,10/15/66,7/4/61, Plymouth Church,,66000525
94001193,,"Pollock, Jackson, House and Studio",Listed,Single,FALSE,1.6, ART,BUILDING,NEW YORK,Suffolk,East Hampton,830 Fireplace Rd.,https://catalog.archives.gov/id/75316075,4/19/94,4/19/94, Krasner-Pollock House and Study Center,,94001193
06000238,,Priscilla (Long Island Sound Oyster Sloop),Listed,Single,FALSE,0.9, MARITIME HISTORY; TRANSPORTATION; COMMERCE; ARCHITECTURE,STRUCTURE,NEW YORK,Suffolk,West Sayville,"Waterfront, Long Island Maritime Museum, 84 West Ave.",https://catalog.archives.gov/id/75316085,2/17/06,2/17/06,,,06000238
73001187,,Prudential Building,Listed,Single,FALSE,0.9, COMMERCE; ARCHITECTURE,BUILDING,NEW YORK,Erie,Buffalo,Church and Pearl Sts.,https://catalog.archives.gov/id/75317677,3/20/73,5/15/75, Guaranty Building,,73001187
66000550,,"Pupin Physics Laboratories, Columbia University",Listed,Single,FALSE,0.9, SCIENCE; INVENTION,BUILDING,NEW YORK,New York,New York,Broadway and 120th St.,https://catalog.archives.gov/id/75315938,10/15/66,12/21/65,,,66000550
74001252,,Quarters A,Listed,Single,FALSE,3, MILITARY; POLITICS/GOVERNMENT; ARCHITECTURE,BUILDING,NEW YORK,Kings,New York,U.S. Naval Facility,https://catalog.archives.gov/id/75315783,5/30/74,5/30/74, Commander's Quarters;Matthew C. Perry House,,74001252
76001248,,"Robeson, Paul, Home",Listed,Single,FALSE,9.9, BLACK; LITERATURE; SOCIAL HISTORY; PERFORMING ARTS,BUILDING,NEW YORK,New York,New York,555 Edgecombe Ave.,https://catalog.archives.gov/id/75315944,12/8/76,12/8/76,,,76001248
76001226,,"Robinson, John Roosevelt ""Jackie"", House",Listed,Single,FALSE,0.9, ENTERTAINMENT/RECREATION; BLACK; SOCIAL HISTORY,BUILDING,NEW YORK,Kings,New York,5224 Tilden St.,https://catalog.archives.gov/id/75315787,5/11/76,5/11/76,,,76001226
87002591,,Rockefeller Center,Listed,Single,FALSE,12, LANDSCAPE ARCHITECTURE; ART; ENTERTAINMENT/RECREATION; ARCHITECTURE,BUILDING,NEW YORK,New York,New York,"Bounded by Fifth Ave., W. Forty-eighth St., Seventh Ave., & W. Fifty-first St.",https://catalog.archives.gov/id/75315868,12/23/87,12/23/87, See Also:Radio City Music Hall,,87002591
76001290,,"Rockefeller, John D., Estate",Listed,Single,FALSE,249, INDUSTRY; SOCIAL HISTORY,DISTRICT,NEW YORK,Westchester,Mt. Pleasant,Pocantico Hills,https://catalog.archives.gov/id/75316128,5/11/76,5/11/76,,,76001290
72000893,,"Root, Elihu, House",Listed,Single,FALSE,7, MILITARY; POLITICS/GOVERNMENT,BUILDING,NEW YORK,Oneida,Clinton,101 College Hill Rd.,https://catalog.archives.gov/id/75315995,11/28/72,11/28/72, Grant House,,72000893
73001269,,Rose Hill,Listed,Single,FALSE,23, AGRICULTURE; ARCHITECTURE,BUILDING,NEW YORK,Seneca,Fayette,W of Fayette on NY 96A,https://catalog.archives.gov/id/75321836,2/6/73,6/24/86,,,73001269
74001236,,Roycroft Campus,Listed,Single,FALSE,10, COMMERCE; ART; LITERATURE; ARCHITECTURE; RELIGION; SOCIAL HISTORY,DISTRICT,NEW YORK,Erie,East Aurora,Main and W. Grove Sts.,https://catalog.archives.gov/id/75317691,11/8/74,2/24/86, Roycroft Campus National Historic Landmark,,74001236
01001052,,Rudolph Oyster House,Listed,Single,FALSE,,,BUILDING,NEW YORK,Suffolk,West Sayville,"84 West Ave, Long Island Maritime Museum",https://catalog.archives.gov/id/75316081,8/7/01,8/7/01,,,01001052
76001221,,Sagamore,Listed,Single,FALSE,7, ARCHITECTURE,BUILDING,NEW YORK,Hamilton,Racquette Lake,Off NY 28 at W end of Sagamore Lake,https://catalog.archives.gov/id/75318096,1/11/76,5/16/00, See Also:Sagamore Lodge (Boundary Increase),,76001221
72000909,,Sailors' Snug Harbor National Register District,Listed,Single,FALSE,85, LANDSCAPE ARCHITECTURE; ARCHITECTURE,DISTRICT,NEW YORK,Richmond,New York,Richmond Ter.,https://catalog.archives.gov/id/75321389,3/16/72,12/8/76,,,72000909
93001599,,"Sanger, Margaret, Clinic",Listed,Single,FALSE,0.9, HEALTH/MEDICINE; POLITICS/GOVERNMENT; SOCIAL HISTORY,BUILDING,NEW YORK,New York,New York,17 W. 16th St.,https://catalog.archives.gov/id/75315934,9/14/93,9/14/93,,,93001599
85002357,,Saratoga Spa State Park District,Listed,Single,FALSE,950, LANDSCAPE ARCHITECTURE; CONSERVATION; HEALTH/MEDICINE; ARCHITECTURE,DISTRICT,NEW YORK,Saratoga,Saratoga Springs,US 9 & NY 50,https://catalog.archives.gov/id/75316053,9/12/85,2/27/87,,,85002357
100000798,NL,Schomburg Center for Research in Black Culture,Listed,NHL,FALSE,0.1, BLACK; EDUCATION,building,NEW YORK,New York,New York,"515 Lenox Ave.,103 W. 135th St.",,,12/23/16,,,78001881
74001217,,Schuyler Flatts,Listed,Single,TRUE,100, HISTORIC - NON-ABORIGINAL; PREHISTORIC; HISTORIC - ABORIGINAL,SITE,NEW YORK,Albany,Menands,Address Restricted,,1/21/74,11/4/93, Schuyler Flatts Archeological District,,74001217
67000008,AD,"Schuyler, Philip, Mansion (Additional Documentation)",Listed,Add.Doc.,FALSE,0.9, ARCHITECTURE; ETHNIC HERITAGE-BLACK,building,NEW YORK,Albany,Albany,Clinton and Schuyler Sts.,https://catalog.archives.gov/id/75315633,12/24/67,12/24/67," Pastures,The",,67000008
73001222,,"Scott, Gen. Winfield, House",Listed,Single,FALSE,0.9, MILITARY; POLITICS/GOVERNMENT,BUILDING,NEW YORK,New York,New York,24 W. 12th St.,https://catalog.archives.gov/id/75315948,11/7/73,11/7/73,,,73001222
75001208,,Seventh Regiment Armory,Listed,Single,FALSE,4, MILITARY; ARCHITECTURE,BUILDING,NEW YORK,New York,New York,643 Park Ave.,https://catalog.archives.gov/id/75319895,4/14/75,2/24/86, Seventh Regiment Armory National Historic Landmark,,75001208
66000504,,"Seward, William H., House",Listed,Single,FALSE,2.5, POLITICS/GOVERNMENT,BUILDING,NEW YORK,Cayuga,Auburn,33 South St.,https://catalog.archives.gov/id/75315661,10/15/66,1/29/64,,,66000504
78001882,,"Sinclair, Harry F., House",Listed,Single,FALSE,0.9, INDUSTRY; POLITICS/GOVERNMENT,BUILDING,NEW YORK,New York,New York,2 E. 79th St.,https://catalog.archives.gov/id/75315936,6/2/78,6/2/78," Augustus Van Horn Stuyvesant,Jr.,House;Ukranian Institute of",,78001882
68000034,,Slabsides (John Burroughs Cabin),Listed,Single,FALSE,16, CONSERVATION; LITERATURE,BUILDING,NEW YORK,Ulster,West Park,W of West Park,https://catalog.archives.gov/id/75316099,11/24/68,11/24/68, Slabsides,,68000034
72000882,,"Smith, Alfred E., House",Listed,Single,FALSE,0.1, POLITICS/GOVERNMENT,BUILDING,NEW YORK,New York,New York,25 Oliver St.,https://catalog.archives.gov/id/75315958,11/28/72,11/28/72,,,72000882
97001386,,"Smith, Gerrit, Estate",Listed,Single,FALSE,7.8, BLACK; SOCIAL HISTORY,DISTRICT,NEW YORK,Madison,Peterboro,Jct. of Main and Nelson Sts.,https://catalog.archives.gov/id/75315795,11/24/97,1/30/01, See also:Peterboro Land Office,,97001386
78001883,,Soho Historic District,Listed,Single,FALSE,73, COMMERCE; ARCHITECTURE,DISTRICT,NEW YORK,New York,New York,"Roughly bounded by W. Broadway, Houston, Crosby, and Canal Sts.",https://catalog.archives.gov/id/75319915,6/29/78,6/2/78, Soho Cast Iron Historic District,,78001883
66000532,,"Sousa, John Philip, House",Listed,Single,FALSE,1.6, PERFORMING ARTS,BUILDING,NEW YORK,Nassau,Port Washington,"14 Hicks Lane, Sands Point",https://catalog.archives.gov/id/75315808,10/15/66,5/23/66,,,66000532
80002719,,St. Bartholomew's Church and Community House,Listed,Single,FALSE,1, ART; ARCHITECTURE,BUILDING,NEW YORK,New York,New York,325 Park Ave. (formerly 109 E. 50th St.),https://catalog.archives.gov/id/75319925,4/16/80,10/31/16,,,80002719
76001249,,St. George's Episcopal Church,Listed,Single,FALSE,9.9, BLACK; PERFORMING ARTS,BUILDING,NEW YORK,New York,New York,3rd Ave. and E. 16th St.,https://catalog.archives.gov/id/75315956,12/8/76,12/8/76,,,76001249
76001250,,St. Patrick's Cathedral,Listed,Single,FALSE,2, ART; ARCHITECTURE; RELIGION,BUILDING,NEW YORK,New York,New York,"Bounded by 5th and Madison Aves., E. 50th and E. 51st Sts.",https://catalog.archives.gov/id/75315888,12/8/76,12/8/76," Lady Chapel,Rectory and Cardinal's Residence",,76001250
66000551,,St. Paul's Chapel,Listed,Single,FALSE,1.5, ARCHITECTURE,BUILDING,NEW YORK,New York,New York,Broadway between Fulton and Vesey Sts.,https://catalog.archives.gov/id/75315828,10/15/66,10/9/60,,,66000551
73002298,,St. Paul's Episcopal Cathedral,Listed,Single,FALSE,0.9, ARCHITECTURE,BUILDING,NEW YORK,Erie,Buffalo,125 Pearl St.,https://catalog.archives.gov/id/75317715,3/1/73,12/23/87,,,73002298
72000817,,St. Peter's Church,Listed,Single,FALSE,0.9, ARCHITECTURE,BUILDING,NEW YORK,Albany,Albany,107 State St.,https://catalog.archives.gov/id/75316351,3/16/72,1/16/80, St. Peter's Episcopal Church,,72000817
66000572,,"Stanton, Elizabeth Cady, House",Listed,Single,FALSE,0.9, SOCIAL HISTORY,BUILDING,NEW YORK,Seneca,Seneca Falls,32 Washington St.,https://catalog.archives.gov/id/75321842,10/15/66,6/23/65,,Women's Rights,66000572
71000534,,Steepletop,Listed,Single,FALSE,500, LITERATURE,BUILDING,NEW YORK,Columbia,Austerlitz,NE of Austerlitz on E. Hill Rd.,https://catalog.archives.gov/id/75315681,11/11/71,11/11/71, Edna St. Vincent Millay House,,71000534
04000705,,"Stepping Stones (Wilson, Bill and Lois, House)",Listed,Single,FALSE,6.5, HEALTH/MEDICINE; SOCIAL HISTORY,BUILDING,NEW YORK,Westchester,Katonah,62 Oak Rd.,https://catalog.archives.gov/id/75323251,7/16/04,10/16/12,,,04000705
78001885,,"Stewart, A. T., Company Store",Listed,Single,FALSE,0.9, COMMERCE; ARCHITECTURE,BUILDING,NEW YORK,New York,New York,280 Broadway,https://catalog.archives.gov/id/75315856,6/2/78,6/2/78, Sun Building;Marble Palace,,78001885
99000562,,Stonewall,Listed,Single,FALSE,,,BUILDING,NEW YORK,New York,New York,"Roughly bounded by Greenwich Ave., Seventh Ave., Washington St., and Sixth Ave.",https://catalog.archives.gov/id/75315976,5/27/99,2/16/00,,,99000562
66000567,,Stony Point Battlefield,Listed,Single,FALSE,137, MILITARY,SITE,NEW YORK,Rockland,Stony Point,N of Stony Point on U.S. 2 and 202,https://catalog.archives.gov/id/75316051,10/15/66,1/20/61, Stony Point Battlefield Reservation,,66000567
66000583,,Sunnyside,Listed,Single,FALSE,27, LITERATURE,BUILDING,NEW YORK,Westchester,Tarrytown,Sunnyside Lane,https://catalog.archives.gov/id/75316130,10/15/66,12/29/62, Washington Irving House,,66000583
72000888,,Surrogate's Court,Listed,Single,FALSE,0.9, ARCHITECTURE,BUILDING,NEW YORK,New York,New York,31 Chambers St.,https://catalog.archives.gov/id/75319977,1/29/72,12/22/77, Hall of Records,,72000888
92000556,,Tenement Building at 97 Orchard Street,Listed,Single,FALSE,0.9, EUROPEAN; SOCIAL HISTORY; ARCHITECTURE,BUILDING,NEW YORK,New York,New York,97 Orchard St.,https://catalog.archives.gov/id/75315866,5/19/92,4/19/94, Lower East Side Tenement Museum,,92000556
08001091,,The Frick Collection and Frick Art Reference Library Building,Listed,Single,FALSE,1.3, ARCHITECTURE; EDUCATION; ART,BUILDING,NEW YORK,New York,New York,1 East 70th Street; 12 East 71st Street,https://catalog.archives.gov/id/75315864,10/6/08,10/6/08,,,08001091
66000549,,The Players,Listed,Single,FALSE,0.9, PERFORMING ARTS,BUILDING,NEW YORK,New York,New York,16 Gramercy Park,https://catalog.archives.gov/id/75315982,10/15/66,12/29/62, The Players Club,,66000549
72000875,,Third Judicial District Courthouse,Listed,Single,FALSE,0.9, ARCHITECTURE,BUILDING,NEW YORK,New York,New York,425 Avenue of the Americas,https://catalog.archives.gov/id/75319985,11/9/72,12/22/77, Jefferson Market Courthouse;Jefferson Market Branch New York,,72000875
78001886,,Tiffany and Company Building,Listed,Single,FALSE,0.9, COMMERCE; ARCHITECTURE,BUILDING,NEW YORK,New York,New York,401 5th Ave.,https://catalog.archives.gov/id/75315894,6/2/78,6/2/78, Tiffany Building,,78001886
76001251,,"Tilden, Samuel J., House",Listed,Single,FALSE,0.9, ART; POLITICS/GOVERNMENT; ARCHITECTURE,BUILDING,NEW YORK,New York,New York,14--15 Gramercy Park South,https://catalog.archives.gov/id/75315844,5/11/76,5/11/76, National Arts Club,,76001251
97001679,,Top Cottage,Listed,Single,FALSE,32, POLITICS/GOVERNMENT; PERFORMING ARTS,BUILDING,NEW YORK,Dutchess,Hyde Park,24 Potters Bend Rd.,https://catalog.archives.gov/id/75315698,12/9/97,9/9/97, Hill Top Cottage,,97001679
80002724,,Town Hall,Listed,Single,FALSE,0.9, EDUCATION; POLITICS/GOVERNMENT; ARCHITECTURE; SOCIAL HISTORY; PERFORMING ARTS,BUILDING,NEW YORK,New York,New York,113--123 W. 43rd St.,https://catalog.archives.gov/id/75319989,4/23/80,3/2/12,,,80002724
91002050,,Triangle Shirtwaist Factory,Listed,Single,FALSE,0.9, INDUSTRY; POLITICS/GOVERNMENT; SOCIAL HISTORY,BUILDING,NEW YORK,New York,New York,23--29 Washington Pl.,https://catalog.archives.gov/id/75315920,7/17/91,7/17/91, Asch Building;Brown Building,,91002050
76001252,,Trinity Church and Graveyard,Listed,Single,FALSE,1.9, ARCHITECTURE; RELIGION,BUILDING,NEW YORK,New York,New York,Broadway and Wall St.,https://catalog.archives.gov/id/75315884,12/8/76,12/8/76,,,76001252
89001066,,Troy Savings Bank and Music Hall,Listed,Single,FALSE,1, ARCHITECTURE,BUILDING,NEW YORK,Rensselaer,Troy,32 Second St.,https://catalog.archives.gov/id/75316028,4/11/89,4/11/89, See Also:Second Street Historic District,,89001066
01000073,,"Tubman Home for the Aged, Harriet Tubman Residence, Thompson A.M.E. Zion Church (Boundary Increase)",Listed,Single,FALSE,,,BUILDING,NEW YORK,Cayuga,Auburn,180 and 182 South St. and 33 Parker St.,https://catalog.archives.gov/id/75316739,1/3/01,1/3/01,,,01000073
74001277,,Tweed Courthouse,Listed,Single,FALSE,0.9, POLITICS/GOVERNMENT; ARCHITECTURE,BUILDING,NEW YORK,New York,New York,52 Chambers St.,https://catalog.archives.gov/id/75320004,9/25/74,5/11/76, Old New York County Courthouse,,74001277
72000889,,U.S. Customhouse,Listed,Single,FALSE,1.9, ARCHITECTURE,BUILDING,NEW YORK,New York,New York,Bowling Green,https://catalog.archives.gov/id/75320008,1/31/72,12/8/76,,,72000889
97001678,,Union Square,Listed,Single,FALSE,8.6, SOCIAL HISTORY,SITE,NEW YORK,New York,New York,Bounded by E 14th & E 17th Sts. and Union Square East & Union Square West,https://catalog.archives.gov/id/75315974,12/9/97,9/9/97, Union Square Park,,97001678
85000661,,United Charities Building Complex,Listed,Single,FALSE,0.9, EDUCATION; SOCIAL HISTORY; ARCHITECTURE,BUILDING,NEW YORK,New York,New York,"105 E. 22nd St,. 289 Park Ave. S. and 111-113 E. 22nd St.",https://catalog.archives.gov/id/75315978,3/28/85,7/17/91, United Charities Building;Kennedy Building;Dockbuilder's Tra,,85000661
66000562,,United States Military Academy,Listed,Single,FALSE,2500, HISTORIC - NON-ABORIGINAL; MILITARY; EDUCATION,DISTRICT,NEW YORK,Orange,West Point,NY 218,,10/15/66,12/19/60, West Point,,66000562
12001013,,University Heights Campus (Bronx Community College of The City University of New York),Listed,Single,FALSE,,,DISTRICT,NEW YORK,Bronx,Bronx,West 181st St. and University Ave.,,10/16/12,10/16/12,,,12001013
90000333,,USS EDSON (DD-946),Listed,Single,FALSE,0.9, ARCHITECTURE,STRUCTURE,NEW YORK,New York,New York,"Intrepid Sq., foot of 46th St.",,6/21/90,6/21/90,,,90000333
86000082,,USS INTREPID (aircraft carrier),Listed,Single,FALSE,0.9, MILITARY,STRUCTURE,NEW YORK,New York,New York,Intrepid Sq.,https://catalog.archives.gov/id/75315946,1/14/86,1/14/86, CV-11,,86000082
98000393,,USS Slater (Destroyer Escort),Listed,Single,FALSE,0.9, MILITARY; MARITIME HISTORY,STRUCTURE,NEW YORK,Albany,Albany,Port of Albany,https://catalog.archives.gov/id/75315637,5/7/98,3/2/12, DE-766,,98000393
86000085,,USS THE SULLIVANS (destroyer),Listed,Single,FALSE,0.9, MILITARY,STRUCTURE,NEW YORK,Erie,Buffalo,1 Naval Cove Pk.,https://catalog.archives.gov/id/75315738,1/14/86,1/14/86, DD-537,,86000085
71000548,,Utica State Hospital,Listed,Single,FALSE,0, LANDSCAPE ARCHITECTURE; ENGINEERING; ARCHITECTURE; SOCIAL HISTORY,BUILDING,NEW YORK,Oneida,Utica,1213 Court St.,https://catalog.archives.gov/id/75320269,10/26/71,6/30/89, Utica State Hospital Main Building;Mohawk Valley Psychiatric,,71000548
66000508,,Valcour Bay,Listed,Single,FALSE,1200, MILITARY,SITE,NEW YORK,Clinton,Plattsburgh,7 mi. S of Plattsburgh on the W shore of Lake Champlain,https://catalog.archives.gov/id/75315669,10/15/66,1/1/61,,,66000508
67000011,,"Van Alen, Luycas, House",Listed,Single,FALSE,33, EXPLORATION/SETTLEMENT; ARCHITECTURE,BUILDING,NEW YORK,Columbia,Kinderhook,E of Kinderhook on NY 9H off U.S. 9,,12/24/67,12/24/67,,,67000011
66000579,,Van Cortlandt Manor,Listed,Single,FALSE,180, EXPLORATION/SETTLEMENT; ARCHITECTURE,BUILDING,NEW YORK,Westchester,Croton-on-Hudson,"U.S. 9, N of jct. with U.S. 9A",https://catalog.archives.gov/id/75316118,10/15/66,11/5/61,,,66000579
67000010,,"Van Cortlandt, Frederick, House",Listed,Single,FALSE,192, ARCHITECTURE,BUILDING,NEW YORK,Bronx,New York,Van Cortlandt Park at 242nd St.,,12/24/67,12/24/67,,,67000010
91002051,,Vassar College Observatory,Listed,Single,FALSE,0.9, EDUCATION; SCIENCE,BUILDING,NEW YORK,Dutchess,Poughkeepsie,Raymond Ave.,https://catalog.archives.gov/id/75315696,7/17/91,7/17/91,,,91002051
69000141,,"Vassar, Matthew, Estate",Listed,Single,FALSE,26.5, LANDSCAPE ARCHITECTURE; ARCHITECTURE,BUILDING,NEW YORK,Dutchess,Poughkeepsie,Academy and Livingston Sts.,https://catalog.archives.gov/id/75315692,8/11/69,8/11/69, Springside,,69000141
76001289,,Villa Lewaro,Listed,Single,FALSE,3.1, BLACK; ARCHITECTURE,BUILDING,NEW YORK,Westchester,Irvington,N. Broadway,https://catalog.archives.gov/id/75316112,5/11/76,5/11/76, Anne E. Poth House,,76001289
66000565,,Voorlezer's House,Listed,Single,FALSE,0.9, EDUCATION,BUILDING,NEW YORK,Richmond,New York,"Arthur Kill Rd., opposite Center St.",https://catalog.archives.gov/id/75316043,10/15/66,11/5/61,,,66000565
70000432,,W. & L. E. Gurley Building,Listed,Single,FALSE,0.9, INDUSTRY,BUILDING,NEW YORK,Rensselaer,Troy,514 Fulton St.,https://catalog.archives.gov/id/75321319,3/5/70,3/5/70,,,70000432
93000609,,Wards Point Archeological Site,Listed,Single,TRUE,20, HISTORIC - ABORIGINAL,SITE,NEW YORK,Richmond,Tottenville,Address Restricted,,4/19/93,4/19/93, Burial Ridge;STE 1-3;Tottenville Site,,93000609
66000887,,Washington's Headquarters,Listed,Single,FALSE,9, MILITARY; ARCHITECTURE,BUILDING,NEW YORK,Orange,Newburgh,Liberty and Washington Sts.,https://catalog.archives.gov/id/75316004,10/15/66,1/20/61, Hasbrouck House,,66000887
66000503,,Watervliet Arsenal,Listed,Single,FALSE,110, INDUSTRY; MILITARY,DISTRICT,NEW YORK,Albany,Watervliet,S. Broadway,https://catalog.archives.gov/id/75315626,11/13/66,11/13/66,,,66000503
66000518,,"Watson, Elkanah, House",Listed,Single,FALSE,1.5, AGRICULTURE,BUILDING,NEW YORK,Essex,Port Kent,3 mi. E of U.S. 9,https://catalog.archives.gov/id/75315744,10/15/66,7/19/64,,,66000518
100006260,NL,West Point Foundry Archeological Site,Listed,NHL,TRUE,100, HISTORIC - NON-ABORIGINAL; INDUSTRY,site,NEW YORK,Putnam,Cold Spring,Address Restricted,,,1/13/21,,,10000059
89000461,,Willard Memorial Chapel-Welch Memorial Hall,Listed,Single,FALSE,1.4, ART; ARCHITECTURE,BUILDING,NEW YORK,Cayuga,Auburn,17--19 Nelson St.,https://catalog.archives.gov/id/75315657,6/8/89,4/5/05,,,89000461
100011388,NL,Winged Foot Golf Club,Listed,NHL,FALSE,280, ARCHITECTURE; LANDSCAPE ARCHITECTURE; ENTERTAINMENT/RECREATION,district,NEW YORK,Westchester,Mamaroneck,851 Fenimore Rd.,,,12/13/24,,,100004089
66000505,,"Wood, Jethro, House",Listed,Single,FALSE,0.9, INVENTION; AGRICULTURE,BUILDING,NEW YORK,Cayuga,Poplar Ridge,NY 34B,https://catalog.archives.gov/id/75315655,10/15/66,7/19/64,,,66000505
66000512,,"Woodchuck Lodge (Burroughs, John, Home)",Listed,Single,FALSE,5, CONSERVATION; LITERATURE,BUILDING,NEW YORK,Delaware,Roxbury,2 mi. from Roxbury on Roxbury Rd.,https://catalog.archives.gov/id/75315685,10/15/66,12/29/62, Woodchuck Lodge,,66000512
11000563,,Woodlawn Cemetery,Listed,Single,FALSE,, ARCHITECTURE; ART; COMMUNITY PLANNING AND DEVELOPMENT; LANDSCAPE ARCHITECTURE; SOCIAL HISTORY,DISTRICT,NEW YORK,Bronx,Bronx,Webster Avenue & East 233rd Street,,6/23/11,6/23/11,,,11000563
66000554,,Woolworth Building,Listed,Single,FALSE,0.5, COMMERCE; ARCHITECTURE,BUILDING,NEW YORK,New York,New York,233 Broadway,https://catalog.archives.gov/id/75315850,11/13/66,11/13/66,,,66000554
67000013,,"Wyckoff, Pieter, House",Listed,Single,FALSE,0.5, ARCHITECTURE,BUILDING,NEW YORK,Kings,New York,5902 Canarsie Lane,https://catalog.archives.gov/id/75315779,12/24/67,12/24/67, Pieter Claesen Wyckoff House,,67000013
74001253,,Wyckoff-Bennett Homestead,Listed,Single,FALSE,1, ARCHITECTURE,BUILDING,NEW YORK,Kings,New York,1669 E. 22nd St.,https://catalog.archives.gov/id/75318558,12/24/74,12/8/76,,,74001253
13000282,,Yaddo,Listed,Single,FALSE,,,DISTRICT,NEW YORK,Saratoga,Saratoga Springs,NY 9P/Union Ave.,,2/27/13,2/27/13,,,13000282
70000460,,Bentonville Battleground State Historic Site,Listed,Single,FALSE,51, MILITARY,SITE,NORTH CAROLINA,Johnston,Princeton,"S of Princeton, off U.S. 701 and SR 1008",https://catalog.archives.gov/id/47721010,2/26/70,6/19/96, See Also:Harper House,,70000460
78001948,,Bethabara Historic District,Listed,Single,FALSE,41, COMMUNITY PLANNING AND DEVELOPMENT; HISTORIC - NON-ABORIGINAL; EXPLORATION/SETTLEMENT; ARCHITECTURE; RELIGION; SOCIAL HISTORY,DISTRICT,NORTH CAROLINA,Forsyth,Winston-Salem,N of Winston-Salem on NC 67,https://catalog.archives.gov/id/47720163,11/15/78,1/20/99,,,78001948
76001321,,Bethania Historic District,Listed,Single,FALSE,50, COMMUNITY PLANNING AND DEVELOPMENT; ARCHITECTURE; RELIGION; SOCIAL HISTORY,DISTRICT,NORTH CAROLINA,Forsyth,Winston-Salem,"N of Winston-Salem on NC 65, SR 1611, 1628, and 1688",https://catalog.archives.gov/id/47720210,5/3/76,8/7/01, See Also:Bethania Historic District (Boundary Increase),,76001321
66000586,,Biltmore Estate,Listed,Single,FALSE,6949.5, INDUSTRY; CONSERVATION; ARCHITECTURE,DISTRICT,NORTH CAROLINA,Buncombe,Asheville,One Biltmore Plaza,https://catalog.archives.gov/id/47718757,10/15/66,5/23/63, Biltmore Estate and Biltmore Forestry School Site,,66000586
70000455,,Blandwood,Listed,Single,FALSE,2, POLITICS/GOVERNMENT; ARCHITECTURE,BUILDING,NORTH CAROLINA,Guilford,Greensboro,447 W. Washington St.,https://catalog.archives.gov/id/47720584,4/17/70,6/7/88, Keeley Institute,,70000455
74001346,,Bull Durham Tobacco Factory,Listed,Single,FALSE,0.9, INDUSTRY; COMMERCE,BUILDING,NORTH CAROLINA,Durham,Durham,201 W. Pettigrew St.,https://catalog.archives.gov/id/47720056,9/10/74,12/22/77, W.T. Blackwell &amp; Co. Tobacco Factory,,74001346
78000266,,Cape Hatteras Light Station,Listed,Single,FALSE,10, ENGINEERING; COMMERCE; SOCIAL HISTORY; TRANSPORTATION,DISTRICT,NORTH CAROLINA,Dare,Buxton,SE of Buxton off NC 12 in Cape Hatteras National Seashore,https://catalog.archives.gov/id/47719909,3/29/78,8/5/98, Museum of the Sea;Cape Hatteras Lighthouse,Cape Hatteras,78000266
68000013,,Carl Sandburg Home National Historic Site,Listed,Single,FALSE,246, AGRICULTURE; LITERATURE; SOCIAL HISTORY,DISTRICT,NORTH CAROLINA,Henderson,Flat Rock,W of Flat Rock,https://catalog.archives.gov/id/47720796,10/17/68,5/23/68, Connemara,Carl Sandburg Home,68000013
70000447,,Chowan County Courthouse,Listed,Single,FALSE,2, ARCHITECTURE,BUILDING,NORTH CAROLINA,Chowan,Edenton,E. King St.,https://catalog.archives.gov/id/47718765,4/15/70,4/15/70,,,70000447
70000469,,Christ Church,Listed,Single,FALSE,1.5, ARCHITECTURE,BUILDING,NORTH CAROLINA,Wake,Raleigh,120 E. Edenton St.,https://catalog.archives.gov/id/47722613,7/28/70,12/23/87, See Also:78001978,,70000469
87002597,,Christ Episcopal Church,Listed,Single,FALSE,0, ARCHITECTURE,BUILDING,NORTH CAROLINA,Wake,Raleigh,120 E. Edenton St.,https://catalog.archives.gov/id/47718818,12/23/87,12/23/87,,,87002597
73001334,,Cooleemee,Listed,Single,FALSE,0, LANDSCAPE ARCHITECTURE; AGRICULTURE; ARCHITECTURE,BUILDING,NORTH CAROLINA,Davie,Mocksville,Terminus of SR 1812,https://catalog.archives.gov/id/47719971,3/20/73,6/2/78,,,73001334
71000581,,Coolmore Plantation,Listed,Single,FALSE,13, LANDSCAPE ARCHITECTURE; ARCHITECTURE,BUILDING,NORTH CAROLINA,Edgecombe,Tarboro,Rte. 3 (W of Tarboro on U.S. 64),https://catalog.archives.gov/id/47720128,2/18/71,6/16/78,,,71000581
70000889,,Cupola House,Listed,Single,FALSE,0.9, ARCHITECTURE,BUILDING,NORTH CAROLINA,Chowan,Edenton,408 S. Broad St.,https://catalog.archives.gov/id/47718767,4/15/70,4/15/70,,,70000889
76001342,,"Daniels, Josephus, House",Removed,Single,FALSE,3, MILITARY; POLITICS/GOVERNMENT; COMMUNICATIONS,BUILDING,NORTH CAROLINA,Wake,Raleigh,1520 Caswell St.,https://catalog.archives.gov/id/47718822,12/8/76,12/8/76, Wakestone;Masonic Temple of Raleigh,,76001342
66000590,,Duke Homestead and Tobacco Factory,Listed,Single,FALSE,43.8, INDUSTRY; COMMERCE,BUILDING,NORTH CAROLINA,Durham,Durham,"0.5 mi. N of Durham on Guess Rd., E of SR 1025",https://catalog.archives.gov/id/47718784,11/13/66,11/13/66,,,66000590
100011389,NL,F. W. Woolworth Company Building,Listed,NHL,FALSE,0.37,,,NORTH CAROLINA,Guilford,Greensboro,134 S. Elm Street,,,12/13/24,,,100011389
100011390,SG,F. W. Woolworth Company Building,Listed,Single,FALSE,0.37,,,NORTH CAROLINA,Guilford,Greensboro,134 S. Elm Street,,,12/13/24,,,100011389
66000595,,Fort Fisher,Listed,Single,FALSE,200, MILITARY,SITE,NORTH CAROLINA,New Hanover,Wilmington,18 mi. S of Wilmington on U.S. 421,https://catalog.archives.gov/id/47721530,10/15/66,11/5/61,,,66000595
66000069,,Guilford Courthouse National Military Park,Listed,Single,TRUE,319, MILITARY; ARCHITECTURE; TRANSPORTATION; CONSERVATION; HISTORIC - NON-ABORIGINAL,DISTRICT,NORTH CAROLINA,Guilford,Greensboro,Address Restricted,https://catalog.archives.gov/id/47720634,10/15/66,1/3/01, Guilford Battlefield,Guilford Courthouse,66000069
84002529,,Hardaway Site (31ST4),Listed,Single,TRUE,37, PREHISTORIC,SITE,NORTH CAROLINA,Stanly,Badin,Address Restricted,,3/1/84,6/21/90, 31ST4,,84002529
74001341,,Hayes Plantation,Listed,Single,FALSE,600, ARCHITECTURE,building,NORTH CAROLINA,Chowan,Edenton,E. Water St. Extension,https://catalog.archives.gov/id/47718769,11/7/73,11/7/73,,,74001341
73001336,,"Helper, Hinton Rowan, House",Listed,Single,FALSE,1.5, POLITICS/GOVERNMENT,BUILDING,NORTH CAROLINA,Davie,Mocksville,U.S. 64 off I-40,https://catalog.archives.gov/id/47718780,11/7/73,11/7/73, Evans Place,,73001336
70000451,,Market House,Listed,Single,FALSE,0.3, ARCHITECTURE,BUILDING,NORTH CAROLINA,Cumberland,Fayetteville,Market Sq.,https://catalog.archives.gov/id/47719824,9/15/70,11/7/73,,,70000451
71000610,,Nash-Hooper House,Listed,Single,FALSE,3, POLITICS/GOVERNMENT,BUILDING,NORTH CAROLINA,Orange,Hillsborough,118 W. Tryon St.,https://catalog.archives.gov/id/47718815,11/11/71,11/11/71, William Hooper House,,71000610
75001258,,North Carolina Mutual Life Insurance Company Building,Listed,Single,FALSE,0.9, COMMERCE; ECONOMICS; BLACK; SOCIAL HISTORY,BUILDING,NORTH CAROLINA,Durham,Durham,114-116 W. Parrish St.,https://catalog.archives.gov/id/47718786,5/15/75,5/15/75, Mechanics and Farmers Bank,,75001258
70000476,,North Carolina State Capitol,Listed,Single,FALSE,6, POLITICS/GOVERNMENT; ARCHITECTURE,BUILDING,NORTH CAROLINA,Wake,Raleigh,Capitol Sq.,https://catalog.archives.gov/id/47722592,2/26/70,11/7/73, Capitol,,70000476
66000596,,"Old East, University of North Carolina",Listed,Single,FALSE,0.9, EDUCATION,BUILDING,NORTH CAROLINA,Orange,Chapel Hill,University of North Carolina campus,https://catalog.archives.gov/id/47718813,10/15/66,12/21/65, East Building,,66000596
66000591,AD,Old Salem Historic District,Listed,Add.Doc.,FALSE,223, ARCHEOLOGY; BLACK; EXPLORATION/SETTLEMENT; EDUCATION; HISTORIC - NON-ABORIGINAL; COMMUNITY PLANNING AND DEVELOPMENT; INDUSTRY; COMMERCE; EUROPEAN; ARCHITECTURE; SOCIAL HISTORY,district,NORTH CAROLINA,Forsyth,Winston-Salem,600 S. Main St. (Salem College campus and area near Salem Sq.),,11/13/66,11/13/66,,,66000591
70000439,,Palmer-Marsh House,Listed,Single,FALSE,1.6, ARCHITECTURE,BUILDING,NORTH CAROLINA,Beaufort,Bath,"Main St., S of NC 92",https://catalog.archives.gov/id/47718755,2/26/70,5/10/70,,,70000439
100000866,NL,Pauli Murray Family Home,Listed,NHL,FALSE,,,,NORTH CAROLINA,Durham,Durham,906 Carroll St.,,,12/23/16,,,100000866
73001361,,Pinehurst Historic District,Listed,Single,FALSE,250, LANDSCAPE ARCHITECTURE; ARCHITECTURE; SOCIAL HISTORY,DISTRICT,NORTH CAROLINA,Moore,Pinehurst,"Roughly bounded by Norfolk & Southern RR tracks, McLean Rd. and NC 5",https://catalog.archives.gov/id/47721456,8/14/73,6/19/96,,,73001361
71000605,,Playmakers Theatre,Listed,Single,FALSE,0.5, ARCHITECTURE; PERFORMING ARTS,BUILDING,NORTH CAROLINA,Orange,Chapel Hill,"Cameron Ave., University of North Carolina campus",https://catalog.archives.gov/id/47721662,6/24/71,11/7/73, Smith Hall,,71000605
66000587,,Reed Gold Mine,Listed,Single,FALSE,810, INDUSTRY; COMMERCE,DISTRICT,NORTH CAROLINA,Cabarrus,Concord,11 mi. SE of Concord,,10/15/66,5/23/66, Reed Gold Mine Site,,66000587
66000592,,Salem Tavern,Listed,Single,FALSE,0.9, TRANSPORTATION; COMMUNICATIONS,BUILDING,NORTH CAROLINA,Forsyth,Winston-Salem,800 S. Main St.,https://catalog.archives.gov/id/47718792,10/15/66,1/29/64,,,66000592
70000454,,Single Brothers' House,Listed,Single,FALSE,0.9, ARCHITECTURE,BUILDING,NORTH CAROLINA,Forsyth,Winston-Salem,S. Main and Academy Sts.,https://catalog.archives.gov/id/47718790,4/15/70,4/15/70,,,70000454
66000594,,Town Creek Indian Mound,Listed,Single,TRUE,0, PREHISTORIC; HISTORIC - ABORIGINAL,SITE,NORTH CAROLINA,Montgomery,Mount Gilead,Address Restricted,,10/15/66,7/19/64,,,66000594
75001245,,Union Tavern,Listed,Single,FALSE,0, INDUSTRY; COMMERCE; BLACK; ARCHITECTURE,BUILDING,NORTH CAROLINA,Caswell,Milton,Main St.,https://catalog.archives.gov/id/47718763,5/15/75,5/15/75,,,75001245
74002299,,USS MONITOR,Listed,Single,TRUE,9.9, MILITARY; ENGINEERING; MARITIME HISTORY; SOCIAL HISTORY; INVENTION,SITE,NORTH CAROLINA,Dare,Cape Hatteras,Address Restricted,,10/11/74,6/23/86," Shipwreck Site and Remains, U.S.S. MONITOR",,74002299
82004893,,USS NORTH CAROLINA (BB-55) National Historic Landmark,Listed,Single,FALSE,0.9, MILITARY,STRUCTURE,NORTH CAROLINA,New Hanover,Wilmington,W bank of the Cape Fear River,https://catalog.archives.gov/id/47718809,11/10/82,1/14/86, See Also:USS North Carolina (battleship),,82004893
71000572,,"Wolfe, Thomas, House",Listed,Single,FALSE,0.3, LITERATURE,BUILDING,NORTH CAROLINA,Buncombe,Asheville,48 Spruce St.,https://catalog.archives.gov/id/47718759,11/11/71,11/11/71, The Thomas Wolfe Memorial;The Old Kentucky Home,,71000572
66000071,,Wright Brothers National Memorial,Listed,Single,FALSE,431, INVENTION; ARCHITECTURE; LANDSCAPE ARCHITECTURE; CONSERVATION; TRANSPORTATION,DISTRICT,NORTH CAROLINA,Dare,Kill Devil Hills,U.S. 158,https://catalog.archives.gov/id/47719917,10/15/66,1/3/01,,Wright Brothers,66000071
85002832,,"Bagg, Frederick A. and Sophia, Bonanza Farm",Listed,Single,FALSE,11.6, AGRICULTURE,DISTRICT,NORTH DAKOTA,Richland,Mooreton,"Off ND 13 on Section Rd., 32 RI 5",https://catalog.archives.gov/id/75326315,11/14/85,4/5/05," Bagg, F. A., Farm",,85002832
100000874,NL,Biesterfeldt Site (32RM1),Listed,NHL,TRUE,4.5, HISTORIC - ABORIGINAL,site,NORTH DAKOTA,Ransom,Lisbon,Address Restricted,,,12/23/16,,,80002925
66000600,,Big Hidatsa Village Site,Listed,Single,FALSE,15, HISTORIC - ABORIGINAL; NATIVE AMERICAN; EXPLORATION/SETTLEMENT,SITE,NORTH DAKOTA,Mercer,Stanton,"N bank of Knife River, 1 mi. N of Stanton",https://catalog.archives.gov/id/75326311,10/15/66,7/19/64,,Knife River Indian Village,66000600
100011805,BC,Fort Union Trading Post National Historic Site Historic District (Boundary Increase),Listed,Boundary,FALSE,, HISTORIC - NON-ABORIGINAL; EXPLORATION/SETTLEMENT,SITE,NORTH DAKOTA,Williams,Williston,1550 Highway 1804,https://catalog.archives.gov/id/75326801,5/9/25,7/4/61,,Ft. Union Trading Post,66000103
100011806,BC,Fort Union Trading Post National Historic Site Historic District (Boundary Increase),Listed,Boundary,TRUE,418.53, EXPLORATION/SETTLEMENT; TRANSPORTATION; POLITICS/GOVERNMENT; SCIENCE; ART; ETHNIC HERITAGE-NATIVE AMERICAN; ETHNIC HERITAGE-OTHER-ETHNIC; COMMERCE; ARCHEOLOGY-HISTORIC ABORIGINAL; ARCHEOLOGY-HISTORIC NON-ABORIGINAL,site,NORTH DAKOTA,Williams,Williston,1550 Highway 1804,https://catalog.archives.gov/id/75326801,5/9/25,7/4/61,,Ft. Union Trading Post,66000103
66000103,AD,Fort Union Trading Post National Historic Site Historic District Additional Documentation),Listed,Add.Doc.,TRUE,240.5, EXPLORATION/SETTLEMENT; ARCHEOLOGY-HISTORIC ABORIGINAL; ARCHEOLOGY-HISTORIC NON-ABORIGINAL; COMMERCE; TRANSPORTATION; POLITICS/GOVERNMENT; SCIENCE; ART; ETHNIC HERITAGE-NATIVE AMERICAN; ETHNIC HERITAGE-OTHER-ETHNIC,site,NORTH DAKOTA,Williams,Williston,1550 Highway 1804,https://catalog.archives.gov/id/75326801,10/15/66,7/4/61,,Ft. Union Trading Post,66000103
80002920,,Huff State Historic Site (32MO11),Listed,Single,FALSE,14, PREHISTORIC,SITE,NORTH DAKOTA,Morton,Huff,SE of Huff,https://catalog.archives.gov/id/75326608,7/23/80,2/18/97, 32MO11;Huff Archeological Site,,80002920
11000629,,Lynch Quarry Site,Listed,Single,TRUE,693, PREHISTORIC,SITE,NORTH DAKOTA,Dunn,Redacted,Address Restricted,,7/13/11,7/13/11," Lynch Knife River Flint Quarry, 32DU526",,11000629
66000599,,Menoken Indian Village Site,Listed,Single,TRUE,3.3, PREHISTORIC,SITE,NORTH DAKOTA,Burleigh,Menoken,Address Restricted,,10/15/66,7/19/64, S2BL2;Menoken Site;Verendrye Site;Apple Creek Site,,66000599
70000515,,Adena (Thomas Worthington House),Listed,Single,FALSE,300, LANDSCAPE ARCHITECTURE; POLITICS/GOVERNMENT; ARCHITECTURE,BUILDING,OHIO,Ross,Chillicothe,Box 831 Adena Rd.,https://catalog.archives.gov/id/71991205,11/10/70,2/27/03, Mount Prospect Hall,,70000515
66000606,,Beginning Point of the U.S. Public Land Survey,Listed,Single,FALSE,0.9, ENGINEERING; COMMUNICATIONS,SITE,OHIO,Columbiana,East Liverpool,"On the OH/PA Border, E of East Liverpool",https://catalog.archives.gov/id/71986455,10/15/66,6/23/65, Beginning Point,,66000606
82003578,,Carew Tower,Listed,Single,FALSE,10, ARCHITECTURE,BUILDING,OHIO,Hamilton,Cincinnati,W. 5th St. and Fountain Sq.,https://catalog.archives.gov/id/71986483,8/5/82,4/19/94, Starrett Netherland Plaza Hotel,,82003578
03001412,,"Central Branch, National Home for Disabled Volunteer Soldiers",Listed,Single,FALSE,261.2, ARCHITECTURE; HEALTH/MEDICINE; POLITICS/GOVERNMENT; SOCIAL HISTORY; LANDSCAPE ARCHITECTURE; COMMUNITY PLANNING AND DEVELOPMENT,DISTRICT,OHIO,Montgomery,Dayton,4100 W. Third St.,https://catalog.archives.gov/id/71990526,1/15/04,10/16/12, VA Medical Center and National Cemetery,,03001412
70000496,,Cincinnati Music Hall,Listed,Multiple,FALSE,0.9, ARCHITECTURE; PERFORMING ARTS,BUILDING,OHIO,Hamilton,Cincinnati,1243 Elm St.,https://catalog.archives.gov/id/71985484,1/26/70,12/2/74,,,70000496
80003043,,Cincinnati Observatory Building,Listed,Multiple,FALSE,0, ARCHITECTURE,building,OHIO,Hamilton,Cincinnati,Observatory Pl.,https://catalog.archives.gov/id/71985350,3/3/80,12/9/97, See Also:Observatory Historic District,,80003043
72001018,,Cincinnati Union Terminal,Listed,Single,FALSE,17, ART; TRANSPORTATION; ARCHITECTURE,BUILDING,OHIO,Hamilton,Cincinnati,1301 Western Ave.,https://catalog.archives.gov/id/71989027,10/31/72,5/5/77,,,72001018
87000905,,Cincinnati Zoo Historic Structures,Listed,Single,FALSE,0.9, ENTERTAINMENT/RECREATION,BUILDING,OHIO,Hamilton,Cincinnati,3400 Vine St.,https://catalog.archives.gov/id/71986497,2/27/87,2/27/87, See Also: Cincinnati Zoo District,,87000905
73001408,,Cleveland Arcade,Listed,Single,FALSE,1.9, ENGINEERING; ARCHITECTURE,BUILDING,OHIO,Cuyahoga,Cleveland,401 Euclid Ave.,https://catalog.archives.gov/id/71987652,3/20/73,5/15/75,,,73001408
66000620,,"Cooke, Jay, House",Listed,Single,FALSE,8, INDUSTRY; COMMERCE,BUILDING,OHIO,Ottawa,Gibraltar Island,"Put-in-Bay, Lake Erie",https://catalog.archives.gov/id/71986538,11/13/66,11/13/66,,,66000620
89002458,,DONALD B (towboat),Listed,Single,FALSE,0.9, INDUSTRY; ENGINEERING; TRANSPORTATION; MARITIME HISTORY,STRUCTURE,OHIO,Brown,Georgetown,3106 Old A&P Rd. E,,12/20/89,12/20/89, Towboat DONALD B;ex STANDARD,,89002458
66000619,,"Dunbar, Paul Laurence, House",Listed,Single,FALSE,0.9, LITERATURE,BUILDING,OHIO,Montgomery,Dayton,219 N. Summit St.,https://catalog.archives.gov/id/71986534,10/15/66,12/29/62,,,66000619
66000608,,"Edison, Thomas Alva, Birthplace",Listed,Single,FALSE,0.9, INVENTION,BUILDING,OHIO,Erie,Milan,Edison Dr.,https://catalog.archives.gov/id/71986469,10/15/66,1/12/65,,,66000608
100000868,NL,Eldean Covered Bridge,Listed,NHL,FALSE,0.9, ENGINEERING,structure,OHIO,Miami,Troy,Spanning Great Miami River at bypassed section of Eldean Rd. (CR 33),,,12/23/16,,,75001492
80003143,,"Evans, Wilson Bruce, House",Listed,Single,FALSE,0.9, SOCIAL HISTORY,building,OHIO,Lorain,Oberlin,33 E. Vine St.,https://catalog.archives.gov/id/71989887,4/16/80,12/9/97,,,80003143
66000616,,Fallen Timbers Battlefield,Listed,Single,FALSE,9, MILITARY,SITE,OHIO,Lucas,Maumee,2 mi. W of Maumee on U.S. 24,https://catalog.archives.gov/id/71986519,10/15/66,10/9/60,,,66000616
66000625,,Fort Ancient,Listed,Single,FALSE,850, PREHISTORIC,SITE,OHIO,Warren,Lebanon,OH 350,https://catalog.archives.gov/id/71986555,10/15/66,7/19/64, Fort Ancient State Memorial,,66000625
69000151,,Fort Meigs,Listed,Single,FALSE,10, MILITARY,SITE,OHIO,Wood,Perrysburg,1.3 mi. SW of Perrysburg,https://catalog.archives.gov/id/71986559,8/4/69,8/4/69,,,69000151
74001396,,"Giddings, Joshua Reed, Law Office",Listed,Single,FALSE,0.9, POLITICS/GOVERNMENT,BUILDING,OHIO,Ashtabula,Jefferson,112 N. Chestnut St.,,5/30/74,5/30/74,,,74001396
76001447,,Glendale Historic District,Listed,Single,FALSE,392, COMMUNITY PLANNING AND DEVELOPMENT; TRANSPORTATION; ARCHITECTURE,DISTRICT,OHIO,Hamilton,Glendale,OH 747,https://catalog.archives.gov/id/71989055,7/20/76,5/5/77,,,76001447
100003285,BC,Glendale Historic District (Boundary Increase and Decrease),Listed,Boundary,FALSE,36.84, COMMUNITY PLANNING AND DEVELOPMENT; TRANSPORTATION; ARCHITECTURE; ETHNIC HERITAGE; BLACK,district,OHIO,Hamilton,Glendale,"Roughly bounded by OH 4/Springfield Pike, Oak Rd., RR right of way, Coral, Sharon and Morse Aves.,",,12/18/18,5/5/77,,,76001447
76001374,,"Grant, Ulysses S., Boyhood Home",Listed,Single,FALSE,0.9, MILITARY; POLITICS/GOVERNMENT,BUILDING,OHIO,Brown,Georgetown,219 E. Grant Ave.,https://catalog.archives.gov/id/71986875,10/8/76,2/4/85, Grant Homestead,,76001374
100000800,NL,Greenhills Historic District,Listed,NHL,FALSE,,,district,OHIO,Hamilton,Greenhills,"Roughly Damon and Ingram Rds. on the north, the corporate limit on the west and south, and Farragut Rd. on the east",,,12/23/16,,,100000800
66000618,,"Harding, Warren G., House",Listed,Single,FALSE,0.8, MILITARY; POLITICS/GOVERNMENT,BUILDING,OHIO,Marion,Marion,380 Mount Vernon Ave.,https://catalog.archives.gov/id/71986523,10/15/66,6/23/65,,,66000618
74001585,,Hawthorn Hill,Listed,Single,FALSE,9, ARCHITECTURE; ENGINEERING; INVENTION; TRANSPORTATION,BUILDING,OHIO,Montgomery,Oakwood,Harman and Park Aves.,https://catalog.archives.gov/id/71990547,10/18/74,7/17/91," Wright, Orville, Home",,74001585
66000624,,"Hayes, Rutherford B., House",Listed,Single,FALSE,25, MILITARY; LAW; POLITICS/GOVERNMENT; SOCIAL HISTORY,BUILDING,OHIO,Sandusky,Fremont,Hayes and Buckland Aves.,https://catalog.archives.gov/id/71986543,10/15/66,1/29/64, Spiegel Grove;Rutherford B. Hayes Presidential Center;Ruther,,66000624
66000623,,Hopeton Earthworks,Listed,Single,TRUE,225, PREHISTORIC,SITE,OHIO,Ross,Hopetown,Address Restricted,,10/15/66,7/19/64,,,66000623
82003565,,Hotel Breakers,Removed,Single,FALSE,12, ENTERTAINMENT/RECREATION; ARCHITECTURE,BUILDING,OHIO,Erie,Sandusky,Cedar Point,,,2/27/87,,,82003565
71000640,,Huffman Field,Listed,Single,FALSE,84.4, ENGINEERING; MILITARY; INVENTION; TRANSPORTATION,SITE,OHIO,Greene,Fairborn,"Wright-Patterson Air Force Base, 1 mi. SW of Fairborn",https://catalog.archives.gov/id/71988758,5/6/71,6/21/90, Simms-Wright Station or Wright Memorial Site;Huffman Prairie,,71000640
75001500,,Incinerator Site,Listed,Single,TRUE,45, PREHISTORIC,SITE,OHIO,Montgomery,Dayton,Address Restricted,,4/1/75,6/21/90, Vance Farm;Sunwatch,,75001500
66000613,,James A. Garfield National Historic Site,Listed,Single,FALSE,4.9, POLITICS/GOVERNMENT,BUILDING,OHIO,Lake,Mentor,8095 Mentor Ave.,,10/15/66,1/28/64," Garfield,James A.,Home;Lawnfield;Dickey Farm;James A. Garfie",James A. Garfield,66000613
66000609,,John Sherman Birthplace,Listed,Single,FALSE,0.9, POLITICS/GOVERNMENT,BUILDING,OHIO,Fairfield,Lancaster,137 E. Main St.,https://catalog.archives.gov/id/71986471,10/15/66,1/29/64,,,66000609
75001514,,Johnson Island Civil War Prison and Fort Site,Listed,Single,FALSE,300, HISTORIC - NON-ABORIGINAL; MILITARY,SITE,OHIO,Ottawa,Danbury,E shore area of Johnson Island,https://catalog.archives.gov/id/71990853,3/27/75,6/21/90, Johnson's Island Civil War Prison,,75001514
77001080,,"Kettering, Charles F., House",Listed,Single,FALSE,11, INDUSTRY; ENGINEERING; TRANSPORTATION; INVENTION,BUILDING,OHIO,Montgomery,Kettering,3965 Southern Blvd.,https://catalog.archives.gov/id/71990518,12/22/77,12/22/77, Ridgeleigh Terrace,,77001080
69000145,,Kirtland Temple,Listed,Single,FALSE,1.9, SCIENCE; ARCHITECTURE; RELIGION,BUILDING,OHIO,Lake,Kirtland,9020 Chillicothe Rd.,https://catalog.archives.gov/id/71989607,6/4/69,12/8/76, House of the Lord,,69000145
75001464,,"Langston, John Mercer, House",Listed,Single,FALSE,0.9, BLACK; POLITICS/GOVERNMENT; SOCIAL HISTORY,BUILDING,OHIO,Lorain,Oberlin,207 E. College St.,https://catalog.archives.gov/id/71986511,5/15/75,5/15/75,,,75001464
76001378,,Langstroth Cottage,Listed,Single,FALSE,0, SCIENCE; AGRICULTURE,BUILDING,OHIO,Butler,Oxford,303 Patterson Ave.,https://catalog.archives.gov/id/71986985,6/22/76,12/21/81,,,76001378
83004379,,"Libbey, Edward D., House",Listed,Single,FALSE,0.9, INDUSTRY; ART,BUILDING,OHIO,Lucas,Toledo,2008 Scottwood Ave.,https://catalog.archives.gov/id/71986517,5/4/83,5/4/83, Toledo Society for the Handicapped;See Also:Old West End Dis,,83004379
74001537,,"Lundy, Benjamin, House",Listed,Single,FALSE,0.9, POLITICS/GOVERNMENT; SOCIAL HISTORY,BUILDING,OHIO,Jefferson,Mt. Pleasant,Union and 3rd Sts.,https://catalog.archives.gov/id/71986505,5/30/74,5/30/74, Warren House,,74001537
89002456,,MAJESTIC,Listed,Single,FALSE,0.9, MARITIME HISTORY; PERFORMING ARTS,STRUCTURE,OHIO,Hamilton,Cincinnati,Ohio River below Central Bridge,,12/20/89,12/20/89, Showboat MAJESTIC,,89002456
66000604,,"Manasseh Cutler Hall, Ohio University",Listed,Single,FALSE,10, EDUCATION,BUILDING,OHIO,Athens,Athens,Ohio University campus,https://catalog.archives.gov/id/71986441,10/15/66,12/21/65, College Edifice,,66000604
100000879,NL,"May 4, 1970, Kent State Shootings Site",Listed,NHL,FALSE,17.24, SOCIAL HISTORY; POLITICS/GOVERNMENT; LAW,site,OHIO,Portage,Kent,.5 mi. SE of the intersection of E. Main St. and S. Lincoln St.,,,12/23/16,,,10000046
66000617,,"McGuffey, William H., Boyhood Home Site",Listed,Single,FALSE,73, LITERATURE,SITE,OHIO,Mahoning,Coitsville Township,"McGuffey Rd., near OH 616",https://catalog.archives.gov/id/71986521,10/15/66,5/23/66,,,66000617
66000605,,"McGuffey, William H., House",Listed,Single,FALSE,0.9, EDUCATION,BUILDING,OHIO,Butler,Oxford,401 E. Spring St.,https://catalog.archives.gov/id/71986451,10/15/66,12/21/65, William Holmes McGuffey House,,66000605
70000516,,"McKinley, William, Tomb",Listed,Single,FALSE,22, POLITICS/GOVERNMENT,BUILDING,OHIO,Stark,Canton,"7th St., NW.",https://catalog.archives.gov/id/71991424,11/10/70,5/15/75,,,70000516
66000603,,"Miami And Erie Canal, Deep Cut",Listed,Single,FALSE,2, INDUSTRY; COMMERCE,STRUCTURE,OHIO,Allen,Spencerville,2 mi. S of Spencerville on OH 66,https://catalog.archives.gov/id/71986439,10/15/66,1/29/64,,,66000603
74001536,,Mount Pleasant Historic District,Listed,Single,FALSE,54, INDUSTRY; ARCHITECTURE; RELIGION; SOCIAL HISTORY,DISTRICT,OHIO,Jefferson,Mt. Pleasant,"Roughly bounded by Union Street Alleys, Cemetery Street, and Market Street.",https://catalog.archives.gov/id/71989480,6/28/74,4/5/05," See Also:Friends Meetinghouse;Lundy,Benjamin,House",,74001536
66000614,,Newark Earthworks,Listed,Single,FALSE,190, PREHISTORIC,SITE,OHIO,Licking,Newark,"Roughly bounded by Union, 30th, James, and Waldo Sts., and OH 16",https://catalog.archives.gov/id/71986509,10/15/66,7/19/64, Mound Builders State Memorial;Octagon State Memorial;Wright,,66000614
66000615,,Oberlin College,Listed,Single,FALSE,13, SOCIAL HISTORY,SITE,OHIO,Lorain,Oberlin,Tappan Sq.,https://catalog.archives.gov/id/71986515,10/15/66,12/21/65, Oberlin Collegiate Institute,,66000615
66000607,,Ohio and Erie Canal,Listed,Single,FALSE,24.5, INDUSTRY; COMMERCE,DISTRICT,OHIO,Cuyahoga,Valley View,OH 631,https://catalog.archives.gov/id/71986461,11/13/66,11/13/66, See Also:Ohio and Erie Canal TR,Cuyahoga Valley,66000607
72001011,,Ohio Statehouse,Listed,Single,FALSE,9, POLITICS/GOVERNMENT; ARCHITECTURE,BUILDING,OHIO,Franklin,Columbus,SE corner of High and Broad Sts.,https://catalog.archives.gov/id/71988539,7/31/72,12/22/77, Ohio State Capitol,,72001011
73001437,,Ohio Theatre,Listed,Single,FALSE,0.8, ARCHITECTURE; PERFORMING ARTS,BUILDING,OHIO,Franklin,Columbus,39 E. State St.,https://catalog.archives.gov/id/71988553,4/11/73,5/5/77,,,73001437
97000340,,"Parker, John P., House",Listed,Single,FALSE,0.4, SOCIAL HISTORY; INVENTION,BUILDING,OHIO,Brown,Ripley,300 Front St.,https://catalog.archives.gov/id/71986445,2/18/97,2/18/97, BRO-56-17,,97000340
66000611,,"Pendleton, George Hunt, House",Listed,Single,FALSE,0.9, MILITARY; POLITICS/GOVERNMENT,BUILDING,OHIO,Hamilton,Cincinnati,559 E. Liberty St.,https://catalog.archives.gov/id/71986501,10/15/66,1/29/64,,,66000611
76001536,,Pennsylvania Railroad Depot And Baggage Room,Listed,Single,FALSE,0.9, TRANSPORTATION; SOCIAL HISTORY; MILITARY,BUILDING,OHIO,Tuscarawas,Dennison,400 Center St.,https://catalog.archives.gov/id/71991776,9/8/76,6/17/11, Dennison Depot,,76001536
72001042,,People's Federal Savings and Loan Association,Listed,Single,FALSE,0.9, ARCHITECTURE,BUILDING,OHIO,Shelby,Sidney,101 E. Court St.,https://catalog.archives.gov/id/71991315,6/5/72,12/22/77,,,72001042
72001021,,Plum Street Temple,Listed,Single,FALSE,1.5, ARCHITECTURE; RELIGION,BUILDING,OHIO,Hamilton,Cincinnati,8th and Plum Sts.,https://catalog.archives.gov/id/71989153,12/27/72,5/15/75, Isaac M. Wise Temple;K.K. B'nai Yeshurun,,72001021
70000485,,"Rankin, John, House",Listed,Single,FALSE,20, SOCIAL HISTORY,BUILDING,OHIO,Brown,Ripley,"E of Ripley, Liberty Hill",https://catalog.archives.gov/id/71986877,11/10/70,2/18/97, State Memorial,,70000485
76001426,,"Rickenbacker, Capt. Edward V., House",Listed,Single,FALSE,1, MILITARY; TRANSPORTATION; ENTERTAINMENT/RECREATION,BUILDING,OHIO,Franklin,Columbus,1334 E. Livingston Ave.,https://catalog.archives.gov/id/71986477,5/11/76,5/11/76," Captain Edward V. ""Eddie"" Rickenbacker Boyhood Home",,76001426
66000610,,"S Bridge, National Road",Listed,Single,FALSE,0.9, ENGINEERING; COMMUNICATIONS,STRUCTURE,OHIO,Guernsey,Old Washington,4 mi. E of Old Washington on U.S. 40,https://catalog.archives.gov/id/71986481,10/15/66,1/29/64,,,66000610
66000602,,Serpent Mound,Listed,Single,FALSE,60, PREHISTORIC,SITE,OHIO,Adams,Locust Grove,5 mi. NW of Locust Grove on OH 73,https://catalog.archives.gov/id/71986437,10/15/66,7/19/64, Great Serpent Mound State Memorial,,66000602
85003411,,"Smith, Dr. Robert and Anne House",Listed,Single,FALSE,0.9, SOCIAL HISTORY,BUILDING,OHIO,Summit,Akron,855 Ardmore Ave.,https://catalog.archives.gov/id/71991657,10/31/85,10/16/12,,,85003411
85002802,,Spacecraft Propulsion Research Facility,Listed,Single,FALSE,0.9, OTHER; ENGINEERING; TRANSPORTATION,STRUCTURE,OHIO,Erie,Sandusky,"Lewis Research Center, Plum Brook Station",https://catalog.archives.gov/id/71986467,10/3/85,10/3/85,,,85002802
76001440,,Spring Grove Cemetery,Listed,Single,FALSE,345, LANDSCAPE ARCHITECTURE; ARCHITECTURE,DISTRICT,OHIO,Hamilton,Cincinnati,4521 Spring Grove Ave.,https://catalog.archives.gov/id/71989113,5/13/76,3/29/07, See Also: Sammuel Hannaford and Sons TR in Hamilton County,,76001440
75002058,,Stan Hywet Hall-Frank A. Seiberling House,Listed,Single,FALSE,70, INDUSTRY; LANDSCAPE ARCHITECTURE; ARCHITECTURE; SOCIAL HISTORY,BUILDING,OHIO,Summit,Akron,714 N. Portage Path,https://catalog.archives.gov/id/71991587,1/17/75,12/21/81, Stan Hywet Hall and Gardens,,75002058
73001470,,Taft Museum,Listed,Single,FALSE,0.9, LANDSCAPE ARCHITECTURE; ART; ARCHITECTURE,BUILDING,OHIO,Hamilton,Cincinnati,316 Pike St.,https://catalog.archives.gov/id/71989185,1/29/73,1/7/76, Martin Baum House;Sinton Mansion,,73001470
75001335,,"Tytus, John B., House",Listed,Single,FALSE,1, ARCHITECTURE; INVENTION,BUILDING,OHIO,Butler,Middletown,300 S. Main St.,https://catalog.archives.gov/id/71986971,5/27/75,5/11/76,,,75001335
92001884,,"Upton, Harriet Taylor, House",Listed,Single,FALSE,0.9, POLITICS/GOVERNMENT; SOCIAL HISTORY,BUILDING,OHIO,Trumbull,Warren,380 Mahoning Ave. NW.,https://catalog.archives.gov/id/71986551,10/5/92,10/5/92,,,92001884
86000088,,USS COD (submarine),Listed,Single,FALSE,0.9, MILITARY,STRUCTURE,OHIO,Cuyahoga,Cleveland,N. Marginal Dr.,https://catalog.archives.gov/id/71986465,1/14/86,1/14/86, SS-224,,86000088
07000431,,Village of Mariemont,Listed,Single,FALSE,525, COMMUNITY PLANNING AND DEVELOPMENT; ARCHITECTURE; LANDSCAPE ARCHITECTURE,DISTRICT,OHIO,Hamilton,Mariemont,"bordering both sides US 50, bounded by Westover industrial section, Beech St., Murray & Grove Aves. & Little Miami R.",https://catalog.archives.gov/id/71986457,3/29/07,3/29/07, NR: Mariemont Historic District,,07000431
70000522,,"W.P. SNYDER, JR. (steamboat)",Listed,Single,FALSE,0.9, INDUSTRY; COMMERCE; ENGINEERING; TRANSPORTATION; MARITIME HISTORY,STRUCTURE,OHIO,Washington,Marietta,On Muskingum River at Sacra Via,https://catalog.archives.gov/id/71991933,11/10/70,6/29/89," W.H. CLINGERMAN;W.P. Snyder,Jr.,State Memorial;J.L. PERRY;A-",,70000522
66000612,,William Howard Taft National Historic Site,Listed,Single,FALSE,0.5, LAW; POLITICS/GOVERNMENT; ARCHITECTURE,BUILDING,OHIO,Hamilton,Cincinnati,2038 Auburn Ave.,https://catalog.archives.gov/id/71989115,10/15/66,12/31/99, See Also:Mt. Auburn Historic District,William Howard Taft,66000612
86000236,,Wright Cycle Company-Wright and Wright Printing Offices,Listed,Single,FALSE,0.2, COMMERCE; ENGINEERING; TRANSPORTATION; COMMUNICATIONS; INVENTION,BUILDING,OHIO,Montgomery,Dayton,22 S. Williams St.,https://catalog.archives.gov/id/71986526,2/13/86,6/21/90,,,86000236
90001747,,Wright Flyer III,Listed,Single,FALSE,0.9, ENGINEERING; TRANSPORTATION; INVENTION,STRUCTURE,OHIO,Montgomery,Dayton,"Carillon Park, 2001 S Patterson Blvd.",https://catalog.archives.gov/id/71986532,6/21/90,6/21/90, Flyer III,,90001747
74001506,,"Young, Col. Charles, House",Listed,Single,FALSE,4, MILITARY; BLACK; POLITICS/GOVERNMENT,BUILDING,OHIO,Greene,Wilberforce,Columbus Pike between Clifton and Stevenson Rds.,https://catalog.archives.gov/id/71988764,3/30/74,5/30/74,,,74001506
85002801,,Zero Gravity Research Facility (B-2),Listed,Single,FALSE,0.9, OTHER; ENGINEERING; SCIENCE,STRUCTURE,OHIO,Cuyahoga,Cleveland,Lewis Research Center,https://catalog.archives.gov/id/71986463,10/3/85,10/3/85,,,85002801
16000859,,Zoar Historic District,Listed,Single,FALSE,208, ARCHITECTURE; ETHNIC HERITAGE; EUROPEAN; LANDSCAPE ARCHITECTURE; SOCIAL HISTORY,district,OHIO,Tuscarawas,Zoar,"Roughly bounded by Fifth St., Zoar Cemetery, Cemetery Rd. - Lake Dr., Tuscarawas R., OH 212, East Second and East Sts.",,10/31/16,10/31/16, Zoar Village; Zoar State Memorial,,16000859
01000071,,"Bizzell Library, University of Oklahoma",Listed,Single,FALSE,,,BUILDING,OKLAHOMA,Cleveland,Norman,401 W. Brooks St.,https://catalog.archives.gov/id/86510620,1/3/01,1/3/01,,,01000071
75001568,,Boley Historic District,Listed,Single,FALSE,34.5, COMMUNITY PLANNING AND DEVELOPMENT; COMMERCE; BLACK; POLITICS/GOVERNMENT; SOCIAL HISTORY,DISTRICT,OKLAHOMA,Okfuskee,Boley,"Roughly bounded by Seward Ave., Walnut and Cedar Sts. and the southern city limits",https://catalog.archives.gov/id/86510633,5/15/75,5/15/75,,,75001568
78002270,,Boston Avenue Methodist Episcopal Church,Listed,Single,FALSE,2, ART; ARCHITECTURE,BUILDING,OKLAHOMA,Tulsa,Tulsa,1301 South Boston Ave.,https://catalog.archives.gov/id/86512195,8/31/78,1/20/99,,,78002270
66000628,,Camp Nichols,Listed,Single,FALSE,7, TRANSPORTATION; EXPLORATION/SETTLEMENT,SITE,OKLAHOMA,Cimarron,Wheeless,3 mi. NE of Wheeless on Ranch Rd.,https://catalog.archives.gov/id/86510618,10/15/66,5/23/63, Camp Nichols Ranch,,66000628
66000627,,Cherokee National Capitol,Listed,Single,TRUE,3.5, NATIVE AMERICAN; EXPLORATION/SETTLEMENT; POLITICS/GOVERNMENT,BUILDING,OKLAHOMA,Cherokee,Tahlequah,Address Restricted,https://catalog.archives.gov/id/86510616,10/15/66,7/4/61,,,66000627
66000632,,Creek National Capitol,Listed,Single,FALSE,1, NATIVE AMERICAN; EXPLORATION/SETTLEMENT,BUILDING,OKLAHOMA,Okmulgee,Okmulgee,6th St. and Grand Ave.,https://catalog.archives.gov/id/86510635,10/15/66,7/4/61, Creek Council House,,66000632
66000630,,Deer Creek Site,Listed,Single,TRUE,69, HISTORIC - ABORIGINAL; HISTORIC - NON-ABORIGINAL,SITE,OKLAHOMA,Kay,Newkirk,Address Restricted,,10/15/66,4/16/64, Ferdinandino;Fort Ferdinandino;Miller Site,,66000630
66000631,,Fort Gibson,Listed,Single,FALSE,42, MILITARY,DISTRICT,OKLAHOMA,Muskogee,Fort Gibson,Lee and Ash Sts.,https://catalog.archives.gov/id/86510631,10/15/66,12/19/60,,,66000631
66000629,,Fort Sill,Listed,Single,FALSE,80, MILITARY,DISTRICT,OKLAHOMA,Comanche,Fort Sill,US 62,https://catalog.archives.gov/id/86510953,10/15/66,12/19/60,,,66000629
66000626,,Fort Washita,Listed,Single,FALSE,117, MILITARY,DISTRICT,OKLAHOMA,Bryan,Nida,SW of Nida on OK 199,https://catalog.archives.gov/id/86510612,10/15/66,6/23/65,,,66000626
74001664,,Guthrie Historic District,Listed,Single,FALSE,1483, POLITICS/GOVERNMENT; ARCHITECTURE,DISTRICT,OKLAHOMA,Logan,Guthrie,"Roughly bounded by 14th St., College Ave., Pine St., and Lincoln Ave.",https://catalog.archives.gov/id/86511417,6/13/74,1/20/99, See Also:Carnegie Library;Co-operative Publishing Company Bu,,74001664
13000280,,Honey Springs Battlefield NHL,Listed,Single,FALSE,,,STRUCTURE,OKLAHOMA,McIntosh,Checotah,1863 Honey Springs Battlefield Rd.,,2/27/13,2/27/13,,,13000280
73001561,,"Marland, E. W., Mansion",Listed,Single,FALSE,34, INDUSTRY,BUILDING,OKLAHOMA,Kay,Ponca City,Monument Rd.,https://catalog.archives.gov/id/86511252,4/11/73,2/1/78,,,73001561
66000636,,McLemore Site,Listed,Single,TRUE,40, PREHISTORIC,SITE,OKLAHOMA,Washita,Colony,Address Restricted,,10/15/66,7/19/64,,,66000636
70000530,,Murrell Home,Listed,Single,FALSE,5, NATIVE AMERICAN; EDUCATION; POLITICS/GOVERNMENT; ARCHITECTURE; SOCIAL HISTORY,BUILDING,OKLAHOMA,Cherokee,Park Hill,4 mi. S of Tahlequah,https://catalog.archives.gov/id/86510848,6/22/70,4/30/74, Hunter's Home,,70000530
73001560,,One-hundred-and-one Ranch,Listed,Single,FALSE,82.7, COMMERCE; AGRICULTURE; BLACK; PERFORMING ARTS,DISTRICT,OKLAHOMA,Kay,Ponca City,12 mi. SW of Ponca City on OK 156,https://catalog.archives.gov/id/86511250,4/11/73,5/15/75, One-hundred-and-one Ranch Historic District,,73001560
11000628,MP,Platt National Park Historic District,Listed,Multiple,FALSE,, LANDSCAPE ARCHITECTURE; ARCHITECTURE; CONSERVATION; POLITICS/GOVERNMENT,DISTRICT,OKLAHOMA,Murray,Sulpher,OK 7 at US 177,,7/7/11,7/7/11," Sulphur Springs Reservation; Travertine, Platt District, Chickasaw Nat. Recreation Area",Chickasaw,11000628
74001670,,Price Tower,Listed,Single,FALSE,3, COMMUNITY PLANNING AND DEVELOPMENT; ARCHITECTURE,BUILDING,OKLAHOMA,Washington,Bartlesville,510 Dewey Ave.,https://catalog.archives.gov/id/86512318,9/13/74,3/29/07,,,74001670
66000634,,Sequoyah's Cabin,Listed,Single,FALSE,10, NATIVE AMERICAN; EDUCATION,BUILDING,OKLAHOMA,Sequoyah,Akins,"OK 101, in Sequoyah's Cabin State Park",https://catalog.archives.gov/id/86510639,10/15/66,12/21/65,,,66000634
66000635,,Stamper Site,Listed,Single,TRUE,45, PREHISTORIC,SITE,OKLAHOMA,Texas,Optima,Address Restricted,,10/15/66,7/19/64,,,66000635
66000633,,Washita Battlefield National Historic Site,Listed,Single,FALSE,7680, NATIVE AMERICAN; MILITARY,SITE,OKLAHOMA,Roger Mills,Cheyenne,NW of Cheyenne on U.S. 283,https://catalog.archives.gov/id/86510637,10/15/66,1/12/65, The Battle of Washita,,66000633
66000949,,Wheelock Academy,Listed,Single,FALSE,35, NATIVE AMERICAN; EDUCATION,DISTRICT,OKLAHOMA,McCurtain,Millerton,E of Millerton on U.S. 70,https://catalog.archives.gov/id/86510629,10/15/66,12/21/65,,,66000949
86000727,,Bonneville Dam Historic District,Listed,Single,FALSE,87.8, INDUSTRY; LANDSCAPE ARCHITECTURE; ENGINEERING; TRANSPORTATION; POLITICS/GOVERNMENT; ARCHITECTURE,DISTRICT,OREGON,Multnomah,Bonneville,"Columbia River between Bradford and Cascade Islands off I-80 in Multnomah County, Oregon to WA 14 in Skamania County, WA",https://catalog.archives.gov/id/77848624,4/9/86,6/30/87," Powerhouse,Navigation Lock and Administrative Site;See Also:",,86000727
86003598,,Bonneville Dam Historic District (Boundary Increase),Listed,Single,FALSE,9.2, CONSERVATION; EDUCATION; POLITICS/GOVERNMENT; ARCHITECTURE,DISTRICT,OREGON,Multnomah,Bonneville,"Roughly bounded by Mitchell Creek Bypass, SW District boundary, Union Pacific right-of-way, and Hatchery Service Rd.",https://catalog.archives.gov/id/77850863,3/26/87,6/30/87, Bonneville Hatchery;Central Hatchery;See Also:Bonneville Dam,,86003598
83004168,,Columbia River Highway Historic District,Listed,Single,FALSE,529, ENGINEERING; TRANSPORTATION,DISTRICT,OREGON,Multnomah,Troutdale,"Roughly bounded by the Sandy River Bridge, Troutdale, Multnomah County on the West, the Chenoweth Creek Bridge, etc.",https://catalog.archives.gov/id/77848627,12/12/83,5/16/00,,,83004168
87001347,,Crater Lake Superintendent's Residence,Listed,Single,FALSE,0, ARCHITECTURE,BUILDING,OREGON,Klamath,Crater Lake National Park,Munson Valley,https://catalog.archives.gov/id/77848614,5/28/87,5/28/87, Former Superintendent's Residence,Crater Lake,87001347
72001082,,Deady Hall,Listed,Single,FALSE,1, EDUCATION; ARCHITECTURE,BUILDING,OREGON,Lane,Eugene,University of Oregon campus,https://catalog.archives.gov/id/77849821,4/11/72,5/5/77,,,72001082
66000638,,"Elmore, Samuel, Cannery",Removed,Single,FALSE,2, COMMERCE; COMMUNICATIONS,BUILDING,OREGON,Clatsop,Astoria,On the waterfront at the foot of Flavel St.,,,11/13/66, Samuel Elmore Salmon Cannery,,66000638
66000639,,Fort Astoria,Listed,Single,FALSE,0.9, COMMERCE,SITE,OREGON,Clatsop,Astoria,15th and Exchange Sts.,https://catalog.archives.gov/id/77848604,10/15/66,11/5/61,,,66000639
66000641,,Fort Rock Cave,Listed,Single,TRUE,0.5, PREHISTORIC,SITE,OREGON,Lake,Fort Rock,Address Restricted,,10/15/66,1/20/61, Fort Rock Cave National Historic Landmark;(35-LK-1),,66000641
66000950,,Jacksonville Historic District,Listed,Single,FALSE,326, COMMERCE,DISTRICT,OREGON,Jackson,Jacksonville,Jacksonville city limits,https://catalog.archives.gov/id/77849357,11/13/66,11/13/66,,,66000950
73001575,,Kam Wah Chung Company Building,Listed,Single,FALSE,0.3, COMMERCE; ASIAN; EXPLORATION/SETTLEMENT,BUILDING,OREGON,Grant,John Day,"Canton St., John Day City Park",https://catalog.archives.gov/id/77849273,3/20/73,9/20/05,,,73001575
89002463,,"Lightship WAL-604, COLUMBIA",Listed,Single,FALSE,0.1, POLITICS/GOVERNMENT; ARCHITECTURE; SOCIAL HISTORY,STRUCTURE,OREGON,Clatsop,Astoria,1792 Maritime Dr.,https://catalog.archives.gov/id/77848606,12/20/89,12/20/89, WLV-604,,89002463
89001082,,"Nez Perce Traditional Site, Wallowa Lake",Listed,Single,FALSE,5, NATIVE AMERICAN,SITE,OREGON,Wallowa,Joseph,SR 82 S of Joseph,https://catalog.archives.gov/id/77848629,5/5/89,5/5/89, Chief Joseph Cemetery;Joseph National Indian Cemetery,,89001082
87001346,,Oregon Caves Chateau,Listed,Single,FALSE,0.9, ARCHITECTURE,BUILDING,OREGON,Josephine,Oregon Caves National Monument,Off SR 46,https://catalog.archives.gov/id/77848612,5/28/87,5/28/87,,Oregon Caves,87001346
73001582,,Pioneer Courthouse,Listed,Single,FALSE,0, POLITICS/GOVERNMENT; ARCHITECTURE,BUILDING,OREGON,Multnomah,Portland,520 SW Morrison St.,https://catalog.archives.gov/id/77850961,3/20/73,4/5/77," United States Courthouse,Custom House and Post Office",,73001582
75001597,,Portland Skidmore/Old Town Historic District,Listed,Single,FALSE,44, COMMERCE; ART; ARCHITECTURE; PERFORMING ARTS,DISTRICT,OREGON,Multnomah,Portland,"Roughly bounded by Harbor Dr., Everett, 3rd, and Oak Sts.",https://catalog.archives.gov/id/77850656,12/6/75,5/5/77, Skidmore/Old Town Historic District,,75001597
89002455,,Sunken Village Archeological Site (35MU4),Listed,Single,TRUE,7, INDUSTRY; PREHISTORIC; NATIVE AMERICAN; ART,SITE,OREGON,Multnomah,Portland,Address Restricted,,12/20/89,12/20/89, Drowned Village; Bridge Camp; Indian Crossing,,89002455
73001572,,Timberline Lodge,Listed,Single,FALSE,0, ART; ENTERTAINMENT/RECREATION; ARCHITECTURE,BUILDING,OREGON,Clackamas,Government Camp,6 mi. (9.6 km) N of Government Camp in Mount Hood National Forest,https://catalog.archives.gov/id/77848765,11/12/73,12/22/77,,,73001572
72001083,,Villard Hall,Listed,Single,FALSE,1, EDUCATION; ARCHITECTURE,BUILDING,OREGON,Lane,Eugene,University of Oregon,https://catalog.archives.gov/id/77849825,4/11/72,5/5/77,,,72001083
74001715,,"Watzek, Aubrey R., House",Listed,Single,FALSE,0.7, ARCHITECTURE,BUILDING,OREGON,Multnomah,Portland,1061 SW Skyline Blvd.,https://catalog.archives.gov/id/77850634,11/1/74,7/25/11,,,74001715
85001754,,Peleliu Battlefield,Listed,Single,FALSE,7680, MILITARY,SITE,PALAU,Peleliu,Peleliu,Peleliu Island,https://catalog.archives.gov/id/131518792,2/4/85,2/4/85,,,85001754
66000674,,Academy of Music,Listed,Single,FALSE,0.9, ARCHITECTURE; PERFORMING ARTS,BUILDING,PENNSYLVANIA,Philadelphia,Philadelphia,Broad and Locust Sts.,https://catalog.archives.gov/id/71994307,10/15/66,12/29/62, American Academy of Music,,66000674
76001679,,"Acheson, Edward G., House",Listed,Single,FALSE,0.9, INVENTION,BUILDING,PENNSYLVANIA,Washington,Monongahela,908 Main St.,https://catalog.archives.gov/id/71994247,5/11/76,5/11/76,,,76001679
09000081,,Alfred Newton Richards Medical Research Laboratories and David Goddard Laboratories Buildings,Listed,Single,FALSE,2.8, ARCHITECTURE,BUILDING,PENNSYLVANIA,Philadelphia,Philadelphia,"33700-3710 Hamilton Walk, University of Pennsylvania",https://catalog.archives.gov/id/71994277,1/16/09,1/16/09, Biology Building,,09000081
73001586,,Allegheny County Courthouse and Jail,Listed,Single,FALSE,1, ARCHITECTURE,BUILDING,PENNSYLVANIA,Allegheny,Pittsburgh,436 Grant St.,https://catalog.archives.gov/id/71997676,3/7/73,4/11/76,,,73001586
66000648,,Allegheny Portage Railroad National Historic Site,Listed,Single,FALSE,1134.9, COMMERCE; ENGINEERING; TRANSPORTATION,DISTRICT,PENNSYLVANIA,Blair,Johnstown,U.S. 22,https://catalog.archives.gov/id/71994227,10/15/66,12/29/62,,Allegheny Portage Railroad,66000648
66000675,,American Philosophical Society Hall,Listed,Single,FALSE,0.9, SCIENCE; RELIGION; SOCIAL HISTORY; INVENTION,BUILDING,PENNSYLVANIA,Philadelphia,Philadelphia,Independence Sq.,https://catalog.archives.gov/id/71994351,10/15/66,1/12/65, See Also:Independence National Historical Park,Independence,66000675
66000649,,Andalusia,Listed,Single,FALSE,225, COMMERCE; POLITICS/GOVERNMENT,BUILDING,PENNSYLVANIA,Bucks,Philadelphia,1.4 mi. N of Philadelphia on PA 32,https://catalog.archives.gov/id/71994630,11/13/66,11/13/66, Nicholas Biddle Estate;Pen Ryn,,66000649
14000924,,Andrew Wyeth Studio and Kuerner Farm (Boundary Expansion and Additional Documentation),Listed,Single,FALSE,,,DISTRICT,PENNSYLVANIA,Delaware,Chadds Fod Rd.,"415 Ring Road (farm), 1821 Murphy Rd. (studio)",,8/25/14,8/25/14,,,14000924
75001657,,"Antes, Henry, House",Listed,Single,FALSE,1.3, EDUCATION; RELIGION; ARCHITECTURE,BUILDING,PENNSYLVANIA,Montgomery,Pottstown,NE of Pottstown on Colonial Rd.,https://catalog.archives.gov/id/71997866,5/12/75,4/27/92,,,75001657
71000716,,Arch Street Friends Meeting House,Listed,Single,FALSE,2.2, ARCHITECTURE; POLITICS/GOVERNMENT; RELIGION; SOCIAL HISTORY,BUILDING,PENNSYLVANIA,Philadelphia,Philadelphia,320 Arch St.,https://catalog.archives.gov/id/71997016,5/27/71,6/23/11,,,71000716
72001144,,Athenaeum of Philadelphia,Listed,Single,FALSE,0.9, EDUCATION; ARCHITECTURE,BUILDING,PENNSYLVANIA,Philadelphia,Philadelphia,219 S. 6th St.,https://catalog.archives.gov/id/71997266,2/1/72,12/8/76,,,72001144
67000019,,Augustus Lutheran Church,Listed,Single,FALSE,8, ARCHITECTURE,BUILDING,PENNSYLVANIA,Montgomery,Trappe,7th Ave. E and Main St.,https://catalog.archives.gov/id/71994415,12/24/67,12/24/67,,,67000019
66000676,,"Bartram, John, House",Listed,Single,FALSE,9, SCIENCE,BUILDING,PENNSYLVANIA,Philadelphia,Philadelphia,54th St. and Eastwick Ave.,https://catalog.archives.gov/id/71994369,10/15/66,10/9/60, John Bartram House and Gardens,,66000676
84001413,,Bedford Springs Hotel Historic District,Listed,Single,FALSE,300, ARCHITECTURE; POLITICS/GOVERNMENT; ENTERTAINMENT/RECREATION,DISTRICT,PENNSYLVANIA,Bedford,Bedford,"US 220, Bedford Township",https://catalog.archives.gov/id/71994143,12/20/84,7/17/91, Bedford Springs Hotel,,84001413
07000430,,Beth Sholom Synagogue,Listed,Single,FALSE,3.9, ARCHITECTURE,BUILDING,PENNSYLVANIA,Montgomery,Elkins Park (Cheltenham Township),8231 Old York Rd.,https://catalog.archives.gov/id/71994185,3/29/07,3/29/07, Temple Beth Sholom,,07000430
87000821,,Boat House Row,Listed,Single,FALSE,12, ENTERTAINMENT/RECREATION,BUILDING,PENNSYLVANIA,Philadelphia,Philadelphia,1--15 E. River Dr.,https://catalog.archives.gov/id/71994365,2/27/87,2/27/87,,,87000821
75001649,,Bomberger's Distillery,Listed,Single,FALSE,0.4, INDUSTRY; ARCHITECTURE,BUILDING,PENNSYLVANIA,Lebanon,Newmanstown,7 mi. SW of Newmanstown off PA 501,https://catalog.archives.gov/id/71996735,6/26/75,1/16/80, Michter's Distillery,,75001649
99000627,,Bost Building,Listed,Single,FALSE,0.9, SOCIAL HISTORY,DISTRICT,PENNSYLVANIA,Allegheny,Homestead Borough,621--623 East Eighth Avenue,https://catalog.archives.gov/id/71994213,1/20/99,1/20/99," Columbia Hotel;see also;Homestead Historic District,90000696",,99000627
73001668,,"Bradford, David, House",Listed,Single,FALSE,0.9, MILITARY; POLITICS/GOVERNMENT; ARCHITECTURE,BUILDING,PENNSYLVANIA,Washington,Washington,175 S. Main St.,https://catalog.archives.gov/id/71998542,7/16/73,7/28/83,,,73001668
66000660,,Brandywine Battlefield,Listed,Single,FALSE,6100, MILITARY,DISTRICT,PENNSYLVANIA,Delaware,Chadds Ford,Brandywine Battlefield Park,https://catalog.archives.gov/id/71994163,10/15/66,1/20/61,,,66000660
08001087,,Bryn Athyn Historic District,Listed,Single,FALSE,37.7, ARCHITECTURE; ART; TRANSPORTATION,DISTRICT,PENNSYLVANIA,Montgomery,Bryn Athyn,Huntington Pike and Cathedral Road,https://catalog.archives.gov/id/71994153,10/6/08,10/6/08," Pitcairn Residences: Cairnwood, Cairncrest, Glencairn; Bryn Athlyn Cathedral",,08001087
66000669,,"Buchanan, James, House",Listed,Single,FALSE,4.3, POLITICS/GOVERNMENT,BUILDING,PENNSYLVANIA,Lancaster,Lancaster,1120 Marietta Ave.,https://catalog.archives.gov/id/71994231,10/15/66,7/4/61, Wheatland,,66000669
03001034,,Buckingham Friends Meeting House,Listed,Single,FALSE,39, ARCHITECTURE; EUROPEAN; RELIGION,BUILDING,PENNSYLVANIA,Bucks,Buckingham Township,5684 Lower York Road,https://catalog.archives.gov/id/71994157,7/31/03,7/31/03, Buckingham Meeting of Friends; Buckingham Monthly Meeting,,03001034
66000696,,Bushy Run Battlefield,Listed,Single,FALSE,162, MILITARY,SITE,PENNSYLVANIA,Westmoreland,Harrison City,2 mi. E of Harrison City on PA 993,https://catalog.archives.gov/id/71994219,10/15/66,10/9/60, Bushy Run State Park,,66000696
89001101,,Cambria Iron Company,Listed,Single,FALSE,482, INDUSTRY; ENGINEERING; EUROPEAN; ARCHITECTURE,DISTRICT,PENNSYLVANIA,Cambria,Johnstown,Along Conemaugh River in the Johnstown vicinity,https://catalog.archives.gov/id/71994225,6/22/89,6/22/89," Cambria Iron Works;Lower Works,Gautier Plant,Franklin Plant,",,89001101
66000658,,Carlisle Indian School,Listed,Single,FALSE,24.5, MILITARY; ENTERTAINMENT/RECREATION; EDUCATION; SOCIAL HISTORY,DISTRICT,PENNSYLVANIA,Cumberland,Carlisle,E edge of Carlisle on U.S. 11,,10/15/66,7/4/61, Carlisle Indian Industrial School,,66000658
73001585,,Carnegie Free Library Of Braddock,Listed,Single,FALSE,2, EDUCATION; ARCHITECTURE; SOCIAL HISTORY,BUILDING,PENNSYLVANIA,Allegheny,Braddock,419 Library St.,https://catalog.archives.gov/id/71994732,6/19/73,3/2/12,,,73001585
70000552,,Carpenters' Hall,Listed,Single,FALSE,0.8, ARCHITECTURE,BUILDING,PENNSYLVANIA,Philadelphia,Philadelphia,310 Chestnut St.,https://catalog.archives.gov/id/71994271,4/15/70,5/15/70, See Also:Independence National Historical Park,Independence,70000552
06001070,,Carrie Blast Furnace Number 6 and 7,Listed,Single,FALSE,,,DISTRICT,PENNSYLVANIA,Allegheny,"Rankin, Munhall, Swissvale boroughs",North side of Monongahela River .5 mi west of Rankin Bridge,https://catalog.archives.gov/id/71994401,9/20/06,9/20/06,,,06001070
06001070,ADNL,Carrie Blast Furnace Number 6 and 7,Done,NHL Updated Documentation,FALSE,,,district,PENNSYLVANIA,Allegheny,"Rankin, Munhall, Swissvale boroughs",801-811 Carrie Furnace Boulevard,,,12/13/24,,,06001070
71000693,,Cedarcroft,Listed,Single,FALSE,0, LITERATURE,BUILDING,PENNSYLVANIA,Chester,Kennett Square,N of Kennett Sq.,https://catalog.archives.gov/id/71994183,11/11/71,11/11/71, Bayard Taylor House,,71000693
98001372,,Chatham Village Historic District,Listed,Single,FALSE,46.4, COMMUNITY PLANNING AND DEVELOPMENT; LANDSCAPE ARCHITECTURE; ARCHITECTURE,DISTRICT,PENNSYLVANIA,Allegheny,Pittsburgh,"Roughly bounded by Virginia Ave., Bigham St.,Woodruff St., Saw Mill Run Blvd., and Olympia Rd.",https://catalog.archives.gov/id/71994391,11/25/98,4/5/05,,,98001372
70000553,,Christ Church,Listed,Single,FALSE,1, ARCHITECTURE,BUILDING,PENNSYLVANIA,Philadelphia,Philadelphia,22-26 N. 2nd St.,https://catalog.archives.gov/id/71994273,4/15/70,5/15/70,,Independence,70000553
74001801,,Church of St. James the Less,Listed,Single,FALSE,0.9, ARCHITECTURE,BUILDING,PENNSYLVANIA,Philadelphia,Philadelphia,Hunting Park Ave. and Clearfield St.,https://catalog.archives.gov/id/71996984,11/20/74,2/4/85,,,74001801
66000677,,Cliveden (Chew House),Listed,Single,FALSE,5.4, MILITARY; ARCHITECTURE,BUILDING,PENNSYLVANIA,Philadelphia,Philadelphia,6401 Germantown Ave.,,10/15/66,1/20/61, Chew House,,66000677
08001088,,College of Physicians of Philadelphia Building,Listed,Single,FALSE,0.9, HEALTH/MEDICINE; EDUCATION; ARCHITECTURE,BUILDING,PENNSYLVANIA,Philadelphia,Philadelphia,19 South 22nd Street,https://catalog.archives.gov/id/71994343,10/6/08,10/6/08,,,08001088
66000678,,Colonial Germantown Historic District,Listed,Single,FALSE,113, INDUSTRY; EUROPEAN; ARCHITECTURE; RELIGION,DISTRICT,PENNSYLVANIA,Philadelphia,Philadelphia,Germantown Ave. between Windrim Ave. and Upsal St.,https://catalog.archives.gov/id/71997142,10/15/66,6/23/65, Germantown;See Also:Cliveden;Independence National Historica,,66000678
99000628,,"Coltrane, John, House",Listed,Single,FALSE,0.9, PERFORMING ARTS; SOCIAL HISTORY,BUILDING,PENNSYLVANIA,Philadelphia,Philadelphia,1511 North 33rd Street,https://catalog.archives.gov/id/71994361,1/20/99,1/20/99,,,99000628
75001660,,"Cope, Edward Drinker, House",Listed,Single,FALSE,0.9, SCIENCE,BUILDING,PENNSYLVANIA,Philadelphia,Philadelphia,2102 Pine St.,https://catalog.archives.gov/id/71994373,5/15/75,5/15/75,,,75001660
66000671,,Cornwall Iron Furnace,Listed,Single,FALSE,175, INDUSTRY,DISTRICT,PENNSYLVANIA,Lebanon,Cornwall,Rexmont Rd. and Boyd St.,https://catalog.archives.gov/id/71994173,11/13/66,11/3/66,,,66000671
74001756,MP,Delaware Division of the Pennsylvania Canal,Listed,Multiple,FALSE,400, COMMUNICATIONS; TRANSPORTATION; ENGINEERING; CONSERVATION,DISTRICT,PENNSYLVANIA,Bucks,Easton,Parallels W bank of the Delaware River from Easton to Bristol,https://catalog.archives.gov/id/71992480,10/29/74,12/8/76, Roosevelt State Park;See Also:Bridge in Tinicum Township;Uhl,,74001756
66000695,,Drake Oil Well,Listed,Single,FALSE,0.9, INDUSTRY,BUILDING,PENNSYLVANIA,Venango,Titusville,"3 mi. SE of Titusville on PA 36, in Drake Well Memorial Park",https://catalog.archives.gov/id/71994413,11/13/66,11/13/66,,,66000695
66000679,,"Eakins, Thomas, House",Listed,Single,FALSE,0.1, ART,BUILDING,PENNSYLVANIA,Philadelphia,Philadelphia,1729 Mount Vernon Pl.,https://catalog.archives.gov/id/71994321,10/15/66,12/21/65,,,66000679
66000666,,East Broad Top Railroad,Listed,Single,FALSE,500, COMMERCE; TRANSPORTATION,DISTRICT,PENNSYLVANIA,Huntingdon,Rockhill Furnace,1 mi. W of Orbisonia on U.S. 522,https://catalog.archives.gov/id/71994405,10/15/66,1/28/64,,,66000666
66000680,,Eastern State Penitentiary,Listed,Single,FALSE,14.3, SOCIAL HISTORY,BUILDING,PENNSYLVANIA,Philadelphia,Philadelphia,21st St. and Fairmount Ave.,https://catalog.archives.gov/id/71994379,10/15/66,6/23/65,,,66000680
67000017,,Eisenhower National Historic Site,Listed,Single,FALSE,690.5, MILITARY; POLITICS/GOVERNMENT,DISTRICT,PENNSYLVANIA,Adams,Gettysburg,200 Eisenhower Farm Lane,https://catalog.archives.gov/id/71995194,11/27/67,5/23/66, See Also:Gettysburg Battlefield Historic District,Eisenhower,67000017
66000681,,Elfreth's Alley Historic District,Listed,Single,FALSE,3.5, ARCHITECTURE,DISTRICT,PENNSYLVANIA,Philadelphia,Philadelphia,Between 2nd and Front Sts.,https://catalog.archives.gov/id/71994263,10/15/66,10/9/60,,,66000681
74001737,,Emmanuel Episcopal Church,Listed,Single,FALSE,0.5, ARCHITECTURE,BUILDING,PENNSYLVANIA,Allegheny,Pittsburgh,North and Allegheny Aves.,https://catalog.archives.gov/id/71997680,5/3/74,2/16/00,,,74001737
67000026,,Ephrata Cloister,Listed,Single,FALSE,30, ARCHITECTURE; RELIGION,DISTRICT,PENNSYLVANIA,Lancaster,Ephrata,Jct. of US 322 and 222,https://catalog.archives.gov/id/71994187,12/24/67,12/24/67,,,67000026
73001615,,"Esherick, Wharton, Studio",Listed,Single,FALSE,5.5, ARCHITECTURE; ART,BUILDING,PENNSYLVANIA,Chester,Malvern,1520 Horseshoe Trail,https://catalog.archives.gov/id/71998468,4/26/73,4/19/93, The Wharton Esherick Museum,,73001615
74001750,,Espy House,Listed,Single,FALSE,0, MILITARY,BUILDING,PENNSYLVANIA,Bedford,Bedford,123 Pitt St.,https://catalog.archives.gov/id/71994594,11/19/74,7/28/83, David Espy House;Gen. Arthur St. Clair Office,,74001750
76001662,,Fairmount Water Works,Listed,Single,FALSE,0, ART; ECONOMICS; MILITARY; TRANSPORTATION; ARCHITECTURE; SOCIAL HISTORY,DISTRICT,PENNSYLVANIA,Philadelphia,Philadelphia,E banks of Schuylkill River,https://catalog.archives.gov/id/71994295,5/11/76,5/11/76,,,76001662
74001781,,Fallingwater,Listed,Single,FALSE,0, LANDSCAPE ARCHITECTURE; CONSERVATION; ARCHITECTURE,BUILDING,PENNSYLVANIA,Fayette,Mill Run,W of PA 381,https://catalog.archives.gov/id/71996566,7/23/74,5/11/76, Edgar Kaufman House,,74001781
87001292,,First Bank of the United States,Listed,Single,FALSE,0.9, ECONOMICS; LAW; POLITICS/GOVERNMENT; ARCHITECTURE,BUILDING,PENNSYLVANIA,Philadelphia,Philadelphia,116 S. Third St.,https://catalog.archives.gov/id/71994297,5/4/87,5/4/87, See Also:Independence National Historical Park,Independence,87001292
85002366,,"Fonthill, Mercer Museum and Moravian Pottery and Tile Works",Listed,Single,FALSE,0, INDUSTRY; ART; ARCHITECTURE,DISTRICT,PENNSYLVANIA,Bucks,Doylestown,Court St. and Swamp Rd. and Pine and Ashland Sts.,https://catalog.archives.gov/id/71994177,2/4/85,2/4/85, See Also:Fonthill;Mercer Museum;Moravian Pottery and Tile Wo,,85002366
66000643,,Forks of the Ohio,Listed,Single,FALSE,36, HISTORIC - NON-ABORIGINAL; MILITARY; POLITICS/GOVERNMENT,SITE,PENNSYLVANIA,Allegheny,Pittsburgh,Point Park,https://catalog.archives.gov/id/71994395,10/15/66,10/9/60,,,66000643
70000554,,Fort Mifflin,Listed,Single,FALSE,0, MILITARY; ENGINEERING,DISTRICT,PENNSYLVANIA,Philadelphia,Philadelphia,Marina and Penrose Ferry Rds.,https://catalog.archives.gov/id/71996924,8/29/70,8/29/70, Mud Island Fort;Old Fort Mifflin,,70000554
69000158,,"Founder's Hall, Girard College",Listed,Single,FALSE,41, SOCIAL HISTORY,DISTRICT,PENNSYLVANIA,Philadelphia,Philadelphia,Corinthian and Girard Aves.,https://catalog.archives.gov/id/71997254,8/4/69,8/4/69,,,69000158
99000629,,Friends Hospital,Listed,Single,FALSE,100, HEALTH/MEDICINE; SOCIAL HISTORY,DISTRICT,PENNSYLVANIA,Philadelphia,Philadelphia,4641 Roosevelt Boulevard,https://catalog.archives.gov/id/71994345,1/20/99,1/20/99, Friends' Asylum For The Relief of Persons Deprived Of Reason; Friend's Asylum For The Insane,,99000629
69000156,,Fulton Opera House,Listed,Single,FALSE,0.3, PERFORMING ARTS,BUILDING,PENNSYLVANIA,Lancaster,Lancaster,12-14 N. Prince St.,https://catalog.archives.gov/id/71994229,8/11/69,8/11/69,,,69000156
66000670,,"Fulton, Robert, Birthplace",Listed,Single,FALSE,1, ART; TRANSPORTATION; INVENTION,BUILDING,PENNSYLVANIA,Lancaster,Quarryville,8 mi. S of Quarryville on U.S. 222,https://catalog.archives.gov/id/71994399,10/15/66,1/29/64,,,66000670
72001154,,Furness Library,Listed,Single,FALSE,1, ARCHITECTURE,BUILDING,PENNSYLVANIA,Philadelphia,Philadelphia,34th St. below Walnut on University of Pennsylvania campus,https://catalog.archives.gov/id/71997280,5/19/72,2/4/85," Furness Library,School of Fine Arts;Henry Charles Lea Librar",,72001154
66000663,MP,"Gallatin, Albert, House; Friendship Hill National Historic Site",Listed,Multiple,FALSE,560, MILITARY; POLITICS/GOVERNMENT,BUILDING,PENNSYLVANIA,Fayette,Point Marion,3 mi. N of Point Marion on PA 166,https://catalog.archives.gov/id/71992939,10/15/66,1/12/65, Friendship Hill;Friendship Hill National Historic Site,Friendship Hill,66000663
75001658,,Gemeinhaus-Lewis David De Schweinitz Residence,Listed,Single,FALSE,0.9, SCIENCE; ARCHITECTURE; RELIGION,BUILDING,PENNSYLVANIA,Northampton,Bethlehem,W. Church St.,https://catalog.archives.gov/id/71994149,5/15/75,5/15/75, Moravian Museum,,75001658
87000758,,Germantown Cricket Club,Listed,Single,FALSE,10, ENTERTAINMENT/RECREATION,BUILDING,PENNSYLVANIA,Philadelphia,Philadelphia,5140 Morris St.,https://catalog.archives.gov/id/71994363,2/27/87,2/27/87, Manheim Club,,87000758
66000672,,Graeme Park,Listed,Single,FALSE,140, ARCHITECTURE,BUILDING,PENNSYLVANIA,Montgomery,Horsham,Keith Valley Rd.,https://catalog.archives.gov/id/71994215,10/15/66,10/9/60,,,66000672
74001755,,Green Hills Farm,Listed,Single,FALSE,58, LITERATURE; SOCIAL HISTORY,BUILDING,PENNSYLVANIA,Bucks,Dublin,"SW of Dublin on Dublin Rd., Hilltown Township",https://catalog.archives.gov/id/71995301,2/27/74,1/16/80," Buck,Pearl S.,House",,74001755
80003578,,Grey Towers,Listed,Single,FALSE,2.8, ARCHITECTURE,BUILDING,PENNSYLVANIA,Montgomery,Glenside,Easton Rd. and Limekiln Pike,https://catalog.archives.gov/id/71995685,2/14/80,2/4/85, William Welsh Harrison House;Beaver College,,80003578
72001092,,Gruber Wagon Works,Listed,Single,FALSE,12, INDUSTRY,BUILDING,PENNSYLVANIA,Berks,Reading,W of Reading off PA 183 in Tulpehocken Creek Park,https://catalog.archives.gov/id/71997964,6/2/72,12/22/77,,,72001092
00000708,,"Hagan, I. N. and Bernadine, House",Listed,Single,FALSE,,,BUILDING,PENNSYLVANIA,Fayette,Chalk Hill (Stewart Township),less than 1 mi. SW of the jct. of IN 2010 and IN 2019,https://catalog.archives.gov/id/71994167,5/16/00,5/16/00,,,00000708
73002139,,Harmony Historic District,Listed,Single,FALSE,17, SOCIAL HISTORY,DISTRICT,PENNSYLVANIA,Butler,Harmony,PA 68,https://catalog.archives.gov/id/71994863,3/21/73,5/30/74, Harmony,,73002139
76001663,,"Harper, Frances Ellen Watkins, House",Listed,Single,FALSE,0.9, BLACK; LITERATURE; SOCIAL HISTORY,BUILDING,PENNSYLVANIA,Philadelphia,Philadelphia,1006 Bainbridge St.,https://catalog.archives.gov/id/71994355,12/8/76,12/8/76,,,76001663
73001620,,"Harris, John, Mansion",Listed,Single,FALSE,0.9, MILITARY; POLITICS/GOVERNMENT; ARCHITECTURE,BUILDING,PENNSYLVANIA,Dauphin,Harrisburg,219 S. Front St.,https://catalog.archives.gov/id/71995807,9/20/73,5/15/75, Simon Cameron House,,73001620
75001638,,Harrisburg Central Railroad Station and Trainshed,Listed,Single,FALSE,3, ENGINEERING; TRANSPORTATION; ARCHITECTURE,BUILDING,PENNSYLVANIA,Dauphin,Harrisburg,Aberdeen St.,https://catalog.archives.gov/id/71995811,6/11/75,12/8/76, Penn Central Railroad Station and Sheds,,75001638
78002388,,"Hershey, Milton S., Mansion",Listed,Single,FALSE,9, INDUSTRY; COMMUNITY PLANNING AND DEVELOPMENT; LANDSCAPE ARCHITECTURE; ARCHITECTURE; SOCIAL HISTORY,BUILDING,PENNSYLVANIA,Dauphin,Hershey,Mansion Rd.,https://catalog.archives.gov/id/71995871,2/7/78,5/4/83, High Point;Hershey Country Club,,78002388
71000726,,Hill-Physick House,Listed,Single,FALSE,0.9, SCIENCE; ARCHITECTURE,BUILDING,PENNSYLVANIA,Philadelphia,Philadelphia,321 S. 4th St.,https://catalog.archives.gov/id/71997386,5/27/71,1/7/76, Hill-Physick-Keith House,,71000726
12001016,,Historic Moravian Bethlehem Historic District,Listed,Single,FALSE,,,DISTRICT,PENNSYLVANIA,Northampton,Bethlehem,"Church, Market and Main Streets",,10/16/12,10/16/12,,,12001016
12001016,ADNL,Historic Moravian Bethlehem Historic District,Done,NHL Updated Documentation,FALSE,, ARCHITECTURE; COMMUNITY PLANNING AND DEVELOPMENT; ECONOMICS; EDUCATION; PERFORMING ARTS; RELIGION,district,PENNSYLVANIA,Northampton,Bethlehem,"Church, Market and Main Streets",,,10/16/12,,,12001016
69000155,,Honey Hollow Watershed,Listed,Single,FALSE,650, CONSERVATION; AGRICULTURE,DISTRICT,PENNSYLVANIA,Bucks,New Hope,2.5 mi. S of the Delaware River on PA 263,https://catalog.archives.gov/id/71996716,8/4/69,8/4/69,,,69000155
66000647,,Horseshoe Curve,Listed,Single,FALSE,8, ENGINEERING; TRANSPORTATION,STRUCTURE,PENNSYLVANIA,Blair,Altoona,5 mi. W of Altoona on PA 193,https://catalog.archives.gov/id/71994127,11/13/66,11/13/66,,,66000647
66000684,,Institute of the Pennsylvania Hospital,Listed,Single,FALSE,27, HEALTH/MEDICINE; SOCIAL HISTORY,BUILDING,PENNSYLVANIA,Philadelphia,Philadelphia,111 N. 49th St.,https://catalog.archives.gov/id/71994381,10/15/66,6/23/65, Kirkbride's Hospital,,66000684
78002449,,Insurance Company of North America Building,Listed,Single,FALSE,0.9, COMMERCE,BUILDING,PENNSYLVANIA,Philadelphia,Philadelphia,1600 Arch St.,https://catalog.archives.gov/id/71994331,6/2/78,6/16/78,,,78002449
72001162,,"Johnson, John, House",Listed,Single,FALSE,0.9, ARCHITECTURE,BUILDING,PENNSYLVANIA,Philadelphia,Philadelphia,6306 Germantown Ave.,https://catalog.archives.gov/id/71997038,1/13/72,12/9/97,,,72001162
100000832,NL,Keim Homestead,Listed,NHL,FALSE,12.8, ARCHITECTURE,building,PENNSYLVANIA,Berks,Oley,99 Boyer Rd.,,,12/23/16,,,74001752
87000824,,Kennywood Park,Listed,Single,FALSE,40, ENTERTAINMENT/RECREATION,DISTRICT,PENNSYLVANIA,Allegheny,West Mifflin,4800 Kennywood Blvd.,https://catalog.archives.gov/id/71994431,2/27/87,2/27/87, Kenny's Grove;Kennywood,,87000824
11000564,,"Kuerner Farm-Wyeth, Andrew, Studio",Listed,Single,FALSE,, ART,BUILDING,PENNSYLVANIA,Delaware,Chadds Ford Township,415 Ring Road,,6/23/11,6/23/11, Ring Farm,,11000564
77001185,,Laurel Hill Cemetery,Listed,Single,FALSE,81, ARCHITECTURE; ART; LANDSCAPE ARCHITECTURE,STRUCTURE,PENNSYLVANIA,Philadelphia,Philadelphia,3822 Ridge Ave.,https://catalog.archives.gov/id/71997338,10/28/77,8/5/98,,,77001185
91000229,,Leap-the-Dips,Listed,Single,FALSE,0.9, ENGINEERING; ENTERTAINMENT/RECREATION,STRUCTURE,PENNSYLVANIA,Blair,Altoona,700 Park Ave.,https://catalog.archives.gov/id/71994129,3/15/91,6/19/96,,,91000229
97001271,,"LeMoyne, F. Julius, House",Listed,Single,FALSE,0.9, SOCIAL HISTORY,BUILDING,PENNSYLVANIA,Washington,Washington,49 E. Maiden St.,https://catalog.archives.gov/id/71994429,9/25/97,9/25/97,,,97001271
94001646,,"Lesley, J. Peter, House",Listed,Single,FALSE,0.9, SCIENCE,BUILDING,PENNSYLVANIA,Philadelphia,Phialdelphia,1008 Clinton St.,https://catalog.archives.gov/id/71994371,10/12/94,10/12/94, See also:Clinton Street Historic District;Washington Square,,94001646
73001616,,Lightfoot Mill,Listed,Single,FALSE,5, INDUSTRY; ARCHITECTURE,BUILDING,PENNSYLVANIA,Chester,Chester Springs,1703 Conestoga Road,https://catalog.archives.gov/id/71998470,4/13/73,4/5/05,,,73001616
94001186,,Lukens Historic District,Listed,Single,FALSE,3, SOCIAL HISTORY; COMMERCE; INDUSTRY,DISTRICT,PENNSYLVANIA,Chester,Coatsville,"50, 53, 76, & 102 S. First St.",https://catalog.archives.gov/id/71994169,4/19/94,4/19/94,,,94001186
87002596,,"Marshall, Humphry, House",Listed,Single,FALSE,2.6, AGRICULTURE; SCIENCE; ARCHITECTURE,BUILDING,PENNSYLVANIA,Chester,Marshallton,1407 S. Strasburg Rd./PA 162,https://catalog.archives.gov/id/71994239,12/23/87,12/23/87," Marshall House,Marshall's Garden,Marshall's Arboretum,Botany",,87002596
71000727,,Masonic Temple,Listed,Single,FALSE,0.3, ARCHITECTURE,BUILDING,PENNSYLVANIA,Philadelphia,Philadelphia,1 N. Broad St.,https://catalog.archives.gov/id/71997404,5/27/71,2/4/85,,,71000727
78002480,,Meadowcroft Rockshelter,Listed,Single,FALSE,0.2, PREHISTORIC,SITE,PENNSYLVANIA,Washington,Avella,W of Avella,https://catalog.archives.gov/id/71994561,11/21/78,4/5/05, 36WH297,,78002480
71000707,,"Meason, Isaac, House",Listed,Single,FALSE,9.5, INDUSTRY; ARCHITECTURE,BUILDING,PENNSYLVANIA,Fayette,Mount Braddock,U.S. 119 North,https://catalog.archives.gov/id/71996632,1/25/71,6/21/90, Mt. Braddock;Dr. Christopher Gist Plantation,,71000707
76001665,,Memorial Hall,Listed,Single,FALSE,3, ART,BUILDING,PENNSYLVANIA,Philadelphia,Philadelphia,West Fairmount Park,https://catalog.archives.gov/id/71994329,12/8/76,12/8/76,,,76001665
01001047,,Merchants' Exchange Building,Listed,Single,FALSE,,,BUILDING,PENNSYLVANIA,Philadelphia,Philadelphia,143 S. Third St.,https://catalog.archives.gov/id/71994275,8/7/01,8/7/01,,,01001047
87000759,,Merion Cricket Club,Listed,Single,FALSE,20, ENTERTAINMENT/RECREATION,BUILDING,PENNSYLVANIA,Montgomery,Haverford,Montgomery Ave. and Grays Ln.,https://catalog.archives.gov/id/71994207,2/27/87,2/27/87,,,87000759
98001194,,Merion Friends Meeting House,Listed,Single,FALSE,3.8, EUROPEAN; RELIGION; ARCHITECTURE,BUILDING,PENNSYLVANIA,Montgomery,Merion Station,615 Montgomery Ave.,https://catalog.archives.gov/id/71994241,8/5/98,8/5/98,,,98001194
89002085,,"Merion Golf Club, East and West Courses",Listed,Single,FALSE,256.8, ENTERTAINMENT/RECREATION; LANDSCAPE ARCHITECTURE,DISTRICT,PENNSYLVANIA,Delaware,Ardmore,Ardmore Ave.,https://catalog.archives.gov/id/71994133,12/21/89,4/27/92,,,89002085
72001138,,Mill Grove,Listed,Single,FALSE,130, ART; CONSERVATION; ENTERTAINMENT/RECREATION; EDUCATION; SCIENCE,BUILDING,PENNSYLVANIA,Montgomery,Audubon,Pawling Rd.,https://catalog.archives.gov/id/71994551,3/16/72,5/5/89," Audubon,John James,House",,72001138
93000608,,Minisink Archeological Site,Listed,Single,TRUE,1320, HISTORIC - ABORIGINAL,SITE,PENNSYLVANIA,Pike,Bushkill,Address Restricted,,4/19/93,4/19/93, Minisink Historic District,Delaware Water Gap,93000608
72001166,,Mother Bethel A.M.E. Church,Listed,Single,FALSE,1, BLACK; ARCHITECTURE; RELIGION; SOCIAL HISTORY,BUILDING,PENNSYLVANIA,Philadelphia,Philadelphia,419 6th St.,https://catalog.archives.gov/id/71997374,3/16/72,5/30/74,,,72001166
66000685,,Mount Pleasant,Listed,Single,FALSE,70, ARCHITECTURE,BUILDING,PENNSYLVANIA,Philadelphia,Philadelphia,Fairmount Park,https://catalog.archives.gov/id/71994265,10/15/66,10/9/60,,,66000685
71000730,,Musical Fund Hall,Listed,Single,FALSE,0.9, POLITICS/GOVERNMENT; PERFORMING ARTS,BUILDING,PENNSYLVANIA,Philadelphia,Philadelphia,808 Locust St.,https://catalog.archives.gov/id/71997528,3/11/71,5/30/74, Musical Fund Society Hall;Republican Party Convention Site o,,71000730
08000782,,"Nakashima, George, Woodworker Complex",Listed,Single,FALSE,12.2, ART,building,PENNSYLVANIA,Bucks,Solebury,1847 and 1858 Aquetong Rd.,https://catalog.archives.gov/id/71998178,8/14/08,4/22/14,,,08000782
74001733,,Neville House,Listed,Single,FALSE,1, MILITARY; POLITICS/GOVERNMENT,BUILDING,PENNSYLVANIA,Allegheny,Heidelberg,S of Heidelberg on PA 50,https://catalog.archives.gov/id/71995861,2/5/74,6/2/78, Woodville,,74001733
93001611,,New Century Guild,Listed,Single,FALSE,0.9, SOCIAL HISTORY,BUILDING,PENNSYLVANIA,Philadelphia,Philadelphia,1307 Locust St.,https://catalog.archives.gov/id/71994375,11/4/93,11/4/93,,,93001611
66000686,,New Market,Listed,Single,FALSE,2, COMMERCE,BUILDING,PENNSYLVANIA,Philadelphia,Philadelphia,"S. 2nd St., between Pine and Lombard Sts.",https://catalog.archives.gov/id/71994333,11/13/66,11/13/66, Head House Market,,66000686
84003090,,Oakmont Country Club Historic District,Listed,Single,FALSE,218, LANDSCAPE ARCHITECTURE; ENTERTAINMENT/RECREATION,DISTRICT,PENNSYLVANIA,Allegheny,Oakmont,Hulton Rd.,https://catalog.archives.gov/id/71994253,8/17/84,6/30/87,,,84003090
66000644,,Old Economy,Listed,Single,FALSE,5, COMMERCE; RELIGION; SOCIAL HISTORY,DISTRICT,PENNSYLVANIA,Beaver,Ambridge,NE of Pittsburgh on PA 65,https://catalog.archives.gov/id/71994131,10/15/66,6/23/65, Old Economy Village,,66000644
72001142,,Old Waterworks,Listed,Single,FALSE,6.2, INDUSTRY; ENGINEERING,BUILDING,PENNSYLVANIA,Northampton,Bethlehem,Within Historic Subdistrict A near Monocacy Creek,https://catalog.archives.gov/id/71994658,6/19/72,5/29/81, 1762 Waterworks,,72001142
66000659,,"Old West, Dickinson College",Listed,Single,FALSE,8, ARCHITECTURE,BUILDING,PENNSYLVANIA,Cumberland,Carlisle,Dickinson College campus,https://catalog.archives.gov/id/71994159,10/15/66,6/13/62,,,66000659
74001765,,"Packer, Asa, Mansion",Listed,Single,FALSE,0.9, INDUSTRY; COMMERCE; ARCHITECTURE; SOCIAL HISTORY,BUILDING,PENNSYLVANIA,Carbon,Jim Thorpe,Packer Rd.,https://catalog.archives.gov/id/71995974,12/30/74,2/4/85,,,74001765
66000687,,"Peale, Charles Willson, House",Listed,Single,FALSE,8.4, ART,DISTRICT,PENNSYLVANIA,Philadelphia,Philadelphia,2100 Clarkson Ave.,https://catalog.archives.gov/id/71994323,10/15/66,12/21/65, Belfield,,66000687
71000731,,Pennsylvania Academy of the Fine Arts,Listed,Single,FALSE,0.9, ART; ARCHITECTURE,BUILDING,PENNSYLVANIA,Philadelphia,Philadelphia,SW corner of Broad and Cherry Sts.,https://catalog.archives.gov/id/71997072,5/27/71,5/15/75,,,71000731
66000688,,Pennsylvania Hospital,Listed,Single,FALSE,2.6, HEALTH/MEDICINE; SOCIAL HISTORY,BUILDING,PENNSYLVANIA,Philadelphia,Philadelphia,8th and Spruce Sts.,https://catalog.archives.gov/id/71994347,10/15/66,6/22/65,,,66000688
13000287,,Pennsylvania State Capitol Complex (Boundary Revision),Listed,Single,FALSE,,,DISTRICT,PENNSYLVANIA,Dauphin,Harrisburg,"Roughly bounded by 3rd and 7th, North and Walnut Streets",,2/27/13,2/27/13,,,13000287
76001666,,Philadelphia City Hall,Listed,Single,FALSE,3.5, ART; POLITICS/GOVERNMENT; ARCHITECTURE,BUILDING,PENNSYLVANIA,Philadelphia,Philadelphia,"Penn Sq., Broad and Market Sts.",https://catalog.archives.gov/id/71994311,12/8/76,12/8/76, Public Buildings,,76001666
71000732,,Philadelphia Contributionship,Listed,Single,FALSE,1, COMMERCE; ARCHITECTURE; SOCIAL HISTORY,BUILDING,PENNSYLVANIA,Philadelphia,Philadelphia,212 S. 4th St.,https://catalog.archives.gov/id/71997172,5/27/71,12/22/77,,,71000732
76001667,,Philadelphia Savings Fund Society Building,Listed,Single,FALSE,0.9, ENGINEERING; ARCHITECTURE,BUILDING,PENNSYLVANIA,Philadelphia,Philadelphia,12 S. 19th St.,https://catalog.archives.gov/id/71994293,12/8/76,12/8/76,,,76001667
93001608,,Philadelphia School of Design for Women,Listed,Single,FALSE,0.9, ART; EDUCATION; SOCIAL HISTORY,BUILDING,PENNSYLVANIA,Philadelphia,Philadelphia,1346 N. Broad St.,https://catalog.archives.gov/id/71994339,11/4/93,11/4/93, Moore College of Art;Forrest House;Gaul-Forrest House,,93001608
66000694,,"Pinchot, Gifford, House",Listed,Single,FALSE,130, CONSERVATION,DISTRICT,PENNSYLVANIA,Pike,Milford,W edge of Milford,https://catalog.archives.gov/id/71994243,10/15/66,5/23/63, Grey Towers;The Pinchot Institute,,66000694
66000689,,"Poe, Edgar Allan, House, National Historic Site",Listed,Single,FALSE,0.5, LITERATURE,BUILDING,PENNSYLVANIA,Philadelphia,Philadelphia,530-532 N. Seventh St.,https://catalog.archives.gov/id/71997516,10/15/66,12/29/62, Edgar Allen Poe National Historic Landmark;Edgar Allen Poe N,Edgar Allan Poe,66000689
66000667,,"Powderly, Terence V., House",Listed,Single,FALSE,0.9, SOCIAL HISTORY,BUILDING,PENNSYLVANIA,Lackawanna,Scranton,614 N. Main St.,https://catalog.archives.gov/id/71994407,10/15/66,5/23/66,,,66000667
66000673,,"Priestley, Joseph, House",Listed,Single,FALSE,1.1, SCIENCE,BUILDING,PENNSYLVANIA,Northumberland,Northumberland,Priestley Ave.,https://catalog.archives.gov/id/71994251,10/15/66,1/12/65,,,66000673
66000661,,"Printzhof, The",Listed,Single,FALSE,7, HISTORIC - NON-ABORIGINAL; POLITICS/GOVERNMENT,SITE,PENNSYLVANIA,Delaware,Essington,Taylor Ave. and 2nd St.,https://catalog.archives.gov/id/71994189,10/15/66,11/5/61, Governor Printz Park,,66000661
93001614,,Pulpit Rocks,Listed,Single,FALSE,4.5, SCIENCE,SITE,PENNSYLVANIA,Huntingdon,Huntingdon,Old Huntingdon--Hollidaysburg Tpk.,https://catalog.archives.gov/id/71994217,11/4/93,11/4/93,,,93001614
75001615,,"Quay, Matthew S., House",Listed,Single,FALSE,0.9, POLITICS/GOVERNMENT,BUILDING,PENNSYLVANIA,Beaver,Beaver,205 College Ave.,https://catalog.archives.gov/id/71994139,5/15/75,5/15/75,,,75001615
93001610,,Race Street Friends Meetinghouse,Listed,Single,FALSE,0.9, RELIGION; SOCIAL HISTORY,BUILDING,PENNSYLVANIA,Philadelphia,Philadelphia,1515 Cherry St.,https://catalog.archives.gov/id/71994367,11/4/93,11/4/93,,,93001610
72001170,,Reading Terminal and Trainshed,Listed,Single,FALSE,4.1, COMMERCE; ENGINEERING; TRANSPORTATION; ARCHITECTURE,BUILDING,PENNSYLVANIA,Philadelphia,Philadelphia,1115-1141 Market St.,https://catalog.archives.gov/id/71997152,6/30/72,12/8/76, Philadelphia and Reading Railroad:Terminal Station and Train,,72001170
67000020,,Reynolds-Morris House,Listed,Single,FALSE,0.8, ARCHITECTURE,BUILDING,PENNSYLVANIA,Philadelphia,Philadelphia,225 S. 8th St.,https://catalog.archives.gov/id/71994267,12/24/67,12/24/67,,,67000020
92001878,,RittenhouseTown Historic District,Listed,Single,FALSE,84, INDUSTRY; SCIENCE,DISTRICT,PENNSYLVANIA,Philadelphia,Philadelphia,206--210 Lincoln Dr.,https://catalog.archives.gov/id/71994349,4/27/92,4/27/92,,,92001878
11000630,,Schaeffer House,Listed,Single,FALSE,,,BUILDING,PENNSYLVANIA,Lebanon,"Schaefferstown, Heidelberg Township",Intersection of PA 501 & PA 897,,7/25/11,7/25/11,,,11000630
66000665,,"Searights Tollhouse, National Road",Listed,Single,FALSE,0.9, TRANSPORTATION; COMMUNICATIONS,BUILDING,PENNSYLVANIA,Fayette,Uniontown,W of Uniontown off U.S. 40,https://catalog.archives.gov/id/71994417,10/15/66,1/29/64,,,66000665
87001293,,Second Bank of the United States,Listed,Single,FALSE,0.9, ECONOMICS; LAW; POLITICS/GOVERNMENT; ARCHITECTURE,BUILDING,PENNSYLVANIA,Philadelphia,Philadelphia,420 Chestnut St.,https://catalog.archives.gov/id/71994299,5/4/87,5/4/87, Old Custom House;See Also:Independence National Historical P,Independence,87001293
67000018,,Seventeen-hundred-and-four House,Listed,Single,FALSE,3, ARCHITECTURE,BUILDING,PENNSYLVANIA,Delaware,Dilworthtown,"Oakland Rd., near jct. of U.S. 202 and CR 15199",https://catalog.archives.gov/id/71994175,12/24/67,12/24/67, William Brinton House,,67000018
74001745,,Smithfield Street Bridge,Listed,Single,FALSE,1, ENGINEERING,STRUCTURE,PENNSYLVANIA,Allegheny,Pittsburgh,Smithfield St. at the Monongahela River,https://catalog.archives.gov/id/71997800,3/21/74,5/11/76,,,74001745
80003620,,"South, George W., Memorial Protestant Episcopal Church of the Advocate",Listed,Single,FALSE,1, ARCHITECTURE; SOCIAL HISTORY,BUILDING,PENNSYLVANIA,Philadelphia,Philadelphia,18th and Diamond Sts.,https://catalog.archives.gov/id/71997380,2/8/80,6/19/96,,,80003620
77001135,,St. Mark's Episcopal Church,Listed,Single,FALSE,1, ARCHITECTURE,BUILDING,PENNSYLVANIA,Carbon,Jim Thorpe,Race and Susquehanna Sts.,https://catalog.archives.gov/id/71995968,7/26/77,12/23/87,,,77001135
82003815,,St. Mark's Episcopal Church,Listed,Single,FALSE,0.5, ARCHITECTURE,BUILDING,PENNSYLVANIA,Philadelphia,Philadelphia,1607--27 Locust St.,https://catalog.archives.gov/id/71994285,4/19/82,2/4/85,,,82003815
96000969,,St. Peter's Church,Listed,Single,FALSE,1.7, ARCHITECTURE; RELIGION; SOCIAL HISTORY,BUILDING,PENNSYLVANIA,Philadelphia,Philadelphia,Jct. of 3rd and Pine Sts.,https://catalog.archives.gov/id/71994315,6/18/96,6/18/96, Old St. Peter's Church;See Also:Society Hill Historic Distri,,96000969
94001187,,Staple Bend Tunnel,Listed,Multiple,FALSE,2, TRANSPORTATION; ENGINEERING,STRUCTURE,PENNSYLVANIA,Cambria,Conemaugh Township,Jct. of PA 3035 and Mineral Pt.,https://catalog.archives.gov/id/71994171,4/19/94,4/19/94, Allegheny Portage Railroad Tunnel,,94001187
77001162,,"State Capitol Building, Pennsylvania",Listed,Single,FALSE,4, ART; POLITICS/GOVERNMENT; ARCHITECTURE,BUILDING,PENNSYLVANIA,Dauphin,Harrisburg,"Third, Walnut, Commonwealth and North Sts.",https://catalog.archives.gov/id/71995785,9/14/77,9/20/06, Main Capitol Building,,77001162
66000690,,Stenton,Listed,Single,FALSE,4, SCIENCE; ARCHITECTURE,BUILDING,PENNSYLVANIA,Philadelphia,Philadelphia,18th and Courtland Sts.,https://catalog.archives.gov/id/71994317,10/15/66,1/12/65, James Logan Home;Stenton Mansion,,66000690
66000668,,Stiegel-Coleman House,Listed,Single,FALSE,85, INDUSTRY; COMMERCE,BUILDING,PENNSYLVANIA,Lancaster,Brickerville,PA 501 and U.S. 322,https://catalog.archives.gov/id/71994235,11/13/66,11/13/66, Elizabeth Farms,,66000668
66000691,,"Sully, Thomas, Residence",Listed,Single,FALSE,0.1, ART,BUILDING,PENNSYLVANIA,Philadelphia,Philadelphia,530 Spruce St.,https://catalog.archives.gov/id/71994325,10/15/66,12/21/65,,,66000691
71000685,,Summerseat,Listed,Single,FALSE,2, POLITICS/GOVERNMENT,BUILDING,PENNSYLVANIA,Bucks,Morrisville,Clymer St. and Morris Ave.,https://catalog.archives.gov/id/71994249,7/17/71,7/17/71, George Clymer House;Thomas Barclay House;Summerseat School,,71000685
76001672,,"Tanner, Henry O., House",Listed,Single,FALSE,0.9, ART; BLACK,BUILDING,PENNSYLVANIA,Philadelphia,Philadelphia,2908 W. Diamond St.,https://catalog.archives.gov/id/71994327,5/11/76,5/11/76,,,76001672
71000709,,"Taylor, George, House",Listed,Single,FALSE,5, POLITICS/GOVERNMENT,BUILDING,PENNSYLVANIA,Lehigh,Catasauqua,Front St.,https://catalog.archives.gov/id/71994161,7/17/71,7/17/71, George Taylor Mansion,,71000709
91002052,,"Thomas, M. Carey, Library, Bryn Mawr College",Listed,Single,FALSE,1, EDUCATION; SOCIAL HISTORY,BUILDING,PENNSYLVANIA,Montgomery,Bryn Mawr,"Bounded by Morris, Yarrow, Wyndon and New Gulph Rds., Bryn Mawr College campus",https://catalog.archives.gov/id/71994155,7/17/91,7/17/91,,,91002052
72001173,,U.S. Naval Home,Listed,Single,FALSE,20, MILITARY; ARCHITECTURE; SOCIAL HISTORY,BUILDING,PENNSYLVANIA,Philadelphia,Philadelphia,Gray's Ferry Ave. at 24th St.,https://catalog.archives.gov/id/71997348,8/21/72,1/7/76, Naval Asylum,,72001173
66000692,,U.S.S. OLYMPIA,Listed,Single,FALSE,0.9, MILITARY,STRUCTURE,PENNSYLVANIA,Philadelphia,Philadelphia,"Pier 40, at foot of Chestnut St.",https://catalog.archives.gov/id/71994357,10/15/66,1/29/64,,,66000692
74001792,,Union Canal Tunnel,Listed,Single,FALSE,8.7, TRANSPORTATION; ENGINEERING; COMMERCE,STRUCTURE,PENNSYLVANIA,Lebanon,Lebanon,W of Lebanon off PA 72,https://catalog.archives.gov/id/71996213,10/1/74,4/19/94, Old Tunnel;Old Canal Tunnel,,74001792
78002458,,USS BECUNA (SS-319),Listed,Single,FALSE,0.9, MILITARY; ENGINEERING,STRUCTURE,PENNSYLVANIA,Philadelphia,Philadelphia,"Penn's Landing, Delaware Ave. & Spruce St.",https://catalog.archives.gov/id/71997470,8/29/78,1/14/86," USS BECUNA,Penn's Landing",,78002458
66000657,,Valley Forge National Historical Park,Listed,Single,FALSE,2515, MILITARY,DISTRICT,PENNSYLVANIA,Chester,Norristown,Valley Forge State Park,https://catalog.archives.gov/id/71998462,10/15/66,1/20/61," See Also:Von Steuben, Gen. Frederick, Headquarters;Washingto",Valley Forge,66000657
72001108,,"Von Steuben, Gen. Frederick, Headquarters",Listed,Single,FALSE,0, MILITARY,BUILDING,PENNSYLVANIA,Chester,Valley Forge State Park,PA 23,https://catalog.archives.gov/id/71994423,11/28/72,11/28/72,,Valley Forge,72001108
100000839,NL,W. A. Young and Sons Foundry and Machine Shop,Listed,NHL,FALSE,0.2,,,PENNSYLVANIA,Greene,Rices Landing,116 Water st.,,,12/23/16,,,100000839
89000361,,Wagner Free Institute of Science,Listed,Single,FALSE,0.9, SOCIAL HISTORY; ARCHITECTURE; SCIENCE; EDUCATION,BUILDING,PENNSYLVANIA,Philadelphia,Philadelphia,17th St. and Montgomery Ave.,https://catalog.archives.gov/id/71994341,5/17/89,12/14/90,,,89000361
66000693,,Walnut Street Theatre,Listed,Single,FALSE,0.9, PERFORMING ARTS,BUILDING,PENNSYLVANIA,Philadelphia,Philadelphia,9th and Walnut Sts.,https://catalog.archives.gov/id/71994385,10/15/66,12/29/62,,,66000693
78002459,,"Wanamaker, John, Store",Listed,Single,FALSE,2.3, COMMERCE; PERFORMING ARTS,BUILDING,PENNSYLVANIA,Philadelphia,Philadelphia,Juniper and Market Sts.,https://catalog.archives.gov/id/71994337,6/2/78,6/2/78,,,78002459
66000650,,Washington Crossing State Park,Listed,Single,FALSE,0, MILITARY,SITE,PENNSYLVANIA,Bucks,Yardley,"Between Yardley and New Hope, on the Delaware River",,10/15/66,1/1/61,,,66000650
73001655,,Washington's Headquarters,Listed,Single,FALSE,0, MILITARY,BUILDING,PENNSYLVANIA,Montgomery,Valley Forge State Park,Valley Creek Rd. near jct. of PA 252 and 23,https://catalog.archives.gov/id/71994425,2/11/73,2/11/73, Isaac Potts House,Valley Forge,73001655
73001603,,Waynesborough,Listed,Single,FALSE,14, MILITARY,BUILDING,PENNSYLVANIA,Chester,Paoli,2049 Waynesborough Rd.,https://catalog.archives.gov/id/71995399,3/7/73,11/28/72, Gen. Anthony Wayne House,,73001603
66000646,,"Weiser, Conrad, House",Listed,Single,FALSE,26, NATIVE AMERICAN; POLITICS/GOVERNMENT,BUILDING,PENNSYLVANIA,Berks,Womelsdorf,2 mi. E of Womelsdorf,https://catalog.archives.gov/id/71994433,10/15/66,10/9/60,,,66000646
66000662,,"West, Benjamin, Birthplace",Listed,Single,FALSE,0.7, ART,BUILDING,PENNSYLVANIA,Delaware,Swarthmore,Swarthmore College campus,https://catalog.archives.gov/id/71994411,10/15/66,12/21/65,,,66000662
67000021,,Woodford,Listed,Single,FALSE,9.5, ARCHITECTURE,BUILDING,PENNSYLVANIA,Philadelphia,Philadelphia,East Fairmount Park,https://catalog.archives.gov/id/71994269,12/24/67,12/24/67,,,67000021
67000022,,"Woodlands, The",Listed,Single,FALSE,53.1, ARCHITECTURE,BUILDING,PENNSYLVANIA,Philadelphia,Philadelphia,40th St. and Woodland Ave.,https://catalog.archives.gov/id/71994303,12/24/67,12/24/67,,,67000022
98001192,,Woodmont,Listed,Single,FALSE,64.8, ARCHITECTURE; SOCIAL HISTORY; RELIGION,BUILDING,PENNSYLVANIA,Montgomery,Gladwyne,1622 Spring Mill Rd.,https://catalog.archives.gov/id/71994197,8/5/98,8/5/98, The Mount of the House of Lord,,98001192
71000736,,Wyck House,Listed,Single,FALSE,0.9, ARCHITECTURE,BUILDING,PENNSYLVANIA,Philadelphia,Philadelphia,6026 Germantown Ave.,https://catalog.archives.gov/id/71997022,10/26/71,12/14/90,,,71000736
97001680,,"Wyeth, N.C., House and Studio",Listed,Single,FALSE,18, ART,DISTRICT,PENNSYLVANIA,Delaware,Chadds Ford Township,Murphy Road,https://catalog.archives.gov/id/71994165,12/9/97,12/9/97, See also: Chadds Ford Historic District,,97001680
92001671,,Caguana Ceremonial Ball Courts Site,Listed,Single,FALSE,7, ARCHITECTURE; HISTORIC - ABORIGINAL; PREHISTORIC; RELIGION,SITE,PUERTO RICO,Utuado,Utuado,"PR 11, Km. 12.3",https://catalog.archives.gov/id/131518382,12/17/92,11/4/93, Caguana Site,,92001671
84003155,,Caparra,Listed,Single,TRUE,3, EXPLORATION/SETTLEMENT; HISTORIC - NON-ABORIGINAL,SITE,PUERTO RICO,Guaynabo,Guaynabo,Address Restricted,,2/28/84,4/19/94, Ruinas de Caparra;Ciudad de Puerto Rico,,84003155
11000414,,Casa Dra. Concha Melendez Ramirez,Listed,Single,FALSE,0.9, LITERATURE,BUILDING,PUERTO RICO,San Juan,San Juan,1400 Vila Mayo,https://catalog.archives.gov/id/131518655,6/30/11,2/27/13, Casa Biblioteca Dra. Concha Melendez Ramirez,,11000414
66000951,,La Fortaleza,Listed,Single,FALSE,1.6, MILITARY; POLITICS/GOVERNMENT,BUILDING,PUERTO RICO,San Juan,San Juan,"Calle Fortaleza, San Juan Island between San Juan Bay and Calle Recinto Oeste",https://catalog.archives.gov/id/131518380,10/15/66,10/9/60,,,66000951
13000284,,Old San Juan Historic District/Distrito Historico del Viejo San Juan NHL,Listed,Single,FALSE,,,DISTRICT,PUERTO RICO,San Juan,San Juan,Western corner of San Juan Islet,,2/27/13,2/27/13,,,13000284
93001593,,SS ANTONIO LOPEZ Shipwreck Site and Remains,Listed,Single,TRUE,4, HISTORIC - ABORIGINAL; COMMERCE; MILITARY; TRANSPORTATION; ENGINEERING; ARCHITECTURE,SITE,PUERTO RICO,Dorado,Dorado,Address Restricted,,2/9/94,12/9/97,,,93001593
76000040,,"Aldrich, Nelson W., House",Listed,Single,FALSE,1, ECONOMICS; POLITICS/GOVERNMENT,BUILDING,RHODE ISLAND,Providence,Providence,110 Benevolent St.,https://catalog.archives.gov/id/41374775,12/8/76,12/8/76,,,76000040
71000029,,"Arcade, The",Listed,Single,FALSE,0.9, COMMERCE; ARCHITECTURE,BUILDING,RHODE ISLAND,Providence,Providence,130 Westminster St. and 65 Weybosset St.,https://catalog.archives.gov/id/41375586,5/6/71,5/11/76,,,71000029
68000006,,"Arnold, Eleazer, House",Listed,Single,FALSE,0.5, ARCHITECTURE,BUILDING,RHODE ISLAND,Providence,Lincoln,Great Rd. (RI 123) near jct. with RI 126,https://catalog.archives.gov/id/41374767,11/24/68,11/24/68,,,68000006
74002054,,Battle of Rhode Island Site,Listed,Single,FALSE,399, MILITARY; BLACK,SITE,RHODE ISLAND,Newport,Portsmouth,Lehigh Hill and both sides of RI 21 between Medley and Dexter Sts.,https://catalog.archives.gov/id/41374753,5/30/74,5/30/74, Battle of Rhode Island Historic District,,74002054
97001276,,"Bell, Isaac, Jr., House",Listed,Single,FALSE,1, ARCHITECTURE,BUILDING,RHODE ISLAND,Newport,Newport,70 Perry St.,https://catalog.archives.gov/id/41374747,9/25/97,9/25/97, Edna Villa,,97001276
72000023,,Bellevue Avenue Historic District,Listed,Single,FALSE,606, LANDSCAPE ARCHITECTURE; COMMERCE; ARCHITECTURE; SOCIAL HISTORY,DISTRICT,RHODE ISLAND,Newport,Newport,"Roughly bounded Atlantic Ocean, Easton Bay, Coggeshall Ave.,Spring St., and Memorial Blvd.",https://catalog.archives.gov/id/41374731,12/8/72,5/11/76, Ochre Point/Cliffs Historic District,,72000023
97001264,,Block Island South East Light,Listed,Single,FALSE,10, ARCHITECTURE; TRANSPORTATION; MARITIME HISTORY,STRUCTURE,RHODE ISLAND,Washington,New Shoreham,South East Light Rd.,,9/25/97,9/25/97, South East Light;Southeast Light,,97001264
71000019,,"Breakers, The",Listed,Single,FALSE,13.1, ARCHITECTURE; SOCIAL HISTORY,BUILDING,RHODE ISLAND,Newport,Newport,Ochre Point Ave.,https://catalog.archives.gov/id/41375090,9/10/71,10/12/94," Vanderbilt, (Cornelius, II), House",,71000019
66000019,,Brick Market,Listed,Single,FALSE,0.9, ARCHITECTURE,BUILDING,RHODE ISLAND,Newport,Newport,Thames St. & Washington Sq.,https://catalog.archives.gov/id/41374727,10/15/66,10/9/60,,,66000019
68000007,,"Brown, John, House",Listed,Single,FALSE,2, ARCHITECTURE,BUILDING,RHODE ISLAND,Providence,Providence,52 Power St.,https://catalog.archives.gov/id/41374763,11/24/68,11/24/68,,,68000007
68000002,,Chateau-sur-Mer,Listed,Single,FALSE,20, ARCHITECTURE,BUILDING,RHODE ISLAND,Newport,Newport,424 Bellevue Ave.,https://catalog.archives.gov/id/41375056,11/8/68,2/17/06, Wetmore House,,68000002
93000605,,Cocumscussoc Archeological Site,Listed,Single,TRUE,1.8, HISTORIC - ABORIGINAL,SITE,RHODE ISLAND,Washington,Wickford,Address Restricted,,4/12/93,4/12/93, Smith's Castle;RI-375,,93000605
70000019,AD,College Hill Historic District,Listed,Add.Doc.,FALSE,486, INDUSTRY; COMMERCE; ART; EDUCATION; EXPLORATION/SETTLEMENT; POLITICS/GOVERNMENT; ARCHITECTURE; SOCIAL HISTORY,district,RHODE ISLAND,Providence,Providence,"Roughly bounded by Olney, Canal, S Water, Governor, Williams & Hope Sts., Providence R. & Harbor",,11/10/70,12/30/70, See Also: Nightingale--Brown House,,70000019
70000020,,Corliss-Carrington House,Listed,Single,FALSE,0.9, ARCHITECTURE,BUILDING,RHODE ISLAND,Providence,Providence,66 Williams St.,https://catalog.archives.gov/id/41374755,12/30/70,12/30/70,,,70000020
76000045,MP,Crescent Park Carousel,Listed,Multiple,FALSE,0.9, ART; ENTERTAINMENT/RECREATION; ARCHITECTURE,STRUCTURE,RHODE ISLAND,Providence,East Providence,Bullock's Point Ave.,https://catalog.archives.gov/id/41374536,4/21/76,2/27/87, Crescent Park Looff Carousel and Shelter Building,,76000045
71000021,,"Elms, The",Listed,Single,FALSE,10.4, LANDSCAPE ARCHITECTURE; EDUCATION; ARCHITECTURE,BUILDING,RHODE ISLAND,Newport,Newport,Bellevue Ave.,https://catalog.archives.gov/id/41375040,9/10/71,6/19/96, Berwind (Edward J.) House,,71000021
66000017,,First Baptist Meetinghouse,Listed,Single,FALSE,1.1, ARCHITECTURE,BUILDING,RHODE ISLAND,Providence,Providence,"N. Main St., between Thomas and Waterman Sts.",https://catalog.archives.gov/id/41374759,10/15/66,10/9/60,,,66000017
92001886,,Fleur-de-Lis Studios,Listed,Single,FALSE,0.9, ARCHITECTURE; ART,BUILDING,RHODE ISLAND,Providence,Providence,7 Thomas St.,https://catalog.archives.gov/id/41374769,10/5/92,10/5/92, Sydney Burleigh Studio,,92001886
80000019,,Flying Horse Carousel,Listed,Single,FALSE,0.9, ART; ENTERTAINMENT/RECREATION,BUILDING,RHODE ISLAND,Washington,Westerly,Bay St.,https://catalog.archives.gov/id/41375833,1/11/80,2/27/87, Watch Hill Carousel,,80000019
70000014,,Fort Adams,Listed,Single,FALSE,80, MILITARY; ENGINEERING; ARCHITECTURE,DISTRICT,RHODE ISLAND,Newport,Newport,W of Newport at Fort Adams Rd. and Harrison Ave.,https://catalog.archives.gov/id/41375036,7/28/70,12/8/76, Fort Adams Historic District,,70000014
71000014,,"Greene, Gen. Nathanael, Homestead",Listed,Single,FALSE,13.9, MILITARY,BUILDING,RHODE ISLAND,Kent,Coventry,20 Taft St.,https://catalog.archives.gov/id/41374901,10/7/71,11/28/72,,,71000014
71000023,,"Griswold, John, House",Listed,Single,FALSE,2, ART; ARCHITECTURE,BUILDING,RHODE ISLAND,Newport,Newport,76 Bellevue Ave,https://catalog.archives.gov/id/41375010,11/5/71,5/16/00, The Art Association of Newport,,71000023
70000022,,"Hopkins, Gov. Stephen, House",Listed,Single,FALSE,0.5, POLITICS/GOVERNMENT,BUILDING,RHODE ISLAND,Providence,Providence,15 Hopkins St.,https://catalog.archives.gov/id/41375137,4/3/70,11/11/71, Stephen Hopkins House,,70000022
68000003,,Hunter House,Listed,Single,FALSE,2, ARCHITECTURE,BUILDING,RHODE ISLAND,Newport,Newport,54 Washington St.,https://catalog.archives.gov/id/41374711,11/24/68,11/24/68, Nichols--Wanton--Hunter House,,68000003
70000023,,"Ives, Thomas P., House",Listed,Single,FALSE,1, ARCHITECTURE,BUILDING,RHODE ISLAND,Providence,Providence,66 Power St.,https://catalog.archives.gov/id/41374757,12/30/70,12/30/70,,,70000023
70000024,,"King, Edward, House",Listed,Single,FALSE,4, ARCHITECTURE,BUILDING,RHODE ISLAND,Newport,Newport,"Aquidneck Park, Spring St.",https://catalog.archives.gov/id/41375098,10/15/70,12/30/70, Senior Citizens Center,,70000024
73000058,,Kingscote,Listed,Single,FALSE,0.9, ARCHITECTURE,BUILDING,RHODE ISLAND,Newport,Newport,Bellevue Ave. and Bowery St.,https://catalog.archives.gov/id/41374985,5/17/73,6/19/96,,,73000058
72000043,,"Lippitt, Gov. Henry, House",Listed,Single,FALSE,0.9, ARCHITECTURE,BUILDING,RHODE ISLAND,Providence,Providence,199 Hope St.,https://catalog.archives.gov/id/41375239,11/27/72,5/11/76,,,72000043
71000025,,Marble House,Listed,Single,FALSE,4.3, ARCHITECTURE; SOCIAL HISTORY,BUILDING,RHODE ISLAND,Newport,Newport,596 Bellevue Ave.,https://catalog.archives.gov/id/41375076,9/10/71,2/17/06, Vanderbilt (William K.) House,,71000025
70000083,,Newport Casino,Listed,Single,FALSE,8, LANDSCAPE ARCHITECTURE; ART; ENTERTAINMENT/RECREATION; ARCHITECTURE,BUILDING,RHODE ISLAND,Newport,Newport,194 Bellevue Ave.,https://catalog.archives.gov/id/41375102,12/2/70,2/27/87, Newport Casino National Historic Landmark,,70000083
68000001,AD,Newport Historic District (Additional Documentation),Listed,Add.Doc.,FALSE,250, ARCHITECTURE; COMMERCE; ARCHEOLOGY-HISTORIC NON-ABORIGINAL,district,RHODE ISLAND,Newport,Newport,"Bounded roughly by Van Zandt and Bellevue Aves., Broadway, Newport Harbor, Thames, Pope, William, Bull, and Kingston Sts.",https://catalog.archives.gov/id/41375046,11/24/68,11/24/68,,,68000001
89001242,,Nightingale-Brown House,Listed,Single,FALSE,0, INDUSTRY; LANDSCAPE ARCHITECTURE; COMMERCE; ECONOMICS; ARCHITECTURE,BUILDING,RHODE ISLAND,Providence,Providence,357 Benefit St.,https://catalog.archives.gov/id/41374773,6/29/89,6/29/89, See Also: College Hill Historic District,,89001242
76000048,,Ocean Drive Historic District,Listed,Single,FALSE,1509, COMMUNITY PLANNING AND DEVELOPMENT; LANDSCAPE ARCHITECTURE; CONSERVATION; ARCHITECTURE; SOCIAL HISTORY,DISTRICT,RHODE ISLAND,Newport,Newport,Ocean Dr.,https://catalog.archives.gov/id/41375052,5/11/76,5/11/76,,,76000048
66000014,,Old Colony House,Listed,Single,FALSE,0.9, POLITICS/GOVERNMENT; ARCHITECTURE,BUILDING,RHODE ISLAND,Newport,Newport,Washington Sq.,https://catalog.archives.gov/id/41374737,10/15/66,10/9/60, Old Statehouse,,66000014
66000001,,Old Slater Mill,Listed,Single,FALSE,4.2, INDUSTRY; INVENTION,DISTRICT,RHODE ISLAND,Providence,Pawtucket,Roosevelt Ave.,https://catalog.archives.gov/id/41374777,11/13/66,11/13/66, Slater Mill Historic Site,,66000001
66000015,,Redwood Library,Listed,Single,FALSE,1.5, ARCHITECTURE,BUILDING,RHODE ISLAND,Newport,Newport,50 Bellevue Ave.,https://catalog.archives.gov/id/41374723,10/15/66,10/9/60,,,66000015
72000017,,"Reynolds, Joseph, House",Listed,Single,FALSE,0.9, MILITARY; ARCHITECTURE,BUILDING,RHODE ISLAND,Bristol,Bristol,956 Hope St.,https://catalog.archives.gov/id/41374824,5/31/72,7/28/83, Willowmere,,72000017
70000015,,"Sherman, William Watts, House",Listed,Single,FALSE,6, ARCHITECTURE,BUILDING,RHODE ISLAND,Newport,Newport,2 Shepard Ave.,https://catalog.archives.gov/id/41374725,12/30/70,12/30/70, Baptist Home of Rhode Island,,70000015
66000004,,"Stuart, Gilbert, Birthplace",Listed,Single,FALSE,2.1, ART,BUILDING,RHODE ISLAND,Washington,Saunderstown,Gilbert Stuart Rd.,https://catalog.archives.gov/id/41374786,10/15/66,12/21/65,,,66000004
68000004,,Trinity Church,Listed,Single,FALSE,2, ARCHITECTURE,BUILDING,RHODE ISLAND,Newport,Newport,Spring and Church Sts.,https://catalog.archives.gov/id/41374713,11/24/68,11/24/68,,,68000004
71000027,,United Congregational Church,Listed,Single,FALSE,9, ART; ARCHITECTURE; RELIGION,BUILDING,RHODE ISLAND,Newport,Newport,73 Pelham St.,https://catalog.archives.gov/id/41375018,11/19/71,10/16/12,,,71000027
66000003,,"University Hall, Brown University",Listed,Single,FALSE,1.9, EDUCATION; ARCHITECTURE,BUILDING,RHODE ISLAND,Providence,Providence,Brown University Campus,https://catalog.archives.gov/id/41374707,10/15/66,6/13/62,,,66000003
66000876,,US Naval War College,Listed,Single,FALSE,4, MILITARY; EDUCATION,DISTRICT,RHODE ISLAND,Newport,Newport,Coaster's Harbor Island,https://catalog.archives.gov/id/41374751,10/15/66,1/29/64, See Also:Luce Hall,,66000876
68000005,,Vernon House,Listed,Single,FALSE,0.3, ARCHITECTURE,BUILDING,RHODE ISLAND,Newport,Newport,46 Clarke St.,https://catalog.archives.gov/id/41374715,11/24/68,11/24/68,,,68000005
66000016,,Wanton-Lyman-Hazard House,Listed,Single,FALSE,0.5, ARCHITECTURE,BUILDING,RHODE ISLAND,Newport,Newport,17 Broadway,https://catalog.archives.gov/id/41374719,10/15/66,10/9/60,,,66000016
66000698,,"Aiken, William, House and Associated Railroad Structures",Listed,Single,FALSE,20, TRANSPORTATION,DISTRICT,SOUTH CAROLINA,Charleston,Charleston,456 King St.,https://catalog.archives.gov/id/118996830,10/15/66,11/4/63,,,66000698
84002045,,Atalaya,Listed,Single,FALSE,551, ARCHITECTURE; ART,BUILDING,SOUTH CAROLINA,Georgetown,Murrells Inlet,Off US 17,https://catalog.archives.gov/id/118996915,9/7/84,10/5/92, Atalaya Castle;Atalaya and Brookgreen Gardens,,84002045
69000159,,Beaufort Historic District,Listed,Single,FALSE,304, ARCHITECTURE; EXPLORATION/SETTLEMENT; MILITARY; NATIVE AMERICAN; COMMERCE; SOCIAL HISTORY; BLACK; POLITICS/GOVERNMENT; COMMUNITY PLANNING AND DEVELOPMENT,DISTRICT,SOUTH CAROLINA,Beaufort,Beaufort,"Bounded by the Beaufort River, Bladen, Hamar, and Boundary Sts.",https://catalog.archives.gov/id/118997132,12/17/69,11/7/73,,,69000159
85003258,,Bethesda Presbyterian Church,Listed,Single,FALSE,0.9, ARCHITECTURE,BUILDING,SOUTH CAROLINA,Kershaw,Camden,502 Dekalb St.,https://catalog.archives.gov/id/118996923,2/4/85,2/4/85, See Also:City of Camden Historic District,,85003258
73001681,,"Blacklock, William, House",Listed,Single,FALSE,1, ARCHITECTURE,BUILDING,SOUTH CAROLINA,Charleston,Charleston,18 Bull St.,https://catalog.archives.gov/id/118996832,11/7/73,11/7/73,,,73001681
72001224,,Borough House Plantation,Listed,Single,FALSE,140.4, LANDSCAPE ARCHITECTURE; ART; CONSERVATION; MILITARY; AGRICULTURE; LITERATURE; EDUCATION; SCIENCE; POLITICS/GOVERNMENT; ARCHITECTURE,BUILDING,SOUTH CAROLINA,Sumter,Stateburg,"Rt. 261, 0.8 mi. N of intersection of Rt. 261 and SC 76/3   78",https://catalog.archives.gov/id/118998610,3/23/72,6/7/88,,,72001224
66000699,,"Brewton, Miles, House",Listed,Single,FALSE,2, ARCHITECTURE,BUILDING,SOUTH CAROLINA,Charleston,Charleston,27 King St.,https://catalog.archives.gov/id/118996834,10/15/66,10/9/60,,,66000699
66000700,,"Brewton, Robert, House",Listed,Single,FALSE,1, ARCHITECTURE,BUILDING,SOUTH CAROLINA,Charleston,Charleston,71 Church St.,https://catalog.archives.gov/id/118996836,10/15/66,10/9/60,,,66000700
70000580,,Brick House Ruin,Listed,Single,FALSE,0.3, ARCHITECTURE,STRUCTURE,SOUTH CAROLINA,Charleston,Edisto Island,S of Edisto Island,https://catalog.archives.gov/id/118996838,4/15/70,4/15/70," Brick House Ruins,Edisto Island",,70000580
70000559,,"Burt, Armistead, House",Listed,Single,FALSE,3.5, MILITARY; LANDSCAPE ARCHITECTURE; SOCIAL HISTORY; ARCHITECTURE; POLITICS/GOVERNMENT,BUILDING,SOUTH CAROLINA,Abbeville,Abbeville,306 N. Main St.,https://catalog.archives.gov/id/118996957,4/3/70,10/5/92, The Burt (Stark) House,,70000559
66000707,,Camden Battlefield,Listed,Single,FALSE,2000, MILITARY,SITE,SOUTH CAROLINA,Kershaw,Camden,5 mi. N of Camden on U.S. 521 and 601,https://catalog.archives.gov/id/118996925,10/15/66,1/20/61,,,66000707
66000707,AD,Camden Battlefield (Additional Documentation),Returned,Add.Doc.,FALSE,2000, MILITARY,site,SOUTH CAROLINA,Kershaw,Camden,"1606 Flat Rock Rd,",https://catalog.archives.gov/id/118996925,10/15/66,1/20/61,,,66000707
66000707,RS,Camden Battlefield (Additional Documentation),Listed,Resubmission,FALSE,2000, MILITARY,site,SOUTH CAROLINA,Kershaw,Camden,"1606 Flat Rock Rd,",https://catalog.archives.gov/id/118996925,10/15/66,1/20/61,,,66000707
76001710,,Chapelle Administration Building,Listed,Single,FALSE,0.9, NATIVE AMERICAN; ARCHITECTURE,BUILDING,SOUTH CAROLINA,Richland,Columbia,1530 Harden St.,https://catalog.archives.gov/id/118996935,12/8/76,12/8/76, Chapelle Administration Building (J.A. Lankford),,76001710
74001822,,Charlesfort-Santa Elena Site,Listed,Single,TRUE,9, HISTORIC - NON-ABORIGINAL; MILITARY,SITE,SOUTH CAROLINA,Beaufort,Beaufort,Address Restricted,https://catalog.archives.gov/id/118996812,8/7/74,1/3/01, Ribaut Monument;San Marcos;San Felipe;38BU51,,74001822
100011360,NL,Charleston Cigar Factory,Listed,NHL,FALSE,4, INDUSTRY; ARCHITECTURE,building,SOUTH CAROLINA,Charleston,Charleston,701 East Bay Street,,,9/2/24,,,80003658
66000964,,Charleston Historic District,Listed,Single,FALSE,0, ARCHITECTURE,DISTRICT,SOUTH CAROLINA,Charleston,Charleston,"An area roughly bounded by Broad, Bay, S. Battery and Ashley and an area along Church bounded by Cumberland and Chalmers",https://catalog.archives.gov/id/118997297,10/15/66,10/9/60, Old and Historic Charleston;See Also:78002497;84002028;85001,,66000964
73001683,,Circular Congregational Church and Parish House,Listed,Single,FALSE,0.8, ARCHITECTURE,BUILDING,SOUTH CAROLINA,Charleston,Charleston,150 Meeting St.,,11/7/73,11/7/73,,,73001683
66000706,,Coker Experimental Farms,Listed,Single,FALSE,145, AGRICULTURE,SITE,SOUTH CAROLINA,Darlington,Hartsville,W of Hartsville on SC 151,https://catalog.archives.gov/id/118996910,10/15/66,7/19/64, Coker Pedigreed Seed Company,,66000706
71000748,,College of Charleston,Listed,Single,FALSE,4, ARCHITECTURE,BUILDING,SOUTH CAROLINA,Charleston,Charleston,"Glebe, George, St. Philip, and Green Sts.",https://catalog.archives.gov/id/118996844,11/11/71,11/11/71," College of Charleston Complex:Main Building,Library, and Gat",,71000748
66000701,,Drayton Hall,Listed,Single,FALSE,785, ARCHITECTURE,BUILDING,SOUTH CAROLINA,Charleston,Charleston,12 mi. W of Charleston on SC 61,https://catalog.archives.gov/id/118996846,10/15/66,10/9/60," Drayton,John,House",,66000701
69000160,,Exchange and Provost,Listed,Single,FALSE,0.1, COMMERCE; POLITICS/GOVERNMENT; ARCHITECTURE,BUILDING,SOUTH CAROLINA,Charleston,Charleston,E. Bay and Broad Sts.,https://catalog.archives.gov/id/118997333,12/17/69,11/7/73, Custom House and Half-Moon Battery;The Exchange,,69000160
73001685,,Farmers' and Exchange Bank,Listed,Single,FALSE,0, ARCHITECTURE,BUILDING,SOUTH CAROLINA,Charleston,Charleston,141 E. Bay St.,https://catalog.archives.gov/id/118996850,11/7/73,11/7/73,,,73001685
70000585,,Fig Island Site,Listed,Single,TRUE,17.3, PREHISTORIC; ARCHITECTURE; ENGINEERING; EXPLORATION/SETTLEMENT,SITE,SOUTH CAROLINA,Charleston,Edisto,Address Restricted,,10/15/70,3/29/07, 38CH42,,70000585
69000161,,Fireproof Building,Listed,Single,FALSE,0.3, ENGINEERING; ARCHITECTURE,BUILDING,SOUTH CAROLINA,Charleston,Charleston,100 Meeting St.,https://catalog.archives.gov/id/118997342,7/29/69,11/7/73,,,69000161
71000800,,First Baptist Church,Listed,Single,FALSE,2, POLITICS/GOVERNMENT; ARCHITECTURE,BUILDING,SOUTH CAROLINA,Richland,Columbia,1306 Hampton St.,https://catalog.archives.gov/id/118998381,1/25/71,11/7/73,,,71000800
66000708,,Fort Hill,Listed,Single,FALSE,5, POLITICS/GOVERNMENT,BUILDING,SOUTH CAROLINA,Pickens,Clemson,Clemson University campus,https://catalog.archives.gov/id/118996933,10/15/66,12/19/60, John C. Calhoun Mansion and Library,,66000708
70000575,,"Gibbes, William, House",Listed,Single,FALSE,0.5, ARCHITECTURE,BUILDING,SOUTH CAROLINA,Charleston,Charleston,64 S. Battery,https://catalog.archives.gov/id/118996854,4/15/70,4/15/70,,,70000575
78002491,,Graniteville Historic District,Listed,Single,FALSE,55, INDUSTRY; COMMUNITY PLANNING AND DEVELOPMENT; SOCIAL HISTORY,DISTRICT,SOUTH CAROLINA,Aiken,Graniteville,SC 19 and Gregg St.,https://catalog.archives.gov/id/118996808,6/2/78,6/2/78,,,78002491
70000595,,"Hall, Ainsley, House",Listed,Single,FALSE,4, LANDSCAPE ARCHITECTURE; EDUCATION; ARCHITECTURE; RELIGION,BUILDING,SOUTH CAROLINA,Richland,Columbia,1616 Blanding St.,https://catalog.archives.gov/id/118998389,7/16/70,11/7/73, Robert Mills Historic House and Park,,70000595
70000582,,Hampton Plantation,Listed,Single,FALSE,300, ARCHITECTURE,BUILDING,SOUTH CAROLINA,Charleston,McClellanville,1950 Rutledge Rd.,https://catalog.archives.gov/id/118996856,4/15/70,4/15/70, Hampton Plantation House,,70000582
71000749,,"Heyward, Dubose, House",Listed,Single,FALSE,0.3, LITERATURE,BUILDING,SOUTH CAROLINA,Charleston,Charleston,76 Church St.,https://catalog.archives.gov/id/118996858,11/11/71,11/11/71,,,71000749
70000576,,Heyward-Washington House,Listed,Single,FALSE,1, POLITICS/GOVERNMENT; ARCHITECTURE,BUILDING,SOUTH CAROLINA,Charleston,Charleston,87 Church St.,https://catalog.archives.gov/id/118996860,4/15/70,4/15/70,,,70000576
73001686,,Hibernian Hall,Listed,Single,FALSE,1, POLITICS/GOVERNMENT,BUILDING,SOUTH CAROLINA,Charleston,Charleston,105 Meeting St.,https://catalog.archives.gov/id/118996862,11/7/73,11/7/73,,,73001686
73001732,,Holy Cross Episcopal Church,Listed,Single,FALSE,2, ARCHITECTURE,BUILDING,SOUTH CAROLINA,Sumter,Stateburg,SC 261,https://catalog.archives.gov/id/118996945,11/7/73,11/7/73, Church of the Holy Cross,,73001732
71000782,,Hopsewee,Listed,Single,FALSE,35, POLITICS/GOVERNMENT; ARCHITECTURE,BUILDING,SOUTH CAROLINA,Georgetown,Georgetown,12 mi. S of Georgetown on U.S. 17,https://catalog.archives.gov/id/118997770,1/25/71,11/11/71," Thomas Lynch,Jr.,Birthplace;Hopsewee-on-the-Santee",,71000782
73001687,,Huguenot Church,Listed,Single,FALSE,0.8, ARCHITECTURE,BUILDING,SOUTH CAROLINA,Charleston,Charleston,136 Church St.,https://catalog.archives.gov/id/118996864,11/7/73,11/7/73,,,73001687
78002499,,Kahal Kadosh Beth Elohim Synagogue,Listed,Single,FALSE,0.9, ARCHITECTURE; RELIGION,BUILDING,SOUTH CAROLINA,Charleston,Charleston,90 Hasell St.,https://catalog.archives.gov/id/118997366,4/4/78,6/19/80, Kahal Kadosh Beth Elohim;Congregation Beth Elohim;Beth Elohi,,78002499
71000788,,Lancaster County Courthouse,Listed,Single,FALSE,0.3, POLITICS/GOVERNMENT; ARCHITECTURE,BUILDING,SOUTH CAROLINA,Lancaster,Lancaster,104 N. Main St.,https://catalog.archives.gov/id/118998045,2/24/71,11/7/73,,,71000788
71000789,,Lancaster County Jail,Listed,Single,FALSE,0.3, ARCHITECTURE; SOCIAL HISTORY,BUILDING,SOUTH CAROLINA,Lancaster,Lancaster,208 W. Gay St.,https://catalog.archives.gov/id/118998047,8/9/71,11/7/73,,,71000789
73001688,,"Manigault, Joseph, House",Listed,Single,FALSE,0, ARCHITECTURE,BUILDING,SOUTH CAROLINA,Charleston,Charleston,350 Meeting St.,https://catalog.archives.gov/id/118996870,11/7/73,11/7/73,,,73001688
73001689,,Market Hall and Sheds,Listed,Single,FALSE,0.3, COMMERCE; ARCHITECTURE,BUILDING,SOUTH CAROLINA,Charleston,Charleston,188 Meeting St.,https://catalog.archives.gov/id/118997381,6/4/73,11/7/73, The City Market;The Centre Market,,73001689
73001674,,Marshlands,Listed,Single,FALSE,0, ARCHITECTURE,BUILDING,SOUTH CAROLINA,Beaufort,Beaufort,501 Pinckney St.,https://catalog.archives.gov/id/118996814,11/7/73,11/7/73, James Robert Verdier House,,73001674
70000568,,Middleburg Plantation,Listed,Single,FALSE,400, ARCHITECTURE,BUILDING,SOUTH CAROLINA,Berkeley,Huger,2 mi. SW of Huger on the E branch of the Cooper River,https://catalog.archives.gov/id/118996820,4/15/70,4/15/70,,,70000568
71000770,,Middleton Place,Listed,Single,FALSE,110, LANDSCAPE ARCHITECTURE; COMMERCE; EDUCATION; SCIENCE; POLITICS/GOVERNMENT; AGRICULTURE,DISTRICT,SOUTH CAROLINA,Dorchester,Summerville,SE of Summerville on SC 6l,https://catalog.archives.gov/id/118997653,5/6/71,11/11/71,,,71000770
71000808,,Millford Plantation,Listed,Single,FALSE,712, ARCHITECTURE; POLITICS/GOVERNMENT,BUILDING,SOUTH CAROLINA,Sumter,Pinewood,W of Pinewood on SC 261,https://catalog.archives.gov/id/118998630,11/19/71,11/7/73,,,71000808
66000703,,"Mills, Clark, Studio",Listed,Single,FALSE,0.5, ART,BUILDING,SOUTH CAROLINA,Charleston,Charleston,51 Broad St.,https://catalog.archives.gov/id/118996874,10/15/66,12/21/65, Stoney and Stoney Law Office,,66000703
66000697,,Mulberry Plantation,Listed,Single,FALSE,10, ARCHITECTURE,BUILDING,SOUTH CAROLINA,Berkeley,Moncks Corner,Off U.S. 52 on Cooper River,https://catalog.archives.gov/id/118996822,10/15/66,10/9/60, Mulberry,,66000697
80003673,,Mulberry Plantation (Chesnut House),Listed,Single,FALSE,59.7, MILITARY; LITERATURE; POLITICS/GOVERNMENT; ARCHITECTURE,BUILDING,SOUTH CAROLINA,Kershaw,Camden,559 Sumter Highway,https://catalog.archives.gov/id/118998035,11/25/80,2/16/00,,,80003673
69000169,,Ninety Six National Historic Site,Listed,Single,FALSE,528, COMMERCE; HISTORIC - NON-ABORIGINAL; ECONOMICS; MILITARY; TRANSPORTATION; EXPLORATION/SETTLEMENT; LAW; POLITICS/GOVERNMENT,DISTRICT,SOUTH CAROLINA,Greenwood,Ninety Six,2 mi. S of Ninety Six between SC 248 and 27,https://catalog.archives.gov/id/118997930,12/3/69,11/7/73, Old Ninety Six and Star Fort,Ninety Six,69000169
73001690,,Old Marine Hospital,Listed,Single,FALSE,0.8, ARCHITECTURE,BUILDING,SOUTH CAROLINA,Charleston,Charleston,20 Franklin St.,https://catalog.archives.gov/id/118996876,11/7/73,11/7/73,,,73001690
96000144,,Parker High School Auditorium,Listed,Single,FALSE,0.9, INDUSTRY; ARCHITECTURE; EDUCATION,BUILDING,SOUTH CAROLINA,Greenville,City View,900 Woodside Ave.,https://catalog.archives.gov/id/118997867,2/26/96,6/21/90, Parker Middle School Auditorium,,96000144
74001824,,Penn Center Historic District,Listed,Single,FALSE,47, ENGINEERING; BLACK; POLITICS/GOVERNMENT; SOCIAL HISTORY,DISTRICT,SOUTH CAROLINA,Beaufort,Frogmore,S of Frogmore on SC 37,https://catalog.archives.gov/id/118997169,9/9/74,12/2/74, Penn School,,74001824
78002516,,Piedmont Manufacturing Company,Removed,Single,FALSE,3, INDUSTRY,BUILDING,SOUTH CAROLINA,Greenville,Piedmont,S end of Main St.,,,6/2/78, Piedmont Number One,,78002516
70000567,,Pompion Hill Chapel,Listed,Single,FALSE,5, ARCHITECTURE,BUILDING,SOUTH CAROLINA,Berkeley,Huger,0.5 mi. SW of jct. of SC 41 and 402,https://catalog.archives.gov/id/118996824,4/15/70,4/15/70,,,70000567
72001200,,Powder Magazine,Listed,Single,FALSE,0.9, MILITARY; ARCHITECTURE; EXPLORATION/SETTLEMENT; POLITICS/GOVERNMENT,BUILDING,SOUTH CAROLINA,Charleston,Charleston,79 Cumberland St.,https://catalog.archives.gov/id/118997417,1/5/72,9/27/89, See Also: Charleston Historic District,,72001200
84003877,,"Rainey, Joseph H., House",Listed,Single,FALSE,0.9, BLACK; POLITICS/GOVERNMENT,BUILDING,SOUTH CAROLINA,Georgetown,Georgetown,909 Prince St.,https://catalog.archives.gov/id/118996919,4/20/84,4/20/84, Rainey-Camlin House,,84003877
73001691,,"Rhett, Robert Barnwell, House",Listed,Single,FALSE,0.8, POLITICS/GOVERNMENT,BUILDING,SOUTH CAROLINA,Charleston,Charleston,6 Thomas St.,https://catalog.archives.gov/id/118996880,11/7/73,11/7/73,,,73001691
73001692,,"Roper, Robert William, House",Listed,Single,FALSE,0, ARCHITECTURE,BUILDING,SOUTH CAROLINA,Charleston,Charleston,9 E. Battery St.,https://catalog.archives.gov/id/118996882,11/7/73,11/7/73,,,73001692
71000750,,"Russell, Nathaniel, House",Listed,Single,FALSE,0.7, EDUCATION; ARCHITECTURE; SOCIAL HISTORY,BUILDING,SOUTH CAROLINA,Charleston,Charleston,51 Meeting St.,https://catalog.archives.gov/id/118997434,8/19/71,11/7/73,,,71000750
71000751,,"Rutledge, Edward, House",Listed,Single,FALSE,1, POLITICS/GOVERNMENT,BUILDING,SOUTH CAROLINA,Charleston,Charleston,117 Broad St.,https://catalog.archives.gov/id/118996886,11/11/71,11/11/71, Carter-May House,,71000751
71000752,,"Rutledge, Gov. John, House",Listed,Single,FALSE,0.1, LAW; POLITICS/GOVERNMENT,BUILDING,SOUTH CAROLINA,Charleston,Charleston,116 Broad St.,https://catalog.archives.gov/id/118996888,11/7/71,2/17/74,,,71000752
71000753,,Simmons-Edwards House,Listed,Single,FALSE,0.8, ARCHITECTURE,BUILDING,SOUTH CAROLINA,Charleston,Charleston,12-14 Legare St.,https://catalog.archives.gov/id/118997449,1/25/71,11/7/73, The Pineapple Gates,,71000753
74001823,,"Smalls, Robert, House",Listed,Single,FALSE,0.9, MILITARY; BLACK; POLITICS/GOVERNMENT,BUILDING,SOUTH CAROLINA,Beaufort,Beaufort,511 Prince St.,https://catalog.archives.gov/id/118996818,5/30/74,5/30/74,,,74001823
73001702,AD,Snee Farm-Charles Pinckney National Historic Site (Additional Documentation),Listed,Add.Doc.,FALSE,21.4, POLITICS/GOVERNMENT; ARCHITECTURE; AGRICULTURE; ARCHEOLOGY-HISTORIC NON-ABORIGINAL; ETHNIC HERITAGE-BLACK,district,SOUTH CAROLINA,Charleston,Mount Pleasant,1254 Long Point Rd.,https://catalog.archives.gov/id/118997455,4/13/73,2/17/74, Mathews House; SC Site Number 38CH0025/0917,Fort Sumter,73001702
100007048,BC,Snee Farm-Charles Pinckney National Historic Site (Boundary Increase),Listed,Boundary,FALSE,28.45, POLITICS/GOVERNMENT; ARCHITECTURE; AGRICULTURE; ARCHEOLOGY-HISTORIC NON-ABORIGINAL; ETHNIC HERITAGE-BLACK,district,SOUTH CAROLINA,Charleston,Mount Pleasant,1254 Long Point Rd.,https://catalog.archives.gov/id/118997455,10/10/21,2/17/74, Mathews House; SC Site Number 38CH0025/0917,,73001702
73001708,,Snow's Island,Listed,Single,TRUE,5000, HISTORIC - NON-ABORIGINAL; MILITARY,SITE,SOUTH CAROLINA,Florence,Johnsonville,Address Restricted,,3/14/73,12/2/74,,,73001708
70000890,,"South Carolina State Hospital, Mills Building",Listed,Single,FALSE,4, HEALTH/MEDICINE; SCIENCE; ARCHITECTURE; SOCIAL HISTORY,BUILDING,SOUTH CAROLINA,Richland,Columbia,2100 Bull St.,https://catalog.archives.gov/id/118998448,6/5/70,11/7/73,,,70000890
70000598,,South Carolina Statehouse,Listed,Single,FALSE,11, LANDSCAPE ARCHITECTURE; ART; POLITICS/GOVERNMENT; ARCHITECTURE,BUILDING,SOUTH CAROLINA,Richland,Columbia,Main St.,https://catalog.archives.gov/id/118998450,6/5/70,5/11/76," South Carolina State House,Grounds,and Artifacts",,70000598
70000566,,"St. James' Church, Goose Creek",Listed,Single,FALSE,0.3, ARCHITECTURE,BUILDING,SOUTH CAROLINA,Berkeley,Goose Creek,S of Goose Creek,https://catalog.archives.gov/id/118996826,4/15/70,4/15/70,,,70000566
70000581,,"St. James Episcopal Church, Santee",Listed,Single,FALSE,0.3, EXPLORATION/SETTLEMENT; ARCHITECTURE,BUILDING,SOUTH CAROLINA,Charleston,Georgetown,17 mi. S of Georgetown on the Santee River,https://catalog.archives.gov/id/118996894,4/15/70,4/15/70," St. James Church,Santee",,70000581
66000704,,St. Michael's Episcopal Church,Listed,Single,FALSE,1, ARCHITECTURE,BUILDING,SOUTH CAROLINA,Charleston,Charleston,80 Meeting St.,https://catalog.archives.gov/id/118996896,10/15/66,10/9/60,,,66000704
73001695,,St. Philip's Episcopal Church,Listed,Single,FALSE,0, ARCHITECTURE,BUILDING,SOUTH CAROLINA,Charleston,Charleston,146 Church St.,https://catalog.archives.gov/id/118996898,11/7/73,11/7/73,,,73001695
70000570,,St. Stephen's Episcopal Church,Listed,Single,FALSE,4.5, ARCHITECTURE,BUILDING,SOUTH CAROLINA,Berkeley,St. Stephens,On SC 45,https://catalog.archives.gov/id/118996828,4/15/70,4/15/70,,,70000570
74001840,,Stono River Slave Rebellion Site,Listed,Single,FALSE,5, BLACK; SOCIAL HISTORY,SITE,SOUTH CAROLINA,Charleston,Rantowles,Off U.S. 17 on W bank of Wallace River,https://catalog.archives.gov/id/118996900,5/30/74,5/30/74,,,74001840
70000578,,"Stuart, Col. John, House",Listed,Single,FALSE,0.5, ARCHITECTURE,BUILDING,SOUTH CAROLINA,Charleston,Charleston,104-106 Tradd St.,https://catalog.archives.gov/id/118997470,10/22/70,11/7/73,,,70000578
73001696,,Unitarian Church,Listed,Single,FALSE,0, ARCHITECTURE,BUILDING,SOUTH CAROLINA,Charleston,Charleston,6 Archdale St.,https://catalog.archives.gov/id/118996904,11/7/73,11/7/73,,,73001696
89001229,,USS CLAMAGORE (SS-343),Removed,Single,FALSE,0.1, MILITARY; ARCHITECTURE,STRUCTURE,SOUTH CAROLINA,Charleston,Mt. Pleasant,Patriot's Point,https://catalog.archives.gov/id/118996842,6/29/89,6/29/89, CLAMAGORE,,89001229
83002189,,USS LAFFEY,Listed,Single,FALSE,1, MILITARY; MARITIME HISTORY,STRUCTURE,SOUTH CAROLINA,Charleston,Mount Pleasant,W of Mt. Pleasant on E side of Charleston Harbor,https://catalog.archives.gov/id/118996868,4/12/83,1/14/86,,,83002189
82001519,,USS YORKTOWN (CV-10),Listed,Single,FALSE,5, MILITARY; MARITIME HISTORY,STRUCTURE,SOUTH CAROLINA,Charleston,Mount Pleasant,W of Mt. Pleasant on E side of Charleston Harbor,https://catalog.archives.gov/id/118997490,11/10/82,1/14/86, CV-10,,82001519
76001698,,"Vesey, Denmark, House",Listed,Single,FALSE,0.9, BLACK,BUILDING,SOUTH CAROLINA,Charleston,Charleston,56 Bull St.,https://catalog.archives.gov/id/118996906,5/11/76,5/11/76,,,76001698
71000742,,Woodlands,Listed,Single,FALSE,650, LITERATURE,BUILDING,SOUTH CAROLINA,Bamberg,Bamberg,3 mi. S of Bamberg on SC 78,https://catalog.archives.gov/id/118996810,11/11/71,11/11/71, William Gilmore Simms Estate,,71000742
66000715,,Arzberger Site,Listed,Single,TRUE,72.5, PREHISTORIC,SITE,SOUTH DAKOTA,Hughes,Pierre,Address Restricted,,10/15/66,7/19/64, 39HU6,,66000715
11000561,,"Battle Mountain Sanitarium, National Home For Disabled Volunteer Soldiers",Listed,Single,FALSE,, POLITICS/GOVERNMENT; HEALTH/MEDICINE; ARCHITECTURE; LANDSCAPE ARCHITECTURE; SOCIAL HISTORY,DISTRICT,SOUTH DAKOTA,Fall River,Hot Springs,500 North 5th St.,,6/17/11,6/17/11, Department of Veterans Affairs Hot Springs Medical Center; Black Hills Medical and Health Care Center,,11000561
73001746,,Bear Butte,Listed,Single,FALSE,0, NATIVE AMERICAN,SITE,SOUTH DAKOTA,Meade,Sturgis,NE of Sturgis,https://catalog.archives.gov/id/93205295,6/19/73,12/21/81, Mato Paha;Nowahawus,,73001746
66000714,,Bloom Site,Listed,Single,TRUE,0, PREHISTORIC,SITE,SOUTH DAKOTA,Hanson,Bloom,Address Restricted,,10/15/66,7/19/64, 39 H S1,,66000714
66000710,,Crow Creek Site,Listed,Single,TRUE,17.6, PREHISTORIC,SITE,SOUTH DAKOTA,Buffalo,Chamberlain,Address Restricted,,10/15/66,7/19/64, 39BF11,,66000710
66000716,,Deadwood Historic District,Listed,Single,FALSE,0, INDUSTRY; COMMERCE; TRANSPORTATION; ENTERTAINMENT/RECREATION; ARCHITECTURE,DISTRICT,SOUTH DAKOTA,Lawrence,Deadwood,Bounded by the city limits,https://catalog.archives.gov/id/93205152,10/15/66,7/4/61, Deadwood,,66000716
76001756,,Fort Pierre Chouteau Site,Listed,Single,FALSE,33.6, MILITARY; COMMERCE; HISTORIC - NON-ABORIGINAL,SITE,SOUTH DAKOTA,Stanley,Fort Pierre,N of Fort Pierre,https://catalog.archives.gov/id/93205656,4/3/76,7/17/91,,,76001756
76001756,AD,Fort Pierre Chouteau Site (Additional Documentation),Returned,Add.Doc.,FALSE,33.6, MILITARY; COMMERCE; HISTORIC - NON-ABORIGINAL,site,SOUTH DAKOTA,Stanley,Fort Pierre,North of Fort Pierre,https://catalog.archives.gov/id/93205656,4/3/76,7/17/91,,,76001756
66000711,,Fort Thompson Mounds,Listed,Single,TRUE,19.1, PREHISTORIC,DISTRICT,SOUTH DAKOTA,Buffalo,Fort Thompson,Address Restricted,,10/15/66,7/19/64,,,66000711
74001893,,Frawley Historic Ranch,Listed,Single,FALSE,4750, PREHISTORIC; AGRICULTURE; HISTORIC - NON-ABORIGINAL; TRANSPORTATION; EDUCATION; ARCHITECTURE,DISTRICT,SOUTH DAKOTA,Lawrence,Spearfish,6 mi. E of Spearfish on U.S. 14,https://catalog.archives.gov/id/93205162,12/31/74,5/5/77,,,74001893
74001899,,La Verendrye Site,Listed,Single,FALSE,4.5, EXPLORATION/SETTLEMENT,SITE,SOUTH DAKOTA,Stanley,Fort Pierre,Off U.S. 83,https://catalog.archives.gov/id/93205658,8/7/74,7/17/91,,,74001899
66000717,,Langdeau Site,Listed,Single,TRUE,0, PREHISTORIC,SITE,SOUTH DAKOTA,Lyman,Lower Brule,Address Restricted,,10/15/66,7/19/64, 39LM209,,66000717
66000712,,Mitchell Site,Listed,Single,TRUE,41.1, PREHISTORIC,SITE,SOUTH DAKOTA,Davison,Mitchell,Address Restricted,,10/15/66,7/19/64, Mitchell Village;39-DV-1,,66000712
66000713,,Molstad Village,Listed,Single,TRUE,9.9, PREHISTORIC,SITE,SOUTH DAKOTA,Dewey,Mobridge,Address Restricted,,10/15/66,7/19/64, 39DW234,,66000713
97000342,,Vanderbilt Archeological Site,Listed,Single,TRUE,18.5, PREHISTORIC; AGRICULTURE; NATIVE AMERICAN,SITE,SOUTH DAKOTA,Campbell,Polock,Address Restricted,,2/18/97,2/18/97, 39CA1,,97000342
66000719,,Wounded Knee,Listed,Single,FALSE,0, MILITARY; EXPLORATION/SETTLEMENT,site,SOUTH DAKOTA,Shannon,Batesland,"11 mi. W of Batesland, Pine Ridge Indian Reservation",https://catalog.archives.gov/id/93204318,10/15/66,12/21/65,,,66000719
66000731,,Beale Street Historic District,Listed,Single,FALSE,27, PERFORMING ARTS; ENTERTAINMENT/RECREATION,DISTRICT,TENNESSEE,Shelby,Memphis,Beale St. from 2nd to 4th Sts.,,10/15/66,5/23/66, See Also: Beale Street Historic District (Boundary Decrease),,66000731
89001098,,Beale Street Historic District (Boundary Decrease),Removed,Single,FALSE,0, ENTERTAINMENT/RECREATION; PERFORMING ARTS,DISTRICT,TENNESSEE,Shelby,Memphis,Beale St. from Main to 2nd,,,5/23/66, Beale Street; See Also: Beale Street Historic District,,89001098
66000726,,"Blount, William, Mansion",Listed,Single,FALSE,0.9, EXPLORATION/SETTLEMENT; POLITICS/GOVERNMENT; ARCHITECTURE,BUILDING,TENNESSEE,Knox,Knoxville,200 W. Hill Ave.,,10/15/66,1/12/65,,,66000726
71000838,,Castalian Springs,Listed,Single,FALSE,10, PREHISTORIC; TRANSPORTATION; ARCHITECTURE; COMMUNICATIONS,DISTRICT,TENNESSEE,Sumner,Castalian Springs,"Gallatin-Hartsville Pike, TN 25",,7/14/71,11/11/71, Wynnewood,,71000838
73001830,,Chucalissa Indian Village,Listed,Single,FALSE,195, PREHISTORIC; EXPLORATION/SETTLEMENT,SITE,TENNESSEE,Shelby,Memphis,Mitchell Rd.,,5/7/73,4/19/94, 40SY1,,73001830
70000608,,First Presbyterian Church,Listed,Single,FALSE,9, ARCHITECTURE; MILITARY,BUILDING,TENNESSEE,Davidson,Nashville,"154 5th Ave., N.",,7/8/70,4/19/93, Downtown Presbyterian Church;Old First Presbyterian Church,,70000608
100009828,NL,Fort Armistead,Listed,NHL,TRUE,, HISTORIC - ABORIGINAL; NATIVE AMERICAN,,TENNESSEE,Monroe,Coker Creek,Address Restricted,,,12/11/23,,,100009828
100009829,SG,Fort Armistead,Listed,Single,TRUE,, HISTORIC - ABORIGINAL; NATIVE AMERICAN,,TENNESSEE,Monroe,Coker Creek,Address Restricted,,,12/11/23,,,100009828
66000729,,Fort Loudoun,Listed,Single,FALSE,50, NATIVE AMERICAN; EXPLORATION/SETTLEMENT,SITE,TENNESSEE,Monroe,Vonore,U.S. 411,,10/15/66,6/23/65,,,66000729
73001806,,Fort Pillow,Listed,Single,FALSE,1500, MILITARY; EUROPEAN; POLITICS/GOVERNMENT,SITE,TENNESSEE,Lauderdale,Fort Pillow,TN 87,,4/11/73,5/30/74,,,73001806
66000734,,Franklin Battlefield,Listed,Single,FALSE,54.4, MILITARY,DISTRICT,TENNESSEE,Williamson,Franklin,S of Franklin on U.S. 31,,10/15/66,12/19/60,,,66000734
66000723,,George Peabody College for Teachers,Listed,Single,FALSE,50, EDUCATION,DISTRICT,TENNESSEE,Davidson,Nashville,21st Ave. S. and Edgehill Ave.,,10/15/66,12/21/65, George Peabody College for Teachers,,66000723
91001585,,Graceland,Listed,Single,FALSE,13.6, PERFORMING ARTS,DISTRICT,TENNESSEE,Shelby,Memphis,3764 Elvis Presley Blvd.,,11/7/91,3/27/06,,,91001585
100005652,ADNL,Hermitage Hotel,Done,NHL Updated Documentation,FALSE,0.5, POLITICS/GOVERNMENT; SOCIAL HISTORY,building,TENNESSEE,Davidson,Nashville,"231 6th Ave., N.",,,7/28/20,,,75001749
100005652,NL,Hermitage Hotel,Listed,NHL,FALSE,0.5, POLITICS/GOVERNMENT; ARCHITECTURE; SOCIAL HISTORY,building,TENNESSEE,Davidson,Nashville,"231 6th Ave., N.",,,7/28/20,,,75001749
100005668,NL,Hermitage Hotel,Listed,NHL,FALSE,0.5, POLITICS/GOVERNMENT; ARCHITECTURE; SOCIAL HISTORY,building,TENNESSEE,Davidson,Nashville,"231 6th Ave., N.",,,7/21/20,,,75001749
100005687,NL,Hermitage Hotel,Listed,NHL,FALSE,0.5, POLITICS/GOVERNMENT; ARCHITECTURE; SOCIAL HISTORY,building,TENNESSEE,Davidson,Nashville,"231 6th Ave., N.",,,7/28/20,,,
66000722,,"Hermitage, The",Listed,Single,FALSE,350, MILITARY; POLITICS/GOVERNMENT,DISTRICT,TENNESSEE,Davidson,Nashville,12 mi. E of Nashville on U.S. 70N,,10/15/66,12/19/60, Home of Andrew Jackson,,66000722
73001859,,Hiram Masonic Lodge No. 7,Listed,Single,FALSE,0.5, NATIVE AMERICAN; POLITICS/GOVERNMENT; SOCIAL HISTORY,BUILDING,TENNESSEE,Williamson,Franklin,S. 2nd Ave.,,11/7/73,11/7/73, Masonic Hal,,73001859
97001231,,Jenkins Lutheran Chapel and Cemetery,Listed,Single,FALSE,5.5, ARCHITECTURE,BUILDING,TENNESSEE,Bedford,Shelbyville,364 Shofner Bridge Rd.,,10/17/97,9/25/97,,,97001231
71000817,,"Jubilee Hall, Fisk University",Listed,Single,FALSE,3, NATIVE AMERICAN; EDUCATION; ARCHITECTURE,BUILDING,TENNESSEE,Davidson,Nashville,"17th Ave., N.",,12/9/71,12/2/74,,,71000817
66000733,,Long Island of the Holston,Listed,Single,FALSE,840, EXPLORATION/SETTLEMENT,DISTRICT,TENNESSEE,Sullivan,Kingsport,S fork of the Holston River,,10/15/66,8/9/60,,,66000733
86003510,,Moccasin Bend Archeological District,Listed,Single,TRUE,956, PREHISTORIC; HISTORIC - ABORIGINAL; HISTORIC - NON-ABORIGINAL; MILITARY; EXPLORATION/SETTLEMENT,DISTRICT,TENNESSEE,Hamilton,Chattanooga,Address Restricted,,9/8/86,9/8/86, See Also:Moccasin Bend MRA,,86003510
94001188,,Montgomery Bell Tunnel,Listed,Multiple,TRUE,1, COMMERCE; ENGINEERING; INDUSTRY,STRUCTURE,TENNESSEE,Cheatham,White Bluff,Address Restricted,,4/19/94,4/19/94, Patterson Forge Tunnel,,94001188
11000560,,"Mountain Branch, National Home For Disabled Volunteer Soldiers",Listed,Single,FALSE,, POLITICS/GOVERNMENT; HEALTH/MEDICINE; ARCHITECTURE; LANDSCAPE ARCHITECTURE; SOCIAL HISTORY,DISTRICT,TENNESSEE,Washington,Johnson City (Mountain Home P.O),Corner of Lamont and Sidney Sts.,,6/17/11,6/17/11,,,11000560
69000178,AD,Nashville Union Station (Additional Documentation),Listed,Add.Doc.,FALSE,5.8, INDUSTRY; COMMERCE; TRANSPORTATION; ARCHITECTURE,building,TENNESSEE,Davidson,Nashville,1001 Broadway,,12/30/69,12/8/76, Louisville &amp; Nashville Railroad:Nashville Union Station and,,69000178
66000727,,Pinson Mounds,Listed,Single,TRUE,1162, PREHISTORIC,SITE,TENNESSEE,Madison,Pinson,Address Restricted,,10/15/66,1/29/64,,,66000727
66000728,,"Polk, James K., House",Listed,Single,FALSE,1.9, POLITICS/GOVERNMENT,BUILDING,TENNESSEE,Maury,Columbia,W. 7th and S. High Sts.,,10/15/66,7/4/61,,,66000728
71000825,,Rattle and Snap,Listed,Single,FALSE,519, ARCHITECTURE,BUILDING,TENNESSEE,Maury,Columbia,Andrew Jackson Hwy. (TN 43),,11/11/71,11/11/71,,,71000825
72001251,,Rhea County Courthouse,Listed,Single,FALSE,3.7, EDUCATION; SCIENCE; LAW; RELIGION; PHILOSOPHY,BUILDING,TENNESSEE,Rhea,Dayton,Market St. between 2nd and 3rd Aves.,,11/7/72,12/8/76, Scopes Evolution Trial Courthouse,,72001251
71000819,,Ryman Auditorium,Listed,Single,FALSE,1, RELIGION; PERFORMING ARTS,BUILDING,TENNESSEE,Davidson,Nashville,116 Fifth Ave. North,,5/6/71,1/3/01, Grand Old Opry House;Union Gospel Tabernacle,,71000819
79000279,,Shiloh Indian Mounds Site,Listed,Single,FALSE,81, PREHISTORIC,DISTRICT,TENNESSEE,Hardin,Hurley,E of Hurley in Shiloh National Military Park,,4/27/79,5/5/89, Indian Mounds,Shiloh,79000279
03001031,,"Sun Record Company, Memphis Recording Service",Listed,Single,FALSE,0.9, PERFORMING ARTS; SOCIAL HISTORY,BUILDING,TENNESSEE,Shelby,Memphis,706 Union Avenue,,7/31/03,7/31/03, Sun Records; Sun Studio,,03001031
66000721,,Sycamore Shoals,Listed,Single,FALSE,17, NATIVE AMERICAN; EXPLORATION/SETTLEMENT,SITE,TENNESSEE,Carter,Elizabethton,2 mi. W of Elizabethton on the Watauga River,,10/15/66,7/19/64, Sycamore Shoals of the Watauga;Sycamore Shoals State Park,,66000721
70000894,,Tennessee State Capitol,Listed,Single,FALSE,4.9, POLITICS/GOVERNMENT; ARCHITECTURE,BUILDING,TENNESSEE,Davidson,Nashville,Capitol Hill,,7/8/70,11/11/71,,,70000894
66000720,,"X-10 Reactor, Oak Ridge National Laboratory",Listed,Single,FALSE,0.9, SCIENCE; INVENTION,STRUCTURE,TENNESSEE,Roane,Oak Ridge,Oak Ridge National Laboratory,,10/15/66,12/21/65," X-10 Reactor,Graphite Reactor",,66000720
76001773,,"York, Alvin Cullom, Farm",Listed,Single,FALSE,16, MILITARY,DISTRICT,TENNESSEE,Fentress,Pall Mall,U.S. 127,,5/11/76,5/11/76,,,76001773
66000808,,"Alamo, The",Listed,Single,FALSE,5, MILITARY,BUILDING,TEXAS,Bexar,San Antonio,Alamo Plaza,https://catalog.archives.gov/id/40970901,10/15/66,12/19/60,,,66000808
85002815,,Apollo Mission Control Center,Listed,Single,FALSE,0.9, COMMUNITY PLANNING AND DEVELOPMENT; OTHER; ENGINEERING,BUILDING,TEXAS,Harris,Houston,Lyndon B. Johnson Space Flight Center,https://catalog.archives.gov/id/40970938,10/3/85,10/3/85, Mission Control Center,,85002815
97001242,,Bastrop State Park,Listed,Single,FALSE,2054, LANDSCAPE ARCHITECTURE; ARCHITECTURE; CONSERVATION; POLITICS/GOVERNMENT; COMMUNITY PLANNING AND DEVELOPMENT,DISTRICT,TEXAS,Bastrop,Bastrop,"East of Bastrop, bet. TX 21 & 71",https://catalog.archives.gov/id/40970889,9/25/97,9/25/97,,,97001242
93001607,,Dealey Plaza Historic District,Listed,Single,FALSE,15, POLITICS/GOVERNMENT; ARCHITECTURE; LANDSCAPE ARCHITECTURE,DISTRICT,TEXAS,Dallas,Dallas,"Roughly bounded by Pacific Ave., Market St., Jackson St. and right of way of Dallas Right of Way Management Company",https://catalog.archives.gov/id/40970919,4/19/93,4/19/93,,,93001607
75001979,,East End Historic District,Listed,Single,FALSE,150, ARCHITECTURE; SOCIAL HISTORY,DISTRICT,TEXAS,Galveston,Galveston,Irregular pattern including both sides of Broadway and Market Sts.,https://catalog.archives.gov/id/40972028,5/30/75,5/11/76,,,75001979
78002930,,ELISSA,Listed,Single,FALSE,0.9, TRANSPORTATION; MARITIME HISTORY; COMMERCE,STRUCTURE,TEXAS,Galveston,Galveston,Seawolf Park,https://catalog.archives.gov/id/40972058,3/21/78,12/14/90,,,78002930
66000809,,Espada Aqueduct,Listed,Single,FALSE,1000, AGRICULTURE; ENGINEERING; EXPLORATION/SETTLEMENT,STRUCTURE,TEXAS,Bexar,San Antonio,"Espada Rd., E of U.S. 281S",https://catalog.archives.gov/id/40970891,10/15/66,7/19/64, Espada Aqueduct and Acequia,San Antonio Missions,66000809
66000824,,Fort Belknap,Listed,Single,FALSE,15.3, EXPLORATION/SETTLEMENT,BUILDING,TEXAS,Young,Newcastle,1 mi. S of jct. of TX 24 and 251,https://catalog.archives.gov/id/40970971,10/15/66,12/19/60, Fort Belknap State Park,,66000824
66000811,,Fort Brown,Listed,Single,FALSE,20, MILITARY,DISTRICT,TEXAS,Cameron,Brownsville,S edge of Brownsville off International Blvd.,https://catalog.archives.gov/id/40970915,10/15/66,12/19/60,,,66000811
66000811,ADNL,Fort Brown,Done,NHL Updated Documentation,FALSE,191, MILITARY,district,TEXAS,Cameron,Brownsville,South edge of Brownsville near intersection of International Boulevard and Gorgas Drive,,,9/2/24,,,66000811
66000823,,Fort Concho Historic District,Listed,Single,FALSE,42, MILITARY; HISTORIC - NON-ABORIGINAL; EXPLORATION/SETTLEMENT,DISTRICT,TEXAS,Tom Green,San Angelo,S edge of San Angelo,https://catalog.archives.gov/id/40970960,10/15/66,7/4/61,,,66000823
66000045,,Fort Davis National Historic Site,Listed,Single,FALSE,460, MILITARY; EXPLORATION/SETTLEMENT,SITE,TEXAS,Jeff Davis,Fort Davis,Jct. of TX 17 and 118,https://catalog.archives.gov/id/40972672,10/15/66,12/19/60,,Fort Davis,66000045
66000816,,Fort Richardson,Listed,Single,FALSE,42, MILITARY,BUILDING,TEXAS,Jack,Jacksboro,S of Jacksboro on U.S. 281,https://catalog.archives.gov/id/40970944,10/15/66,11/27/63,,,66000816
75001950,,Fort Sam Houston,Listed,Single,FALSE,400, MILITARY,DISTRICT,TEXAS,Bexar,San Antonio,N edge of San Antonio,https://catalog.archives.gov/id/40971290,5/15/75,5/15/75, Port of San Antonio,,75001950
76002074,,"Garner, John Nance, House",Listed,Single,FALSE,3.5, POLITICS/GOVERNMENT,BUILDING,TEXAS,Uvalde,Uvalde,333 N. Park St.,https://catalog.archives.gov/id/40970966,12/8/76,12/8/76, Ettie R. Garner Memorial Building,,76002074
70000896,,Governor's Mansion,Listed,Single,FALSE,2.1, POLITICS/GOVERNMENT; ARCHITECTURE,BUILDING,TEXAS,Travis,Austin,1010 Colorado St.,https://catalog.archives.gov/id/40973636,8/25/70,12/2/74,,,70000896
70000895,,Hangar 9,Listed,Single,FALSE,0.9, MILITARY; TRANSPORTATION,BUILDING,TEXAS,Bexar,San Antonio,Brooks Air Force Base Inner Circle Rd.,https://catalog.archives.gov/id/40971279,5/21/70,12/8/76, Edward H. White II Museum,,70000895
66000825,,Harrell Site,Listed,Single,TRUE,10, PREHISTORIC,SITE,TEXAS,Young,South Bend,Address Restricted,,10/15/66,7/19/64,,,66000825
97001393,,Highland Park Shopping Village,Listed,Single,FALSE,10, COMMERCE; ARCHITECTURE; COMMUNITY PLANNING AND DEVELOPMENT,BUILDING,TEXAS,Dallas,Highpark,Jct. of Preston Rd. and Mockingbird Ln.,https://catalog.archives.gov/id/40970917,11/17/97,2/16/00, Highland Park Village,,97001393
74002097,,"Houston, Sam, House",Listed,Single,FALSE,15, MILITARY; POLITICS/GOVERNMENT,BUILDING,TEXAS,Walker,Huntsville,"Ave. L, Sam Houston State University",https://catalog.archives.gov/id/40970968,5/30/74,5/30/74, Woodland,,74002097
100006241,NL,Hueco Tanks,Listed,NHL,TRUE,738.5, PREHISTORIC; HISTORIC - ABORIGINAL; AGRICULTURE; ART; TRANSPORTATION,site,TEXAS,El Paso,El Paso,Address Restricted,,,1/13/21,,,71000930
66000807,,J A Ranch,Listed,Single,FALSE,40, COMMERCE,DISTRICT,TEXAS,Armstrong,Palo Duro,Palo Duro Canyon,https://catalog.archives.gov/id/40970887,10/15/66,12/19/60, Goodnight Ranch,,66000807
66000820,,King Ranch,Listed,Single,FALSE,1225000, AGRICULTURE; EXPLORATION/SETTLEMENT,DISTRICT,TEXAS,Kenedy,Kingsville and,Kingsville and its environs,https://catalog.archives.gov/id/40970955,10/15/66,11/5/61,,,66000820
66000821,,Landergin Mesa,Listed,Single,TRUE,0, PREHISTORIC,SITE,TEXAS,Oldham,Vega,Address Restricted,,10/15/66,7/19/64,,,66000821
100006256,NL,Lower Pecos Canyonlands Archeological District,Listed,NHL,TRUE,3.4, PREHISTORIC,district,TEXAS,Val Verde,Comstock,Address Restricted,,,1/13/21,,,71000966
71000948,,Lubbock Lake Site,Listed,Single,TRUE,300, PREHISTORIC; HISTORIC - ABORIGINAL,SITE,TEXAS,Lubbock,Lubbock,Address Restricted,,6/21/71,12/22/77,,,71000948
66000818,,"Lucas Gusher, Spindletop Oil Field",Listed,Single,FALSE,1130.4, INDUSTRY; SCIENCE,SITE,TEXAS,Jefferson,Beaumont,3 mi. S of Beaumont on Spindletop Ave.,https://catalog.archives.gov/id/40970948,11/13/66,11/13/66,,,66000818
69000202,,Lyndon B. Johnson National Historical Park,Listed,Single,FALSE,1571, POLITICS/GOVERNMENT,DISTRICT,TEXAS,Blanco,Johnson City,Lyndon B. Johnson National Historical Park,https://catalog.archives.gov/id/40971320,12/2/69,5/23/66,,Lyndon B. Johnson,69000202
75001952,,Majestic Theatre,Listed,Single,FALSE,0.5, COMMERCE; COMMUNICATIONS; PERFORMING ARTS; ART; ARCHITECTURE,BUILDING,TEXAS,Bexar,San Antonio,230 E. Houston St.,https://catalog.archives.gov/id/40971157,10/1/75,4/19/93,,,75001952
70000740,,Mission Concepcion,Listed,Single,FALSE,10.7, ARCHITECTURE; RELIGION,BUILDING,TEXAS,Bexar,San Antonio,807 Mission Rd.,https://catalog.archives.gov/id/40971213,4/15/70,4/15/70, Mission Nuestra Senora de la Purisima Concepcion de Acuna,San Antonio Missions,70000740
100000830,NL,"Navarro, Jose Antonio, House Complex",Listed,NHL,FALSE,1, POLITICS/GOVERNMENT; ARCHITECTURE,building,TEXAS,Bexar,San Antonio,228--232 S. Loredo St.,,,12/23/16,,,72001353
93000266,,Palmito Ranch Battlefield,Listed,Single,FALSE,6000, MILITARY,SITE,TEXAS,Cameron,Brownsville,"Between TX 4 (Boca Chica Hwy.) and the Rio Grande, approximately 12 mi. E of Brownsville",https://catalog.archives.gov/id/40970913,6/23/93,9/15/97, Palmito (or Palmetto) Hill Battlefield;41CF93,,93000266
66000812,,Palo Alto Battlefield National Historic Site,Listed,Single,FALSE,8176, MILITARY,SITE,TEXAS,Cameron,Brownsville,6.3 mi. N of Brownsville at jct. of FR 1847 and 511,https://catalog.archives.gov/id/40970909,10/15/66,12/19/60,,Palo Alto Battlefield,66000812
66000814,,Plainview Site,Listed,Single,TRUE,1, PREHISTORIC,SITE,TEXAS,Hale,Plainview,Address Restricted,,10/15/66,1/20/61,,,66000814
66000819,,Porter Farm,Listed,Single,FALSE,70, AGRICULTURE,site,TEXAS,Kaufman,Terrell,2 mi. N of Terrell on FR 986,https://catalog.archives.gov/id/40970950,10/15/66,7/19/64," Porter, Walter C., Farm",,66000819
67000024,,Presidio Nuestra Senora de Loreto de la Bahia,Listed,Single,FALSE,45, MILITARY; EXPLORATION/SETTLEMENT,BUILDING,TEXAS,Goliad,Goliad,1 mi. S of Goliad State Park on U.S. 183,https://catalog.archives.gov/id/40970933,12/24/67,12/24/67,,,67000024
96000753,,Randolph Field Historic District,Listed,Multiple,FALSE,405, MILITARY; ARCHITECTURE,DISTRICT,TEXAS,Bexar,San Antonio,"Randolph Air Force Base, off Pat Booker Rd., 18 NE of San Antonio",https://catalog.archives.gov/id/40970899,7/8/96,8/7/01, Base Administration Building,,96000753
72001361,,"Rayburn, Samuel T., House",Listed,Single,FALSE,2.5, POLITICS/GOVERNMENT,BUILDING,TEXAS,Fannin,Bonham,1.5 mi. W of Bonham on U.S. 82,https://catalog.archives.gov/id/40971926,6/5/72,5/11/76, The Home Place;Sam Rayburn House Museum,,72001361
66000813,,Resaca de la Palma Battlefield,Listed,Single,FALSE,50, MILITARY,SITE,TEXAS,Cameron,Brownsville,N edge of Brownsville on Parades Line Rd.,https://catalog.archives.gov/id/40970911,10/15/66,12/19/60,,,66000813
100009831,NL,Rio Vista Bracero Reception Center,Listed,NHL,FALSE,14, SOCIAL HISTORY; POLITICS/GOVERNMENT,district,TEXAS,El Paso,Socorro,800-860 and 901 North Rio Vista Road,,,12/11/23,,,96000131
72001371,,Roma Historic District,Listed,Single,FALSE,27.5, COMMERCE; HISPANIC; EXPLORATION/SETTLEMENT; ARCHITECTURE,DISTRICT,TEXAS,Starr,Roma,Properties along Estrella and Hidalgo Sts. between Garfield St. and Bravo Alley,https://catalog.archives.gov/id/40973371,7/31/72,11/4/93, Roma-Los Saenz,,72001371
66000815,,San Jacinto Battlefield,Listed,Single,FALSE,455, MILITARY,SITE,TEXAS,Harris,Houston,22 mi. E of Houston on TX 134,https://catalog.archives.gov/id/40970942,10/15/66,12/19/60,,,66000815
85002810,,Space Environment Simulation Laboratory,Listed,Single,FALSE,0.9, OTHER; ENGINEERING,STRUCTURE,TEXAS,Harris,Houston,Lyndon B. Johnson Space Center,https://catalog.archives.gov/id/40970940,10/3/85,10/3/85, Space Environment Simulator Laboratory,,85002810
70000741,,Spanish Governor's Palace,Listed,Single,FALSE,0.4, MILITARY; ARCHITECTURE,BUILDING,TEXAS,Bexar,San Antonio,105 Military Plaza,https://catalog.archives.gov/id/40971205,4/15/70,4/15/70,,,70000741
70000748,AD,"Strand Historic District, The",Listed,Add.Doc.,FALSE,36.4, COMMERCE; TRANSPORTATION; POLITICS/GOVERNMENT; ARCHITECTURE,district,TEXAS,Galveston,Galveston,"Roughly bounded by Ave. A, 20th St., alley between Aves. C and D, and railroad depot",,1/26/70,5/11/76,,,70000748
86003488,,Texas Centennial Exposition Buildings (1936-1937),Listed,Single,FALSE,277, ENTERTAINMENT/RECREATION,DISTRICT,TEXAS,Dallas,Dallas,"Bounded by Texas and Pacific RR, Pennsylvania, Second, and Parry Aves.",https://catalog.archives.gov/id/40970921,9/24/86,9/24/86, Fair Park;Site of Texas State Fairs 1886-date,,86003488
70000770,,Texas State Capitol,Listed,Single,FALSE,51.4, ARCHITECTURE,BUILDING,TEXAS,Travis,Austin,Congress and 11th Sts.,https://catalog.archives.gov/id/40973759,6/22/70,6/23/86,,,70000770
73002342,,Trevino-Uribe Rancho,Listed,Single,FALSE,0.9, HISPANIC; EXPLORATION/SETTLEMENT; ARCHITECTURE,BUILDING,TEXAS,Zapata,San Ygnacio,Jct. of Uribe and Trevino Sts.,https://catalog.archives.gov/id/40970973,7/16/73,8/5/98," Jesus Trevino Fort, See also: San Ygnacio Historic District",,73002342
76002039,,U.S.S. TEXAS,Listed,Single,FALSE,0, MILITARY; ENGINEERING,STRUCTURE,TEXAS,Harris,Houston,22 mi. E of Houston on TX 134 at San Jacinto Battleground,https://catalog.archives.gov/id/40970936,12/8/76,12/8/76, The Battleship Texas,,76002039
03001043,,USS Lexington,Listed,Single,FALSE,0, MILITARY,STRUCTURE,TEXAS,Nueces,Corpus Christi,"USS Lexington Museum on the Bay, 2914 North Shoreline Blvd.",https://catalog.archives.gov/id/40970953,7/31/03,7/31/03," CV-16, CVA-16, CVS-16, CVT-16, AVT-16",,03001043
85002726,,Wake Island,Listed,Single,FALSE,2600, MILITARY,DISTRICT,U.S. MINOR ISLANDS,Wake Island,Pacific Ocean,In the North Pacific,https://catalog.archives.gov/id/131518786,9/16/85,9/16/85,,,85002726
87001302,,World War II Facilities at Midway,Listed,Single,FALSE,0.9, MILITARY,DISTRICT,U.S. MINOR ISLANDS,Midway Islands,Midway Islands,Sand and Eastern Islands,https://catalog.archives.gov/id/131518784,5/28/87,5/28/87," Battle of Midway;World War II-Era Facilities,Midway Islands",,87001302
66000740,,Alkali Ridge,Listed,Single,TRUE,2340, PREHISTORIC,DISTRICT,UTAH,San Juan,Monticello,Address Restricted,,10/15/66,7/19/64, Alkali Point,,66000740
66000736,,Bingham Canyon Open Pit Copper Mine,Listed,Single,FALSE,2000, INDUSTRY,SITE,UTAH,Salt Lake,Salt Lake City,16 mi. SW of Salt Lake City on UT 48,https://catalog.archives.gov/id/72000741,11/13/66,11/13/66,,,66000736
66000739,,Brigham Young Complex,Listed,Single,FALSE,0.9, EXPLORATION/SETTLEMENT; POLITICS/GOVERNMENT; RELIGION,BUILDING,UTAH,Salt Lake,Salt Lake City,63-67 E. South Temple St.,https://catalog.archives.gov/id/72000737,10/15/66,1/28/64," Lion House,Beehive House,President and Governor's Office",,66000739
87001339,,Bryce Canyon Lodge and Deluxe Cabins,Listed,Single,FALSE,4, ENTERTAINMENT/RECREATION; ARCHITECTURE,DISTRICT,UTAH,Garfield,Bryce Canyon National Park,SR 63,https://catalog.archives.gov/id/72000731,5/28/87,5/28/87, See also:Bryce Canyon Lodge Historic District (Boundary Incr; See Also:Bryce Canyon National Park MPS,Bryce Canyon,87001339
07000432,,Central Utah Relocation Center (Topaz) Site,Listed,Single,FALSE,728.4, MILITARY; LAW; POLITICS/GOVERNMENT; ASIAN; SOCIAL HISTORY,SITE,UTAH,Millard,Delta,10500 West 500 North,https://catalog.archives.gov/id/72000733,3/29/07,3/29/07, Topaz War Relocation Center 74001934; Topaz/42MD1793,,07000432
71000846,,Council Hall,Listed,Single,FALSE,1, POLITICS/GOVERNMENT,BUILDING,UTAH,Salt Lake,Salt Lake City,Capitol Hill at head of State St.,https://catalog.archives.gov/id/72001552,5/14/71,5/15/75, Old City Hall,,71000846
66000741,,Danger Cave,Listed,Single,TRUE,2.5, PREHISTORIC; HISTORIC - ABORIGINAL,SITE,UTAH,Tooele,Wendover,Address Restricted,,10/15/66,1/20/61,,,66000741
68000057,,Desolation Canyon,Listed,Single,FALSE,1, EXPLORATION/SETTLEMENT,SITE,UTAH,Carbon,Green River,Address Unknown,https://catalog.archives.gov/id/72000729,11/24/68,11/24/68,,,68000057
66000737,,Emigration Canyon,Listed,Single,FALSE,25, EXPLORATION/SETTLEMENT,SITE,UTAH,Salt Lake,Salt Lake City,E edge of Salt Lake City on UT 65,https://catalog.archives.gov/id/72000735,10/15/66,1/20/61, This is the Place,,66000737
70000628,,Fort Douglas,Listed,Single,FALSE,45, MILITARY,DISTRICT,UTAH,Salt Lake,Salt Lake City,Fort Douglas Military Reservation,https://catalog.archives.gov/id/72001550,6/15/70,5/15/75,,,70000628
11000562,,Mountain Meadows Massacre Site,Listed,Single,FALSE,, CONSERVATION; EXPLORATION/SETTLEMENT; POLITICS/GOVERNMENT; TRANSPORTATION; SOCIAL HISTORY,DISTRICT,UTAH,Washington,Central,"West of SR 18, approximately 3 miles North of Central",,6/23/11,6/23/11,,,11000562
86003401,,Quarry Visitor Center,Listed,Multiple,FALSE,0.9, CONSERVATION,BUILDING,UTAH,Uintah,Dinosaur National Monument,US 40,https://catalog.archives.gov/id/84127638,12/19/86,1/3/01,,Dinosaur,86003401
75001831,,"Smoot, Reed, House",Listed,Single,FALSE,0.9, POLITICS/GOVERNMENT; ARCHITECTURE; RELIGION; SOCIAL HISTORY,BUILDING,UTAH,Utah,Provo,183 E. 100 South,https://catalog.archives.gov/id/72001986,10/14/75,12/8/76, Mrs. Harlow E. Smoot House,,75001831
66000738,,Temple Square,Listed,Single,FALSE,10, EXPLORATION/SETTLEMENT; RELIGION,DISTRICT,UTAH,Salt Lake,Salt Lake City,Temple Sq.,https://catalog.archives.gov/id/72000739,10/15/66,1/29/64,,,66000738
14000923,,Brown Bridge,Listed,Single,FALSE,,,STRUCTURE,VERMONT,Rutland,Shrewsbury,Spanning Cold River at Upper Cold River Road,,8/25/14,8/25/14,,,14000923
66000794,,"Coolidge, Calvin, Homestead District",Listed,Single,FALSE,130, POLITICS/GOVERNMENT,DISTRICT,VERMONT,Windsor,Plymouth Notch,Off VT 100A,https://catalog.archives.gov/id/84284890,10/15/66,6/23/65,,,66000794
68000046,,"Frost, Robert, Farm",Listed,Single,FALSE,150, LITERATURE,BUILDING,VERMONT,Addison,Ripton,"1 mi. N of VT 125, 3 mi. E of Ripton",https://catalog.archives.gov/id/84284860,5/23/68,5/23/68, Homer Noble Farm,,68000046
68000047,,"Frost, Robert, Farm",Listed,Single,FALSE,153, LITERATURE,BUILDING,VERMONT,Bennington,South Shaftsbury,0.25 mi. W of U.S. 7 on Buck Hill Rd.,,5/23/68,5/23/68, The Gully,,68000047
67000023,,"Marsh, George Perkins, Boyhood Home",Listed,Single,FALSE,40, COMMUNITY PLANNING AND DEVELOPMENT,BUILDING,VERMONT,Windsor,Woodstock,54 Elm St.,https://catalog.archives.gov/id/84284886,6/11/67,11/9/67, Marsh-Billings House; National Historic Site,,67000023
66000795,,"Morrill, Justin Smith, Homestead",Listed,Single,FALSE,3, EDUCATION,BUILDING,VERMONT,Orange,Strafford,S of the Common,https://catalog.archives.gov/id/84284874,10/15/66,9/22/60,,,66000795
71000079,,Mount Independence,Listed,Single,FALSE,0, MILITARY,SITE,VERMONT,Addison,Orwell,"On Lake Champlain opposite Fort Ticonderoga, NW of Orwell",https://catalog.archives.gov/id/84284989,9/3/71,11/28/72, See Also:Fort Ticonderoga,,71000079
79000231,,Naulakha,Listed,Single,FALSE,11, ARCHITECTURE; LITERATURE,BUILDING,VERMONT,Windham,Dummerston,Off U.S. 5,https://catalog.archives.gov/id/84285936,4/11/79,11/4/93,,,79000231
66000796,,Robbins and Lawrence Armory and Machine Shop,Listed,Single,FALSE,1.8, INDUSTRY; COMMERCE,BUILDING,VERMONT,Windsor,Windsor,S. Main St.,https://catalog.archives.gov/id/84284884,11/13/66,11/13/66, American Precision Museum;Cotton Mill Building,,66000796
79000232,,Rockingham Meetinghouse,Listed,Single,FALSE,4, EXPLORATION/SETTLEMENT; POLITICS/GOVERNMENT; ARCHITECTURE; RELIGION,BUILDING,VERMONT,Windham,Rockingham,Off VT 103,https://catalog.archives.gov/id/84285922,9/10/79,5/16/00,,,79000232
74000201,,Rokeby,Listed,Single,FALSE,9.9, LITERATURE,BUILDING,VERMONT,Addison,Ferrisburg,N of Ferrisburg off U.S. 7,https://catalog.archives.gov/id/84284977,6/20/74,12/9/97,,,74000201
74000355,,Round Church,Listed,Single,FALSE,9.9, ARCHITECTURE,BUILDING,VERMONT,Chittenden,Richmond,Bridge St. and Cochran Rd.,https://catalog.archives.gov/id/84285259,6/20/74,6/19/96,,,74000355
80000330,,Shelburne Farms,Listed,Single,FALSE,2000, LANDSCAPE ARCHITECTURE; ARCHITECTURE; AGRICULTURE,BUILDING,VERMONT,Chittenden,Shelburne,Off U.S. 7,https://catalog.archives.gov/id/84285167,8/11/80,1/3/01,,,80000330
98001267,,Socialist Labor Party Hall,Listed,Single,FALSE,0.9, SOCIAL HISTORY,BUILDING,VERMONT,Washington,Barre City,46 Granite St.,https://catalog.archives.gov/id/84284878,10/22/98,5/16/00, Barre's Old Labor Hall,,98001267
96000970,,St. Johnsbury Athenaeum,Listed,Single,FALSE,0.9, ARCHITECTURE; EDUCATION; ART,BUILDING,VERMONT,Caledonia,St. Johnsbury,30 Main St.,https://catalog.archives.gov/id/84284866,6/18/96,6/18/96, See Also:St.Johnsbury Main Street Historic District,,96000970
77000107,,Stellafane Observatory,Listed,Single,FALSE,3, EDUCATION; SCIENCE; INVENTION,BUILDING,VERMONT,Windsor,North Springfield,S of North Springfield off Breezy Hill Rd.,https://catalog.archives.gov/id/84286137,11/7/77,12/20/89,,,77000107
66000797,,TICONDEROGA,Listed,Single,FALSE,0.9, TRANSPORTATION; COMMUNICATIONS,STRUCTURE,VERMONT,Chittenden,Shelburne,Shelburne Museum,https://catalog.archives.gov/id/84284872,10/15/66,1/28/64, The Sidewheeler NICONDEROGA:TICONDEROGA Steamboat,,66000797
70000739,,Vermont Statehouse,Listed,Single,FALSE,2, POLITICS/GOVERNMENT; ARCHITECTURE,BUILDING,VERMONT,Washington,Montpelier,State St.,https://catalog.archives.gov/id/84285778,12/30/70,12/30/70, Statehouse,,70000739
66000798,,"Willard, Emma, House",Listed,Single,FALSE,2.1, EDUCATION,BUILDING,VERMONT,Addison,Middlebury,Middlebury College campus,https://catalog.archives.gov/id/84284858,10/15/66,12/21/65,,,66000798
66000743,,Columbus Landing Site,Listed,Single,FALSE,5, EXPLORATION/SETTLEMENT,SITE,VIRGIN ISLANDS,St. Croix,Salt River Bay,E of Greig Hill on Salt River Bay,https://catalog.archives.gov/id/131518845,10/15/66,10/9/60,,,66000743
77001329,,Fort Christian,Listed,Single,FALSE,1.7, MILITARY; EXPLORATION/SETTLEMENT,STRUCTURE,VIRGIN ISLANDS,St. Thomas,Charlotte Amalie,At St. Thomas Harbor,https://catalog.archives.gov/id/131518849,5/5/77,5/5/77,,,77001329
97001269,,Ft. Frederik of US Virgin Islands,Listed,Single,FALSE,2, EXPLORATION/SETTLEMENT; BLACK,BUILDING,VIRGIN ISLANDS,St. Croix,Frederiksted,"S. of jct. of Mahogany Rd. and VI 631, N end of Frederiksted",,9/25/97,9/25/97, Frederiksfort,,97001269
91001844,,Skytsborg,Listed,Single,FALSE,0.9, EXPLORATION/SETTLEMENT; MILITARY,BUILDING,VIRGIN ISLANDS,St. Thomas,Charlotte Amalie,39 Donningens Gade,https://catalog.archives.gov/id/131518851,12/20/91,10/12/94, Fogarthy's Castle;Kjaer's Castle;Blackbeard's Castle,,91001844
97001270,,St. Thomas Synagogue,Listed,Single,FALSE,0.9, RELIGION,BUILDING,VIRGIN ISLANDS,St. Thomas,Charlotte,"Crystal Gade #16AB, Queens Quarters",https://catalog.archives.gov/id/131518853,9/25/97,9/25/97, Beracha Veshalom Vegemiluth Hasadim;The Synagogue,,97001270
66000928,AD,Alexandria Historic District,Listed,Add.Doc.,FALSE,0, ARCHITECTURE; COMMERCE; INDUSTRY,district,VIRGINIA,Alexandria,Alexandria (Independent City),Prince & St. Asaph Sts.,,11/13/66,11/13/66, Subsequent AD documentation is National Register only,,66000928
69000282,,Aquia Church,Listed,Single,FALSE,8.5, ARCHITECTURE,BUILDING,VIRGINIA,Stafford,Garrisonville,N of jct. of U.S. 1 and VA 610,https://catalog.archives.gov/id/41683763,11/12/69,7/5/91,,,69000282
100011351,NL,Azurest South,Listed,NHL,FALSE,2, ARCHITECTURE; SOCIAL HISTORY,building,VIRGINIA,Chesterfield,Petersburg,2900 Boisseau St.,,,12/13/24,,,93001464
66000849,,Bacon's Castle,Listed,Single,FALSE,300, MILITARY; ARCHITECTURE,BUILDING,VIRGINIA,Surry,Bacon's Castle,Off VA 10,https://catalog.archives.gov/id/41679161,10/15/66,10/9/60, Arthur Allen House,,66000849
84003880,AD,Ball's Bluff Battlefield Historic District and National Cemetery,Listed,Add.Doc.,TRUE,3301, ARCHEOLOGY; HISTORIC - NON-ABORIGINAL; HISTORIC - ABORIGINAL; MILITARY; POLITICS/GOVERNMENT,district,VIRGINIA,Loudoun,Leesburg,Address Restricted,,4/27/84,4/27/84, VDHR 253-5021 / 053-0012-0005 ; Fort Evans; Catoctin Rural Historic District (VDHR 053-0012);  Chesapeake &amp; Ohio Canal National Historical Park Historic District (MT 12-46),Cheseapeake and Ohio Canal,84003880
66000956,,"Barracks, Virginia Military Institute",Listed,Single,FALSE,1, ARCHITECTURE,BUILDING,VIRGINIA,Lexington,Lexington (Independent City),N edge of Lexington on U.S. 11,https://catalog.archives.gov/id/41679067,10/15/66,12/21/65,,,66000956
66000848,,Belmont,Listed,Single,FALSE,27, ART,DISTRICT,VIRGINIA,Stafford,Falmouth,Off U.S. 1,https://catalog.archives.gov/id/41679157,10/15/66,12/21/65, Gari Melchers Home,,66000848
76002094,,Benjamin Banneker: SW 9 Intermediate Boundary Stone,Listed,Single,FALSE,0.9, COMMUNITY PLANNING AND DEVELOPMENT; AGRICULTURE; ENGINEERING; BLACK; SCIENCE; SOCIAL HISTORY; INVENTION,OBJECT,VIRGINIA,Arlington,Arlington,18th and Van Buren Sts.,https://catalog.archives.gov/id/41678985,5/11/76,5/11/76, Intermediate Stone of the District of Columbia,,76002094
71001040,,Berkeley,Listed,Single,FALSE,650, POLITICS/GOVERNMENT; ARCHITECTURE,BUILDING,VIRGINIA,Charles City,Charles City,8 mi. W of Charles City,https://catalog.archives.gov/id/41680016,11/11/71,11/11/71, Benjamin Harrison V Birthplace;Berkeley Plantation,,71001040
69000246,,Berry Hill,Listed,Single,FALSE,1275.5, ARCHITECTURE,BUILDING,VIRGINIA,Halifax,South Boston,S of jct. of Rtes. 659 and 682,https://catalog.archives.gov/id/41679041,11/25/69,11/11/71,,,69000246
100011353,NL,Blue Ridge Parkway,Listed,NHL,FALSE,95000,,,VIRGINIA,Augusta,Multiple,Blue Ridge Parkway,,,12/13/24,,,100011353
100011354,SG,Blue Ridge Parkway,Listed,Single,FALSE,95000,,,VIRGINIA,Augusta,Multiple,Blue Ridge Parkway,,,12/13/24,,,100011353
69000271,,Brandon,Listed,Single,FALSE,105, AGRICULTURE; ARCHITECTURE,BUILDING,VIRGINIA,Prince George,Burrowsville,W bank of the James River at the end of Rte. 611,https://catalog.archives.gov/id/41682692,11/12/69,4/15/70, Brandon Plantation;Lower Brandon,,69000271
69000241,,Bremo Plantation,Listed,Single,FALSE,1500, ARCHITECTURE; AGRICULTURE,DISTRICT,VIRGINIA,Fluvanna,Bremo Bluff,W of Bremo Bluff off U.S. 15,https://catalog.archives.gov/id/41680709,11/12/69,11/11/71, Bremo;Lower Bremo;Bremo Recess,,69000241
70000861,,Bruton Parish Church,Listed,Single,FALSE,0.9, ARCHITECTURE,BUILDING,VIRGINIA,Williamsburg,Williamsburg (Independent City),Duke of Gloucester St.,https://catalog.archives.gov/id/41679180,5/10/70,5/10/70,,,70000861
69000228,,Camden,Listed,Single,TRUE,1500, HISTORIC - ABORIGINAL; ARCHITECTURE,BUILDING,VIRGINIA,Caroline,Port Royal,Address Restricted,,11/12/69,11/11/71,,,69000228
88001825,,Camp Hoover,Listed,Single,FALSE,106, POLITICS/GOVERNMENT,DISTRICT,VIRGINIA,Madison,Graves Mill,Shenandoah National Park,https://catalog.archives.gov/id/41679089,6/7/88,6/7/88, Camp Rapidan,Shenandoah,88001825
66000910,,Cape Henry Lighthouse,Listed,Single,FALSE,1.8, TRANSPORTATION; COMMUNICATIONS,STRUCTURE,VIRGINIA,Virginia Beach,Virginia Beach (Independent City),Atlantic Ave. at U.S. 60,https://catalog.archives.gov/id/41679165,10/15/66,1/29/64,,Colonial,66000910
69000249,,Carter's Grove,Listed,Single,FALSE,406.9, ARCHITECTURE,BUILDING,VIRGINIA,James City,Williamsburg,SE of jct. of Rte. 667 and U.S. 60,https://catalog.archives.gov/id/41681379,11/12/69,4/15/70, Carter's Grove Plantation,,69000249
69000243,,Cedar Creek Battlefield and Belle Grove,Listed,Single,FALSE,900, MILITARY,DISTRICT,VIRGINIA,Frederick,Middletown,On I-81 between Middletown and Strasburg,https://catalog.archives.gov/id/41679027,8/11/69,8/11/69,,,69000243
69000243,ADNL,Cedar Creek Battlefield and Belle Grove,Done,NHL Updated Documentation,TRUE,10871.75, MILITARY,district,VIRGINIA,Warren,Strasburg,Address Restricted,,,9/2/24,,,69000243
66000841,,Christ Church,Listed,Single,FALSE,9.9, ARCHITECTURE,BUILDING,VIRGINIA,Lancaster,Irvington,3 mi. S of Kilmarnock on VA 3,https://catalog.archives.gov/id/41679065,10/15/66,5/30/61,,,66000841
70000899,,Christ Church,Listed,Single,FALSE,1, ARCHITECTURE,BUILDING,VIRGINIA,Alexandria,Alexandria (Independent City),SE corner of Cameron and Columbus Sts.,https://catalog.archives.gov/id/41678971,5/10/70,5/10/70,,,70000899
69000327,,City Hall,Listed,Single,FALSE,0.9, ARCHITECTURE,BUILDING,VIRGINIA,Richmond,Richmond (Independent City),"Bounded by 10th, Broad, 11th, and Capitol Sts.",https://catalog.archives.gov/id/41683175,10/1/69,11/11/71, Old City Hall;Richmond City Hall,,69000327
100006248,NL,"Cline, Patsy, House",Listed,NHL,FALSE,0.2, PERFORMING ARTS,building,VIRGINIA,Winchester,Winchester,608 S. Kent St.,,,1/13/21,,,05001230
76002095,,"Drew, Charles Richard, House",Listed,Single,FALSE,0.9, HEALTH/MEDICINE; BLACK; SOCIAL HISTORY,BUILDING,VIRGINIA,Arlington,Arlington,"2505 1st St., S.",https://catalog.archives.gov/id/41678987,5/11/76,5/11/76,,,76002095
70000862,,Drydock No. 1,Listed,Single,FALSE,2, MILITARY; MARITIME HISTORY,STRUCTURE,VIRGINIA,Portsmouth,Portsmouth (Independent City),Norfolk Naval Shipyard,https://catalog.archives.gov/id/41682616,2/26/70,11/11/71,,,70000862
69000321,,Egyptian Building,Listed,Single,FALSE,0.8, HEALTH/MEDICINE; EDUCATION; ARCHITECTURE,BUILDING,VIRGINIA,Richmond,Richmond (Independent City),SW corner of E. Marshall and College Sts.,https://catalog.archives.gov/id/41683211,4/16/69,11/11/71,,,69000321
85002798,,Eight-Foot High Speed Tunnel,Listed,Single,FALSE,0.9, OTHER; MILITARY; ENGINEERING; SCIENCE,STRUCTURE,VIRGINIA,Hampton,Hampton (Independent City),Langley Research Center,https://catalog.archives.gov/id/41681135,10/3/85,10/3/85, Eight-Foot Transonic Tunnel,,85002798
69000252,,Elsing Green,Listed,Single,FALSE,3000, POLITICS/GOVERNMENT; ARCHITECTURE,BUILDING,VIRGINIA,King William,Tunstall,SW of jct. of SR 632 and 623,https://catalog.archives.gov/id/41681468,11/12/69,11/11/71, Carter Braxton House,,69000252
69000322,,Exchange Building,Listed,Single,FALSE,0.3, COMMERCE; ARCHITECTURE,BUILDING,VIRGINIA,Petersburg,Petersburg (Independent City),15-19 W. Bank St.,https://catalog.archives.gov/id/41682526,6/11/69,11/11/71, Merchant's Exchange Building;The Exchange,,69000322
69000265,,Eyre Hall,Listed,Single,FALSE,0, ART,BUILDING,VIRGINIA,Northampton,Cheriton,3215 Eyre Hall Dr.,https://catalog.archives.gov/id/41682258,11/12/69,3/2/12,,,69000265
66000830,,Five Forks Battlefield,Listed,Single,FALSE,1300, MILITARY,SITE,VIRGINIA,Dinwiddie,Petersburg,12 mi. W of Petersburg on CR 627 at Church Rd.,https://catalog.archives.gov/id/41679013,10/15/66,12/19/60,,Petersburg,66000830
85003048,,"Ford, President Gerald R., Jr., House",Listed,Single,FALSE,0.9, POLITICS/GOVERNMENT,BUILDING,VIRGINIA,Alexandria,Alexandria (Independent City),514 Crown View Dr.,https://catalog.archives.gov/id/41678979,12/17/85,12/17/85,,,85003048
66000912,,Fort Monroe,Listed,Single,FALSE,400, MILITARY; POLITICS/GOVERNMENT,DISTRICT,VIRGINIA,Hampton,Hampton (Independent City),Old Point Comfort,https://catalog.archives.gov/id/41681127,10/15/66,12/19/60,,,66000912
66000912,ADNL,Fort Monroe,Done,NHL Updated Documentation,FALSE,400, MILITARY; POLITICS/GOVERNMENT,district,VIRGINIA,Hampton,Hampton (Independent City),At the intersection of US Route 258 (Mercury Boulevard) and State Road 143 (Mellon Street),,,12/13/24,,,66000912
72001380,,Fort Myer Historic District,Listed,Single,FALSE,200, MILITARY,DISTRICT,VIRGINIA,Arlington,Arlington,Arlington Blvd. (U.S. 50),,11/28/72,11/28/72," See Also:Quarters 1, Fort Myer",,72001380
78003146,,Franklin and Armfield Office,Listed,Single,FALSE,0.9, COMMERCE; SOCIAL HISTORY,BUILDING,VIRGINIA,Alexandria,Alexandria (Independent City),1315 Duke St.,https://catalog.archives.gov/id/41678975,6/2/78,6/2/78, 1315 Duke Street Apartments,,78003146
85002796,,Full Scale Tunnel,Listed,Single,FALSE,0.9, OTHER; MILITARY; ENGINEERING; SCIENCE,STRUCTURE,VIRGINIA,Hampton,Hampton (Independent City),Langley Research Center,https://catalog.archives.gov/id/41681133,10/3/85,10/3/85, 30- by 60-Foot Tunnel,,85002796
66000913,,Gadsby's Tavern,Listed,Single,FALSE,0.9, TRANSPORTATION; COMMUNICATIONS,BUILDING,VIRGINIA,Alexandria,Alexandria (Independent City),128 N. Royal St.,https://catalog.archives.gov/id/41678977,10/15/66,11/4/63,,,66000913
15000622,,George Washington Masonic National Memorial,Listed,Single,FALSE,,,,VIRGINIA,Alexandria,Alexandria,101 Callahan St.,,7/21/15,7/21/15,,,15000622
71001041,,"Glasgow, Ellen, House",Listed,Single,FALSE,0.3, LITERATURE; ARCHITECTURE,BUILDING,VIRGINIA,Richmond,Richmond (Independent City),1 W. Main St.,https://catalog.archives.gov/id/41683097,11/11/71,11/11/71, Branch-Glascow House,,71001041
76002183,,"Glass, Carter, House",Listed,Single,FALSE,1.5, COMMERCE; ECONOMICS; POLITICS/GOVERNMENT,BUILDING,VIRGINIA,Lynchburg,Lynchburg (Independent City),605 Clay St.,https://catalog.archives.gov/id/41679087,12/8/76,12/8/76,,,76002183
69000360,,Governor's Mansion,Listed,Single,FALSE,14.1, POLITICS/GOVERNMENT; ARCHITECTURE,BUILDING,VIRGINIA,Richmond,Richmond (Independent City),Capitol Sq.,https://catalog.archives.gov/id/41683189,6/4/69,6/7/88, Executive Mansion,,69000360
73002036,,Green Springs Historic District,Listed,Single,FALSE,14054, AGRICULTURE; ARCHITECTURE,DISTRICT,VIRGINIA,Louisa,Zion Crossroads,NE of Zion Crossroads on U.S. 15,https://catalog.archives.gov/id/41681673,3/7/73,5/30/74, See also:Boswell Tavern;Green Springs;Hawkwood;Ioria;West En,Fredericksburg/Spotyslvania National Military Park,73002036
66000829,,Greenway Court,Listed,Single,FALSE,5, EXPLORATION/SETTLEMENT,BUILDING,VIRGINIA,Clarke,White Post,1 mi. S of White Post on VA 277,https://catalog.archives.gov/id/41679011,10/15/66,10/9/60,,,66000829
66000832,,Gunston Hall,Listed,Single,FALSE,555.7, POLITICS/GOVERNMENT; ARCHITECTURE; LANDSCAPE ARCHITECTURE; HISTORIC - NON-ABORIGINAL,BUILDING,VIRGINIA,Fairfax,Mason Neck,10709 Gunston Rd.,https://catalog.archives.gov/id/41679017,10/15/66,12/19/60, Gunston Hall Manor,,66000832
69000323,,Hampton Institute,Listed,Single,FALSE,200, BLACK; EDUCATION,DISTRICT,VIRGINIA,Hampton,Hampton (Independent City),NW of jct. of U.S. 60 and the Hampton Roads Bridge Tunnel,https://catalog.archives.gov/id/41681119,11/12/69,5/30/74, Hampton Normal and Industrial Institute,,69000323
69000247,,Hanover County Courthouse,Listed,Single,FALSE,6.3, POLITICS/GOVERNMENT; ARCHITECTURE,BUILDING,VIRGINIA,Hanover,Hanover Court House,Jct. of Rte. 1006 and U.S. 301,https://catalog.archives.gov/id/41681191,10/1/69,11/7/73,,,69000247
81000640,,Holly Knoll,Listed,Single,FALSE,1, EDUCATION; SOCIAL HISTORY,BUILDING,VIRGINIA,Gloucester,Capahosic,Off RR 662,https://catalog.archives.gov/id/41679035,12/21/81,12/21/81, Robert R. Moton House,,81000640
84003494,,"Homestead, The",Listed,Single,FALSE,27, ARCHITECTURE; SOCIAL HISTORY; COMMERCE; ENTERTAINMENT/RECREATION,BUILDING,VIRGINIA,Bath,Hot Springs,US 220,https://catalog.archives.gov/id/41678993,5/3/84,7/17/91,,,84003494
69000219,,Humpback Bridge,Listed,Single,FALSE,0, ENGINEERING,STRUCTURE,VIRGINIA,Alleghany,Callaghan,"Spanning Dunlop Creek at bypassed section of former James River & Kanawha Turnpike (later, Midland Trail)",https://catalog.archives.gov/id/41679488,10/1/69,10/16/12,,,69000219
76002187,,Jackson Ward Historic District,Listed,Single,FALSE,130, COMMERCE; EDUCATION; BLACK; ARCHITECTURE; POLITICS/GOVERNMENT; SOCIAL HISTORY; RELIGION,DISTRICT,VIRGINIA,Richmond,Richmond (Independent City),"Roughly bounded by 5th, Marshall, and Gilmer Sts., and the Richmond-Petersburg Tpke.",https://catalog.archives.gov/id/41682967,7/30/76,6/16/78, Jackson Ward;see also:Sixth Mount Zion Baptist Church;,,76002187
67000027,,"Jackson, Thomas J., Headquarters",Listed,Single,FALSE,0.9, MILITARY,BUILDING,VIRGINIA,Winchester,Winchester (Independent City),415 N. Braddock St.,https://catalog.archives.gov/id/41679186,5/28/67,5/28/67, Stonewall Jackson Headquarters,,67000027
69000325,,Kenmore,Listed,Single,FALSE,1, ARCHITECTURE,BUILDING,VIRGINIA,Fredericksburg,Fredericksburg (Independent City),1201 Washington Ave.,https://catalog.archives.gov/id/41680859,6/4/69,4/15/70, Millbrook,,69000325
66000914,,"Lee Chapel, Washington and Lee University",Listed,Single,FALSE,0.9, MILITARY; EDUCATION,BUILDING,VIRGINIA,Lexington,Lexington (Independent City),Washington and Lee University campus,https://catalog.archives.gov/id/41679071,10/15/66,12/19/60,,,66000914
89001080,,"LIGHTSHIP No. 101, PORTSMOUTH",Listed,Single,FALSE,0.9, POLITICS/GOVERNMENT; ARCHITECTURE; SOCIAL HISTORY,STRUCTURE,VIRGINIA,Portsmouth,Portsmouth (Independent City),"London Slip, Elizabeth River",https://catalog.archives.gov/id/41679105,5/5/89,5/5/89, Lightship # 101;WAL 524;CAPE CHARLES;RELIEF;OVERFALLS;STONEH,,89001080
100011372,NL,Loudoun County Courthouse,Listed,NHL,FALSE,1.5,,,VIRGINIA,Loudoun,Leesburg,10 North King Street,,,12/13/24,,,100011372
100011373,SG,Loudoun County Courthouse,Listed,Single,FALSE,1.5,,,VIRGINIA,Loudoun,Leesburg,10 North King Street,,,12/13/24,,,100011372
85002808,,Lunar Landing Research Facility,Listed,Single,FALSE,0.9, OTHER; ENGINEERING; TRANSPORTATION,STRUCTURE,VIRGINIA,Hampton,Hampton (Independent City),Langley Research Center,https://catalog.archives.gov/id/41679047,10/3/85,10/3/85, Impact Dynamics Research Facility,,85002808
70000867,,Main Street Station and Trainshed,Listed,Single,FALSE,9.9, COMMERCE; ENGINEERING; TRANSPORTATION; ARCHITECTURE,BUILDING,VIRGINIA,Richmond,Richmond (Independent City),1020 E. Main St.,https://catalog.archives.gov/id/41683003,10/15/70,12/8/76, New Union Station;Seaboard Airline/Chesapeake &amp; Ohio Railroa,,70000867
96000972,,"Marshall, Gen. George C., House",Listed,Single,FALSE,4, MILITARY; POLITICS/GOVERNMENT,BUILDING,VIRGINIA,Loudoun,Leesburg,217 Edwards Ferry Rd.,https://catalog.archives.gov/id/41679081,6/19/96,6/19/96, Dodona Manor,,96000972
66000916,,"Marshall, John, House",Listed,Single,FALSE,0.9, LAW; POLITICS/GOVERNMENT,BUILDING,VIRGINIA,Richmond,Richmond (Independent City),9th and Marshall Sts.,https://catalog.archives.gov/id/41679143,10/15/66,12/19/60,,,66000916
66000846,,"McCormick, Cyrus, Farm and Workshop",Listed,Single,FALSE,644, AGRICULTURE; INVENTION,DISTRICT,VIRGINIA,Rockbridge,Steele's Tavern,S of Staunton on U.S. 11 and CR 606 at Walnut Grove,https://catalog.archives.gov/id/41679149,10/15/66,7/19/64, Walnut Grove,,66000846
69000276,,Menokin,Listed,Single,FALSE,143, POLITICS/GOVERNMENT; ARCHITECTURE,BUILDING,VIRGINIA,Richmond,Warsaw,NW of jct. of Rtes. 690 and 621,https://catalog.archives.gov/id/41682858,10/1/69,11/11/71, Francis Lightfoot Lee House,,69000276
76002112,,"Mitchell, Gen. William, House",Listed,Single,FALSE,120, MILITARY; ENGINEERING; INVENTION,BUILDING,VIRGINIA,Loudoun,Middleburg,0.5 mi. S of Middleburg on VA 626,https://catalog.archives.gov/id/41679079,12/8/76,12/8/76, Boxwood;Gen. Billy Mitchell House,,76002112
66000917,,Monroe Law Office,Listed,Single,FALSE,0.9, LAW; POLITICS/GOVERNMENT,BUILDING,VIRGINIA,Fredericksburg,Fredericksburg (Independent City),908 Charles St.,https://catalog.archives.gov/id/41679033,11/13/66,11/13/66, James Monroe Law Office,,66000917
71001044,,"Monroe, James, Tomb",Listed,Single,FALSE,0.9, POLITICS/GOVERNMENT; ARCHITECTURE,STRUCTURE,VIRGINIA,Richmond,Richmond (Independent City),"Hollywood Cemetery, 412 S. Cherry St.",https://catalog.archives.gov/id/41679127,11/11/71,11/11/71,,,71001044
66000826,,Monticello,Listed,Single,FALSE,1676, POLITICS/GOVERNMENT,BUILDING,VIRGINIA,Albemarle,Charlottesville,2 mi. S of Charlottesville on VA 53,https://catalog.archives.gov/id/41678966,10/15/66,12/19/60,,,66000826
66000843,,Montpelier,Listed,Single,FALSE,1100, POLITICS/GOVERNMENT,DISTRICT,VIRGINIA,Orange,Orange,4 mi. W of Orange on VA 20,https://catalog.archives.gov/id/41679097,10/15/66,12/19/60, James Madison Home,,66000843
70000883,AD,Monument Avenue Historic District,Listed,Add.Doc.,FALSE,116, COMMUNITY PLANNING AND DEVELOPMENT; LANDSCAPE ARCHITECTURE; ART; MILITARY; TRANSPORTATION; ARCHITECTURE,district,VIRGINIA,Richmond,Richmond (Independent City),"Bounded by Grace and Birch Sts., Park Ave., and Roseneath Rd.",,2/16/70,12/9/97, See Also:Monument Avenue Historic District (Boundary Increas,,70000883
69000326,,Monumental Church,Listed,Single,FALSE,0.5, ARCHITECTURE,BUILDING,VIRGINIA,Richmond,Richmond (Independent City),1224 E. Broad St.,https://catalog.archives.gov/id/41683077,4/16/69,11/11/71, Monumental Episcopal Church,,69000326
95001177,,"Moton, Robert Russa, High School",Listed,Single,FALSE,5, SOCIAL HISTORY; POLITICS/GOVERNMENT,BUILDING,VIRGINIA,Prince Edward,Farmville,Jct. of S. Main St. and Griffin Blvd.,https://catalog.archives.gov/id/41679109,10/24/95,8/5/98, Farmville Elementary School;VDHR File No. 144-53,,95001177
66000845,,Mount Airy,Listed,Single,FALSE,450, ARCHITECTURE,BUILDING,VIRGINIA,Richmond,Warsaw,W of Warsaw on U.S. 360,https://catalog.archives.gov/id/41679113,10/15/66,10/9/60, Mount Airy Plantation,,66000845
66000833,,Mount Vernon,Listed,Single,FALSE,400, MILITARY; POLITICS/GOVERNMENT,BUILDING,VIRGINIA,Fairfax,Alexandria,7 mi. S of Alexandria on George Washington Memorial Pkwy.,https://catalog.archives.gov/id/41679023,10/15/66,12/19/60,,,66000833
97001401,,Natural Bridge,Listed,Single,FALSE,5.9, TRANSPORTATION; PHILOSOPHY; NATIVE AMERICAN; ENTERTAINMENT/RECREATION; ART,SITE,VIRGINIA,Rockbridge,Natural Bridge,Jct. of VA 11 and VA 130,https://catalog.archives.gov/id/41679151,11/18/97,8/5/98, 081-0414,,97001401
01001046,,"New Kent School, George W Watkins School",Listed,Single,FALSE,,,BUILDING,VIRGINIA,New Kent,New Kent; Quinton,New Kent: 11825 New Kent Hwy; Watkins 6501 New Kent Hwy.,https://catalog.archives.gov/id/41679093,8/7/01,8/7/01,,,01001046
66000842,,Oak Hill,Listed,Single,FALSE,1290, POLITICS/GOVERNMENT,BUILDING,VIRGINIA,Loudoun,Leesburg,8 mi. S of Leesburg on U.S. 15,https://catalog.archives.gov/id/41679083,10/15/66,12/19/60, James Monroe Home,,66000842
69000255,,Oatlands,Listed,Single,FALSE,261, ARCHITECTURE,BUILDING,VIRGINIA,Loudoun,Leesburg,S of jct. of Rtes. 15 and 651,https://catalog.archives.gov/id/41681643,11/12/69,11/11/71,,,69000255
69000266,,Pear Valley,Listed,Single,FALSE,0, ART,BUILDING,VIRGINIA,Northampton,Eastville,Off (South) of VA 628,https://catalog.archives.gov/id/41682254,11/12/69,2/27/13,,,69000266
89000932,AD,"Pentagon, The (Additional Documentation)",Listed,Add.Doc.,FALSE,48.4, LANDSCAPE ARCHITECTURE; ENGINEERING; MILITARY; ARCHITECTURE; POLITICS/GOVERNMENT; OTHER,building,VIRGINIA,Arlington,Arlington,"Washington Blvd. (VA 27), Richmond Hwy. (VA 110), Shirley Hwy. (I 395)",https://catalog.archives.gov/id/41678991,7/27/89,10/5/92, Pentagon Office Building Complex,,89000932
100009350,BC,"Pentagon, The (Boundary Increase)",Listed,Boundary,FALSE,48.4, LANDSCAPE ARCHITECTURE; ENGINEERING; MILITARY; ARCHITECTURE; POLITICS/GOVERNMENT; OTHER,building,VIRGINIA,Arlington,Arlington,"Washington Blvd. (VA 27), Richmond Hwy. (VA 110), Shirley Hwy. (I 395)",https://catalog.archives.gov/id/41678991,9/11/23,10/5/92, Pentagon Office Building Complex,,89000932
06000239,,Petersburg Breakthrough Battlefield,Listed,Single,FALSE,647.7, MILITARY; POLITICS/GOVERNMENT,DISTRICT,VIRGINIA,Dinwiddie,Petersburg,Jct. of Duncan and Boydon Plank Rds.,https://catalog.archives.gov/id/41679015,2/17/06,2/17/06,,,06000239
81000643,,Pittsylvania County Courthouse,Listed,Single,FALSE,0.5, LAW; POLITICS/GOVERNMENT; ARCHITECTURE,BUILDING,VIRGINIA,Pittsylvania,Chatham,US 29,https://catalog.archives.gov/id/41682570,10/29/81,5/4/87,,,81000643
94001651,,Pocahontas Mine No. 1,Listed,Single,FALSE,9.9, INDUSTRY,DISTRICT,VIRGINIA,Tazewell,Pocahontas,"Rt. 659, Reedsville Hollow Rd.",https://catalog.archives.gov/id/41679163,10/12/94,10/12/94, Baby Mine;see also:Pocahontas Historic District,,94001651
69000223,AD,Poplar Forest (Additional Documentation),Listed,Add.Doc.,FALSE,800, ARCHITECTURE; AGRICULTURE; ETHNIC HERITAGE-BLACK; LANDSCAPE ARCHITECTURE; POLITICS/GOVERNMENT; ARCHEOLOGY-HISTORIC NON-ABORIGINAL,district,VIRGINIA,Bedford,Lynchburg,S of jct. of Rtes. 661 and 460,https://catalog.archives.gov/id/41679766,11/12/69,11/11/71, VDHR ID 009-0027,,69000223
100012286,BC,Poplar Forest (Boundary Decrease and Boundary Increase),Listed,Boundary,FALSE,590, ARCHITECTURE; AGRICULTURE; ETHNIC HERITAGE-BLACK; LANDSCAPE ARCHITECTURE; POLITICS/GOVERNMENT; ARCHEOLOGY-HISTORIC NON-ABORIGINAL,district,VIRGINIA,Bedford,Lynchburg,1776 Poplar Forest Parkway,https://catalog.archives.gov/id/41679766,9/24/25,11/11/71, VDHR ID 009-0027,,69000223
79003038,,Potomac Canal Historic District,Listed,Single,FALSE,25, ENGINEERING; POLITICS/GOVERNMENT,DISTRICT,VIRGINIA,Fairfax,Great Falls,E of Great Falls,https://catalog.archives.gov/id/41680533,10/18/79,12/17/82, Patowmack Canal Historic District,George Washington Memorial Parkway,79003038
03001033,,Prestwould,Listed,Single,FALSE,46, BLACK; LANDSCAPE ARCHITECTURE,BUILDING,VIRGINIA,Mecklenburg,Clarksville,"US 15, near the jct. of VA 49",https://catalog.archives.gov/id/41679091,7/31/03,7/31/03,,,03001033
72001382,,"Quarters 1, Fort Myer",Listed,Single,FALSE,0, MILITARY,BUILDING,VIRGINIA,Arlington,Arlington,Grant Ave.,https://catalog.archives.gov/id/41678989,11/28/72,11/28/72, See Also:Fort Myer Historic District,,72001382
70000863,,"Randolph, Peyton, House",Listed,Single,FALSE,1, ARCHITECTURE,BUILDING,VIRGINIA,Williamsburg,Williamsburg (Independent City),Corner of Nicholson and N. England Sts.,https://catalog.archives.gov/id/41679176,4/15/70,4/15/70, Randolph-Peachy House,,70000863
74002126,,"Randolph, Virginia, Cottage",Listed,Single,FALSE,0, EDUCATION,BUILDING,VIRGINIA,Henrico,Glen Allen,2200 Mountain Rd.,https://catalog.archives.gov/id/41679057,12/2/74,12/2/74, Virginia E. Randolph Museum;Virginia Cardwell Cottage;Home E,,74002126
85002809,,Rendezvous Docking Simulator,Listed,Single,FALSE,0.9, OTHER; ENGINEERING; TRANSPORTATION,OBJECT,VIRGINIA,Hampton,Hampton (Independent City),Langley Research Center,https://catalog.archives.gov/id/41679049,10/3/85,10/3/85, Real-Time Dynamic Simulator,,85002809
71000987,,Reynolds Homestead,Listed,Single,FALSE,7, INDUSTRY; COMMERCE; ARCHITECTURE,BUILDING,VIRGINIA,Patrick,Critz,N of Critz on VA 798,https://catalog.archives.gov/id/41682450,9/22/71,12/22/77, Rock Spring Plantation,,71000987
71000979,,Ripshin,Listed,Single,FALSE,140, EDUCATION,BUILDING,VIRGINIA,Grayson,Trout Dale,Near jct. of VA 603 and 732,https://catalog.archives.gov/id/41681011,9/22/71,11/11/71, Ripshin Farm;Sherwoood Anderson Farm,,71000979
66000919,,Rising Sun Tavern,Listed,Single,FALSE,0.9, COMMERCE; COMMUNICATIONS,BUILDING,VIRGINIA,Fredericksburg,Fredericksburg (Independent City),1306 Caroline St.,https://catalog.archives.gov/id/41679031,10/15/66,1/29/64,,,66000919
66000937,,"Rotunda, University of Virginia",Listed,Single,FALSE,0, EDUCATION,BUILDING,VIRGINIA,Charlottesville,Charlottesville (Independent City),University of Virginia,https://catalog.archives.gov/id/41679007,10/15/66,12/21/65, See Also:University of Virginia Historic District,,66000937
66000837,,"Ruffin, Edmund, Plantation",Listed,Single,FALSE,1200, POLITICS/GOVERNMENT; AGRICULTURE,DISTRICT,VIRGINIA,Hanover,Richmond,11 mi. NE of Richmond on U.S. 360,https://catalog.archives.gov/id/41679051,10/15/66,7/19/64, Marlbourne,,66000837
69000277,,Sabine Hall,Listed,Single,FALSE,177.2, ARCHITECTURE,BUILDING,VIRGINIA,Richmond,Tappahannock,S of jct. of Rtes. 624 and 360,https://catalog.archives.gov/id/41682856,11/12/69,4/15/70,,,69000277
70000788,,Saratoga,Listed,Single,FALSE,268.5, MILITARY; ARCHITECTURE,BUILDING,VIRGINIA,Clarke,Boyce,SE of jct. of Rtes. 723 and 617,https://catalog.archives.gov/id/41680240,2/26/70,11/7/73,,,70000788
82001518,,SAVANNAH (nuclear ship),Listed,Single,FALSE,2.5, TRANSPORTATION; MARITIME HISTORY; POLITICS/GOVERNMENT; ENGINEERING; COMMERCE,STRUCTURE,VIRGINIA,York,Newport News,James River reserve fleet,,11/14/82,7/17/91,,,82001518
85002436,,Sayler's Creek Battlefield,Listed,Single,FALSE,1021, MILITARY; POLITICS/GOVERNMENT,SITE,VIRGINIA,Amelia,Farmville,"VA 617, 618, and 619",https://catalog.archives.gov/id/41678983,2/4/85,2/4/85,,,85002436
66000835,,Scotchtown,Listed,Single,FALSE,41, MILITARY; POLITICS/GOVERNMENT,BUILDING,VIRGINIA,Hanover,Ashland,10 mi. NW of Ashland on VA 685,https://catalog.archives.gov/id/41679055,10/15/66,12/21/65, Patrick Henry House,,66000835
70000864,,"Semple, James, House",Listed,Single,FALSE,1, ARCHITECTURE,BUILDING,VIRGINIA,Williamsburg,Williamsburg (Independent City),S side of Frances St. between Blair and Walker Sts.,https://catalog.archives.gov/id/41679182,4/15/70,4/15/70,,,70000864
76002090,,Shack Mountain,Listed,Single,FALSE,100.9, ART; ARCHITECTURE,BUILDING,VIRGINIA,Albemarle,Charlottesville,2 mi. NNW of Charlottesville near jct. of VA 657 and 743,https://catalog.archives.gov/id/41679301,9/1/76,10/5/92,,,76002090
69000328,,Shirley,Listed,Single,FALSE,800, ARCHITECTURE,BUILDING,VIRGINIA,Charles City,Charles City,5 mi. N of Hopewell off VA 608,https://catalog.archives.gov/id/41680024,10/1/69,4/15/70,,,69000328
97000375,,Skyline Drive Historic District,Listed,Multiple,FALSE,3190, COMMUNITY PLANNING AND DEVELOPMENT; CONSERVATION; ENGINEERING; ARCHITECTURE; POLITICS/GOVERNMENT; ENTERTAINMENT/RECREATION; SOCIAL HISTORY; TRANSPORTATION; LANDSCAPE ARCHITECTURE,DISTRICT,VIRGINIA,Page,Luray,"Shenandoah National Park, from the N entrance station at Front Royal to the S entrance station at Rockfish Gap",https://catalog.archives.gov/id/41678969,4/28/97,10/6/08,,Shenandoah,97000375
71000991,,Spence's Point,Listed,Single,FALSE,1800, LITERATURE,BUILDING,VIRGINIA,Westmoreland,Westmoreland,"On Sandy Point Neck, on VA 749",https://catalog.archives.gov/id/41679172,11/11/71,11/11/71, John R. Dos Passos Farm,,71000991
66000920,,St. John's Episcopal Church,Listed,Single,FALSE,2, POLITICS/GOVERNMENT,BUILDING,VIRGINIA,Richmond,Richmond (Independent City),E. Broad St. between 24th and 25th Sts.,https://catalog.archives.gov/id/41679145,10/15/66,1/20/61, New Church;Church on Richmond Hill,,66000920
66000838,,St. Luke's Church,Listed,Single,FALSE,5, ARCHITECTURE,BUILDING,VIRGINIA,Isle Of Wight,Smithfield,4 mi. S of Smithfield on VA 10,https://catalog.archives.gov/id/41679059,10/15/66,10/9/60, Newport Parish Church;Old Brick;St. Luke's Smithfield,,66000838
69000263,,St. Peter's Church,Listed,Single,FALSE,0.9, ARCHITECTURE; SOCIAL HISTORY,BUILDING,VIRGINIA,New Kent,Talleysville/Tunstall,8400 Saint Peter's Ln.,https://catalog.archives.gov/id/41682052,10/1/69,3/2/12,,,69000263
100006254,NL,Stabler-Leadbeater Apothecary Shop,Listed,NHL,FALSE,0.9, COMMERCE; HEALTH/MEDICINE; ARCHITECTURE,building,VIRGINIA,Alexandria,Alexandria (Independent City),105-107 S. Fairfax,,,1/13/21,,,82001796
66000851,,Stratford Hall,Listed,Single,FALSE,1164, MILITARY; POLITICS/GOVERNMENT; ARCHITECTURE,BUILDING,VIRGINIA,Westmoreland,Lerty,N of Lerty on VA 214,https://catalog.archives.gov/id/41679170,10/15/66,6/30/61,,,66000851
66000921,,Thoroughgood House,Listed,Single,FALSE,4, ARCHITECTURE,BUILDING,VIRGINIA,Virginia Beach,Virginia Beach (Independent City),E of Norfolk on Lynnhaven River,https://catalog.archives.gov/id/41683977,10/15/66,10/9/60, The Adam Thoroughgood House,,66000921
66000921,AD,Thoroughgood House,Returned,Add.Doc.,FALSE,4, ARCHITECTURE,BUILDING,VIRGINIA,Virginia Beach,Virginia Beach (Independent City),E of Norfolk on Lynnhaven River,,10/15/66,10/9/60, The Adam Thoroughgood House,,66000921
100002195,BC,Thoroughgood House (Boundary Increase),Returned,Boundary,TRUE,2.45, HISTORIC - ABORIGINAL; HISTORIC - NON-ABORIGINAL; PREHISTORIC,site,VIRGINIA,Virginia Beach,Virginia Beach (Independent City),Address Restricted,,10/15/66,10/9/60, VDHR #-134-0033; 44VB0063,,66000921
77001495,,Thunderbird Archeological District,Listed,Single,TRUE,250, PREHISTORIC,DISTRICT,VIRGINIA,Warren,Limeton,Address Restricted,,5/5/77,5/5/77, Thunderbird Site (44Wr11);Fifty Site (44Wr50);Fifty Bog (44W,,77001495
71001048,,Tredegar Iron Works,Listed,Single,FALSE,22, INDUSTRY; MILITARY,DISTRICT,VIRGINIA,Richmond,Richmond (Independent City),500 Tredegar St.,https://catalog.archives.gov/id/41679137,7/2/71,12/22/77,,,71001048
68000049,AD,Tuckahoe,Listed,Add.Doc.,FALSE,568, POLITICS/GOVERNMENT; ARCHITECTURE; AGRICULTURE; TRANSPORTATION; CONSERVATION; ART; ETHNIC HERITAGE-BLACK,district,VIRGINIA,Goochland,Manakin,SE of Manakin near jct. of Rtes. 650 and 647,,11/22/68,8/11/69, Tuckahoe Plantation,,68000049
66000922,,"Tyler, John, House",Listed,Single,FALSE,40, POLITICS/GOVERNMENT,BUILDING,VIRGINIA,Charles City,Charles City,4 mi. E of Charles City on VA 5,https://catalog.archives.gov/id/41679003,10/15/66,7/4/61, Sherwood Forest,,66000922
70000865,,University Of Virginia Historic District,Listed,Single,FALSE,0, EDUCATION,DISTRICT,VIRGINIA,Charlottesville,Charlottesville (Independent City),"Bounded by University and Jefferson Park Aves., and Hospital and McCormick Rds.",https://catalog.archives.gov/id/41680103,11/20/70,11/11/71," See Also:Rotunda, University of Virginia",,70000865
69000329,,Valentine Museum,Listed,Single,FALSE,0.7, ARCHITECTURE,BUILDING,VIRGINIA,Richmond,Richmond (Independent City),1005--1015 E. Clay St.,https://catalog.archives.gov/id/41683177,6/11/69,11/11/71, Wickham-Valentine House,,69000329
85002795,,Variable Density Tunnel,Listed,Single,FALSE,0.9, OTHER; ENGINEERING; SCIENCE,STRUCTURE,VIRGINIA,Hampton,Hampton (Independent City),Langley Research Center,https://catalog.archives.gov/id/41679045,10/3/85,10/3/85,,,85002795
74002219,,Virginia Military Institute Historic District,Listed,Single,FALSE,60, MILITARY,DISTRICT,VIRGINIA,Lexington,Lexington (Independent City),VMI campus,https://catalog.archives.gov/id/41679073,5/30/74,5/30/74," See Also:Barracks, Virginia Military Institute;Stono",,74002219
66000911,AD,Virginia State Capitol,Listed,Add.Doc.,FALSE,14, POLITICS/GOVERNMENT; ARCHITECTURE,building,VIRGINIA,Richmond,Richmond (Independent City),Capitol Square,,10/15/66,12/19/60, Confederate Capitol; Capitol of Virginia; VDHR# 127-00021,,66000911
71001047,,Washington and Lee University Historic District,Listed,Single,FALSE,0, EDUCATION; ARCHITECTURE,DISTRICT,VIRGINIA,Lexington,Lexington (Independent City),W and L University campus,https://catalog.archives.gov/id/41681502,11/11/71,11/11/71," See Also:Lee Chapel, Washington and Lee University",,71001047
00000259,,"Washington, George, Boyhood Home Site",Listed,Single,FALSE,68.8, HISTORIC - NON-ABORIGINAL; EXPLORATION/SETTLEMENT; OTHER,SITE,VIRGINIA,Stafford,Fredericksburg,237 King's Highway,https://catalog.archives.gov/id/41679153,2/16/00,2/16/00, Ferry Farm; 44ST174,,00000259
69000256,,Waterford Historic District,Listed,Single,FALSE,0, COMMERCE; EXPLORATION/SETTLEMENT; ARCHITECTURE; RELIGION,DISTRICT,VIRGINIA,Loudoun,Waterford,NW of Leesburg on Rte. 665,https://catalog.archives.gov/id/41681645,6/3/69,4/15/70, Waterford; VDHR# 401-0123,,69000256
69000256,ADNL,Waterford Historic District,Done,NHL Updated Documentation,FALSE,0, COMMERCE; EXPLORATION/SETTLEMENT; ARCHITECTURE; RELIGION,district,VIRGINIA,Loudoun,Waterford,NW of Leesburg on Rte. 665,,,4/15/70,,,69000256
66000923,,Westover,Listed,Single,FALSE,1025, LITERATURE; POLITICS/GOVERNMENT; ARCHITECTURE,BUILDING,VIRGINIA,Charles City,Charles City,7 mi. W of Charles City on VA 5,https://catalog.archives.gov/id/41678999,10/15/66,10/9/60,,,66000923
66000924,,White House of the Confederacy,Listed,Single,FALSE,0, MILITARY; POLITICS/GOVERNMENT,BUILDING,VIRGINIA,Richmond,Richmond (Independent City),Clay and 12th Sts.,https://catalog.archives.gov/id/41679141,10/15/66,12/19/60, Brockenbrough Mansion;Museum of the Confederacy;Dr. John Bro,,66000924
66000925,,Williamsburg Historic District,Listed,Single,FALSE,173, CONSERVATION; POLITICS/GOVERNMENT; ARCHITECTURE,DISTRICT,VIRGINIA,Williamsburg,Williamsburg (Independent City),"Bounded by Francis, Waller, Nicholson, N. England, Lafayette, and Nassau Sts.",https://catalog.archives.gov/id/41679184,10/15/66,10/9/60,,,66000925
66000926,,"Wilson, Woodrow, Birthplace",Listed,Single,FALSE,0.9, POLITICS/GOVERNMENT,BUILDING,VIRGINIA,Staunton,Staunton (Independent City),N. Coalter St. between Beverly and Frederick Sts.,https://catalog.archives.gov/id/41679159,10/15/66,7/19/64, The Manse,,66000926
70000792,,Woodlawn Plantation,Listed,Single,FALSE,160, ARCHITECTURE; POLITICS/GOVERNMENT; CONSERVATION,BUILDING,VIRGINIA,Fairfax,Alexandria,W of jct. of U.S. 1 and Rte. 235,https://catalog.archives.gov/id/41680506,2/26/70,8/5/98,,,70000792
66000929,,"Wren Building, College of William and Mary",Listed,Single,FALSE,3, EDUCATION,BUILDING,VIRGINIA,Williamsburg,Williamsburg (Independent City),College of William and Mary campus,https://catalog.archives.gov/id/41679174,10/15/66,10/9/60, Old College Yard,,66000929
70000866,,Wythe House,Listed,Single,FALSE,1, POLITICS/GOVERNMENT; ARCHITECTURE,BUILDING,VIRGINIA,Williamsburg,Williamsburg (Independent City),W side of the Palace Green,https://catalog.archives.gov/id/41679178,4/15/70,4/15/70,,,70000866
69000331,,Yeocomico Church,Listed,Single,FALSE,15, ARCHITECTURE,BUILDING,VIRGINIA,Westmoreland,Tucker Hill,SW of Tucker Hill on Rte. 66,https://catalog.archives.gov/id/41684120,11/12/69,4/15/70,,,69000331
89001067,,ADVENTURESS,Listed,Single,FALSE,0.9, ARCHITECTURE; MARITIME HISTORY,STRUCTURE,WASHINGTON,King,Seattle,Lake Union Drydock,https://catalog.archives.gov/id/75611918,4/11/89,4/11/89, Schooner ADVENTURESS,,89001067
09000465,,"American and English Camps, San Juan Island",Listed,Single,FALSE,300, MILITARY,DISTRICT,WASHINGTON,San Juan,Friday Harbor,San Juan Island,https://catalog.archives.gov/id/75611947,10/15/66,11/5/61,,San Juan,09000465
89001078,,ARTHUR FOSS (tugboat),Listed,Single,FALSE,0.9, INDUSTRY; MILITARY; ARCHITECTURE; MARITIME HISTORY,STRUCTURE,WASHINGTON,King,Kirkland,Moss Bay waterfront,https://catalog.archives.gov/id/75611920,4/11/89,4/11/89, ex-WALLOWA;Tugboat Arthur Foss,,89001078
66000747,,Chinook Point,Listed,Single,FALSE,286, MILITARY; EXPLORATION/SETTLEMENT,SITE,WASHINGTON,Pacific,Chinook,5 mi. SE of Fort Columbia Historical State Park on U.S. 101,https://catalog.archives.gov/id/75611932,10/15/66,7/4/61,,,66000747
89001448,,DUWAMISH,Listed,Single,FALSE,0.9, POLITICS/GOVERNMENT; ARCHITECTURE,STRUCTURE,WASHINGTON,King,Seattle,"Lake Washington Ship Canal, Chittenden Locks",https://catalog.archives.gov/id/75611914,6/30/89,6/30/89, Fireboat DUWAMISH,,89001448
83004254,,FIREBOAT NO.1,Listed,Single,FALSE,0.1, ENGINEERING; POLITICS/GOVERNMENT; ARCHITECTURE; MARITIME HISTORY; SOCIAL HISTORY,STRUCTURE,WASHINGTON,Pierce,Tacoma,Marine Park on Ruxton Way,https://catalog.archives.gov/id/75611934,12/2/83,6/30/89,,,83004254
70000647,,Fort Nisqually Granary and Factor's House,Listed,Single,FALSE,24.8, EXPLORATION/SETTLEMENT; ARCHITECTURE,BUILDING,WASHINGTON,Pierce,Tacoma,Point Defiance Park,https://catalog.archives.gov/id/75611943,4/15/70,4/15/70,,,70000647
74001954,,Fort Worden,Listed,Single,FALSE,503.1, MILITARY; ENGINEERING,DISTRICT,WASHINGTON,Jefferson,Port Townsend,Cherry and W Sts.,https://catalog.archives.gov/id/75612271,3/15/74,12/8/76, Fort Worden Historic District,,74001954
100011364,NL,Fort Worden,Listed,NHL,FALSE,503.14, MILITARY; ENGINEERING,district,WASHINGTON,Jefferson,Port Townsend,Cherry Street at W Street,,,12/13/24,,,74001954
92000245,,Hanford B Reactor,Listed,Single,FALSE,9.5, MILITARY; ENGINEERING; SCIENCE; POLITICS/GOVERNMENT,STRUCTURE,WASHINGTON,Benton,Richland,"Near jct. of WA 24 and WA 240, Hanford Site",https://catalog.archives.gov/id/75611905,4/3/92,8/19/08, 105-B,,92000245
87001338,,Longmire Buildings,Listed,Single,FALSE,0.9, ARCHITECTURE,BUILDING,WASHINGTON,Pierce,Mount Rainier National Park,Longmire,https://catalog.archives.gov/id/75611938,5/28/87,5/28/87," Longmire Administration Building,Community Building,and Serv",Mount Rainier,87001338
66000745,,Marmes Rockshelter,Listed,Single,TRUE,0.8, PREHISTORIC,SITE,WASHINGTON,Franklin,Lyons Ferry,Address Restricted,,10/15/66,7/19/64, (45-FR-50),,66000745
97000344,,Mount Rainier National Park,Listed,Multiple,FALSE,1362, TRANSPORTATION; COMMUNITY PLANNING AND DEVELOPMENT; POLITICS/GOVERNMENT; ARCHITECTURE; LANDSCAPE ARCHITECTURE,DISTRICT,WASHINGTON,Pierce,Ashford,Tahoma Woods--Star Rt.,https://catalog.archives.gov/id/75611945,2/18/97,2/18/97,,Mount Rainier,97000344
92001883,,Navy Yard Puget Sound,Listed,Single,FALSE,189, MILITARY,DISTRICT,WASHINGTON,Kitsap,Bremerton,N shore of Sinclair Inlet,https://catalog.archives.gov/id/75611930,8/27/92,8/27/92, Bremerton Navy Yard;Puget Sound Naval Shipyard,,92001883
06000462,,Panama Hotel,Listed,Single,FALSE,,,BUILDING,WASHINGTON,King,Seattle,605 South Main St. and 302 6th Ave. South,https://catalog.archives.gov/id/75611926,3/20/06,3/20/06, Hashidate Yu,,06000462
87001336,,Paradise Inn,Listed,Single,FALSE,1.7, ENTERTAINMENT/RECREATION; ARCHITECTURE,BUILDING,WASHINGTON,Pierce,Mount Rainier National Park,Paradise,https://catalog.archives.gov/id/75611940,5/28/87,5/28/87,,Mount Rainier,87001336
77001340,,"Pioneer Building, Pergola, and Totem Pole",Listed,Single,FALSE,0, ARCHITECTURE; SOCIAL HISTORY,DISTRICT,WASHINGTON,King,Seattle,5th Ave. and Yesler Way,https://catalog.archives.gov/id/75611922,5/5/77,5/5/77,,,77001340
66000746,,Port Gamble Historic District,Listed,Single,FALSE,95, INDUSTRY,DISTRICT,WASHINGTON,Kitsap,Port Gamble,"NW end of Kitsap Peninsula near entrance to Hood Canal, Puget Sound",https://catalog.archives.gov/id/75611928,11/13/66,11/13/66,,,66000746
76001883,,Port Townsend Historic District,Listed,Single,FALSE,200, COMMERCE; TRANSPORTATION; EXPLORATION/SETTLEMENT; POLITICS/GOVERNMENT; ARCHITECTURE; SOCIAL HISTORY,DISTRICT,WASHINGTON,Jefferson,Port Townsend,"Roughly bounded by Scott, Blaine, Walker, and Taft Sts., and the Waterfront",https://catalog.archives.gov/id/75612269,5/17/76,5/6/77, See Also:Fowler House;Rothschild House;St. Paul's Episcopal,,76001883
75001852,,RELIEF (lightship),Listed,Single,FALSE,0.9, COMMERCE; TRANSPORTATION; ARCHITECTURE; SOCIAL HISTORY,STRUCTURE,WASHINGTON,King,Kirkland,Central Waterfront at Moss Bay,https://catalog.archives.gov/id/75612590,4/23/75,4/11/89," ""Blunts"";""San Fransisco"";Lightship No. 83",,75001852
66000369,,San Juan Island National Historic Site,Listed,Single,FALSE,1221, MILITARY; POLITICS/GOVERNMENT,DISTRICT,WASHINGTON,San Juan,Friday Harbor,Between Haro Strait and San Juan Channel,https://catalog.archives.gov/id/75613137,10/15/66,11/5/61," English Camp and American Camp;English and American Camps,Sa",San Juan Island,66000369
78002755,,Seattle Electric Company Georgetown Steam Plant,Listed,Single,FALSE,4, ENGINEERING,BUILDING,WASHINGTON,King,Seattle,Off WA 99 at King County Airport,https://catalog.archives.gov/id/75612626,8/1/78,7/5/84, Georgetown Steam Plant,,78002755
92001880,,USCGC FIR,Listed,Single,FALSE,0.9, TRANSPORTATION; MARITIME HISTORY; ARCHITECTURE,STRUCTURE,WASHINGTON,King,Seattle,"1519 Alaskan Way, S.",,4/27/92,4/27/92, U.S. Coast Guard Cutter FIR (WLM 212),,92001880
91002065,,USS HORNET,Listed,Single,FALSE,0.1, MARITIME HISTORY; EXPLORATION/SETTLEMENT,STRUCTURE,WASHINGTON,Kitsap,Bremerton,Puget Sound Naval Shipyard,https://catalog.archives.gov/id/123857879,12/4/91,12/4/91, USS HORNET (CVS-12),,91002065
73001875,,VIRGINIA V,Listed,Single,FALSE,0.9, ARCHITECTURE; MARITIME HISTORY; TRANSPORTATION; COMMERCE,STRUCTURE,WASHINGTON,King,Seattle,"4250 21st Ave., W.",https://catalog.archives.gov/id/75612588,4/24/73,10/5/92,,,73001875
72001270,,W. T. PRESTON (snagboat),Listed,Single,FALSE,0.9, POLITICS/GOVERNMENT; ARCHITECTURE; MARITIME HISTORY,STRUCTURE,WASHINGTON,Skagit,Anacortes,"Anacortes waterfront, R Ave., at foot of 7th St.",https://catalog.archives.gov/id/75613159,3/16/72,5/5/89,,,72001270
87001337,,Yakima Park Stockade Group,Listed,Single,FALSE,3.5, ARCHITECTURE,DISTRICT,WASHINGTON,Pierce,Mount Rainier National Park,Sunrise (Yakima Park),https://catalog.archives.gov/id/75611936,5/28/87,5/28/87," North and South Blockhouses,Museum,and Stockade at Sunrise",Mount Rainier,87001337
70000667,,Andrews Methodist Church,Listed,Single,FALSE,1, SOCIAL HISTORY,BUILDING,WEST VIRGINIA,Taylor,Grafton,E. Main St. between St. John and Luzader Sts.,https://catalog.archives.gov/id/86536161,12/18/70,10/5/92, Mothers` Day Shrine;Andrews Methodist Episcopal Churchy,,70000667
03001045,,Baltimore and Ohio Railroad Martinsburg Shops,Listed,Single,FALSE,3, TRANSPORTATION; ENGINEERING; ARCHITECTURE; INVENTION; SOCIAL HISTORY,BUILDING,WEST VIRGINIA,Berkeley,Martinsburg,300 East Martin Street,https://catalog.archives.gov/id/86534592,7/31/03,7/31/03, See Also: 80004415,,03001045
70000651,,"Campbell, Alexander, Mansion",Listed,Single,FALSE,3.7, POLITICS/GOVERNMENT; RELIGION; EDUCATION; LITERATURE,BUILDING,WEST VIRGINIA,Brooke,Bethany,E of Bethany on WV 67,https://catalog.archives.gov/id/86534853,10/15/70,4/19/94,,,70000651
92001881,,Clover Site,Listed,Single,TRUE,11, HISTORIC - ABORIGINAL,SITE,WEST VIRGINIA,Cabell,Lesage,Address Restricted,,4/27/92,4/27/92, 46Cb40,,92001881
96001129,,Davis and Elkins Historic District,Listed,Single,FALSE,2, POLITICS/GOVERNMENT,DISTRICT,WEST VIRGINIA,Randolph,Elkins,Davis and Elkins College Campus,https://catalog.archives.gov/id/86534619,6/19/96,6/19/96," See also:Graceland,70000666;Elkins,Sen.S.B.,House,82004329",,96001129
83003249,,Elkins Coal and Coke Company Historic District,Listed,Single,FALSE,36, INDUSTRY; ENGINEERING,DISTRICT,WEST VIRGINIA,Preston,Bretz,Off WV 7,https://catalog.archives.gov/id/86534617,7/1/83,5/4/83, Mercury Coal and Coke Company,,83003249
82004329,,"Elkins, Senator Stephen Benton, House",Listed,Single,FALSE,0.8, ARCHITECTURE; POLITICS/GOVERNMENT; EDUCATION; INDUSTRY,BUILDING,WEST VIRGINIA,Randolph,Elkins,Davis and Elkins College Campus,https://catalog.archives.gov/id/86536103,9/2/82,6/7/88, Halliehurst;See also Davis and Elkins Historic District NHL,,82004329
70000666,,Graceland,Listed,Single,FALSE,1, INDUSTRY; EDUCATION; ARCHITECTURE,BUILDING,WEST VIRGINIA,Randolph,Elkins,Davis and Elkins College campus,https://catalog.archives.gov/id/86536079,9/17/70,6/19/96, Mansion of Senator Henry Gassaway Davis;See also: Davis and,,70000666
66000751,,Grave Creek Mound,Listed,Single,FALSE,2.1, PREHISTORIC,STRUCTURE,WEST VIRGINIA,Marshall,Moundsville,Off SR 2,https://catalog.archives.gov/id/86534605,10/15/66,7/19/64,,,66000751
74002000,,"Greenbrier, The",Listed,Single,FALSE,6075.3, LANDSCAPE ARCHITECTURE; MILITARY; ENTERTAINMENT/RECREATION; POLITICS/GOVERNMENT; ARCHITECTURE,DISTRICT,WEST VIRGINIA,Greenbrier,White Sulphur Springs,Off U.S. 60,https://catalog.archives.gov/id/86535069,10/9/74,6/21/90, White Sulpher Springs;The Old White,,74002000
100009833,NL,Jefferson County Courthouse,Listed,NHL,FALSE,0.3, SOCIAL HISTORY,building,WEST VIRGINIA,Jefferson,Charles Town,100 E. Washington Street,,,12/11/23,,,73001910
93000303,,Matewan Historic District,Listed,Single,FALSE,12.5, COMMERCE; TRANSPORTATION; ARCHITECTURE; SOCIAL HISTORY,DISTRICT,WEST VIRGINIA,Mingo,Matewan,"Roughly bounded by McCoy Alley, Railroad Alley, Mate St. underpass and Warm Hollow to the head of the hollow",https://catalog.archives.gov/id/86534607,4/27/93,2/18/97,,,93000303
92001876,,Mother Jones' Prison,Removed,Single,FALSE,0.9, INDUSTRY; SOCIAL HISTORY; ECONOMICS,BUILDING,WEST VIRGINIA,Kanawha,Pratt,305 Center St.,,,4/27/92, Mrs. Carney's Boarding House;See Also:Pratt Historic Distric,,92001876
70000652,,"Old Main, Bethany College",Listed,Single,FALSE,1, EDUCATION; ARCHITECTURE,BUILDING,WEST VIRGINIA,Brooke,Bethany,Bethany College campus,https://catalog.archives.gov/id/86534849,8/25/70,6/21/90,,,70000652
72001291,,Reber Radio Telescope,Listed,Single,FALSE,0.3, SCIENCE; INVENTION,STRUCTURE,WEST VIRGINIA,Pocahontas,Green Bank,"National Radio Astronomy Observatory, NE of Green Bank on WV 28",https://catalog.archives.gov/id/86535964,11/9/72,12/20/89,,,72001291
72001288,,Traveller's Rest,Listed,Single,FALSE,202.5, MILITARY,BUILDING,WEST VIRGINIA,Jefferson,Kearneysville,3.3 mi. NW of Leetown on WV 48,https://catalog.archives.gov/id/86534601,11/15/72,11/28/72, Gen. Horatio Gates House,,72001288
66000752,,"Wade, Alexander, House",Listed,Single,FALSE,0.9, EDUCATION,BUILDING,WEST VIRGINIA,Monongalia,Morgantown,256 Prairie St.,https://catalog.archives.gov/id/86534609,10/15/66,12/21/65,,,66000752
70000660,,West Virginia Independence Hall,Listed,Single,FALSE,0.4, MILITARY; POLITICS/GOVERNMENT; ARCHITECTURE,BUILDING,WEST VIRGINIA,Ohio,Wheeling,1524 Market St.,https://catalog.archives.gov/id/86535911,1/26/70,6/20/88, United States Custom House;Wheeling Custom House;Independenc,,70000660
78002805,,Weston State Hospital,Listed,Single,FALSE,26.5, HEALTH/MEDICINE; POLITICS/GOVERNMENT; ARCHITECTURE,BUILDING,WEST VIRGINIA,Lewis,Weston,River St.,https://catalog.archives.gov/id/86535527,4/19/78,6/21/90, The Lunatic Asylum West of the Allegheny Mountains;Weston Ho,,78002805
70000662,,Wheeling Suspension Bridge,Listed,Single,FALSE,9, ENGINEERING,STRUCTURE,WEST VIRGINIA,Ohio,Wheeling,"Over Ohio River from 10th St., Wheeling, to Virginia St., Wheeling Island",https://catalog.archives.gov/id/86535935,1/26/70,5/15/75,,,70000662
66000800,,Astor Fur Warehouse,Listed,Single,FALSE,0.9, COMMERCE; EXPLORATION/SETTLEMENT,BUILDING,WISCONSIN,Crawford,Prairie du Chien,"Water St., St. Feriole Island",https://catalog.archives.gov/id/106779834,10/15/66,10/9/60, American Fur Company Warehouse,,66000800
66000022,,Aztalan,Listed,Single,FALSE,120, PREHISTORIC,SITE,WISCONSIN,Jefferson,Lake Mills,"Near Lake Mills on WI 89, Aztalan State Park",https://catalog.archives.gov/id/106779869,10/15/66,7/19/64,,,66000022
72000047,,"Bradley, Harold C., House",Listed,Single,FALSE,1.3, ARCHITECTURE,BUILDING,WISCONSIN,Dane,Madison,106 N. Prospect Ave.,https://catalog.archives.gov/id/106780326,2/23/72,1/7/76,,,72000047
66000801,,"Brisbois, Michael, House",Listed,Single,FALSE,0.9, EXPLORATION/SETTLEMENT; ARCHITECTURE,BUILDING,WISCONSIN,Crawford,Prairie du Chien,"Water St., St. Feriole Island",https://catalog.archives.gov/id/106779836,10/15/66,10/9/60,,,66000801
97001268,,"Day, Dr. Fisk Holbrook, House",Listed,Single,FALSE,1.6, SCIENCE; SOCIAL HISTORY; ARCHITECTURE,BUILDING,WISCONSIN,Milwaukee,Wauwatosa,8000 W. Milwaukee Ave.,https://catalog.archives.gov/id/106779877,9/25/97,9/25/97, Sunnyhill Home,,97001268
66000122,,Dousman Hotel,Listed,Single,FALSE,3, COMMERCE; EXPLORATION/SETTLEMENT; ARCHITECTURE,BUILDING,WISCONSIN,Crawford,Prairie du Chien,Fisher St. and River Rd.,https://catalog.archives.gov/id/106779838,10/15/66,10/9/60,,,66000122
72000044,,Farmers and Merchants Union Bank,Listed,Single,FALSE,0.9, ARCHITECTURE,BUILDING,WISCONSIN,Columbia,Columbus,159 W. James St.,https://catalog.archives.gov/id/106780190,10/18/72,1/7/76,,,72000044
73000076,,First Unitarian Society Meetinghouse,Listed,Single,FALSE,4.4, ARCHITECTURE,BUILDING,WISCONSIN,Dane,Shorewood Hills,900 University Bay Dr.,https://catalog.archives.gov/id/106780411,4/11/73,8/18/04,,,73000076
66000121,,Fort Crawford Military Hospital,Listed,Single,FALSE,0, HEALTH/MEDICINE,SITE,WISCONSIN,Crawford,Prairie du Chien,Rice Street and South Beaumont Rd.,https://catalog.archives.gov/id/106779840,10/15/66,10/9/60, Museum of Medical Progress,,66000121
90000471,,Fountain Lake Farm,Listed,Single,FALSE,80, CONSERVATION,SITE,WISCONSIN,Marquette,Montello,Co. Hwy. F and Gillette Rd.,https://catalog.archives.gov/id/106779875,6/21/90,6/21/90, Wisconsin Farm Home of John Muir,,90000471
84003720,,Fourth Street School,Listed,Multiple,FALSE,1.1, ARCHITECTURE; POLITICS/GOVERNMENT; EUROPEAN,BUILDING,WISCONSIN,Milwaukee,Milwaukee,333 W. Galena St.,https://catalog.archives.gov/id/106779879,8/2/84,12/14/90, Golda Meir School,,84003720
71000040,,"Garland, Hamlin, House",Listed,Single,FALSE,0.5, LITERATURE,BUILDING,WISCONSIN,La Crosse,West Salem,357 W. Garland St.,https://catalog.archives.gov/id/106779871,11/11/71,11/11/71,,,71000040
05000763,,Greendale Historic District,Listed,Single,FALSE,200, ARCHITECTURE; COMMUNITY PLANNING AND DEVELOPMENT,DISTRICT,WISCONSIN,Milwaukee,Greendale,Roughly bounded by W. Grange Ave. and Catalpa St.,https://catalog.archives.gov/id/106781660,7/29/05,10/16/12,,,05000763
93001615,,"Greene, Thomas A., Memorial Museum",Listed,Single,FALSE,0.9, EDUCATION; SCIENCE,BUILDING,WISCONSIN,Milwaukee,Milwaukee,3367 N. Downer Ave.,,11/4/93,11/4/93, Greene Geological Museum;Greene Museum,,93001615
77000049,,How-Beckman Mill,Listed,Single,TRUE,10.6, INDUSTRY; COMMERCE; SOCIAL HISTORY,BUILDING,WISCONSIN,Rock,Beloit,Address Restricted,,9/7/77,11/13/66, Beckman's Mill,,77000049
03001037,,"Jacobs, Herbert and Katherine, First House",Listed,Single,FALSE,0.9, ARCHITECTURE,BUILDING,WISCONSIN,Dane,Madison,441 Toepfer Avenue,https://catalog.archives.gov/id/106779848,7/31/03,7/31/03,,,03001037
03001038,,"Jacobs, Herbert and Katherine, Second House",Listed,Single,FALSE,4.5, ARCHITECTURE,BUILDING,WISCONSIN,Dane,Middleton,3995 Shawn Trail,https://catalog.archives.gov/id/106779850,7/31/03,7/31/03,,,03001038
75000076,,"Johnson, Herbert F., House",Listed,Single,FALSE,11.8, ARCHITECTURE,BUILDING,WISCONSIN,Racine,Wind Point,33 E. Four Mile Rd.,https://catalog.archives.gov/id/106782209,1/8/75,6/29/89, Wingspread;Johnson Foundation Headquarters,,75000076
74002275,,"Johnson, S.C., and Son Administration Building and Research Tower",Listed,Single,FALSE,2.8, ENGINEERING; ARCHITECTURE,BUILDING,WISCONSIN,Racine,Racine,1525 Howe St.,https://catalog.archives.gov/id/106782213,12/27/74,1/7/76,,,74002275
66000020,,"LaFollette, Robert M., House",Listed,Single,FALSE,2, POLITICS/GOVERNMENT,BUILDING,WISCONSIN,Dane,Maple Bluff,733 Lakewood Blvd.,https://catalog.archives.gov/id/106779852,10/15/66,1/29/64,,,66000020
78000082,,"Leopold, Aldo, Shack",Listed,Single,FALSE,264, CONSERVATION; LITERATURE; SCIENCE; PHILOSOPHY,BUILDING,WISCONSIN,Sauk,Fairfield Township,"Portions of Sections 33 & 34, Town 13 North, Range 7 East",https://catalog.archives.gov/id/106782466,7/14/78,1/16/09, Aldo Leopold Shack and Farm,,78000082
73000079,,Little White Schoolhouse,Listed,Single,FALSE,0.9, POLITICS/GOVERNMENT,BUILDING,WISCONSIN,Fond Du Lac,Ripon,SE corner of Blackburn and Blossom Sts.,https://catalog.archives.gov/id/106780959,8/14/73,5/30/74, Birthplace of the Republican Party,,73000079
73000079,MV,Little White Schoolhouse,Rejected,Move,FALSE,0.9, POLITICS/GOVERNMENT,BUILDING,WISCONSIN,Fond Du Lac,Ripon,1074 West Fond du Lac St.,https://catalog.archives.gov/id/106780959,8/14/73,5/30/74, Birthplace of the Republican Party,,73000079
16000861,,Man Mound,Listed,Single,FALSE,1.51, ARCHEOLOGY; ART; PREHISTORIC; RELIGION,site,WISCONSIN,Sauk,Town of Greenfield,Man Mound Road,,10/31/16,10/31/16, Greenfield Man Mound; Man Mound Park,,16000861
72000065,MP,Milton House,Listed,Multiple,FALSE,0.5, TRANSPORTATION; ARCHITECTURE; SOCIAL HISTORY,BUILDING,WISCONSIN,Rock,Milton,18 S. Janesville St.,https://catalog.archives.gov/id/106779403,2/1/72,8/5/98," Goodrich, Joseph, House and Cabin",,72000065
73000085,,Milwaukee City Hall,Listed,Single,FALSE,1, ARCHITECTURE,BUILDING,WISCONSIN,Milwaukee,Milwaukee,200 E. Wells St.,https://catalog.archives.gov/id/106781717,3/14/73,4/5/05,,,73000085
87002553,,Namur Belgian-American District,Listed,Single,FALSE,3500, EUROPEAN; ARCHITECTURE,DISTRICT,WISCONSIN,Door,Namur,"Roughly bounded by CR K, Brussels Rd., WI 57, Belgian Dr., and the Green Bay",https://catalog.archives.gov/id/106779862,11/6/89,12/14/90, Namur Historic District,,87002553
66000021,,"North Hall, University of Wisconsin",Listed,Single,FALSE,0.9, EDUCATION,BUILDING,WISCONSIN,Dane,Madison,University of Wisconsin campus,https://catalog.archives.gov/id/106779854,10/15/66,12/21/65,,,66000021
05000530,,"Northwestern Branch, National Home for Disabled Volunteer Soldiers Historic District",Listed,Single,FALSE,150, SOCIAL HISTORY; HEALTH/MEDICINE; ARCHITECTURE; POLITICS/GOVERNMENT; LANDSCAPE ARCHITECTURE,DISTRICT,WISCONSIN,Milwaukee,Milwaukee,5000 W. National Ave.,https://catalog.archives.gov/id/106781755,6/3/05,6/17/11, National Soldier's Home Historic District,,05000530
66000023,,Oconto Site,Listed,Single,FALSE,75, PREHISTORIC,SITE,WISCONSIN,Oconto,Oconto,Copper Culture State Park,https://catalog.archives.gov/id/106779891,10/15/66,1/20/61,,,66000023
72000063,,Pabst Theater,Listed,Single,FALSE,0.3, EUROPEAN; ARCHITECTURE; PERFORMING ARTS,BUILDING,WISCONSIN,Milwaukee,Milwaukee,144 E. Wells St.,https://catalog.archives.gov/id/106781767,4/11/72,12/4/91,,,72000063
69000032,,Ringling Brothers Circus Headquarters,Listed,Single,FALSE,0, ENTERTAINMENT/RECREATION,DISTRICT,WISCONSIN,Sauk,Baraboo,"Bounded roughly by Water, Brian, Lynn, and East Sts.",https://catalog.archives.gov/id/106779901,8/4/69,8/4/69, Ringlingville,,69000032
100009834,NL,Rock Island Site II,Listed,NHL,TRUE,, HISTORIC - ABORIGINAL; NATIVE AMERICAN,,WISCONSIN,Door,Rock Island State Park,Address Restricted,,,12/11/23,,,100009834
100009835,SG,Rock Island Site II,Listed,Single,TRUE,, HISTORIC - ABORIGINAL; NATIVE AMERICAN,,WISCONSIN,Door,Rock Island State Park,Address Restricted,,,12/11/23,,,100009834
97001266,,Schoonmaker Reef,Listed,Single,FALSE,1.4, SCIENCE,SITE,WISCONSIN,Milwaukee,Milwaukee,"N of West St., between N. 66th St. and N. 64th St. extended",https://catalog.archives.gov/id/106779885,9/25/97,9/25/97, Wauwatosa Reef;Schoonmaker Quarry;Raphu Station;Francey Reef,,97001266
75000067,,Silver Mound Archeological District,Listed,Single,TRUE,970, PREHISTORIC,DISTRICT,WISCONSIN,Jackson,Alma Center,Address Restricted,,1/17/75,2/17/06,,,75000067
93001617,,Soldiers' Home Reef,Listed,Single,FALSE,3.5, SCIENCE,SITE,WISCONSIN,Milwaukee,Milwaukee,"NE of jct. of Wood Ave. and General Mitchell Blvd., Clement J. Zablocki Veterans Affairs Medical Center grounds",https://catalog.archives.gov/id/106779887,11/4/93,11/4/93, Rocky Point;National Military Asylum Reef;Veterans' Hill;Sta,,93001617
73000081,,Taliesin,Listed,Single,FALSE,490, LANDSCAPE ARCHITECTURE; EDUCATION; ARCHITECTURE,DISTRICT,WISCONSIN,Iowa,Spring Green,2 mi. S of Spring Green on WI 23,https://catalog.archives.gov/id/106781179,4/14/73,1/7/76,,,73000081
03001042,,Ten Chimneys,Listed,Single,FALSE,101, PERFORMING ARTS; ARCHITECTURE,BUILDING,WISCONSIN,Waukesha,Town of Genesee,S42 W31610 Depot Road and W314 S4151 WI 83,,7/31/03,7/31/03," Fontanne, Lynne House; Lunt, Alfred, House",,03001042
77000041,,Turner Hall,Listed,Single,FALSE,0.3, SOCIAL HISTORY; PHILOSOPHY; POLITICS/GOVERNMENT; ARCHITECTURE; EUROPEAN,BUILDING,WISCONSIN,Milwaukee,Milwaukee,1034 N. 4th St.,https://catalog.archives.gov/id/106781848,11/7/77,11/15/96,,,77000041
100006237,NL,University of Wisconsin Arboretum,Listed,NHL,FALSE,1280, CONSERVATION; EDUCATION; ARCHITECTURE,district,WISCONSIN,Dane,Madison,1207 Seminole Hwy.,,,1/13/21,,,
93001618,,University of Wisconsin Armory and Gymnasium,Listed,Single,FALSE,1, POLITICS/GOVERNMENT,BUILDING,WISCONSIN,Dane,Madison,716 Langdon St.,https://catalog.archives.gov/id/106779856,11/4/93,11/4/93, Red Gym;Old Red,,93001618
02000600,,University of Wisconsin Dairy Barn,Listed,Single,FALSE,1.8, SCIENCE,BUILDING,WISCONSIN,Dane,Madison,1915 Linden Dr.,https://catalog.archives.gov/id/106780660,5/31/02,4/5/05,,,02000600
93001616,,University of Wisconsin Science Hall,Listed,Single,FALSE,0.9, SCIENCE; COMMUNICATIONS,BUILDING,WISCONSIN,Dane,Madison,550 N. Park St.,https://catalog.archives.gov/id/106779858,11/4/93,11/4/93,,,93001616
86000087,,USS COBIA (submarine),Listed,Single,FALSE,0.9, MILITARY,STRUCTURE,WISCONSIN,Manitowoc,Manitowoc,809 S. Eighth St.,https://catalog.archives.gov/id/106779873,1/14/86,1/14/86, SS-245,,86000087
97001267,,Van Hise Rock,Listed,Single,FALSE,0.9, SCIENCE,SITE,WISCONSIN,Sauk,Rock Springs,"WI 136, 0.75 mi. N of WI 154",https://catalog.archives.gov/id/106779903,9/25/97,9/25/97,,,97001267
66000123,,Villa Louis,Listed,Single,FALSE,17, COMMERCE; EXPLORATION/SETTLEMENT; ARCHITECTURE,SITE,WISCONSIN,Crawford,Prairie du Chien,Villa Rd. and Bolvin St.,https://catalog.archives.gov/id/106779842,10/15/66,10/9/60, Dousman Mansion,,66000123
70000031,,Wisconsin State Capitol,Listed,Single,FALSE,13.4, ART; POLITICS/GOVERNMENT; ARCHITECTURE; INVENTION,BUILDING,WISCONSIN,Dane,Madison,Capitol Sq.,https://catalog.archives.gov/id/106780692,10/15/70,1/3/01,,,70000031
16000860,,Ames Monument (NHL),Listed,Single,FALSE,8.44, ARCHITECTURE,structure,WYOMING,Albany,Laramie,"2 mi. south of CR 234 (Monument Rd.) & I-80. (NE 1/4 NW 1/4, Section 6, T.13, N.R.71, W. of 6th P.M.)",,10/31/16,10/31/16,,,16000860
68000056,,Expedition Island,Listed,Single,FALSE,20, EXPLORATION/SETTLEMENT,SITE,WYOMING,Sweetwater,Green River,"S of Union Pacific RR bridge, near E bank of the Green River",https://catalog.archives.gov/id/73730097,11/24/68,11/24/68,,,68000056
69000191,,Fort David A. Russell,Listed,Single,FALSE,630, MILITARY,DISTRICT,WYOMING,Laramie,Cheyenne,West side of Cheyenne,https://catalog.archives.gov/id/73730488,10/1/69,5/15/75, Fort Francis E. Warren;Francis E. Warren Air Force Base,,69000191
66000756,,Fort Phil Kearny and Associated Sites,Listed,Single,FALSE,1720, NATIVE AMERICAN; MILITARY,SITE,WYOMING,Johnson,Story,On SR W off U.S. 87,https://catalog.archives.gov/id/73730064,10/15/66,12/19/60,,,66000756
03001032,,Fort Yellowstone,Listed,Single,FALSE,47.6, CONSERVATION; MILITARY; POLITICS/GOVERNMENT,DISTRICT,WYOMING,Park,Mammoth Hot Springs,"Mammoth Hot Springs, WY; Norris, WY; Gardiner, MT, near Buffalo Lake, ID",https://catalog.archives.gov/id/73730078,7/31/03,7/31/03,,Yellowstone,03001032
85003167,,Heart Mountain Relocation Center,Listed,Single,FALSE,123.9, MILITARY; POLITICS/GOVERNMENT; ASIAN; SOCIAL HISTORY,DISTRICT,WYOMING,Park,Ralston,1/2 mi. from WY Alt. 14 between Cody and Powell/ 1500 Road 19,https://catalog.archives.gov/id/73730085,12/19/85,9/20/06,,,85003167
100000877,NL,Hell Gap Paleoindian Site (48GO305),Listed,NHL,TRUE,,,,WYOMING,Goshen,Guernsey,Address Restricted,,,12/23/16,,,100000877
66000758,,Horner Site,Listed,Single,TRUE,34, PREHISTORIC,SITE,WYOMING,Park,Cody,Address Restricted,,10/15/66,1/20/61, Horner Site;48PR29 Creek Site;Horner's Corner Site,,66000758
66000757,,Independence Rock,Listed,Single,FALSE,170, EXPLORATION/SETTLEMENT,SITE,WYOMING,Natrona,Casper,60 mi. SW of Casper on WY 220,https://catalog.archives.gov/id/73730074,10/15/66,1/20/61,,,66000757
03001039,,Jackson Lake Lodge,Listed,Single,FALSE,144, ARCHITECTURE; ENTERTAINMENT/RECREATION; CONSERVATION,DISTRICT,WYOMING,Teton,Moran,Teton Park Road,https://catalog.archives.gov/id/73730101,7/31/03,7/31/03,,Grand Teton National Park,03001039
97001260,,Lake Guernsey State Park,Listed,Single,FALSE,8602, LANDSCAPE ARCHITECTURE; ARCHITECTURE; CONSERVATION; POLITICS/GOVERNMENT; COMMUNITY PLANNING AND DEVELOPMENT,DISTRICT,WYOMING,Platte,Guernsey,1 mi. NW of Guernsey,https://catalog.archives.gov/id/73730091,9/25/97,9/25/97, Lake Guernsey Park;Guernsey Lake Park; Guernsey State Park,,97001260
91000637,,Lake Hotel,Listed,Single,FALSE,6.1, COMMERCE; ARCHITECTURE,BUILDING,WYOMING,Teton,Yellowstone National Park (YELL),North side of Lake Yellowstone St.,https://catalog.archives.gov/id/73730749,5/16/91,2/27/15,,Yellowstone,91000637
82001720,,Madison Museum,Listed,Multiple,FALSE,0.9, ARCHITECTURE; EDUCATION,BUILDING,WYOMING,Teton,Madison Junction,Yellowstone National Park,https://catalog.archives.gov/id/73730021,7/9/82,5/28/87," See Also:Norris, Madison, and Fishing Bridge Museums",Yellowstone,82001720
69000184,,Medicine Wheel-Medicine Mountain,Listed,Single,TRUE,5, PREHISTORIC; HISTORIC - NON-ABORIGINAL,SITE,WYOMING,Big Horn,Kane,Address Restricted,,4/16/69,8/29/70,,,69000184
98001039,,Murie Ranch Historic District,Listed,Multiple,FALSE,73.2, CONSERVATION,DISTRICT,WYOMING,Teton,Moose,1/2 mi. SW of park HQ,https://catalog.archives.gov/id/73730103,8/24/98,2/17/06, STS Dude Ranch;Stella Woodbury Summer Home;48TE1143;See Also,Grand Teton National Park,98001039
83003362,,Norris Museum/Norris Comfort Station,Listed,Multiple,FALSE,0.5, ARCHITECTURE; EDUCATION; ENTERTAINMENT/RECREATION,BUILDING,WYOMING,Park,Yellowstone National Park,Grand Loop Rd.,https://catalog.archives.gov/id/73729941,7/21/83,5/28/87," See Also:Norris, Madison, Fishing Bridge Museums",Yellowstone,83003362
87001445,,"Norris, Madison, and Fishing Bridge Museums",Listed,Single,FALSE,2.3, ARCHITECTURE,DISTRICT,WYOMING,Park,Yellowstone National Park,"Norris Geyser Basin, Madison Junction, and Fishing Bridge",https://catalog.archives.gov/id/73730105,5/28/87,5/28/87, See Also:Norris Museum/Norris Comfort Station;Madison Museum,Yellowstone,87001445
96000973,,Obsidian Cliff,Listed,Single,FALSE,3580, PREHISTORIC; COMMERCE; INDUSTRY,SITE,WYOMING,Park,Mammoth,"Approx. 13 mi. S of Mammoth;E. side of US 89, S. of ObsidianCliff Kiosk",https://catalog.archives.gov/id/73730081,6/19/96,6/19/96, 48YE433,Yellowstone,96000973
73000226,,Old Faithful Inn,Listed,Single,FALSE,8, CONSERVATION; ARCHITECTURE,BUILDING,WYOMING,Teton,West Thumb,W of West Thumb at Old Faithful on Grand Loop Rd.,https://catalog.archives.gov/id/73730735,7/23/73,5/28/87,,Yellowstone,73000226
66000761,,Oregon Trail Ruts,Listed,Single,FALSE,200, EXPLORATION/SETTLEMENT,SITE,WYOMING,Platte,Guernsey,"S side of the North Platte River, 0.5 mi. S of Guernsey",https://catalog.archives.gov/id/73730089,10/15/66,5/23/66,,,66000761
78002830,,"Penney, J. C., Historic District",Listed,Single,FALSE,1.2, COMMERCE,DISTRICT,WYOMING,Lincoln,Kemmerer,J. C. Penney Ave. and S. Main St.,https://catalog.archives.gov/id/73730072,6/2/78,6/2/78,,,78002830
100009836,NL,Quebec 01 Launch Control Facility,Listed,NHL,FALSE,, POLITICS/GOVERNMENT; MILITARY,,WYOMING,Laramie,Chugwater,"2025 Road 238 (southwest of Exit 39, Interstate 25)",,,12/11/23,,,100009836
100009837,SG,Quebec 01 Launch Control Facility,Listed,Single,FALSE,, POLITICS/GOVERNMENT; MILITARY,,WYOMING,Laramie,Chugwater,"2025 Road 238 (southwest of Exit 39, Interstate 25)",,,12/11/23,,,100009836
66000762,,Sheridan Inn,Listed,Single,FALSE,1.5, COMMERCE,BUILDING,WYOMING,Sheridan,Sheridan,Broadway and 5th St.,https://catalog.archives.gov/id/73730093,10/15/66,1/29/64,,,66000762
66000754,,South Pass,Listed,Single,FALSE,0, EXPLORATION/SETTLEMENT,structure,WYOMING,Fremont,South Pass City,About 10 mi. SW of South Pass City on WY 28,https://catalog.archives.gov/id/73730062,10/15/66,1/20/61,,,66000754
70000670,,South Pass City Historic District,Listed,Single,FALSE,640, INDUSTRY; COMMERCE; TRANSPORTATION; POLITICS/GOVERNMENT; COMMUNICATIONS,DISTRICT,WYOMING,Fremont,South Pass City,South Pass Rd.,https://catalog.archives.gov/id/73730352,2/26/70,1/20/61,,,70000670
66000753,,"Sun, Tom, Ranch",Listed,Single,FALSE,4160, COMMERCE; AGRICULTURE,BUILDING,WYOMING,Carbon,Independence Rock,6 mi. W of Independence Rock on WY 220,https://catalog.archives.gov/id/73730076,10/15/66,12/19/60, Sun Ranch,,66000753
66000760,,Swan Land and Cattle Company Headquarters,Listed,Single,FALSE,60, EXPLORATION/SETTLEMENT,BUILDING,WYOMING,Platte,Chugwater,E side of Chugwater,https://catalog.archives.gov/id/73730087,10/15/66,7/19/64,,,66000760
73001934,,Union Pacific Railroad Depot,Listed,Single,FALSE,1, COMMERCE; TRANSPORTATION; ARCHITECTURE,BUILDING,WYOMING,Laramie,Cheyenne,121 W. 15th St.,https://catalog.archives.gov/id/73730484,1/29/73,2/15/06,,,73001934
66000763,,Upper Green River Rendezvous Site,Listed,Single,FALSE,1200, EXPLORATION/SETTLEMENT,SITE,WYOMING,Sublette,Daniel,On Green River above and below Daniel,https://catalog.archives.gov/id/73730095,10/15/66,11/5/61,,,66000763
66000759,,Wapiti Ranger Station,Listed,Single,FALSE,0.9, CONSERVATION,BUILDING,WYOMING,Park,Wapiti,Shoshone National Forest,https://catalog.archives.gov/id/73730083,10/15/66,5/23/63,,,66000759
73001935,,Wyoming State Capitol and Grounds,Listed,Single,FALSE,4, LANDSCAPE ARCHITECTURE; POLITICS/GOVERNMENT; ARCHITECTURE,BUILDING,WYOMING,Laramie,Cheyenne,24th St. and Capitol Ave.,https://catalog.archives.gov/id/73730416,1/29/73,5/4/87, Wyoming Capitol Building and Grounds,,73001935
100011409,NL,Wyoming State Capitol Building and Grounds WYOMING STATE CAPITOL BUILDING AND GROUNDS,Listed,NHL,FALSE,4, LANDSCAPE ARCHITECTURE; POLITICS/GOVERNMENT; ARCHITECTURE,building,WYOMING,Laramie,Cheyenne,24th St. and Capitol Ave.,,,9/2/24,,,73001935