Announcement Date,Parent Company,Company,Facility Name,Phase,City,State,Manufacturing Focus,Component Category,EV/Battery Production,Announcement Effective Year,Existing Union?,Announced EV Investment,Announced EV Jobs,Congressional District,30D Eligible (Defunct),Federal Funding Received,Federal Program,Source
5/28/26,EVelution Energy,EVelution Energy,Cobalt Processing Facility,Update,Tacna,AZ,Medium-Duty (Class 3-6),Cobalt,Planned,2029,No Evidence,,,,No Evidence,,None,https://www.businesswire.com/news/home/20260528333529/en/EVelution-Energy-Receives-Letter-of-Interest-From-Finnvera-for-up-to-US%2470-Million-in-Export-Credit-Support-for-U.S.-Cobalt-Processing-Facility
5/22/26,Microporous,Microporous,Microporous Virginia Manufacturing Facility,Update,Danville,VA,Batteries,Separators,Under Construction,2027,No Evidence,"$125,000,000",-107,VA05,No Evidence,,Advanced Energy Manufacturing and Recycling Program,https://www.wsls.com/news/local/2026/05/22/microporous-groundbreaking-pittsylvania/
4/30/26,Rivian,Rivian,Georgia Manufacturing Plant,Update,Social Circle,GA,Light-Duty (Class 1-2),Vehicle Assembly,Under Construction,2028,No Evidence,"($1,567,000,000)",,GA10,Good Evidence,"($2,067,000,000)",Loan Programs Office (LPO),https://www.cnbc.com/2026/04/30/rivian-renegotiates-doe-loan-adjusts-capacity-plans-for-georgia-plant.html
4/23/26,Slate Auto,Slate Auto,Truck Manufacturing Facility,Update,Warsaw,IN,Light-Duty (Class 1-2),Vehicle Assembly,Under Construction,2026,No Evidence,"$287,000,000",,IN02,No Evidence,,None,https://www.wndu.com/2026/04/23/slate-auto-raises-650m-electric-truck-production-warsaw/
4/3/26,Cummins,Accelera,Amplify Battery Manufacturing Facility (JV),Update,Byhalia,MS,Batteries,Cells,Under Construction,2026,No Evidence,,-22,,No Evidence,$0,None,https://wreg.com/news/local/byhalia-vehicle-battery-manufacturer-laying-off-73-workers/
4/3/26,Daimler Truck,Daimler Truck,Amplify Battery Manufacturing Facility (JV),Update,Byhalia,MS,Batteries,Cells,Under Construction,2026,No Evidence,,-22,,No Evidence,$0,None,https://wreg.com/news/local/byhalia-vehicle-battery-manufacturer-laying-off-73-workers/
4/3/26,EVE Energy,EVE Energy,Amplify Battery Manufacturing Facility (JV),Update,Byhalia,MS,Batteries,Cells,Under Construction,2026,No Evidence,,-7,,No Evidence,$0,None,https://wreg.com/news/local/byhalia-vehicle-battery-manufacturer-laying-off-73-workers/
4/3/26,Paccar,Paccar,Amplify Battery Manufacturing Facility (JV),Update,Byhalia,MS,Batteries,Cells,Under Construction,2026,No Evidence,,-22,,No Evidence,$0,None,https://wreg.com/news/local/byhalia-vehicle-battery-manufacturer-laying-off-73-workers/
4/3/26,Tesla,Tesla,Gigafactory 5,Update,Austin,TX,Multiple Classes,Vehicle Assembly,Operational,2026,No Evidence,"$600,000,000",-806,TX35,Good Evidence,$0,None,https://techcrunch.com/2026/04/03/teslas-texas-factory-workforce-reportedly-shrunk-22-in-2025/
3/29/26,EnergyX,EnergyX,Project Lonestar Lithium,Original,Hooks,TX,Minerals,Lithium Hydroxide,Planned,,No Evidence,"$525,000,000",,,No Evidence,,None,https://www.mining.com/site-visit-energyx-launches-first-us-direct-lithium-extraction-plant-in-texas/
3/23/26,Toyota Motor Company,Toyota,Toyota Motor Manufacturing Kentucky,Expansion 3,Georgetown,KY,Light-Duty (Class 1-2),Vehicle Assembly,Planned,2026,No Evidence,"$800,000,000",,KY06,No Evidence,,None,https://pressroom.toyota.com/driven-by-people-powering-the-future/
3/19/26,VinGroup,VinFast,Chatham County Facility,Update,Moncure,NC,Batteries,Cells; Modules; Packs,Under Construction,2028,No Evidence,,"-3,050",NC04,No Evidence,$0,None,https://spectrumlocalnews.com/nc/charlotte/news/2026/03/18/vinfast-cuts-jobs-to-1-400-from-7-500--resumes-construction-this-year
3/19/26,VinGroup,VinFast,Chatham County Facility,Update,Moncure,NC,Multiple Classes,Vehicle Assembly,Under Construction,2028,No Evidence,,"-3,050",NC04,No Evidence,$0,None,https://spectrumlocalnews.com/nc/charlotte/news/2026/03/18/vinfast-cuts-jobs-to-1-400-from-7-500--resumes-construction-this-year
3/14/26,Honda Motor Company,Honda,East Liberty Auto Plant,Update,East Liberty,OH,Light-Duty (Class 1-2),Vehicle Assembly,Canceled,2026,No Evidence,"($400,000,000)",-133,OH04,Good Evidence,$0,None,https://www.dispatch.com/story/business/automotive/2026/03/14/honda-electric-vehicles-ev-planned-ohio-production-hit-roadblock/89136283007/
3/14/26,Honda Motor Company,Honda,Marysville Auto Plant,Update,Marysville,OH,Light-Duty (Class 1-2),Vehicle Assembly,Canceled,2026,No Evidence,"($400,000,000)",-433,OH04,Good Evidence,$0,None,https://www.dispatch.com/story/business/automotive/2026/03/14/honda-electric-vehicles-ev-planned-ohio-production-hit-roadblock/89136283007/
3/6/26,SK,SK On,Commerce Battery Plant,Update,Commerce,GA,Batteries,Cells; Modules; Packs,Operational,2026,No Evidence,,-958,GA10,No Evidence,$0,None,https://apnews.com/article/georgia-electric-vehicle-battery-manufacturing-layoffs-workers-79a4ec7a5b7f2816f64033f8b3d4898d
2/18/26,Volkswagen Group,Scout Motors,Blythewood Facility,Update,Columbia,SC,Light-Duty (Class 1-2),Vehicle Assembly,Under Construction,2028,No Evidence,,,SC02,No Evidence,$0,None,https://www.electrive.com/2026/02/18/vws-u-s-scout-comeback-reportedly-delayed-to-mid-2028/
2/6/26,Element3 Resources,Element3 Resources,Element3 Resources Permian Basin,Original,Midland,TX,Minerals,Lithium Carbonate,Operational,2026,No Evidence,,,TX11,No Evidence,$0,None,https://gov.texas.gov/news/post/governor-abbott-cuts-ribbon-at-element3-lithium-extraction-facility
2/3/26,Aqua Metals,Aqua Metals,ABF Recycling Plant,Original,Tucson,AZ,Battery Recycling,Recycling,Planned,2028,No Evidence,,,,No Evidence,$0,None,https://www.globenewswire.com/news-release/2026/02/03/3231007/36806/en/Aqua-Metals-and-American-Battery-Factory-Announce-Proposed-Strategic-Collaboration-to-Advance-Domestic-Circular-Supply-of-Battery-Materials.html
2/3/26,Volkswagen Group,Scout Motors,Blythewood Facility,Update,Columbia,SC,Light-Duty (Class 1-2),Vehicle Assembly,Under Construction,2027,No Evidence,"$700,000,000",,SC02,No Evidence,$0,None,https://insideevs.com/news/786286/scout-factory-budget-50-percent/
1/28/26,DuPont,DDP Specialty Electronic Materials US,DDP Midland Factory,Original,Midland,MI,Batteries,Battery Enclosures,Planned,,No Evidence,"$20,000,000",22,MI08,No Evidence,$0,None,https://www.michiganbusiness.org/press-releases/2026/01/100-new-jobs-44-million-investment-across-midland-st-clair-counties/
1/8/26,GreenPower Motors,GreenPower Motors,Santa Teresa Facility,Original,Santa Teresa,NM,Medium-Duty (Class 3-6),Vehicle Assembly,Planned,2026,No Evidence,,340,,No Evidence,$0,None,https://greenpowermotor.com/greenpower-chooses-new-mexico-advanced-ev-manufacturing-facility/
12/28/25,Honda Motor Company,Honda,Fayette County EV Battery Plant,Update,Jeffersonville,OH,Batteries,Modules,Under Construction,2026,No Evidence,,,OH15,No Evidence,$0,None,https://ackodrive.com/news/honda-acquires-ohio-ev-battery-plant-from-lg-energy-solution-for-2-9-billion-1/
12/17/25,Westwin Elements,Westwin Elements,Lawton Refinery,Update,Lawton,OK,Minerals,Nickel; Cobalt,Canceled,2025,No Evidence,,,OK04,No Evidence,$0,None,https://www.kswo.com/2025/12/17/westwin-elements-elects-not-move-forward-with-large-scale-lawton-facility/
12/15/25,Ford Motor Company,Ford,BlueOval Tennessee Truck Plant,Update,Stanton,TN,Light-Duty (Class 1-2),Vehicle Assembly,Canceled,2026,No Evidence,"($2,800,000,000)","-2,900",TN08,Good Evidence,,Loan Programs Office (LPO),https://www.bizjournals.com/memphis/news/2025/12/15/ford-announces-major-shifts-blueoval-city.html
12/15/25,Ford Motor Company,Ford,Ford Ohio Assembly Plant,Update,Sheffield,OH,Medium-Duty (Class 3-6),Vehicle Assembly,Canceled,2025,Good Evidence,"($1,500,000,000)","-1,800",OH05,No Evidence,$0,None,https://www.detroitnews.com/story/business/autos/ford/2025/12/15/ford-model-e-q4-charge-ev-2029-profitable-f-150-lightning-erev-skon-blueoval/87778986007/
12/12/25,Anthro Energy,Anthro Energy,Anthro LIB Electrolyte Plant,Update,,KY,Batteries,Electrolytes and Electrolyte Inputs,Planned,2027,No Evidence,"($28,000,000)",-5,,No Evidence,,Advanced Energy Manufacturing and Recycling Program; Qualifying Advanced Energy Project Credit (48C)`,https://louisvilleky.gov/news/mayor-greenberg-announces-anthro-energy-invest-42-million-new-manufacturing-facility
12/9/25,Faraday Future,Faraday Future,FF ieFactory California,Update,Hanford,CA,Light-Duty (Class 1-2),Vehicle Assembly,Operational,2025,No Evidence,"$286,000,000",,CA22,No Evidence,$0,None,https://investors.ff.com/news-releases/news-release-details/faraday-future-begins-production-first-fx-super-one-pre
12/2/25,Bollinger Innovations,Bollinger Motors,Oak Park Factory,Update,Oak Park,MI,Multiple Classes,Vehicle Assembly,Canceled,2025,No Evidence,"($22,000,000)",-237,MI11,No Evidence,,None,https://www.freightwaves.com/news/bollinger-motors-shuts-down-amid-financial-woes
11/24/25,Anthro Energy,Anthro Energy,Alameda Battery Facility,Original,Alameda,CA,Batteries,Cells; Electrolytes,Planned,2026,No Evidence,"$5,500,000",,CA12,No Evidence,$0,None,https://www.prweb.com/releases/california-energy-commission-awards-anthro-energy-5-5-million-powerforward-grant-to-establish-advanced-electrolyte-and-battery-cell-production-in-california-302623812.html
11/12/25,Aptera Motors,Aptera,Aptera San Diego Manufacturing Facility,Update,Carlsbad,CA,Light-Duty (Class 1-2),Vehicle Assembly,Operational,2026,No Evidence,"$65,000,000",,CA49,No Evidence,$0,None,https://www.electrive.com/2025/11/12/aptera-begins-validation-line-for-solar-electric-vehicle-production/
11/12/25,Israel Corporation,ICL Group,LFP Cathode Powder Factory,Update,St Louis,MO,Minerals,Cathode Materials,Canceled,2025,No Evidence,"($574,000,000)",-150,MO01,No Evidence,,Battery Materials Processing and Battery Manufacturing Recycling Grants,https://www.stlmag.com/business/icl-cancels-massive-north-st-louise-manufacturing-plant/
11/4/25,ElringKlinger,ElringKlinger,ElringKlinger Pickens Manufacturing Facility,Expansion 1,,SC,Batteries,Battery Pack Components,Planned,2027,No Evidence,"$68,500,000",294,SC03,No Evidence,$0,None,"https://www.sedc.org/news/elringklinger-expands-pickens-county-operations#:~:text=By%20investing%20%2468.5%20million%20to,County%20on%20this%20great%20accomplishment.%E2%80%9D"
10/31/25,Freudenberg,Xalt Energy,Xalt Energy Battery Park,Update,Midland,MI,Batteries,Modules; Packs,Canceled,2025,No Evidence,"($600,000,000)",-550,MI08,No Evidence,$0,None,https://www.abc12.com/news/business/xalt-energy-closing-battery-plants-in-midland-and-auburn-hills/article_0836059c-f864-4af2-9c08-255e03595b8b.html
10/30/25,BorgWarner,BorgWarner,Seneca Battery Plant,Update,Seneca,SC,Batteries,Modules,Planned,2027,No Evidence,,,SC03,No Evidence,,None,https://www.borgwarner.com/newsroom/press-releases/2025/10/30/borgwarner-battery-system-to-power-holon-s-autonomous-shuttle
10/29/25,Benteler,HOLON,Holon Autonomous Vehicle Assembly Plant,Update,,FL,Light-Duty (Class 1-2),Vehicle Assembly,Planned,2027,No Evidence,"$100,000,000",,,No Evidence,$0,None,https://www.news4jax.com/news/local/2025/10/29/its-official-autonomous-vehicle-manufacturer-signs-partnership-to-bring-its-first-us-production-plant-to-jacksonville/
10/29/25,General Motors,General Motors,Factory ZERO Detroit-Hamtramck Assembly Center,Update,Detroit,MI,Light-Duty (Class 1-2),Vehicle Assembly,Operational,2025,Good Evidence,,"-1,200",MI13,No Evidence,$0,None,https://www.cnbc.com/2025/10/29/gm-layoffs-michigan-ohio.html
10/29/25,General Motors,General Motors,Ultium Cells Warren (JV),Update,Lordstown,OH,Batteries,Cells,Operational,2025,Good Evidence,,-275,OH14,No Evidence,,Loan Programs Office (LPO),https://www.cnbc.com/2025/10/29/gm-layoffs-michigan-ohio.html
10/29/25,LG Corporation,LG Energy Solution,Ultium Cells Warren (JV),Update,Lordstown,OH,Batteries,Cells,Operational,2025,Good Evidence,,-275,OH14,No Evidence,,Loan Programs Office (LPO),https://www.cnbc.com/2025/10/29/gm-layoffs-michigan-ohio.html
10/24/25,Guoxuan High Tech,Gotion,Big Rapids Battery Factory,Update,Big Rapids,MI,Batteries,Cathodes; Anodes,Canceled,2025,No Evidence,"($2,360,000,000)","-2,350",MI02,No Evidence,$0,None,https://www.reuters.com/world/us/chinese-battery-company-abandons-plan-build-michigan-plant-state-says-2025-10-23/
10/23/25,Tesla,Tesla,Gigafactory Nevada,Update,Sparks,NV,Heavy-Duty (Class 7-8),Vehicle Assembly,Operational,2026,No Evidence,,,NV02,No Evidence,,None,https://electrek.co/2025/10/23/tesla-semi-electric-truck-production-delayed/
10/22/25,Cummins,Accelera,Amplify Battery Manufacturing Facility (JV),Update,Byhalia,MS,Batteries,Cells,Under Construction,2028,No Evidence,,,,No Evidence,$0,None,https://www.electrive.com/2025/10/22/us-cell-production-by-truck-alliance-delayed-til-2028/
10/22/25,Daimler Truck,Daimler Truck,Amplify Battery Manufacturing Facility (JV),Update,Byhalia,MS,Batteries,Cells,Under Construction,2028,No Evidence,,,,No Evidence,$0,None,https://www.electrive.com/2025/10/22/us-cell-production-by-truck-alliance-delayed-til-2028/
10/22/25,EVE Energy,EVE Energy,Amplify Battery Manufacturing Facility (JV),Update,Byhalia,MS,Batteries,Cells,Under Construction,2028,No Evidence,,,,No Evidence,$0,None,https://www.electrive.com/2025/10/22/us-cell-production-by-truck-alliance-delayed-til-2028/
10/22/25,Paccar,Paccar,Amplify Battery Manufacturing Facility (JV),Update,Byhalia,MS,Batteries,Cells,Under Construction,2028,No Evidence,,,,No Evidence,$0,None,https://www.electrive.com/2025/10/22/us-cell-production-by-truck-alliance-delayed-til-2028/
10/21/25,Dana,Dana,Auburn Hills Facility,Update,Auburn Hills,MI,Parts,Power Electronics,Canceled,2025,Good Evidence,"($54,200,000)",-200,MI11,No Evidence,,None,https://www.cbsnews.com/detroit/news/dana-incorporated-closes-auburn-hills-facility/
10/17/25,Guangzhou Tinci Materials Technology,Tinci Materials,Project Lion,Original,Baytown,TX,Batteries,Electrolytes and Electrolyte Inputs,Planned,2027,No Evidence,"$51,250,000",,TX36,No Evidence,,None,https://www.tigoenergy.com/post/tigo-energy-initiates-made-in-the-usa-manufacturing-partnership-with-eg4-electronics
10/14/25,Stellantis,Stellantis,Warren Truck Assembly Plant,Update,Warren,MI,Light-Duty (Class 1-2),Vehicle Assembly,Planned,2028,Good Evidence,,,MI10,No Evidence,$0,None,https://www.stellantis.com/en/news/press-releases/2025/october/stellantis-to-invest-13-billion-to-grow-in-the-united-states
10/6/25,American Li-ion,American Li-ion,McAlester Battery Recycling Plant,Original,McAlester,OK,Battery Recycling,Recycling,Planned,2026,No Evidence,"$164,000,000",275,OK02,No Evidence,$0,None,"https://www.cityofmcalester.com/tourism_news_detail_T43_R901.php#:~:text=The%20City%20of%20McAlester%20has%20an%20interim,the%20property%20will%20revert%20to%20the%20City"
10/2/25,Dragonfly Energy,Dragonfly Energy,Dragonfly Reno Hub,Original,Reno,NV,Batteries,Cells,Operational,2025,No Evidence,,,NV02,No Evidence,$0,None,https://dragonflyenergy.com/dragonfly-energy-to-be-awarded-nevada-tech-hub-funding-to-advance-battery-manufacturing-and-workforce-development/
10/2/25,General Motors,General Motors,Toledo Propulsion Systems Factory,Update,Toledo,OH,Parts,EV Drive Units,Canceled,2025,Good Evidence,"($760,000,000)","-1,520",OH09,Good Evidence,$0,None,https://www.toledoblade.com/business/automotive/2025/10/02/gm-nixes-production-of-electric-drivetrains-at-toledo-plant/stories/20251002124
10/1/25,Enchem,Enchem,Electrolyte Manufacturing Operations,Update,Brownsville,TN,Batteries,Electrolytes and Electrolyte Inputs,Canceled,2025,No Evidence,"($152,500,000)",-190,TN08,No Evidence,$0,None,https://www.actionnews5.com/2025/10/01/brownsville-plant-not-happening/
9/30/25,Nissan,Nissan,Canton Factory,Update,Canton,MS,Light-Duty (Class 1-2),Vehicle Assembly,Canceled,2025,No Evidence,"($500,000,000)","-2,000",MS02,No Evidence,,None,https://www.bloomberg.com/news/articles/2025-09-30/nissan-to-reboot-xterra-suv-as-a-hybrid-freezes-plans-for-us-ev
9/25/25,Henkel,Henkel,Henkel Brandon Thermal Materials Plant,Update,Brandon,SD,Parts,Power Electronics,Operational,2025,No Evidence,,,SD,No Evidence,$0,None,https://www.henkel-northamerica.com/press/press-releases-and-kits/2025-25-09-henkel-celebrates-expansion-of-flagship-manufacturing-facility-in-brandon-south-dakota-to-advance-mobility-and-electronics-innovations-2089442
9/18/25,Hyundai Motor Group,Hyundai,Metaplant Manufacturing Joint Venture (JV),Expansion 2,Savannah,GA,Multiple Classes,Vehicle Assembly,Planned,2028,No Evidence,"$2,700,000,000",,GA01,No Evidence,$0,None,https://www.hyundai.com/worldwide/en/newsroom/detail/0000001018
9/18/25,Volkswagen Group,Scout Motors,Blythewood Facility,Expansion 1,Columbia,SC,Light-Duty (Class 1-2),Vehicle Assembly,Under Construction,2027,No Evidence,"$300,000,000","1,000",SC02,No Evidence,$0,None,https://www.scoutmotors.com/newsroom/scout-motors-makes-additional-usd300-million-investment-in-south-carolina-to
9/15/25,Natrion,Natrion,Natrion Cheektowaga Facility,Original,Cheektowaga,NY,Batteries,Separators,Operational,2025,No Evidence,"$5,000,000",10,NY26,No Evidence,,None,https://www.bizjournals.com/buffalo/news/2025/09/15/natrion-battery-company-cheektowaga.html
9/10/25,Exxon Mobil,Superior Graphite,Hopkinsville Graphite Plant,Update,Hopkinsville,KY,Minerals,Graphite,Operational,2025,No Evidence,,72,KY01,No Evidence,$0,None,https://hoptownchronicle.org/exxonmobil-is-acquiring-superior-graphites-hopkinsville-production-plant/
9/8/25,Fortescue,Fortescue,U.S. Advanced Manufacturing Center,Update,Detroit,MI,Batteries,Modules,Canceled,2025,No Evidence,"($52,500,000)",-150,MI13,No Evidence,,None,https://www.autonews.com/manufacturing/suppliers/an-battery-plant-detroit-scrapped-0905/
9/8/25,Fortescue,Fortescue,U.S. Advanced Manufacturing Center,Update,Detroit,MI,EV Charging,Charging Units,Canceled,2025,No Evidence,"($52,500,000)",-150,MI13,No Evidence,,None,https://www.autonews.com/manufacturing/suppliers/an-battery-plant-detroit-scrapped-0905/
8/27/25,MAHLE,MAHLE,MAHLE Morristown Facility,Original,Morristown,TN,Parts,Power Electronics,Planned,,No Evidence,"$10,000,000",50,TN01,No Evidence,$0,None,https://tnecd.com/news/mahle-gmbh-to-expand-manufacturing-operations-in-hamblen-county/
8/13/25,Guoxuan High Tech,Gotion,Gotion Lithium Battery Plant,Update,Manteno,IL,Batteries,Cells; Packs,Under Construction,2025,No Evidence,,,IL01,No Evidence,$0,None,https://www.chicagobusiness.com/manufacturing-logistics/gotion-start-making-ev-batteries-manteno-next-month
8/11/25,Ford Motor Company,Ford,Louisville Assembly Plant,Expansion 2,Louisville,KY,Light-Duty (Class 1-2),Vehicle Assembly,Planned,2027,Good Evidence,"$2,000,000,000","2,200",KY03,Good Evidence,$0,None,https://www.fromtheroad.ford.com/us/en/articles/2025/ford-affordable-electric-vehicle-platform-midsize-electric-truck?cksid=&emailid=b24t0831_em_en_mediaalert_fordmediasubs_npr_ns_ns_tp1_1_nt&fcid=eml_B24T0831_sf
8/6/25,Samsung,Samsung SDI,StarPlus Energy Gigafactory #1 (JV),Update,Kokomo,IN,Batteries,Cells,Operational,2025,No Evidence,,-30,IN05,No Evidence,,Loan Programs Office (LPO),https://www.wrtv.com/news/local-news/automaker-announces-59-job-cuts-at-kokomo-ev-battery-plant
8/6/25,Stellantis,Stellantis,StarPlus Energy Gigafactory #1 (JV),Update,Kokomo,IN,Batteries,Modules,Operational,2025,No Evidence,,-29,IN05,No Evidence,,Loan Programs Office (LPO),https://www.wrtv.com/news/local-news/automaker-announces-59-job-cuts-at-kokomo-ev-battery-plant
8/5/25,SINBON,SINBON,SINBON Clayton Facility,Original,Clayton,OH,Parts,Other Electrification Components,Planned,,No Evidence,"$4,250,000",100,OH10,No Evidence,$0,None,https://www.sinbon.com/news/sinbon-doubles-us-manufacturing-footprint-to-meet-growing-demand-in-industrial-robotics-automotive-and-renewable-energy-sectors-
7/25/25,Freudenberg,Freudenberg Sealing Technologies,Freudenberg New Hampshire Factory,Original,Manchester,NH,Batteries,Other Electrification Components,Planned,2029,No Evidence,"$10,000,000",,NH01,No Evidence,,Qualifying Advanced Energy Project Credit (48C),https://www.fst.com/news-stories/2025/moving-from-combustion-engines-to-innovative-e-mobility-solutions/
7/15/25,General Motors,General Motors,Orion Factory,Update,Lake Orion,MI,Batteries,Packs; Modules,Operational,2025,Good Evidence,,"-1,205",MI09,Good Evidence,$0,None,https://www.freep.com/story/money/cars/general-motors/2025/07/15/gm-escalade-silverado-sierra-orion-assembly/84164837007/
7/14/25,Ionic Mineral Technologies,Ionic Mineral Technologies,Ionic Manufacturing Facility and HQ,Expansion 1,Provo,UT,Minerals,Anode Materials,Planned,2026,No Evidence,"$29,000,000",,UT03,No Evidence,,None,https://utah.vc/p/ionic-mineral-technologies-b
7/11/25,Ioneer,Ioneer,Rhyolite Ridge Lithium-Boron Project,Update,Coyote Hole,NV,Minerals,Lithium,Planned,2028,No Evidence,"$337,000,000",,,No Evidence,,Loan Programs Office (LPO),https://nevadacurrent.com/2025/07/11/nevada-mine-delayed-amid-lithium-price-slump/?utm_campaign=Newsletter&utm_medium=email&_hsenc=p2ANqtz-_9aryhfeVgnqei-Z-F1eVixaiZhlmkZq4Be4lwhB1NhGusj_FptPeQf9B68Jr21vMyGxAjklWjR8drgwnRqsCZ3vNZZyCwhn3nco8dbvuW7i8avRA&_hsmi=370877892&utm_content=370877892&utm_source=hs_email
7/10/25,Pure Lithium,Pure Lithium,Pure Lithium Hub,Original,,IL,Batteries,Packs,Operational,2025,No Evidence,"$23,000,000",25,,No Evidence,$0,None,https://www.illinois.gov/news/press-release.31467.html
6/26/25,Rivian,Rivian,Normal Factory,Update,Normal,IL,Multiple Classes,Vehicle Assembly,Operational,2025,No Evidence,,-140,IL17,Good Evidence,,None,https://techcrunch.com/2025/06/26/rivian-cuts-dozens-on-manufacturing-team-ahead-of-r2-launch/
6/25/25,Amprius,Amprius,Brighton Facility,Update,Brighton,CO,Batteries,Cells,Canceled,2025,No Evidence,"($95,000,000)",-166,CO08,No Evidence,$0,None,https://coloradosun.com/2025/06/25/colorado-clean-energy-project-cancellations/
6/24/25,Gradiant,alkaLi,alkaLi Lithium Plant,Original,,PA,Minerals,Lithium Carbonate,Planned,2026,No Evidence,,,,No Evidence,,None,https://alkali3.com/gradiant-announces-worlds-first-fully-integrated-lithium-production-facility-from-oilfield-produced-water/
6/24/25,Toyota Motor Company,Toyota,Toyota Motor Manufacturing Indiana,Update,Princeton,IN,Batteries,Packs,Canceled,2025,No Evidence,"($700,000,000)",-170,IN08,No Evidence,$0,None,https://electrek.co/2025/06/24/toyota-tweaks-ev-plans-again-with-two-new-3-row-electric-suvs/
6/24/25,Toyota Motor Company,Toyota,Toyota Motor Manufacturing Indiana,Update,Princeton,IN,Light-Duty (Class 1-2),Vehicle Assembly,Canceled,2025,No Evidence,"($1,503,000,000)","-1,570",IN08,No Evidence,$0,None,https://electrek.co/2025/06/24/toyota-tweaks-ev-plans-again-with-two-new-3-row-electric-suvs/
6/19/25,"LG Corporation, Toyota Motor Company",Green Metals Battery Innovations,Green Metals North Carolina Battery Recycling Facility,Update,Liberty,NC,Battery Recycling,Recycling,Planned,2026,No Evidence,,,NC09,No Evidence,$0,None,https://www.prnewswire.com/news-releases/lg-energy-solution-and-toyota-tsusho-establish-a-battery-recycling-joint-venture-in-the-us-302486006.html
6/11/25,Lucid Motors,Lucid Motors,Phoenix Hub,Original,Phoenix,AZ,Parts,Other Electrification Components,Planned,2025,No Evidence,,,AZ03,No Evidence,$0,None,https://www.azcommerce.com/news-events/news/2025/6/lucid-expands-its-arizona-footprint-with-grand-opening-of-new-phoenix-hub/
5/27/25,General Motors,General Motors,Tonawanda Powertrain Plant,Update,Buffalo,NY,Parts,EV Drive Systems,Canceled,2025,Good Evidence,"($300,000,000)",,NY26,No Evidence,$0,None,https://www.wsj.com/business/autos/general-motors-to-invest-888-million-in-propulsion-plant-23ea7636?gaa_at=eafs&gaa_n=ASWzDAhsc-Q4QbyWJrCuDaKF6SIUzxMqSdEG6nu5VVD9G4p1tqONlM3Vsq7qwYLwxw%3D%3D&gaa_ts=6838c157&gaa_sig=7D2BA5N8jcQFNxdqFizHQN0bvrccj4iE4Gf3Op3Y3YO07u7thrBSR3ITTZMwTz2DvH9hEFJjIfGkkDGSsXJEaw%3D%3D
5/26/25,GreenPower Motors,GreenPower Motors,West Virginia Facility,Update,South Charleston,WV,Heavy-Duty (Class 7-8),Vehicle Assembly,Operational,2025,No Evidence,,-17,WV01,No Evidence,$0,None,https://wvmetronews.com/2025/05/26/greenpower-lays-off-workers-at-electric-school-bus-manufacturing-site-in-south-charleston/
5/14/25,Li-Cycle,Li-Cycle,Alabama Spoke,Update,Tuscaloosa,AL,Battery Recycling,Recycling,Canceled,2025,No Evidence,,,AL07,No Evidence,$0,None,https://investors.li-cycle.com/news/news-details/2025/Li-Cycle-Obtains-Creditor-Protection-Under-CCAA-and-Chapter-15/default.aspx
5/14/25,Li-Cycle,Li-Cycle,Arizona Spoke,Update,Gilbert,AZ,Battery Recycling,Recycling,Canceled,2025,No Evidence,,-50,AZ05,No Evidence,$0,None,https://investors.li-cycle.com/news/news-details/2025/Li-Cycle-Obtains-Creditor-Protection-Under-CCAA-and-Chapter-15/default.aspx
5/14/25,Li-Cycle,Li-Cycle,Lordstown Battery Recycling Spoke,Update,Lordstown,OH,Battery Recycling,Recycling,Canceled,2025,No Evidence,,-35,OH14,No Evidence,$0,None,https://investors.li-cycle.com/news/news-details/2025/Li-Cycle-Obtains-Creditor-Protection-Under-CCAA-and-Chapter-15/default.aspx
5/14/25,Li-Cycle,Li-Cycle,New York Spoke Recycling Facility,Update,Rochester,NY,Battery Recycling,Recycling,Canceled,2025,No Evidence,,-35,NY25,No Evidence,$0,None,https://investors.li-cycle.com/news/news-details/2025/Li-Cycle-Obtains-Creditor-Protection-Under-CCAA-and-Chapter-15/default.aspx
5/14/25,Li-Cycle,Li-Cycle,Rochester Hub,Update,Rochester,NY,Battery Recycling,Recycling,Canceled,2025,No Evidence,"($960,000,000)",-220,NY25,No Evidence,"($475,000,000)",Loan Programs Office (LPO),https://investors.li-cycle.com/news/news-details/2025/Li-Cycle-Obtains-Creditor-Protection-Under-CCAA-and-Chapter-15/default.aspx
5/13/25,Mississauga Bus Group of Companies,Damera,Damera Peoria Assembly Facility,Original,,IL,Medium-Duty (Class 3-6),Vehicle Assembly,Planned,,No Evidence,"$31,500,000",90,,No Evidence,$0,None,https://gov.illinois.gov/news/press-release.31283.html
5/13/25,Slate Auto,Slate Auto,Truck Manufacturing Facility,Original,Warsaw,IN,Light-Duty (Class 1-2),Vehicle Assembly,Under Construction,2026,No Evidence,"$363,000,000","2,000",IN02,No Evidence,,None,https://www.abc57.com/news/bezos-backed-ev-company-slate-to-make-michiana-a-manufacturing-hub
5/7/25,Geely,Volvo Cars,South Carolina Car Factory,Update,Ridgeville,SC,Batteries,Packs,Operational,2025,No Evidence,,-62,SC01,No Evidence,$0,None,https://www.reuters.com/business/world-at-work/volvo-cars-cut-5-workforce-south-carolina-plant-us-2025-05-07/
5/7/25,Geely,Volvo Cars,South Carolina Car Factory,Update,Ridgeville,SC,Light-Duty (Class 1-2),Vehicle Assembly,Operational,2025,No Evidence,,-63,SC01,No Evidence,$0,None,https://www.reuters.com/business/world-at-work/volvo-cars-cut-5-workforce-south-carolina-plant-us-2025-05-07/
5/5/25,Magna International,Magna International,Waymo Driver Integration Plant,Update,Mesa,AZ,Light-Duty (Class 1-2),Vehicle Assembly,Under Construction,2026,No Evidence,,,AZ05,No Evidence,$0,None,https://waymo.com/blog/2025/05/scaling-our-fleet-through-us-manufacturing
5/5/25,Rivian,Rivian,Normal Supplier Park,Original,,IL,Parts,Other Electrification Components,Under Construction,2026,No Evidence,"$119,600,000",93,,No Evidence,$0,None,https://gov.illinois.gov/news/press-release.31247.html
5/1/25,Lion Electric,Lion Electric,Joliet Facility,Update,Channahon,IL,Heavy-Duty (Class 7-8),Vehicle Assembly,Canceled,2025,No Evidence,"($70,000,000)","-1,389",IL01,No Evidence,$0,None,https://financialpost.com/commodities/energy/electric-vehicles/quebec-rescue-bankrupt-lion-electric
4/29/25,American Battery Technology Company,American Battery Technology Company,Tonopah Flats Lithium Project,Update,Millers,NV,Minerals,Lithium Hydroxide,Planned,,No Evidence,"$392,255,169",,,No Evidence,,Battery Materials Processing and Battery Manufacturing Recycling Grants,https://www.globenewswire.com/news-release/2025/04/29/3070357/0/en/American-Battery-Technology-Company-Receives-Letter-of-Interest-from-US-EXIM-Bank-for-900-Million-Financing-for-Tonopah-Flats-Lithium-Project.html
4/23/25,Graphite One,Graphite One,Graphite One Secondary Treatment Plant,Expansion 1,Warren,OH,Minerals,Anode Materials,Planned,2031,No Evidence,"$3,485,000,000",,OH14,No Evidence,,None,https://www.wfmj.com/story/52777438/report-reveals-size-of-proposed-billion-dollar-graphite-plant-in-weathersfield
4/23/25,TCCI Manufacturing,TCCI,Decatur Clean Energy Innovation Hub,Original,Decatur,IL,Parts,Other Electrification Components,Operational,2025,No Evidence,,,IL13,No Evidence,$0,None,https://www.illinois.gov/news/press-release.31186.html
4/17/25,SungEel HiTech Co,SungEel HiTech Co,SungEel Recycling Park,Update,Toccoa,GA,Battery Recycling,Recycling,Canceled,2025,No Evidence,"($37,000,000)",-104,,No Evidence,$0,None,https://921wlhr.com/sungeel-pulls-plans-for-plant-in-stephens-county/
4/16/25,Orbia,Orbia Fluor & Energy Materials,Wisconsin Electrolyte Facility,Original,Madison,WI,Batteries,Electrolytes and Electrolyte Inputs,Operational,2025,No Evidence,"$4,200,000",,WI02,,,,https://www.orbia.com/this-is-orbia/news-and-stories/US-Wisconsin-Senator-Tammy-Baldw-Inaugurates-Orbia-Fluor-Energy-Materials-Custom-Electrolyte-Facility/
4/14/25,LG Corporation,LG Energy Solution,LGES Lansing,Update,Lansing,MI,Batteries,Cells,Under Construction,2025,Good Evidence,,-340,MI07,No Evidence,,Loan Programs Office (LPO),https://www.automotivedive.com/news/lg-energy-solution-to-gain-corporate-incentive-michigan-state-battery-facility/745208/
4/11/25,EVelution Energy,EVelution Energy,Cobalt Processing Facility,Update,Tacna,AZ,Minerals,Cobalt,Planned,2026,No Evidence,,40,,No Evidence,$0,None,https://www.azcentral.com/story/news/local/arizona-environment/2025/04/11/evelution-energy-cobalt-processing-plant-coming-to-yuma/83028563007/
4/1/25,Tesla,Tesla,Gigafactory 2,Update,Buffalo,NY,EV Charging,Charging Units,Operational,2025,No Evidence,,200,NY26,No Evidence,$0,None,https://www.northcountrypublicradio.org/news/story/51510/20250401/musk-critics-push-ny-to-close-buffalo-factory-instead-of-working-with-tesla
3/30/25,Stellantis,Stellantis,Belvidere Assembly Plant,Update,Belvidere,IL,Light-Duty (Class 1-2),Vehicle Assembly,Under Construction,2027,Good Evidence,"($1,500,000,000)","-1,500",IL16,No Evidence,,Domestic Manufacturing Conversion Grant Program,https://www.detroitnews.com/story/business/autos/chrysler/2025/03/30/stellantis-belvidere-plant-reopening-amid-trump-tariffs-uaw-pressure/82669940007
3/30/25,Stellantis,Stellantis,Belvidere Battery Plant,Update,Belvidere,IL,Batteries,Packs,Canceled,2025,No Evidence,"($3,200,000,000)","-1,300",IL16,No Evidence,,None,https://www.detroitnews.com/story/business/autos/chrysler/2025/03/30/stellantis-belvidere-plant-reopening-amid-trump-tariffs-uaw-pressure/82669940007
3/13/25,NOVONIX,NOVONIX,Enterprise South,Update,Chattanooga,TN,Minerals,Graphite,Planned,2025,No Evidence,,50,TN03,No Evidence,,Loan Programs Office (LPO),https://www.novonixgroup.com/nvx-receives-approval-for-purchase-of-enterprise-south-land/
3/11/25,Volvo Group,Volvo Trucks,Powered 1 Facility,Update,Greer,SC,Batteries,Cells; Modules; Packs,Operational,2025,No Evidence,,-90,SC04,No Evidence,$0,None,https://www.goupstate.com/story/news/2025/03/11/about-90-workers-laid-off-by-greer-sc-vehicle-battery-maker-proterra/82281538007/
3/6/25,LG Corporation,LG Energy Solution,LG Energy Solution Arizona,Update,Queen Creek,AZ,Batteries,Cells,Under Construction,2026,No Evidence,,,AZ05,No Evidence,$0,None,https://www.electrive.com/2025/03/06/lges-aims-to-start-us-production-of-46-mm-round-cells-in-spring-2026/
3/5/25,Siemens,Siemens eMobility,Pomona eMobility Hub,Update,Pomona,CA,EV Charging,Charging Units,Operational,2025,Good Evidence,,23,CA35,No Evidence,$0,None,https://www.siemens.com/us/en/company/press/press-releases/smart-infrastructure/siemens-invests-95m-expand-pomona-facility.html
2/19/25,BorgWarner,BorgWarner,Gigafactory 2,Update,Hazel Park,MI,Batteries,Modules,Canceled,2025,No Evidence,"($50,600,000)",-318,MI11,No Evidence,$0,None,https://www.mlive.com/news/2025/02/ev-battery-company-to-close-two-michigan-plants-lay-off-188-workers.html
2/19/25,Nikola Motors,Nikola Motors,Coolidge Multi-Product Factory 4.0,Update,Coolidge,AZ,Heavy-Duty (Class 7-8),Vehicle Assembly,Canceled,2025,No Evidence,"($600,000,000)","-1,800",AZ02,No Evidence,$0,None,https://www.bloomberg.com/news/articles/2025-02-19/nikola-goes-bankrupt-punctuating-ev-maker-s-wild-ride?cmpid=BBD021925_hyperdrive&utm_medium=email&utm_source=newsletter&utm_term=250219&utm_campaign=hyperdrive
2/17/25,Isuzu Motors,Isuzu Motors,Isuzu Greenville,Original,,SC,Medium-Duty (Class 3-6),Vehicle Assembly,Under Construction,2027,No Evidence,,,,No Evidence,,None,https://upstatebusinessjournal.com/manufacturing/isuzu-announces-280m-investment-to-establish-production-base-in-greenville/
2/13/25,Aspen Aerogels,Aspen Aerogels,Aspen Aerogels Georgia,Update,Statesboro,GA,Batteries,Battery Pack Components,Canceled,2025,No Evidence,"($1,000,000,000)",-255,GA12,No Evidence,"($670,600,000)",Loan Programs Office (LPO),https://www.ajc.com/news/business/ev-supplier-halts-construction-on-coastal-georgia-factory/DLF25DTK4ZGUDHUEBINV4CUWFU/
2/5/25,AESC,AESC,Florence Gigafactory - Factory 2,Update,,SC,Batteries,Cells,Canceled,2025,No Evidence,"($1,500,000,000)","-1,080",,No Evidence,$0,None,https://baynews9.com/fl/tampa/news/2025/02/05/south-carolina-news-aesc-loses-incentives
2/2/25,Honda Motor Company,Honda,Anna Engine Plant,Expansion 1,Anna,OH,Batteries,Battery Enclosures,Under Construction,2025,No Evidence,"$100,000,000",,OH04,No Evidence,$0,None,https://www.cnbc.com/2025/02/02/hondas-new-ev-production-revolution-begins-with-1-billion-in-ohio.html
2/2/25,Honda Motor Company,Honda,East Liberty Auto Plant,Expansion 1,East Liberty,OH,Light-Duty (Class 1-2),Vehicle Assembly,Canceled,2025,No Evidence,"$100,000,000",,OH04,Good Evidence,$0,None,https://www.cnbc.com/2025/02/02/hondas-new-ev-production-revolution-begins-with-1-billion-in-ohio.html
2/2/25,Honda Motor Company,Honda,Marysville Auto Plant,Expansion 1,Marysville,OH,Light-Duty (Class 1-2),Vehicle Assembly,Canceled,2025,No Evidence,"$100,000,000",,OH04,Good Evidence,$0,None,https://www.cnbc.com/2025/02/02/hondas-new-ev-production-revolution-begins-with-1-billion-in-ohio.html
2/1/25,KORE Power,KORE Power,KOREPlex Facility,Update,Buckeye,AZ,Batteries,Cells,Canceled,2025,No Evidence,"($625,000,000)",-625,,No Evidence,$0,Loan Programs Office (LPO),https://www.azcentral.com/story/news/local/southwest-valley/2025/02/01/kore-power-walks-away-from-planned-battery-plant-in-buckeye/78109127007/
1/29/25,Octillion Power Systems,Octillion Power Systems,Nevada One,Update,Reno,NV,Batteries,Packs,Operational,2025,No Evidence,,23,NV02,No Evidence,$0,None,https://octillion.us/newsroom/octillion-power-systems-inaugurates-new-battery-factory-in-nevada
1/28/25,Magnis Energy Technologies,Imperium3NY,Huron Campus Gigafactory,Update,Endicott,NY,Batteries,Cells,Canceled,2025,No Evidence,"($670,000,000)","-1,375",NY19,No Evidence,$0,None,https://www.pressconnects.com/story/news/local/2025/01/28/endicott-new-york-im3ny-files-for-bankruptcy/77996357007/
1/28/25,Modine Manufacturing,Modine Manufacturing,Franklin Thermal Management Facility,Original,Franklin,WI,Parts,Power Electronics,Planned,2029,No Evidence,,200,WI01,No Evidence,$0,None,https://www.manufacturingdive.com/news/modine-manufacturing-to-open-franklin-wisconsin-plant/738379/
1/23/25,Stardust Power,Stardust Power,Oklahoma Lithium Refinery,Update,,OK,Minerals,Lithium,Under Construction,2025,No Evidence,"$200,000,000",,,No Evidence,$0,None,https://www.okcommerce.gov/commerce-celebrates-groundbreaking-of-1-2-billion-lithium-refinery-in-muskogee/
1/22/25,ZO Motors,ZM Trucks,ZM North America Manufacturing Plant,Original,Fontana,CA,Multiple Classes,Vehicle Assembly,Operational,2025,No Evidence,,200,CA35,No Evidence,$0,None,https://www.fontanaca.gov/CivicAlerts.aspx?AID=2811
1/17/25,Bayer AG,Lanxess AG,LANXESS Bushy Park,Original,Goose Creek,SC,Batteries,Electrolytes and Electrolyte Inputs,Planned,,No Evidence,"$562,048",,SC01,No Evidence,"$562,048",Qualifying Advanced Energy Project Credit (48C),https://www.energy.gov/articles/department-energy-shares-applicant-self-disclosed-projects-receiving-clean-energy
1/17/25,Canoo,Canoo,Canoo R and D Center,Update,Bentonville,AR,Medium-Duty (Class 3-6),Vehicle Assembly,Canceled,2025,No Evidence,,-545,AR03,No Evidence,$0,None,"https://www.reuters.com/business/ev-startup-canoo-files-bankruptcy-cease-operations-2025-01-18/#:~:text=Jan%2017%20(Reuters)%20%2D%20Canoo,its%20microbus%2Dinspired%20cargo%20vans."
1/17/25,Canoo,Canoo,EV Battery Module Manufacturing Facility,Update,Pryor,OK,Batteries,Modules,Canceled,2025,No Evidence,"($160,000,000)",-860,OK02,No Evidence,$0,None,"https://www.reuters.com/business/ev-startup-canoo-files-bankruptcy-cease-operations-2025-01-18/#:~:text=Jan%2017%20(Reuters)%20%2D%20Canoo,its%20microbus%2Dinspired%20cargo%20vans."
1/17/25,Canoo,Canoo,MegaMicro Factory,Update,Pryor,OK,Multiple Classes,Vehicle Assembly,Canceled,2025,No Evidence,"($400,000,000)","-2,000",,No Evidence,$0,None,"https://www.reuters.com/business/ev-startup-canoo-files-bankruptcy-cease-operations-2025-01-18/#:~:text=Jan%2017%20(Reuters)%20%2D%20Canoo,its%20microbus%2Dinspired%20cargo%20vans."
1/17/25,Canoo,Canoo,Oklahoma City Assembly Facility,Update,Oklahoma City,OK,Light-Duty (Class 1-2),Vehicle Assembly,Canceled,2025,No Evidence,"($160,000,000)",-500,OK05,No Evidence,$0,None,"https://www.reuters.com/business/ev-startup-canoo-files-bankruptcy-cease-operations-2025-01-18/#:~:text=Jan%2017%20(Reuters)%20%2D%20Canoo,its%20microbus%2Dinspired%20cargo%20vans."
1/17/25,Envergia,Envergia,Envergia Detroit Gateway Battery Recycling Facility,Original,Detroit,MI,Battery Recycling,Recycling,Planned,,No Evidence,"$33,000,000",52,MI12,No Evidence,$0,None,https://envergia.com/news/envergia-announces-expansion-to-detroit-advancing-clean-energy-innovation-and-national-security/
1/17/25,Ioneer,Ioneer,Rhyolite Ridge Lithium-Boron Project,Update,Coyote Hole,NV,Minerals,Lithium,Planned,2028,No Evidence,"$105,500,000",,,No Evidence,"$498,000,000",Loan Programs Office (LPO),https://www.businesswire.com/news/home/20250117906869/en/Rhyolite-Ridge-Lithium-Boron-Project-Closes-Upsized-996-Million-Loan-From-U.S.-Department-of-Energy-to-Accelerate-Domestic-Critical-Mineral-Production
1/15/25,Epsilon Advanced Materials,Epsilon,Brunswick County Manufacturing Facility,Update,Riegelwood,NC,Minerals,Graphite,Planned,2027,No Evidence,,,NC07,No Evidence,"$115,000,000",Qualifying Advanced Energy Project Credit (48C),https://www.wilmingtonbiz.com/epsilon_secures_115m_in_tax_credits_to_support_brunswick_plant/2025/01/15/epsilon_secures_115m_in_tax_credits_to_support_brunswick_plant/26246
1/15/25,Nissan,Nissan,Canton Factory,Update,Canton,MS,Light-Duty (Class 1-2),Vehicle Assembly,Canceled,2028,No Evidence,,,MS02,No Evidence,$0,None,"https://onlinemadison.com/stories/nissan-ev-production-delayed-until-2028,126326"
1/2/25,Redwood Materials,Redwood Materials,South Carolina Battery Materials Campus,Update,Charleston,SC,Battery Recycling,Remanufacturing; Cathode Materials,Operational,2025,No Evidence,,,SC01,No Evidence,$0,None,https://www.manufacturingdive.com/news/redwood-materials-isuzu-north-americal-recycled-ev-batteries-materials/744118/
1/2/25,Samsung,Samsung SDI,Auburn Hills Battery Manufacturing Factory #1,Update,Auburn Hills,MI,Batteries,Modules,Planned,2025,No Evidence,,-89,MI11,No Evidence,$0,None,https://www.crainsdetroit.com/manufacturing/ev-battery-maker-samsung-sdi-lay-179-oakland-county
1/2/25,Samsung,Samsung SDI,Auburn Hills Battery Manufacturing Factory #2,Update,Auburn Hills,MI,Batteries,Modules,Planned,2025,No Evidence,,-89,MI11,No Evidence,$0,None,https://www.crainsdetroit.com/manufacturing/ev-battery-maker-samsung-sdi-lay-179-oakland-county
1/1/25,General Motors,General Motors,Factory ZERO Detroit-Hamtramck Assembly Center,Update,Detroit,MI,Light-Duty (Class 1-2),Vehicle Assembly,Operational,2025,Good Evidence,,"2,300",MI13,No Evidence,$0,None,https://www.gm.com/company/facilities/factory-zero
12/31/24,Tesla,Tesla,Gigafactory 5,Update,Austin,TX,Multiple Classes,Vehicle Assembly,Operational,2024,No Evidence,"$3,897,000,000",,TX35,Good Evidence,$0,None,https://www.expressnews.com/business/article/tesla-eco-park-austin-factory-colorado-river-20267749.php
12/30/24,Redivivus,Redivivus,Illinois Lithium Battery Recycling Facility (JV),Original,,IL,Batteries,Recycling,Planned,,No Evidence,,,,No Evidence,$0,None,https://www.prnewswire.com/news-releases/redivivus-and-re-new-able-partner-to-establish-illinois-first-lithium-ion-battery-recycling-facility-302340081.html
12/30/24,Re-New-Able Technologies,Re-New-Able Technologies,Illinois Lithium Battery Recycling Facility (JV),Original,,IL,Batteries,Recycling,Planned,,No Evidence,,,,No Evidence,$0,None,https://www.prnewswire.com/news-releases/redivivus-and-re-new-able-partner-to-establish-illinois-first-lithium-ion-battery-recycling-facility-302340081.html
12/17/24,ALUKO Group,ALUKO Group,ALUKO Battery Casings Plant,Original,Jackson,TN,Batteries,Battery Pack Components,Planned,,No Evidence,"$36,300,000",55,TN08,No Evidence,$0,None,https://tnecd.com/news/aluko-group-to-make-nearly-26-million-investment-in-madison-county/
12/17/24,NOVONIX,NOVONIX,Enterprise South,Original,Chattanooga,TN,Minerals,Graphite,Planned,2025,No Evidence,"$754,800,000",450,TN03,No Evidence,"$754,800,000",Loan Programs Office (LPO),https://ir.novonixgroup.com/news-releases/news-release-details/novonix-offered-conditional-commitment-us754-million-loan-us
12/16/24,Ford Motor Company,Ford,BlueOval Tennessee Truck Plant,Update,Stanton,TN,Light-Duty (Class 1-2),Vehicle Assembly,Canceled,2027,No Evidence,,,TN08,Good Evidence,"$107,500,000",Loan Programs Office (LPO),https://www.energy.gov/lpo/articles/doe-announces-963-billion-loan-blueoval-sk-further-expand-us-manufacturing-electric
12/16/24,Mersen,Mersen,Graftech Graphite Production Facility,Update,Columbia,TN,Minerals,Graphite,Operational,2025,Good Evidence,,-30,TN05,No Evidence,$0,None,https://www.globenewswire.com/news-release/2024/12/16/2997565/0/en/Tennessee-Workers-Demand-Accountability-from-Mersen-Call-on-Elected-Officials-to-Act-as-Company-Announces-Holiday-Layoffs-Despite-Record-Financial-Success.html
12/16/24,SK,SK On,BlueOval City Tennessee,Update,Stanton,TN,Batteries,Cells; Modules; Packs,Under Construction,2027,No Evidence,,,TN08,No Evidence,"$107,500,000",Loan Programs Office (LPO),https://www.energy.gov/lpo/articles/doe-announces-963-billion-loan-blueoval-sk-further-expand-us-manufacturing-electric
12/13/24,Benteler,Benteler,Benteler Stafford Avenue Plant,Update,Grand Rapids,MI,Batteries,Battery Pack Components,Under Construction,2026,No Evidence,,-20,MI03,No Evidence,$0,None,https://www.benteler.com/en/press-media/latest-news/benteler-strengthens-us-presence-with-new-e-mobility-plant/
12/10/24,Ascend Elements,Ascend Elements,Base 1,Update,Covington,GA,Battery Recycling,Recycling,Operational,2025,No Evidence,,,GA04,No Evidence,$0,None,https://ascendelements.com/covington-lithium-carbonate/
12/10/24,Ascend Elements,Ascend Elements,Hopkinsville Battery Recycling Plant (JV),Update,Hopkinsville,KY,Battery Recycling,Recycling,Canceled,2024,No Evidence,"($16,250,000)",-15,KY01,No Evidence,$0,None,https://www.canarymedia.com/articles/recycling-renewables/ev-battery-recycling-had-a-rough-2024?utm_campaign=canary&utm_medium=email&_hsenc=p2ANqtz-_by-KATMjbVB3aqThMy-ywPygLT7hCyabNlGlY4iFN9IuN5Nhadfuow_-uSY2ckOPRf3kKhYvS_gMuJdur03IPj1PuUTKFTLfRtNfrMpb6udcNnok&_hsmi=337808112&utm_source=newsletter
12/10/24,SK,SK Ecoplant,Hopkinsville Battery Recycling Plant (JV),Update,Hopkinsville,KY,Battery Recycling,Recycling,Canceled,2024,No Evidence,"($41,600,000)",-38,KY01,No Evidence,$0,None,https://www.canarymedia.com/articles/recycling-renewables/ev-battery-recycling-had-a-rough-2024?utm_campaign=canary&utm_medium=email&_hsenc=p2ANqtz-_by-KATMjbVB3aqThMy-ywPygLT7hCyabNlGlY4iFN9IuN5Nhadfuow_-uSY2ckOPRf3kKhYvS_gMuJdur03IPj1PuUTKFTLfRtNfrMpb6udcNnok&_hsmi=337808112&utm_source=newsletter
12/10/24,SK,TES,Hopkinsville Battery Recycling Plant (JV),Update,Hopkinsville,KY,Battery Recycling,Recycling,Canceled,2024,No Evidence,"($7,150,000)",-7,KY01,No Evidence,$0,None,https://www.canarymedia.com/articles/recycling-renewables/ev-battery-recycling-had-a-rough-2024?utm_campaign=canary&utm_medium=email&_hsenc=p2ANqtz-_by-KATMjbVB3aqThMy-ywPygLT7hCyabNlGlY4iFN9IuN5Nhadfuow_-uSY2ckOPRf3kKhYvS_gMuJdur03IPj1PuUTKFTLfRtNfrMpb6udcNnok&_hsmi=337808112&utm_source=newsletter
12/9/24,Nippon Denkai,Denkai,Kershaw County Manufacturing Facility,Update,Camden,SC,Minerals,Anode Materials,Canceled,2024,No Evidence,"($14,000,000)",-90,SC05,No Evidence,$0,None,https://www.pmg-sc.com/camden/article_cf6c0811-0866-52af-b176-dd5994c8cdfd.html
12/9/24,Nippon Denkai,Denkai,Richmond County Manufacturing Facility,Update,Augusta,GA,Minerals,Anode Materials,Canceled,2024,No Evidence,"($150,000,000)",-250,GA12,No Evidence,$0,None,https://www.pmg-sc.com/camden/article_cf6c0811-0866-52af-b176-dd5994c8cdfd.html
12/2/24,Samsung,Samsung SDI,StarPlus Energy Gigafactory #1 (JV),Update,Kokomo,IN,Batteries,Cells,Operational,2025,Good Evidence,"$460,000,000",,IN05,No Evidence,"$1,885,000,000",Loan Programs Office (LPO),https://www.energy.gov/lpo/articles/lpo-announces-conditional-commitment-starplus-energy-construct-lithium-ion-battery
12/2/24,Samsung,Samsung SDI,StarPlus Energy Gigafactory #2 (JV),Update,Kokomo,IN,Batteries,Modules,Planned,2027,No Evidence,"$460,000,000",,IN05,No Evidence,"$1,885,000,000",Loan Programs Office (LPO),https://www.energy.gov/lpo/articles/lpo-announces-conditional-commitment-starplus-energy-construct-lithium-ion-battery
12/2/24,Stellantis,Stellantis,StarPlus Energy Gigafactory #1 (JV),Update,Kokomo,IN,Batteries,Modules,Operational,2025,Good Evidence,"$460,000,000",,IN05,No Evidence,"$1,885,000,000",Loan Programs Office (LPO),https://www.energy.gov/lpo/articles/lpo-announces-conditional-commitment-starplus-energy-construct-lithium-ion-battery
12/2/24,Stellantis,Stellantis,StarPlus Energy Gigafactory #2 (JV),Update,Kokomo,IN,Batteries,Cells,Planned,2027,No Evidence,"$460,000,000",,IN05,No Evidence,"$1,885,000,000",Loan Programs Office (LPO),https://www.energy.gov/lpo/articles/lpo-announces-conditional-commitment-starplus-energy-construct-lithium-ion-battery
12/1/24,ZF Fridrichshafen AG,ZF,ZF Axle Drives Marysville,Update,Marysville,MI,Parts,Electric Axles,Canceled,2024,Good Evidence,"($157,714,011)",-536,MI09,No Evidence,,Domestic Manufacturing Conversion Grant Program,https://www.nytimes.com/2025/02/20/business/economy/clean-energy-manufacturing-trump.html
11/26/24,Blue Bird,Micro Bird,Micro Bird Plattsburgh Plant,Original,Plattsburgh,NY,Heavy-Duty (Class 7-8),Vehicle Assembly,Planned,2025,No Evidence,,,NY21,No Evidence,$0,None,https://www.governor.ny.gov/news/governor-hochul-announces-micro-bird-establish-30-million-us-manufacturing-facility-and-build
11/25/24,Rivian,Rivian,Georgia Manufacturing Plant,Update,Social Circle,GA,Light-Duty (Class 1-2),Vehicle Assembly,Under Construction,2028,No Evidence,"$1,567,000,000",,GA10,Good Evidence,"$6,567,000,000",Loan Programs Office (LPO),https://rivian.com/en-CH/newsroom/article/rivian-receives-conditional-commitment-from-doe-for-6-6b-for-ga-plant
11/19/24,Israel Corporation,ICL Group,LFP Cathode Powder Factory,Update,St Louis,MO,Minerals,Cathode Materials,Canceled,2026,No Evidence,"$144,399,300",,MO01,No Evidence,,Battery Materials Processing and Battery Manufacturing Recycling Grants,https://www.stlpr.org/economy-business/2024-11-19/icl-expansion-574-million-facility-north-st-louis-north-riverfront
11/15/24,Electrovaya,Electrovaya,Electrovaya US Gigafactory,Update,Jamestown,NY,Batteries,Separators; Cells; Modules; Packs,Operational,2025,No Evidence,"$11,000,000",,NY23,No Evidence,$0,None,https://www.post-journal.com/news/top-stories/2024/11/electrovaya-secures-51m-for-ellicott-site/
11/15/24,Wiegel,Wiegel,Wiegel Wood Dale,Original,Wood Dale,IL,Parts,Other Electrification Components,Planned,,No Evidence,"$5,500,000",11,IL08,No Evidence,$0,None,https://gov.illinois.gov/news/press-release.30638.html
11/13/24,Microporous,Microporous,Microporous Virginia Manufacturing Facility,Update,Danville,VA,Batteries,Separators,Under Construction,2026,No Evidence,"$625,000,000",867,VA05,No Evidence,,Advanced Energy Manufacturing and Recycling Program,https://www.vedp.org/press-release/2024-11/microporous-pittsylvania
11/12/24,NFI Group,Motor Coach Industries,MCI Pembina,Original,Pembina,ND,Heavy-Duty (Class 7-8),Vehicle Assembly,Operational,2024,No Evidence,,,ND,No Evidence,$0,None,https://www.mcicoach.com/nfi-subsidiary-mci-ships-its-first-electric-coach-out-of-pembina-north-dakota
11/7/24,Li-Cycle,Li-Cycle,Rochester Hub,Update,Rochester,NY,Battery Recycling,Recycling,Canceled,2025,No Evidence,"$585,000,000",0,NY25,No Evidence,"$475,000,000",Loan Programs Office (LPO),https://investors.li-cycle.com/news/news-details/2024/Li-Cycle-Closes-Upsized-475-Million-Loan-Facility-with-U.S.-Department-of-Energy-to-Support-Development-of-the-Rochester-Hub-Project/default.aspx
10/24/24,Ioneer,Ioneer,Rhyolite Ridge Lithium-Boron Project,Update,Coyote Hole,NV,Minerals,Lithium,Planned,2028,No Evidence,,33,,No Evidence,,Loan Programs Office (LPO),https://www.businesswire.com/news/home/20241023742388/en/Ioneer%E2%80%99s-Rhyolite-Ridge-Lithium-Boron-Project-Receives-Final-Permit-Approval-from-U.S.-Federal-Government-Construction-Planned-for-2025/
10/23/24,Anthro Energy,Anthro Energy,Anthro LIB Electrolyte Plant,Original,,KY,Batteries,Electrolytes and Electrolyte Inputs,Planned,2027,No Evidence,"$70,000,000",115,,No Evidence,"$43,300,000",Advanced Energy Manufacturing and Recycling Program; Qualifying Advanced Energy Project Credit (48C)`,https://www.prweb.com/releases/us-department-of-energy-selects-anthro-energy-for-24-9-million-grant-under-bipartisan-infrastructure-law-to-build-us-owned-advanced-electrolyte-production-facility-302284289.html
10/22/24,Sparkz,Sparkz,Sparkz CAM Production Facility,Original,,WV,Minerals,Cathode Materials,Planned,,Good Evidence,"$9,800,000",75,,No Evidence,"$9,800,000",Advanced Energy Manufacturing and Recycling Program,https://sparkz.energy/sparkz-doe-grant/
10/16/24,Aspen Aerogels,Aspen Aerogels,Aspen Aerogels Georgia,Update,Statesboro,GA,Batteries,Battery Pack Components,Canceled,2026,No Evidence,"$675,000,000",5,GA12,No Evidence,"$670,600,000",Loan Programs Office (LPO),https://www.bnnbloomberg.ca/investing/2024/10/16/us-offers-ev-battery-parts-maker-671-million-for-georgia-plant/
10/16/24,Lithium Americas,Lithium Nevada,Thacker Pass (JV),Update,,NV,Minerals,Lithium,Under Construction,2026,No Evidence,"($12,500,000)",,,No Evidence,,Loan Programs Office (LPO),https://lithiumamericas.com/news/news-details/2024/Unlocking-Thacker-Pass-General-Motors-to-Contribute-Combined-625-Million-in-Cash-and-Letters-of-Credit-to-New-Joint-Venture-with-Lithium-Americas/default.aspx
10/15/24,EVBox,EVBox,Innovation Park Facility,Update,Libertyville,IL,EV Charging,Charging Units,Canceled,2024,No Evidence,,-100,IL10,No Evidence,,None,https://electrek.co/2024/10/15/french-energy-giant-engie-to-shut-down-evbox/
10/15/24,Lyten,Lyten,Lyten Nevada Gigafactory,Original,Reno,NV,Batteries,Anodes; Cells,Planned,2027,No Evidence,"$666,666,667",133,NV02,No Evidence,$0,None,https://www.businesswire.com/news/home/20241015561495/en/Lyten-Announces-Plans-to-Build-the-World%E2%80%99s-First-Lithium-Sulfur-Battery-Gigafactory-in-Nevada
10/15/24,Lyten,Lyten,Lyten Nevada Gigafactory,Original,Reno,NV,Minerals,Cathode Materials,Planned,2027,No Evidence,"$333,333,333",67,NV02,No Evidence,$0,None,https://www.businesswire.com/news/home/20241015561495/en/Lyten-Announces-Plans-to-Build-the-World%E2%80%99s-First-Lithium-Sulfur-Battery-Gigafactory-in-Nevada
10/8/24,Aditya Birla Group,Birla Carbon,Birla (SKI) Graphite Plant,Update,Orangeburg,SC,Minerals,Graphite,Planned,2026,No Evidence,"$850,000,000",124,SC06,No Evidence,,Battery Materials Processing and Battery Manufacturing Recycling Grants,https://governor.sc.gov/news/2024-10/birla-carbon-selects-orangeburg-county-first-south-carolina-operation
10/3/24,Sepion Technologies,Sepion Technologies,Sepion Separator Manufacturing Facility,Original,,CA,Batteries,Separators,Planned,2027,No Evidence,"$17,500,000",,,No Evidence,$0,None,https://www.businesswire.com/news/home/20241002491036/en/Sepion-Technologies-Secures-17.5-Million-to-Build-Advanced-Battery-Separator-Manufacturing-Facility
10/3/24,Toyota Motor Company,Toyota,Toyota Motor Manufacturing Kentucky,Update,Georgetown,KY,Light-Duty (Class 1-2),Vehicle Assembly,Planned,2026,No Evidence,,,KY06,No Evidence,$0,None,https://www.reuters.com/business/autos-transportation/toyota-delay-us-ev-production-2026-amid-slowing-sales-nikkei-reports-2024-10-02/
9/26/24,American Resources Corporation,ReElement Tech,Marion Lithium Recycling Facility (JV),Original,Marion,IN,Battery Recycling,Recycling,Under Construction,2025,No Evidence,"$15,000,000",125,IN05,No Evidence,$0,None,https://www.businesswire.com/news/home/20240926572025/en/LOHUM-ReElement-American-Metals-Come-Together-to-Set-up-an-Integrated-Li-ion-Battery-Materials-Processing-Facility-With-an-Investment-North-of-30M
9/26/24,LOHUM Cleantech,LOHUM Cleantech,Marion Lithium Recycling Facility (JV),Original,Marion,IN,Battery Recycling,Recycling,Under Construction,,No Evidence,"$15,000,000",125,IN05,No Evidence,$0,None,https://www.businesswire.com/news/home/20240926572025/en/LOHUM-ReElement-American-Metals-Come-Together-to-Set-up-an-Integrated-Li-ion-Battery-Materials-Processing-Facility-With-an-Investment-North-of-30M
9/24/24,American Battery Technology Company,American Battery Technology Company,ABTC South Carolina Recycling Plant,Original,,SC,Battery Recycling,Recycling; Lithium Hydroxide,Planned,,No Evidence,"$144,000,000",300,,No Evidence,"$144,000,000",Battery Materials Processing and Battery Manufacturing Recycling Grants,https://americanbatterytechnology.com/does-3b-funding-round-includes-battery-recycling-projects/
9/23/24,Braskem,Braskem,Polypropylene Plant,Original,La Porte,TX,Batteries,Separators,Under Construction,,No Evidence,"$50,000,000",,TX36,No Evidence,"$50,000,000",Battery Materials Processing and Battery Manufacturing Recycling Grants,https://www.braskem.com.br/usa/news-detail/braskem-selected-to-negotiate-terms-of-a-prestigious-50-million-award-from-us-department-of-energy-to-drive-electrification-revolution
9/23/24,Roush Industries,Roush Industries,Roush Livonia Manufacturing Facility,Update,Livonia,MI,Medium-Duty (Class 3-6),Vehicle Assembly,Under Construction,2024,No Evidence,,,MI12,No Evidence,$0,None,https://investors.ree.auto/ree-automotive-kick-off-u-s-production-with-roush-industries-as-contract-manufacturer/
9/20/24,Aditya Birla Group,Birla Carbon,Birla (SKI) Graphite Plant,Original,Orangeburg,SC,Minerals,Graphite,Planned,2026,No Evidence,"$150,000,000",,SC06,No Evidence,"$150,000,000",Battery Materials Processing and Battery Manufacturing Recycling Grants,https://charlestonbusiness.com/feds-invest-150m-in-proposed-orangeburg-ev-battery-components-facility/
9/20/24,Albemarle,Albemarle,Albemarle Anode Materials Plant,Original,,NC,Minerals,Anode Materials,Planned,,No Evidence,"$67,075,044",100,,No Evidence,"$67,075,044",Battery Materials Processing and Battery Manufacturing Recycling Grants,https://www.energy.gov/mesc/bipartisan-infrastructure-law-battery-materials-processing-and-battery-manufacturing-recycling
9/20/24,AlliedSignal,Honeywell,Honeywell LiN(SO2F)2 Plant,Original,Geismar,LA,Batteries,Electrolytes and Electrolyte Inputs,Planned,,No Evidence,"$63,293,249",35,LA02,No Evidence,"$63,293,249",Battery Materials Processing and Battery Manufacturing Recycling Grants,https://troycarter.house.gov/media/press-releases/congressman-carter-celebrates-roughly-300-million-investment-louisianas
9/20/24,Blue Whale Materials,Blue Whale Materials,Bartlesville Battery Processing Facility,Expansion 1,Bartlesville,OK,Battery Recycling,Recycling,Under Construction,2025,No Evidence,"$105,000,000",150,OK02,No Evidence,"$55,232,670",Battery Materials Processing and Battery Manufacturing Recycling Grants,"https://www.businesswire.com/news/home/20240919802459/en/Blue-Whale-Materials-Selected-for-55-Million-DOE-Award-Negotiation-to-Expand-Bartlesville-OK-Lithium-ion-Battery-Recycling-Facility#:~:text=The%20selection%20is%20part%20of,over%20100%2C000%20electric%20vehicles%20annually.q"
9/20/24,Cabot,Cabot,Cabot Conductive Additive Plant,Original,,MI,Batteries,Electrolytes and Electrolyte Inputs,Planned,,No Evidence,"$181,000,000",85,,No Evidence,"$50,000,000",Battery Materials Processing and Battery Manufacturing Recycling Grants,https://www.businesswire.com/news/home/20240920444389/en/Cabot-Corporation-Selected-for-Award-Negotiation-for-50-Million-from-the-U.S.-Department-of-Energy-to-Support-Domestic-Battery-Supply-Chain
9/20/24,Clarios,Clarios,Florence Battery Recycling Center,Original,Florence,SC,Battery Recycling,Remanufacturing; Cathode Materials,Planned,,No Evidence,"$150,000,000",375,SC07,No Evidence,"$150,000,000",Battery Materials Processing and Battery Manufacturing Recycling Grants,https://www.energy.gov/mesc/bipartisan-infrastructure-law-battery-materials-processing-and-battery-manufacturing-recycling
9/20/24,Element 25 Limited,Element 25,Element 25 Manganese Processing Facility,Update,,LA,Minerals,Manganese,Planned,2026,No Evidence,,140,,No Evidence,"$166,128,094",Battery Materials Processing and Battery Manufacturing Recycling Grants,https://troycarter.house.gov/media/press-releases/congressman-carter-celebrates-roughly-300-million-investment-louisianas
9/20/24,EnerG2,Group14,Group14 Silane Plant,Original,Moses Lake,WA,Minerals,Anode Materials,Planned,,No Evidence,"$200,000,000",150,WA04,No Evidence,"$200,000,000",Battery Materials Processing and Battery Manufacturing Recycling Grants,https://www.group14.technology/resources/press-releases/us-doe-selects-group14-for-up-to-200m-award/
9/20/24,Forge Nano,Forge Nano,Forge Battery North Carolina,Expansion 1,Morrisville,NC,Batteries,Cells,Planned,2029,No Evidence,"$120,000,000",38,NC02,No Evidence,"$50,000,000",Battery Materials Processing and Battery Manufacturing Recycling Grants,https://www.forgenano.com/forge-battery-to-receive-100m-from-u-s-department-of-energy-to-expand-production-capacity-of-north-carolina-lithium-ion-battery-gigafactory/
9/20/24,Li Industries,Li Industries,Li Industries CAM Recycling Plant,Original,Kettering,OH,Battery Recycling,Remanufacturing; Cathode Materials,Planned,,No Evidence,"$55,243,798",120,OH10,No Evidence,"$55,243,798",Battery Materials Processing and Battery Manufacturing Recycling Grants,https://www.li-ind.com/posts/li-industries-inc-selected-for-55-million-award-as-part-of-department-of-energy-bipartisan-infrastructure-law-bil-effort-to-advance-closed-loop-lithium-iron-phosphate-recycling-and-manufacturing
9/20/24,Mitra Chem,Mitra Chem,Mitra Chem Cathode Plant,Original,Muskegon,MI,Batteries,Cathodes,Planned,2027,No Evidence,"$62,500,000",75,MI02,No Evidence,"$50,000,000",Battery Materials Processing and Battery Manufacturing Recycling Grants,https://www.mitrachem.com/post/us-department-of-energy-selects-mitra-chem-for-100-million-award-for-domestic-battery-manufacturing
9/20/24,NanoGraf,NanoGraf,Flint Anode Materials Facility,Original,Flint,MI,Minerals,Anode Materials,Planned,,No Evidence,"$175,000,000",150,MI08,No Evidence,"$60,000,000",Battery Materials Processing and Battery Manufacturing Recycling Grants,https://www.nanograf.com/media/nanograf-bipartisan-infrastructure-law-grant-michigan-factory
9/20/24,Revex Technologies,Revex Technologies,REV Nickel Project,Original,,MI,Minerals,Nickel,Planned,,No Evidence,"$398,000,000",115,,No Evidence,"$145,000,000",Battery Materials Processing and Battery Manufacturing Recycling Grants,https://revextech.com/news/revex-technologies-awarded-50-million-state-michigan
9/20/24,Solid Power,Solid Power,Thornton Factory,Expansion 1,Thornton,CO,Batteries,Electrolytes and Electrolyte Inputs,Planned,2026,Some Evidence,"$50,000,000",40,CO08,No Evidence,"$50,000,000",Battery Materials Processing and Battery Manufacturing Recycling Grants,https://www.solidpowerbattery.com/investor-relations/investor-news/news-details/2024/Solid-Power-Selected-by-U.S.-Department-of-Energy-for-Up-to-50-Million-Award-Negotiation-for-Continuous-Production-of-Sulfide-based-Solid-Electrolyte-Materials-for-Advanced-All-Solid-State-Batteries/default.aspx
9/20/24,"Standard Lithium, Equinor",SWA Lithium,South West Arkansas Project,Original,,AR,Minerals,Lithium,Planned,,No Evidence,"$112,500,000",50,,No Evidence,"$112,500,000",Battery Materials Processing and Battery Manufacturing Recycling Grants,https://www.standardlithium.com/investors/news-events/press-releases/detail/175/u-s-department-of-energy-selects-standard-lithium-and
9/20/24,TerraVolta Resources,TerraVolta Resources,Project Liberty Owl,Original,Ypsilanti,AR,Minerals,Lithium,Planned,2029,No Evidence,"$500,000,000",63,,No Evidence,"$112,500,000",Battery Materials Processing and Battery Manufacturing Recycling Grants,https://www.prnewswire.com/news-releases/terravolta-resources-selected-by-us-department-of-energy-for-225-million-award-negotiation-for-lithium-production-facility-in-texarkana-region-302254244.html
9/20/24,Urbix,Urbix,CSPG Manufacturing Plant,Original,,AL,Minerals,Graphite,Planned,,No Evidence,"$125,000,000",200,,No Evidence,"$124,638,300",Battery Materials Processing and Battery Manufacturing Recycling Grants,https://www.urbix.inc/post/urbix-graphite-processing-facility-selected-by-us-doe-for-125-million-funding-negotiation
9/17/24,Enzinc,Enzinc,Enzinc Manufacturing Technology Center,Original,Oakland,CA,Batteries,Anodes,Operational,2024,No Evidence,"$900,000",,CA12,No Evidence,$0,None,https://enzinc.com/enzinc-opens-critical-battery-component-manufacturing-center-to-meet-growing-customer-demand/
9/11/24,Stellantis,Stellantis,Dundee Engine Plant,Original,Dundee,MI,Batteries,Battery Enclosures; Battery Pack Components,Planned,2024,Good Evidence,"$73,000,000",,MI05,No Evidence,$0,None,https://www.stellantis.com/en/news/press-releases/2024/september/stellantis-invests-more-than-406-million-dollars-in-three-michigan-facilities-to-execute-multi-energy-strategy
9/11/24,Stellantis,Stellantis,Sterling Heights Assembly Plant,Original,Sterling Heights,MI,Light-Duty (Class 1-2),Vehicle Assembly,Under Construction,2024,Good Evidence,"$235,500,000",,MI10,No Evidence,$0,None,https://www.stellantis.com/en/news/press-releases/2024/september/stellantis-invests-more-than-406-million-dollars-in-three-michigan-facilities-to-execute-multi-energy-strategy
9/11/24,Stellantis,Stellantis,Warren Truck Assembly Plant,Original,Warren,MI,Light-Duty (Class 1-2),Vehicle Assembly,Planned,2025,Good Evidence,"$97,600,000",,MI10,No Evidence,$0,None,https://www.stellantis.com/en/news/press-releases/2024/september/stellantis-invests-more-than-406-million-dollars-in-three-michigan-facilities-to-execute-multi-energy-strategy
9/4/24,Benteler,Benteler,Benteler Stafford Avenue Plant,Original,Grand Rapids,MI,Batteries,Battery Pack Components,Under Construction,,No Evidence,"$105,000,000",170,MI03,No Evidence,$0,None,https://www.woodtv.com/news/kent-county/105m-benteler-automotive-battery-plant-planned-for-wyoming/?utm_medium=email
9/4/24,Benteler,HOLON,Holon Autonomous Vehicle Assembly Plant,Original,,FL,Light-Duty (Class 1-2),Vehicle Assembly,Planned,2026,No Evidence,"$100,000,000",150,,No Evidence,$0,None,https://www.benteler.com/en/press-media/news-and-press-releases/detail/HOLON-to-establish-manufacturing-facility-in-Jacksonville/
8/28/24,General Motors,General Motors,New Carlisle Battery Manufacturing Plant (JV),Update,New Carlisle,IN,Batteries,Cells,Under Construction,2027,No Evidence,"$250,000,000",,,No Evidence,$0,None,https://abcnews.go.com/US/wireStory/gm-delays-indiana-electric-vehicle-battery-factory-finalizes-113212165
8/28/24,Samsung,Samsung SDI,New Carlisle Battery Manufacturing Plant (JV),Update,New Carlisle,IN,Batteries,Cells,Under Construction,2027,No Evidence,"$250,000,000",,,No Evidence,$0,None,https://abcnews.go.com/US/wireStory/gm-delays-indiana-electric-vehicle-battery-factory-finalizes-113212165
8/26/24,Tesla,Tesla,Gigafactory 2,Update,Buffalo,NY,EV Charging,Charging Units,Operational,2024,No Evidence,,948,NY26,No Evidence,$0,None,https://www.wkbw.com/news/local-news/buffalo/we-are-proud-of-being-in-buffalo-south-buffalo-tesla-gigafactory-hiring-workers-after-hundreds-of-layoffs
8/22/24,RBW Sports & Classics,RBW Sports & Classics,RBW Vehicle Assembly Plant,Original,Danville,VA,Light-Duty (Class 1-2),Vehicle Assembly,Planned,,No Evidence,"$8,000,000",144,VA05,No Evidence,$0,None,"https://www.governor.virginia.gov/newsroom/news-releases/2024/august/name-1032230-en.html#:~:text=RICHMOND%2C%20VA%20%E2%80%94%20Governor%20Glenn%20Youngkin,the%20City%20of%20Danville%20and"
8/15/24,Piedmont Lithium,Piedmont Lithium,North Etowah Industrial Park Facility,Update,Etowah,TN,Minerals,Lithium,Canceled,2024,No Evidence,"($800,000,000)",-117,,No Evidence,$0,None,https://www.bizjournals.com/charlotte/news/2024/08/15/piedmont-lithium-carolina-gaston-tennessee-mine.html
8/12/24,Lear Corporation,Lear Corporation,Independence Township EV Component Factory,Update,Independence Township,MI,Parts,Battery Disconnect Units; Other Electrification Components,Canceled,2025,No Evidence,"($80,000,000)",-167,MI09,No Evidence,$0,None,https://www.ft.com/content/afb729b9-9641-42b2-97ca-93974c461c4c
8/12/24,Lear Corporation,Lear Corporation,Traverse City EV Component Factory,Update,Traverse City,MI,Batteries,Battery Pack Components,Canceled,2025,Good Evidence,"($16,250,000)",-167,MI01,No Evidence,$0,None,https://www.ft.com/content/afb729b9-9641-42b2-97ca-93974c461c4c
8/8/24,Magna International,Magna International,Waymo Driver Integration Plant,Original,Mesa,AZ,Light-Duty (Class 1-2),Vehicle Assembly,Under Construction,,No Evidence,,,AZ05,No Evidence,$0,None,https://www.azcommerce.com/news-events/news/2024/8/north-america-s-largest-automotive-supplier-to-build-manufacturing-facility-in-mesa/
8/2/24,Applied Materials,Applied Materials,Lynchburg Facility,Update,,VA,Batteries,Anodes,Canceled,2024,No Evidence,"($112,005,218)",-45,,No Evidence,"($50,000,000)",Battery Materials Processing and Battery Manufacturing Recycling Grants,https://cardinalnews.org/2024/08/02/battery-plant-backed-by-100-million-federal-grant-no-longer-planned-for-lynchburg/
7/29/24,Foxlink,Foxlink,Foxlink Arizona Facility,Expansion 1,Phoenix,AZ,Batteries,Modules; Packs,Planned,,No Evidence,"$10,000,000",50,AZ08,No Evidence,$0,None,https://www.businesswire.com/news/home/20240726311983/en/Foxlink-Expands-Green-Energy-Manufacturing-Footprint-in-the-United-States
7/29/24,Foxlink,Foxlink,Foxlink Arizona Facility,Expansion 1,Phoenix,AZ,EV Charging,Charging Units,Planned,,No Evidence,"$10,000,000",50,AZ08,No Evidence,$0,None,https://www.businesswire.com/news/home/20240726311983/en/Foxlink-Expands-Green-Energy-Manufacturing-Footprint-in-the-United-States
7/23/24,General Motors,General Motors,Orion Factory,Update,Lake Orion,MI,Batteries,Packs; Modules,Operational,,Good Evidence,,,MI09,Good Evidence,$0,None,https://eu.freep.com/story/money/cars/general-motors/2024/07/23/gm-orion-assembly-plant-restart-delay/74509737007/
7/23/24,Windrose,Windrose,Windrose Semi Assembly Plant,Original,,GA,Heavy-Duty (Class 7-8),Vehicle Assembly,Planned,2025,No Evidence,,,,No Evidence,$0,None,https://www.reuters.com/business/autos-transportation/windrose-plans-truck-assembly-us-rare-move-by-chinese-ev-firm-2024-07-23/
7/22/24,Octillion Power Systems,Octillion Power Systems,Nevada One,Original,Reno,NV,Batteries,Packs,Operational,2025,No Evidence,,,NV02,No Evidence,$0,None,https://octillion.us/newsroom/news-article-2
7/19/24,Futronic,Futronic,Futronic Buda Manufacturing Facility,Original,Buda,TX,Parts,EV Motors; Other Electrification Components,Planned,2025,No Evidence,"$28,000,000",350,TX35,No Evidence,$0,None,https://www.beaumontenterprise.com/business/article/tesla-supplier-buda-19582684.php
7/13/24,VinGroup,VinFast,Chatham County Facility,Update,Moncure,NC,Batteries,Cells; Modules; Packs,Under Construction,2028,No Evidence,,,NC04,No Evidence,$0,None,https://www.reuters.com/business/autos-transportation/vietnams-vinfast-delays-us-electric-car-plant-amid-market-slowdown-2024-07-13/
7/13/24,VinGroup,VinFast,Chatham County Facility,Update,Moncure,NC,Multiple Classes,Vehicle Assembly,Under Construction,2028,No Evidence,,,NC04,No Evidence,$0,None,https://www.reuters.com/business/autos-transportation/vietnams-vinfast-delays-us-electric-car-plant-amid-market-slowdown-2024-07-13/
7/11/24,Blue Bird,Blue Bird,Blue Bird Conversion Facility,Original,,GA,Heavy-Duty (Class 7-8),Vehicle Assembly,Planned,,Good Evidence,"$160,000,000",428,,No Evidence,"$79,728,146",Domestic Manufacturing Conversion Grant Program,https://investors.blue-bird.com/news-financial-reporting/press-releases/news-details/2024/Blue-Bird-Selected-to-Receive-80-Million-Federal-Grant-to-Expand-Electric-Vehicle-Manufacturing/default.aspx
7/11/24,Cummins,Cummins,Cummins Columbus Engine Plant,Expansion 1,Columbus,IN,Parts,Electric Powertrains,Planned,,Some Evidence,"$150,000,000",250,IN06,No Evidence,"$75,000,000",Domestic Manufacturing Conversion Grant Program,"https://fox59.com/indiana-news/columbus-kokomo-auto-facilities-to-receive-multi-million-investment-from-doe/#:~:text=The%20release%20said%20Cummins%20in,%E2%80%9Cleader%20in%20electrified%20technologies.%E2%80%9D"
7/11/24,General Motors,General Motors,Lansing Grand River,Expansion 1,Lansing,MI,Light-Duty (Class 1-2),Vehicle Assembly,Planned,,Good Evidence,"$150,000,000",700,MI07,No Evidence,"$500,000,000",Domestic Manufacturing Conversion Grant Program,https://news.gm.com/newsroom.detail.html/Pages/news/us/en/2024/jul/0711-lgr.html
7/11/24,Hyundai Motor Group,Hyundai Mobis,Mobis North Toledo Battery Assembly Facility,Expansion 1,Toledo,OH,Batteries,Modules,Under Construction,2024,No Evidence,"$32,617,879",,OH09,No Evidence,"$8,154,470",Domestic Manufacturing Conversion Grant Program,https://www.toledoblade.com/business/development/2024/07/11/32-million-federal-grant-helps-grow-ev-operations-in-toledo/stories/20240710125
7/11/24,Hyundai Motor Group,Hyundai Mobis,Mobis Toledo Assembly Plant,Original,Toledo,OH,Light-Duty (Class 1-2),Vehicle Assembly,Planned,,Good Evidence,"$32,617,879",383,OH09,No Evidence,"$16,308,940",Domestic Manufacturing Conversion Grant Program,https://www.toledoblade.com/business/development/2024/07/11/32-million-federal-grant-helps-grow-ev-operations-in-toledo/stories/20240710125
7/11/24,Stellantis,Stellantis,Belvidere Assembly Plant,Original,Belvidere,IL,Light-Duty (Class 1-2),Vehicle Assembly,Under Construction,2027,Good Evidence,"$1,500,000,000","1,500",IL16,No Evidence,$0,Domestic Manufacturing Conversion Grant Program,https://gov-pritzker-newsroom.prezly.com/governor-pritzker-announces-334-million-domestic-manufacturing-conversion-grant-from-the-us-department-of-energy
7/11/24,Stellantis,Stellantis,Indiana Transmission Plant,Expansion 1,Kokomo,IN,Parts,EV Drive Units,Planned,,Good Evidence,"$249,999,999",585,IN05,No Evidence,"$249,999,999",Domestic Manufacturing Conversion Grant Program,"https://www.insideindianabusiness.com/articles/biden-administration-awards-325m-to-upgrade-indiana-plants-for-ev-components-production#:~:text=Stellantis%20will%20receive%20%24250%20million,and%20upskilling%20of%20585%20employees."
7/11/24,ZF Fridrichshafen AG,ZF,ZF Axle Drives Marysville,Original,Marysville,MI,Parts,Electric Axles,Canceled,,Good Evidence,"$157,714,011",536,MI09,No Evidence,,Domestic Manufacturing Conversion Grant Program,https://www.stabenow.senate.gov/news/senators-stabenow-peters-applaud-a-more-than-657-million-federal-investment-to-convert-auto-plants-in-lansing-and-maryville-for-electric-vehicle-production
6/24/24,ElringKlinger,ElringKlinger,ElringKlinger Pickens Manufacturing Facility,Original,,SC,Batteries,Battery Pack Components,Operational,2025,No Evidence,"$40,300,000",115,SC03,No Evidence,$0,None,https://governor.sc.gov/news/2024-06/elringklinger-group-selects-pickens-county-establish-first-south-carolina-operation
6/11/24,ElectricFish,ElectricFish,ElectricFish Charging Infrastructure Facility,Original,San Carlos,CA,EV Charging,Charging Units,Operational,2024,No Evidence,,,CA15,No Evidence,$0,None,https://www.morningstar.com/news/business-wire/20240610236797/electricfish-opens-first-intelligent-grid-ev-infrastructure-manufacturing-facility-in-california
6/10/24,"LG Corporation, Toyota Motor Company",Green Metals Battery Innovations,Green Metals North Carolina Battery Recycling Facility,Original,Liberty,NC,Battery Recycling,Recycling,Planned,2025,No Evidence,"$19,800,000",47,NC09,No Evidence,$0,None,https://www.wfmynews2.com/article/news/community/a-new-electric-vehicle-battery-waste-handling-plant-coming-to-liberty-north-carolina/83-6591ce60-63aa-435d-a2be-9937f028d48e
5/9/24,General Motors,General Motors,GM Fairfax Assembly Plant,Original,Kansas City,KS,Light-Duty (Class 1-2),Vehicle Assembly,Operational,2025,Good Evidence,"$390,000,000",,KS02,Good Evidence,$0,None,https://www.kshb.com/news/local-news/gm-to-retire-malibu-retool-kck-fairfax-assembly-plant-for-bolt-ev
5/2/24,Green New Energy Materials,Green New Energy Materials,GNEM Denver Facility,Original,Denver,NC,Batteries,Separators,Planned,,No Evidence,"$70,000,000",273,NC10,No Evidence,$0,None,"https://governor.nc.gov/news/press-releases/2024/05/02/north-carolinas-success-clean-energy-economy-continues-545-new-jobs-coming-lincoln-county#:~:text=GNEM's%20project%20in%20North%20Carolina,state's%20economy%20by%20%241.15%20billion."
5/2/24,Rivian,Rivian,Normal Factory,Expansion 1,Normal,IL,Multiple Classes,Vehicle Assembly,Operational,2026,No Evidence,"$1,500,000,000",550,IL17,Good Evidence,$0,None,https://gov-pritzker-newsroom.prezly.com/gov-pritzker-and-rivian-announce-15-billion-investment-in-normal-facility
4/26/24,Tesla,Tesla,Gigafactory Nevada,Update,Sparks,NV,Batteries,Packs,Operational,2025,No Evidence,,-693,NV02,No Evidence,$0,None,https://www.reviewjournal.com/business/tesla-to-lay-off-nearly-700-in-nevada-as-car-sales-slump-3041005/?utm_campaign=widget&utm_medium=section_row&utm_source=entertainment&utm_term=Tesla+to+lay+off+nearly+700+in+Nevada+as+car+sales+slump&utm_medium=email
4/25/24,Toyota Motor Company,Toyota,Toyota Motor Manufacturing Indiana,Expansion 1,Princeton,IN,Batteries,Packs,Canceled,2026,No Evidence,"$700,000,000",170,IN08,No Evidence,$0,None,https://pressroom.toyota.com/toyota-charges-up-investment-and-jobs-in-u-s-manufacturing/
4/25/24,Toyota Motor Company,Toyota,Toyota Motor Manufacturing Indiana,Expansion 1,Princeton,IN,Light-Duty (Class 1-2),Vehicle Assembly,Canceled,2026,No Evidence,"$700,000,000",170,IN08,No Evidence,$0,None,https://pressroom.toyota.com/toyota-charges-up-investment-and-jobs-in-u-s-manufacturing/
4/24/24,Tesla,Tesla,Gigafactory 5,Update,Austin,TX,Multiple Classes,Vehicle Assembly,Operational,2024,No Evidence,,"-2,688",TX35,Good Evidence,$0,None,https://www.houstonchronicle.com/business/article/tesla-layoffs-hit-2-688-austin-area-employees-19417974.php?utm_medium=email
4/23/24,Tesla,Tesla,Tesla Fremont Factory,Update,Fremont,CA,Light-Duty (Class 1-2),Vehicle Assembly,Operational,2024,No Evidence,,"-1,452",CA17,Good Evidence,,Loan Programs Office (LPO),https://www.ktvu.com/news/tesla-to-lay-off-thousands-of-employees-in-fremont-and-palo-alto
4/22/24,Bollinger Innovations,Mullen Automotive,Mullen Fullerton,Update,Fullerton,CA,Batteries,Cells; Packs,Under Construction,2025,No Evidence,,200,CA46,No Evidence,$0,None,https://news.mullenusa.com/mullens-new-high-energy-facility-marks-phase-one-completion-of-battery-pack-assembly-line
4/17/24,Tesla,Tesla,Gigafactory 2,Update,Buffalo,NY,EV Charging,Charging Units,Operational,2024,No Evidence,,-284,NY26,No Evidence,$0,None,https://www.cnbc.com/2024/04/17/tesla-is-laying-off-285-employees-in-buffalo-new-york-as-part-of-a-broad-restructuring.html
4/12/24,Honda Motor Company,Honda,Marysville Auto Plant,Update,Marysville,OH,Batteries,Packs,Canceled,2025,No Evidence,,300,OH04,Good Evidence,$0,None,https://hondanews.com/en-US/honda-corporate/releases/release-c0e904130abdddafe05400397a01473d-honda-progress-in-establishment-of-ev-hub-in-ohio-will-lead-to-ev-production-in-north-america
4/12/24,Orion SA,Orion SA,La Porte Additives Facility,Update,La Porte,TX,Batteries,Electrolytes and Electrolyte Inputs,Under Construction,2025,No Evidence,,,TX36,No Evidence,$0,None,https://investor.orioncarbons.com/financial-press-releases/press-releases-details/2024/Orion-S.A.-Breaks-Ground-on-Battery-Materials-Plant-in-Texas/default.aspx
4/11/24,EnergiSpot,EnergiSpot,EnergiSpot VERK Plant,Original,Spanish Fork,UT,EV Charging,Charging Units,Planned,,No Evidence,"$7,300,000",90,,No Evidence,,None,https://business.utah.gov/tax-credits/energispot-to-grow-in-utah-county/
4/11/24,Green Li-ion,Green Li-ion,Oklahoma Recycling Facility,Update,Atoka,OK,Battery Recycling,Remanufacturing,Operational,2024,No Evidence,,20,OK02,No Evidence,$0,None,https://www.greenli-ion.com/post/green-li-ion-launches-north-americas-first-commercial-scale-plant-to-produce-recycled-lithium-ion-engineered-battery-materials
4/8/24,Graphjet Technology,Graphjet,Nevada Artificial Graphite Facility,Original,,NV,Minerals,Graphite,Planned,2026,No Evidence,"$175,000,000",500,,No Evidence,$0,None,https://www.globenewswire.com/news-release/2024/04/08/2859056/0/en/Graphjet-Technology-to-Build-New-Agricultural-Waste-to-Graphite-Production-Facility-in-Nevada.html
4/5/24,Ford Motor Company,Ford,BlueOval Tennessee Truck Plant,Update,Stanton,TN,Light-Duty (Class 1-2),Vehicle Assembly,Canceled,2026,No Evidence,,,TN08,Good Evidence,,Loan Programs Office (LPO),https://tennesseestar.com/economy/ford-delays-production-of-new-electric-truck-to-be-manufactured-at-blueoval-city/khousler/2024/04/05/
4/1/24,Tesla,Tesla,Gigafactory 5,Update,Austin,TX,Multiple Classes,Vehicle Assembly,Operational,2024,No Evidence,,"2,277",TX35,Good Evidence,$0,None,https://www.bloomberg.com/news/articles/2024-04-01/elon-musk-boosts-headcount-by-86-at-tesla-tsla-site-anchoring-texas-empire
3/27/24,Arrival,Arrival,Charlotte Microfactory,Update,Charlotte,NC,Multiple Classes,Vehicle Assembly,Canceled,2024,No Evidence,"($41,200,000)",-250,NC14,No Evidence,,None,https://www.electrive.com/2024/03/27/canoo-takes-over-arrivals-production-equipment/
3/27/24,Arrival,Arrival,High Voltage Battery Module Assembly Plant,Update,Charlotte,NC,Batteries,Modules,Canceled,2024,No Evidence,"($11,500,000)",-150,NC14,No Evidence,,None,https://www.electrive.com/2024/03/27/canoo-takes-over-arrivals-production-equipment/
3/27/24,Arrival,Arrival,Rock Hill Microfactory,Update,Rock Hill,SC,Multiple Classes,Vehicle Assembly,Canceled,2024,No Evidence,"($46,000,000)",-240,SC05,No Evidence,,None,https://www.electrive.com/2024/03/27/canoo-takes-over-arrivals-production-equipment/
3/27/24,Ford Motor Company,Ford,Rouge Electric Vehicle Center,Update,Dearborn,MI,Light-Duty (Class 1-2),Vehicle Assembly,Operational,2024,Good Evidence,,"-1,400",MI12,Good Evidence,$0,None,https://www.freep.com/story/money/cars/ford/2024/03/27/ford-rouge-electric-vehicle-center-dearborn-cuts/73117641007/
3/26/24,AESC,AESC,Florence Gigafactory - Factory 2,Original,,SC,Batteries,Cells,Canceled,2027,No Evidence,"$1,500,000,000","1,080",,No Evidence,$0,None,"https://governor.sc.gov/news/2024-03/aesc-grows-florence-county-operations-second-expansion-4-months#:~:text=COLUMBIA%2C%20S.C.%20%E2%80%93%20AESC%2C%20a,will%20create%201%2C080%20new%20jobs."
3/20/24,Graphite One,Graphite One,Graphite One Secondary Treatment Plant,Original,Warren,OH,Minerals,Anode Materials,Planned,2028,No Evidence,"$435,000,000",160,OH14,No Evidence,$0,None,https://www.graphiteoneinc.com/graphite-one-selects-ohios-voltage-valley-for-graphite-anode-material-manufacturing-plant/
3/20/24,H&T,H&T,De Soto Facility,Original,Kansas City,KS,Batteries,Cells,Planned,2025,No Evidence,"$110,000,000",180,,No Evidence,$0,None,https://www.kansascommerce.gov/2024/03/governor-kelly-announces-ht-recharge-investing-110m-creating-180-jobs-as-new-panasonic-supplier/
3/14/24,Lithium Americas,Lithium Nevada,Thacker Pass (JV),Update,,NV,Minerals,Lithium,Under Construction,2026,No Evidence,"$275,000,000",180,,No Evidence,"$1,130,000,000",Loan Programs Office (LPO),https://www.energy.gov/lpo/articles/lpo-announces-conditional-commitment-lithium-americas-corp-help-finance-construction
3/14/24,Lithium Americas,Lithium Nevada,Thacker Pass (JV),Update,,NV,Minerals,Lithium,Under Construction,2026,No Evidence,"$335,000,000",,,No Evidence,,Loan Programs Office (LPO),https://lithiumamericas.com/news/news-details/2024/Lithium-Americas-Provides-a-Thacker-Pass-Construction-Plan-Update/default.aspx
3/13/24,Advanced Nano Products,Advanced Nano,Hardin County Manufacturing Facility,Update,Elizabethtown,KY,Batteries,Electrolytes and Electrolyte Inputs,Under Construction,2024,No Evidence,,,KY02,No Evidence,$0,None,https://eifky.org/anp-usa/
3/12/24,General Motors,General Motors,Ultium Cells Warren (JV),Update,Lordstown,OH,Batteries,Cells,Operational,2024,Good Evidence,,450,OH14,No Evidence,,Loan Programs Office (LPO),https://www.tribtoday.com/news/local-news/2024/03/former-gm-lordstown-plant-workers-get-details-about-transfer/
3/12/24,LG Corporation,LG Energy Solution,Ultium Cells Warren (JV),Update,Lordstown,OH,Batteries,Cells,Operational,2024,Good Evidence,,450,OH14,No Evidence,,Loan Programs Office (LPO),https://www.tribtoday.com/news/local-news/2024/03/former-gm-lordstown-plant-workers-get-details-about-transfer/
3/11/24,Blink Charging,Blink Charging,SemaConnect Manufacturing Facility,Update,Bowie,MD,EV Charging,Charging Units,Operational,2024,No Evidence,,90,MD05,No Evidence,$0,None,https://www.washingtoninformer.com/blink-charging-md-climate-jobs/
3/7/24,Rivian,Rivian,Georgia Manufacturing Plant,Update,Social Circle,GA,Light-Duty (Class 1-2),Vehicle Assembly,Under Construction,2026,No Evidence,,,GA10,Good Evidence,,Loan Programs Office (LPO),https://www.nytimes.com/2024/03/07/business/economy/rivian-georgia-factory.html
3/6/24,LT Precision,LT Precision,Michigan Manufacturing & HQ,Original,Holland,MI,Batteries,Battery Pack Components,Planned,,No Evidence,"$43,200,000",70,MI04,No Evidence,$0,None,https://www.michigan.gov/whitmer/news/press-releases/2024/03/06/whitmer-announces-70-new-jobs-coming-to-holland-by-korea-based-lt-precision
3/1/24,Piston,Piston,Piston Motors Auburn Hills Parts Facility,Original,Auburn Hills,MI,Parts,Other Electrification Components,Under Construction,,No Evidence,"$278,000,000",963,MI11,No Evidence,$0,None,https://www.michigan.gov/mdot/news-outreach/pressreleases/2024/03/01/transportation-grant-will-support-redevelopment-efforts-at-site-of-former-palace-of-auburn-hills
2/29/24,UBE,UBE,Waggaman Manufacturing Facility,Update,Waggaman,LA,Batteries,Electrolytes and Electrolyte Inputs,Under Construction,2026,No Evidence,,47,LA02,No Evidence,$0,None,https://www.opportunitylouisiana.gov/project/10951
2/26/24,Schaeffler,Schaeffler,Dover Manufacturing Facility,Original,Dover,OH,Parts,Electric Axles,Planned,2025,No Evidence,"$230,000,000",450,OH06,No Evidence,$0,None,https://www.schaeffler.com/en/media/press-releases/press-releases-detail.jsp?id=88008960
2/26/24,"Toyota Motor Company, Fujihatsu",Fujihatsu & Toyotsu Battery Components,Liberty Battery Components Plant,Original,Liberty,NC,Batteries,Battery Enclosures,Under Construction,2025,No Evidence,"$60,000,000",133,,No Evidence,$0,None,https://www.taiamerica.com/fujihatsu-tech-and-toyota-tsusho-america-establish-joint-venture-in-the-us-to-manufacture-prismatic-cell-cases-and-cell-covers-for-automotive-batteries/
2/22/24,Cirba Solutions,Cirba Solutions,Lancaster Recycling Plant,Update,Lancaster,OH,Battery Recycling,Remanufacturing; Lithium Carbonate,Operational,2024,No Evidence,"$150,000,000",,OH12,No Evidence,,Battery Materials Processing and Battery Manufacturing Recycling Grants,"https://www.cirbasolutions.com/cirba-solutions-hosts-u-s-doe-showcasing-leadership-in-critical-materials-infrastructure/#:~:text=Cirba%20Solutions%20is%20investing%20more%20than%20%24400%20million%20in%20the,than%20100%20new%20generational%20jobs."
2/16/24,Jing-Jin,Jing-Jin,Farmington Hills Manufacturing Facility,Original,Farmington Hills,MI,Parts,EV Drive Units; Power Electronics,Planned,,No Evidence,"$16,500,000",100,MI11,No Evidence,$0,None,https://www.areadevelopment.com/newsitems/2-22-2024/jing-jin_electric-north-america-farmington-hills-michigan.shtml
2/12/24,Jasper Holdings,Weller Truck Parts,Wyoming Remanufacturing Facility,Original,Wyoming,MI,Parts,Electric Axles,Under Construction,2024,No Evidence,,,MI03,No Evidence,$0,None,https://www.truckpartsandservice.com/business/mergers-acquisitions/article/15663960/weller-truck-acquires-cuttingedge-manufacturing-facility
2/9/24,Volvo Group,Mack Trucks,Roanoke Valley Operations,Original,Salem,VA,Medium-Duty (Class 3-6),Vehicle Assembly,Operational,2025,No Evidence,,,VA09,No Evidence,$0,None,https://www.macktrucks.com/mack-news/2024/mack-invests-14-5-million-in-roanoke-valley-operations-expansion
2/6/24,Toyota Motor Company,Toyota,Toyota Motor Manufacturing Kentucky,Expansion 2,Georgetown,KY,Batteries,Packs,Planned,2025,No Evidence,"$650,000,000",,KY06,No Evidence,$0,None,https://pressroom.toyota.com/toyota-bringing-battery-electric-vehicle-production-to-kentucky/
2/6/24,Toyota Motor Company,Toyota,Toyota Motor Manufacturing Kentucky,Expansion 2,Georgetown,KY,Light-Duty (Class 1-2),Vehicle Assembly,Planned,2025,No Evidence,"$650,000,000",,KY06,No Evidence,$0,None,https://pressroom.toyota.com/toyota-bringing-battery-electric-vehicle-production-to-kentucky/
2/6/24,ZF Fridrichshafen AG,ZF,ZF Gray Court,Original,Gray Court,SC,Parts,Electric Powertrains,Under Construction,2025,No Evidence,"$500,000,000",400,SC03,No Evidence,$0,None,https://press.zf.com/press/en/releases/release_65730.html
1/31/24,Livingston Energy,Livingston Energy,Rotterdam Manufacturing Facility,Original,Schenectady,NY,EV Charging,Charging Units,Planned,,No Evidence,,,NY20,No Evidence,$0,None,https://www.dailygazette.com/news/livingston-energy-group-expanding-to-rotterdam-industrial-park/article_d8f6feec-ce3d-57a3-9a12-9bcc25c53493.html
1/25/24,Redwood Materials,Redwood Materials,South Carolina Battery Materials Campus,Update,Charleston,SC,Battery Recycling,Remanufacturing; Cathode Materials,Operational,2024,No Evidence,,,SC01,No Evidence,$0,None,https://charlestonbusiness.com/works-begins-on-3-5b-ev-battery-plant-in-berkeley-county/
1/22/24,TAB,TAB,Liberty Manufacturing Facility & HQ,Original,Liberty,MO,Batteries,Packs,Under Construction,2024,No Evidence,"$7,500,000",25,MO06,No Evidence,$0,None,https://ded.mo.gov/press-room/tab-establish-first-us-headquarters-facility-liberty-creating-50-jobs
1/18/24,Cummins,Accelera,Amplify Battery Manufacturing Facility (JV),Original,Byhalia,MS,Batteries,Cells,Under Construction,2027,No Evidence,"$570,000,000",600,,No Evidence,$0,None,https://www.paccar.com/news/current-news/2024/accelera-by-cummins-daimler-truck-and-paccar-select-mississippi-for-battery-cell-production-in-the-united-states/
1/18/24,Daimler Truck,Daimler Truck,Amplify Battery Manufacturing Facility (JV),Original,Byhalia,MS,Batteries,Cells,Under Construction,2027,No Evidence,"$570,000,000",600,,No Evidence,$0,None,https://www.paccar.com/news/current-news/2024/accelera-by-cummins-daimler-truck-and-paccar-select-mississippi-for-battery-cell-production-in-the-united-states/
1/18/24,EVE Energy,EVE Energy,Amplify Battery Manufacturing Facility (JV),Original,Byhalia,MS,Batteries,Cells,Under Construction,2027,No Evidence,"$190,000,000",200,,No Evidence,$0,None,https://www.paccar.com/news/current-news/2024/accelera-by-cummins-daimler-truck-and-paccar-select-mississippi-for-battery-cell-production-in-the-united-states/
1/18/24,Paccar,Paccar,Amplify Battery Manufacturing Facility (JV),Original,Byhalia,MS,Batteries,Cells,Under Construction,2027,No Evidence,"$570,000,000",600,,No Evidence,$0,None,https://www.paccar.com/news/current-news/2024/accelera-by-cummins-daimler-truck-and-paccar-select-mississippi-for-battery-cell-production-in-the-united-states/
1/15/24,LG Corporation,LG Energy Solution,Fort Worth Facility,Original,Fort Worth,TX,EV Charging,Charging Units,Operational,2024,No Evidence,,,TX26,No Evidence,$0,None,https://www.lgcorp.com/media/release/27234
1/12/24,Unitech,Unitech,Warren County Facility,Original,,TN,Batteries,Battery Pack Components,Planned,,No Evidence,"$30,000,000",75,,No Evidence,$0,None,https://www.tn.gov/ecd/news/2024/1/12/-governor-lee--commissioner-mcwhorter-announce-unitech-north-america--llc-to-establish-first-us-manufacturing-operations-in-warren-county.html
1/11/24,Stardust Power,Stardust Power,Oklahoma Lithium Refinery,Update,,OK,Minerals,Lithium,Under Construction,2025,No Evidence,"$1,000,000,000",,,No Evidence,$0,None,https://stardust-power.com/stardust-power-selects-muskogee/
1/11/24,SungEel HiTech Co,SungEel HiTech Co,SungEel Recycling Park Indiana,Original,Whitestown,IN,Battery Recycling,Recycling,Planned,2025,No Evidence,,,IN04,No Evidence,$0,None,https://prnewsquare.com/news/industrial/electronic/sungeelhitech-northamerican-recyclingpark
12/20/23,LG Corporation,LG Energy Solution,Clarksville Cathode Manufacturing Plant,Update,Clarksville,TN,Batteries,Cathodes,Under Construction,2026,No Evidence,"($1,600,000,000)",,TN07,No Evidence,$0,None,https://www.electrive.com/2023/12/20/lg-chem-commences-construction-of-mega-cam-factory-in-tennessee/
12/16/23,Lightning eMotors,Lightning eMotors,HQ and Manufacturing Facility,Update,Loveland,CO,Medium-Duty (Class 3-6),Vehicle Assembly,Canceled,2023,No Evidence,,-250,CO04,No Evidence,$0,None,https://www.denverpost.com/2023/12/15/lightning-emotors-receivership-loan-default/
12/12/23,AESC,AESC,Florence Gigafactory - Factory 1,Expansion 1,Florence,SC,Batteries,Cells,Under Construction,2026,No Evidence,"$810,000,000",450,SC07,No Evidence,$0,None,https://wpde.com/news/local/aesc-battery-cell-facility-electric-vehicle-technology-company-expanding-florence-county-new-jobs-governor-mcmaster-announcement
12/11/23,Ford Motor Company,Ford,Rouge Electric Vehicle Center,Update,Dearborn,MI,Light-Duty (Class 1-2),Vehicle Assembly,Operational,2024,Good Evidence,,,MI12,Good Evidence,$0,None,https://www.bloomberg.com/news/articles/2023-12-11/ford-slashes-electric-f-150-plans-in-ominous-sign-for-ev-market?embedded-checkout=true
12/11/23,Hyundai Motor Group,Hyundai Mobis,Mobis North Toledo Battery Assembly Facility,Original,Toledo,OH,Batteries,Modules,Under Construction,2024,No Evidence,"$13,800,000",185,OH09,No Evidence,"$8,154,470",Domestic Manufacturing Conversion Grant Program,https://kaptur.house.gov/media-center/press-releases/congresswoman-kaptur-statement-138-million-investment-new-battery
12/11/23,Star Charge,Star Charge,Columbus Manufacturing Facility,Original,,OH,EV Charging,Charging Units,Planned,2024,No Evidence,,,,No Evidence,$0,None,https://www.prnewswire.com/news-releases/star-charge-expands-its-manufacturing-to-usa-in-central-ohio-to-meet-increasing-needs-302011155.html
12/11/23,UBE,UBE,Waggaman Manufacturing Facility,Original,Waggaman,LA,Batteries,Electrolytes and Electrolyte Inputs,Under Construction,2026,No Evidence,"$500,000,000",9,LA02,No Evidence,$0,None,https://www.fox8live.com/2023/12/11/louisiana-board-approves-80-million-tax-break-ev-battery-chemical-plant-with-9-permanent-jobs-waggaman/
12/1/23,Tesla,Tesla,Tesla Fremont Factory,Update,Fremont,CA,Light-Duty (Class 1-2),Vehicle Assembly,Operational,2023,No Evidence,,"10,000",CA17,Good Evidence,"$155,000,000",Loan Programs Office (LPO),https://digitalassets.tesla.com/tesla-contents/image/upload/IR/TSLA-Q4-2023-Update.pdf
11/30/23,Lion Electric,Lion Electric,Joliet Facility,Update,Channahon,IL,Heavy-Duty (Class 7-8),Vehicle Assembly,Canceled,2023,No Evidence,,-11,IL01,No Evidence,$0,None,https://www.ttnews.com/articles/lion-electric-trucks-layoffs
11/29/23,Capchem Technology,Capchem,Capchem Louisiana Electrolyte Manufacturing Facility,Original,,LA,Batteries,Electrolytes and Electrolyte Inputs,Planned,2028,No Evidence,"$175,000,000",48,,No Evidence,$0,None,https://www.opportunitylouisiana.gov/news/capchem-usa-evaluating-350-million-investment-to-establish-ev-battery-supply-chain-facility-in-louisiana
11/29/23,Sila Nanotechnologies,Sila Nanotechnologies,Moses Lake Facility,Update,"Moses Lake, WA",WA,Batteries,Anodes,Operational,2025,No Evidence,,275,WA04,No Evidence,,Battery Materials Processing and Battery Manufacturing Recycling Grants,https://www.spokesman.com/stories/2023/nov/29/moses-lake-could-be-central-to-washingtons-electri/
11/28/23,DNP,DNP,Linwood Battery Pouch Manufacturing Plant,Original,Linwood,NC,Batteries,Cells,Planned,,No Evidence,"$233,000,000",352,,No Evidence,$0,None,https://www.commerce.nc.gov/news/press-releases/2023/11/28/lithium-ion-battery-pouch-manufacturer-selects-davidson-county-its-first-us-operation
11/27/23,Matthews International,Matthews International,Burlington Manufacturing Facility,Original,Burlington,NC,Batteries,Battery Pack Components,Planned,,No Evidence,"$5,000,000",13,NC04,No Evidence,$0,None,https://www.bizjournals.com/triad/news/2023/11/27/matthews-industries-pittsburgh-burlington-nc-ev.html
11/27/23,Microporous,Microporous,Microporous Virginia Manufacturing Facility,Original,Danville,VA,Batteries,Separators,Under Construction,2026,No Evidence,"$50,000,000",141,VA05,No Evidence,"$50,000,000",Advanced Energy Manufacturing and Recycling Program,https://www.energy.gov/mesc/advanced-energy-manufacturing-and-recycling-program-selections
11/21/23,Stardust Power,Stardust Power,Oklahoma Lithium Refinery,Original,,OK,Minerals,Lithium,Under Construction,2025,No Evidence,,,,No Evidence,$0,None,https://www.sec.gov/Archives/edgar/data/1831979/000121390023089287/ea188810ex99-1_globalpart2.htm
11/20/23,Fortescue,Fortescue,U.S. Advanced Manufacturing Center,Original,Detroit,MI,Batteries,Modules,Canceled,2025,No Evidence,"$52,500,000",150,MI13,No Evidence,$0,None,https://www.mlive.com/public-interest/2024/01/australian-company-turning-old-michigan-auto-factory-into-210m-battery-plant.html
11/20/23,Fortescue,Fortescue,U.S. Advanced Manufacturing Center,Original,Detroit,MI,EV Charging,Charging Units,Canceled,2025,No Evidence,"$52,500,000",150,MI13,No Evidence,$0,None,https://www.mlive.com/public-interest/2024/01/australian-company-turning-old-michigan-auto-factory-into-210m-battery-plant.html
11/14/23,Forge Nano,Forge Nano,Forge Battery North Carolina,Original,Morrisville,NC,Batteries,Cells,Under Construction,2026,No Evidence,"$82,500,000",102,NC02,No Evidence,,Battery Materials Processing and Battery Manufacturing Recycling Grants,https://www.commerce.nc.gov/news/press-releases/2023/11/14/governor-cooper-announces-new-lithium-ion-battery-plant-planned-morrisville
11/14/23,LG Corporation,LG Energy Solution,Holland Battery Factory,Update,Holland,MI,Batteries,Cells; Packs,Operational,2025,No Evidence,,-170,MI04,No Evidence,$0,None,https://koreajoongangdaily.joins.com/news/2023-11-14/business/industry/Korean-battery-makers-cut-US-jobs-as-EV-demand-declines/1912836
11/14/23,Toyota Motor Company,TIESNA,Pendergrass Campus,Original,Pendergrass,GA,Parts,Power Electronics,Planned,2025,No Evidence,"$69,000,000",250,GA10,No Evidence,$0,None,https://gov.georgia.gov/press-releases/2023-11-14/gov-kemp-toyota-industries-corporation-expands-georgia-presence-creating
11/13/23,Bollinger Innovations,Mullen Automotive,Monrovia Manufacturing Facility,Update,Monrovia,CA,Batteries,Packs,Canceled,2023,No Evidence,,,CA31,No Evidence,$0,None,https://www.globenewswire.com/news-release/2023/11/13/2779134/0/en/Mullen-Expands-US-Battery-Operations-Moves-to-Solid-State-Polymer-Pack-Testing-as-EV-Business-Scales.html
11/13/23,Bollinger Innovations,Mullen Automotive,Mullen Fullerton,Original,Fullerton,CA,Batteries,Cells; Packs,Under Construction,2024,No Evidence,,,CA46,No Evidence,$0,None,https://news.mullenusa.com/mullen-expands-us-battery-operations-moves-to-solid-state-polymer-pack-testing-as-ev-business-scales
11/13/23,Exxon Mobil,Exxon Mobil,Mobil Lithium Facility,Original,Magnolia,AR,Minerals,Lithium,Planned,2027,No Evidence,,,AR04,No Evidence,$0,None,https://corporate.exxonmobil.com/news/news-releases/2023/1113_exxonmobil-drilling-first-lithium-well-in-arkansas
11/7/23,General Motors,General Motors,Tonawanda Powertrain Plant,Original,Buffalo,NY,Parts,EV Drive Systems,Canceled,,Good Evidence,"$300,000,000",,NY26,No Evidence,$0,None,https://gmauthority.com/blog/2023/11/gm-to-invest-300m-at-tonawanda-engine-plant-to-manufacture-ev-drive-units/
11/6/23,Ford Motor Company,Ford,Louisville Assembly Plant,Expansion 1,Louisville,KY,Light-Duty (Class 1-2),Vehicle Assembly,Under Construction,2026,Good Evidence,"$1,200,000,000",,KY03,Good Evidence,$0,None,https://www.courier-journal.com/story/money/companies/2023/11/06/louisville-assembly-plant-what-fords-investment-means-for-plant-evs/71393915007/
11/6/23,General Motors,General Motors,Lansing Grand River,Original,Lansing,MI,Light-Duty (Class 1-2),Vehicle Assembly,Planned,,Good Evidence,"$1,250,000,000",,MI07,No Evidence,,Domestic Manufacturing Conversion Grant Program,https://gmauthority.com/blog/2023/11/gm-to-invest-1-25-billion-at-lansing-grand-river-plant-for-ev-production/
11/3/23,Stellantis,Stellantis,Belvidere Battery Plant,Original,Belvidere,IL,Batteries,Packs,Canceled,2028,No Evidence,"$3,200,000,000","1,300",IL16,No Evidence,$0,None,https://www.chicagotribune.com/2023/11/03/stellantis-uaw-deal-will-bring-5-billion-investment-and-thousands-of-jobs-to-belvidere-auto-plant/
11/2/23,Ford Motor Company,Ford,AMP Manufacturing Facility,Original,Sante Fe Springs,CA,Parts,Other Electrification Components,Operational,,No Evidence,,,CA38,No Evidence,$0,None,https://www.electrive.com/2023/11/02/ford-acquires-bms-specialist-amp/
10/31/23,Asahi Kasei Company,Celgard,Charlotte Manufacturing Facility,Expansion 1,Charlotte,NC,Batteries,Separators,Under Construction,2026,No Evidence,"$87,693,333",100,NC14,No Evidence,$0,None,https://www.celgard.com/storage/components/2023_10_hipore-expands-in-us-at-celgard-charlotte.pdf
10/31/23,Toyota Motor Company,Toyota,Toyota Battery Manufacturing North Carolina,Expansion 3,Liberty,NC,Batteries,Cells,Under Construction,2027,No Evidence,"$8,000,000,000","3,000",NC09,No Evidence,$0,None,https://governor.nc.gov/news/press-releases/2023/10/31/toyota-announces-additional-3000-jobs-8-billion-investment-randolph-county-battery-manufacturing
10/26/23,Epsilon Advanced Materials,Epsilon,Brunswick County Manufacturing Facility,Original,Riegelwood,NC,Minerals,Graphite,Planned,2026,No Evidence,"$650,000,000",500,NC07,No Evidence,,Qualifying Advanced Energy Project Credit (48C),https://governor.nc.gov/news/press-releases/2023/10/26/governor-cooper-announces-500-jobs-global-battery-component-supplier-selects-brunswick-county-first
10/26/23,LG Corporation,LG Energy Solution,LG Energy Solution Arizona,Update,Queen Creek,AZ,Batteries,Cells,Under Construction,2025,No Evidence,,,AZ05,No Evidence,$0,None,https://www.electrive.com/2023/10/26/lg-energy-solution-is-ramping-up-battery-production-capacities/
10/25/23,Orbia,Koura,St. Gabriel LiPF6 Manufacturing Facility,Update,St Gabriel,LA,Batteries,Electrolytes and Electrolyte Inputs,Planned,2026,No Evidence,,25,LA02,No Evidence,,Battery Materials Processing and Battery Manufacturing Recycling Grants,https://www.opportunitylouisiana.gov/led-news/news-releases/news/2023/10/25/koura-proposes-$800-million-investment-in-two-ev-battery-supply-chain-projects-in-iberville-parish
10/25/23,Orbia,Koura,St. Gabriel PVDF Manufacturing Facility,Original,St Gabriel,LA,Batteries,Separators,Planned,2026,No Evidence,"$200,000,000",25,LA02,No Evidence,$0,None,https://www.opportunitylouisiana.gov/led-news/news-releases/news/2023/10/25/koura-proposes-$800-million-investment-in-two-ev-battery-supply-chain-projects-in-iberville-parish
10/24/23,Factorial Energy,Factorial Energy,Methuen Facility,Update,Methuen,MA,Batteries,Cells,Operational,2023,No Evidence,"$5,000,000",-16,MA03,No Evidence,$0,None,https://www.electrive.com/2023/10/24/usa-factorial-energy-opens-solid-state-battery-development-and-production-site/
10/18/23,General Motors,General Motors,Orion Factory,Update,Lake Orion,MI,Batteries,Packs; Modules,Operational,2025,Good Evidence,,-945,MI09,Good Evidence,$0,None,https://www.electrive.com/2023/10/18/gm-postpones-ramp-up-of-its-electric-pickup-production/
10/12/23,Arrival,Arrival,Charlotte Microfactory,Update,Charlotte,NC,Multiple Classes,Vehicle Assembly,Canceled,2024,No Evidence,,,NC14,No Evidence,$0,None,https://www.electrive.com/2023/10/12/arrival-to-make-further-cuts-to-workforce/
10/12/23,Arrival,Arrival,High Voltage Battery Module Assembly Plant,Update,Charlotte,NC,Batteries,Modules,Canceled,,No Evidence,,,NC14,No Evidence,$0,None,https://www.electrive.com/2023/10/12/arrival-to-make-further-cuts-to-workforce/
10/12/23,Arrival,Arrival,Rock Hill Microfactory,Update,Rock Hill,SC,Multiple Classes,Vehicle Assembly,Canceled,,No Evidence,,,SC05,No Evidence,$0,None,https://www.electrive.com/2023/10/12/arrival-to-make-further-cuts-to-workforce/
10/11/23,Samsung,Samsung SDI,StarPlus Energy Gigafactory #2 (JV),Original,Kokomo,IN,Batteries,Modules,Planned,2027,No Evidence,"$1,600,000,000",700,IN05,No Evidence,,Loan Programs Office (LPO),https://www.stellantis.com/en/news/press-releases/2023/july/stellantis-samsung-sdi-announce-plans-to-build-second-starplus-energy-gigafactory-in-the-united-states
10/4/23,LG Corporation,LG Energy Solution,Holland Battery Factory,Expansion 2,Holland,MI,Batteries,Cells; Packs,Under Construction,2025,No Evidence,"$3,000,000,000",,MI04,No Evidence,$0,None,https://www.reuters.com/business/autos-transportation/toyota-lg-energy-sign-battery-supply-agreement-power-evs-2023-10-04/
10/2/23,Amazon,Zoox,Zoox Hayward Factory,Original,Hayward,CA,Light-Duty (Class 1-2),Vehicle Assembly,Operational,2025,No Evidence,,100,,No Evidence,$0,None,https://finance.yahoo.com/news/amazon-amzn-zoox-set-establish-153400481.html?guccounter=1&guce_referrer=aHR0cHM6Ly93d3cuZ29vZ2xlLmNvbS8&guce_referrer_sig=AQAAAD1Me9fXgTnwLGSvB0rDKbO2-SeXS7GRitrrV17R1CTRfPa2u01qcpoY2oAfc0R-vfq2Tqyj-nxm6_n-Zxh0K4eN6HuWyUHtRqmHkEObEmfmqU5kW9_UTMYw7kKhQkiP20dQYdwOhqXBjMjh04IP0NBogMRl4-hp552tzSWB-oMa
9/28/23,Ascend Elements,Ascend Elements,Hopkinsville Battery Recycling Plant (JV),Original,Hopkinsville,KY,Battery Recycling,Recycling,Canceled,2025,No Evidence,"$16,250,000",15,KY01,No Evidence,$0,None,https://www.prnewswire.com/news-releases/sk-ecoplant-and-ascend-elements-to-build-new-lithium-ion-battery-recycling-facility-in-southwest-kentucky-301938862.html
9/28/23,SK,SK Ecoplant,Hopkinsville Battery Recycling Plant (JV),Original,Hopkinsville,KY,Battery Recycling,Recycling,Canceled,2025,No Evidence,"$41,600,000",38,KY01,No Evidence,$0,None,https://www.prnewswire.com/news-releases/sk-ecoplant-and-ascend-elements-to-build-new-lithium-ion-battery-recycling-facility-in-southwest-kentucky-301938862.html
9/28/23,SK,TES,Hopkinsville Battery Recycling Plant (JV),Original,Hopkinsville,KY,Battery Recycling,Recycling,Canceled,2025,No Evidence,"$7,150,000",7,KY01,No Evidence,$0,None,https://www.prnewswire.com/news-releases/sk-ecoplant-and-ascend-elements-to-build-new-lithium-ion-battery-recycling-facility-in-southwest-kentucky-301938862.html
9/27/23,Hexagon Purus,Hexagon Purus,Mesquite Electric Truck Integration Facility,Original,Mesquite,TX,Heavy-Duty (Class 7-8),Vehicle Assembly,Under Construction,2024,No Evidence,"$12,000,000",250,TX05,No Evidence,$0,None,https://dallasinnovates.com/norwegian-company-to-open-electric-truck-integration-facility-in-dallas-area/
9/27/23,Samsung,Samsung SDI,Auburn Hills Battery Manufacturing Factory #1,Expansion 2,Auburn Hills,MI,Batteries,Modules,Operational,,No Evidence,"$20,500,000",184,MI11,No Evidence,$0,None,https://www.michiganbusiness.org/press-releases/2023/09/msf/
9/27/23,Samsung,Samsung SDI,Auburn Hills Battery Manufacturing Factory #2,Original,Auburn Hills,MI,Batteries,Modules,Operational,,No Evidence,"$20,500,000",184,MI11,No Evidence,$0,None,https://www.michiganbusiness.org/press-releases/2023/09/msf/
9/25/23,Big Rig Collision Group,Big Rig Manufacturing,Alexander Dennis Manufacturing,Original,Las Vegas,NV,Heavy-Duty (Class 7-8),Vehicle Assembly,Planned,2024,No Evidence,,,NV04,No Evidence,$0,None,https://www.alexander-dennis.com/alexander-dennis-appoints-big-rig-manufacturing-as-double-deck-build-partner-for-north-america/
9/22/23,Hyundai Motor Group,Hyundai,Metaplant Manufacturing Joint Venture (JV),Update,Savannah,GA,Multiple Classes,Vehicle Assembly,Operational,2024,No Evidence,,,GA01,No Evidence,$0,None,https://insideevs.com/news/687987/hyundai-speeds-up-construction-us-ev-plant-get-ira-incentives/
9/22/23,Tesla,Tesla,Gigafactory 5,Update,Austin,TX,Multiple Classes,Vehicle Assembly,Operational,2023,No Evidence,,"15,000",TX35,Good Evidence,$0,None,https://electrek.co/2023/09/22/tesla-reveals-unbelievable-employment-numbers-giga-texas/?utm_source=dlvr.it&utm_medium=linkedin
9/20/23,Blue Whale Materials,Blue Whale Materials,Bartlesville Battery Processing Facility,Original,Bartlesville,OK,Battery Recycling,Recycling,Operational,2024,No Evidence,"$45,000,000",90,OK02,No Evidence,$0,Battery Materials Processing and Battery Manufacturing Recycling Grants,https://www.businesswire.com/news/home/20230919508952/en/Blue-Whale-Materials-Selects-Bartlesville-Oklahoma-for-its-First-Commercial-Scale-Li-Ion-Battery-Processing-Facility
9/20/23,EnerG2,Group14,BAM-2 Factory,Update,Moses Lake,WA,Minerals,Anode Materials,Under Construction,2024,No Evidence,,400,WA04,No Evidence,"$50,000,000",Battery Materials Processing and Battery Manufacturing Recycling Grants,https://group14.technology/en/news/group14-concludes-contract-for-100m-award-from-us-doe-to-accelerate-bam-2-construction
9/13/23,Vicinity,Vicinity,Whatcom County Assembly Facility,Update,Ferndale,WA,Multiple Classes,Vehicle Assembly,Operational,2023,No Evidence,,,WA02,No Evidence,$0,None,https://www.electrive.com/2023/09/13/vicinity-motor-opens-e-truck-assembly-in-washington-state/
9/11/23,Bollinger Innovations,Mullen Automotive,Mullen Fullerton,Expansion 1,Fullerton,CA,Batteries,Cells; Packs,Under Construction,2024,No Evidence,"$3,500,000",,CA46,No Evidence,$0,None,https://news.mullenusa.com/mullen-acquires-battery-pack-production-assets-from-romeo-power
9/11/23,Nidec,Nidec Industrial,Nidec Cleveland Manufacturing Facility,Expansion 1,Cleveland,OH,EV Charging,Charging Units,Operational,2024,No Evidence,,,OH07,No Evidence,$0,None,https://cbs4indy.com/business/press-releases/ein-presswire/655086315/nidec-industrial-solutions-unveils-its-new-high-speed-ev-charger-at-the-re-expo-this-september/
9/8/23,Guoxuan High Tech,Gotion,Gotion Lithium Battery Plant,Original,Manteno,IL,Batteries,Cells; Packs,Under Construction,2024,No Evidence,"$2,000,000,000","2,600",IL01,No Evidence,$0,None,https://www.illinois.gov/news/press-release.26997.html
9/8/23,Toyota Motor Company,Denso,Battle Creek Thermal Manufacturing Facility,Original,Battle Creek,MI,Batteries,Battery Pack Components,Planned,,No Evidence,"$63,000,000",,MI04,No Evidence,$0,None,https://www.denso.com/us-ca/en/news/newsroom/2023/20230908-01/
9/6/23,American Battery Technology Company,American Battery Technology Company,Tonopah Flats Lithium Project,Original,Millers,NV,Minerals,Lithium Hydroxide,Planned,2025,No Evidence,"$57,744,831",25,,No Evidence,"$2,850,000",Battery Materials Processing and Battery Manufacturing Recycling Grants,https://www.prnewswire.com/news-releases/american-battery-technology-company-receives-contract-for-57m-grant-from-us-doe-for-construction-of-commercial-scale-lithium-hydroxide-refinery-301919344.html
8/31/23,Hyundai Motor Group,Hyundai,Metaplant Manufacturing Joint Venture (JV),Expansion 1,Savannah,GA,Batteries,Cells; Packs,Operational,2025,No Evidence,"$1,000,000,000",200,GA01,No Evidence,$0,None,https://gov.georgia.gov/press-releases/2023-08-31/gov-kemp-hyundai-motor-group-and-lg-energy-solution-invest-additional-2b
8/31/23,LG Corporation,LG Energy Solution,Metaplant Manufacturing Joint Venture (JV),Expansion 1,Savannah,GA,Batteries,Cells; Packs,Operational,2025,No Evidence,"$1,000,000,000",200,GA01,No Evidence,$0,None,https://gov.georgia.gov/press-releases/2023-08-31/gov-kemp-hyundai-motor-group-and-lg-energy-solution-invest-additional-2b
8/29/23,CATL,CATL,Contemporary Amperex Technology Kentucky Facility,Update,Glasgow,KY,Batteries,Packs,Canceled,2023,,"($97,700,000)",-350,KY02,No Evidence,,,https://glasgownews1.com/2023/08/29/one-time-catk-property-on-donnelley-drive-in-glasgow-listed-for-sale-at-33-million/?utm_source=chatgpt.com
8/28/23,Harbinger Motors,Harbinger Motors,Orange County,Original,Garden Grove,CA,Multiple Classes,Vehicle Assembly,Operational,2024,No Evidence,"$29,600,000",160,CA45,No Evidence,$0,None,https://commercialobserver.com/2023/08/rexford-ev-harbinger-motors-lease-socal/
8/25/23,Westwin Elements,Westwin Elements,Lawton Refinery,Original,Lawton,OK,Minerals,Nickel; Cobalt,Canceled,2028,No Evidence,,,OK04,No Evidence,$0,None,https://www.okcommerce.gov/westwin-elements-breaks-ground-on-americas-only-critical-minerals-pilot-plant/
8/15/23,Tevva,Tevva,ElectraMeccanica Mesa Manufacturing Plant,Original,Mesa,AZ,Medium-Duty (Class 3-6),Vehicle Assembly,Planned,2025,No Evidence,,,AZ05,No Evidence,$0,None,https://techcrunch.com/2023/08/15/electrameccanica-to-merge-with-electric-truck-startup-tevva/
8/14/23,Canoo,Canoo,EV Battery Module Manufacturing Facility,Update,Pryor,OK,Batteries,Modules,Canceled,,No Evidence,"$160,000,000",860,OK02,No Evidence,$0,None,https://www.prnewswire.com/news-releases/canoo-finalizes-incentive-package-with-oklahoma-cherokee-nation-301899676.html
8/14/23,Canoo,Canoo,Oklahoma City Assembly Facility,Update,Oklahoma City,OK,Light-Duty (Class 1-2),Vehicle Assembly,Canceled,2023,No Evidence,"$160,000,000",,OK05,No Evidence,$0,None,https://www.prnewswire.com/news-releases/canoo-finalizes-incentive-package-with-oklahoma-cherokee-nation-301899676.html
8/3/23,INICS Battery Solution,INICS Battery Solution,Auburn Facility,Original,Auburn,AL,Batteries,Battery Pack Components,Planned,2024,No Evidence,"$14,000,000",30,AL03,No Evidence,$0,None,https://oanow.com/news/local/business/development/ev-battery-manufacturer-to-bring-14-million-plant-and-30-new-jobs-to-auburn/article_ff28751a-314a-11ee-8134-bf27964bfcb4.html
8/3/23,XCHARGE,XCHARGE,San Marcos Manufacturing Facility,Original,Kyle,TX,EV Charging,Charging Units,Operational,2023,No Evidence,,,TX35,No Evidence,$0,None,https://www.xchargeenergy.com/newsDetail?id=64ccbedb4ea6a0137acd5ada&type=news
8/2/23,Electrovaya,Electrovaya,Electrovaya US Gigafactory,Update,Jamestown,NY,Batteries,Separators; Cells; Modules; Packs,Operational,2024,No Evidence,,,NY23,No Evidence,$0,None,https://electrovaya.com/press/electrovaya-provides-update-on-planned-new-york-gigafactory/
8/1/23,Hanon Systems,Hanon Systems,Loudon Manufacturing Facility,Original,Loudon,TN,Batteries,Battery Pack Components,Planned,,No Evidence,"$170,000,000",600,TN02,No Evidence,$0,None,https://tnecd.com/news/governor-lee-commissioner-mcwhorter-announce-hanon-systems-to-establish-operations-in-loudon-county/
7/28/23,Amsted Industries,Amsted Graphite Materials,Amsted Graphite Materials,Original,Anmoore,WV,Minerals,Graphite,Operational,,Some Evidence,,140,WV02,No Evidence,$0,None,https://www.prnewswire.com/news-releases/anovion-launches-as-a-leader-in-the-north-american-battery-materials-supply-chain-bringing-proven-anode-technologies-and-over-140-years-of-history-in-synthetic-graphite-production-301510587.html
7/27/23,Piedmont Lithium,Piedmont Lithium,North Etowah Industrial Park Facility,Expansion 1,Etowah,TN,Minerals,Lithium,Canceled,2026,No Evidence,"$218,000,000",,,No Evidence,$0,None,https://www.timesfreepress.com/news/2023/jul/27/chattanooga-area-ev-supplier-plant-tfp/
7/25/23,Bollinger Innovations,Bollinger Motors,Oak Park Factory,Original,Oak Park,MI,Multiple Classes,Vehicle Assembly,Canceled,2024,No Evidence,"$22,000,000",237,MI11,No Evidence,$0,None,https://www.crainsdetroit.com/manufacturing/bollinger-motors-plans-44m-investment-237-new-jobs
7/25/23,Junchuang,Junchuang,Fort Worth Facility,Original,Fort Worth,TX,Parts,Plastic Moldings,Planned,2025,No Evidence,"$21,000,000",120,TX33,No Evidence,$0,None,https://fortworthinc.com/news/chinese-company-junchuang-north-america-to-make-ev-parts-in-/
7/24/23,Stellantis,Stellantis,StarPlus Energy Gigafactory #2 (JV),Original,Kokomo,IN,Batteries,Cells,Planned,2027,No Evidence,"$1,600,000,000",700,IN05,No Evidence,,Loan Programs Office (LPO),https://www.stellantis.com/en/news/press-releases/2023/july/stellantis-samsung-sdi-announce-plans-to-build-second-starplus-energy-gigafactory-in-the-united-states
7/21/23,Geely,Volvo Cars,South Carolina Car Factory,Update,Ridgeville,SC,Light-Duty (Class 1-2),Vehicle Assembly,Operational,2024,No Evidence,,,SC01,No Evidence,$0,None,https://insideevs.com/news/678073/volvo-ex90-delayed-mid-2024-lidar-software-integration-issue/
7/20/23,Magna International,Magna International,BlueOval City Battery Enclosures Facility,Original,Stanton,TN,Batteries,Battery Enclosures,Planned,2025,No Evidence,"$263,333,333",750,TN08,No Evidence,$0,None,https://www.tn.gov/ecd/news/2023/7/20/-governor-lee--commissioner-mcwhorter-announce-magna-to-be-the-first-supplier-at--ford-s-blueoval-city-supplier-park.html
7/12/23,Hyundai Motor Group,Kia,Kia Georgia,Original,West Point,GA,Light-Duty (Class 1-2),Vehicle Assembly,Operational,2024,No Evidence,"$217,000,000",200,GA03,Good Evidence,$0,None,https://gov.georgia.gov/press-releases/2023-07-12/gov-kemp-kia-invest-over-200-million-ev9-production-expansion
7/11/23,Cenntro Automotive,Cenntro Automotive,Ontario Facility,Original,Ontario,CA,Multiple Classes,Vehicle Assembly,Operational,2023,No Evidence,,,CA35,No Evidence,$0,None,https://ir.cenntroauto.com/news-releases/news-release-details/cenntro-announces-new-assembly-plant-ontario-california
7/11/23,Hitachi Group,Hitachi Automotive Systems Americas,Berea Motor Plant,Expansion 2,Berea,KY,Parts,EV Motors,Planned,,No Evidence,"$153,000,000",167,KY06,No Evidence,$0,None,https://ced.ky.gov/Newsroom/NewsPage/20230711_Hitachi
7/11/23,Mersen,Mersen,Graftech Graphite Production Facility,Update,Columbia,TN,Minerals,Graphite,Operational,2023,Good Evidence,"$63,900,000",150,TN05,No Evidence,$0,None,https://us.mersen.com/en/news-and-events/mersen-inaugurates-graphite-manufacturing-capacities-usa
7/6/23,Nissan,Nissan,Canton Factory,Update,Canton,MS,Light-Duty (Class 1-2),Vehicle Assembly,Canceled,2026,No Evidence,,,MS02,No Evidence,$0,None,https://www.autonews.com/manufacturing/nissan-preps-canton-miss-plant-build-evs/
6/30/23,Microvast,Microvast,Commerce Park II Facility,Update,Hopkinsville,KY,Batteries,Separators,Canceled,2023,No Evidence,"($252,000,000)",-281,KY01,No Evidence,$0,None,https://ir.microvast.com/news-releases/news-release-details/microvast-will-not-be-moving-forward-kentucky-plant-construction
6/27/23,Nth Cycle,Nth Cycle,Refining Facility,Original,Fairfield,OH,Battery Recycling,Recycling,Planned,2023,No Evidence,,,OH08,No Evidence,"$7,221,167",Qualifying Advanced Energy Project Credit (48C),https://nthcycle.com/nth-cycle-opens-first-domestic-nickel-and-cobalt-production-facility-ahead-of-inflation-reduction-act-requirements/
6/26/23,Enchem,Enchem,Electrolyte Manufacturing Operations,Original,Brownsville,TN,Batteries,Electrolytes and Electrolyte Inputs,Canceled,2024,No Evidence,"$152,500,000",190,TN08,No Evidence,$0,None,https://www.tn.gov/ecd/news/2023/6/26/-governor-lee--commissioner-mcwhorter-announce-enchem-america-inc--to-locate-us-manufacturing-operations-in-brownsville.html
6/22/23,NVH Korea,NVH Korea,Locust Grove Plant,Original,Locust Grove,GA,Batteries,Battery Pack Components,Planned,2024,No Evidence,"$72,000,000",140,GA10,No Evidence,$0,None,https://apnews.com/article/georgia-nvh-korea-electric-vehicles-new-factory-e41946fbbaa9da8953c0909c73dc3704?utm_medium=email
6/21/23,Volvo Group,Nova Bus,Nova Bus Plattsburgh Plant,Update,Plattsburgh,NY,Heavy-Duty (Class 7-8),Vehicle Assembly,Canceled,2025,No Evidence,,,NY21,No Evidence,$0,None,https://www.volvogroup.com/en/news-and-media/news/2023/jun/news-4571491.html
6/18/23,Exxon Mobil,Superior Graphite,Hopkinsville Active Anode Materials Facility,Original,,KY,Minerals,Anode Materials,Planned,2026,No Evidence,"$180,000,000",,,No Evidence,$0,None,https://superiorgraphite.com/2023/06/
6/16/23,Capchem Technology,Capchem,Capchem Ohio Electrolyte Manufacturing Facility,Original,Ironton,OH,Batteries,Electrolytes and Electrolyte Inputs,Planned,2025,No Evidence,,,OH02,No Evidence,$0,None,https://www.wowktv.com/news/ohio/lawrence-county-oh/ev-battery-manufacturing-facility-to-create-jobs-in-lawrence-county-ohio/
6/14/23,Lyten,Lyten,Silicon Valley Campus,Update,San Jose,CA,Batteries,Cells,Operational,2023,No Evidence,,,CA17,No Evidence,$0,None,https://www.businesswire.com/news/home/20230614275002/en/Lyten-Opens-First-Automated-Battery-Pilot-Line-in-the-U.S.-to-Produce-Lithium-Sulfur-Batteries
6/13/23,Autel,Autel Energy,Greensboro Manufacturing Facility,Original,Greensboro,NC,EV Charging,Charging Units,Operational,2023,No Evidence,"$13,500,000",150,NC06,No Evidence,$0,None,https://www.bizjournals.com/triad/news/2023/06/13/autel-signals-triad-ev-charger-plant.html
6/13/23,General Motors,General Motors,New Carlisle Battery Manufacturing Plant (JV),Original,New Carlisle,IN,Batteries,Cells,Under Construction,2026,No Evidence,"$1,500,000,000",850,,No Evidence,$0,None,https://www.reuters.com/business/autos-transportation/indiana-confirms-gm-sdi-will-build-3-bilion-ev-battery-manufacturing-plant-2023-06-13/
6/13/23,Lightning eMotors,Lightning eMotors,HQ and Manufacturing Facility,Update,Loveland,CO,Medium-Duty (Class 3-6),Vehicle Assembly,Canceled,2023,No Evidence,,-80,CO04,No Evidence,$0,None,https://www.freightwaves.com/news/lightning-emotors-struggles-to-hang-on-in-brutal-market
6/13/23,Samsung,Samsung SDI,New Carlisle Battery Manufacturing Plant (JV),Original,New Carlisle,IN,Batteries,Cells,Under Construction,2026,No Evidence,"$1,500,000,000",850,,No Evidence,$0,None,https://www.reuters.com/business/autos-transportation/indiana-confirms-gm-sdi-will-build-3-bilion-ev-battery-manufacturing-plant-2023-06-13/
6/12/23,GVW Group,Autocar Company,Birmingham Facility,Original,Birmingham,AL,Batteries,Packs,Operational,2023,No Evidence,,,AL06,No Evidence,$0,None,https://www.truckinginfo.com/10200587/autocar-sets-up-dedicated-electric-truck-assembly-line
6/9/23,KORE Power,KORE Power,KOREPlex Facility,Expansion 1,Buckeye,AZ,Batteries,Cells,Canceled,2025,No Evidence,,,,No Evidence,,Loan Programs Office (LPO),https://www.canarymedia.com/articles/clean-energy-manufacturing/battery-maker-wins-850m-doe-loan-to-build-first-us-factory
6/8/23,Palmer Digital,Palmer Digital,Aurora Manufacturing Facility,Original,Aurora,IL,EV Charging,Displays,Operational,2023,No Evidence,,,IL11,No Evidence,$0,None,https://www.palmerdigitalgroup.com/06/palmer-digital-group-brings-digital-menu-boards-and-new-ev-charging-solution-to-infocomm/
6/6/23,Donghee,Donghee,Auburn Manufacturing Facility,Original,Auburn,AL,Batteries,Battery Enclosures,Planned,2024,No Evidence,"$63,000,000",100,AL03,No Evidence,$0,None,https://www.wtvm.com/2023/06/06/donghee-america-invests-63m-manufacturing-operation-auburn/
6/5/23,Collaborative Engineering Services,Collaborative Engineering Services,Chippewa Falls EV Battery Repurposing Facility,Original,Chippewa Falls,WI,Battery Recycling,Recycling,Planned,2024,No Evidence,"$15,000,000",40,WI03,No Evidence,$0,None,https://www.wpr.org/wisconsin-frac-sand-mining-electric-vehicle-batteries-chippewa-county
5/31/23,Toyota Motor Company,Toyota,Toyota Battery Manufacturing North Carolina,Expansion 2,Liberty,NC,Batteries,Cells,Operational,2025,No Evidence,"$2,100,000,000",,NC09,No Evidence,$0,None,https://pressroom.toyota.com/toyota-ramps-up-commitment-to-electrification-with-u-s-bev-production-and-additional-battery-plant-investment/
5/31/23,Toyota Motor Company,Toyota,Toyota Motor Manufacturing Kentucky,Expansion 1,Georgetown,KY,Light-Duty (Class 1-2),Vehicle Assembly,Planned,2025,No Evidence,"$591,000,000",700,KY06,No Evidence,$0,None,https://ced.ky.gov/Newsroom/NewsPage/20230531_ToyotaEV
5/26/23,Hyundai Motor Group,Hyundai,Metaplant Manufacturing Joint Venture (JV),Original,Savannah,GA,Batteries,Cells; Packs,Operational,2025,No Evidence,"$2,150,000,000","1,500",GA01,No Evidence,$0,None,https://www.hyundai.com/worldwide/en/company/newsroom/hyundai-motor-group-and-lg-energy-solution-to-establish-battery-cell-manufacturing-joint-venture-in-the-u.s.-0000017038
5/26/23,LG Corporation,LG Energy Solution,Metaplant Manufacturing Joint Venture (JV),Original,Savannah,GA,Batteries,Cells; Packs,Operational,2025,No Evidence,"$2,150,000,000","1,500",GA01,No Evidence,$0,None,https://www.hyundai.com/worldwide/en/company/newsroom/hyundai-motor-group-and-lg-energy-solution-to-establish-battery-cell-manufacturing-joint-venture-in-the-u.s.-0000017038
5/23/23,Hanon Systems,Hanon Systems,Bulloch County Manufacturing Facility,Original,Atlanta,GA,Batteries,Battery Pack Components,Planned,2024,No Evidence,"$40,000,000",160,GA12,No Evidence,$0,None,https://gov.georgia.gov/press-releases/2023-05-23/gov-kemp-automotive-supplier-hanon-systems-create-160-new-jobs-bulloch
5/17/23,Cirba Solutions,Cirba Solutions,Wixom Facility,Original,Wixom,MI,Battery Recycling,Recycling,Operational,,No Evidence,,,MI07,No Evidence,$0,None,https://www.autonews.com/mobility-report-newsletter/battery-recycler-cirba-solutions-plans-expand-preparation-evs
5/16/23,Ionic Mineral Technologies,Ionic Mineral Technologies,Ionic Manufacturing Facility and HQ,Original,Provo,UT,Minerals,Anode Materials,Operational,2024,No Evidence,,,UT03,No Evidence,$0,None,https://www.prnewswire.com/news-releases/ionic-mineral-technologies-launches-revolutionary-ionisil-nano-silicon-product-for-li-ion-cell-manufacturers-301824799.html
5/15/23,Anovion Technologies,Anovion Technologies,Bainbridge Plant,Original,Bainbridge,GA,Batteries,Anodes,Under Construction,2025,No Evidence,"$800,000,000",400,GA02,No Evidence,$0,None,https://www.anoviontech.com/news/anovion-technologies-announces-plans-for-800-million-initial-investment-in-new-manufacturing-facility-in-southwest-georgia/
5/12/23,CelLink,CelLink,Gateway35 Manufacturing Facility,Update,Georgetown,TX,Parts,Other Electrification Components,Under Construction,,No Evidence,"$232,000,000",,TX31,No Evidence,"$181,000,000",Loan Programs Office (LPO),https://www.energy.gov/lpo/articles/lpo-announces-conditional-commitment-loan-cellink-corporations-us-manufacturing
5/9/23,Atom Power,Atom Power,Huntersville Facility,Expansion 1,Huntersville,NC,EV Charging,Charging Units,Planned,2026,No Evidence,"$4,200,000",205,NC12,No Evidence,$0,None,https://governor.nc.gov/news/press-releases/2023/05/09/governor-cooper-announces-205-new-jobs-ev-charging-company-expands-mecklenburg-county
5/9/23,EvoCharge,EvoCharge,Eden Prairie HQ & Manufacturing Facility,Original,Eden Prairie,MN,EV Charging,Charging Units,Operational,2023,No Evidence,,,MN03,No Evidence,$0,None,https://evocharge.com/resources/evocharge-to-expand-operations-with-new-headquarters/
5/8/23,Tesla,Tesla,Tesla Lithium Refinery,Update,Robstown,TX,Minerals,Lithium,Operational,2024,No Evidence,"$625,000,000",90,TX27,No Evidence,$0,None,https://www.tesla.com/blog/tesla-lithium-refinery-groundbreaking
5/4/23,Ingeteam,Ingeteam,Ingeteam Milwaukee Plant,Expansion 1,Milwaukee,WI,EV Charging,Charging Units,Operational,2023,Good Evidence,,,WI04,No Evidence,$0,None,https://wedc.org/blog/ingeteam-will-manufacture-ev-charging-stations-in-milwaukee-add-jobs/
5/2/23,GVW Group,Autocar Company,Indianapolis Plant,Original,,IN,Medium-Duty (Class 3-6),Vehicle Assembly,Operational,,Good Evidence,,,,No Evidence,$0,None,https://www.wastetodaymagazine.com/news/autocar-battle-mcneilus-electric-garbage-recycling-trucks-waste-expo-2023/
4/27/23,Rivian,Rivian,Shepherdsville Remanufacturing Facility,Original,Shepherdsville,KY,Light-Duty (Class 1-2),Vehicle Assembly,Planned,,No Evidence,"$10,000,000",218,KY02,No Evidence,$0,None,https://ced.ky.gov/Newsroom/NewsPage/20230427_Rivian
4/26/23,Jaewon Industrial,Jaewon Industrial,Kokomo Battery Recycling Center,Original,Kokomo,IN,Battery Recycling,Recycling,Planned,2024,No Evidence,"$102,000,000",10,IN05,No Evidence,$0,None,"https://www.iedc.in.gov/events/news/details/2023/04/26/korean-supplier-joins-indiana-s-growing-electric-vehicle-ecosystem-chooses-kokomo-for-first-us-investment#:~:text=Jaewon%20Industrial%2C%20a%20South%20Korea,vehicle%20(EV)%20supply%20chain."
4/19/23,BorgWarner,BorgWarner,Dearborn Manufacturing Center,Original,Dearborn,MI,EV Charging,Charging Units,Planned,,No Evidence,"$4,700,000",46,MI12,No Evidence,$0,None,https://www.borgwarner.com/newsroom/press-releases/2023/04/19/borgwarner-announces-plan-to-invest-20-million-in-michigan-facilities-create-186-jobs
4/19/23,BorgWarner,BorgWarner,Gigafactory 2,Expansion 1,Hazel Park,MI,Batteries,Modules; Packs,Canceled,,No Evidence,"$10,600,000",94,MI11,No Evidence,$0,None,https://www.borgwarner.com/newsroom/press-releases/2023/04/19/borgwarner-announces-plan-to-invest-20-million-in-michigan-facilities-create-186-jobs
4/19/23,BorgWarner,BorgWarner,Seneca Battery Plant,Original,Seneca,SC,Batteries,Modules,Planned,2024,No Evidence,"$42,000,000",122,SC03,No Evidence,$0,None,https://www.borgwarner.com/newsroom/press-releases/2023/04/19/borgwarner-to-expand-south-carolina-facility-add-3gwh-battery-pack-production-with-42-million-investment
4/18/23,6K,6K,PlusCAM Plant,Original,Jackson,TN,Minerals,Cathode Materials,Planned,2024,No Evidence,"$166,000,000",230,TN08,No Evidence,"$50,000,000",Battery Materials Processing and Battery Manufacturing Recycling Grants,https://tnecd.com/news/governor-lee-commissioner-mcwhorter-announce-6k-energy-to-establish-battery-material-manufacturing-plant-in-jackson/
4/12/23,Element 25 Limited,Element 25,Element 25 Manganese Processing Facility,Original,,LA,Minerals,Manganese,Planned,2026,No Evidence,"$480,000,000",,,No Evidence,,Battery Materials Processing and Battery Manufacturing Recycling Grants,https://www.opportunitylouisiana.gov/led-news/news-releases/news/2023/04/12/element-25-proposes-ev-battery-materials-facility-in-ascension-parish
4/11/23,Korea Movenex,Seohan Auto,Liberty Manufacturing Facility,Original,Midway,GA,Parts,Electric Axles,Planned,2024,No Evidence,"$72,000,000",180,GA01,No Evidence,$0,None,https://gov.georgia.gov/press-releases/2023-04-11/gov-kemp-seohan-auto-georgia-announces-180-new-jobs-liberty-county
4/4/23,EnerG2,Group14,BAM-2 Factory,Original,Moses Lake,WA,Minerals,Anode Materials,Under Construction,2024,No Evidence,"$322,936,774",225,WA04,No Evidence,"$50,000,000",Battery Materials Processing and Battery Manufacturing Recycling Grants,https://www.prnewswire.com/news-releases/group14-technologies-begins-construction-of-the-worlds-largest-commercial-factory-for-advanced-silicon-battery-materials-301788910.html
3/30/23,EVelution Energy,EVelution Energy,Cobalt Processing Facility,Original,Tacna,AZ,Minerals,Cobalt,Planned,2026,No Evidence,"$200,000,000",60,,No Evidence,$0,None,https://www.thecentersquare.com/arizona/article_55999642-cf29-11ed-820b-f3edb3079f47.html?eType=EmailBlastContent&eId=4f338a2b-e1ab-4062-a11e-e78575d081fc
3/30/23,Microvast,Microvast,Commerce Park II Facility,Original,Hopkinsville,KY,Batteries,Separators,Canceled,2025,No Evidence,"$252,000,000",281,KY01,No Evidence,$0,None,https://www.reuters.com/business/microvast-go-ahead-with-more-than-300-mln-battery-investment-tennessee-2023-06-20/
3/24/23,LG Corporation,LG Energy Solution,LG Energy Solution Arizona,Expansion 1,Queen Creek,AZ,Batteries,Cells,Under Construction,2025,No Evidence,"$1,800,000,000",,AZ05,No Evidence,$0,None,https://inside.lgensol.com/en/2023/03/lg-energy-solution-to-invest-krw-7-2-trillion-to-build-battery-manufacturing-complex-in-arizona-step-up-ev-and-ess-battery-production-in-north-america/
3/22/23,Albemarle,Albemarle,Mega-Flex Processing Facility,Original,Richburg,SC,Minerals,Lithium,Operational,,No Evidence,"$1,300,000,000",300,SC05,No Evidence,$0,None,https://investors.albemarle.com/news-and-events/news/news-details/2023/Albemarle-Corporation-Announces-New-U.S.-Lithium-Mega-Flex-Processing-Facility-in-South-Carolina/default.aspx
3/22/23,Cirba Solutions,Cirba Solutions,Columbia Battery Recycling Facility,Original,Columbia,SC,Battery Recycling,Recycling,Planned,2024,No Evidence,"$323,000,000",310,SC06,No Evidence,"$200,000,000",Battery Materials Processing and Battery Manufacturing Recycling Grants,https://www.cirbasolutions.com/world-class-ev-battery-materials-facility-in-south-carolina/
3/22/23,Concept Metals,Concept Metals,Spring Lake Manufacturing Facility,Original,Spring Lake,MI,Batteries,Battery Enclosures,Planned,,No Evidence,"$15,500,000",25,MI03,No Evidence,$0,None,https://www.wzzm13.com/article/news/local/company-invests-millions-in-electric-vehicle-production/69-76273e5a-5074-4719-ba42-23180cf49cf0
3/22/23,ENTEK,ENTEK,Terre Haute Battery Plant,Original,Terre Haute,IN,Batteries,Separators,Under Construction,2025,No Evidence,"$1,541,280,144",635,IN08,No Evidence,"$1,541,280,144",Qualifying Advanced Energy Project Credit (48C); Loan Programs Office (LPO),https://entek.com/news/posts/entek-announces-location-of-first-lithium-battery-separator-plant-in-indiana-to-power-growing-domestic-electric-vehicle-market/
3/22/23,Hanwha,Hanwha,Opelika Manufacturing Facility,Expansion 1,Opelika,AL,Batteries,Battery Enclosures,Planned,,No Evidence,"$20,300,000",50,AL03,No Evidence,$0,None,https://opelikaobserver.com/hanwha-advanced-materials-america-llc-announces-expansion/
3/15/23,Green Li-ion,Green Li-ion,Oklahoma Recycling Facility,Original,Atoka,OK,Battery Recycling,Remanufacturing,Operational,2023,No Evidence,,,OK02,No Evidence,$0,None,https://www.prnewswire.com/news-releases/green-li-ion-secures-usd20-5-million-in-pre-series-b-funding-to-scale-lithium-ion-battery-recycling-technology-globally-301773069.html
3/8/23,Workhorse,Workhorse,Workhorse Ranch,Original,Union City,IN,Medium-Duty (Class 3-6),Vehicle Assembly,Operational,2023,No Evidence,,,IN03,No Evidence,$0,None,http://workhorse.com/
3/7/23,American Lithium Energy,American Lithium Energy,ALE HQ and Manufacturing Facility,Expansion 1,Carlsbad,CA,Batteries,Cells,Operational,2024,No Evidence,,75,CA49,No Evidence,$0,None,https://www.americanlithiumenergy.com/about-1
3/6/23,Amprius,Amprius,Brighton Facility,Original,Brighton,CO,Batteries,Cells,Canceled,2025,No Evidence,"$95,000,000",166,CO08,No Evidence,$0,None,https://www.colorado.gov/governor/news/9681-polis-administration-announces-amprius-technologies-inc-chooses-brighton-colorado-new
3/3/23,ACE Green Recycling,ACE Green Recycling,LIB Recycling Facility (JV),Original,,TX,Battery Recycling,Recycling,Planned,,No Evidence,,,,No Evidence,$0,None,https://www.prnewswire.com/news-releases/green-giant-energy-texas-and-ace-green-recycling-plan-to-develop-lithium-ion-recycling-facility-in-texas-301760964.html
3/3/23,Green Giant Energy,Green Giant Energy,LIB Recycling Facility (JV),Original,,TX,Battery Recycling,Recycling,Planned,,No Evidence,"$3,000,000",,,No Evidence,$0,None,https://www.prnewswire.com/news-releases/green-giant-energy-texas-and-ace-green-recycling-plan-to-develop-lithium-ion-recycling-facility-in-texas-301760964.html
3/3/23,Volkswagen Group,Scout Motors,Blythewood Facility,Original,Columbia,SC,Light-Duty (Class 1-2),Vehicle Assembly,Under Construction,2026,No Evidence,"$2,000,000,000","4,000",SC02,No Evidence,$0,None,https://governor.sc.gov/news/2023-03/scout-motors-selects-south-carolina-production-site-plans-create-4000-jobs
3/2/23,Magnis Energy Technologies,Imperium3NY,Huron Campus Gigafactory,Expansion 1,Endicott,NY,Batteries,Cells,Canceled,2025,No Evidence,"$600,000,000","1,300",NY19,No Evidence,$0,None,https://www.binghamtonhomepage.com/news/im3ny-seeks-700-million-loan-from-feds/
3/1/23,Smartville,Smartville,Smartville Carlsbad,Original,Carlsbad,CA,Battery Recycling,Remanufacturing,Operational,2025,No Evidence,"$12,019,480",17,CA49,No Evidence,"$5,999,525",Electric Drive Vehicle Battery Recycling and Second Life Applications,https://www.energy.gov/sites/default/files/2022-11/Recycling%20and%20Second-Use%20Selections%20Factsheets%2011-16.pdf
2/28/23,Kempower,Kempower,Durham Facility,Update,Durham,NC,EV Charging,Charging Units,Operational,2024,No Evidence,,301,NC04,No Evidence,$0,None,https://wraltechwire.com/2023/02/28/ev-charger-manufacturer-doubles-jobs-commitment-in-durham-now-601/
2/28/23,Stellantis,Stellantis,Indiana Transmission Plant,Original,Kokomo,IN,Parts,EV Drive Units,Planned,2024,Good Evidence,"$51,650,000",88,IN05,No Evidence,$0,Domestic Manufacturing Conversion Grant Program,https://www.stellantis.com/en/news/press-releases/2023/february/stellantis-announces-155-million-investment-in-three-indiana-plants-to-support-north-american-electrification-goals
2/28/23,Stellantis,Stellantis,Kokomo Casting Plant,Original,Kokomo,IN,Parts,EV Drive Units,Planned,2024,Good Evidence,"$51,700,000",89,IN05,No Evidence,$0,None,https://www.stellantis.com/en/news/press-releases/2023/february/stellantis-announces-155-million-investment-in-three-indiana-plants-to-support-north-american-electrification-goals
2/28/23,Stellantis,Stellantis,Kokomo Transmission Plant,Original,Kokomo,IN,Parts,EV Drive Units,Planned,2024,Good Evidence,"$51,650,000",88,IN05,No Evidence,$0,None,https://www.stellantis.com/en/news/press-releases/2023/february/stellantis-announces-155-million-investment-in-three-indiana-plants-to-support-north-american-electrification-goals
2/27/23,Dongwha Electrolytes,Dongwha Electrolytes,Dongwha Battery Facility,Original,Clarksville,TN,Batteries,Electrolytes and Electrolyte Inputs,Planned,,No Evidence,"$70,000,000",68,TN07,No Evidence,$0,None,https://clarksvillenow.com/local/ev-battery-supplier-dongwha-electrolyte-to-open-70-million-plant-in-clarksville/
2/27/23,Li-Cycle,Li-Cycle,Rochester Hub,Update,Rochester,NY,Battery Recycling,Recycling,Canceled,2023,No Evidence,,,NY25,No Evidence,,Loan Programs Office (LPO),https://investors.li-cycle.com/news/news-details/2023/Li-Cycle-Receives-Conditional-Commitment-for-375-Million-Loan-from-the-U.S.-Department-of-Energy-ATVM-Program/default.aspx
2/22/23,Cirba Solutions,Cirba Solutions,Lancaster Recycling Plant,Original,Lancaster,OH,Battery Recycling,Remanufacturing; Lithium Carbonate,Operational,2024,No Evidence,"$200,000,000",150,OH12,No Evidence,"$74,999,925",Battery Materials Processing and Battery Manufacturing Recycling Grants,https://www.canarymedia.com/articles/batteries/this-ev-battery-recycling-plant-in-ohio-is-planning-a-huge-expansion
2/22/23,Cirba Solutions,Cirba Solutions,Lancaster Recycling Plant,Update,Lancaster,OH,Battery Recycling,Remanufacturing; Lithium Carbonate,Operational,2024,No Evidence,"$50,000,000",,OH12,No Evidence,"$7,424,242",Electric Drive Vehicle Battery Recycling and Second Life Applications,https://www.10tv.com/article/news/local/cirba-solutions-battery-recycling-expansion-lancaster/530-549bcfc2-b376-4e80-aab2-0a1877ea4c67
2/20/23,Ecobat,Ecobat,Ecobat Casa Grande Facility,Original,Casa Grande,AZ,Battery Recycling,Recycling,Operational,2023,No Evidence,,60,AZ06,No Evidence,$0,None,https://ecobat.com/2023/02/ecobat-to-build-new-lithium-ion-battery-recycling-facility-in-arizona/
2/17/23,Geely,Volvo Cars,South Carolina Car Factory,Update,Ridgeville,SC,Batteries,Packs,Operational,2023,No Evidence,,650,SC01,No Evidence,$0,None,https://charlestonbusiness.com/volvo-looks-to-add-1300-jobs-for-fully-electric-suv-to-be-built-in-ridgeville/
2/17/23,Geely,Volvo Cars,South Carolina Car Factory,Update,Ridgeville,SC,Light-Duty (Class 1-2),Vehicle Assembly,Operational,2023,No Evidence,,650,SC01,No Evidence,$0,None,https://charlestonbusiness.com/volvo-looks-to-add-1300-jobs-for-fully-electric-suv-to-be-built-in-ridgeville/
2/15/23,Blink Charging,Blink Charging,SemaConnect Manufacturing Facility,Expansion 1,Bowie,MD,EV Charging,Charging Units,Operational,2024,No Evidence,"$49,000,000",60,MD05,No Evidence,$0,None,https://www.whitehouse.gov/briefing-room/statements-releases/2023/02/15/fact-sheet-biden-harris-administration-announces-new-standards-and-major-progress-for-a-made-in-america-national-network-of-electric-vehicle-chargers/
2/15/23,Exicom,Tritium,Tennessee Manufacturing Facility,Expansion 1,Lebanon,TN,EV Charging,Charging Units,Operational,2023,No Evidence,,250,TN05,No Evidence,$0,None,https://www.globenewswire.com/news-release/2023/02/15/2608629/0/en/Tritium-to-Add-250-Tennessee-Jobs-Recognized-for-Safe-and-Sustainable-Workplace-at-U-S-Factory.html
2/15/23,One Three Energy,EdgeEnergy,Cincinnati Manufacturing Facility,Original,Cincinnati,OH,EV Charging,Electrical Components,Operational,,No Evidence,"$150,000,000",60,OH08,No Evidence,$0,None,https://www.edgeenergyev.com/post/edgeenergy-to-invest-150-million-over-next-two-years-to-manufacture-in-ohio
2/9/23,Freudenberg,Xalt Energy,Xalt Energy Battery Park,Expansion 1,Midland,MI,Batteries,Modules,Canceled,2024,No Evidence,,250,MI08,No Evidence,$0,None,https://www.ourmidland.com/news/article/midland-s-xalt-factory-receive-large-17774050.php
2/7/23,Kempower,Kempower,Durham Facility,Original,Durham,NC,EV Charging,Charging Units,Operational,2023,No Evidence,"$41,000,000",300,NC04,No Evidence,$0,None,https://governor.nc.gov/news/press-releases/2023/02/07/manufacturer-electric-vehicle-charging-stations-selects-durham-county-new-production-facility
2/7/23,The Shyft Group,Blue Arc EV Solutions,Charlotte Facility,Original,Charlotte,MI,Medium-Duty (Class 3-6),Vehicle Assembly,Operational,2023,No Evidence,"$16,000,000",680,MI07,No Evidence,$0,None,https://theshyftgroup.com/press-releases/the-shyft-group-invests-in-michigan-to-build-blue-arc-all-electric-commercial-vehicles/
2/6/23,Cenntro Automotive,Cenntro Automotive,Freehold Manufacturing Facility,Original,Freehold,NJ,Batteries,Packs,Operational,2023,No Evidence,,,NJ04,No Evidence,$0,None,https://ir.cenntroauto.com/news-releases/news-release-details/cenntro-begins-production-battery-packs-united-states-and
1/31/23,General Motors,General Motors,Thacker Pass (JV),Update,,NV,Minerals,Lithium,Under Construction,2026,No Evidence,"$325,000,000",,,No Evidence,,Loan Programs Office (LPO),https://www.reuters.com/markets/commodities/gm-lithium-americas-develop-thacker-pass-mine-nevada-2023-01-31/
1/28/23,Omega Harvested Metallurgical,Omega Harvested Metallurgical,Imperial Valley Recycling Facility,Original,,CA,Battery Recycling,Recycling,Planned,,No Evidence,,50,,No Evidence,$0,None,https://www.thedesertreview.com/news/new-industry-coming-to-the-valley/article_aa1f51c2-9e80-11ed-908a-e7c98c47cf71.html
1/26/23,Cabot,Cabot,Pampa Manufacturing Plant,Original,Pampa,TX,Batteries,Electrolytes and Electrolyte Inputs,Planned,2025,No Evidence,"$82,500,000",,TX13,No Evidence,$0,None,https://www.businesswire.com/news/home/20230126005196/en/Cabot-Corporation-Plans-to-Invest-in-U.S.-Conductive-Carbon-Additives-Capacity-for-Electric-Vehicle-Lithium-ion-Battery-Applications
1/26/23,Toyo Ink,LioChem,LioChem e-Materials,Original,Franklin,KY,Batteries,Cathodes,Under Construction,2025,No Evidence,"$104,400,000",141,KY01,No Evidence,$0,None,https://ced.ky.gov/Newsroom/NewsPage/20220126_LioChem
1/24/23,Nissan,Nissan,Decherd Powertrain Plant,Original,Decherd,TN,Parts,EV Drive Units,Planned,2025,No Evidence,,,TN04,No Evidence,"$725,000,000",Loan Programs Office (LPO),https://www.electrive.com/2023/01/24/nissan-invests-in-e-mobility-production-in-the-usa/
1/24/23,Tesla,Tesla,Gigafactory Nevada,Expansion 1,Sparks,NV,Batteries,Packs,Operational,2024,No Evidence,"$1,800,000,000","1,500",NV02,No Evidence,$0,None,https://www.tesla.com/blog/continuing-our-investment-nevada
1/24/23,Tesla,Tesla,Gigafactory Nevada,Expansion 1,Sparks,NV,Heavy-Duty (Class 7-8),Vehicle Assembly,Operational,2024,No Evidence,"$1,800,000,000","1,500",NV02,No Evidence,$0,None,https://www.tesla.com/blog/continuing-our-investment-nevada
1/20/23,General Motors,General Motors,Defiance Operations,Original,Defiance,OH,Parts,EV Drive Units,Planned,,Good Evidence,"$55,000,000",,OH09,No Evidence,$0,None,https://news.gm.com/newsroom.detail.html/Pages/news/us/en/2023/jan/0120-investment.html
1/20/23,General Motors,General Motors,Rochester Operations,Original,Rochester,NY,Batteries,Packs,Planned,,Good Evidence,"$68,000,000",,NY25,No Evidence,$0,None,https://news.gm.com/newsroom.detail.html/Pages/news/us/en/2023/jan/0120-investment.html
1/19/23,Ador Digatron,Quench Chargers,Shelton Facility,Original,,CT,EV Charging,Charging Units,Operational,2023,No Evidence,,,,No Evidence,$0,None,"https://evreporter.com/quench-to-start-dc-charger-manufacturing-at-its-usa-facility/#:~:text=Quench%20Chargers%20has%20announced%20that,Connecticut%2C%20from%20later%20this%20year."
1/19/23,Volvo Group,Proterra Powered,LA Factory,Update,City of Industry,CA,Heavy-Duty (Class 7-8),Vehicle Assembly,Canceled,2023,Good Evidence,,-300,CA38,No Evidence,$0,None,https://ir.proterra.com/news/news-details/2023/Proterra-to-Concentrate-Electric-Bus-and-Battery-Manufacturing-in-Larger-South-Carolina-Facilities-With-2023-Exit-from-City-of-Industry-Plant/default.aspx
1/18/23,Aqua Metals,Aqua Metals,Aqua Metals Recycling Campus,Original,Reno,NV,Battery Recycling,Recycling,Operational,2024,No Evidence,,,NV02,No Evidence,$0,None,https://www.recyclingtoday.com/news/aqua-metals-selects-tahoe-reno-commercial-lithium-battery-recycling-campus/
1/17/23,General Motors,General Motors,Bowling Green Assembly,Original,Bowling Green,KY,Light-Duty (Class 1-2),Vehicle Assembly,Planned,2023,Good Evidence,,,KY02,No Evidence,$0,None,https://www.wkyufm.org/2023-01-18/gms-corvette-assembly-plant-in-bowling-green-unveils-2024-electrified-e-ray
1/13/23,Nikola Motors,Nikola Motors,Coolidge Multi-Product Factory 4.0,Expansion 3,Coolidge,AZ,Batteries,Modules; Packs,Canceled,2023,No Evidence,,,AZ02,No Evidence,$0,None,https://www.nikolamotor.com/press_releases/nikola-moves-battery-manufacturing-to-coolidge-ariz-221/
1/11/23,Tesla,Tesla,Gigafactory 2,Update,Buffalo,NY,EV Charging,Charging Units,Operational,2023,No Evidence,"$599,500,000",786,NY26,No Evidence,$0,None,https://www.investigativepost.org/2023/01/11/teslas-solar-factory-in-buffalo-fizzles/
1/11/23,Tesla,Tesla,Gigafactory 5,Expansion 1,Austin,TX,Batteries,Cathodes; Cells; Packs,Operational,2024,No Evidence,"$618,000,000",,TX35,Good Evidence,$0,None,https://www.electrive.com/2023/01/11/tesla-to-expand-austin-gigafactory/
1/11/23,Tesla,Tesla,Gigafactory 5,Expansion 1,Austin,TX,Parts,EV Drive Units,Operational,2024,No Evidence,"$85,000,000",,TX35,Good Evidence,$0,None,https://www.electrive.com/2023/01/11/tesla-to-expand-austin-gigafactory/
1/2/23,Aptera Motors,Aptera,Aptera San Diego Manufacturing Facility,Original,Carlsbad,CA,Light-Duty (Class 1-2),Vehicle Assembly,Operational,2023,No Evidence,,100,CA49,No Evidence,$0,None,https://www.sdbj.com/featured/a-new-era-dawning-at-aptera-motors/
12/21/22,ADS-TEC Energy,ADS-TEC Energy,Auburn Manufacturing Facility,Original,Auburn,AL,EV Charging,Charging Units,Planned,2024,No Evidence,"$8,000,000",180,AL03,No Evidence,$0,None,https://www.businesswire.com/news/home/20221220005517/en/ADS-TEC-Energy-Establishes-First-North-American-Site-for-Its-Ultra-Fast-Charging-Technology-in-Auburn-Alabama
12/14/22,Redwood Materials,Redwood Materials,South Carolina Battery Materials Campus,Original,Charleston,SC,Battery Recycling,Remanufacturing; Cathode Materials,Operational,2023,No Evidence,"$3,500,000,000","1,500",SC01,No Evidence,$0,None,https://www.redwoodmaterials.com/news/announcing-redwood-south-carolina/
12/13/22,Lear Corporation,Lear Corporation,Traverse City EV Component Factory,Original,Traverse City,MI,Batteries,Battery Pack Components,Canceled,2023,Good Evidence,"$16,250,000",167,MI01,No Evidence,$0,None,https://www.autonews.com/automakers-suppliers/lear-build-ev-parts-plant-supply-gm
12/13/22,Lear Corporation,M&N Plastics,Macomb EV Component Factory,Original,Sterling Heights,MI,Batteries,Battery Pack Components,Planned,2023,No Evidence,"$16,250,000",167,MI10,No Evidence,$0,None,https://www.autonews.com/automakers-suppliers/lear-build-ev-parts-plant-supply-gm
12/13/22,Siemens,Siemens eMobility,Carrolton Facility,Original,Carrolton,TX,EV Charging,Charging Units,Operational,2023,No Evidence,,100,TX26,No Evidence,$0,None,https://new.siemens.com/us/en/company/press/press-releases/mobility/second-us-electric-vehicle-charger-mfg-hub-site-selected.html
12/13/22,SoulBrain,SoulBrain,Kokomo Operations,Original,Kokomo,IN,Batteries,Electrolytes and Electrolyte Inputs,Planned,2025,No Evidence,"$75,000,000",75,IN05,No Evidence,$0,None,https://greaterkokomo.com/soulbrain-mi-investing-in-kokomo-creating-75-jobs/
12/8/22,Hyundai Motor Group,Hyundai,Bartow County Facility (JV),Original,Atlanta,GA,Batteries,Cells,Under Construction,2025,No Evidence,"$2,500,000,000","1,750",GA11,No Evidence,$0,None,https://gov.georgia.gov/press-releases/2022-12-08/gov-kemp-hyundai-motor-group-and-sk-build-ev-battery-facility-bartow
12/8/22,SK,SK On,Bartow County Facility (JV),Original,Atlanta,GA,Batteries,Cells,Under Construction,2025,No Evidence,"$2,500,000,000","1,750",GA11,No Evidence,$0,None,https://gov.georgia.gov/press-releases/2022-12-08/gov-kemp-hyundai-motor-group-and-sk-build-ev-battery-facility-bartow
12/8/22,Sparkz,Sparkz,Livermore Manufacturing Plant,Expansion 1,Livermore,CA,Batteries,Cells; Modules,Operational,2022,Good Evidence,"$700,000,000",800,,No Evidence,$0,None,https://www.electrive.com/2022/12/12/ca-sparkz-opens-livermore-battery-plant-to-customers/
12/7/22,Sion Power,Sion Power,Tucson Assembly Facility,Original,Tucson,AZ,Batteries,Cells,Planned,2026,No Evidence,,150,AZ07,No Evidence,$0,None,https://sionpower.com/2022/sion-power-announces-plans-to-expand-battery-manufacturing-operations/
12/7/22,SK,EverCharge,Hayward Manufacturing Facility,Original,,CA,EV Charging,Charging Units,Operational,2023,No Evidence,,,,No Evidence,$0,None,https://www.businesswire.com/news/home/20221207005675/en/Designed-and-Built-in-California-EverCharge-Opens-Hayward-Factory-to-Meet-Growing-Demand-and-Further-Ongoing-Commitment-to-U.S.-Based-Production
12/6/22,AESC,AESC,Florence Gigafactory - Factory 1,Original,Florence,SC,Batteries,Cells,Under Construction,2026,No Evidence,"$810,000,000","1,170",SC07,No Evidence,$0,None,https://www.automotiveworld.com/news-releases/envision-aesc-announces-810m-investment-in-south-carolina-gigafactory-creating-1170-new-jobs/
12/6/22,American Battery Factory,American Battery Factory,Tucson Battery Cell Gigafactory,Original,Tucson,AZ,Batteries,Cells,Under Construction,2025,No Evidence,"$600,000,000",500,,No Evidence,$0,None,https://americanbatteryfactory.com/press/2022-12-06/abf-selects-tuscon-az
12/5/22,General Motors,General Motors,Ultium Cells Spring Hill (JV),Expansion 1,Spring Hill,TN,Batteries,Cells,Operational,2024,Good Evidence,"$137,500,000",200,TN05,No Evidence,"$208,333,333",Loan Programs Office (LPO),https://www.ultiumcell.com/newsroom/latest-news/2022/12/02/Ultium-Cells-LLC-Announces-Plans-to-Produce-More-Battery-Cells-Faster
12/5/22,LG Corporation,LG Energy Solution,Ultium Cells Spring Hill (JV),Expansion 1,Spring Hill,TN,Batteries,Cathodes,Operational,2024,Good Evidence,"$137,500,000",200,TN05,No Evidence,"$208,333,333",Loan Programs Office (LPO),https://www.ultiumcell.com/newsroom/latest-news/2022/12/02/Ultium-Cells-LLC-Announces-Plans-to-Produce-More-Battery-Cells-Faster
12/1/22,NanoGraf,NanoGraf,Advanced Silicon Anode Manufacturing Facility,Original,Chicago,IL,Batteries,Anodes,Operational,2023,No Evidence,"$100,000,000",40,IL07,No Evidence,$0,None,https://www.nanograf.com/media/nanograf-wins-contract-from-us-government-to-develop-first-large-volume-advanced-silicon-anode-manufacturing-facility-in-the-us
11/30/22,Bosch,Bosch,Anderson Facility,Original,Anderson,SC,Parts,EV Motors,Operational,2022,No Evidence,,,SC03,No Evidence,$0,None,"https://www.sme.org/technologies/articles/2022/november/bosch-adds-ev-motor-production-in-south-carolina/#:~:text=Bosch%20also%20is%20retooling%20its,million%20investment%20in%20the%20facility."
11/30/22,KORE Power,KORE Power,KOREPlex Facility,Update,Buckeye,AZ,Batteries,Cells,Canceled,2025,No Evidence,"$125,000,000",,,No Evidence,,Loan Programs Office (LPO),https://www.aztechcouncil.org/kore-power-poised-to-break-ground-on-valley-battery-manufacturing-plant-by-end-of-2022/
11/28/22,Enchem,Enchem,Kentucky Electrolyte Manufacturing Plant,Original,,KY,Batteries,Electrolytes and Electrolyte Inputs,Planned,2024,No Evidence,,,,No Evidence,$0,None,https://www.kedglobal.com/batteries/newsView/ked202211280020
11/28/22,Enchem,Enchem,Michigan Electrolyte Manufacturing Plant,Original,,MI,Batteries,Electrolytes and Electrolyte Inputs,Planned,2024,No Evidence,,,,No Evidence,$0,None,https://www.kedglobal.com/batteries/newsView/ked202211280020
11/28/22,Enchem,Enchem,Ohio Electrolyte Manufacturing Plant,Original,,OH,Batteries,Electrolytes and Electrolyte Inputs,Planned,2024,No Evidence,,,,No Evidence,$0,None,https://www.kedglobal.com/batteries/newsView/ked202211280020
11/28/22,Enchem,Enchem,US Headquarters and Electrolyte Manufacturing Plant,Update,Commerce,GA,Batteries,Electrolytes and Electrolyte Inputs,Planned,2024,No Evidence,,,GA10,No Evidence,$0,None,https://www.kedglobal.com/batteries/newsView/ked202211280020
11/27/22,Huntsman,Huntsman,R&D and Production Facility,Original,Tucson,AZ,Batteries,Electrolytes and Electrolyte Inputs,Planned,2025,No Evidence,,11,AZ07,No Evidence,$0,None,https://www.nrel.gov/transportation/li-ion-battery-supply-chain-database.html
11/23/22,Hyundai Motor Group,Hyundai Mobis,Electric Vehicle Power Electric System Plant,Original,Richmond Hill,GA,Parts,Charging Control Units,Planned,2024,No Evidence,"$463,000,000",750,GA01,No Evidence,$0,Qualifying Advanced Energy Project Credit (48C),https://www.georgia.org/press-release/second-global-automotive-supplier-hyundai-metaplant-create-1500-jobs
11/23/22,Hyundai Motor Group,Hyundai Mobis,Electric Vehicle Power Electric System Plant,Original,Richmond Hill,GA,Parts,Power Electronics,Planned,2024,No Evidence,"$463,000,000",750,GA01,No Evidence,"$57,666,890",Qualifying Advanced Energy Project Credit (48C),https://www.georgia.org/press-release/second-global-automotive-supplier-hyundai-metaplant-create-1500-jobs
11/21/22,LG Corporation,LG Energy Solution,Clarksville Cathode Manufacturing Plant,Original,Clarksville,TN,Batteries,Cathodes,Under Construction,2025,No Evidence,"$3,200,000,000",860,TN07,No Evidence,$0,None,https://clarksvillenow.com/local/lg-chem-to-build-3-2-billion-plant-in-clarksville-to-supply-material-for-ev-batteries/
11/19/22,General Motors,General Motors,Bedford Casting,Original,Bedford,IN,Parts,EV Drive Units,Operational,2022,Good Evidence,"$45,000,000",,IN09,No Evidence,$0,None,https://pressroom.gm.com/gmbx/us/en/pressroom/home/news.detail.html/Pages/news/us/en/2022/nov/1118-bedford.html
11/16/22,Orange EV,Orange EV,Kansas City Production Facility & HQ,Original,Kansas City,KS,Heavy-Duty (Class 7-8),Vehicle Assembly,Operational,2024,No Evidence,"$37,000,000",185,KS02,No Evidence,$0,None,https://orangeev.com/orange-ev-news/orange-ev-new-global-headquarters/
11/16/22,RePurpose Energy,RePurpose Energy,RePurpose Energy,Original,Fairfield,CA,Battery Recycling,Recycling,Operational,2022,No Evidence,"$12,000,000",4,CA08,No Evidence,"$6,000,000",Electric Drive Vehicle Battery Recycling and Second Life Applications,https://www.energy.gov/eere/vehicles/articles/bipartisan-infrastructure-law-battery-recycling-and-second-life-applications
11/14/22,SK,SK Signet,Plano Manufacturing Facility,Original,Plano,TX,EV Charging,Charging Units,Operational,2023,No Evidence,,183,TX32,No Evidence,$0,None,https://www.prnewswire.com/news-releases/sk-signet-to-create-up-to-183-jobs-for-ev-fast-charger-manufacturing-facility-in-plano-texas-301677776.html
11/11/22,JB Poindexter & Co,EAVX,JB Poindexter & Co,Original,Ypsilanti,MI,Medium-Duty (Class 3-6),Vehicle Assembly,Operational,,No Evidence,"$3,790,000",75,MI06,No Evidence,$0,None,https://annarborusa.org/news/michigan-wins-projects-over-other-states-and-countries-building-on-strong-economic-momentum/
11/10/22,Lyten,Lyten,Silicon Valley Campus,Original,San Jose,CA,Minerals,Graphite,Operational,2022,No Evidence,,200,CA17,No Evidence,$0,None,https://lyten.com/battery-tech-company-opens-san-jose-manufacturing-site-adds-jobs/
11/10/22,Nanotech Energy,Nanotech Energy,Chico 2,Original,Chico,CA,Batteries,Cells,Operational,2024,No Evidence,,65,,No Evidence,$0,None,https://www.prnewswire.com/news-releases/next-generation-battery-creator-nanotech-energy-breaks-ground-on-a-first-factory-to-open-2023-301674519.html
11/9/22,Canoo,Canoo,Oklahoma City Assembly Facility,Original,Oklahoma City,OK,Light-Duty (Class 1-2),Vehicle Assembly,Canceled,2023,No Evidence,,500,OK05,No Evidence,$0,None,https://www.prnewswire.com/news-releases/canoo-secures-oklahoma-city-manufacturing-facility-301792877.html
11/3/22,Anovion Technologies,Anovion Technologies,Niagara Falls Facility,Expansion 1,Sanborn,NY,Minerals,Graphite,Under Construction,2030,No Evidence,"$294,000,000",300,NY26,No Evidence,$0,Battery Materials Processing and Battery Manufacturing Recycling Grants,https://pv-magazine-usa.com/2022/11/03/american-battery-factory-and-anovion-form-alliance-for-supply-of-synthetic-graphite/
11/2/22,Canoo,Canoo,EV Battery Module Manufacturing Facility,Original,Pryor,OK,Batteries,Modules,Canceled,,No Evidence,,,OK02,No Evidence,$0,None,https://www.prnewswire.com/news-releases/canoo-announces-ev-battery-module-manufacturing-facility-in-oklahoma-301665749.html
11/1/22,Solvay,Syensqo,Augusta PVDF Manufacturing Facility,Original,Augusta,GA,Batteries,Separators,Under Construction,2026,No Evidence,"$178,218,568",50,GA12,No Evidence,"$89,109,284",Battery Materials Processing and Battery Manufacturing Recycling Grants,https://www.energy.gov/sites/default/files/2022-11/DOE%20BIL%20Battery%20FOA-2678%20Selectee%20Fact%20Sheets.pdf
10/27/22,Hyundai Motor Group,Hyundai Mobis,Montgomery EV Battery Manufacturing Facility,Original,Montgomery,AL,Batteries,Modules,Planned,2024,No Evidence,"$205,000,000",400,AL07,No Evidence,$0,None,https://governor.alabama.gov/newsroom/2022/10/governor-ivey-announces-hyundai-mobis-plans-ev-battery-module-plant-in-montgomery-creating-400-jobs/
10/27/22,Lear Corporation,Lear Corporation,Independence Township EV Component Factory,Original,Independence Township,MI,Parts,Battery Disconnect Units; Other Electrification Components,Canceled,2024,No Evidence,"$80,000,000",167,MI09,No Evidence,$0,None,https://eu.freep.com/story/money/business/michigan/2022/10/27/auto-supplier-michigan-manufacturing-plant-evs-gm/69596955007/
10/27/22,Lilac Solutions,Lilac Solutions,Lilac Solutions Lithium Manufacturing,Original,Fernley,NV,Minerals,Lithium,Planned,,No Evidence,"$179,322,049",74,NV02,No Evidence,$0,None,https://goed.nv.gov/lilac-solutions-selected-by-u-s-department-of-energy-for-50-million-grant-award/
10/26/22,Albemarle,Albemarle,Albemarle Mega-Flex Facility (King's Mine),Original,Kings Mountain,NC,Minerals,Lithium,Planned,,No Evidence,"$375,600,000",,NC10,No Evidence,"$149,658,312",Battery Materials Processing and Battery Manufacturing Recycling Grants,https://charlotteregion.com/news/2022/10/26/investor-news/albemarle-piedmont-lithium-land-291m-in-department-of-energy-grants-to-assist-in-developing-plants/
10/26/22,Bosch,Bosch,Charleston Facility,Original,Charleston,SC,Parts,EV Motors,Operational,2022,No Evidence,"$260,000,000",350,SC06,No Evidence,$0,None,https://cleantechnica.com/2022/10/26/bosch-set-to-invest-260-million-create-350-jobs-in-sc/
10/25/22,Magna International,Magna International,Magna Electric Vehicle Structures,Expansion 1,St. Clair,MI,Batteries,Battery Enclosures,Under Construction,2023,No Evidence,"$426,000,000",920,MI09,No Evidence,$0,None,https://www.magna.com/stories/news-press-release/2022/magna-expands-in-three-location-across-michigan
10/25/22,Magna International,Magna International,Shelby Township Powertrain Facility,Original,Shelby Township,MI,Batteries,Battery Enclosures,Planned,2023,No Evidence,,,MI10,No Evidence,$0,None,https://www.magna.com/stories/news-press-release/2022/magna-expands-in-three-location-across-michigan
10/20/22,Amprius,Amprius,Amprius Lab,Original,Fremont,CA,Batteries,Anodes,Operational,2023,No Evidence,,50,CA17,No Evidence,$0,None,https://ir.amprius.com/news-events/press-releases/detail/26/amprius-technologies-receives-delivery-of-its-first
10/20/22,EC Power,EC Power,EC Power,Original,State College,PA,Batteries,Cells,Operational,,No Evidence,,12,PA15,No Evidence,$0,None,https://ecpowergroup.com/technology/
10/20/22,GEM,GEM Yield,ELMS Mishawaka Plant,Original,Mishawaka,IN,Light-Duty (Class 1-2),Vehicle Assembly,Planned,2023,No Evidence,"$240,000,000",,IN02,No Evidence,$0,None,https://www.electrive.com/2022/10/20/mullen-takes-over-electric-last-mile-solutions/
10/20/22,Israel Corporation,ICL Group,LFP Cathode Powder Factory,Original,St Louis,MO,Minerals,Cathode Materials,Canceled,2026,No Evidence,"$429,600,700",150,MO01,No Evidence,,Battery Materials Processing and Battery Manufacturing Recycling Grants,https://www.stltoday.com/business/local/new-400m-plant-to-support-ev-battery-production-slated-for-st-louis-carondelet-area/article_4ba9788f-fc20-54e3-8a30-576aca84d6b6.html
10/20/22,Sila Nanotechnologies,Sila Nanotechnologies,Moses Lake Facility,Original,"Moses Lake, WA",WA,Batteries,Anodes,Operational,2025,No Evidence,"$400,000,000",225,WA04,No Evidence,"$100,000,000",Battery Materials Processing and Battery Manufacturing Recycling Grants,https://www.spokesman.com/stories/2022/oct/20/hundreds-of-jobs-are-coming-to-moses-lake-after-tw/
10/20/22,Syrah,Syrah,Vidalia Graphite Processing Facility,Expansion 2,Vidalia,LA,Minerals,Anode Materials,Under Construction,2025,No Evidence,"$444,816,850",120,LA05,No Evidence,"$384,419,793","Battery Materials Processing and Battery Manufacturing Recycling Grants, Qualifying Advanced Energy Project Credit (48C)",https://www.reuters.com/business/energy/australias-syrah-expand-us-graphite-plant-after-220-mln-grant-2022-10-20/
10/19/22,Anovion Technologies,Anovion Technologies,Niagara Falls Facility,Original,Sanborn,NY,Minerals,Graphite,Operational,,No Evidence,,,NY26,No Evidence,$0,Battery Materials Processing and Battery Manufacturing Recycling Grants,https://www.businesswire.com/news/home/20221019005842/en/Anovion-Battery-Materials-Selected-to-Receive-117-Million-Grant-under-the-Bipartisan-Infrastructure-Law-for-Battery-Materials-Processing-and-Manufacturing
10/19/22,Applied Materials,Applied Materials,Lynchburg Facility,Original,,VA,Batteries,Anodes,Canceled,,No Evidence,"$112,005,218",45,,No Evidence,"$50,000,000",Battery Materials Processing and Battery Manufacturing Recycling Grants,https://www.energy.gov/sites/default/files/2022-11/DOE%20BIL%20Battery%20FOA-2678%20Selectee%20Fact%20Sheets.pdf
10/19/22,BMW Group,BMW,Battery Assembly Center,Original,Woodruff,SC,Batteries,Packs; Modules,Under Construction,2026,No Evidence,"$700,000,000",300,SC04,No Evidence,$0,None,https://www.press.bmwgroup.com/global/article/detail/T0404837EN/bmw-group-announces-1-7-billion-usd-investment-to-build-electric-vehicles-in-the-u-s-and-signs
10/19/22,BMW Group,BMW,Plant Spartanburg,Expansion 1,Greer,SC,Light-Duty (Class 1-2),Vehicle Assembly,Operational,2022,No Evidence,"$1,000,000,000",,SC04,No Evidence,$0,None,https://www.press.bmwgroup.com/global/article/detail/T0404837EN/bmw-group-announces-1-7-billion-usd-investment-to-build-electric-vehicles-in-the-u-s-and-signs
10/19/22,NOVONIX,NOVONIX,Riverside Recharged,Expansion 1,Chattanooga,TN,Minerals,Graphite,Under Construction,2025,No Evidence,"$877,260,704",690,TN03,No Evidence,"$203,063,889",Battery Materials Processing and Battery Manufacturing Recycling Grants; Qualifying Advanced Energy Project Credit (48C),https://www.novonixgroup.com/novonix-selected-for-us150-million-grant-from-u-s-department-of-energy/
10/19/22,NOVONIX,NOVONIX,Riverside Recharged,Update,Chattanooga,TN,Minerals,Graphite,Planned,2030,No Evidence,,,TN03,No Evidence,"$103,000,000",Battery Materials Processing and Battery Manufacturing Recycling Grants; Qualifying Advanced Energy Project Credit (48C),https://www.novonixgroup.com/novonix-selected-for-us150-million-grant-from-u-s-department-of-energy/
10/19/22,Orbia,Koura,St. Gabriel LiPF6 Manufacturing Facility,Original,St Gabriel,LA,Batteries,Electrolytes and Electrolyte Inputs,Planned,2026,No Evidence,"$203,292,044",40,LA02,No Evidence,"$50,000,000",Battery Materials Processing and Battery Manufacturing Recycling Grants,https://www.energy.gov/sites/default/files/2022-10/DOE%20BIL%20Battery%20FOA-2678%20Selectee%20Fact%20Sheets%20-%201_2.pdf
10/19/22,Talon Metals,Talon Metals,Nickel Battery Minerals Processing Facility,Original,Beulah,ND,Minerals,Nickel,Planned,2027,Good Evidence,"$433,000,000",150,ND,No Evidence,"$114,846,344",Battery Materials Processing and Battery Manufacturing Recycling Grants,https://www.governor.nd.gov/news/burgum-issues-statement-talon-metals-announcing-battery-minerals-processing-facility-nd
10/11/22,Honda Motor Company,Honda,Anna Engine Plant,Original,Anna,OH,Batteries,Battery Enclosures,Under Construction,2025,No Evidence,"$100,000,000",67,OH04,No Evidence,$0,None,https://governor.ohio.gov/media/news-and-media/Governor-DeWine-Announces-Honda-to-Invest-in-Ohio-for-Electric-Vehicle-Production-Including-New-Battery-Plant-with-LG-Energy-Solution-10112022
10/11/22,Honda Motor Company,Honda,East Liberty Auto Plant,Original,East Liberty,OH,Light-Duty (Class 1-2),Vehicle Assembly,Canceled,2025,No Evidence,"$300,000,000",133,OH04,Good Evidence,$0,None,https://governor.ohio.gov/media/news-and-media/Governor-DeWine-Announces-Honda-to-Invest-in-Ohio-for-Electric-Vehicle-Production-Including-New-Battery-Plant-with-LG-Energy-Solution-10112022
10/11/22,Honda Motor Company,Honda,Fayette County EV Battery Plant,Original,Jeffersonville,OH,Batteries,Modules,Under Construction,2025,No Evidence,"$4,400,000,000","2,200",OH15,No Evidence,$0,None,https://www.prnewswire.com/news-releases/lg-energy-solution-and-honda-break-ground-for-new-joint-venture-ev-battery-plant-in-ohio-301758629.html
10/11/22,Honda Motor Company,Honda,Marysville Auto Plant,Original,Marysville,OH,Light-Duty (Class 1-2),Vehicle Assembly,Canceled,2025,No Evidence,"$300,000,000",133,OH04,Good Evidence,$0,None,https://governor.ohio.gov/media/news-and-media/Governor-DeWine-Announces-Honda-to-Invest-in-Ohio-for-Electric-Vehicle-Production-Including-New-Battery-Plant-with-LG-Energy-Solution-10112022
10/3/22,Electrovaya,Electrovaya,Electrovaya US Gigafactory,Original,Jamestown,NY,Batteries,Separators; Cells; Modules; Packs,Operational,2023,No Evidence,"$24,000,000",125,NY23,No Evidence,$0,None,https://electrovaya.com/press/electrovaya-to-establish-lithium-ion-gigafactory-in-new-york-state/
9/30/22,Design Ready Controls,Design Ready Controls,Albert Lea Manufacturing Facility,Original,Albert Lea,MN,EV Charging,Charging Units,Operational,2022,No Evidence,,135,MN01,No Evidence,$0,None,https://www.albertleatribune.com/2022/09/new-manufacturing-facility-opening-in-albert-lea-to-make-electric-vehicle-chargers/
9/29/22,Cirba Solutions,Cirba Solutions,Mesa Facility,Original,Mesa,AZ,Battery Recycling,Recycling,Operational,,No Evidence,,73,AZ04,No Evidence,$0,None,https://tucson.com/news/local/business/ev-battery-recycling-plant-to-open-in-eloy/article_abc7ac6a-3f83-11ed-91bd-eba3cb8e6648.html
9/28/22,Cirba Solutions,Cirba Solutions,Eloy Facility,Original,Eloy,AZ,Battery Recycling,Recycling,Planned,2023,No Evidence,,110,AZ06,No Evidence,$0,None,https://www.cirbasolutions.com/new-lithium-ion-battery-recycling-facility-in-eloy-az-announced/
9/27/22,BorgWarner,BorgWarner,Cadillac Production Plant,Update,Cadillac,MI,Batteries,Battery Pack Components,Operational,2023,No Evidence,,70,MI02,No Evidence,$0,None,https://www.9and10news.com/2022/09/27/borgwarner-cadillac-makes-an-electric-vehicle-part-for-the-first-time/
9/27/22,Daejin Advanced Materials,Daejin Advanced Materials,Cumberland City Plant,Original,Cumberland City,TN,Batteries,Battery Enclosures,Planned,2023,No Evidence,"$10,200,000",83,TN07,No Evidence,$0,None,"https://www.tn.gov/ecd/news/2022/9/27/governor-lee--commissioner-mcwhorter-announce-daejin-advanced-materials-usa-inc--to-establish-operations-in-cumberland-city.html#:~:text=%E2%80%93%20Tennessee%20Gov.,facility%20in%20Cumberland%20City%2C%20Tennessee."
9/24/22,Samsung,Samsung SDI,Auburn Hills Battery Manufacturing Factory #1,Expansion 1,Auburn Hills,MI,Batteries,Modules,Operational,,No Evidence,"$30,000,000",,MI11,No Evidence,$0,None,https://insideevs.com/news/612009/samsung-sdi-expand-battery-pack-production-michigan/
9/23/22,BYD,BYD,Lancaster Factory,Update,Lancaster,CA,Heavy-Duty (Class 7-8),Vehicle Assembly,Operational,,Good Evidence,,-450,CA27,No Evidence,$0,None,https://www.jff.org/idea/jff-helps-supercharge-byd-manufacturing-workforce/
9/23/22,General Motors,General Motors,Toledo Propulsion Systems Factory,Original,Toledo,OH,Parts,EV Drive Units,Canceled,2024,Good Evidence,"$760,000,000","1,520",OH09,Good Evidence,$0,None,https://news.gm.com/newsroom.detail.html/Pages/news/us/en/2022/sep/0923-toledo.html
9/23/22,Guoxuan High Tech,Gotion,Big Rapids Battery Factory,Original,Big Rapids,MI,Batteries,Cathodes; Anodes,Canceled,2024,No Evidence,"$2,360,000,000","2,350",MI02,No Evidence,$0,None,https://www.chicagobusiness.com/manufacturing/details-24-billion-gotion-battery-plant-near-big-rapids
9/22/22,Battle Motors,Battle Motors,New Philadelphia Assembly Facility,Original,New Philadelphia,OH,Heavy-Duty (Class 7-8),Vehicle Assembly,Operational,2022,No Evidence,"$40,000,000",220,OH06,No Evidence,$0,None,https://battlemotors.com/blogs/news/battle-motors-celebrates-job-growth-completion-of-40m-expansion-in-new-philadelphia
9/21/22,Cummins,Cummins-Meritor,Fletcher Manufacturing Facility,Expansion 1,Fletcher,NC,Parts,Electric Axles,Planned,2022,No Evidence,"$17,000,000",40,NC11,No Evidence,$0,None,https://governor.nc.gov/news/press-releases/2022/09/21/cummins-meritor-selects-henderson-county-second-expansion-its-largest-north-american-manufacturing
9/18/22,Tesla,Tesla,Tesla Lithium Refinery,Original,Robstown,TX,Minerals,Lithium,Operational,2024,No Evidence,"$375,000,000",162,TX27,No Evidence,$0,None,https://www.freightwaves.com/news/tesla-proposes-texas-lithium-refinery
9/15/22,Ioneer,Ioneer,Rhyolite Ridge Lithium-Boron Project,Original,Coyote Hole,NV,Minerals,Lithium,Planned,2028,No Evidence,"$392,500,000",142,,No Evidence,,Loan Programs Office (LPO),https://rhyolite-ridge.ioneer.com/permitting/
9/14/22,ABB,ABB E-mobility,Columbia EV Charging Manufacturing Facility,Original,Columbia,SC,EV Charging,Charging Units,Operational,2023,No Evidence,"$4,000,000",100,,No Evidence,$0,None,https://new.abb.com/news/detail/94725/abb-expands-us-manufacturing-footprint-with-investment-in-new-ev-charger-facility
9/13/22,Harbinger Motors,Harbinger Motors,Michigan Manufacturing Plant,Original,,MI,Medium-Duty (Class 3-6),Vehicle Assembly,Planned,2024,No Evidence,,,,No Evidence,$0,None,https://www.detroitnews.com/story/business/autos/2022/09/13/la-auto-startup-forms-joint-venture-electric-powertrain-production/10361592002/
9/6/22,REV Group,ELDorado National,Riverside Manufacturing Facility,Original,Riverside,CA,Heavy-Duty (Class 7-8),Vehicle Assembly,Operational,2023,No Evidence,,,CA39,No Evidence,$0,None,https://www.businesswire.com/news/home/20220906005689/en/ENC-Drives-Forward-With-Its-Next-Generation-Zero-Emission-Buses
9/2/22,Virginia Transformer,Virginia Transformer,Troutville Plant,Original,Troutville,VA,EV Charging,Charging Units,Operational,2022,No Evidence,,30,VA06,No Evidence,$0,None,https://www.tdworld.com/electrification/article/21250058/virginia-transformer-opens-new-ev-charging-production-lines
9/1/22,Piedmont Lithium,Piedmont Lithium,North Etowah Industrial Park Facility,Original,Etowah,TN,Minerals,Lithium,Canceled,2026,No Evidence,"$582,000,000",117,,No Evidence,$0,None,https://www.tn.gov/ecd/news/2022/9/1/governor-lee--commissioner-mcwhorter-announce-piedmont-lithium-inc--to-establish-operations-in-mcminn-county.html
8/31/22,Toyota Motor Company,Toyota,Toyota Battery Manufacturing North Carolina,Expansion 1,Liberty,NC,Batteries,Cells,Operational,2025,No Evidence,"$2,500,000,000",350,NC09,No Evidence,$0,None,https://pressroom.toyota.com/toyota-announces-2-5-billion-expansion-of-north-carolina-plant-with-350-additional-jobs-and-bev-battery-capacity/
8/29/22,Lincoln Electric,Lincoln Electric,Lincoln Cleveland Manufacturing Facility,Original,Cleveland,OH,EV Charging,Charging Units,Operational,2023,No Evidence,,,OH11,No Evidence,$0,None,https://ir.lincolnelectric.com/news-releases/news-release-details/lincoln-electric-launches-dc-fast-charge-electric-vehicle
8/27/22,Dana,Dana,Auburn Hills Facility,Original,Auburn Hills,MI,Parts,Power Electronics,Canceled,2023,Good Evidence,"$54,200,000",200,MI11,No Evidence,$0,None,https://www.areadevelopment.com/newsitems/8-27-2022/dana-thermal-products-auburn-hills-michigan.shtml
8/25/22,Advanced Nano Products,Advanced Nano,Hardin County Manufacturing Facility,Original,Elizabethtown,KY,Batteries,Electrolytes and Electrolyte Inputs,Under Construction,2023,No Evidence,"$49,600,000",93,KY02,No Evidence,$0,None,https://ced.ky.gov/Newsroom/NewsPage/20220825_ANP
8/25/22,Factorial Energy,Factorial Energy,Methuen Facility,Original,Methuen,MA,Batteries,Cells,Operational,2023,No Evidence,"$45,000,000",166,MA03,No Evidence,$0,None,https://www.businesswire.com/news/home/20220825005452/en/Factorial-Energy-to-Open-New-Solid-State-EV-Battery-Development-and-Manufacturing-Facility-in-Methuen-Mass
8/18/22,SungEel HiTech Co,SungEel HiTech Co,SungEel Recycling Park,Original,Toccoa,GA,Battery Recycling,Recycling,Canceled,2024,No Evidence,"$37,000,000",104,,No Evidence,$0,None,https://gov.georgia.gov/press-releases/2022-08-18/gov-kemp-korean-lithium-ion-battery-recycler-sungeel-hitech-build-first
8/17/22,Camel,Camel,Camel Energy Manufacturing Michigan,Original,Battle Creek,MI,Batteries,Packs,Operational,2023,No Evidence,"$20,000,000",,MI04,No Evidence,$0,None,https://www.camelbatt.com/news/details/58.html
8/7/22,AlliedSignal,Honeywell,Buffalo Research Lab,Original,Buffalo,NY,Batteries,Electrolytes and Electrolyte Inputs,Operational,,Some Evidence,,170,NY26,No Evidence,$0,None,https://www.nrel.gov/transportation/li-ion-battery-supply-chain-database.html
8/7/22,Green Energy Origin,Green Energy Origin,Memphis Lithium-ion Battery Material Manufacturing Plant I-III,Original,Memphis,TN,Batteries,Electrolytes and Electrolyte Inputs,Operational,,No Evidence,,,TN09,No Evidence,$0,None,https://www.nrel.gov/transportation/li-ion-battery-supply-chain-database.html
8/7/22,SoulBrain,SoulBrain,Northville Lithium-ion Electrolyte Material Manufacturing Plant,Original,Northville Township,MI,Batteries,Electrolytes and Electrolyte Inputs,Operational,,No Evidence,,63,MI06,No Evidence,$0,None,https://www.nrel.gov/transportation/li-ion-battery-supply-chain-database.html
8/4/22,LOTTE,LOTTE Aluminium,Hardin County Manufacturing Facility (JV),Original,Elizabethtown,KY,Minerals,Cathode Materials,Planned,2025,No Evidence,"$119,350,000",61,KY02,No Evidence,$0,None,https://ced.ky.gov/Newsroom/NewsPage/20220804_LOTTE
8/4/22,LOTTE,LOTTE Chemical,Hardin County Manufacturing Facility (JV),Original,Elizabethtown,KY,Minerals,Cathode Materials,Planned,2025,No Evidence,"$119,350,000",61,KY02,No Evidence,$0,None,https://ced.ky.gov/Newsroom/NewsPage/20220804_LOTTE
8/1/22,Ascend Elements,Ascend Elements,Apex 1,Original,Pembroke,KY,Minerals,Cathode Materials,Under Construction,2025,No Evidence,"$1,000,000,000",400,KY01,No Evidence,"$206,000,000",Battery Materials Processing and Battery Manufacturing Recycling Grants,https://ascendelements.com/ascend-elements-apex1/
7/27/22,Duksan,Duksan Electera,Duksan Electera Shelbyville Plant,Original,Shelbyville,TN,Batteries,Electrolytes and Electrolyte Inputs,Operational,2025,No Evidence,"$95,000,000",101,TN04,No Evidence,$0,None,https://www.tn.gov/ecd/news/2022/7/27/governor-lee--commissioner-mcwhorter-announce-duksan-electera-america--inc--to-establish-manufacturing-operations-in-bedford-county.html
7/27/22,Ford Motor Company,Ford,Rawsonville Plant,Expansion 2,Ypsilanti,MI,Batteries,Packs,Operational,,Good Evidence,"$160,000,000",250,MI06,No Evidence,$0,None,https://annarborusa.org/news/ford-announces-160m-ypsilanti-township-investment-supports-development-of-electric-vehicles-of-the-future/
7/25/22,Redwood Materials,Redwood Materials,Tahoe Campus,Original,Reno,NV,Battery Recycling,Remanufacturing; Cathode Materials,Operational,2023,No Evidence,"$3,500,000,000","1,600",NV02,No Evidence,,Loan Programs Office (LPO),https://www.reuters.com/business/autos-transportation/redwood-materials-plans-spend-35-bln-battery-materials-factory-nevada-wsj-2022-07-25/
7/20/22,Nippon Denkai,Denkai,Richmond County Manufacturing Facility,Original,Augusta,GA,Minerals,Anode Materials,Canceled,2024,No Evidence,"$150,000,000",250,GA12,No Evidence,$0,None,https://gov.georgia.gov/press-releases/2022-07-20/gov-kemp-copper-foil-manufacturer-denkai-america-locate-new-manufacturing
7/19/22,American Resources Corporation,ReElement Tech,Noblesville Facility 1,Original,Noblesville,IN,Battery Recycling,Recycling,Operational,2022,No Evidence,"$2,000,000",,IN05,No Evidence,$0,None,https://www.recyclingtoday.com/news/reelement-technologies-developing-commercial-scale-battery-magnet-recycling-facility/
7/19/22,American Resources Corporation,ReElement Tech,Noblesville Facility 2,Original,Noblesville,IN,Battery Recycling,Recycling,Operational,2025,No Evidence,,,IN05,No Evidence,,None,https://www.recyclingtoday.com/news/reelement-technologies-developing-commercial-scale-battery-magnet-recycling-facility/
7/18/22,Eaton,Eaton,Eaton Corporation Forum and Hub,Original,Raleigh,NC,EV Charging,Electrical Components,Operational,2022,No Evidence,,170,NC02,No Evidence,$0,None,https://www.eaton.com/us/en-us/company/news-insights/news-releases/2022/eaton-reinvests-in-north-carolina.html
7/13/22,Panasonic,Panasonic,Sunflower Plant,Original,De Soto,KS,Batteries,Cells; Packs,Operational,2025,No Evidence,"$4,000,000,000","4,000",KS03,No Evidence,$0,None,https://news.panasonic.com/global/press/data/2022/07/en220714-3/en220714-3-1.pdf
7/12/22,Nanotech Energy,Nanotech Energy,Nanotech Energy Reno Campus,Original,Sparks,NV,Batteries,Cells,Under Construction,2024,No Evidence,"$130,000,000",500,NV02,No Evidence,$0,None,https://www.rgj.com/story/news/money/business/2021/11/10/nanotech-energys-new-campus-near-reno-most-significant-since-tesla/6374204001/
7/6/22,FLO,FLO,Auburn Hills Plant,Original,Auburn Hills,MI,EV Charging,Charging Units,Operational,2022,No Evidence,"$3,000,000",730,MI11,No Evidence,$0,None,https://www.flo.com/press-releases-2/flo-announces-u-s-ev-charger-facility-jobs-coming-to-michigan/
7/1/22,Rivian,Rivian,Normal Factory,Original,Normal,IL,EV Charging,Charging Units,Operational,2022,No Evidence,,,IL17,Good Evidence,$0,None,https://stories.rivian.com/rivian-adventure-network-launch
6/28/22,ChargePoint,ChargePoint,Milpitas Facility,Original,Milpitas,CA,EV Charging,Charging Units,Planned,2026,No Evidence,,250,CA17,No Evidence,$0,None,https://www.whitehouse.gov/briefing-room/statements-releases/2022/06/28/fact-sheet-biden-harris-administration-catalyzes-more-than-700-million-in-private-sector-commitments-to-make-ev-charging-more-affordable-and-accessible/
6/28/22,Siemens,Siemens eMobility,Pomona eMobility Hub,Original,Pomona,CA,EV Charging,Charging Units,Operational,,Good Evidence,"$40,000,000",100,CA35,No Evidence,$0,None,https://www.siemens.com/us/en/company/press/press-releases/usa/siemens-investing-54m-us-manufacturing-support.html
6/27/22,Forsee Power,Forsee Power,Forsee Power HQ & Manufacturing Facility,Original,Hilliard,OH,Batteries,Packs,Operational,2027,No Evidence,"$13,238,000",150,OH15,No Evidence,$0,None,https://www.jobsohio.com/news-press/forsee-power-chooses-columbus-region-for-new-battery-manufacturing
6/23/22,InoBat,InoBat,InoBat Battery Manufacturing Facility,Original,,IN,Batteries,Modules; Packs,Planned,,No Evidence,,,,No Evidence,$0,None,https://www.inobat.eu/newsroom/inobat-auto-and-ideanomics-reveal-plans-to-build-rd-and-battery-production-facilities-in-indiana-usa-supported-by-the-state-of-indiana/
6/21/22,LICAP Technologies,LICAP Technologies,LICAP Technologies Sacremento Facility #1,Original,Sacramento,CA,Batteries,Anodes; Cathodes,Operational,2023,No Evidence,,13,CA06,No Evidence,$0,None,https://www.newswire.com/news/licap-technologies-inc-awarded-2-93-million-grant-for-activated-dry-22071298
6/18/22,Clarios,Clarios,Meadowbrook Battery Manufacturing Plant,Original,Holland,MI,Batteries,Cells,Operational,,No Evidence,,85,MI04,No Evidence,$0,None,https://www.hollandsentinel.com/story/business/manufacturing/2022/06/17/clarios-battery-factory-holland-innovator-lithium-ion-production/7620411001/
6/16/22,Aleon Metals,Aleon Renewable Metals,Freeport Recycling Complex,Original,Freeport,TX,Battery Recycling,Recycling,Under Construction,,No Evidence,,,TX14,No Evidence,$0,None,https://aleonmetals.com/2022-06-16/
6/15/22,General Motors,General Motors,Global Technical Center,Original,Warren,MI,Light-Duty (Class 1-2),Vehicle Assembly,Operational,2023,Good Evidence,"$81,000,000",,,No Evidence,$0,None,https://www.reuters.com/business/autos-transportation/gm-invests-81-mln-build-cadillac-celestiq-ev-flagship-michigan-2022-06-15/
6/13/22,Bollinger Innovations,Electric Last Mile Solutions,Electric Last Mile Solutions Mishawaka EV Plant,Update,Mishawaka,IN,Light-Duty (Class 1-2),Vehicle Assembly,Canceled,2022,No Evidence,"($145,000,000)",,IN02,,$0,None,https://www.cnbc.com/2022/06/13/ev-start-up-electric-last-mile-solutions-to-declare-bankruptcy.html
6/9/22,Paccar,Kenworth,Renton Assembly Plant,Original,Renton,WA,Heavy-Duty (Class 7-8),Vehicle Assembly,Operational,2022,Good Evidence,,,WA09,No Evidence,$0,None,https://www.kenworth.com/about-us/news/king-county-s-kenworth-t680e-battery-electric-vehicle-rolls-out-of-kenworth-renton-plant/
6/2/22,Ford Motor Company,Ford,Ford Ohio Assembly Plant,Original,Sheffield,OH,Medium-Duty (Class 3-6),Vehicle Assembly,Canceled,2025,Good Evidence,"$1,500,000,000","1,800",OH05,No Evidence,$0,None,https://www.cbsnews.com/detroit/news/ford-announces-3-7-billion-investment-to-build-evs-trucks-new-mustang/
6/2/22,Ford Motor Company,Ford,Kansas City Assembly Plant,Expansion 1,Kansas City,MO,Medium-Duty (Class 3-6),Vehicle Assembly,Planned,2026,Good Evidence,"$95,000,000","1,100",MO06,No Evidence,$0,None,https://www.startlandnews.com/2022/06/ford-kansas-city-plant/
6/2/22,Ford Motor Company,Ford,Rouge Electric Vehicle Center,Expansion 2,Dearborn,MI,Light-Duty (Class 1-2),Vehicle Assembly,Operational,2023,Good Evidence,,"1,150",MI12,Good Evidence,$0,None,https://media.lincoln.com/content/fordmedia/fna/us/en/news/2022/06/02/ford-6200-new-uaw-jobs-midwest.html
5/25/22,FreeWire Technologies,FreeWire Technologies,FreeWire Manufacturing Facility,Original,Newark,CA,EV Charging,Charging Units,Operational,2022,No Evidence,"$20,000,000",200,CA17,No Evidence,$0,None,https://freewiretech.com/freewire-technologies-launches-new-global-headquarters-rd-and-manufacturing-facility-in-newark-ca/
5/24/22,Samsung,Samsung SDI,StarPlus Energy Gigafactory #1 (JV),Original,Kokomo,IN,Batteries,Cells,Operational,2025,Good Evidence,"$1,250,000,000",700,IN05,No Evidence,,Loan Programs Office (LPO),https://www.stellantis.com/en/news/press-releases/2022/may/stellantis-and-samsung-announce-battery-plant-in-kokomo
5/24/22,Stellantis,Stellantis,StarPlus Energy Gigafactory #1 (JV),Original,Kokomo,IN,Batteries,Modules,Operational,2025,Good Evidence,"$1,250,000,000",700,IN05,No Evidence,,Loan Programs Office (LPO),https://www.stellantis.com/en/news/press-releases/2022/may/stellantis-and-samsung-announce-battery-plant-in-kokomo
5/23/22,Hometown Manufacturing,Hometown Trolley,HQ and Manufacturing Facility,Original,Crandon,WI,Multiple Classes,Vehicle Assembly,Operational,2022,No Evidence,,,WI07,No Evidence,$0,None,https://hometown-mfg.com/news/2022-05/hometown-mfg-collaborates-bae-systems
5/20/22,Hyundai Motor Group,Hyundai,Metaplant Manufacturing Joint Venture (JV),Original,Savannah,GA,Multiple Classes,Vehicle Assembly,Operational,2025,No Evidence,"$1,290,000,000","5,100",GA01,No Evidence,$0,None,https://gov.georgia.gov/press-releases/2022-05-20/gov-kemp-hyundai-motor-group-invest-554-billion-georgia-first-fully
5/18/22,ATC Drivetrain,Global Battery Solutions,Global Battery Solutions,Original,Holland,MI,Battery Recycling,Recycling,Operational,,No Evidence,,,MI04,No Evidence,$0,None,https://atcdrivetrain.com/2022/05/18/atc-drivetrain-acquires-global-battery-solutions/
5/18/22,Daimler Truck,Thomas Built Buses,High Point,Original,High Point,NC,Medium-Duty (Class 3-6),Vehicle Assembly,Operational,2022,Good Evidence,"$127,000,000",,NC06,No Evidence,$0,None,https://thomasbuiltbuses.com/resources/news/thomas-built-buses-announces-shift-expansion-2022-05-18/
5/10/22,Roush Industries,Roush Industries,Roush Livonia Manufacturing Facility,Original,Livonia,MI,Medium-Duty (Class 3-6),Vehicle Assembly,Operational,2023,No Evidence,"$22,000,000",,MI12,No Evidence,$0,None,https://insideevs.com/news/584932/bollinger-signs-roush-contract-manufacturer-commercial-evs/
5/9/22,Wallbox,Wallbox,Tarrant Facility,Original,Arlington,TX,EV Charging,Charging Units,Operational,2022,No Evidence,"$70,000,000",700,TX33,No Evidence,"$5,248,910",Qualifying Advanced Energy Project Credit (48C),https://www.whitehouse.gov/briefing-room/statements-releases/2023/02/15/fact-sheet-biden-harris-administration-announces-new-standards-and-major-progress-for-a-made-in-america-national-network-of-electric-vehicle-chargers/
5/5/22,Orion SA,Orion SA,La Porte Additives Facility,Original,La Porte,TX,Batteries,Electrolytes and Electrolyte Inputs,Under Construction,2024,No Evidence,"$65,000,000",,TX36,No Evidence,$0,None,https://investor.orioncarbons.com/financial-press-releases/press-releases-details/2022/Orion-Announces-Plans-to-Build-Only-Acetylene-based-Conductive-Additives-Plant-in-U.S/default.aspx
5/5/22,SEMCORP,SEMCORP,Sidney Manufacturing Facility,Original,Sidney,OH,Batteries,Separators,Under Construction,2024,No Evidence,"$916,000,000","1,200",OH15,No Evidence,$0,None,https://www.prnewswire.com/news-releases/semcorp-to-invest-916-million-to-produce-critical-litihium-ion-battery-component-in-sidney-expanding-ohios-electric-vehicle-supply-chain-301540940.html
4/29/22,Moser Services Group,EV Charge Solutions,Genese Valley Manufacturing Facility,Original,Chili,NY,EV Charging,Charging Units,Operational,2022,No Evidence,,15,NY25,No Evidence,$0,None,https://chargedevs.com/newswire/ev-charge-solutions-opens-new-manufacturing-facility-in-chili-new-york/
4/21/22,Daejin Advanced Materials,Daejin Advanced Materials,Adrian Plant,Original,Adrian,MI,Batteries,Battery Enclosures,Planned,,No Evidence,"$12,300,000",111,MI05,No Evidence,$0,None,https://www.michiganbusiness.org/press-releases/2022/04/whitmer-announces-161-new-jobs-community-revitalization-project-se-michigan/
4/20/22,Westwater Resources,Alabama Graphite Products,Kellyton Graphite Processing Plant,Expansion 1,Kellyton,AL,Minerals,Graphite,Operational,2023,No Evidence,"$78,000,000",,AL03,No Evidence,$0,None,https://www.nsenergybusiness.com/news/westwater-resources-graphite-processing-plant-alabama/
4/19/22,Statevolt,Statevolt,Imperial Valley Gigafactory,Original,El Centro,CA,Batteries,Cells,Under Construction,2024,No Evidence,"$4,000,000,000","2,500",,No Evidence,$0,None,https://www.spglobal.com/commodityinsights/en/market-insights/latest-news/energy-transition/041922-newly-launched-statevolt-to-build-us-battery-plant-signs-lithium-deal-with-ctr
4/18/22,Bollinger Innovations,Mullen Automotive,Monrovia Manufacturing Facility,Original,Monrovia,CA,Batteries,Packs,Canceled,,No Evidence,,,CA31,No Evidence,$0,None,https://news.mullenusa.com/mullen-automotive-to-begin-construction-for-ev-battery-pack-production-at-high-voltage-rd-facility-in-monrovia-california
4/13/22,AESC,AESC,Bowling Green Plant,Original,Bowling Green,KY,Batteries,Cells,Under Construction,2027,No Evidence,"$2,000,000,000","2,000",KY02,No Evidence,$0,None,https://apnews.com/article/technology-business-kentucky-bowling-green-89f5d275e3a8a02e4790bb049bda8053
4/12/22,Hyundai Motor Group,Hyundai,Hyundai Motor Manufacturing Alabama,Original,Montgomery,AL,Light-Duty (Class 1-2),Vehicle Assembly,Operational,2023,No Evidence,"$300,000,000",200,AL07,No Evidence,$0,None,https://www.madeinalabama.com/2022/04/hyundai-to-add-first-electric-vehicles-to-alabama-production-lineup/
4/6/22,Ideanomics,WAVE,Salt Lake City Manufacturing Facility #2,Original,,UT,EV Charging,Charging Units,Operational,2022,No Evidence,,42,,No Evidence,$0,None,https://investors.ideanomics.com/2022-04-06-WAVE-to-Expand-Utah-Facility-to-Increase-Manufacturing-Capacity-for-High-Power-Wireless-Vehicle-Charging
4/5/22,Daimler Truck,Detroit Reman,Detroit Reman Hibbing Facility,Original,Hibbing,MN,Battery Recycling,Remanufacturing,Operational,2024,No Evidence,"$17,500,000",18,MN08,No Evidence,$0,None,https://www.mesabitribune.com/news/local/hibbing-electronics-plant-to-expand/article_391185aa-b474-11ec-a4a6-173aed0dec6c.html
4/4/22,American Battery Solutions,American Battery Solutions,Ovonic Way Plant,Original,Springboro,OH,Batteries,Cells,Operational,2022,No Evidence,"$82,950,000",33,OH01,No Evidence,$0,None,https://www.americanbatterysolutions.com/news-articles/american-battery-solutions-announces-re-launch-of-springboro-ohio-manufacturing-facility-with-added-capacity-to-meet-growing-lithium-ion-battery-demand
4/4/22,Graphite One,Graphite One,Lithium-Ion Battery Recycling Plant,Original,,WA,Battery Recycling,Recycling,Planned,,No Evidence,,,,No Evidence,$0,None,https://www.prnewswire.com/news-releases/graphite-one-announces-mou-with-lab-4-inc-to-design-and-build-lithium-ion-battery-recycling-plant-in-washington-state-301516401.html
3/29/22,VinGroup,VinFast,Chatham County Facility,Original,Moncure,NC,Batteries,Cells; Modules; Packs,Under Construction,,No Evidence,"$2,000,000,000","3,750",NC04,No Evidence,$0,None,https://www.commerce.nc.gov/news/press-releases/governor-cooper-announces-vinfast-automotive-selects-north-carolina-electric
3/29/22,VinGroup,VinFast,Chatham County Facility,Original,Moncure,NC,Multiple Classes,Vehicle Assembly,Under Construction,,No Evidence,"$2,000,000,000","3,750",NC04,No Evidence,$0,None,https://www.commerce.nc.gov/news/press-releases/governor-cooper-announces-vinfast-automotive-selects-north-carolina-electric
3/25/22,Anovion Technologies,Anovion Technologies,Pyrotek Spokane Facility,Original,Spokane Valley,WA,Minerals,Graphite,Operational,2022,No Evidence,,,WA05,No Evidence,$0,None,https://www.prnewswire.com/news-releases/anovion-launches-as-a-leader-in-the-north-american-battery-materials-supply-chain-bringing-proven-anode-technologies-and-over-140-years-of-history-in-synthetic-graphite-production-301510587.html
3/23/22,LG Corporation,LG Energy Solution,LG Energy Solution Arizona,Original,Queen Creek,AZ,Batteries,Cells,Under Construction,2024,No Evidence,"$1,400,000,000","1,629",AZ05,No Evidence,$0,None,https://www.reuters.com/technology/lg-plans-build-battery-factory-arizona-supply-tesla-others-sources-2022-03-23/
3/22/22,Emerald Energy Solutions,Emerald Energy Solutions,Graphex Michigan I (JV),Original,Warren,MI,Minerals,Graphite,Operational,2023,No Evidence,"$37,500,000",63,MI10,No Evidence,$0,None,https://graphexgroup.com/blog/graphex-group-announces-site-selection-for-a-graphite-processing-facility-in-warren-michigan/
3/22/22,Graphex Group,Graphex,Graphex Michigan I (JV),Original,Warren,MI,Minerals,Graphite,Under Construction,2023,No Evidence,"$37,500,000",62,MI10,No Evidence,$0,None,https://graphexgroup.com/blog/graphex-group-announces-site-selection-for-a-graphite-processing-facility-in-warren-michigan/
3/22/22,LG Corporation,LG Energy Solution,Holland Battery Factory,Expansion 1,Holland,MI,Batteries,Cells; Packs,Under Construction,2025,No Evidence,"$1,700,000,000","1,200",MI04,No Evidence,$0,None,https://news.lgensol.com/company-news/supplementary-stories/681/
3/18/22,Sparkz,Sparkz,Sparkz GigaFactory,Original,Bridgeport,WV,Batteries,Cells; Modules,Planned,,Good Evidence,,350,WV02,No Evidence,$0,None,https://sparkz.energy/sparkz-announces-manufacturing-plant/
3/15/22,Mercedes-Benz,Mercedes-Benz,Bibb County Battery Plant,Original,Tuscaloosa,AL,Batteries,Packs,Operational,2022,No Evidence,"$1,000,000,000",600,AL06,No Evidence,$0,None,https://media.mbusa.com/releases/release-f10f1fa90d1ac83cc3964fbac513e60d-mercedes-benz-ev-ramp-up-new-battery-plant-sets-stage-for-eqs-suv-production-in-the-us
3/14/22,Graphite One,Graphite One,Advanced Graphite Anode Facility,Original,,WA,Batteries,Anodes,Planned,,No Evidence,"$580,000,000",130,,No Evidence,$0,None,https://www.graphiteoneinc.com/graphite-one-announces-location-of-its-advanced-graphite-anode-facility/
2/24/22,Lightning eMotors,Lightning eMotors,HQ and Manufacturing Facility,Expansion 1,Loveland,CO,Medium-Duty (Class 3-6),Vehicle Assembly,Canceled,2025,No Evidence,,330,CO04,No Evidence,$0,None,https://lightningemotors.com/lightning-emotors-expands-manufacturing-facility-to-meet-increasing-customer-demand/
2/23/22,CelLink,CelLink,Gateway35 Manufacturing Facility,Original,Georgetown,TX,Parts,Other Electrification Components,Under Construction,,No Evidence,"$130,000,000","1,200",TX31,No Evidence,"$181,000,000",Loan Programs Office (LPO),https://georgetown.org/2022/02/23/cellink-to-open-manufacturing-site-in-georgetown/
2/23/22,Envirotech Vehicles,Envirotech Vehicles,Osceola Manufacturing Facility,Original,Osceola,AR,Medium-Duty (Class 3-6),Vehicle Assembly,Planned,2025,No Evidence,"$80,700,000",800,AR01,No Evidence,$0,None,https://evtvusa.com/news/envirotech-vehicles-announces-osceola-arkansas/
2/22/22,Arcimoto,Arcimoto,RAMP Facility,Original,Eugene,OR,Light-Duty (Class 1-2),Vehicle Assembly,Operational,2022,No Evidence,"$4,900,000",250,OR04,No Evidence,$0,None,https://www.oregonlive.com/business/2022/02/oregon-electric-vehicle-startup-arcimoto-opens-new-250000-square-foot-factory.html
2/21/22,Princeton NuEnergy,Princeton NuEnergy,Wistron Greentech’s Facility,Original,McKinney,TX,Battery Recycling,Recycling,Operational,2022,No Evidence,"$12,000,000",,TX03,No Evidence,"$10,000,000",Electric Drive Vehicle Battery Recycling and Second Life Applications,https://engineering.princeton.edu/news/2022/02/21/princeton-startup-aims-fast-track-lithium-battery-recycling
2/17/22,Aspen Aerogels,Aspen Aerogels,Aspen Aerogels Georgia,Original,Statesboro,GA,Batteries,Battery Pack Components,Canceled,2023,No Evidence,"$325,000,000",250,GA12,No Evidence,,Loan Programs Office (LPO),https://www.georgia.org/press-release/aspen-aerogels-open-advanced-manufacturing-facility-bulloch-county
2/17/22,Nissan,Nissan,Canton Factory,Original,Canton,MS,Light-Duty (Class 1-2),Vehicle Assembly,Canceled,2025,No Evidence,"$500,000,000","2,000",MS02,No Evidence,$0,None,https://www.reuters.com/business/autos-transportation/nissan-will-build-two-electric-vehicles-its-mississippi-plant-2022-02-17/
2/15/22,Syrah,Syrah,Vidalia Graphite Processing Facility,Expansion 1,Vidalia,LA,Minerals,Anode Materials,Operational,2023,No Evidence,"$176,000,000",73,LA05,No Evidence,"$102,100,000",Loan Programs Office (LPO),https://www.opportunitylouisiana.gov/led-news/news-releases/news/2022/02/15/louisiana-gains-foothold-in-ev-battery-supply-chain-with-$176-million-syrah-technologies-expansion
2/12/22,Foxlink,Foxlink,Foxlink Arizona Facility,Original,Phoenix,AZ,EV Charging,Charging Units,Operational,,No Evidence,,,AZ08,No Evidence,$0,None,https://www.foxlink.com/web/en/foxlink-announced-its-plan-to-build-and-operate-a-factory-in-the-united-stated-and-expand-investment-in-green-energy-industry/
2/11/22,Foxlink,Foxlink,Foxlink Arizona Facility,Original,Phoenix,AZ,Batteries,Modules; Packs,Operational,,No Evidence,,,AZ08,No Evidence,$0,None,https://www.foxlink.com/web/en/foxlink-announced-its-plan-to-build-and-operate-a-factory-in-the-united-stated-and-expand-investment-in-green-energy-industry/
2/8/22,Enevate,Enevate,Irvine Spectrum Manufacturing Facility,Original,Irvine,CA,Batteries,Cells,Operational,2023,No Evidence,,,CA47,No Evidence,$0,None,https://www.enevate.com/enevate-launches-significant-expansion/
2/8/22,Exicom,Tritium,Tennessee Manufacturing Facility,Original,Lebanon,TN,EV Charging,Charging Units,Operational,2022,No Evidence,,500,TN05,No Evidence,$0,None,https://tritiumcharging.com/tritium-announces-location-of-new-us-manufacturing-facility-in-tennessee/
2/6/22,Green Li-ion,Green Li-ion,Texas Recycling Facility,Original,Houston,TX,Battery Recycling,Remanufacturing,Operational,2022,No Evidence,,,TX18,No Evidence,$0,None,https://www.recyclingtoday.com/news/green-li-ion-battery-recycling-singapore-funding-mous-2022/
2/4/22,SES AI,SES AI,SES AI Corp Woburn,Original,Woburn,MA,Batteries,Cells,Operational,2023,No Evidence,,100,MA05,No Evidence,$0,None,https://www.bizjournals.com/boston/news/2022/02/04/ses-ai-corp-starts-trading.html
1/29/22,Sparkz,Sparkz,Livermore Manufacturing Plant,Original,Livermore,CA,Batteries,Cells; Modules,Operational,2022,Good Evidence,"$2,600,000",,,No Evidence,$0,None,https://www.electrive.com/2022/01/29/ca-solid-state-battery-start-up-sparkz-opens-pilot-plant/
1/27/22,DURA Automotive Systems,DURA Automotive Systems,Muscle Shoals Manufacturing Facility,Update,Muscle Shoals,AL,Batteries,Battery Enclosures,Operational,2022,No Evidence,"$16,000,000",,AL04,No Evidence,$0,None,https://www.madeinalabama.com/2022/01/mazda-toyota-manufacturing-marks-production-launch-of-mazda-cx-50/
1/27/22,Li-Cycle,Li-Cycle,Lordstown Battery Recycling Spoke,Original,Lordstown,OH,Battery Recycling,Recycling,Canceled,2023,No Evidence,,35,OH14,No Evidence,$0,None,https://businessjournaldaily.com/li-cycle-expands-partnership-with-ultium-cells/
1/25/22,General Motors,General Motors,Orion Factory,Original,Lake Orion,MI,Batteries,Packs; Modules,Operational,2025,Good Evidence,"$4,000,000,000","2,350",MI09,Good Evidence,$0,None,https://investor.gm.com/news-releases/news-release-details/gm-accelerates-its-drive-lead-ev-industry-7-billion-investment
1/25/22,LG Corporation,LG Energy Solution,LGES Lansing,Original,Lansing,MI,Batteries,Cells,Under Construction,2024,Good Evidence,"$2,600,000,000","1,700",MI07,No Evidence,"$833,333,333",Loan Programs Office (LPO),https://www.ultiumcell.com/our-locations/lansing-mi
1/25/22,Waev,GEM,Anaheim Manufacturing Facility,Original,Anaheim,CA,Light-Duty (Class 1-2),Vehicle Assembly,Operational,,No Evidence,,,CA46,No Evidence,$0,None,https://www.ocbj.com/news/weekly-news/making-waevs-anaheim/
1/21/22,General Motors,General Motors,Lockport Components,Original,Lockport,NY,Parts,EV Motors,Planned,2023,Good Evidence,"$154,000,000",230,NY24,No Evidence,$0,None,https://investor.gm.com/news-releases/news-release-details/gm-investing-nearly-154-million-western-new-york-production
1/12/22,GreenPower Motors,GreenPower Motors,West Virginia Facility,Original,South Charleston,WV,Heavy-Duty (Class 7-8),Vehicle Assembly,Operational,2022,No Evidence,"$6,700,000",900,WV01,No Evidence,$0,None,https://greenpowermotor.com/greenpower-manufacture-electric-school-buses-west-virginia/
1/5/22,Ascend Elements,Ascend Elements,Base 1,Original,Covington,GA,Battery Recycling,Recycling,Operational,2023,No Evidence,"$50,000,000",185,GA04,No Evidence,$0,None,https://ascendelements.com/battery-resourcers-to-open-north-americas-largest-lithium-ion-battery-recycling-facility-by-august/
1/5/22,Sam Dong,Sam Dong,Delaware Manufacturing Facility,Expansion 1,Delaware,OH,Parts,Other Electrification Components,Operational,2023,No Evidence,,12,OH04,No Evidence,$0,None,https://www.dispatch.com/story/news/local/communities/delaware/2022/01/05/sam-dong-ohio-delaware-gets-abatement-and-approval-construct-tower-manufacture-copper-wire/9105385002/
12/22/21,Pegasus Specialty Vehicles,Pegasus Specialty Vehicles,Ohio Remanufacturing Facility,Original,Dunkirk,OH,Medium-Duty (Class 3-6),Vehicle Assembly,Operational,2022,No Evidence,,,OH04,No Evidence,$0,None,https://stnonline.com/news/new-pegasus-bus-manufacturer-opens-ohio-plant/
12/21/21,Cummins,Cummins-Meritor,Fletcher Manufacturing Facility,Original,Fletcher,NC,Parts,Electric Axles,Operational,2021,No Evidence,,,NC11,No Evidence,$0,None,https://www.bulktransporter.com/equipment/article/21183801/meritor-to-begin-production-of-14xe-epowertrain
12/20/21,EnPower,EnPower,EnPower Battery Manufacturing Plant,Original,Indianapolis,IN,Batteries,Cells,Operational,2023,No Evidence,,49,IN07,No Evidence,$0,None,https://www.enpowerinc.com/enpower-opens-americas-newest-gigawatt-factory/
12/20/21,Li-Cycle,Li-Cycle,Rochester Hub,Original,Rochester,NY,Battery Recycling,Recycling,Canceled,2023,No Evidence,"$375,000,000",220,NY25,No Evidence,,Loan Programs Office (LPO),https://li-cycle.com/north-american-hub/
12/20/21,Volvo Group,Mack Trucks,Macungie Assembly Plant,Original,Macungie,PA,Heavy-Duty (Class 7-8),Vehicle Assembly,Operational,2021,Good Evidence,,0,PA07,No Evidence,$0,None,https://www.macktrucks.com/mack-news/2020/lehigh-valley-operations-completes-major-renovation
12/18/21,Canoo,Canoo,MegaMicro Factory,Update,Pryor,OK,Multiple Classes,Vehicle Assembly,Canceled,2023,No Evidence,"$400,000,000",,,No Evidence,$0,None,https://thedetroitbureau.com/2021/12/canoo-offers-up-new-hard-charging-forecast/
12/16/21,Rivian,Rivian,Georgia Manufacturing Plant,Original,Social Circle,GA,Light-Duty (Class 1-2),Vehicle Assembly,Under Construction,2024,No Evidence,"$5,000,000,000","7,500",GA10,Good Evidence,,Loan Programs Office (LPO),https://rivian.com/newsroom/article/rivian-to-site-second-manufacturing-plant-in-georgia
12/14/21,Cenntro Automotive,Cenntro Automotive,Jacksonville Factory,Original,Jacksonville,FL,Medium-Duty (Class 3-6),Vehicle Assembly,Operational,2023,No Evidence,"$25,000,000",34,FL04,No Evidence,$0,None,https://www.jaxdailyrecord.com/article/cenntro-automotive-chooses-jacksonville-for-first-u-s-electric-vehicle-plant
12/14/21,Volvo Group,Volvo Trucks,Powered 1 Facility,Original,Greer,SC,Batteries,Cells; Modules; Packs,Operational,2022,No Evidence,"$76,000,000",200,SC04,No Evidence,$0,None,https://www.proterra.com/press-release/proterra-sc-battery-factory/
12/9/21,Unique Electric Solutions,Unique Electric Solutions,Holbrook Repowering Manufacturing Facility,Original,Holbrook,NY,Multiple Classes,Vehicle Assembly,Operational,2021,No Evidence,,,NY02,No Evidence,$0,None,https://www.prweb.com/releases/business-growth-drives-unique-electric-solutions-ues-to-move-into-larger-facility-814096219.html
12/6/21,Arrival,Arrival,High Voltage Battery Module Assembly Plant,Original,Charlotte,NC,Batteries,Modules,Canceled,,No Evidence,"$11,500,000",150,NC14,No Evidence,$0,None,https://arrival.com/news/arrival-announces-high-voltage-battery-module-assembly-plant-in-charlotte-nc
12/6/21,Toyota Motor Company,Toyota,Toyota Battery Manufacturing North Carolina,Original,Liberty,NC,Batteries,Cells,Operational,2025,No Evidence,"$1,290,000,000","1,750",NC09,No Evidence,$0,None,https://pressroom.toyota.com/toyota-selects-north-carolina-greensboro-randolph-site-for-new-u-s-automotive-battery-plant/
11/22/21,NOVONIX,NOVONIX,Riverside Recharged,Original,Chattanooga,TN,Minerals,Graphite,Operational,2021,No Evidence,"$160,000,000",310,TN03,No Evidence,,Battery Materials Processing and Battery Manufacturing Recycling Grants; Qualifying Advanced Energy Project Credit (48C),https://www.novonixgroup.com/u-s-secretary-of-energy-and-officials-celebrate-new-novonix-facility-in-tennessee/
11/18/21,BorgWarner,BorgWarner,Cadillac Production Plant,Original,Cadillac,MI,Batteries,Battery Pack Components,Operational,2022,No Evidence,"$11,200,000",30,MI02,No Evidence,$0,None,https://www.borgwarner.com/newsroom/press-releases/2021/11/18/borgwarner-awarded-grant-to-launch-e-product-in-cadillac-michigan-plant
11/16/21,Agmet,Agmet,Agmet - Oakwood Village,Original,Oakwood Village,OH,Battery Recycling,Recycling,Operational,2021,No Evidence,,27,OH07,No Evidence,$0,None,https://www.recyclingtoday.com/news/agmet-bgl-company-sold-nickel-recycling-ev-batteries/
11/15/21,Bollinger Innovations,Mullen Automotive,Advanced Manufacturing and Engineering Center,Original,Tunica Resorts,MS,Multiple Classes,Vehicle Assembly,Operational,2023,No Evidence,,200,MS02,No Evidence,$0,None,https://news.mullenusa.com/mullen-automotive-announces-it-now-owns-tunica-mississippi-ev-assembly-plant-free-and-clear
11/15/21,Canoo,Canoo,Canoo R and D Center,Original,Bentonville,AR,Medium-Duty (Class 3-6),Vehicle Assembly,Canceled,,No Evidence,,545,AR03,No Evidence,$0,None,https://www.arkansasedc.com/news-events/newsroom/detail/2021/11/15/canoo-selects-northwest-arkansas-for-its-headquarters-r-d-center-and-ev-industrialization-facility
11/9/21,Allison Transmission,Allison Transmission,Auburn Hills Manufacturing Facility,Original,Auburn Hills,MI,Parts,Electric Axles,Operational,2021,No Evidence,,,MI11,No Evidence,$0,None,https://www.allisontransmission.com/company/news-article/2021/11/12/new-egen-power-electric-axle-production-assembly-line
11/5/21,Bender,Bender,Exton Facility,Original,Exton,PA,Parts,Power Electronics; Other Electrification Components,Operational,2021,No Evidence,,60,PA06,No Evidence,$0,None,https://patch.com/pennsylvania/te/extons-bender-brings-ev-component-manufacturing-chesco
11/4/21,Infinity Energy,Infinity Energy,Fresno Facility,Original,Fresno,CA,EV Charging,Charging Units,Operational,,No Evidence,,,CA21,No Evidence,$0,None,https://business.ca.gov/california-awards-150-million-in-tax-credits-projected-to-create-more-than-7600-jobs/
11/3/21,Alfa,Nemak,Kentucky Plant 1,Original,Glasgow,KY,Parts,EV Drive Systems,Operational,2022,No Evidence,"$27,000,000",170,KY02,No Evidence,$0,None,https://ced.ky.gov/Newsroom/NewsPage/2021113_Nemak
10/29/21,Toyota Motor Company,Toyota,Toyota Motor Manufacturing Kentucky,Original,Georgetown,KY,Light-Duty (Class 1-2),Vehicle Assembly,Planned,2025,No Evidence,"$461,000,000","1,400",KY06,No Evidence,$0,None,https://www.kentucky.gov/Pages/Activity-stream.aspx?n=GovernorBeshear&prId=1028
10/22/21,Endera,Endera,Metro Titan Bus Factory,Original,Ottawa,OH,Medium-Duty (Class 3-6),Vehicle Assembly,Operational,,No Evidence,,150,OH05,No Evidence,$0,None,https://www.limaohio.com/uncategorized/2021/10/22/mccolley-tours-ev-maker-endera/
10/20/21,Lithium Americas,Lithium Nevada,Thacker Pass (JV),Update,,NV,Minerals,Lithium,Under Construction,,No Evidence,"$505,000,000",,,No Evidence,,Loan Programs Office (LPO),https://www.mining-technology.com/projects/thacker-pass-lithium-project-nevada-usa/?cf-view
10/18/21,American Battery Solutions,American Battery Solutions,Battery Innovation Center,Original,Lake Orion,MI,Batteries,Cells,Operational,2022,No Evidence,"$82,950,000",100,MI09,No Evidence,$0,None,https://www.prnewswire.com/news-releases/american-battery-solutions-announces-adding-75-engineering-and-technology-services-jobs-and-expansion-of-its-michigan-innovation-center-301401861.html
10/8/21,Henkel,Henkel,Henkel Brandon Thermal Materials Plant,Original,Brandon,SD,Parts,Power Electronics,Operational,2023,No Evidence,"$30,000,000",20,SD,No Evidence,$0,None,https://www.henkel-northamerica.com/press/press-releases-and-kits/2021-08-10-henkel-invests-30-million-in-equipment-and-technology-at-its-manufacturing-facility-in-brandon-1375758
9/28/21,Lucid Motors,Lucid Motors,AMP-1,Expansion 1,Casa Grande,AZ,Light-Duty (Class 1-2),Vehicle Assembly,Under Construction,2028,No Evidence,"$400,000,000","4,000",AZ06,No Evidence,$0,None,https://www.azcommerce.com/news-events/news/2021/9/lucid-motors-starts-production-of-lucid-air-at-amp-1-factory-in-casa-grande/
9/27/21,Ford Motor Company,Ford,BlueOval Tennessee Truck Plant,Original,Stanton,TN,Light-Duty (Class 1-2),Vehicle Assembly,Canceled,2025,No Evidence,"$2,800,000,000","2,900",TN08,Good Evidence,"$2,300,000,000",Loan Programs Office (LPO),https://www.cnbc.com/2021/09/27/ford-battery-supplier-to-spend-11point4-billion-to-build-new-us-plants.html
9/27/21,Li-Cycle,Li-Cycle,Alabama Spoke,Original,Tuscaloosa,AL,Battery Recycling,Recycling,Canceled,2022,No Evidence,,,AL07,No Evidence,$0,None,https://www.tuscaloosanews.com/story/news/2021/09/28/battery-recycling-plant-built-tuscaloosa-industrial-park/5882091001/
9/27/21,SK,SK On,BlueOval City Tennessee,Original,Stanton,TN,Batteries,Cells; Modules; Packs,Under Construction,2025,No Evidence,"$2,800,000,000","2,900",TN08,No Evidence,"$2,300,000,000",Loan Programs Office (LPO),https://media.ford.com/content/fordmedia/fna/us/en/news/2021/09/27/ford-to-lead-americas-shift-to-electric-vehicles.html
9/23/21,Gyre9,Gyre9,Southbury Manufacturing Facility,Original,Norwalk,CT,EV Charging,Charging Units,Operational,2021,No Evidence,,125,CT05,No Evidence,$0,None,https://www.newstimes.com/business/article/With-move-to-Southbury-electric-car-charger-16482268.php
9/16/21,Ford Motor Company,Ford,Rouge Electric Vehicle Center,Expansion 1,Dearborn,MI,Light-Duty (Class 1-2),Vehicle Assembly,Operational,2022,Good Evidence,"$250,000,000",450,MI12,Good Evidence,$0,None,https://www.michigan.gov/whitmer/news/press-releases/2021/09/16/governor-whitmer-joined-ford-to-announce-450-jobs-and-250-million-investment-in-michigan-to-support
9/10/21,Dunamis Clean Energy Partners,Dunamis Charge,Detroit HQ and Manufacturing Facility,Original,Detroit,MI,EV Charging,Charging Units; Electrical Components,Operational,2022,No Evidence,,150,MI13,No Evidence,$0,None,https://csengineermag.com/michigan-manufacturer-dunamis-clean-energy-partners-launch-electric-vehicle-charger-dunamis-charge-at-2021-motor-bella-auto-show/
8/24/21,Gyre9,Gyre9,Oxford Manufacturing Facility,Original,Oxford,CT,EV Charging,Charging Units,Operational,,No Evidence,,43,CT04,No Evidence,$0,None,https://manufacturect.org/podcast/gyre9/
8/23/21,SGL Carbon,SGL Carbon,SGL Carbon LLC Morganton,Expansion 1,Morganton,NC,Minerals,Graphite,Operational,2022,No Evidence,"$10,000,000",,NC10,No Evidence,$0,None,https://www.sglcarbon.com/en/newsroom/news/press-report/sgl-carbon-invests-into-modernization-of-its-morganton-site/
8/20/21,Octillion Power Systems,Octillion Power Systems,Richmond Manufacturing Facility & HQ,Original,Richmond,CA,Batteries,Packs,Operational,2021,No Evidence,,,CA08,No Evidence,$0,None,https://octillion.us/octillion-moves-u-s-headquarters-to-richmond-calif/
8/18/21,Atom Power,Atom Power,Huntersville Facility,Original,Huntersville,NC,EV Charging,Charging Units,Operational,2022,No Evidence,,80,NC12,No Evidence,$0,None,https://www.wsoctv.com/news/local/newsmaker-atom-power-readies-plans-manufacturing-here/64XLNCS72VE6XFDVSENRN4KKFQ/
7/29/21,KORE Power,KORE Power,KOREPlex Facility,Original,Buckeye,AZ,Batteries,Cells,Canceled,2025,No Evidence,"$500,000,000",625,,No Evidence,,Loan Programs Office (LPO),https://korepower.com/media/get-ready-arizona-the-koreplex-is-landing
7/27/21,Ford Motor Company,Ford,Ion Park,Original,Romulus,MI,Batteries,Cells,Under Construction,2022,No Evidence,"$185,000,000",200,MI13,No Evidence,$0,None,https://www.detroitnews.com/story/business/2021/07/27/romulus-site-selected-ford-battery-facility-ion-park/5379885001/
7/1/21,Solid Power,Solid Power,Thornton Factory,Original,Thornton,CO,Batteries,Electrolytes and Electrolyte Inputs,Operational,2022,No Evidence,"$543,000,000",200,CO08,No Evidence,$0,Battery Materials Processing and Battery Manufacturing Recycling Grants,https://ir.solidpowerbattery.com/news-releases/news-release-details/solid-power-quadruple-production-footprint-second-denver-area
6/22/21,Westwater Resources,Alabama Graphite Products,Kellyton Graphite Processing Plant,Original,Kellyton,AL,Minerals,Graphite,Operational,2022,No Evidence,"$124,000,000",100,AL03,No Evidence,$0,None,https://governor.alabama.gov/newsroom/2021/06/gov-ivey-westwater-resources-plans-first-u-s-graphite-processing-plant-in-alabama/
6/21/21,Blink Charging,Blink Charging,SemaConnect Manufacturing Facility,Original,Bowie,MD,EV Charging,Charging Units,Operational,2022,No Evidence,,,MD05,No Evidence,$0,None,"https://blinkcharging.com/news/blink-charging-acquires-semaconnect/#:~:text=SemaConnect%E2%80%99s%20manufacturing%20facility%20in%20Maryland%20will%20allow%20Blink,vehicle%20chargers%20along%20America%E2%80%99s%20highways%20and%20in%20communities."
6/18/21,Nippon Denkai,Denkai,Kershaw County Manufacturing Facility,Original,Camden,SC,Minerals,Anode Materials,Canceled,,No Evidence,"$14,000,000",90,SC05,No Evidence,$0,None,https://governor.sc.gov/news/2021-06/denkai-america-inc-expanding-operations-kershaw-county
6/17/21,Canoo,Canoo,MegaMicro Factory,Original,Pryor,OK,Multiple Classes,Vehicle Assembly,Canceled,2023,No Evidence,,"2,000",,No Evidence,$0,None,https://techcrunch.com/2021/06/17/canoo-to-build-its-first-electric-vehicle-factory-in-oklahoma/
6/16/21,Geely,Volvo Cars,South Carolina Car Factory,Expansion 1,Ridgeville,SC,Light-Duty (Class 1-2),Vehicle Assembly,Operational,2023,No Evidence,"$118,000,000",,SC01,No Evidence,$0,None,https://www.media.volvocars.com/us/en-us/media/pressreleases/283096/volvo-cars-expands-us-electrified-vehicle-production-in-south-carolina-with-new-118-million-investme
6/16/21,Huntsman,Huntsman,Conroe Plant,Original,Conroe,TX,Batteries,Electrolytes and Electrolyte Inputs,Operational,2023,No Evidence,"$3,800,000",175,TX08,No Evidence,$0,None,https://www.nrel.gov/transportation/li-ion-battery-supply-chain-database.html
6/15/21,Alkegen,Alkegen,New Carlisle Anode Materials Facility,Original,New Carlisle,IN,Minerals,Anode Materials,Operational,2023,No Evidence,"$13,000,000",74,IN02,No Evidence,$0,None,https://sifab.com/2021/06/15/unifrax-announces-sifab-manufacturing-line/
6/15/21,Cable Car Classics,Cable Car Classics,HQ and Manufacturing Facility,Original,Healdsburg,CA,Heavy-Duty (Class 7-8),Vehicle Assembly,Operational,,No Evidence,,,CA02,No Evidence,$0,None,http://www.cablecarclassics.com/contact-us.html
6/11/21,Xos Trucks,Xos Trucks,Los Angeles HQ & Manufacturing Facility,Original,Los Angeles,CA,Batteries,Packs,Operational,2021,No Evidence,,,CA34,No Evidence,$0,None,https://www.forbes.com/sites/alanohnsman/2021/06/17/xos-plots-multibillion-dollar-future-in-unsexy-electric-work-trucks/?sh=1203552d3cc9
6/10/21,Vicinity,Vicinity,Whatcom County Assembly Facility,Original,Ferndale,WA,Multiple Classes,Vehicle Assembly,Operational,2022,No Evidence,"$22,000,000",,WA02,No Evidence,$0,None,https://whatcom-news.com/electric-bus-manufacturer-to-build-assembly-facility-in-ferndale_133861/
6/9/21,Phoenix Motorcars,Phoenix Motorcars,Phoenix Motorcars,Original,Ontario,CA,Heavy-Duty (Class 7-8),Vehicle Assembly,Operational,2021,No Evidence,,,CA35,No Evidence,$0,None,https://www.spigroups.com/phoenix-motorcars-builds-historic-third-generation-electric-products-at-ca-facility/
6/4/21,ATC Drivetrain,ATC Drivetrain,Transmission Plant,Original,Oklahoma City,OK,Battery Recycling,Recycling,Operational,2022,No Evidence,,,OK05,No Evidence,$0,None,https://atcdrivetrain.com/about/locations/oklahoma-city/
5/26/21,SEA Electric,SEA Electric,SEA Electric Engineering Center,Original,Grimes,IA,Heavy-Duty (Class 7-8),Vehicle Assembly,Operational,,No Evidence,,,IA03,No Evidence,$0,None,https://www.sea-electric.com/increased-global-management-team-and-strong-showing-at-brisbane-truck-show/
5/20/21,Duckyang,Duckyang,Braselton Manufacturing Facility,Original,Braselton,GA,Batteries,Modules,Operational,,No Evidence,"$10,000,000",285,GA10,No Evidence,$0,None,https://apnews.com/article/technology-government-and-politics-business-fb17de22764deba996497000d472897d
5/18/21,Ampcera,Ampcera,Tucson Facility,Original,Tucson,AZ,Batteries,Electrolytes and Electrolyte Inputs,Planned,2025,No Evidence,,,AZ07,No Evidence,$0,None,https://www.prnewswire.com/news-releases/ampcera-announces-scaling-production-of-its-engineered-solid-state-electrolytes-301293895.html
5/7/21,Lion Electric,Lion Electric,Joliet Facility,Original,Channahon,IL,Heavy-Duty (Class 7-8),Vehicle Assembly,Canceled,2023,No Evidence,"$70,000,000","1,400",IL01,No Evidence,$0,None,https://www.prnewswire.com/news-releases/lion-electric-announces-us-manufacturing-facility-in-illinois-the-largest-all-electric-medium-and-heavy-duty-vehicles-plant-in-the-us-301286604.html
4/29/21,Toyota Motor Company,Toyota,Toyota Motor Manufacturing Indiana,Original,Princeton,IN,Light-Duty (Class 1-2),Vehicle Assembly,Canceled,2023,No Evidence,"$803,000,000","1,400",IN08,No Evidence,$0,None,https://pressroom.toyota.com/toyota-indiana-welcomes-two-all-new-vehicles-to-line-up/
4/16/21,General Motors,General Motors,Ultium Cells Spring Hill (JV),Original,Spring Hill,TN,Batteries,Cells,Operational,2024,Good Evidence,"$1,150,000,000",650,TN05,No Evidence,"$208,333,333",Loan Programs Office (LPO),https://www.ultiumcell.com/our-locations/spring-hill-tn
4/16/21,LG Corporation,LG Energy Solution,Ultium Cells Spring Hill (JV),Original,Spring Hill,TN,Batteries,Cathodes,Operational,2024,Good Evidence,"$1,150,000,000",650,TN05,No Evidence,"$208,333,333",Loan Programs Office (LPO),https://www.ultiumcell.com/our-locations/spring-hill-tn
4/15/21,Danfoss,Danfoss Power Solutions,Eden Prairie Hydraulics Facility,Original,Eden Prairie,MN,Parts,Power Electronics,Operational,,Good Evidence,,,MN03,No Evidence,$0,None,https://www.danfoss.com/en-us/about-danfoss/our-businesses/power-solutions/
4/15/21,Danfoss,Danfoss Power Solutions,Longmont Facility,Original,Longmont,CO,Parts,EV Motors; EV Drive Systems,Operational,,No Evidence,,,CO08,No Evidence,$0,None,https://www.danfoss.com/en-us/about-danfoss/our-businesses/power-solutions/
4/14/21,American Battery Technology Company,American Battery Technology Company,Fernley Pilot Plant,Original,Fernley,NV,Battery Recycling,Recycling; Lithium Hydroxide,Operational,2023,No Evidence,,30,NV02,No Evidence,"$29,575,274",Electric Drive Vehicle Battery Recycling and Second Life Applications; Qualifying Advanced Energy Project Credit (48C),https://americanbatterytechnology.com/work-progressing-at-fernley-lithium-ion-battery-recycling-plant/
4/14/21,Li-Cycle,Li-Cycle,Arizona Spoke,Original,Gilbert,AZ,Battery Recycling,Recycling,Canceled,2022,No Evidence,,50,AZ05,No Evidence,$0,None,https://www.azcommerce.com/news-events/news/2021/4/li-cycle-to-build-new-lithium-ion-battery-recycling-facility-in-arizona/
4/13/21,EnerG2,Group14,BAM Factory,Original,Woodinville,WA,Minerals,Anode Materials,Operational,2021,No Evidence,,,WA01,No Evidence,$0,None,https://www.prnewswire.com/news-releases/group14-technologies-launches-commercial-manufacturing-factory-to-onshore-domestic-battery-supply-chain-301267417.html
4/4/21,Bollinger Innovations,Electric Last Mile Solutions,Electric Last Mile Solutions Mishawaka EV Plant,Original,Mishawaka,IN,Light-Duty (Class 1-2),Vehicle Assembly,Canceled,2021,No Evidence,"$145,000,000",,IN02,,$0,None,https://www.wvpe.org/indiana-news/2021-04-04/electric-last-mile-solutions-to-make-electric-vehicles-at-former-hummer-plant-in-mishawaka
3/30/21,Mercedes-Benz,Mercedes-Benz,North Charleston,Original,Ladson,SC,Medium-Duty (Class 3-6),Vehicle Assembly,Operational,2023,No Evidence,"$58,585,000",,SC06,No Evidence,$0,None,https://media.daimler.com/marsMediaSite/en/instance/ko.xhtml?oid=49444949&ls=L2VuL2luc3RhbmNlL2tvLnhodG1sP29pZD00ODM2MjU4JnJlbElkPTYwODI5JmZyb21PaWQ9NDgzNjI1OCZyZXN1bHRJbmZvVHlwZUlkPTQwNjI2JnZpZXdUeXBlPXRodW1icyZmcm9tSW5mb1R5cGVJZD00MTAxMg!!&rs=0
3/17/21,Arrival,Arrival,Charlotte Microfactory,Original,Charlotte,NC,Multiple Classes,Vehicle Assembly,Canceled,2024,No Evidence,"$41,200,000",250,NC14,No Evidence,$0,None,https://arrival.com/news/Arrival-Announces-New-Microfactory-Producing-Electric-Delivery-Vans-in-Charlotte
2/23/21,Magna International,Magna International,Magna Electric Vehicle Structures,Original,St. Clair,MI,Batteries,Battery Enclosures,Operational,2023,No Evidence,"$70,100,000",300,MI09,No Evidence,$0,None,https://www.michigan.gov/whitmer/news/press-releases/2021/02/23/whitmer-magnas-investment-in-st--clair-creating-more-than-300-jobs-strengthening-michigan-as-leader
2/10/21,Microvast,Microvast,Clarksville Manufacturing Facility,Original,Clarksville,TN,Batteries,Cells; Modules,Under Construction,2023,No Evidence,"$220,000,000",287,TN07,No Evidence,$0,None,https://www.tn.gov/ecd/news/2021/2/10/governor-lee--commissioner-rolfe-announce-microvast-to-establish-manufacturing-facility-in-clarksville.html
2/2/21,Tesla,Tesla,Tesla Kato Road Pilot Battery Facility,Original,Fremont,CA,Batteries,Cells,Operational,2021,No Evidence,,,CA17,No Evidence,$0,None,https://insideevs.com/news/485347/musk-tesla-4680-cell-pilot-plant-top-capacity/
1/25/21,Evergreen Environmental,Evergreen Environmental,Evergreen Environmental,Original,Rocky River,OH,Battery Recycling,Recycling,Operational,2022,No Evidence,,,OH07,No Evidence,$0,None,https://www.evergreenbatteryrecycling.com/
1/14/21,Hitachi Group,Hitachi Automotive Systems Americas,Berea Motor Plant,Expansion 1,Berea,KY,Parts,EV Motors,Operational,2023,No Evidence,,200,KY06,No Evidence,$0,None,"https://ced.ky.gov/Newsroom/NewsPage/20210114_hitachi#:~:text=Electric%20motor%20production%20could%20begin,to%20approximately%20200%20in%202023."
1/5/21,Ideanomics,WAVE,Salt Lake City Manufacturing Facility & HQ,Original,Salt Lake City,UT,EV Charging,Charging Units,Operational,2021,No Evidence,,40,UT02,No Evidence,$0,None,https://www.prnewswire.com/news-releases/ideanomics-signs-a-definitive-agreement-to-acquire-utah-based-wireless-charging-provider-wave-301200784.html
1/1/21,Blue Bird,Blue Bird,Electric Vehicle Build-up Center,Original,Fort Valley,GA,Heavy-Duty (Class 7-8),Vehicle Assembly,Operational,2023,Good Evidence,"$4,400,000",,GA02,No Evidence,$0,None,https://www.blue-bird.com/careers/our-locations/fort-valley-georgia-manufacturing
1/1/21,Interco,Interco,Madison Recycling Facility,Original,Madison,IL,Battery Recycling,Recycling,Operational,,No Evidence,,,IL13,No Evidence,$0,None,https://intercotradingco.com/recycling-ev-batteries/
1/1/21,Volkswagen Group,Navistar,Tulsa Bus Plant,Original,Tulsa,OK,Medium-Duty (Class 3-6),Vehicle Assembly,Operational,2021,Good Evidence,,,OK01,No Evidence,$0,None,https://traton.com/en/innovation-hub/electric-school-buses-from-navistar.html
12/18/20,CATL,CATL,Contemporary Amperex Technology Kentucky Facility,Original,Glasgow,KY,Batteries,Packs,Canceled,2020,No Evidence,"$97,700,000",350,KY02,No Evidence,,,https://www.bgdailynews.com/2020/12/18/international-battery-maker-purchases-glasgow-facility/
12/10/20,Volvo Group,Proterra Powered,LA Factory,Original,City of Industry,CA,Heavy-Duty (Class 7-8),Vehicle Assembly,Canceled,2022,Good Evidence,,300,CA38,No Evidence,$0,None,https://www.assemblymag.com/articles/96060-proterra-opens-battery-assembly-line-in-southern-california
12/2/20,Li-Cycle,Li-Cycle,New York Spoke Recycling Facility,Original,Rochester,NY,Battery Recycling,Recycling,Canceled,2020,No Evidence,,35,NY25,No Evidence,$0,None,https://li-cycle.com/news/li-cycle-announces-commercial-lithium-ion-battery-recycling-plant-now-operational-in-rochester-new-york/
12/1/20,Lucid Motors,Lucid Motors,AMP-1,Update,Casa Grande,AZ,Light-Duty (Class 1-2),Vehicle Assembly,Operational,2021,No Evidence,,,AZ06,No Evidence,$0,None,https://www.azcentral.com/story/money/business/energy/2020/12/01/lucid-motors-factory-az-completed-manufacturing-begin-2021/6407567002/
11/19/20,Magnis Energy Technologies,Imperium3NY,Huron Campus Gigafactory,Update,Endicott,NY,Batteries,Cells,Canceled,2022,No Evidence,,-40,NY19,No Evidence,$0,None,https://www.pressconnects.com/story/news/local/2020/11/19/endicott-lithium-ion-battery-factory-back-track-executives-say/3765701001/
11/10/20,Ford Motor Company,Ford,Kansas City Assembly Plant,Original,Kansas City,MO,Medium-Duty (Class 3-6),Vehicle Assembly,Operational,2021,Good Evidence,"$100,000,000",150,MO06,No Evidence,$0,None,https://www.freep.com/story/money/cars/ford/2020/11/10/ford-kansas-city-e-transit-van/6231720002/
11/10/20,Ford Motor Company,Ford,Rouge Electric Vehicle Center,Original,Dearborn,MI,Light-Duty (Class 1-2),Vehicle Assembly,Operational,2021,Good Evidence,"$700,000,000",500,MI12,Good Evidence,$0,None,https://www.freep.com/story/money/cars/ford/2020/11/10/ford-kansas-city-e-transit-van/6231720002/
11/10/20,Ford Motor Company,Ford,Van Dyke Electric Powertrain Center,Original,Sterling Heights,MI,Parts,EV Motors; Electric Axles,Operational,2021,Good Evidence,"$150,000,000",225,MI10,No Evidence,$0,None,https://www.freep.com/story/money/cars/ford/2020/11/10/ford-kansas-city-e-transit-van/6231720002/
10/20/20,BEAM,BEAM,San Diego Factory & HQ,Original,San Diego,CA,EV Charging,Charging Units,Operational,,No Evidence,,,CA51,No Evidence,$0,None,https://beamforall.com/
10/20/20,General Motors,General Motors,Spring Hill Manufacturing,Original,Spring Hill,TN,Light-Duty (Class 1-2),Vehicle Assembly,Operational,2022,Good Evidence,"$2,000,000,000",,TN05,Good Evidence,$0,None,https://news.gm.com/newsroom.detail.html/Pages/news/us/en/2020/oct/1020-event.html
10/13/20,Arrival,Arrival,Rock Hill Microfactory,Original,Rock Hill,SC,Multiple Classes,Vehicle Assembly,Canceled,,No Evidence,"$46,000,000",240,SC05,No Evidence,$0,None,https://arrival.com/news/arrival-to-build-its-first-us-electric-vehicle-microfactory-in-york-county-south-carolina
9/30/20,Ford Motor Company,Ford,Louisville Assembly Plant,Original,Louisville,KY,Light-Duty (Class 1-2),Vehicle Assembly,Operational,2020,Good Evidence,,,KY03,Good Evidence,$0,None,https://fordauthority.com/2020/09/ford-escape-phev-production-dates-revealed/
9/9/20,Volkswagen Group,IC Bus,NEXT eMobility,Original,Rochester Hills,MI,Heavy-Duty (Class 7-8),Vehicle Assembly,Planned,,No Evidence,"$4,170,000",50,MI10,No Evidence,$0,None,https://www.michiganbusiness.org/press-releases/2020/09/navistar-establishes-emobility-center-in-rochester-hills-further-extending-states-leadership-in-design-and-production-of-autonomous-and-electric-vehicles/
8/25/20,DURA Automotive Systems,DURA Automotive Systems,Muscle Shoals Manufacturing Facility,Original,Muscle Shoals,AL,Batteries,Battery Enclosures,Operational,2022,No Evidence,"$59,000,000",270,AL04,No Evidence,$0,None,https://governor.alabama.gov/newsroom/2020/08/gov-ivey-dura-automotive-systems-to-produce-ev-battery-trays-at-alabama-facility-creating-279-jobs-in-muscle-shoals/
8/19/20,Halocarbon,Halocarbon,North Augusta Manufacturing Plant,Original,Beech Island,SC,Batteries,Electrolytes and Electrolyte Inputs,Operational,,No Evidence,,,SC02,No Evidence,$0,None,https://halocarbon.com/the-future-of-electric-vehicles-higher-performing-lithium-ion-battery/
7/23/20,Nikola Motors,Nikola Motors,Coolidge Multi-Product Factory 4.0,Expansion 1,Coolidge,AZ,Heavy-Duty (Class 7-8),Vehicle Assembly,Canceled,2023,No Evidence,"$600,000,000","1,800",AZ02,No Evidence,$0,None,"https://www.nikolamotor.com/press_releases/nikola-corporation-celebrates-the-customer-launch-of-serial-production-in-coolidge-arizona-163/#:~:text=The%20facility%20is%20capable%20of,to%2010%2C000%20trucks%20per%20year"
7/23/20,Nikola Motors,Nikola Motors,Coolidge Multi-Product Factory 4.0,Expansion 2,Coolidge,AZ,Heavy-Duty (Class 7-8),Vehicle Assembly,Canceled,2024,No Evidence,,,AZ02,No Evidence,$0,None,https://www.prnewswire.com/news-releases/nikola-corporation-breaks-ground-on-coolidge-multi-product-factory-4-0-manufacturing-facility-301098901.html
7/22/20,Tesla,Tesla,Gigafactory 5,Original,Austin,TX,Multiple Classes,Vehicle Assembly,Operational,2022,No Evidence,"$1,100,000,000","5,000",TX35,Good Evidence,$0,None,https://www.rgj.com/story/news/2020/07/22/tesla-austin-factory-location-earnings-call/5490790002/
6/25/20,SK,SK On,Commerce Battery Plant,Expansion 1,Commerce,GA,Batteries,Cells; Modules; Packs,Operational,2023,No Evidence,"$940,000,000","1,000",GA10,No Evidence,$0,None,https://gov.georgia.gov/press-releases/2020-06-25/sk-innovation-invest-another-940-million-jackson-county-expansion-create
5/18/20,Capstone Green Energy,Capstone Green Energy,Corporate HQ and Manufacturing Facility,Original,Van Nuys,CA,EV Charging,Electrical Components,Operational,,No Evidence,,,CA29,No Evidence,$0,None,https://www.capstoneturbine.com/
4/16/20,Murata Power Solutions,Calex Manufacturing,Concord Manufacturing Facility,Original,Concord,CA,Parts,Power Electronics,Operational,,No Evidence,,,CA10,No Evidence,$0,None,https://www.prnewswire.com/news-releases/calex-announces-ruggedized-3kw-bi-directional-dc-dc-converter-for-automotive-e-mobility-and-battery-applications-301041704.html
3/31/20,Enovix,Enovix,Fremont Production Facility,Original,Fremont,CA,Batteries,Cells; Packs,Operational,2021,No Evidence,,,CA17,No Evidence,$0,None,https://www.prnewswire.com/news-releases/enovix-secures-45-million-from-investors-and-customers-to-produce-and-commercialize-its-3d-silicon-lithium-ion-battery-301032372.html
2/18/20,EVBox,EVBox,Innovation Park Facility,Original,Libertyville,IL,EV Charging,Charging Units,Canceled,2020,No Evidence,,100,IL10,No Evidence,$0,None,"https://news.evbox.com/en-WW/186164-evbox-announces-the-lease-of-north-american-headquarters-and-production-facility-outside-chicago-il#:~:text=Libertyville%2C%20February%2018%2C%202020%E2%80%94,40%20miles%20north%20of%20Chicago."
2/10/20,Rivian,Rivian,Normal Factory,Original,Normal,IL,Multiple Classes,Vehicle Assembly,Operational,2021,No Evidence,"$2,500,000,000","6,000",IL17,Good Evidence,$0,None,https://www.washingtonpost.com/us-policy/2022/09/12/auto-industry-electric-car-ev-revolution
2/4/20,Enphase Energy,ClipperCreek,Auburn Facility,Original,Auburn,CA,EV Charging,Charging Units,Operational,,No Evidence,,30,CA03,No Evidence,$0,None,https://clippercreek.com/clippercreek-milestone/
2/1/20,Workhorse,Workhorse,Motiv Stockton Plant,Original,Stockton,CA,Medium-Duty (Class 3-6),Vehicle Assembly,Operational,2020,No Evidence,,,CA09,No Evidence,$0,None,https://www.worktruckonline.com/351256/motiv-opens-3rd-california-facility
1/29/20,BorgWarner,BorgWarner,Kokomo Production Plant,Original,Kokomo,IN,Parts,Power Electronics,Operational,,No Evidence,,,IN05,No Evidence,$0,None,https://www.kokomotribune.com/news/local_news/auto-experts-optimistic-about-borgwarner-acquiring-kokomos-delphi-facility/article_86a99298-42e9-11ea-b3b3-6b163989f082.html
1/27/20,General Motors,General Motors,Factory ZERO Detroit-Hamtramck Assembly Center,Original,Detroit,MI,Light-Duty (Class 1-2),Vehicle Assembly,Operational,2021,Good Evidence,"$2,200,000,000","2,200",MI13,No Evidence,$0,None,https://www.fox2detroit.com/news/gm-investing-2-2-billion-in-detroit-hamtramck-plant-creating-2200-jobs
1/23/20,Xos Trucks,Xos Trucks,Fitzgerald Tennessee Manufacturing Facility,Original,Byrdstown,TN,Multiple Classes,Vehicle Assembly,Operational,2020,No Evidence,,300,TN06,No Evidence,$0,None,https://www.businessfleet.com/349446/how-a-fleet-operator-builds-an-electric-truck
1/22/20,Enchem,Enchem,US Headquarters and Electrolyte Manufacturing Plant,Original,Commerce,GA,Batteries,Electrolytes and Electrolyte Inputs,Operational,2021,No Evidence,"$30,675,000",150,GA10,No Evidence,$0,None,https://gov.georgia.gov/press-releases/2020-01-22/enchem-build-two-facilities-jackson-county-create-300-jobs
1/15/20,Geely,Volvo Cars,South Carolina Car Factory,Original,Ridgeville,SC,Batteries,Packs,Operational,2023,No Evidence,"$300,000,000",750,SC01,No Evidence,$0,None,"https://www.assemblymag.com/articles/95410-volvo-building-us-battery-assembly-plant#:~:text=RIDGEVILLE%2C%20SC%20%E2%80%94%20Volvo%20will%20build,line%20and%20Volvo%20Car%20University."
1/13/20,Geely,Volvo Cars,South Carolina Car Factory,Original,Ridgeville,SC,Light-Duty (Class 1-2),Vehicle Assembly,Operational,2023,No Evidence,"$300,000,000",750,SC01,No Evidence,$0,None,"https://www.assemblymag.com/articles/95410-volvo-building-us-battery-assembly-plant#:~:text=RIDGEVILLE%2C%20SC%20%E2%80%94%20Volvo%20will%20build,line%20and%20Volvo%20Car%20University."
1/1/20,Stellantis,Stellantis,Toledo Assembly North Complex,Original,Toledo,OH,Light-Duty (Class 1-2),Vehicle Assembly,Operational,2020,Good Evidence,"$160,000,000",100,OH09,Good Evidence,$0,None,https://www.toledoblade.com/business/development/2019/12/04/fiat-chrysler-invest-285-million-into-toledo-plants-uaw-new-jobs-expected/stories/20191204133
12/13/19,Xerion,Xerion,Dayton Cell Production Facility,Original,Vandalia,OH,Batteries,Cells; Packs,Planned,,No Evidence,,,OH10,No Evidence,$0,None,https://www.daytondailynews.com/business/battery-maker-plans-21m-investment-vandalia-plant/IUA02IZGPUBy1m3pKZUUeM/
12/9/19,Nu Ride,Lordstown Motors,Lordstown Assembly,Original,Lordstown,OH,Light-Duty (Class 1-2),Vehicle Assembly,Canceled,2022,No Evidence,"$40,000,000",450,OH14,No Evidence,$0,None,https://www.freep.com/story/money/cars/general-motors/2019/12/09/gm-lordstown-loan-buy-back-option/2629106001/
12/9/19,Nu Ride,Lordstown Motors,Lordstown Assembly,Update,Lordstown,OH,Light-Duty (Class 1-2),Vehicle Assembly,Canceled,2022,No Evidence,"($40,000,000)",-450,OH14,No Evidence,$0,None,https://investor.lordstownmotors.com/news-releases/news-release-details/lordstown-motors-announces-strategic-restructuring-process
12/5/19,General Motors,General Motors,Ultium Cells Warren (JV),Original,Lordstown,OH,Batteries,Cells,Operational,2022,Good Evidence,"$1,150,000,000",550,OH14,No Evidence,"$416,666,667",Loan Programs Office (LPO),https://governor.ohio.gov/media/news-and-media/dewine-husted-announce-1100-jobs-coming-to-northeast-ohio
12/5/19,LG Corporation,LG Energy Solution,Ultium Cells Warren (JV),Original,Lordstown,OH,Batteries,Cells,Operational,2022,Good Evidence,"$1,150,000,000",550,OH14,No Evidence,"$416,666,667",Loan Programs Office (LPO),https://governor.ohio.gov/media/news-and-media/dewine-husted-announce-1100-jobs-coming-to-northeast-ohio
11/13/19,Volkswagen Group,Volkswagen,Chattanooga Plant,Original,Chattanooga,TN,Light-Duty (Class 1-2),Vehicle Assembly,Operational,2022,Good Evidence,"$800,000,000","1,000",TN03,Good Evidence,$0,None,https://media.vw.com/en-us/releases/1227
10/29/19,Rio Tinto,Arcadium Lithium,Bessemer City Manufacturing Plant,Original,Bessemer City,NC,Minerals,Lithium,Operational,2022,No Evidence,"$18,000,000",270,NC10,No Evidence,$0,None,https://ir.arcadiumlithium.com/investors/news/news-details/2019/Livent-Hosts-Groundbreaking-Ceremony-for-Construction-of-Additional-Lithium-Hydroxide-Production-Facilities-in-Bessemer-City-North-Carolina-10-29-2019/
10/27/19,Dana,Dana,Columbia Facility,Original,Columbia,MO,Parts,Power Electronics,Operational,,Good Evidence,,,MO03,No Evidence,$0,None,https://www.dana.com/contact/locations/
10/27/19,Dana,Dana,Fort Wayne Facility,Original,Fort Wayne,IN,Parts,Power Electronics,Operational,,Good Evidence,,,IN03,No Evidence,$0,None,https://www.dana.com/contact/locations/
10/27/19,Dana,Dana,Global HQ,Original,Maumee,OH,Parts,Power Electronics,Operational,,No Evidence,,,OH09,No Evidence,$0,None,https://www.dana.com/contact/locations/
10/27/19,Dana,Dana,Robinson Facility,Original,Robinson,IL,Parts,Power Electronics,Operational,,Some Evidence,,,IL12,No Evidence,$0,None,https://www.dana.com/contact/locations/
10/27/19,Dana,Dana,Sterling Facility,Original,Sterling,IL,Parts,Power Electronics,Operational,,Good Evidence,,,IL17,No Evidence,$0,None,https://www.dana.com/contact/locations/
10/16/19,Workhorse,Workhorse,Motiv Detroit Manufacturing Plant,Original,Novi,MI,Heavy-Duty (Class 7-8),Vehicle Assembly,Operational,,No Evidence,,,MI06,No Evidence,$0,None,https://www.motivps.com/news/californias-motiv-power-systems-secures-60m-investment-to-establish-detroit-operations/
10/14/19,Volvo Group,Nova Bus,Nova Bus Plattsburgh Plant,Original,Plattsburgh,NY,Heavy-Duty (Class 7-8),Vehicle Assembly,Canceled,2022,No Evidence,,,NY21,No Evidence,$0,None,https://www.prnewswire.com/news-releases/nova-bus-introduces-the-lfse-a-new-long-range-electric-bus-with-dual-charging-options-300937821.html
9/25/19,Lithium Americas,Lithium Nevada,Thacker Pass (JV),Original,,NV,Minerals,Lithium,Under Construction,,No Evidence,"$25,000,000",,,No Evidence,,Loan Programs Office (LPO),https://www.globenewswire.com/news-release/2019/09/25/1920483/0/en/Lithium-Americas-Provides-Update-on-the-Thacker-Pass-Lithium-Project.html
9/20/19,Exicom,Tritium,E-Mobility Innovation Center,Original,Torrance,CA,EV Charging,Charging Units,Operational,2019,No Evidence,,25,CA44,No Evidence,$0,None,https://tritiumcharging.com/tritium-opens-facility-in-los-angeles/
9/19/19,Volkswagen Group,Navistar,San Antonio Manufacturing Plant,Original,San Antonio,TX,Multiple Classes,Vehicle Assembly,Operational,2022,No Evidence,,,TX28,No Evidence,$0,None,https://news.navistar.com/2022-03-23-Navistar-Celebrates-Grand-Opening-of-its-Benchmark-San-Antonio-Manufacturing-Plant
7/26/19,BMW Group,BMW,Plant Spartanburg,Original,Greer,SC,Batteries,Cells; Modules; Packs,Operational,2019,No Evidence,"$10,000,000",172,SC04,No Evidence,$0,None,https://www.thedetroitbureau.com/2019/07/bmw-drops-10m-to-double-battery-capacity-at-sc-plant/
7/26/19,BMW Group,BMW,Plant Spartanburg,Original,Greer,SC,Light-Duty (Class 1-2),Vehicle Assembly,Operational,2019,No Evidence,"$10,000,000",172,SC04,No Evidence,$0,None,https://www.thedetroitbureau.com/2019/07/bmw-drops-10m-to-double-battery-capacity-at-sc-plant/
7/8/19,Mersen,Mersen,Graftech Graphite Production Facility,Original,Columbia,TN,Minerals,Graphite,Operational,2023,Good Evidence,"$33,600,000",,TN05,No Evidence,$0,None,https://www.mersen.us/news/mersen-acquisition-specialty-graphite-production-capacity
6/28/19,Volvo Group,Volvo Trucks,New River Valley Manufacturing Plant,Original,Dublin,VA,Heavy-Duty (Class 7-8),Vehicle Assembly,Operational,2021,Good Evidence,,,VA09,No Evidence,$0,None,https://www.governor.virginia.gov/newsroom/all-releases/2019/june/headline-841326-en.html
6/25/19,BorgWarner,BorgWarner,Gigafactory 2,Original,Hazel Park,MI,Batteries,Modules,Canceled,2021,No Evidence,"$40,000,000",224,MI11,No Evidence,$0,None,https://www.michiganbusiness.org/press-releases/2019/06/business-expansions-community-revitalization-projects-around-michigan-attract-$235-million-in-investment-support-creation-of-554-jobs/
6/24/19,Ford Motor Company,Ford,Chicago Assembly Plant,Original,Chicago,IL,Light-Duty (Class 1-2),Vehicle Assembly,Operational,2019,Good Evidence,,,IL02,No Evidence,$0,None,https://corporate.ford.com/operations/locations/global-plants/chicago-assembly-plant.html
5/31/19,BMZ,BMZ,BMZ USA,Original,Virginia Beach,VA,Batteries,Packs,Operational,2019,No Evidence,"$3,000,000",50,VA02,No Evidence,$0,None,https://www.electrive.com/2019/05/31/usa-new-headquarters-for-bmz-in-virginia-beach/
5/17/19,Cummins,Cummins,Cummins Columbus Engine Plant,Original,Columbus,IN,Parts,Electric Powertrains,Operational,2021,Good Evidence,"$30,000,000",75,IN06,No Evidence,,Domestic Manufacturing Conversion Grant Program,https://www.therepublic.com/2019/05/17/electrifying_news_cummins_chooses_city_as_hq_for_new_business_segment/
5/16/19,Tesla,Tesla,Gigafactory 2,Original,Buffalo,NY,EV Charging,Charging Units,Operational,,No Evidence,,,NY26,No Evidence,$0,None,https://www.cnet.com/roadshow/news/tesla-buffalo-gigafactory-supercharger-v3-energy-storage/
4/24/19,Daimler Truck,Western Star,Portland Truck Manufacturing Plant,Original,Portland,OR,Heavy-Duty (Class 7-8),Vehicle Assembly,Operational,2021,Good Evidence,,,OR03,No Evidence,$0,None,https://www.oregonlive.com/business/2019/04/daimler-will-convert-portland-factory-to-make-electric-trucks.html
4/23/19,Allison Transmission,Allison Transmission,Oshkosh Facility,Original,Oshkosh,WI,Parts,Electric Axles,Operational,2019,Good Evidence,,,WI06,No Evidence,$0,None,https://www.prnewswire.com/news-releases/axletech-sells-electric-vehicle-systems-group-to-allison-transmission-300836011.html
4/15/19,Piedmont Lithium,Piedmont Lithium,Carolina Lithium Project,Original,Cherryville Township,NC,Minerals,Lithium,Planned,2027,No Evidence,"$340,000,000",72,,No Evidence,$0,None,https://www.gastongazette.com/story/business/economy/2019/04/15/company-wants-to-mine-for-lithium-in-gaston/5432564007/
3/20/19,Ford Motor Company,Ford,Flat Rock Assembly Plant,Original,Flat Rock,MI,Light-Duty (Class 1-2),Vehicle Assembly,Planned,2023,Good Evidence,,900,MI06,No Evidence,$0,None,https://www.freep.com/story/money/cars/ford/2019/03/20/ford-electric-car-900-jobs-detroit/3221558002/
3/18/19,Graphite One,Graphite One,Graphite Creek Processing Plant,Original,,AK,Minerals,Graphite,Under Construction,,No Evidence,,,AK,No Evidence,$0,None,https://www.graphiteoneinc.com/graphite-one-drills-16-3-metres-of-11-93-graphite-at-graphite-creek-project-alaska/
2/26/19,Stellantis,Stellantis,Detroit Assembly Complex - Mack Plant,Original,Detroit,MI,Light-Duty (Class 1-2),Vehicle Assembly,Operational,2020,Good Evidence,,,MI13,Good Evidence,$0,None,https://media.fcanorthamerica.com/newsrelease.do?id=20661&mid=1
2/19/19,BorgWarner,Cascadia Motion,Main Facility,Original,Wilsonville,OR,Parts,EV Motors,Operational,,No Evidence,,,OR06,No Evidence,$0,None,http://www.cascadiamotion.com/contact
1/16/19,Knorr-Bremse Group,Kiepe Electric,Georgia Facility,Original,Alpharetta,GA,Parts,EV Drive Systems,Operational,,No Evidence,,,GA06,No Evidence,$0,None,https://www.electrive.com/2019/01/16/kiepe-installs-imc-systems-on-15-electric-buses-in-ohio/
1/1/19,Siemens,Siemens eMobility,Wendell Facility,Original,Raleigh,NC,EV Charging,Charging Units,Operational,2019,No Evidence,,167,NC02,No Evidence,$0,None,https://new.siemens.com/us/en/company/press/press-releases/smart-infrastructure/siemens-advances-north-carolinas-electric-transit-efforts.html
12/18/18,General Motors,General Motors,Brownstown Battery,Update,Brownstown,MI,Batteries,Packs,Operational,2018,Good Evidence,,-50,MI06,No Evidence,$0,None,https://www.detroitnews.com/story/business/autos/general-motors/2018/12/18/gm-laying-off-50-workers-brownstown-plant/2354625002/
12/3/18,SK,SK On,Commerce Battery Plant,Original,Commerce,GA,Batteries,Cells; Modules; Packs,Operational,2022,No Evidence,"$1,670,000,000","2,000",GA10,No Evidence,$0,None,https://www.businesswire.com/news/home/20181203005133/en/SK-Innovation-Announces-New-Battery-Manufacturing-Plant-in-Georgia
11/30/18,GreenPower Motors,GreenPower Motors,California Facility,Original,Porterville,CA,Multiple Classes,Vehicle Assembly,Operational,2019,No Evidence,,,CA22,No Evidence,$0,None,https://greenpowermotor.com/
11/30/18,NFI Group,New Flyer,Anniston Facility,Original,Anniston,AL,Heavy-Duty (Class 7-8),Vehicle Assembly,Operational,2019,Good Evidence,"$25,000,000",,AL03,No Evidence,$0,None,https://www.al.com/business/2018/11/new-flyer-opens-25-million-plant-expansion-in-anniston.html
11/27/18,Samsung,Samsung SDI,Auburn Hills Battery Manufacturing Factory #1,Original,Auburn Hills,MI,Batteries,Modules,Operational,2018,No Evidence,"$62,700,000",461,MI11,No Evidence,$0,None,https://www.freep.com/story/news/local/michigan/oakland/2018/11/27/samsung-build-electric-vehicle-battery-pack-factory/2131635002/
10/23/18,Controlled Thermal Resources,Controlled Thermal Resources,Hell's Kitchen Lithium and Power Project,Original,,CA,Minerals,Lithium,Under Construction,2025,No Evidence,"$900,000,000",470,,No Evidence,$0,None,https://www.cthermal.com/latest-news/ctr-announce-18b-lithium-geothermal-project
8/29/18,Nikola Motors,Nikola Motors,Coolidge Multi-Product Factory 4.0,Original,Coolidge,AZ,Heavy-Duty (Class 7-8),Vehicle Assembly,Canceled,2022,No Evidence,,,AZ02,No Evidence,$0,None,https://www.prnewswire.com/news-releases/nikola-corporation-breaks-ground-on-coolidge-multi-product-factory-4-0-manufacturing-facility-301098901.html
8/16/18,Stellantis,Stellantis,Toledo Machining Plant,Original,Toledo,OH,Parts,Power Electronics,Operational,2020,Good Evidence,"$5,000,000",25,OH09,No Evidence,$0,None,https://media.stellantisnorthamerica.com/newsrelease.do?id=20153&mid=18
8/3/18,Longboard Capital Advisors,Fixx Energy,Nissan Battery Plant,Expansion 1,Smyrna,TN,Batteries,Cells,Operational,2018,No Evidence,,50,TN04,No Evidence,$0,None,https://www.commercialappeal.com/story/money/2018/08/03/nissan-envision-group-take-control-smyrna-battery-plant/897768002/
7/2/18,Innogy,BTC Power,Santa Ana Facility & HQ,Original,Santa Ana,CA,EV Charging,Charging Units,Operational,,No Evidence,,48,CA46,No Evidence,$0,None,https://btcpower.com/about/
4/30/18,Syrah,Syrah,Vidalia Graphite Processing Facility,Original,Vidalia,LA,Minerals,Anode Materials,Operational,2018,No Evidence,"$25,000,000",25,LA05,No Evidence,$0,None,https://www.theadvocate.com/baton_rouge/news/business/vidalia-site-selected-for-25-million-25-job-graphite-processing-facility-from-syrah-resources/article_4abb263a-4c81-11e8-9291-3f5406c5d6c1.html
10/20/17,DRÄXLMAIER,DRÄXLMAIER,Livermore Manufacturing Facility,Original,Livermore,CA,Parts,Other Electrification Components,Operational,2017,No Evidence,,,,No Evidence,$0,None,https://www.draexlmaier.com/en/news/detail/new-plant-in-livermore
10/17/17,Exxon Mobil,Superior Graphite,Hopkinsville Graphite Plant,Original,Hopkinsville,KY,Minerals,Graphite,Operational,,No Evidence,,,KY01,No Evidence,$0,None,https://www.prnewswire.com/news-releases/superior-graphite-expansion-and-groundbreaking-ceremony-announcement-300538237.html
10/10/17,NFI Group,New Flyer,Crookston Facility,Original,Crookston,MN,Heavy-Duty (Class 7-8),Vehicle Assembly,Operational,2017,Good Evidence,,,MN07,No Evidence,$0,None,https://www.powerofmn.com/stories/building-better-buses/
10/10/17,NFI Group,New Flyer,St. Cloud Facility,Original,St Cloud,MN,Heavy-Duty (Class 7-8),Vehicle Assembly,Operational,2017,Good Evidence,,,MN06,No Evidence,$0,None,https://www.powerofmn.com/stories/building-better-buses/
10/9/17,BYD,BYD,Lancaster Factory,Expansion 1,Lancaster,CA,Heavy-Duty (Class 7-8),Vehicle Assembly,Operational,2022,Good Evidence,"$53,000,000","1,200",CA27,No Evidence,$0,None,https://ngtnews.com/byd-cuts-ribbon-expanded-electric-bus-factory-california
10/4/17,Magnis Energy Technologies,Imperium3NY,Huron Campus Gigafactory,Original,Endicott,NY,Batteries,Cells,Canceled,2019,No Evidence,"$70,000,000",115,NY19,No Evidence,$0,None,https://spectrumlocalnews.com/nys/binghamton/news/2017/10/04/new-energy-to-old-ibm-campus
9/21/17,Mercedes-Benz,Mercedes-Benz,Tuscaloosa County Plant,Original,Vance,AL,Light-Duty (Class 1-2),Vehicle Assembly,Operational,2022,No Evidence,"$1,000,000,000",600,AL07,No Evidence,$0,None,https://www.madeinalabama.com/2017/09/mercedes-to-launch-electric-vehicle-production-in-1b-alabama-project/
9/19/17,Solero Technologies,Solero Technologies,Water Valley Facility,Original,Water Valley,MS,Parts,Power Electronics,Operational,,No Evidence,,,MS01,No Evidence,$0,None,https://www.solerotechnologies.com/who-we-are/locations/
8/6/17,Faraday Future,Faraday Future,FF ieFactory California,Original,Hanford,CA,Light-Duty (Class 1-2),Vehicle Assembly,Operational,2023,No Evidence,"$14,000,000",350,CA22,No Evidence,$0,None,https://www.theverge.com/2017/8/6/16102758/faraday-future-new-factory-hanford-california
6/28/17,Independent Protection Company,Turtle Top,HQ and Manufacturing Facility,Original,New Paris,IN,Medium-Duty (Class 3-6),Vehicle Assembly,Operational,,No Evidence,,,IN02,No Evidence,$0,None,http://www.turtletop.com/
5/15/17,Gillig,Gillig,Livermore Production Plant and HQ,Original,Livermore,CA,Heavy-Duty (Class 7-8),Vehicle Assembly,Operational,2017,Good Evidence,,,,No Evidence,$0,None,https://www.gillig.com/post/gillig-announces-plan-to-move-to-livermore-ca
4/19/17,Hanwha,Hanwha,Opelika Manufacturing Facility,Original,Opelika,AL,Batteries,Battery Enclosures,Operational,,No Evidence,,100,AL03,No Evidence,$0,None,https://www.wtvm.com/story/35188072/opelika-announces-expansion-of-hanwha-advanced-materials/
4/15/17,Black Diamond Structures,Black Diamond Structures,Black Diamond Austin Manufacturing Plant,Original,Austin,TX,Batteries,Electrolytes and Electrolyte Inputs,Operational,,No Evidence,,,TX21,No Evidence,$0,None,https://chargedevs.com/newswire/black-diamond-structures-opens-new-battery-testing-facility/
4/4/17,Wanxiang,A123 Systems,Novi HQ and Manufacturing Plant,Original,Novi,MI,Batteries,Cells,Operational,2018,No Evidence,,,MI06,No Evidence,,None,https://www.hometownlife.com/story/news/local/novi/2017/04/04/a123-systems-moving-headquarters-novi/99991684/
1/28/17,AIMS Power,AIMS Power,Reno Facility,Original,Reno,NV,Parts,Power Electronics,Operational,,No Evidence,,,NV02,No Evidence,$0,None,http://www.aimscorp.net/
1/1/17,GlobalTech Environmental,GlobalTech Environmental,Fox Lake Facility,Original,Fox Lake,WI,Battery Recycling,Recycling,Operational,2017,No Evidence,,,WI06,No Evidence,$0,None,https://www.globaltechenvironmental.com/
1/1/17,Lightning eMotors,Lightning eMotors,HQ and Manufacturing Facility,Original,Loveland,CO,Parts,Electric Powertrains,Canceled,2022,No Evidence,,,CO04,No Evidence,$0,None,https://lightningemotors.com/broncos/
12/31/16,Alencon Systems,Alencon Systems,Hatboro Manufacturing Facility,Original,Hatboro,PA,Parts,Power Electronics,Operational,2017,No Evidence,,,PA04,No Evidence,$0,None,https://pv-magazine-usa.com/2016/12/31/alencon-systems-begins-shipping-spot-v4-dc-dc-optimizer/
11/29/16,Lucid Motors,Lucid Motors,AMP-1,Original,Casa Grande,AZ,Light-Duty (Class 1-2),Vehicle Assembly,Operational,2018,No Evidence,"$300,000,000","2,000",AZ06,No Evidence,$0,None,https://www.azcommerce.com/news-events/news/2016/11/lucid-motors-announces-casa-grande-electric-car-manufacturing-facility/
10/7/16,Tesla,Tesla,Tesla Fremont Factory,Original,Fremont,CA,Light-Duty (Class 1-2),Vehicle Assembly,Operational,2018,No Evidence,"$4,100,000,000","10,000",CA17,Good Evidence,"$155,000,000",Loan Programs Office (LPO),https://www.cnbc.com/2016/10/11/this-is-what-teslas-expanded-fremont-factory-will-look-like.html
10/7/16,Tesla,Tesla,Tesla Fremont Factory,Update,Fremont,CA,Light-Duty (Class 1-2),Vehicle Assembly,Operational,2018,No Evidence,,,CA17,Good Evidence,"$155,000,000",Loan Programs Office (LPO),https://electrek.co/2016/10/07/tesla-master-plan-double-size-of-fremont-factory-to-support-model-3-plans/
6/7/16,Cyber Switching,Cyber Switching,San Jose Facility,Original,San Jose,CA,EV Charging,Charging Units,Operational,2016,No Evidence,,15,CA17,No Evidence,$0,None,https://www.prnewswire.com/news-releases/cyber-switching-solutions-shocks-the-electric-vehicle-charging-market-300279574.html
5/29/16,Tesla,Tesla,Gigafactory Nevada,Original,Sparks,NV,Batteries,Packs,Operational,2016,No Evidence,"$1,550,000,000","2,631",NV02,No Evidence,$0,None,https://digitalassets.tesla.com/tesla-contents/image/upload/Tesla-Gigafactory-Nevada-Economic-Impact-Analysis
5/29/16,Tesla,Tesla,Gigafactory Nevada,Original,Sparks,NV,Parts,EV Drive Units,Operational,2016,No Evidence,"$3,100,000,000","5,262",NV02,No Evidence,$0,None,https://digitalassets.tesla.com/tesla-contents/image/upload/Tesla-Gigafactory-Nevada-Economic-Impact-Analysis
3/1/16,Complete Coach Works,Complete Coach Works,Corporate HQ,Original,Riverside,CA,Parts,Power Electronics,Operational,,No Evidence,,,CA39,No Evidence,$0,None,http://completecoach.com/
2/1/16,Sensata,Sensata,Attleboro Facility,Original,Attleboro,MA,Parts,Power Electronics; Other Electrification Components,Operational,2016,No Evidence,,,MA04,No Evidence,$0,None,https://www.sensata.com/
1/20/16,Forest River,Starcraft Bus,Goshen Bus Manufacturing Facility,Original,Goshen,IN,Medium-Duty (Class 3-6),Vehicle Assembly,Operational,2016,No Evidence,,,IN02,No Evidence,$0,None,https://www.prnewswire.com/news-releases/motiv-power-systems-and-creative-bus-sales-partner-to-build-a-zero-emission-all-electric-school-bus-300206843.html
1/1/16,Metals Recovery Holdings,INMETCO,INMETCO,Original,Ellwood City,PA,Battery Recycling,Recycling,Operational,2016,Good Evidence,,,PA16,No Evidence,$0,None,https://calepa.ca.gov/climate/lithium-ion-car-battery-recycling-advisory-group-meeting-materials-11-4-19-background
8/25/15,Toyota Motor Company,Denso,DENSO Manufacturing Tennessee,Original,Marysville,TN,Parts,Other Electrification Components,Operational,2017,No Evidence,,,TN02,No Evidence,$0,None,https://www.prnewswire.com/news-releases/denso-in-maryville-tennessee-to-invest-400-million-and-hire-500-300133245.html
8/12/15,Wanxiang,Karma Automotive,Moreno Valley Manufacturing Plant,Original,Moreno Valley,CA,Light-Duty (Class 1-2),Vehicle Assembly,Operational,2016,No Evidence,"$30,000,000",100,CA39,No Evidence,$0,None,https://www.motortrend.com/news/fisker-signs-lease-on-southern-california-manufacturing-plant/
7/2/15,Odyne Systems,Odyne Systems,HQ and Manufacturing Facility,Original,Pewaukee,WI,Parts,EV Drive Systems,Operational,2015,No Evidence,,,WI05,No Evidence,$0,None,https://archive.jsonline.com/business/odyne-systems-tapping-into-demand-for-lower-emission-trucks-b99529967z1-311648151.html
5/27/15,Workhorse,Workhorse,Motiv Hayward Plant,Original,Hayward,CA,Medium-Duty (Class 3-6),Vehicle Assembly,Operational,2015,No Evidence,"$8,100,000",20,,No Evidence,$0,None,https://www.prnewswire.com/news-releases/motiv-power-systems-wins-81-million-and-opens-manufacturing-facility-to-meet-all-electric-truck-and-bus-demand-300089217.html
3/24/15,Freudenberg,Xalt Energy,Xalt Energy Battery Park,Original,Midland,MI,Batteries,Modules; Packs,Canceled,2016,No Evidence,"$600,000,000",300,MI08,No Evidence,$0,None,"https://www.mlive.com/business/mid-michigan/2015/03/xalt_energy_enters_1_billion_l.html#:~:text=To%20date%2C%20XALT%20has%20invested,News%2FThe%20Bay%20City%20Times."
10/21/14,Mitsubishi,Mitsubishi Electric,Maysville Facility,Original,Maysville,KY,Parts,Other Electrification Components,Operational,,No Evidence,,,KY04,No Evidence,$0,None,http://www.meaa-mea.com/
10/6/14,Lundin Mining,Lundin Mining,Humboldt Mill,Original,Champion,MI,Minerals,Nickel,Operational,2014,No Evidence,"$280,000,000",,MI01,No Evidence,$0,None,https://lundinmining.com/news/lundin-mining-announces-agreement-to-purchase-free-122591/
1/1/14,Cox Automotive,Spiers New Technologies,Spiers New Technologies,Original,Oklahoma City,OK,Battery Recycling,Recycling,Operational,2014,No Evidence,,,OK04,No Evidence,$0,None,https://oklahoma.gov/ocast/about-ocast/news/snt-8-13-20.html
10/29/13,BYD,BYD,Lancaster Factory,Original,Lancaster,CA,Heavy-Duty (Class 7-8),Vehicle Assembly,Operational,2013,Good Evidence,,,CA27,No Evidence,$0,None,https://www.nytimes.com/2013/10/30/automobiles/from-china-to-los-angeles-taking-the-electric-bus.html
6/3/13,Coda,Coda,Coda Benica Plant,Update,Benicia,CA,Light-Duty (Class 1-2),Vehicle Assembly,Canceled,2013,No Evidence,"($200,000,000)",-50,CA08,No Evidence,,None,https://www.pressdemocrat.com/2013/06/03/much-heralded-benicia-electric-car-assembly-plant-closes/
11/26/12,Morimura Group,Wells Vehicle Electronics,HQ and Manufacturing Facility,Original,Fond du Lac,WI,Parts,Other Electrification Components,Operational,,Good Evidence,,,WI06,No Evidence,$0,None,https://businessfacilities.com/wells-to-consolidate-locations-expand-in-fond-du-lac-wi/
11/13/12,BASF,BASF,Elyria Lithium-ion Battery Material Manufacturing Plant,Original,Elyria,OH,Batteries,Cathodes,Operational,2012,Some Evidence,"$50,000,000",25,OH05,No Evidence,$0,None,https://www.basf.com/ru/ru/media/news-releases/2012/11/p-12-226.html
10/17/12,Wanxiang,A123 Systems,Livonia Factory,Update,Livonia,MI,Batteries,Cells,Canceled,2012,No Evidence,"($600,000,000)","-5,000",MI12,No Evidence,"($249,000,000)",Loan Programs Office (LPO),https://www.nytimes.com/2012/10/17/business/battery-maker-a123-systems-files-for-bankruptcy.html
3/28/12,Trans Tech,Trans Tech,Warwick Manufacturing Facility,Original,Warwick,NY,Medium-Duty (Class 3-6),Vehicle Assembly,Operational,2012,No Evidence,,,NY18,No Evidence,$0,None,https://www.warwickadvertiser.com/news/local-news/warwick-firm-assembles-first-zero-emissions-type-a-electric-school-bus-FXWA20120328120329950
2/7/12,Fisker,Fisker,Delaware Factory,Update,Wilmington,DE,Light-Duty (Class 1-2),Vehicle Assembly,Canceled,2012,Good Evidence,"($359,400,000)","-2,000",DE,No Evidence,"($359,400,000)",Loan Programs Office (LPO),https://www.bloomberg.com/news/articles/2012-02-06/fisker-s-delaware-project-delayed-after-u-s-cuts-off-loan
1/27/12,Ener1,EnerDel,Indianapolis Facility,Update,Indianapolis,IN,Batteries,Cells,Canceled,2012,No Evidence,"($237,000,000)","-1,400",IN05,No Evidence,"($118,500,000)",American Rescue and Recovery Act,https://abc7ny.com/archive/8521501/
1/12/12,Andromeda Power,Andromeda Power,California Manufacturing Facility,Original,Long Beach,CA,EV Charging,Charging Units,Operational,2012,No Evidence,,,CA42,No Evidence,$0,None,http://www.andromedapower.com/advanced-form-factor-neutral-electric-vehicle-charger/
12/1/11,Sam Dong,Sam Dong,Rogersville 2 Manufacturing Facility,Original,Rogersville,TN,Parts,Other Electrification Components,Operational,2014,No Evidence,"$1,400,000",43,TN01,No Evidence,$0,None,https://www.tn.gov/news/2011/12/1/sam-dong-to-open-second-facility-in-rogersville.html
11/12/11,Coda,Coda,Coda Benica Plant,Original,Benicia,CA,Light-Duty (Class 1-2),Vehicle Assembly,Canceled,2012,No Evidence,"$200,000,000",50,CA08,No Evidence,,None,https://abc7news.com/archive/8351723/
10/17/11,Hitachi Group,Hitachi Automotive Systems Americas,Mercer County Plant,Original,Harrodsburg,KY,Batteries,Packs,Operational,2012,No Evidence,"$12,000,000",60,KY06,No Evidence,$0,None,https://www.tradeandindustrydev.com/region/kentucky/news/ky-gov-beshear-announces-hitachi-automotive-5778
8/30/11,Hitachi Group,Hitachi Automotive Systems Americas,Berea Motor Plant,Original,Berea,KY,Parts,EV Motors,Operational,2012,No Evidence,"$74,500,000",130,KY06,No Evidence,$0,None,https://www.weku.org/business-and-the-economy/2011-08-30/2nd-hitachi-plant-announced-for-berea
6/9/11,Ford Motor Company,Ford,Rawsonville Plant,Expansion 1,Ypsilanti,MI,Batteries,Packs,Operational,2012,Good Evidence,,85,MI06,No Evidence,$0,None,https://www.prnewswire.com/news-releases/ford-to-triple-production-capacity-of-electrified-vehicles-in-north-america-by-2013-led-by-c-max-hybrid-c-max-energi-123556369.html
2/1/11,YAGEO,KEMET Electronics Corporation,Mauldin Plant,Original,Simpsonville,SC,Parts,Power Electronics,Operational,2011,No Evidence,,110,SC04,No Evidence,$0,None,https://www.energy.gov/eere/vehicles/articles/dc-bus-capacitor-manufacturing-facility-electric-drive-vehicles-2
1/26/11,Longboard Capital Advisors,Fixx Energy,Nissan Battery Plant,Original,Smyrna,TN,Batteries,Cells,Operational,2012,No Evidence,,350,TN04,No Evidence,$0,None,https://www.nrel.gov/transportation/li-ion-battery-supply-chain-database.html
11/5/10,LG Corporation,LG Energy Solution,Holland Battery Factory,Original,Holland,MI,Batteries,Cells; Packs,Operational,2012,No Evidence,"$303,000,000","1,300",MI04,No Evidence,$0,None,https://www.michigan.gov/formergovernors/recent/granholm/press-releases/2010/11/05/lg-chem-plans-to-establish-new-electrolyte-production-plant-in-holland-bolstering-michigans
9/13/10,Wanxiang,A123 Systems,Livonia Factory,Original,Livonia,MI,Batteries,Cells,Canceled,2012,No Evidence,"$600,000,000","5,000",MI12,No Evidence,"$249,000,000",Loan Programs Office (LPO),https://www.mlive.com/svengustafson/2009/04/new_a123_plant_in_livonia_will.html
6/23/10,Toshiba,TIC Automotive Systems,Houston Facility,Original,Houston,TX,Parts,EV Motors,Operational,2011,No Evidence,,,TX38,No Evidence,$0,None,https://www.toshiba.com/tic/
5/27/10,Nissan,Nissan,Smyrna Vehicle Assembly Plant,Original,Smyrna,TN,Light-Duty (Class 1-2),Vehicle Assembly,Operational,2012,No Evidence,"$1,700,000,000","1,300",TN04,Good Evidence,"$725,000,000",Loan Programs Office (LPO),https://www.reliableplant.com/Read/24773/Nissan-battery-plant-Tennessee
5/26/10,Ford Motor Company,Ford,Rawsonville Plant,Original,Ypsilanti,MI,Batteries,Packs,Operational,2012,Good Evidence,"$10,000,000",40,MI06,No Evidence,$0,None,https://www.theengineer.co.uk/content/news/ford-makes-electric-investment/
4/20/10,"BASF, Toda Kogyo",BASF TODA Battery Materials,Toda America Battle Creek Manufacturing Plant,Original,Battle Creek,MI,Minerals,Lithium,Operational,2011,No Evidence,"$70,000,000",55,MI04,No Evidence,$0,None,https://www.reliableplant.com/Read/24109/Toda-America-battery-plant
2/1/10,Ener1,EnerDel,Indianapolis Facility,Original,Indianapolis,IN,Batteries,Cells,Canceled,,No Evidence,"$237,000,000","1,400",IN05,No Evidence,"$118,500,000",American Rescue and Recovery Act,https://cen.acs.org/articles/88/i5/EnerDel-Build-Indiana-Battery-Plant.html
1/20/10,Asahi Kasei Company,Celgard,Concord Manufacturing Facility,Original,Concord,NC,Batteries,Separators,Operational,2012,No Evidence,,,NC12,No Evidence,$0,None,https://www.commerce.nc.gov/news/press-releases/celgard-add-289-jobs-invest-91-million
1/1/10,Phoenix Motorcars,Phoenix Motorcars,Greenville Assembly Facility,Original,Greenville,SC,Heavy-Duty (Class 7-8),Vehicle Assembly,Operational,2010,No Evidence,,,SC04,No Evidence,$0,None,https://www.greenville.com/news/proterra0210.html
10/26/09,Fisker,Fisker,Delaware Factory,Original,Wilmington,DE,Light-Duty (Class 1-2),Vehicle Assembly,Canceled,2012,Good Evidence,"$359,400,000","2,000",DE,No Evidence,"$359,400,000",Loan Programs Office (LPO),https://www.autoweek.com/news/a2016701/fisker-buy-former-gm-solsticesky-plant-delaware-18-million/
8/13/09,General Motors,General Motors,Brownstown Battery,Original,Brownstown,MI,Batteries,Packs,Operational,2010,Good Evidence,"$82,300,000",423,MI06,No Evidence,$0,None,https://www.michiganbusiness.org/press-releases/2009/08/lt.-governor-cherry-hails-gm-advanced-battery-facility-location-in-brownstown-twp/
7/28/09,Vanner,Vanner,HQ and Manufacturing Facility,Original,Hilliard,OH,Parts,Power Electronics; Other Electrification Components,Operational,,Some Evidence,,,OH15,No Evidence,$0,None,http://www.vanner.com/
5/26/09,Asahi Kasei Company,Celgard,Charlotte Manufacturing Facility,Original,Charlotte,NC,Batteries,Separators,Operational,2010,No Evidence,"$135,000,000",,NC14,No Evidence,$0,None,https://www.greencarcongress.com/2009/05/celgard-doe-20090527.html
1/20/09,Vantage Vehicle,Vantage Vehicle,Corona Manufacturing Facility and HQ,Original,Corona,CA,Light-Duty (Class 1-2),Vehicle Assembly,Operational,2009,No Evidence,,,CA41,No Evidence,$0,None,https://www.greenfleetmagazine.com/120996/vantage-vehicle-international-launches-its-line-of-neighborhood-all-electric-utility-trucks-and-vans
1/1/09,Sam Dong,Sam Dong,Delaware Manufacturing Facility,Original,Delaware,OH,Parts,Other Electrification Components,Operational,2009,No Evidence,,56,OH04,No Evidence,$0,None,https://samdong.com/us/company/intro.do
9/17/07,Sam Dong,Sam Dong,Rogersville Manufacturing Facility,Original,Rogersville,TN,Parts,Other Electrification Components,Operational,2008,No Evidence,,50,TN01,No Evidence,$0,None,https://www.timesnews.net/news/local-news/south-korean-company-buys-rogersville-plant/article_f79f41dd-cc79-5de3-8100-b6374b547dc7.html
,American Lithium Energy,American Lithium Energy,ALE HQ and Manufacturing Facility,Original,Carlsbad,CA,Batteries,Cells,Operational,,No Evidence,,75,CA49,No Evidence,$0,None,https://www.americanlithiumenergy.com/about-1
,Battery M.D.,Battery M.D.,Battery M.D.,Original,McClellan Park,CA,Battery Recycling,Recycling,Operational,,No Evidence,,,CA06,No Evidence,$0,None,http://www.batterymd.com/about.html
,Chargetek,Chargetek,California Manufacturing Facility,Original,Ventura,CA,Parts,Other Electrification Components,Operational,,No Evidence,,,CA24,No Evidence,$0,None,http://www.chargetek.com/
,ChargeTronix,ChargeTronix,Costa Mesa Manufacturing Facility,Original,Costa Mesa,CA,EV Charging,Charging Units,Operational,,No Evidence,,,CA47,No Evidence,$0,None,https://www.chargetronix.com/
,Cirba Solutions,Cirba Solutions,Baltimore Facility,Original,Baltimore,OH,Battery Recycling,Recycling,Operational,,No Evidence,,,OH12,No Evidence,$0,None,https://www.autonews.com/mobility-report-newsletter/battery-recycler-cirba-solutions-plans-expand-preparation-evs
,Cirba Solutions,Cirba Solutions,Brea Facility,Original,Anaheim,CA,Battery Recycling,Recycling,Operational,,No Evidence,,,CA46,No Evidence,$0,None,https://www.autonews.com/mobility-report-newsletter/battery-recycler-cirba-solutions-plans-expand-preparation-evs
,Complete Coach Works,Complete Coach Works,Northern California Facility,Original,Alameda,CA,Parts,EV Drive Systems,Operational,,No Evidence,,,CA12,No Evidence,$0,None,http://completecoach.com/
,Curtiss-Wright Corporation,Arens Controls Company,Arlington Heights Facility,Original,Arlington Heights,IL,Parts,Power Electronics,Operational,,Good Evidence,,,IL05,No Evidence,$0,None,https://www.cw-industrialgroup.com
,Cygnus,Cygnus,HQ and Manufacturing Facility,Original,Paterson,NJ,Parts,Power Electronics,Operational,,No Evidence,,,NJ09,No Evidence,$0,None,https://www.cygnusnj.com
,Daikin,Daikin,Battery Manufacturing Campus,Original,Decatur,AL,Batteries,Electrolytes and Electrolyte Inputs,Operational,,No Evidence,,,AL05,No Evidence,$0,None,https://daikin-america.com/automotive/
,Daimler Truck,DMR Electronics,Hibbing Facility,Original,Hibbing,MN,Parts,Power Electronics,Operational,,No Evidence,,,MN08,No Evidence,$0,None,https://northamerica.daimlertruck.com/PressDetail/detroit-reman-plant-in-hibbing-mn-2023-05-11
,Electro Technik Industries,Advanced Conversion,Vermont Office,Original,Barre,VT,Parts,Power Electronics,Operational,,No Evidence,,,VT,No Evidence,$0,None,https://advanced-conversion.com/about/
,Ideanomics,US Hybrid,California Manufacturing Facility,Original,Downey,CA,Parts,Electric Powertrains,Operational,,No Evidence,,,CA42,No Evidence,$0,None,http://www.ushybrid.com/
,Ideanomics,US Hybrid,Connecticut Manufacturing Facility,Original,South Windsor,CT,Parts,Electric Powertrains,Operational,,No Evidence,,,CT01,No Evidence,$0,None,http://www.ushybrid.com/
,Ideanomics,US Hybrid,Hawaii Manufacturing Facility,Original,Kunia,HI,Parts,Electric Powertrains,Operational,,No Evidence,,,HI02,No Evidence,$0,None,http://www.ushybrid.com/
,Interstate Batteries,Interstate Batteries,Interstate Batteries,Original,Dallas,TX,Battery Recycling,Recycling,Operational,,No Evidence,,,TX32,No Evidence,$0,None,https://www.interstatebatteries.com/recycling#
,IT Asset Partners,IT Asset Partners,IT Asset Partners,Original,Chatsworth,CA,Battery Recycling,Recycling,Operational,,No Evidence,,,CA32,No Evidence,$0,None,https://www.goitap.com/
,Kimball Electronics,Kimball Electronics,Kimball Electronics - Jasper (KEJ),Original,Jasper,IN,Parts,Other Electrification Components,Operational,,No Evidence,,,IN08,No Evidence,$0,None,https://www.kimballelectronics.com/global-facilities/jasper-indiana
,Kongsberg Automotive,Kongsberg Automotive,Suffield Plant,Original,Suffield,CT,Parts,Power Electronics,Operational,,No Evidence,,,CT02,No Evidence,$0,None,https://www.kongsbergautomotive.com/contact-us/north-and-south-america/suffield/
,Manzanita Micro,Manzanita Micro,HQ and Manufacturing Facility,Original,Kingston,WA,EV Charging,Charging Units,Operational,,No Evidence,,,WA06,No Evidence,$0,None,http://www.manzanitamicro.com/
,Mersen,Mersen,St Marys Graphite,Original,St Marys,PA,Minerals,Graphite,Operational,,No Evidence,,,PA15,No Evidence,$0,None,https://www.mersen.us/group/mersen-usa
,Myers EV,Myers EV,HQ and Manufacturing Facility,Original,Tallmadge,OH,Light-Duty (Class 1-2),Vehicle Assembly,Operational,,No Evidence,,,OH13,No Evidence,$0,None,https://myersev.com/
,Nidec,Nidec Motor,Mena Facility,Original,Mena,AR,Parts,EV Motors,Operational,,No Evidence,,,AR04,No Evidence,$0,None,https://acim.nidec.com/motors/usmotors/about-us/about-our-mena-facility
,Nidec,Nidec Motor,Paragould Facility,Original,Paragould,AR,Parts,EV Motors,Operational,,No Evidence,,,AR01,No Evidence,$0,None,https://www.nidec.com/en/corporate/network/factory/motor_paragould_p/
,Nidec,Nidec Motor,Princeton Facility,Original,Princeton,IN,Parts,EV Motors,Operational,,No Evidence,,,IN08,No Evidence,$0,None,https://www.nidec.com/en/corporate/network/factory/motor_princeton_p/
,Omega Harvested Metallurgical,Omega Harvested Metallurgical,Ohio Recycling Facility,Original,Winchester,OH,Battery Recycling,Recycling,Operational,,No Evidence,,,OH12,No Evidence,$0,None,https://www.ohm-inc.com/
,Phihong,Phihong,Fremont Manufacturing Facility and HQ,Original,Fremont,CA,EV Charging,Charging Units,Operational,,No Evidence,,,CA17,No Evidence,$0,None,https://www.phihong.com/ev-chargers/
,Recycling Coordinators,Recycling Coordinators,Recycling Coordinators,Original,Akron,OH,Battery Recycling,Remanufacturing,Operational,,No Evidence,,,OH13,No Evidence,$0,None,https://www.recyclingcoordinators.com/batteries
,REV Group,Collins Bus Corporation,HQ and Manufacturing Facility,Original,South Hutchinson,KS,Multiple Classes,Vehicle Assembly,Operational,,No Evidence,,,KS01,No Evidence,$0,None,https://www.collinsbus.com/
,Sensata,Sensata,White Bear Lake Facility,Original,White Bear Lake,MN,Parts,Power Electronics; Other Electrification Components,Operational,,No Evidence,,,MN04,No Evidence,$0,None,https://www.sensata.com/
,SGL Carbon,SGL Carbon,SGL Carbon LLC Morganton,Original,Morganton,NC,Minerals,Graphite,Operational,,No Evidence,,90,NC10,No Evidence,$0,None,https://www.sglcarbon.com/en/company/about-us/sites/
,SGL Carbon,SGL Carbon,SGL Carbon LLC Sinking Spring,Original,Sinking Spring,PA,Minerals,Graphite,Operational,,No Evidence,,30,PA06,No Evidence,$0,None,https://www.sglcarbon.com/en/company/about-us/sites/
,SGL Carbon,SGL Carbon,SGL Carbon LLC Valencia,Original,Valencia,CA,Minerals,Graphite,Operational,,No Evidence,,70,CA27,No Evidence,$0,None,https://www.sglcarbon.com/en/company/about-us/sites/
,Tellus Power Green,Tellus Power Green,Laguna Hills Manufacturing Facility,Original,Laguna Hills,CA,EV Charging,Charging Units,Operational,,No Evidence,,,CA47,No Evidence,$0,None,https://telluspowergreen.com/about-us/
,Warfield Electric,Warfield Electric,Frankfort Facility,Original,Frankfort,IL,Parts,EV Motors,Operational,,No Evidence,,,IL01,No Evidence,$0,None,https://www.warfieldelectric.com/aboutcontact.html
,,,,,,,,,,,,,,,,,,
No filters applied,,,,,,,,,,,,,,,,,,